{"type": "FeatureCollection", "features": [{"type": "Feature", "properties": {"code": "AUS", "name": "Australia", "tier": "country"}, "geometry": {"type": "MultiPolygon", "coordinates": [[[[96.91523594658855, -12.153129512295987], [96.91523594658855, -12.153129512295987]]], [[[96.91584356687554, -12.15539858222105], [96.91584356687554, -12.15539858222105]]], [[[96.90974689377221, -12.13100745296863], [96.90974689377221, -12.13100745296863]]], [[[96.90825995349924, -12.128574093160355], [96.90825995349924, -12.128574093160355]]], [[[96.89371594243914, -12.116470895067291], [96.89371594243914, -12.116470895067291]]], [[[96.87838590930305, -12.089070307039215], [96.87838590930305, -12.089070307039215]]], [[[96.84631130932924, -12.079590881295324], [96.84631130932924, -12.079590881295324]]], [[[96.81720796587629, -11.828194774515818], [96.81720796587629, -11.828194774515818]]], [[[105.66969765224086, -10.429407822993504], [105.63232365674958, -10.459892306863262], [105.58284166887805, -10.462635311837834], [105.55239768292257, -10.490972315014234], [105.59248070355807, -10.511826311075389], [105.63461167356905, -10.527396306915943], [105.64431370742214, -10.568637306116397], [105.6690777028147, -10.532702313487565], [105.68286568795484, -10.490187291930635], [105.70458968333175, -10.452841309602807], [105.6981466594514, -10.412441300077445], [105.66969765224086, -10.429407822993504]]], [[[113.10300787243158, -25.171810865304103], [113.11245727785236, -25.127860444462126], [113.12015672357144, -25.08523998374459], [113.11974591929733, -25.03219946352632], [113.11837548618281, -24.992149243432994], [113.10165582122899, -25.03266953475094], [113.08839621584995, -25.072319785831564], [113.09477700915961, -25.121100325625857], [113.08737824573105, -25.19204113645453], [113.06930899085798, -25.231411647859456], [113.07605952356745, -25.273231987595537], [113.08811882890923, -25.231881526588595], [113.09112817499657, -25.18789108618169], [113.10300787243158, -25.171810865304103]]], [[[96.91478356561443, -12.145916512337047], [96.91478356561443, -12.145916512337047]]], [[[96.90893195431212, -12.134681923087053], [96.90893195431212, -12.134681923087053]]], [[[96.91512206484654, -12.140441402277336], [96.91512206484654, -12.140441402277336]]], [[[96.85168638504489, -12.195171440884488], [96.85168638504489, -12.195171440884488]]], [[[96.81703561945476, -12.144150905377442], [96.8273924250046, -12.187495204108467], [96.82361098883598, -12.141656994492207], [96.81703561945476, -12.144150905377442]]], [[[96.88903231427349, -12.20094722591673], [96.92949956989642, -12.181498080471064], [96.89488027444105, -12.203945485144871], [96.88903231427349, -12.20094722591673]]], [[[132.82500665028886, -10.995190129862989], [132.82500665028886, -10.995190129862989]]], [[[133.02817564358668, -10.908394132325803], [133.02817564358668, -10.908394132325803]]], [[[132.28816759034427, -11.104110853266961], [132.28816759034427, -11.104110853266961]]], [[[132.45694580458635, -11.025711724865037], [132.45694580458635, -11.025711724865037]]], [[[133.54437591577783, -32.293986905724886], [133.58073801991338, -32.31324727657874], [133.61197018619637, -32.28282725702222], [133.6356570838096, -32.24476230726699], [133.67400502855793, -32.23248026797793], [133.63095296461512, -32.240586307144525], [133.58173702102442, -32.26843031631796], [133.54026320680418, -32.27873433554674], [133.54437591577783, -32.293986905724886]]], [[[133.50346906117878, -32.31532330504048], [133.50346906117878, -32.31532330504048]]], [[[133.2323941921416, -32.26826528950621], [133.2323941921416, -32.26826528950621]]], [[[133.59766014923832, -32.249135316519734], [133.59766014923832, -32.249135316519734]]], [[[133.24455420054275, -32.261320279691155], [133.24455420054275, -32.261320279691155]]], [[[133.3695831719716, -32.27175530214051], [133.3695831719716, -32.27175530214051]]], [[[133.27205818634366, -32.26799229025156], [133.27205818634366, -32.26799229025156]]], [[[133.24004017113344, -32.26400327962309], [133.24004017113344, -32.26400327962309]]], [[[133.2540311692067, -32.25938129985741], [133.2540311692067, -32.25938129985741]]], [[[133.22605118279057, -32.2790372894546], [133.22605118279057, -32.2790372894546]]], [[[136.50914633690383, -15.52986324109764], [136.50914633690383, -15.52986324109764]]], [[[124.88563339956026, -16.41091478428386], [124.88563339956026, -16.41091478428386]]], [[[124.93824413565217, -16.38712300314258], [124.93824413565217, -16.38712300314258]]], [[[124.95249112448349, -15.364831185989901], [124.95249112448349, -15.364831185989901]]], [[[125.00540214273023, -15.438880205512465], [125.00540214273023, -15.438880205512465]]], [[[125.05918108937196, -15.434280214499658], [125.05918108937196, -15.434280214499658]]], [[[125.16844467427852, -15.516652443102304], [125.16844467427852, -15.516652443102304]]], [[[124.99683088115906, -15.331920164946391], [124.99683088115906, -15.331920164946391]]], [[[125.13545677570599, -15.485501833475983], [125.13545677570599, -15.485501833475983]]], [[[125.15501450497105, -15.509822523293524], [125.15501450497105, -15.509822523293524]]], [[[124.94691111489487, -15.368571216119078], [124.94691111489487, -15.368571216119078]]], [[[125.13348004294963, -15.33357021248091], [125.13348004294963, -15.33357021248091]]], [[[125.0010950329889, -15.438717185590516], [125.0010950329889, -15.438717185590516]]], [[[124.93776099595814, -15.394281166463502], [124.93776099595814, -15.394281166463502]]], [[[125.16607702452984, -15.522322183182565], [125.16607702452984, -15.522322183182565]]], [[[125.0032118841017, -15.502260185981346], [125.0032118841017, -15.502260185981346]]], [[[132.99068561232335, -11.078717133063053], [132.99068561232335, -11.078717133063053]]], [[[132.85437965810164, -11.060483130814916], [132.85437965810164, -11.060483130814916]]], [[[132.82900464002492, -11.001953119975772], [132.82900464002492, -11.001953119975772]]], [[[125.0228711094244, -15.323470134410993], [124.99320103185579, -15.35633013517847], [125.03156117927044, -15.342530174381137], [125.0228711094244, -15.323470134410993]]], [[[128.26411584431003, -15.316085137727653], [128.26411584431003, -15.316085137727653]]], [[[128.25095682499546, -15.293411137622476], [128.25095682499546, -15.293411137622476]]], [[[128.2715798437726, -15.296341147554646], [128.2715798437726, -15.296341147554646]]], [[[125.0437309680624, -15.318050153993317], [125.0437309680624, -15.318050153993317]]], [[[125.00799987814922, -15.21213016392971], [125.00799987814922, -15.21213016392971]]], [[[128.2711668437336, -15.282235137455583], [128.2711668437336, -15.282235137455583]]], [[[125.01099113013238, -15.323060194626018], [125.01099113013238, -15.323060194626018]]], [[[124.8894209064113, -15.270791166536702], [124.8894209064113, -15.270791166536702]]], [[[128.0928518641705, -15.236842127960932], [128.0928518641705, -15.236842127960932]]], [[[128.10274384376018, -15.2708251281536], [128.10274384376018, -15.2708251281536]]], [[[128.28406484311202, -15.316025147642518], [128.28406484311202, -15.316025147642518]]], [[[124.91933116398428, -15.239070215759106], [124.91933116398428, -15.239070215759106]]], [[[128.23764385564317, -15.261299127451338], [128.23764385564317, -15.261299127451338]]], [[[124.87175804763913, -15.279114166927265], [124.87175804763913, -15.279114166927265]]], [[[125.01869006743277, -15.208140173706367], [125.01869006743277, -15.208140173706367]]], [[[125.0222709793727, -15.318950164391374], [125.0222709793727, -15.318950164391374]]], [[[125.02056999740154, -15.212310153700159], [125.02056999740154, -15.212310153700159]]], [[[136.14552890516958, -34.99811546941066], [136.15342002203224, -35.03821023990338], [136.1957224841608, -35.05990576136791], [136.19445820642176, -35.01585497105868], [136.1577756733988, -34.993550369767114], [136.12924592970927, -34.95689977864846], [136.0919365165654, -34.93892928737412], [136.11189233158788, -34.977012848229194], [136.14552890516958, -34.99811546941066]]], [[[134.45107406345144, -33.76257095486407], [134.49609045705995, -33.74579822584851], [134.53081133239803, -33.72538855656751], [134.5291202140599, -33.68529343627897], [134.4834044508193, -33.69399924522193], [134.46785563185963, -33.733419655089065], [134.45107406345144, -33.76257095486407]]], [[[136.45222107840345, -35.14580196013275], [136.48586064146303, -35.17598178141878], [136.46199190695452, -35.14290491043444], [136.45222107840345, -35.14580196013275]]], [[[135.9212067442573, -34.71286990073724], [135.91788181656844, -34.67292244039089], [135.9212067442573, -34.71286990073724]]], [[[133.28703134741554, -32.523304302126625], [133.28703134741554, -32.523304302126625]]], [[[133.78851594812184, -32.359428341166534], [133.83928492009417, -32.378947272367476], [133.79579693719555, -32.35459130129014], [133.78851594812184, -32.359428341166534]]], [[[136.33880161031428, -34.650886213414225], [136.33880161031428, -34.650886213414225]]], [[[136.28566828474922, -34.5233609209234], [136.28566828474922, -34.5233609209234]]], [[[134.80883372373648, -33.60702114278363], [134.80883372373648, -33.60702114278363]]], [[[136.00145131391682, -34.878617374205874], [136.00145131391682, -34.878617374205874]]], [[[133.64844104602162, -32.45252929883135], [133.64844104602162, -32.45252929883135]]], [[[134.26875596492, -33.96528233178892], [134.26875596492, -33.96528233178892]]], [[[133.6699690432493, -32.438614299187485], [133.6699690432493, -32.438614299187485]]], [[[135.95246672468147, -34.591308380941726], [135.95246672468147, -34.591308380941726]]], [[[136.05552753885607, -35.235294218050534], [136.05552753885607, -35.235294218050534]]], [[[135.9758002814377, -35.024974904312984], [135.9758002814377, -35.024974904312984]]], [[[133.28026224724627, -32.56753929227293], [133.28026224724627, -32.56753929227293]]], [[[134.6662961496177, -33.21397408673778], [134.6662961496177, -33.21397408673778]]], [[[136.05137213168723, -34.970272996306576], [136.05137213168723, -34.970272996306576]]], [[[135.6177495408794, -34.99334726342141], [135.6177495408794, -34.99334726342141]]], [[[133.47589809346792, -32.37909026489195], [133.47589809346792, -32.37909026489195]]], [[[133.3683711588099, -32.39622933289469], [133.3683711588099, -32.39622933289469]]], [[[134.27587215642922, -32.675349403961306], [134.27587215642922, -32.675349403961306]]], [[[136.30656835812908, -34.593915462027994], [136.30656835812908, -34.593915462027994]]], [[[133.28557729612973, -32.579961272451044], [133.28557729612973, -32.579961272451044]]], [[[136.0315071277038, -34.90870161531588], [136.0315071277038, -34.90870161531588]]], [[[134.24157799769898, -34.009194321425305], [134.24157799769898, -34.009194321425305]]], [[[136.4638627878272, -35.118625900347055], [136.4638627878272, -35.118625900347055]]], [[[133.83130300187418, -32.358402342068146], [133.83130300187418, -32.358402342068146]]], [[[136.2786852085015, -34.68106730167512], [136.2786852085015, -34.68106730167512]]], [[[135.15859352590533, -34.72933690889776], [135.15859352590533, -34.72933690889776]]], [[[136.1127312754637, -35.322356330359405], [136.1127312754637, -35.322356330359405]]], [[[136.11504529435896, -35.33794161052628], [136.11504529435896, -35.33794161052628]]], [[[135.86851468976405, -34.779172639548364], [135.86851468976405, -34.779172639548364]]], [[[136.25131072005806, -34.5265910598492], [136.25131072005806, -34.5265910598492]]], [[[136.28827857165984, -34.58069760136146], [136.28827857165984, -34.58069760136146]]], [[[135.2835196466546, -34.70929299220066], [135.2835196466546, -34.70929299220066]]], [[[136.18391771510804, -34.64951639847645], [136.18391771510804, -34.64951639847645]]], [[[136.20913549560802, -34.55156429866728], [136.20913549560802, -34.55156429866728]]], [[[133.33385617129366, -32.49334329283473], [133.33385617129366, -32.49334329283473]]], [[[134.76159773138448, -33.596545541515226], [134.76159773138448, -33.596545541515226]]], [[[135.04674999291456, -34.75384563603648], [135.04674999291456, -34.75384563603648]]], [[[135.87303867178574, -34.94234438068268], [135.87303867178574, -34.94234438068268]]], [[[133.31446011462685, -32.47572129235341], [133.31446011462685, -32.47572129235341]]], [[[135.0298208950261, -34.76949330568038], [135.0298208950261, -34.76949330568038]]], [[[136.2486082672221, -34.59694371019831], [136.2486082672221, -34.59694371019831]]], [[[135.32551333012677, -34.704149053335435], [135.32551333012677, -34.704149053335435]]], [[[136.27943502738103, -34.488087120506094], [136.27943502738103, -34.488087120506094]]], [[[133.249580163289, -32.510512321338375], [133.249580163289, -32.510512321338375]]], [[[136.02750047503648, -34.98152151563748], [136.02750047503648, -34.98152151563748]]], [[[135.0304058743508, -34.784362385786125], [135.0304058743508, -34.784362385786125]]], [[[133.76804310103603, -32.36250527075412], [133.76804310103603, -32.36250527075412]]], [[[135.87119068224382, -34.93876636060504], [135.87119068224382, -34.93876636060504]]], [[[134.28251417035136, -33.73933621072511], [134.28251417035136, -33.73933621072511]]], [[[136.07753922565848, -35.226643508681235], [136.07753922565848, -35.226643508681235]]], [[[134.61135828025553, -33.716472188491935], [134.61135828025553, -33.716472188491935]]], [[[135.98646551865406, -34.60484531206491], [135.98646551865406, -34.60484531206491]]], [[[134.60040961117178, -33.16899347482312], [134.60040961117178, -33.16899347482312]]], [[[134.2648079750761, -33.97901532178087], [134.2648079750761, -33.97901532178087]]], [[[134.28166951227985, -33.081853286638164], [134.28166951227985, -33.081853286638164]]], [[[133.96570221103727, -32.722737267255745], [133.96570221103727, -32.722737267255745]]], [[[136.257479768246, -34.544502940156114], [136.257479768246, -34.544502940156114]]], [[[136.36579963613354, -34.648155924267], [136.36579963613354, -34.648155924267]]], [[[134.62364835723227, -33.18110033547284], [134.62364835723227, -33.18110033547284]]], [[[134.25825297594577, -33.98364332165658], [134.25825297594577, -33.98364332165658]]], [[[134.36417642630389, -33.187472989232205], [134.36417642630389, -33.187472989232205]]], [[[133.13133711724382, -32.64817829999327], [133.13133711724382, -32.64817829999327]]], [[[133.30767804532536, -32.48709928229468], [133.30767804532536, -32.48709928229468]]], [[[136.03131932551182, -34.95752440560871], [136.03131932551182, -34.95752440560871]]], [[[133.69045196026136, -32.43764624960492], [133.69045196026136, -32.43764624960492]]], [[[133.34729820968835, -32.479183313005066], [133.34729820968835, -32.479183313005066]]], [[[136.24985664091412, -34.513112139719595], [136.24985664091412, -34.513112139719595]]], [[[135.956314147348, -34.74155217198276], [135.956314147348, -34.74155217198276]]], [[[134.2764891156592, -32.69622740410671], [134.2764891156592, -32.69622740410671]]], [[[135.85536373650964, -34.90031087989293], [135.85536373650964, -34.90031087989293]]], [[[133.84133225026136, -32.3631733423121], [133.84133225026136, -32.3631733423121]]], [[[135.258462498787, -34.258636638750154], [135.258462498787, -34.258636638750154]]], [[[136.31800347340354, -34.655804122776765], [136.31800347340354, -34.655804122776765]]], [[[136.00763313383442, -34.85843337427238], [136.00763313383442, -34.85843337427238]]], [[[135.8647306926294, -34.95357036050043], [135.8647306926294, -34.95357036050043]]], [[[135.2095947943929, -34.5625968692717], [135.2095947943929, -34.5625968692717]]], [[[134.6124896188553, -33.18298641520862], [134.6124896188553, -33.18298641520862]]], [[[136.235575500824, -34.56404241958135], [136.235575500824, -34.56404241958135]]], [[[136.29132548172478, -34.56891833138595], [136.29132548172478, -34.56891833138595]]], [[[133.26274823147997, -32.5053033015545], [133.26274823147997, -32.5053033015545]]], [[[133.34841818253375, -32.36672031232549], [133.34841818253375, -32.36672031232549]]], [[[135.08121890737146, -34.75383390695847], [135.08121890737146, -34.75383390695847]]], [[[133.76018611221613, -32.361579340583106], [133.76018611221613, -32.361579340583106]]], [[[136.4813485817402, -35.18538739132828], [136.4813485817402, -35.18538739132828]]], [[[136.49244656009463, -35.18205639167213], [136.49244656009463, -35.18205639167213]]], [[[135.9557151470827, -34.749614282013944], [135.9557151470827, -34.749614282013944]]], [[[135.433710926239, -34.620578315863874], [135.433710926239, -34.620578315863874]]], [[[133.8493051986579, -32.3777692625742], [133.8493051986579, -32.3777692625742]]], [[[136.00958632187127, -34.89481410455523], [136.00958632187127, -34.89481410455523]]], [[[136.1970836235368, -34.63801538882056], [136.1970836235368, -34.63801538882056]]], [[[134.69727260488202, -33.21514986751973], [134.69727260488202, -33.21514986751973]]], [[[135.84723383831937, -34.889086389579624], [135.84723383831937, -34.889086389579624]]], [[[135.68495165198053, -34.94741538510839], [135.68495165198053, -34.94741538510839]]], [[[133.3077932443738, -32.522250292515565], [133.3077932443738, -32.522250292515565]]], [[[134.62394624802855, -33.7243800788526], [134.62394624802855, -33.7243800788526]]], [[[136.02575063673913, -34.95034041539293], [136.02575063673913, -34.95034041539293]]], [[[128.12743711169168, -15.156989767219402], [128.19581675781487, -15.193749567157159], [128.19846610743892, -15.148879276824399], [128.17130601883875, -15.10678931665005], [128.15440582963302, -15.06651930644267], [128.12524627150162, -15.095509566791268], [128.11943693209176, -15.142739767157037], [128.12743711169168, -15.156989767219402]]], [[[125.17750907498974, -15.050239139774654], [125.17064893615212, -15.090649130170773], [125.20641889439112, -15.109829139670989], [125.23087911221712, -15.070639158976485], [125.19132914442282, -15.063569129621508], [125.17750907498974, -15.050239139774654]]], [[[124.91104000013804, -15.021260134441018], [124.93973020900177, -15.049200184091909], [124.95830008707173, -15.006890203458685], [124.94057006738085, -14.969820173538386], [124.92391898759293, -14.931340143589738], [124.9124299591116, -14.973850204093779], [124.88055987156146, -15.00275117489161], [124.91425013913324, -14.980300154103208], [124.91104000013804, -15.021260134441018]]], [[[135.68959077426737, -14.90613164192212], [135.72829029242664, -14.893771502902142], [135.76847982053286, -14.880501343923193], [135.74751014302717, -14.836541642986537], [135.70953057472624, -14.85195179204776], [135.7003906440212, -14.893571642122867], [135.68959077426737, -14.90613164192212]]], [[[125.24909687290273, -14.622388135602929], [125.21169686541057, -14.64255812639488], [125.25227716324784, -14.651078155743466], [125.24909687290273, -14.622388135602929]]], [[[129.69307947962523, -14.806373732291378], [129.69307947962523, -14.806373732291378]]], [[[124.96425987821344, -15.082680183861358], [124.97677996664453, -15.040500153343078], [124.96425987821344, -15.082680183861358]]], [[[128.4452333918634, -14.89511787400129], [128.4452333918634, -14.89511787400129]]], [[[128.30335519947118, -14.751135373516236], [128.30335519947118, -14.751135373516236]]], [[[128.1893248282529, -15.204327137262652], [128.15688484005665, -15.179093137234839], [128.18887985831805, -15.212203147320965], [128.1893248282529, -15.204327137262652]]], [[[125.22937301091046, -14.995100168488428], [125.22937301091046, -14.995100168488428]]], [[[124.94225019930015, -15.071790184197809], [124.94225019930015, -15.071790184197809]]], [[[125.27618615072868, -14.587938214897406], [125.27618615072868, -14.587938214897406]]], [[[125.24773898166195, -15.094629198846414], [125.24773898166195, -15.094629198846414]]], [[[125.19528103197892, -14.944924168744457], [125.19528103197892, -14.944924168744457]]], [[[128.10315987321192, -15.172075127447243], [128.10315987321192, -15.172075127447243]]], [[[125.44990812048603, -15.140088115734798], [125.44990812048603, -15.140088115734798]]], [[[125.02729909885771, -14.79260919072887], [125.02729909885771, -14.79260919072887]]], [[[125.42134610204218, -14.563607152264801], [125.42134610204218, -14.563607152264801]]], [[[125.35440806406919, -15.023318156532278], [125.35440806406919, -15.023318156532278]]], [[[125.35047603528216, -15.078077176972393], [125.35047603528216, -15.078077176972393]]], [[[125.18146804106756, -14.852899188361533], [125.18146804106756, -14.852899188361533]]], [[[125.42837508125912, -14.541727171997755], [125.42837508125912, -14.541727171997755]]], [[[128.43285358250307, -14.874287543895958], [128.43285358250307, -14.874287543895958]]], [[[125.44208602094847, -14.56840713195275], [125.44208602094847, -14.56840713195275]]], [[[129.21154825743466, -15.151189824410892], [129.21154825743466, -15.151189824410892]]], [[[125.14015804181214, -14.765158168498251], [125.14015804181214, -14.765158168498251]]], [[[125.17100601329624, -14.939401179135592], [125.17100601329624, -14.939401179135592]]], [[[125.33473799669876, -15.105079207423374], [125.33473799669876, -15.105079207423374]]], [[[125.12676002250974, -14.761163168710835], [125.12676002250974, -14.761163168710835]]], [[[124.88061999042633, -14.94636016450873], [124.88061999042633, -14.94636016450873]]], [[[135.7803293932716, -15.101470006006132], [135.7803293932716, -15.101470006006132]]], [[[125.13512702030522, -14.670019197940249], [125.13512702030522, -14.670019197940249]]], [[[124.97130110000913, -15.195190174492645], [124.97130110000913, -15.195190174492645]]], [[[125.1428781624637, -14.80802915874156], [125.1428781624637, -14.80802915874156]]], [[[124.92454901693695, -14.900170173366648], [124.92454901693695, -14.900170173366648]]], [[[125.30215692042738, -14.652838194893098], [125.30215692042738, -14.652838194893098]]], [[[125.37298802482341, -15.12702821692652], [125.37298802482341, -15.12702821692652]]], [[[124.97639007958304, -15.188960194356131], [124.97639007958304, -15.188960194356131]]], [[[125.40668616250913, -14.542897162367886], [125.40668616250913, -14.542897162367886]]], [[[125.321065927604, -14.556268193908691], [125.321065927604, -14.556268193908691]]], [[[125.44476805070097, -15.13491814578428], [125.44476805070097, -15.13491814578428]]], [[[124.90357899839474, -14.911920213841096], [124.90357899839474, -14.911920213841096]]], [[[125.929883124386, -14.643086144892186], [125.929883124386, -14.643086144892186]]], [[[125.27223696205823, -14.648438185379051], [125.27223696205823, -14.648438185379051]]], [[[125.22826800945487, -14.912809127947158], [125.22826800945487, -14.912809127947158]]], [[[125.1785620231618, -14.955848179113813], [125.1785620231618, -14.955848179113813]]], [[[125.30272789802245, -15.073489197754046], [125.30272789802245, -15.073489197754046]]], [[[125.65519198969928, -14.620150168872055], [125.65519198969928, -14.620150168872055]]], [[[125.16133401842097, -14.649602177333428], [125.16133401842097, -14.649602177333428]]], [[[125.65558402947852, -14.608135188783292], [125.65558402947852, -14.608135188783292]]], [[[125.422128012145, -15.140568176197702], [125.422128012145, -15.140568176197702]]], [[[129.5700172962016, -15.166925314730458], [129.5700172962016, -15.166925314730458]]], [[[125.02929892913387, -14.812829140829555], [125.02929892913387, -14.812829140829555]]], [[[124.88693908905019, -14.896140154048846], [124.88693908905019, -14.896140154048846]]], [[[125.43584616120977, -14.563087142019876], [125.43584616120977, -14.563087142019876]]], [[[125.09348691210931, -14.639569148482089], [125.09348691210931, -14.639569148482089]]], [[[125.20647685625983, -14.67223814668913], [125.20647685625983, -14.67223814668913]]], [[[125.27849591006841, -14.558928134659217], [125.27849591006841, -14.558928134659217]]], [[[128.1127608617593, -15.004492136203057], [128.1127608617593, -15.004492136203057]]], [[[129.1578791706307, -15.192927754730734], [129.1578791706307, -15.192927754730734]]], [[[125.17407201121577, -14.837859178389985], [125.17407201121577, -14.837859178389985]]], [[[125.10461915850358, -15.008889180793355], [125.10461915850358, -15.008889180793355]]], [[[125.1999010199444, -14.850102178017332], [125.1999010199444, -14.850102178017332]]], [[[128.7742468224779, -14.772002132177777], [128.7742468224779, -14.772002132177777]]], [[[125.39667600327965, -14.554377122614323], [125.39667600327965, -14.554377122614323]]], [[[125.03936019547062, -15.170560143073434], [125.03936019547062, -15.170560143073434]]], [[[125.13270711034764, -14.664929167948896], [125.13270711034764, -14.664929167948896]]], [[[125.1891471674112, -14.680748177052685], [125.1891471674112, -14.680748177052685]]], [[[125.24105702318222, -14.612648165676582], [125.24105702318222, -14.612648165676582]]], [[[125.44884399098721, -14.592618152006686], [125.44884399098721, -14.592618152006686]]], [[[125.0227289025655, -14.969990192017276], [125.0227289025655, -14.969990192017276]]], [[[125.0741070223169, -14.592619198513766], [125.0741070223169, -14.592619198513766]]], [[[125.44282803092312, -15.141028165858039], [125.44282803092312, -15.141028165858039]]], [[[129.2349476760459, -15.117164464160242], [129.2349476760459, -15.117164464160242]]], [[[129.2356877160031, -15.125306014219277], [129.2356877160031, -15.125306014219277]]], [[[124.9387700695776, -15.075410164287376], [124.9387700695776, -15.075410164287376]]], [[[125.42518582241516, -14.597257162431323], [125.42518582241516, -14.597257162431323]]], [[[124.97811805018303, -14.715130181110576], [124.97811805018303, -14.715130181110576]]], [[[125.20768789077242, -14.919059188350182], [125.20768789077242, -14.919059188350182]]], [[[125.2610589607231, -15.08643921855973], [125.2610589607231, -15.08643921855973]]], [[[125.31569615809997, -14.566858124073066], [125.31569615809997, -14.566858124073066]]], [[[125.08943691216753, -14.630499208493614], [125.08943691216753, -14.630499208493614]]], [[[125.25221700243895, -14.606818125442297], [125.25221700243895, -14.606818125442297]]], [[[125.25653916100947, -15.087469168645013], [125.25653916100947, -15.087469168645013]]], [[[129.19949847814965, -15.157629384460392], [129.19949847814965, -15.157629384460392]]], [[[124.88993894893429, -14.899090184012014], [124.88993894893429, -14.899090184012014]]], [[[125.14251889456341, -14.918229209497936], [125.14251889456341, -14.918229209497936]]], [[[125.22632690347862, -14.583228145733266], [125.22632690347862, -14.583228145733266]]], [[[125.25065783775307, -14.891329207410678], [125.25065783775307, -14.891329207410678]]], [[[125.14669000165591, -14.776873168461407], [125.14669000165591, -14.776873168461407]]], [[[124.92958391959921, -14.54493117086156], [124.92958391959921, -14.54493117086156]]], [[[125.20440902216819, -14.983849208848936], [125.20440902216819, -14.983849208848936]]], [[[125.169908051512, -14.840769188483595], [125.169908051512, -14.840769188483595]]], [[[125.16010886436044, -14.962109149483384], [125.16010886436044, -14.962109149483384]]], [[[128.6351137903358, -14.722778152162535], [128.6351137903358, -14.722778152162535]]], [[[125.09248717136677, -14.597659208214784], [125.09248717136677, -14.597659208214784]]], [[[125.2832480383762, -15.029730167790342], [125.2832480383762, -15.029730167790342]]], [[[125.28131502837942, -15.023662167782273], [125.28131502837942, -15.023662167782273]]], [[[124.93588392911744, -14.538641160700449], [124.93588392911744, -14.538641160700449]]], [[[125.421206012195, -14.571847182323589], [125.421206012195, -14.571847182323589]]], [[[125.20178711672955, -14.683058126845477], [125.20178711672955, -14.683058126845477]]], [[[125.46398484914656, -14.536307191370465], [125.46398484914656, -14.536307191370465]]], [[[125.21671303065945, -14.941412168344145], [125.21671303065945, -14.941412168344145]]], [[[125.22693707438022, -14.633928126068655], [125.22693707438022, -14.633928126068655]]], [[[125.24784587144327, -14.539058125055604], [125.24784587144327, -14.539058125055604]]], [[[125.09759918853824, -14.989059210785028], [125.09759918853824, -14.989059210785028]]], [[[125.29496807817777, -15.056799147773345], [125.29496807817777, -15.056799147773345]]], [[[135.50203243128513, -14.684080205034814], [135.50203243128513, -14.684080205034814]]], [[[125.21085805972764, -14.872729177978929], [125.21085805972764, -14.872729177978929]]], [[[125.19304707739812, -14.692048127060872], [125.19304707739812, -14.692048127060872]]], [[[124.90922989193015, -15.10578021504724], [124.90922989193015, -15.10578021504724]]], [[[125.18096796055467, -14.82389912817285], [125.18096796055467, -14.82389912817285]]], [[[125.17415786042447, -14.795849188102324], [125.17415786042447, -14.795849188102324]]], [[[125.06527803381412, -14.644409149026899], [125.06527803381412, -14.644409149026899]]], [[[125.25009914037162, -15.03203914837921], [125.25009914037162, -15.03203914837921]]], [[[125.18234101306841, -14.962697179093645], [125.18234101306841, -14.962697179093645]]], [[[125.27376803820913, -14.990019177683132], [125.27376803820913, -14.990019177683132]]], [[[125.21194707483328, -14.612188156183251], [125.21194707483328, -14.612188156183251]]], [[[124.90781908836611, -14.9229002238355], [124.90781908836611, -14.9229002238355]]], [[[125.1679071576433, -14.628158217070386], [125.1679071576433, -14.628158217070386]]], [[[125.1831881005438, -14.830209198176577], [125.1831881005438, -14.830209198176577]]], [[[125.2552770231469, -14.654928175717577], [125.2552770231469, -14.654928175717577]]], [[[125.41404599244031, -14.562677182380293], [125.41404599244031, -14.562677182380293]]], [[[125.23036300095819, -15.000833168510196], [125.23036300095819, -15.000833168510196]]], [[[125.36876591527208, -14.577317123241482], [125.36876591527208, -14.577317123241482]]], [[[125.34194901582296, -15.080112177130724], [125.34194901582296, -15.080112177130724]]], [[[124.93180911675161, -14.912180133311805], [124.93180911675161, -14.912180133311805]]], [[[125.18016806073356, -14.830989138235292], [125.18016806073356, -14.830989138235292]]], [[[125.27594803798743, -14.984889157610546], [125.27594803798743, -14.984889157610546]]], [[[125.14947915422337, -14.921759189397893], [125.14947915422337, -14.921759189397893]]], [[[124.94046998921316, -15.062080174165315], [124.94046998921316, -15.062080174165315]]], [[[129.23157785624628, -15.128326604241668], [129.23157785624628, -15.128326604241668]]], [[[124.9375990064902, -14.91605013322955], [124.9375990064902, -14.91605013322955]]], [[[125.42200594219314, -14.574327152327239], [125.42200594219314, -14.574327152327239]]], [[[125.3509981260557, -15.122959137269664], [125.3509981260557, -15.122959137269664]]], [[[125.18628801016474, -14.819533168049087], [125.18628801016474, -14.819533168049087]]], [[[129.1850188890176, -15.188808324690706], [129.1850188890176, -15.188808324690706]]], [[[125.15272812144386, -14.78413920840326], [125.15272812144386, -14.78413920840326]]], [[[125.31488794394438, -14.887718136278915], [125.31488794394438, -14.887718136278915]]], [[[125.14534202163266, -14.771508168448925], [125.14534202163266, -14.771508168448925]]], [[[125.20410804018647, -14.876279218121667], [125.20410804018647, -14.876279218121667]]], [[[125.33064802597812, -15.051624177128383], [125.33064802597812, -15.051624177128383]]], [[[125.28229786788302, -14.999609187601406], [125.28229786788302, -14.999609187601406]]], [[[125.01803915930255, -14.787939180867275], [125.01803915930255, -14.787939180867275]]], [[[125.14369788188185, -14.779689138533971], [125.14369788188185, -14.779689138533971]]], [[[125.21352818087227, -14.942839158409674], [125.21352818087227, -14.942839158409674]]], [[[125.13617715777202, -14.539039147028776], [125.13617715777202, -14.539039147028776]]], [[[125.1668768776532, -14.625548117070892], [125.1668768776532, -14.625548117070892]]], [[[125.24972701953455, -14.98530816806733], [125.24972701953455, -14.98530816806733]]], [[[125.15077800148822, -14.78050913841328], [125.15077800148822, -14.78050913841328]]], [[[125.47161718682705, -15.003688084445535], [125.47161718682705, -15.003688084445535]]], [[[125.26070800879064, -14.979899177840014], [125.26070800879064, -14.979899177840014]]], [[[125.1253890087042, -15.083939180930598], [125.1253890087042, -15.083939180930598]]], [[[124.92846903683211, -14.90641015333535], [124.92846903683211, -14.90641015333535]]], [[[125.24244698420817, -14.6727181960624], [125.24244698420817, -14.6727181960624]]], [[[125.13298900513425, -14.918979179673242], [125.13298900513425, -14.918979179673242]]], [[[125.27375795702915, -14.925399157242785], [125.27375795702915, -14.925399157242785]]], [[[124.88572010171647, -15.025620194948614], [124.88572010171647, -15.025620194948614]]], [[[125.19705891517181, -15.12194914991779], [125.19705891517181, -15.12194914991779]]], [[[124.93159309936918, -14.539071190783984], [124.93159309936918, -14.539071190783984]]], [[[125.17967903084156, -14.835250178272966], [125.17967903084156, -14.835250178272966]]], [[[125.4152159922964, -14.558277182330597], [125.4152159922964, -14.558277182330597]]], [[[125.27685502190542, -14.654535155340797], [125.27685502190542, -14.654535155340797]]], [[[130.6606817047394, -11.403378110598892], [130.65789672509996, -11.361525110266893], [130.61952171656188, -11.387341110247903], [130.581664728071, -11.40219211015509], [130.554839739416, -11.361816119709019], [130.5861967482424, -11.33626310968166], [130.60346872772183, -11.300098099501518], [130.5659477194317, -11.272634109094069], [130.5161446014606, -11.280048998893935], [130.47293071343407, -11.244234108410415], [130.44477874478804, -11.205260107982037], [130.41304075623594, -11.175521117610447], [130.37306274790592, -11.169523097385817], [130.36869872785098, -11.221567117758552], [130.3704387175838, -11.264849108092058], [130.40307672608, -11.296920118479516], [130.38917672643922, -11.34456110877542], [130.40794655547768, -11.382049679142723], [130.4198927547918, -11.420740119489004], [130.42990273416456, -11.463383119856646], [130.4324197338646, -11.503459110170128], [130.46013075253038, -11.534784110537766], [130.49351573094356, -11.566473110939748], [130.4767467213889, -11.620623111264782], [130.50003175016914, -11.66276011169735], [130.54196272830401, -11.672428101983876], [130.57183972685232, -11.701340112358714], [130.61690141477945, -11.721862012757635], [130.65475038294505, -11.753971053211837], [130.6838237314655, -11.789168123644568], [130.7252507195674, -11.802751113991777], [130.76140779783563, -11.825828334385756], [130.80189716593082, -11.845047644783811], [130.8440265640504, -11.848857095083323], [130.88738973195527, -11.87568611557296], [130.92158472026833, -11.900736105994445], [130.94630371890074, -11.938800116453415], [130.98747169721267, -11.91968512659931], [131.01853768608458, -11.88647510657182], [131.0599036844365, -11.863102116699396], [131.08814771341815, -11.834100106691702], [131.1271186918292, -11.818627116872747], [131.17289370001396, -11.795072117052774], [131.2208517082303, -11.75755811715329], [131.25643467688354, -11.73368310726416], [131.30057869512584, -11.715231117494069], [131.3325906840272, -11.682548107518956], [131.35877469330688, -11.636736117397026], [131.37549767293763, -11.598049117248667], [131.41881668098813, -11.608154117710884], [131.4601686992067, -11.608997128092597], [131.46524868938826, -11.566720107816478], [131.46144868004708, -11.514028117379317], [131.4907306891597, -11.4767321173645], [131.53173069751946, -11.467100127675147], [131.53313467785566, -11.426437127377554], [131.50778969927256, -11.389925116860022], [131.46559869107742, -11.386017126439594], [131.45435370195162, -11.342955116007824], [131.42984771333664, -11.30368810548588], [131.42713171383988, -11.261366115138133], [131.39615667481277, -11.295233105120513], [131.37017068619622, -11.26123010463231], [131.32865270795642, -11.256299114235633], [131.30681668919976, -11.217050103750397], [131.27628371068985, -11.189739113285865], [131.24707871164364, -11.218862113266635], [131.20827669314352, -11.230756113042345], [131.1977848432582, -11.269540323253707], [131.21924772204616, -11.308487113722897], [131.1876044431464, -11.334888803670124], [131.17063486415537, -11.29763984325225], [131.15715968504378, -11.25667211283469], [131.11608372672595, -11.258811122533677], [131.08852669755578, -11.29902712263071], [131.04047670940562, -11.318614112423191], [131.0325467193723, -11.367234102734653], [130.99084073120764, -11.355016112341872], [130.92644973415867, -11.318176121614107], [130.88473271584203, -11.32621011139432], [130.8505987171, -11.351049121358448], [130.80688270884747, -11.363524111173186], [130.7636227305871, -11.37501411099144], [130.71206571270056, -11.383074120742698], [130.69665373308675, -11.426610110981429], [130.73710573134144, -11.432990111269191], [130.7649527099778, -11.462916101664602], [130.79079857868004, -11.4946510820647], [130.7519057204363, -11.477919101698408], [130.71093673210805, -11.48868510153439], [130.70164372278907, -11.441108121120172], [130.66467174452757, -11.410900120678402], [130.6606817047394, -11.403378110598892]]], [[[130.61509131478064, -11.735521952850645], [130.58488208624436, -11.708872642485257], [130.54536572805333, -11.691720112146898], [130.49205171046114, -11.673162111735861], [130.46524272184246, -11.629027101271957], [130.46463175213262, -11.576096110870548], [130.42906374379007, -11.548608100494208], [130.38746874568506, -11.523422110113646], [130.37796173627427, -11.48332411976944], [130.4037637353436, -11.448158119621228], [130.3851487363099, -11.409351109245], [130.36200072744188, -11.374524098880448], [130.3448957283695, -11.327081108449338], [130.30563574997117, -11.336154098352244], [130.2639337316921, -11.341869098226876], [130.2465047322234, -11.39168010853292], [130.21229875356252, -11.417820108599113], [130.17657934497385, -11.443921748664449], [130.1516607559158, -11.475463118813162], [130.1942627540357, -11.49444211910746], [130.2353527422668, -11.499776109301555], [130.26105775101558, -11.53847311969224], [130.2253127526795, -11.50350811929124], [130.19281374396027, -11.530905099375682], [130.18672576406402, -11.572703109666953], [130.19719275344917, -11.616494110033653], [130.22983174194076, -11.642451110350992], [130.25546573070426, -11.674293110689542], [130.29389873895053, -11.69515311100096], [130.2496795008601, -11.697799650843132], [130.22048074223696, -11.670052110522368], [130.22395674192222, -11.71190710084945], [130.21457274251554, -11.66421610045627], [130.17271874424836, -11.6857101004635], [130.1259047562183, -11.703421120432942], [130.09398375769325, -11.677395110132261], [130.07196574850036, -11.72294211040267], [130.07355272829471, -11.764846110721173], [130.03345376007763, -11.755744110529674], [130.0239457703646, -11.798098100818022], [130.05945372873572, -11.819820121088071], [130.11311873635202, -11.826242121309289], [130.1599477543264, -11.816344121396519], [130.2029617224759, -11.80564011147286], [130.24298474077617, -11.791146121517011], [130.29573475851828, -11.778108111631129], [130.3460577463162, -11.777757111841874], [130.3866757444423, -11.79823911217601], [130.44415572182865, -11.81693911258404], [130.49949873933096, -11.829616112950571], [130.5460837173364, -11.819404113112283], [130.59049111535023, -11.82562187339529], [130.62153772415337, -11.79620111334374], [130.64077661351794, -11.7603492431809], [130.61509131478064, -11.735521952850645]]], [[[132.58566465771892, -11.14429812755013], [132.6040306575181, -11.106473127514208], [132.58729164889397, -11.057817126901426], [132.5796016398584, -11.012049126438502], [132.59487564984812, -10.970153136326724], [132.55724766101687, -10.99354412598389], [132.554867640493, -11.037166126289597], [132.51388267190617, -11.053860125854987], [132.4678626640506, -11.032768125066601], [132.48541066270795, -11.078674135659767], [132.50878664129456, -11.11220412623793], [132.49398666129193, -11.155405126371202], [132.5013406403745, -11.199593136813949], [132.5277996388106, -11.233705137440841], [132.545392637492, -11.275700138009208], [132.55866764635127, -11.31728411851577], [132.58700365468772, -11.351291139175125], [132.60012566487873, -11.300334128964158], [132.61581164507837, -11.241892128731857], [132.603298646165, -11.202270118247728], [132.58025163768212, -11.162220137613543], [132.58566465771892, -11.14429812755013]]], [[[135.56041451279498, -12.036407195515054], [135.60594549088165, -12.033009196719311], [135.6448705095716, -12.018600187663543], [135.6921874978033, -12.007526198871751], [135.7358885160405, -12.001989190033825], [135.76843450543473, -11.973309200707092], [135.80578849438646, -11.952967211586392], [135.83668650420566, -11.912665202129148], [135.85817048426063, -11.878648192460519], [135.9008344931774, -11.85247019345743], [135.92102151354095, -11.810358203692127], [135.91024849522267, -11.768780213050286], [135.8697214970321, -11.766296191881459], [135.88931348509652, -11.803829202738488], [135.86460948506573, -11.841407192342299], [135.81948949614946, -11.871332201313272], [135.782182486668, -11.909522200577062], [135.73361448792903, -11.939375199467419], [135.67734149056614, -11.933004207864961], [135.64277950094584, -11.973083197240909], [135.59463950356374, -11.95489919578574], [135.5733385034487, -11.992488195511324], [135.5636439627762, -12.031961385566447], [135.56041451279498, -12.036407195515054]]], [[[136.19201434077146, -13.789152177498591], [136.2111533986678, -13.824643218354616], [136.24571940605117, -13.850670229599825], [136.2600764266724, -13.80727221968416], [136.2742064174244, -13.760264219733392], [136.29392043756638, -13.723609230035233], [136.26518840003234, -13.692349228916772], [136.2255914229822, -13.66315122749271], [136.18311242478018, -13.675345226321465], [136.1809304235587, -13.718157216599526], [136.1442944245652, -13.746585225739146], [136.1115494355172, -13.770552214963308], [136.10555241445024, -13.81521423514395], [136.14421843183197, -13.83483821644339], [136.1517714128565, -13.789190226301885], [136.19218428125512, -13.773382257377339], [136.19201434077146, -13.789152177498591]]], [[[125.134296869909, -14.646529197795068], [125.16700717759291, -14.622728167049349], [125.20634691512268, -14.61057816627076], [125.19889704481008, -14.570928206131459], [125.20428586374737, -14.530188165758394], [125.20782614276166, -14.487859185407036], [125.17830505372329, -14.450141185671294], [125.14528584601659, -14.473248146417076], [125.11662695818902, -14.502599207131398], [125.1499168967353, -14.525328186689562], [125.15159702740056, -14.56575815693529], [125.11280701932844, -14.551249157531776], [125.09662715097451, -14.589449128083993], [125.10177697143858, -14.629219128261827], [125.134296869909, -14.646529197795068]]], [[[136.3133654732708, -11.597787223477146], [136.27604247540498, -11.579453222206084], [136.23920747630407, -11.600508211274743], [136.23185349538767, -11.640470211379055], [136.19219649688048, -11.646434210248598], [136.1717654766855, -11.681234199925523], [136.2144444950898, -11.674224201134013], [136.25252950385502, -11.661905222169898], [136.262248464665, -11.622269212139638], [136.29871747257548, -11.640121213378972], [136.33855748161776, -11.616881214393015], [136.37664249095755, -11.58675620530446], [136.3328964829017, -11.583270213949234], [136.3133654732708, -11.597787223477146]]], [[[136.14123445695384, -12.044625211961865], [136.17730547436824, -12.077246203290628], [136.2126144734083, -12.057726214181193], [136.25997647188424, -12.03950620544837], [136.30196947080606, -12.014788206510561], [136.3135654815611, -11.97421920653212], [136.27494647289703, -11.985569215461206], [136.24340646329034, -12.017559214774995], [136.20216248484792, -12.025813213612476], [136.15946847626398, -12.040914222469695], [136.14123445695384, -12.044625211961865]]], [[[136.1415614216019, -13.523767233873059], [136.14081445037698, -13.56461822417839], [136.14954141116698, -13.524759214117275], [136.14275143273204, -13.485247233599441], [136.18384342130122, -13.46454922465301], [136.17480941309805, -13.421306214037346], [136.15065543542337, -13.38528921303171], [136.11534642803355, -13.357842221768513], [136.1337334456288, -13.406090222697996], [136.134710444335, -13.446452233050566], [136.1319034532061, -13.487632233297804], [136.1415614216019, -13.523767233873059]]], [[[133.35951961750956, -11.636925143538322], [133.36621861650542, -11.67694113396809], [133.38614961628775, -11.641585144039677], [133.42635261478657, -11.629654144653896], [133.4735636129437, -11.6203021554205], [133.43369159524278, -11.587442154453182], [133.39217361670228, -11.604347133853754], [133.34836562821388, -11.624169143244721], [133.35951961750956, -11.636925143538322]]], [[[135.9923234932805, -11.715655204969709], [136.02360450282472, -11.686201205634307], [136.05099348263732, -11.653547206164044], [136.0092615045713, -11.647899194910691], [135.9670714857055, -11.66995421387539], [135.97923247385273, -11.71516821458935], [135.9923234932805, -11.715655204969709]]], [[[134.92861351918492, -12.09724918983363], [134.89841754132706, -12.065172178848707], [134.86043853343514, -12.048058187800555], [134.86565752208068, -12.093478178286833], [134.88741652014988, -12.132227169117414], [134.92257853911892, -12.110637169794046], [134.92861351918492, -12.09724918983363]]], [[[132.33641272519395, -12.09351867152609], [132.36550249348772, -12.122948872133362], [132.41127192121454, -12.138279102857668], [132.41480213169066, -12.092209242549437], [132.3775426436265, -12.072939041906317], [132.33735281529889, -12.08256872145394], [132.33641272519395, -12.09351867152609]]], [[[136.3727364818282, -11.56416021500234], [136.40925050082916, -11.547322215978884], [136.45031145959348, -11.53215021711431], [136.4671574901395, -11.492738207312614], [136.4213664915407, -11.508640216035475], [136.38711047224868, -11.531539215175167], [136.3727364818282, -11.56416021500234]]], [[[133.39108960871184, -11.495423152981804], [133.38700061814617, -11.536413143231195], [133.42426160700776, -11.512371153698219], [133.47380659486032, -11.515562144603875], [133.47437161564113, -11.471789144270769], [133.43095961721514, -11.485448133605678], [133.39096761883815, -11.488696142926976], [133.39108960871184, -11.495423152981804]]], [[[126.53993692024405, -13.897579141656266], [126.59480090731005, -13.898539151015754], [126.5586849289641, -13.875539131279098], [126.51874492099145, -13.866544141692309], [126.51345993178498, -13.907038142039555], [126.53993692024405, -13.897579141656266]]], [[[130.51789064459322, -12.569219998600706], [130.49480194549665, -12.605100818751305], [130.49922290507322, -12.645451339076317], [130.52613292363023, -12.675091349437551], [130.5159719843428, -12.632830819067818], [130.51008113484818, -12.590690318721405], [130.51789064459322, -12.569219998600706]]], [[[134.90944952162852, -12.033432178862133], [134.9409275195005, -12.062799189858008], [134.97664751839386, -12.043864180577165], [134.94516952045123, -12.017382189599346], [134.90944952162852, -12.033432178862133]]], [[[126.00888006449266, -14.281946111261993], [125.99723086572588, -14.321206181699406], [126.02219106481317, -14.353306121568428], [126.04157997316953, -14.31521516103169], [126.00623012478627, -14.291776171367701], [126.00888006449266, -14.281946111261993]]], [[[136.4698134787264, -11.848838220285197], [136.46329847772037, -11.889335220412718], [136.4788314583893, -11.847217210550452], [136.49762946875808, -11.810281220832177], [136.46778447907394, -11.840655230156234], [136.4698134787264, -11.848838220285197]]], [[[125.71775385380833, -14.476994206914974], [125.75510386142669, -14.459796196224014], [125.75413402078526, -14.416456155939951], [125.72153383301175, -14.440996176608714], [125.71775385380833, -14.476994206914974]]], [[[135.05568852719392, -11.953947191804561], [135.1008675255122, -11.942333182835089], [135.05986751790792, -11.918841181627997], [135.05568852719392, -11.953947191804561]]], [[[130.01951582626597, -13.175626211067646], [130.06811514380772, -13.182425681273113], [130.03459551557864, -13.15480612095999], [130.02217547633384, -13.113126420611684], [130.01951582626597, -13.175626211067646]]], [[[131.04595835328695, -12.093977768345194], [131.00256696507668, -12.116447088197402], [131.0434687531267, -12.129593398596429], [131.04595835328695, -12.093977768345194]]], [[[132.1111486512849, -11.611618114997908], [132.13543965077344, -11.569144114963219], [132.11665664111882, -11.605978115020575], [132.1111486512849, -11.611618114997908]]], [[[125.5302539835482, -14.428350199545426], [125.52245495487655, -14.48037020002932], [125.56207512280838, -14.49018614945634], [125.54142408336159, -14.45422915954229], [125.5302539835482, -14.428350199545426]]], [[[131.03247510416622, -12.058305217975432], [131.03247510416622, -12.058305217975432]]], [[[132.90369564481017, -11.143423142214143], [132.86358064649272, -11.139990131574075], [132.90148363463715, -11.16010213231015], [132.90369564481017, -11.143423142214143]]], [[[125.95010181858403, -14.33672614248161], [125.93466287001668, -14.374287192964635], [125.96513182791351, -14.347786142341985], [125.95010181858403, -14.33672614248161]]], [[[136.4106704808919, -11.86101720856675], [136.3881644707358, -11.896878218169768], [136.4312244689541, -11.894224209465795], [136.4106704808919, -11.86101720856675]]], [[[136.14944349263254, -12.174623213253273], [136.1087344542548, -12.181032202107552], [136.15058846194643, -12.195451213455149], [136.14944349263254, -12.174623213253273]]], [[[131.06867482243354, -12.071895168347561], [131.1164345202732, -12.07325506872175], [131.0761048321846, -12.060925148320395], [131.06867482243354, -12.071895168347561]]], [[[127.84004587421748, -14.464070093872367], [127.8724358222261, -14.437230113481517], [127.84004587421748, -14.464070093872367]]], [[[136.36689115000584, -13.842359933208089], [136.36689115000584, -13.842359933208089]]], [[[126.86491035362327, -13.972478758540143], [126.82644975545257, -13.950299168791062], [126.86491035362327, -13.972478758540143]]], [[[126.37315292054738, -13.999312184414752], [126.37315292054738, -13.999312184414752]]], [[[135.93876649458082, -11.749050203703769], [135.97842349318447, -11.738926204757863], [135.93876649458082, -11.749050203703769]]], [[[134.84998555476906, -12.012729177269593], [134.84998555476906, -12.012729177269593]]], [[[125.45204507914708, -14.497547151301966], [125.49226500694193, -14.501392140666125], [125.45534481869332, -14.482198181142106], [125.45204507914708, -14.497547151301966]]], [[[131.0803169323427, -12.01641117801487], [131.12137275046945, -12.020883138362827], [131.0737149926574, -12.013938167946309], [131.0803169323427, -12.01641117801487]]], [[[135.9462444996671, -11.904952205174729], [135.97317547946832, -11.872138215681915], [135.94496148978044, -11.902998215122281], [135.9462444996671, -11.904952205174729]]], [[[132.29985265345047, -11.593331127196137], [132.29985265345047, -11.593331127196137]]], [[[130.38012643076834, -12.641573218469889], [130.38012643076834, -12.641573218469889]]], [[[136.15476750689905, -11.697956209559063], [136.15476750689905, -11.697956209559063]]], [[[136.02688649884584, -12.149774209469683], [136.03929149949985, -12.109529199504944], [136.02688649884584, -12.149774209469683]]], [[[136.07765842652555, -13.468673231549543], [136.07765842652555, -13.468673231549543]]], [[[126.00880881380834, -14.23574615094272], [126.00880881380834, -14.23574615094272]]], [[[126.16241394146573, -13.964256186927656], [126.19469406932403, -13.935935166295456], [126.15524384174688, -13.956796166972932], [126.16241394146573, -13.964256186927656]]], [[[130.40963463965008, -12.58267226816617], [130.40963463965008, -12.58267226816617]]], [[[135.60147190090296, -14.504233646310748], [135.60147190090296, -14.504233646310748]]], [[[132.65078364418818, -11.204608128939352], [132.65078364418818, -11.204608128939352]]], [[[124.99172714576346, -14.528989209592934], [124.99356601481504, -14.48575013926473], [124.9795649063583, -14.524190209786079], [124.99172714576346, -14.528989209592934]]], [[[134.8123885461398, -12.024541186468712], [134.8123885461398, -12.024541186468712]]], [[[126.30880996307275, -13.92838714474111], [126.300285934076, -13.968484155131174], [126.31274393284644, -13.927319134682891], [126.30880996307275, -13.92838714474111]]], [[[130.08557499285322, -13.204985411498958], [130.08557499285322, -13.204985411498958]]], [[[134.99152652642488, -12.095678191353972], [134.99152652642488, -12.095678191353972]]], [[[136.23346443498804, -13.58631223711247], [136.23346443498804, -13.58631223711247]]], [[[136.24255840853266, -13.458519226359776], [136.24255840853266, -13.458519226359776]]], [[[132.35624244344973, -12.156578772271025], [132.35624244344973, -12.156578772271025]]], [[[125.99534192665817, -14.376496152109283], [125.99534192665817, -14.376496152109283]]], [[[130.39411550031357, -12.59761279820544], [130.39411550031357, -12.59761279820544]]], [[[136.43650346808226, -11.914534219792516], [136.43650346808226, -11.914534219792516]]], [[[136.0445714734741, -12.302424211212946], [136.0445714734741, -12.302424211212946]]], [[[124.97780987436842, -14.417571179093521], [124.97780987436842, -14.417571179093521]]], [[[134.17178558258, -12.113068162858541], [134.17178558258, -12.113068162858541]]], [[[136.07363749815664, -11.770975207771373], [136.07363749815664, -11.770975207771373]]], [[[124.97822316494705, -14.448290149294818], [124.97822316494705, -14.448290149294818]]], [[[125.62802711028954, -13.961201134761241], [125.62802711028954, -13.961201134761241]]], [[[125.28933300434637, -14.277954172549864], [125.28933300434637, -14.277954172549864]]], [[[126.62020793561733, -13.87143515053021], [126.62020793561733, -13.87143515053021]]], [[[126.30330294331505, -13.924388144784377], [126.30330294331505, -13.924388144784377]]], [[[134.94416251891076, -12.080592180078257], [134.94416251891076, -12.080592180078257]]], [[[125.24980500930116, -14.4284211242654], [125.24980500930116, -14.4284211242654]]], [[[125.21157410934326, -14.314783154158512], [125.21157410934326, -14.314783154158512]]], [[[136.20505949718702, -11.618612200404966], [136.20505949718702, -11.618612200404966]]], [[[126.30709493263498, -13.889242144489984], [126.30709493263498, -13.889242144489984]]], [[[126.57657993214762, -14.211828143424462], [126.57657993214762, -14.211828143424462]]], [[[125.26836518922335, -14.481221144303559], [125.26836518922335, -14.481221144303559]]], [[[127.81164584523471, -14.377570113433748], [127.81164584523471, -14.377570113433748]]], [[[132.7790796461369, -11.388484132237982], [132.7790796461369, -11.388484132237982]]], [[[136.10633650302165, -11.563004217045043], [136.10633650302165, -11.563004217045043]]], [[[135.15225854954772, -11.699978192186707], [135.15225854954772, -11.699978192186707]]], [[[136.09686846064872, -13.30258822078168], [136.09686846064872, -13.30258822078168]]], [[[125.9844029483232, -14.44667617275097], [125.9844029483232, -14.44667617275097]]], [[[125.73094998847115, -14.19282019475214], [125.73094998847115, -14.19282019475214]]], [[[136.07810751296373, -11.604404196555496], [136.07810751296373, -11.604404196555496]]], [[[126.6923099224575, -13.930993140125604], [126.6923099224575, -13.930993140125604]]], [[[136.39539043297614, -13.703801222969155], [136.39539043297614, -13.703801222969155]]], [[[136.39915091514987, -13.630101022492562], [136.39915091514987, -13.630101022492562]]], [[[125.70189908927574, -14.143991144863909], [125.70189908927574, -14.143991144863909]]], [[[130.4043954297743, -12.60819272833264], [130.4043954297743, -12.60819272833264]]], [[[136.04788148874778, -11.78810520716064], [136.04788148874778, -11.78810520716064]]], [[[127.15627691717683, -13.898974135144181], [127.15627691717683, -13.898974135144181]]], [[[125.99423093589942, -14.321646111745117], [125.99423093589942, -14.321646111745117]]], [[[131.9482006798085, -11.478258132077128], [131.9482006798085, -11.478258132077128]]], [[[125.50501898508139, -14.435096160002491], [125.50501898508139, -14.435096160002491]]], [[[125.58221796954798, -14.364106148266504], [125.58221796954798, -14.364106148266504]]], [[[131.3524132894394, -12.097205260847051], [131.3524132894394, -12.097205260847051]]], [[[126.27243095506248, -13.930633155229401], [126.27243095506248, -13.930633155229401]]], [[[135.97362445592745, -13.330655217418558], [135.97362445592745, -13.330655217418558]]], [[[125.67546287440462, -14.36810212682044], [125.67546287440462, -14.36810212682044]]], [[[125.6806699207837, -14.16494115533874], [125.6806699207837, -14.16494115533874]]], [[[134.91886353054846, -12.06002216930127], [134.91886353054846, -12.06002216930127]]], [[[136.05518948280383, -11.642038216192889], [136.05518948280383, -11.642038216192889]]], [[[126.23873683008291, -14.162044147284707], [126.23873683008291, -14.162044147284707]]], [[[136.3227054815508, -11.961745216707278], [136.3227054815508, -11.961745216707278]]], [[[126.57434193245474, -14.226738143555078], [126.57434193245474, -14.226738143555078]]], [[[125.78654911505159, -14.170360163748404], [125.78654911505159, -14.170360163748404]]], [[[130.86491134834654, -12.545558950480787], [130.86491134834654, -12.545558950480787]]], [[[132.33160466283528, -11.53768812717511], [132.33160466283528, -11.53768812717511]]], [[[134.21293757413113, -11.95757616249726], [134.21293757413113, -11.95757616249726]]], [[[127.70428486023023, -14.239140143154437], [127.70428486023023, -14.239140143154437]]], [[[130.651276712743, -11.814472103648392], [130.651276712743, -11.814472103648392]]], [[[126.60292993750367, -13.95018413128326], [126.60292993750367, -13.95018413128326]]], [[[132.7305116495491, -11.296318130805094], [132.7305116495491, -11.296318130805094]]], [[[130.95242797355985, -12.635648191761952], [130.95242797355985, -12.635648191761952]]], [[[132.45294163645838, -11.62631912946227], [132.45294163645838, -11.62631912946227]]], [[[125.49953482669292, -14.51078220061162], [125.49953482669292, -14.51078220061162]]], [[[125.23682483998974, -14.426221164477026], [125.23682483998974, -14.426221164477026]]], [[[136.37321742639807, -13.319311229199105], [136.37321742639807, -13.319311229199105]]], [[[130.45582772721093, -12.631819108756675], [130.45582772721093, -12.631819108756675]]], [[[125.1970570030807, -14.472329155490883], [125.1970570030807, -14.472329155490883]]], [[[136.02780246808092, -12.173964199691193], [136.02780246808092, -12.173964199691193]]], [[[126.28563797763354, -14.171283186735272], [126.28563797763354, -14.171283186735272]]], [[[130.3609067415594, -12.6682831085823], [130.3609067415594, -12.6682831085823]]], [[[130.656569725389, -11.321285119955325], [130.656569725389, -11.321285119955325]]], [[[125.406663859003, -14.344093181005636], [125.406663859003, -14.344093181005636]]], [[[125.55560983670188, -14.108623126936164], [125.55560983670188, -14.108623126936164]]], [[[130.43271270884838, -12.524101117837228], [130.43271270884838, -12.524101117837228]]], [[[126.15248192898497, -13.752426155586946], [126.15248192898497, -13.752426155586946]]], [[[125.3161130227769, -14.2733241220569], [125.3161130227769, -14.2733241220569]]], [[[132.1690706391124, -11.587255115511814], [132.1690706391124, -11.587255115511814]]], [[[125.76565097608001, -14.16283315401385], [125.76565097608001, -14.16283315401385]]], [[[127.27114693030683, -13.821896153563717], [127.27114693030683, -13.821896153563717]]], [[[125.714402972023, -14.355432196128849], [125.714402972023, -14.355432196128849]]], [[[125.31624299320572, -14.297483172220154], [125.31624299320572, -14.297483172220154]]], [[[125.92005896010023, -14.326407162845294], [125.92005896010023, -14.326407162845294]]], [[[125.23304487052648, -14.443822194663454], [125.23304487052648, -14.443822194663454]]], [[[126.8175199558505, -13.942859128834142], [126.8175199558505, -13.942859128834142]]], [[[125.66629006180365, -14.178901145659818], [125.66629006180365, -14.178901145659818]]], [[[136.32294949140822, -11.965975216748891], [136.32294949140822, -11.965975216748891]]], [[[124.99798612453064, -14.483959129170668], [124.99798612453064, -14.483959129170668]]], [[[126.87132690336342, -13.980377128528493], [126.87132690336342, -13.980377128528493]]], [[[130.99837545493278, -12.161175408505557], [130.99837545493278, -12.161175408505557]]], [[[125.77144209836294, -14.32563014504984], [125.77144209836294, -14.32563014504984]]], [[[125.34132492547909, -14.501920163191036], [125.34132492547909, -14.501920163191036]]], [[[133.31554460884846, -11.66742614301588], [133.31554460884846, -11.66742614301588]]], [[[127.73093675893249, -14.263552173147906], [127.73093675893249, -14.263552173147906]]], [[[136.01960947924502, -12.481166211927839], [136.01960947924502, -12.481166211927839]]], [[[125.25630518990279, -14.481171124512745], [125.25630518990279, -14.481171124512745]]], [[[126.70470091201479, -13.950105140120789], [126.70470091201479, -13.950105140120789]]], [[[126.5908059213606, -14.211590133256497], [126.5908059213606, -14.211590133256497]]], [[[125.82643102437602, -14.266810183814602], [125.82643102437602, -14.266810183814602]]], [[[130.6252414088163, -12.688460530077194], [130.6252414088163, -12.688460530077194]]], [[[126.8427998547703, -13.968229148743445], [126.8427998547703, -13.968229148743445]]], [[[126.81754985598337, -13.954839118918144], [126.81754985598337, -13.954839118918144]]], [[[135.7351304498824, -14.287973678287841], [135.7351304498824, -14.287973678287841]]], [[[126.53576592175338, -14.000368142426188], [126.53576592175338, -14.000368142426188]]], [[[125.49253499667543, -14.486832120561791], [125.49253499667543, -14.486832120561791]]], [[[124.93203193899313, -14.521341180655273], [124.93203193899313, -14.521341180655273]]], [[[125.90587097383188, -14.51781115437551], [125.90587097383188, -14.51781115437551]]], [[[136.26866642287536, -13.59648623825254], [136.26866642287536, -13.59648623825254]]], [[[125.33547601604657, -14.515109133380971], [125.33547601604657, -14.515109133380971]]], [[[136.3795814031587, -13.723465232642274], [136.3795814031587, -13.723465232642274]]], [[[125.8259100938617, -14.232279163583728], [125.8259100938617, -14.232279163583728]]], [[[131.0155752742344, -12.15018533854721], [131.0155752742344, -12.15018533854721]]], [[[125.4279840889933, -14.411331191110364], [125.4279840889933, -14.411331191110364]]], [[[126.58935394740342, -13.882301140965524], [126.58935394740342, -13.882301140965524]]], [[[136.10616043576434, -13.446680222210391], [136.10616043576434, -13.446680222210391]]], [[[126.002760805844, -14.349736171818549], [126.002760805844, -14.349736171818549]]], [[[132.1566646599336, -11.563983115181019], [132.1566646599336, -11.563983115181019]]], [[[125.4034440096229, -14.369032181230663], [125.4034440096229, -14.369032181230663]]], [[[125.76388999702306, -14.215690194405742], [125.76388999702306, -14.215690194405742]]], [[[125.41045497201908, -14.527218172197406], [125.41045497201908, -14.527218172197406]]], [[[126.05002195106924, -14.204362160144418], [126.05002195106924, -14.204362160144418]]], [[[126.45316179568155, -13.957982113129264], [126.45316179568155, -13.957982113129264]]], [[[125.65802985250171, -14.193671145891175], [125.65802985250171, -14.193671145891175]]], [[[136.22833742974157, -13.442752235806747], [136.22833742974157, -13.442752235806747]]], [[[126.0006951204384, -13.98006711928407], [126.0006951204384, -13.98006711928407]]], [[[136.32010342040118, -13.591875229771704], [136.32010342040118, -13.591875229771704]]], [[[125.31094309284283, -14.261104182062013], [125.31094309284283, -14.261104182062013]]], [[[127.57098697658724, -14.111264143193964], [127.57098697658724, -14.111264143193964]]], [[[136.1691744657883, -12.369516215408764], [136.1691744657883, -12.369516215408764]]], [[[124.98571405512719, -14.479050179364826], [124.98571405512719, -14.479050179364826]]], [[[125.73799809644665, -14.091360123943218], [125.73799809644665, -14.091360123943218]]], [[[125.6072900041339, -14.124122116214092], [125.6072900041339, -14.124122116214092]]], [[[125.01139717482263, -14.537899189289751], [125.01139717482263, -14.537899189289751]]], [[[125.79684982543617, -14.230310154006899], [125.79684982543617, -14.230310154006899]]], [[[126.91440189794025, -13.69350114605767], [126.91440189794025, -13.69350114605767]]], [[[136.15890447201787, -12.180931213583502], [136.15890447201787, -12.180931213583502]]], [[[125.34490404362985, -14.410031142501014], [125.34490404362985, -14.410031142501014]]], [[[130.4074567252784, -11.428819099492554], [130.4074567252784, -11.428819099492554]]], [[[130.4189237494258, -12.538801107881504], [130.4189237494258, -12.538801107881504]]], [[[125.38250400022162, -14.336820171362117], [125.38250400022162, -14.336820171362117]]], [[[136.09768649813213, -12.069108220880839], [136.09768649813213, -12.069108220880839]]], [[[126.8945859120934, -13.979184138277693], [126.8945859120934, -13.979184138277693]]], [[[125.41229387949669, -14.389951171225793], [125.41229387949669, -14.389951171225793]]], [[[136.26434941557517, -13.835006220035202], [136.26434941557517, -13.835006220035202]]], [[[127.11224988959252, -13.904355135593573], [127.11224988959252, -13.904355135593573]]], [[[136.07102144753935, -13.44645423117707], [136.07102144753935, -13.44645423117707]]], [[[125.65695993197784, -14.158341195664393], [125.65695993197784, -14.158341195664393]]], [[[136.3201114609769, -11.983785206807259], [136.3201114609769, -11.983785206807259]]], [[[124.96923803645494, -14.499334169809298], [124.96923803645494, -14.499334169809298]]], [[[125.49166308438527, -14.35125214964529], [125.49166308438527, -14.35125214964529]]], [[[126.7905569352965, -13.76605213787982], [126.7905569352965, -13.76605213787982]]], [[[125.7238939930174, -14.449534156631234], [125.7238939930174, -14.449534156631234]]], [[[126.8633369135962, -13.962307148485028], [126.8633369135962, -13.962307148485028]]], [[[125.26787484936433, -14.48742116435445], [125.26787484936433, -14.48742116435445]]], [[[132.72489663705602, -11.477703142132208], [132.72489663705602, -11.477703142132208]]], [[[125.31768588734109, -14.531078183794275], [125.31768588734109, -14.531078183794275]]], [[[136.18073142521803, -13.665206226169312], [136.18073142521803, -13.665206226169312]]], [[[125.6397908039772, -14.222072176373917], [125.6397908039772, -14.222072176373917]]], [[[126.35677003823925, -13.759363172945378], [126.35677003823925, -13.759363172945378]]], [[[136.0159314974307, -12.213443199665614], [136.0159314974307, -12.213443199665614]]], [[[130.60177219985613, -12.702830990053465], [130.60177219985613, -12.702830990053465]]], [[[126.55523298254288, -14.148882183235068], [126.55523298254288, -14.148882183235068]]], [[[125.72468782722075, -14.094270194168192], [125.72468782722075, -14.094270194168192]]], [[[135.86937860815056, -14.436702173256599], [135.86937860815056, -14.436702173256599]]], [[[125.52302410355604, -14.405080159502978], [125.52302410355604, -14.405080159502978]]], [[[136.28943542583755, -13.785522240396075], [136.28943542583755, -13.785522240396075]]], [[[135.50528882564862, -12.021122513913435], [135.50528882564862, -12.021122513913435]]], [[[125.24375484078007, -14.490380184794384], [125.24375484078007, -14.490380184794384]]], [[[124.98091310514756, -14.466260179367026], [124.98091310514756, -14.466260179367026]]], [[[125.77687414029184, -14.465476195932307], [125.77687414029184, -14.465476195932307]]], [[[125.6986389495999, -14.152901134975993], [125.6986389495999, -14.152901134975993]]], [[[125.21194597325554, -14.52705815560219], [125.21194597325554, -14.52705815560219]]], [[[125.72643998080781, -14.321864155711888], [125.72643998080781, -14.321864155711888]]], [[[127.12785490931095, -13.96100912584768], [127.12785490931095, -13.96100912584768]]], [[[125.42595406818566, -14.35883213078413], [125.42595406818566, -14.35883213078413]]], [[[125.19814609305537, -14.474270175484905], [125.19814609305537, -14.474270175484905]]], [[[125.68939412514949, -14.46124518724515], [125.68939412514949, -14.46124518724515]]], [[[130.944337864078, -12.617358021566917], [130.944337864078, -12.617358021566917]]], [[[135.51537052411604, -12.060534194498914], [135.51537052411604, -12.060534194498914]]], [[[126.82997090554275, -13.975369108930007], [126.82997090554275, -13.975369108930007]]], [[[124.92267987937365, -14.513842200780308], [124.92267987937365, -14.513842200780308]]], [[[125.83902093390513, -14.2812791337266], [125.83902093390513, -14.2812791337266]]], [[[127.54992986759713, -14.093572133225399], [127.54992986759713, -14.093572133225399]]], [[[125.74778900619913, -14.109220173916386], [125.74778900619913, -14.109220173916386]]], [[[125.40384394053932, -14.422211121588527], [125.40384394053932, -14.422211121588527]]], [[[130.56787071886717, -11.362343109781266], [130.56787071886717, -11.362343109781266]]], [[[124.95606915538441, -14.407192199428563], [124.95606915538441, -14.407192199428563]]], [[[126.56944593009241, -14.013573142119645], [126.56944593009241, -14.013573142119645]]], [[[126.59491792731443, -13.899407151020476], [126.59491792731443, -13.899407151020476]]], [[[125.41655411880143, -14.363992190976518], [125.41655411880143, -14.363992190976518]]], [[[126.59661993118588, -14.223512143272268], [126.59661993118588, -14.223512143272268]]], [[[125.31692595710683, -14.515719153702229], [125.31692595710683, -14.515719153702229]]], [[[126.76459192688647, -13.78451013829284], [126.76459192688647, -13.78451013829284]]], [[[125.74827792601269, -14.099290113840295], [125.74827792601269, -14.099290113840295]]], [[[125.94480190873644, -14.327317192492947], [125.94480190873644, -14.327317192492947]]], [[[125.34453506544975, -14.51040014319443], [125.34453506544975, -14.51040014319443]]], [[[125.24123591127112, -14.509340124967895], [125.24123591127112, -14.509340124967895]]], [[[136.05281642182058, -13.335981219759413], [136.05281642182058, -13.335981219759413]]], [[[125.27820503766051, -14.42593217375498], [125.27820503766051, -14.42593217375498]]], [[[136.0857757955486, -13.812923134543814], [136.0857757955486, -13.812923134543814]]], [[[125.67704288459235, -14.384922146911672], [125.67704288459235, -14.384922146911672]]], [[[125.24829515042661, -14.485091164679044], [125.24829515042661, -14.485091164679044]]], [[[126.58573693789309, -13.906383151176804], [126.58573693789309, -13.906383151176804]]], [[[125.58878311870407, -14.33572218796625], [125.58878311870407, -14.33572218796625]]], [[[132.18931821415174, -11.119910412154423], [132.18931821415174, -11.119910412154423]]], [[[127.13034289920358, -13.963747125843769], [127.13034289920358, -13.963747125843769]]], [[[126.58867493773101, -13.906041141140001], [126.58867493773101, -13.906041141140001]]], [[[125.39487385068476, -14.401971191600401], [125.39487385068476, -14.401971191600401]]], [[[126.05308696303742, -14.34977016111024], [126.05308696303742, -14.34977016111024]]], [[[125.6134708756781, -14.236902206892694], [125.6134708756781, -14.236902206892694]]], [[[126.89599691892249, -13.69455514625575], [126.89599691892249, -13.69455514625575]]], [[[136.16889140037904, -13.840255227219107], [136.16889140037904, -13.840255227219107]]], [[[126.80165081721769, -13.98818916932359], [126.80165081721769, -13.98818916932359]]], [[[126.14618396547199, -14.183520148673217], [126.14618396547199, -14.183520148673217]]], [[[134.2128455655579, -11.892254161979393], [134.2128455655579, -11.892254161979393]]], [[[125.64989889089344, -14.069261175161108], [125.64989889089344, -14.069261175161108]]], [[[126.99713290433608, -13.766372145733914], [126.99713290433608, -13.766372145733914]]], [[[136.29340541818047, -13.705050229870768], [136.29340541818047, -13.705050229870768]]], [[[125.21990487146908, -14.454832174969054], [125.21990487146908, -14.454832174969054]]], [[[136.3002524178344, -13.704857220076509], [136.3002524178344, -13.704857220076509]]], [[[125.31150289345453, -14.296673192296005], [125.31150289345453, -14.296673192296005]]], [[[126.1060339636032, -13.901426117260952], [126.1060339636032, -13.901426117260952]]], [[[125.14110695723126, -14.525178146846004], [125.14110695723126, -14.525178146846004]]], [[[127.56336088697658, -14.107821133226224], [127.56336088697658, -14.107821133226224]]], [[[125.30720304372782, -14.298573182382942], [125.30720304372782, -14.298573182382942]]], [[[125.72394192025693, -14.27926115545649], [125.72394192025693, -14.27926115545649]]], [[[130.61176137492035, -11.736472002839479], [130.61176137492035, -11.736472002839479]]], [[[125.31322295290832, -14.271724182095573], [125.31322295290832, -14.271724182095573]]], [[[125.42348411913835, -14.405221201143501], [125.42348411913835, -14.405221201143501]]], [[[130.9525572242694, -12.537927211025456], [130.9525572242694, -12.537927211025456]]], [[[127.19257802524123, -13.900256184820439], [127.19257802524123, -13.900256184820439]]], [[[127.49520590028811, -14.05768413338817], [127.49520590028811, -14.05768413338817]]], [[[127.58974786575945, -14.136731133236735], [127.58974786575945, -14.136731133236735]]], [[[125.32155301191797, -14.242405161751746], [125.32155301191797, -14.242405161751746]]], [[[125.64261105353178, -14.204581126208915], [125.64261105353178, -14.204581126208915]]], [[[126.83378979530107, -13.972199128867048], [126.83378979530107, -13.972199128867048]]], [[[127.02145990349483, -13.81001012580157], [127.02145990349483, -13.81001012580157]]], [[[130.94240712482798, -12.526877120870616], [130.94240712482798, -12.526877120870616]]], [[[125.47407384657922, -14.42119016041447], [125.47407384657922, -14.42119016041447]]], [[[125.28628489734282, -14.433413153666413], [125.28628489734282, -14.433413153666413]]], [[[125.67901209276069, -14.27995216615764], [125.67901209276069, -14.27995216615764]]], [[[125.87419685857643, -14.063519181698059], [125.87419685857643, -14.063519181698059]]], [[[125.72328382282753, -14.435697166545259], [125.72328382282753, -14.435697166545259]]], [[[125.19131617340416, -14.472320145592255], [125.19131617340416, -14.472320145592255]]], [[[127.04976189226936, -13.837720135720708], [127.04976189226936, -13.837720135720708]]], [[[125.72248210091583, -14.314931115725006], [125.72248210091583, -14.314931115725006]]], [[[126.87167591336127, -13.981897148535548], [126.87167591336127, -13.981897148535548]]], [[[126.54453695142927, -14.012476132406606], [126.54453695142927, -14.012476132406606]]], [[[135.8383094160792, -14.228023230713397], [135.8383094160792, -14.228023230713397]]], [[[127.84050588359437, -14.372922133218994], [127.84050588359437, -14.372922133218994]]], [[[125.669271923438, -14.288282126367163], [125.669271923438, -14.288282126367163]]], [[[125.63566090393907, -14.206032196328572], [125.63566090393907, -14.206032196328572]]], [[[126.83719491505003, -13.966170128788411], [126.83719491505003, -13.966170128788411]]], [[[125.65554296595718, -14.394721147315375], [125.65554296595718, -14.394721147315375]]], [[[132.78391662702822, -11.316940131753558], [132.78391662702822, -11.316940131753558]]], [[[127.87617484223655, -14.471675133704716], [127.87617484223655, -14.471675133704716]]], [[[125.37759493348625, -14.505099152597968], [125.37759493348625, -14.505099152597968]]], [[[125.67987284403804, -14.360773146701183], [125.67987284403804, -14.360773146701183]]], [[[125.97836796782816, -14.391199152453025], [125.97836796782816, -14.391199152453025]]], [[[125.23758517966444, -14.41087112435881], [125.23758517966444, -14.41087112435881]]], [[[125.31505393395464, -14.335302172499558], [125.31505393395464, -14.335302172499558]]], [[[126.70986993165738, -13.94338914001578], [126.70986993165738, -13.94338914001578]]], [[[125.51140498475317, -14.436879159910534], [125.51140498475317, -14.436879159910534]]], [[[136.22855142876034, -13.473783226062242], [136.22855142876034, -13.473783226062242]]], [[[126.22442788108144, -14.17733415758031], [126.22442788108144, -14.17733415758031]]], [[[126.838019784865, -13.95354915869079], [126.838019784865, -13.95354915869079]]], [[[125.40145498164048, -14.476950192003741], [125.40145498164048, -14.476950192003741]]], [[[125.68318306426566, -14.385952186823104], [125.68318306426566, -14.385952186823104]]], [[[126.11268594777, -14.215065149349929], [126.11268594777, -14.215065149349929]]], [[[125.1475358456648, -14.461298126295326], [125.1475358456648, -14.461298126295326]]], [[[125.18945606350044, -14.471860165622013], [125.18945606350044, -14.471860165622013]]], [[[125.74994400118156, -14.426486116073079], [125.74994400118156, -14.426486116073079]]], [[[134.66760079506446, -11.918649382238826], [134.66760079506446, -11.918649382238826]]], [[[125.19192492321011, -14.463741185522922], [125.19192492321011, -14.463741185522922]]], [[[125.25643512827523, -14.39276015390606], [125.25643512827523, -14.39276015390606]]], [[[142.53140284951886, -10.68300948592887], [142.53140284951886, -10.68300948592887]]], [[[142.75543809280882, -10.65793047850883], [142.75543809280882, -10.65793047850883]]], [[[142.67969019653052, -10.641469954015834], [142.67969019653052, -10.641469954015834]]], [[[142.63685105884298, -10.628529821454201], [142.63685105884298, -10.628529821454201]]], [[[142.65343621856388, -10.622999512353736], [142.65343621856388, -10.622999512353736]]], [[[142.6083892707727, -10.613133479697751], [142.6083892707727, -10.613133479697751]]], [[[142.61437327065943, -10.611354480023328], [142.61437327065943, -10.611354480023328]]], [[[142.63707229056885, -10.598805491209463], [142.63707229056885, -10.598805491209463]]], [[[142.61571928123007, -10.600717480007962], [142.61571928123007, -10.600717480007962]]], [[[142.4497782832592, -10.496015459702424], [142.4497782832592, -10.496015459702424]]], [[[142.44659829524076, -10.463503469242246], [142.44659829524076, -10.463503469242246]]], [[[142.4381543155375, -10.46357746876787], [142.4381543155375, -10.46357746876787]]], [[[142.1097453237465, -10.347626439526922], [142.1097453237465, -10.347626439526922]]], [[[142.09222718603706, -10.317665468308409], [142.09222718603706, -10.317665468308409]]], [[[142.10024232700678, -10.295275458554263], [142.10024232700678, -10.295275458554263]]], [[[142.101796317948, -10.277456438485636], [142.101796317948, -10.277456438485636]]], [[[143.11354035009538, -9.988997503582251], [143.11354035009538, -9.988997503582251]]], [[[142.2374923501375, -9.97728845336564], [142.2374923501375, -9.97728845336564]]], [[[142.21655533108756, -9.972903452169737], [142.21655533108756, -9.972903452169737]]], [[[142.1627733450798, -9.933870438866238], [142.1627733450798, -9.933870438866238]]], [[[144.06376928339836, -9.91181356092489], [144.06376928339836, -9.91181356092489]]], [[[142.78197629632396, -9.901528483472902], [142.78197629632396, -9.901528483472902]]], [[[143.48355829408726, -9.886123514823835], [143.48355829408726, -9.886123514823835]]], [[[143.39111131801033, -9.871736529112907], [143.39111131801033, -9.871736529112907]]], [[[143.16928815541968, -9.869828495841936], [143.16928815541968, -9.869828495841936]]], [[[143.30557032120788, -9.8653925239217], [143.30557032120788, -9.8653925239217]]], [[[142.89944622499422, -9.858215509897319], [142.94424529354094, -9.85785650250321], [142.90387633550074, -9.847185480058947], [142.89944622499422, -9.858215509897319]]], [[[142.70926144263947, -9.834554498710121], [142.70926144263947, -9.834554498710121]]], [[[141.41917446572555, -9.825435448185216], [141.41917446572555, -9.825435448185216]]], [[[143.40638730042852, -9.82409652961695], [143.40638730042852, -9.82409652961695]]], [[[142.97526434611729, -9.797336453787576], [142.97526434611729, -9.797336453787576]]], [[[142.6490122186666, -9.764814494657415], [142.6490122186666, -9.764814494657415]]], [[[143.25651629871496, -9.76816950014172], [143.25651629871496, -9.76816950014172]]], [[[143.31958931692085, -9.764034513875943], [143.31958931692085, -9.764034513875943]]], [[[143.4019353251479, -9.749415528695804], [143.4019353251479, -9.749415528695804]]], [[[143.44041329400275, -9.747809521003425], [143.44041329400275, -9.747809521003425]]], [[[143.3585472986138, -9.715616515789955], [143.3585472986138, -9.715616515789955]]], [[[143.42864131803637, -9.688244519771542], [143.42864131803637, -9.688244519771542]]], [[[143.54259747544404, -9.509192835109795], [143.54259747544404, -9.509192835109795]]], [[[142.5282029294859, -10.68559945577002], [142.5282029294859, -10.68559945577002]]], [[[141.90974031659314, -10.605294490862033], [141.90974031659314, -10.605294490862033]]], [[[142.35259728386185, -10.546417464687675], [142.35259728386185, -10.546417464687675]]], [[[143.09979226868427, -10.518744527381768], [143.09979226868427, -10.518744527381768]]], [[[142.36251931367718, -10.368184473701762], [142.36251931367718, -10.368184473701762]]], [[[142.04994730478393, -10.366836446420924], [142.04994730478393, -10.366836446420924]]], [[[142.22914812927002, -10.3524424561466], [142.22914812927002, -10.3524424561466]]], [[[142.07678330979647, -10.259974456965406], [142.07678330979647, -10.259974456965406]]], [[[142.82802829396127, -10.255214509206017], [142.82802829396127, -10.255214509206017]]], [[[142.07517132144798, -10.231354436630275], [142.07517132144798, -10.231354436630275]]], [[[142.81786629704052, -10.208943488216303], [142.81786629704052, -10.208943488216303]]], [[[142.11717231235332, -10.189069448565688], [142.11717231235332, -10.189069448565688]]], [[[142.51312028833934, -10.195262460672295], [142.51312028833934, -10.195262460672295]]], [[[142.82240832063275, -10.145334497926425], [142.82240832063275, -10.145334497926425]]], [[[142.07476431780597, -10.117478465625066], [142.07476431780597, -10.117478465625066]]], [[[143.31906541598832, -10.10769750684495], [143.31906541598832, -10.10769750684495]]], [[[143.06102031817662, -10.050358501020805], [143.06102031817662, -10.050358501020805]]], [[[142.12900336085755, -10.029668437838113], [142.12900336085755, -10.029668437838113]]], [[[143.02751222249077, -9.997056538587474], [143.02751222249077, -9.997056538587474]]], [[[144.03577717177149, -9.951586529510783], [144.03577717177149, -9.951586529510783]]], [[[143.66215531525015, -9.612913533322212], [143.66215531525015, -9.612913533322212]]], [[[143.77568630400023, -9.575551549985892], [143.77568630400023, -9.575551549985892]]], [[[143.65320628825302, -9.569218522390408], [143.65320628825302, -9.569218522390408]]], [[[141.57464122711508, -9.515377453630833], [141.57464122711508, -9.515377453630833]]], [[[142.52762130231437, -9.421847424781449], [142.52762130231437, -9.421847424781449]]], [[[143.87593649808943, -9.143682512408898], [143.87593649808943, -9.143682512408898]]], [[[142.12560931233304, -10.362885450529095], [142.12560931233304, -10.362885450529095]]], [[[143.29896729653817, -9.616761511354621], [143.29896729653817, -9.616761511354621]]], [[[143.4870421633572, -9.571370512281135], [143.4870421633572, -9.571370512281135]]], [[[142.31851134080623, -9.563949494283348], [142.2792612928865, -9.54917941197377], [142.31422124038625, -9.573799454129972], [142.31851134080623, -9.563949494283348]]], [[[142.34756930392103, -10.54855545442523], [142.34756930392103, -10.54855545442523]]], [[[142.30862029730153, -10.513800501952545], [142.30862029730153, -10.513800501952545]]], [[[142.06736525213452, -10.223896436139183], [142.06736525213452, -10.223896436139183]]], [[[142.83526826664297, -10.035924477719737], [142.83526826664297, -10.035924477719737]]], [[[142.16015235393937, -9.955808408911683], [142.16015235393937, -9.955808408911683]]], [[[143.39484431270498, -9.956318510076708], [143.39484431270498, -9.956318510076708]]], [[[144.02195710280506, -9.94256654856217], [144.02195710280506, -9.94256654856217]]], [[[142.17002250441465, -9.941418479330551], [142.17002250441465, -9.941418479330551]]], [[[142.24098240497338, -10.597849418920717], [142.2659624515586, -10.642069490687907], [142.30957141062288, -10.630579463013992], [142.3085511635157, -10.58039943252388], [142.2571323754293, -10.579469449657541], [142.24098240497338, -10.597849418920717]]], [[[142.08332732039878, -10.24508644719493], [142.08332732039878, -10.24508644719493]]], [[[142.14947551039157, -10.204166470470383], [142.14947551039157, -10.204166470470383]]], [[[142.1550364289006, -10.227325460976289], [142.1550364289006, -10.227325460976289]]], [[[142.67474246433986, -10.168362529631468], [142.67474246433986, -10.168362529631468]]], [[[142.5057604606701, -10.159182429943735], [142.5057604606701, -10.159182429943735]]], [[[142.34417029926865, -10.105532460404701], [142.34417029926865, -10.105532460404701]]], [[[142.21031134192998, -9.961646461727396], [142.21031134192998, -9.961646461727396]]], [[[143.2859551364518, -9.954208543523668], [143.2859551364518, -9.954208543523668]]], [[[142.68953420990775, -9.376488523596638], [142.65056925179366, -9.364707511267744], [142.60959045217743, -9.379987439066122], [142.6243003893593, -9.420907480259217], [142.67036925759766, -9.426577472936584], [142.71707852626795, -9.424447435591793], [142.75420639651205, -9.400458487514802], [142.79666549593264, -9.387868489850195], [142.75719618837746, -9.366878497394325], [142.7075072090473, -9.381738484671452], [142.68953420990775, -9.376488523596638]]], [[[142.6697082807129, -9.373167512434115], [142.71473741926144, -9.374208455020288], [142.6761882811154, -9.362768452713956], [142.6697082807129, -9.373167512434115]]], [[[142.66377835138658, -9.364697432021673], [142.66377835138658, -9.364697432021673]]], [[[142.17516732267958, -9.96930445985502], [142.17516732267958, -9.96930445985502]]], [[[142.15920233450245, -9.94631844877737], [142.15920233450245, -9.94631844877737]]], [[[142.21028831216017, -9.95756445169082], [142.21028831216017, -9.95756445169082]]], [[[142.2112363324687, -9.951509461690815], [142.2112363324687, -9.951509461690815]]], [[[142.17471220400554, -9.94591849962774], [142.17471220400554, -9.94591849962774]]], [[[142.1537911396572, -10.570821433872194], [142.1537911396572, -10.570821433872194]]], [[[142.21620730014698, -10.522175466896135], [142.18825530950514, -10.551399455604123], [142.227058318953, -10.536397447619228], [142.21620730014698, -10.522175466896135]]], [[[142.2200714472483, -10.5710204275314], [142.2200714472483, -10.5710204275314]]], [[[142.16496628863405, -10.225935501510849], [142.16496628863405, -10.225935501510849]]], [[[142.16703734001308, -10.200084451401608], [142.16703734001308, -10.200084451401608]]], [[[142.48791615689572, -10.235472449596989], [142.48791615689572, -10.235472449596989]]], [[[142.32629432133265, -10.07991546918599], [142.32629432133265, -10.07991546918599]]], [[[142.26493435368099, -10.075305465734138], [142.26493435368099, -10.075305465734138]]], [[[142.08905344874367, -10.09187842618567], [142.08905344874367, -10.09187842618567]]], [[[142.13342928309845, -9.269183451500698], [142.1758793609769, -9.28395345396127], [142.23310927893473, -9.289122427162921], [142.28499935764845, -9.283731439990449], [142.2573394402021, -9.25331241819305], [142.22193236262652, -9.22927344602632], [142.17445955297097, -9.248973423579931], [142.13226935347626, -9.263023421383702], [142.13342928309845, -9.269183451500698]]], [[[142.23469831245487, -9.225413406698255], [142.23469831245487, -9.225413406698255]]], [[[142.15783942376993, -9.243723462620402], [142.15783942376993, -9.243723462620402]]], [[[142.14656895479362, -9.231493241895256], [142.14656895479362, -9.231493241895256]]], [[[142.14762836507956, -9.225774481903871], [142.14762836507956, -9.225774481903871]]], [[[142.1552889842629, -9.236263222415584], [142.1552889842629, -9.236263222415584]]], [[[142.15386902436236, -9.235253252328814], [142.15386902436236, -9.235253252328814]]], [[[142.15515850467602, -9.228913412344719], [142.15515850467602, -9.228913412344719]]], [[[142.16038895450535, -9.22912324263399], [142.16038895450535, -9.22912324263399]]], [[[142.15219893462685, -9.231413302203778], [142.15219893462685, -9.231413302203778]]], [[[142.48752071610932, -10.24938224969514], [142.48752071610932, -10.24938224969514]]], [[[142.31488331394007, -10.217061459736646], [142.3379103250477, -10.183563460730543], [142.3313863575324, -10.143784500022505], [142.28864536990423, -10.127784477504658], [142.23693535203958, -10.121315444580354], [142.2087653010702, -10.155675463319502], [142.18595535990568, -10.190356432360145], [142.21382620683468, -10.22779543422237], [142.26285745424383, -10.243543447073565], [142.3028671536708, -10.229143459172153], [142.31488331394007, -10.217061459736646]]], [[[142.11938418449841, -10.149327488343857], [142.1574313418526, -10.173201450640597], [142.18922434287057, -10.135589452067226], [142.18924434528176, -10.092656461697286], [142.1640313078835, -10.061583460039452], [142.1200231888108, -10.07175846770893], [142.09127429781717, -10.10713846643901], [142.10888440488893, -10.14879748776345], [142.11938418449841, -10.149327488343857]]], [[[142.3573152982191, -10.116094461230142], [142.3573152982191, -10.116094461230142]]], [[[142.1778122976022, -10.591873455377169], [142.1778122976022, -10.591873455377169]]], [[[146.1497346227487, -18.009274802306], [146.1497346227487, -18.009274802306]]], [[[146.17279658885434, -18.03882977422493], [146.17279658885434, -18.03882977422493]]], [[[146.2023155958135, -18.05199877647465], [146.2023155958135, -18.05199877647465]]], [[[146.16685060003562, -18.028975783710965], [146.16685060003562, -18.028975783710965]]], [[[146.13325658599928, -17.982167870885306], [146.13325658599928, -17.982167870885306]]], [[[146.1984455772369, -18.03733377606945], [146.1984455772369, -18.03733377606945]]], [[[146.1967375969884, -18.041931775984796], [146.1967375969884, -18.041931775984796]]], [[[145.4456978786884, -14.667882693821984], [145.4456978786884, -14.667882693821984]]], [[[146.17217577473892, -17.964897793551078], [146.15153589906737, -17.92764806174169], [146.17028576496492, -17.963647823403708], [146.17217577473892, -17.964897793551078]]], [[[146.0046142168549, -16.925322832613638], [146.0046142168549, -16.925322832613638]]], [[[146.01664211824124, -17.15597084544987], [146.01664211824124, -17.15597084544987]]], [[[145.4946648760652, -16.2942971912408], [145.4946648760652, -16.2942971912408]]], [[[144.9254229306399, -14.606587667882566], [144.9254229306399, -14.606587667882566]]], [[[145.24993889969343, -14.659223690291327], [145.24993889969343, -14.659223690291327]]], [[[145.52035686297836, -14.828150700384947], [145.52035686297836, -14.828150700384947]]], [[[145.44203286705755, -14.692900693785429], [145.44203286705755, -14.692900693785429]]], [[[145.37366886173237, -15.090610692509795], [145.37366886173237, -15.090610692509795]]], [[[145.5074778797884, -14.744693708767512], [145.5074778797884, -14.744693708767512]]], [[[144.88432262605477, -14.560589434736212], [144.88432262605477, -14.560589434736212]]], [[[145.4573738955465, -14.702436704929077], [145.4573738955465, -14.702436704929077]]], [[[145.1966108971338, -14.734177667301855], [145.1966108971338, -14.734177667301855]]], [[[144.70787155558068, -14.557489132987914], [144.70787155558068, -14.557489132987914]]], [[[145.4429758095084, -15.74924371297424], [145.4429758095084, -15.74924371297424]]], [[[145.67949101219142, -16.728457207870203], [145.67949101219142, -16.728457207870203]]], [[[145.4243778673811, -15.112046706192722], [145.4243778673811, -15.112046706192722]]], [[[145.5700640443692, -16.389996607309783], [145.5700640443692, -16.389996607309783]]], [[[146.15668471358353, -17.73902863050725], [146.15668471358353, -17.73902863050725]]], [[[145.4174188478644, -15.110668695700168], [145.4174188478644, -15.110668695700168]]], [[[146.09299156770555, -17.228710261555587], [146.09299156770555, -17.228710261555587]]], [[[146.17770360707527, -17.67699868149833], [146.17770360707527, -17.67699868149833]]], [[[145.43572185352593, -15.019600706177423], [145.43572185352593, -15.019600706177423]]], [[[145.18885190743808, -14.735706676786737], [145.18885190743808, -14.735706676786737]]], [[[145.47511489321028, -14.858149707506314], [145.47511489321028, -14.858149707506314]]], [[[145.97310031154586, -16.76034336894516], [145.97310031154586, -16.76034336894516]]], [[[145.55837973556092, -16.383525696439424], [145.55837973556092, -16.383525696439424]]], [[[145.20336690883525, -14.70551067751414], [145.20336690883525, -14.70551067751414]]], [[[146.15810340010796, -17.654898769892426], [146.15810340010796, -17.654898769892426]]], [[[145.37663590010797, -14.698722689323873], [145.37663590010797, -14.698722689323873]]], [[[146.17075367767836, -17.67516872097994], [146.17075367767836, -17.67516872097994]]], [[[146.07690671040953, -17.20721977021449], [146.07690671040953, -17.20721977021449]]], [[[145.44767385242878, -15.025681697056479], [145.44767385242878, -15.025681697056479]]], [[[146.04368263764152, -17.52699977055914], [146.04368263764152, -17.52699977055914]]], [[[145.8958487167575, -16.88528037450786], [145.8958487167575, -16.88528037450786]]], [[[146.13926620765972, -17.95596801109633], [146.13926620765972, -17.95596801109633]]], [[[145.334382816174, -15.60737169426359], [145.334382816174, -15.60737169426359]]], [[[145.19236890877008, -14.714565676843348], [145.19236890877008, -14.714565676843348]]], [[[144.90591193544535, -14.553087666114498], [144.90591193544535, -14.553087666114498]]], [[[146.0062162070233, -16.921842832698516], [146.0062162070233, -16.921842832698516]]], [[[146.09394658806764, -17.22327974157788], [146.09394658806764, -17.22327974157788]]], [[[146.15946977282653, -17.7462977407705], [146.15946977282653, -17.7462977407705]]], [[[145.30477781244215, -15.132880708140167], [145.30477781244215, -15.132880708140167]]], [[[144.9566689460236, -14.507094669117274], [144.9566689460236, -14.507094669117274]]], [[[144.80405464914998, -14.434022838294824], [144.80405464914998, -14.434022838294824]]], [[[144.91583442799637, -14.509506286401761], [144.91583442799637, -14.509506286401761]]], [[[144.96553292435252, -14.52414365985958], [144.96553292435252, -14.52414365985958]]], [[[144.99652194159032, -14.540144662080374], [144.99652194159032, -14.540144662080374]]], [[[144.76806593586292, -14.507994646544715], [144.76806593586292, -14.507994646544715]]], [[[144.8786559363623, -14.418292643128058], [144.8786559363623, -14.418292643128058]]], [[[144.8908509825318, -14.463705674335174], [144.8908509825318, -14.463705674335174]]], [[[144.8675459479362, -14.546417653493746], [144.8675459479362, -14.546417653493746]]], [[[144.69693412190918, -14.474805621552155], [144.69693412190918, -14.474805621552155]]], [[[144.88135782164395, -14.198667641408395], [144.88135782164395, -14.198667641408395]]], [[[144.84996595478358, -14.319524660360305], [144.84996595478358, -14.319524660360305]]], [[[146.37127556985752, -43.74036459180864], [146.37127556985752, -43.74036459180864]]], [[[146.26222258410746, -43.66261434332291], [146.26222258410746, -43.66261434332291]]], [[[167.96325323755363, -29.07211737528212], [167.96325323755363, -29.07211737528212]]], [[[159.1068637421066, -31.539992168276715], [159.1068637421066, -31.539992168276715]]], [[[159.07267624268067, -31.50169292376602], [159.07267624268067, -31.50169292376602]]], [[[167.947472237947, -29.1275653732649], [167.947472237947, -29.1275653732649]]], [[[159.06341356142966, -31.515766962727103], [159.07638467331708, -31.554650844619196], [159.0686372073562, -31.59558185396735], [159.09879639857618, -31.5667116974786], [159.0811827474631, -31.526595145002684], [159.06341356142966, -31.515766962727103]]], [[[159.06846732328904, -31.501092953241695], [159.06846732328904, -31.501092953241695]]], [[[167.93321122409296, -29.05397233049069], [167.9833192185868, -29.057323378276898], [167.96622222808318, -29.018198365326693], [167.92694126554068, -28.999856369103224], [167.91933323827286, -29.03979836823365], [167.93321122409296, -29.05397233049069]]], [[[136.7230875029612, -11.082116231990401], [136.7230875029612, -11.082116231990401]]], [[[137.3501842981209, -34.481546387041014], [137.3427434770843, -34.52322042703129], [137.37586850307576, -34.500024468093834], [137.3501842981209, -34.481546387041014]]], [[[137.87934674826082, -33.33457710958541], [137.87934674826082, -33.33457710958541]]], [[[137.5082129085387, -34.00920024986784], [137.5082129085387, -34.00920024986784]]], [[[137.53314459606676, -33.98315447062778], [137.53314459606676, -33.98315447062778]]], [[[137.82216264810796, -32.56989975241089], [137.82216264810796, -32.56989975241089]]], [[[137.5387685137332, -34.010429401010036], [137.5387685137332, -34.010429401010036]]], [[[137.36306043738762, -34.457057377356755], [137.36306043738762, -34.457057377356755]]], [[[137.87413728919776, -33.33181645936665], [137.87413728919776, -33.33181645936665]]], [[[137.41242938033386, -34.44316038907551], [137.41242938033386, -34.44316038907551]]], [[[136.73834647480174, -11.00738622186722], [136.73834647480174, -11.00738622186722]]], [[[136.7241264732836, -11.0709882219327], [136.7241264732836, -11.0709882219327]]], [[[137.06994313168565, -15.857768071975196], [137.06994313168565, -15.857768071975196]]], [[[136.8585871506561, -35.374275585158934], [136.8585871506561, -35.374275585158934]]], [[[136.8352846425511, -35.21604140338941], [136.8352846425511, -35.21604140338941]]], [[[137.76994846589795, -35.82024239101188], [137.76994846589795, -35.82024239101188]]], [[[137.80106942073326, -35.82008346220452], [137.80106942073326, -35.82008346220452]]], [[[137.63903631884415, -35.623261474830585], [137.63903631884415, -35.623261474830585]]], [[[137.75209824981718, -35.803724430228144], [137.75209824981718, -35.803724430228144]]], [[[136.70032865148548, -36.065991933954564], [136.70032865148548, -36.065991933954564]]], [[[136.69272307176587, -36.08552344381499], [136.69272307176587, -36.08552344381499]]], [[[136.53452444763934, -35.90170343742447], [136.53452444763934, -35.90170343742447]]], [[[136.8288564828657, -35.230438433257326], [136.8288564828657, -35.230438433257326]]], [[[137.78294735354345, -35.823587431530385], [137.78294735354345, -35.823587431530385]]], [[[136.84043155273318, -35.19600642344306], [136.84043155273318, -35.19600642344306]]], [[[136.9055533756931, -35.32122243645484], [136.9055533756931, -35.32122243645484]]], [[[136.91885535258209, -35.33934841702647], [136.91885535258209, -35.33934841702647]]], [[[136.84805726265267, -35.36899268476458], [136.84805726265267, -35.36899268476458]]], [[[137.77827024473623, -35.81640246130716], [137.77827024473623, -35.81640246130716]]], [[[137.28854941650923, -35.99344372412014], [137.28854941650923, -35.99344372412014]]], [[[136.82753956172124, -36.03422745809548], [136.82753956172124, -36.03422745809548]]], [[[136.7974243972487, -13.853374236864633], [136.75617940000407, -13.835295135384621], [136.71685138286972, -13.810786053921753], [136.73536082325234, -13.770946024195437], [136.68953252585504, -13.76388674266897], [136.70146240658994, -13.72357624272588], [136.72959839612682, -13.694315253392514], [136.72935541751337, -13.65342524305503], [136.68847639938141, -13.66004823179856], [136.6752633987677, -13.698698231688132], [136.63238641045683, -13.714117240448408], [136.61305339264698, -13.677962249544905], [136.57478441406107, -13.694583238471294], [136.59871141169495, -13.729039249502831], [136.6296404089077, -13.765057230771431], [136.5941052100171, -13.787017709823978], [136.55828619092796, -13.815677948926748], [136.530837033356, -13.785028437819818], [136.51928941257006, -13.82732323779877], [136.46287939527747, -13.834180236098314], [136.42153022800025, -13.816419514677563], [136.41876987680246, -13.857979234926137], [136.43285906443418, -13.90849873576621], [136.4208389137137, -13.950258585730447], [136.41817861237524, -13.995998256015357], [136.42191811054238, -14.046557816536142], [136.4296373785889, -14.094227307156586], [136.42103713748904, -14.142307007276553], [136.39800731756924, -14.177886966852332], [136.34400848969324, -14.201827505389696], [136.32470863931277, -14.24609746515569], [136.3565879284312, -14.22009717592024], [136.39555699691144, -14.202316756972676], [136.43735599486487, -14.19628626821316], [136.4712283919986, -14.2284532395209], [136.52300038902104, -14.234377241182777], [136.5600784062124, -14.259031252543846], [136.60855540340955, -14.26478325411995], [136.6450843807095, -14.286653245455083], [136.69304238845737, -14.276667246906007], [136.73645237669112, -14.259709238164143], [136.78233536418287, -14.260835249655791], [136.81373839132988, -14.294810260948976], [136.85093936982793, -14.280101262044463], [136.88609437715382, -14.302657253378495], [136.92628635527197, -14.294363264635907], [136.940979355791, -14.256665254818085], [136.94377236712805, -14.213916254566128], [136.96327234770678, -14.167346254837037], [136.92350935998874, -14.162737263483958], [136.89576838012732, -14.201565242882655], [136.8540213621239, -14.208507261569089], [136.82701238471734, -14.175035240417683], [136.78953735753254, -14.151180249007234], [136.78415138635225, -14.194285249179412], [136.74000839898915, -14.18620024768778], [136.70444039160517, -14.165038246374296], [136.6990833932513, -14.124623235877674], [136.7165854035727, -14.087455236140205], [136.7504893727126, -14.059724237008306], [136.7864393915088, -14.039173258005249], [136.7623303740186, -14.002698246931514], [136.77089732531653, -13.951113216793006], [136.7931965254084, -13.914013527216204], [136.8362647732999, -13.909852818583236], [136.88400476311188, -13.842793149604045], [136.91203479287216, -13.807543310240897], [136.90694483458063, -13.76559355973468], [136.84673651821208, -13.750194397637172], [136.8331269476069, -13.788494407502297], [136.8060276379323, -13.820124506875818], [136.7974243972487, -13.853374236864633]]], [[[136.9485734533989, -15.736408966937876], [136.98378317049585, -15.758118628284747], [137.01629324682858, -15.805568429752045], [137.0494131636415, -15.838218191126375], [137.0885027220752, -15.815647602266385], [137.10624231250426, -15.77398714253468], [137.07344242550718, -15.745837421198988], [137.08270211663978, -15.698887131136628], [137.08167197825597, -15.65575698075682], [137.04449220106574, -15.639707399374124], [137.02062230381455, -15.602877568277483], [136.98586273478415, -15.634128097363655], [136.98828282319982, -15.674558237767606], [136.9639429858039, -15.64246835669911], [136.9414033558401, -15.67970878624683], [136.9400835144967, -15.719908986523981], [136.9485734533989, -15.736408966937876]]], [[[136.49726149142256, -11.413061227594431], [136.4740224812361, -11.449144217170005], [136.51444247000907, -11.43522822830672], [136.55596246889053, -11.416678219446966], [136.58272448881712, -11.38469522002281], [136.5995094793092, -11.348048210250425], [136.62338847944386, -11.3136852207208], [136.64888647001732, -11.263971231119482], [136.67406249012802, -11.229220221632419], [136.70938648940628, -11.207712232578634], [136.72003748050145, -11.161109232537717], [136.73534047119767, -11.121149232699823], [136.74988248195686, -11.080340232831508], [136.7636454927199, -11.040495222946841], [136.72165447427, -11.043782231631875], [136.7315414826061, -11.082724212264976], [136.7163594918276, -11.125011222126048], [136.705862490774, -11.170139232160077], [136.67191147124848, -11.197401221304913], [136.62958446244446, -11.213031220095885], [136.60806848217467, -11.248297209706754], [136.58330549209973, -11.281800209203457], [136.57952048096388, -11.321959219411964], [136.55010246124684, -11.350589228726667], [136.52504748123758, -11.38300122821109], [136.49726149142256, -11.413061227594431]]], [[[136.61733491958793, -15.555352194717392], [136.5969251420787, -15.517691823769022], [136.54222551477199, -15.534592822174632], [136.52006585470372, -15.576213721808971], [136.51339650355328, -15.622614291968674], [136.53918561095963, -15.653754343026913], [136.5831652285477, -15.646753684360226], [136.59913495899394, -15.605123244535312], [136.60484499014797, -15.560862474364226], [136.61733491958793, -15.555352194717392]]], [[[136.75035459849283, -15.646680929715723], [136.73569488793598, -15.68844132957407], [136.72814514676634, -15.73564165970606], [136.76836504409417, -15.742491211063507], [136.80444474255924, -15.723800662089191], [136.78782461485073, -15.686730641251906], [136.828644422363, -15.687480152590508], [136.80526431506618, -15.650280201529684], [136.76564444779092, -15.640390690161384], [136.75035459849283, -15.646680929715723]]], [[[136.87189371245768, -15.610399123395032], [136.88779337289532, -15.570788773602553], [136.87375328509188, -15.532028752830392], [136.84166368611943, -15.557389221978879], [136.83321393522706, -15.597469512021979], [136.84433410303012, -15.64130962273626], [136.88097364163943, -15.618209083756419], [136.87189371245768, -15.610399123395032]]], [[[136.4987223972255, -13.717300236272782], [136.46680040808573, -13.741406235474525], [136.49431239555943, -13.775410236602594], [136.53596842348, -13.773144247884868], [136.53412239506187, -13.72776424746214], [136.4987223972255, -13.717300236272782]]], [[[136.51616847837929, -11.797246221301233], [136.56012947668438, -11.791364212622492], [136.59240047619335, -11.763795223408763], [136.62787745542474, -11.740814224337655], [136.5874414770311, -11.744409223095712], [136.55860348730428, -11.774127232434841], [136.51633648871058, -11.786664221220548], [136.51616847837929, -11.797246221301233]]], [[[136.7979204556127, -12.118577242834386], [136.8232194458329, -12.07854424332701], [136.7979204556127, -12.118577242834386]]], [[[136.83722375605785, -15.566759321908183], [136.79306397893018, -15.560019830411882], [136.82763389599424, -15.585039521740116], [136.83722375605785, -15.566759321908183]]], [[[136.79040418721385, -15.61412019075687], [136.79040418721385, -15.61412019075687]]], [[[136.66417142044546, -13.66542524106649], [136.66417142044546, -13.66542524106649]]], [[[136.64680479608867, -15.60648238606415], [136.64680479608867, -15.60648238606415]]], [[[136.9294733677721, -13.639471249458106], [136.9294733677721, -13.639471249458106]]], [[[136.81513483114495, -15.745840692614003], [136.81513483114495, -15.745840692614003]]], [[[136.81921945969773, -11.66817823985632], [136.81921945969773, -11.66817823985632]]], [[[136.57789578491924, -13.663668498320394], [136.57789578491924, -13.663668498320394]]], [[[136.69628544711375, -12.209602230314086], [136.69628544711375, -12.209602230314086]]], [[[136.65992047100704, -11.83440422611092], [136.65992047100704, -11.83440422611092]]], [[[136.90769940790466, -13.6678992589705], [136.90769940790466, -13.6678992589705]]], [[[136.63211241181133, -13.673713240114342], [136.63211241181133, -13.673713240114342]]], [[[136.68726260037622, -13.632127331534734], [136.68726260037622, -13.632127331534734]]], [[[136.75098038512357, -13.691546154058264], [136.75098038512357, -13.691546154058264]]], [[[136.65449640128838, -13.654970240674304], [136.65449640128838, -13.654970240674304]]], [[[136.62406743884716, -12.866480243344872], [136.62406743884716, -12.866480243344872]]], [[[136.68467840046188, -13.633509241463328], [136.68467840046188, -13.633509241463328]]], [[[136.94879362256088, -15.75966909713089], [136.94879362256088, -15.75966909713089]]], [[[136.57224580130125, -13.782367959097712], [136.57224580130125, -13.782367959097712]]], [[[136.58214040274842, -13.722957238931247], [136.58214040274842, -13.722957238931247]]], [[[136.5316044061267, -13.699192237153541], [136.5316044061267, -13.699192237153541]]], [[[136.69376048224203, -11.139943211529184], [136.69376048224203, -11.139943211529184]]], [[[136.57154247365455, -11.870172223619294], [136.57154247365455, -11.870172223619294]]], [[[136.97258236395308, -14.260633245898017], [136.97258236395308, -14.260633245898017]]], [[[136.9581773460919, -14.221502255104518], [136.9581773460919, -14.221502255104518]]], [[[136.9265443869815, -13.66672923958176], [136.9265443869815, -13.66672923958176]]], [[[136.67072742634574, -12.87496924489304], [136.67072742634574, -12.87496924489304]]], [[[136.9771527064104, -15.603068036824622], [136.9771527064104, -15.603068036824622]]], [[[136.93005636305077, -14.352404255227773], [136.93005636305077, -14.352404255227773]]], [[[136.95639337356775, -14.296660265650864], [136.95639337356775, -14.296660265650864]]], [[[136.7178253264672, -15.762502009586784], [136.7178253264672, -15.762502009586784]]], [[[136.62298839237536, -13.670793239801649], [136.62298839237536, -13.670793239801649]]], [[[136.90557343022687, -15.616428814554133], [136.90557343022687, -15.616428814554133]]], [[[136.72539472976618, -15.653301268961245], [136.72539472976618, -15.653301268961245]]], [[[136.72793343316934, -12.888542236829617], [136.72793343316934, -12.888542236829617]]], [[[136.9674093647334, -14.246249255610282], [136.9674093647334, -14.246249255610282]]], [[[136.79167538922152, -14.098244258650558], [136.79167538922152, -14.098244258650558]]], [[[136.65361471635632, -15.586622066123606], [136.65361471635632, -15.586622066123606]]], [[[136.60168641351535, -13.669307239115936], [136.60168641351535, -13.669307239115936]]], [[[136.95580240119966, -15.50389765532051], [136.95580240119966, -15.50389765532051]]], [[[136.82098837947228, -14.337597261529156], [136.82098837947228, -14.337597261529156]]], [[[136.95187635182143, -14.353740255960773], [136.95187635182143, -14.353740255960773]]], [[[136.88177414803823, -15.719399694590452], [136.88177414803823, -15.719399694590452]]], [[[136.66022238905748, -14.311550256137203], [136.66022238905748, -14.311550256137203]]], [[[137.10397219360186, -15.747447042245444], [137.10397219360186, -15.747447042245444]]], [[[136.71907450160586, -15.610821138418727], [136.71907450160586, -15.610821138418727]]], [[[136.97512286478317, -15.65229827715034], [136.97512286478317, -15.65229827715034]]], [[[136.91958268354466, -15.49843806407487], [136.91958268354466, -15.49843806407487]]], [[[136.5919753737358, -13.677698268876988], [136.5919753737358, -13.677698268876988]]], [[[137.0830719683062, -15.65202696077433], [137.0830719683062, -15.65202696077433]]], [[[136.90924942595646, -12.25834122759316], [136.90924942595646, -12.25834122759316]]], [[[137.0763123192, -15.638477260437407], [137.0763123192, -15.638477260437407]]], [[[136.9296832083375, -15.628998655452813], [136.9296832083375, -15.628998655452813]]], [[[136.95968274813336, -15.583968116089757], [136.95968274813336, -15.583968116089757]]], [[[136.7299350773427, -15.715761559605548], [136.7299350773427, -15.715761559605548]]], [[[136.69674844614067, -12.238521190563606], [136.69674844614067, -12.238521190563606]]], [[[136.83345432289647, -15.663879922559751], [136.83345432289647, -15.663879922559751]]], [[[136.95833362097991, -15.78790913767378], [136.95833362097991, -15.78790913767378]]], [[[136.82870461126046, -15.718980352843706], [136.82870461126046, -15.718980352843706]]], [[[136.54472739446098, -13.729439237807764], [136.54472739446098, -13.729439237807764]]], [[[136.68553746973961, -11.226940221977594], [136.68553746973961, -11.226940221977594]]], [[[136.6733794689271, -12.18552022938997], [136.6733794689271, -12.18552022938997]]], [[[136.78530244865888, -12.04381123181937], [136.78530244865888, -12.04381123181937]]], [[[136.85084321500275, -15.573669242409935], [136.85084321500275, -15.573669242409935]]], [[[136.77359505328772, -15.75662127134603], [136.77359505328772, -15.75662127134603]]], [[[136.62916741251496, -13.657038249886664], [136.62916741251496, -13.657038249886664]]], [[[137.10301217403094, -15.737187012130834], [137.10301217403094, -15.737187012130834]]], [[[136.75029945627116, -12.162274241656728], [136.75029945627116, -12.162274241656728]]], [[[136.79845491210523, -15.747280882080958], [136.79845491210523, -15.747280882080958]]], [[[136.89764394748403, -15.707899455022366], [136.89764394748403, -15.707899455022366]]], [[[136.6766846148383, -15.590621686894261], [136.6766846148383, -15.590621686894261]]], [[[136.6743385769493, -12.244461489898825], [136.6743385769493, -12.244461489898825]]], [[[146.2509036067184, -43.66122643247986], [146.2509036067184, -43.66122643247986]]], [[[147.9665235373899, -39.65850379243847], [148.01008807036408, -39.65164676591307], [147.9683180974325, -39.65575996256666], [147.9665235373899, -39.65850379243847]]], [[[147.12558228873615, -39.52374800526377], [147.12558228873615, -39.52374800526377]]], [[[148.34350517173928, -40.49830102810657], [148.34350517173928, -40.49830102810657]]], [[[148.4959237520709, -40.43524821030425], [148.4959237520709, -40.43524821030425]]], [[[147.7271304580015, -40.128727966056296], [147.7271304580015, -40.128727966056296]]], [[[147.67513820657533, -39.68907904930251], [147.67513820657533, -39.68907904930251]]], [[[146.63830409389607, -39.47577587783011], [146.63830409389607, -39.47577587783011]]], [[[147.37463000362138, -39.44435812414269], [147.37463000362138, -39.44435812414269]]], [[[146.38792797063303, -39.224757477611], [146.38792797063303, -39.224757477611]]], [[[146.29286126605768, -39.15777789016995], [146.29286126605768, -39.15777789016995]]], [[[146.35623850689413, -39.13883625474291], [146.35623850689413, -39.13883625474291]]], [[[147.3184034671477, -39.495960320061336], [147.35789580188845, -39.48107568305525], [147.331144050702, -39.45073636078333], [147.30606589092753, -39.48416709902845], [147.3184034671477, -39.495960320061336]]], [[[147.27284530868428, -39.471017966362155], [147.30341938682736, -39.442400408570876], [147.27034827968436, -39.466807976142555], [147.27284530868428, -39.471017966362155]]], [[[146.98322373397568, -39.21540595245531], [146.98322373397568, -39.21540595245531]]], [[[146.99652247200024, -39.21202580345434], [146.99652247200024, -39.21202580345434]]], [[[146.31047900293214, -39.15723998146806], [146.31047900293214, -39.15723998146806]]], [[[148.30546629793946, -40.50502155502382], [148.30546629793946, -40.50502155502382]]], [[[147.89538155252473, -40.378520030991154], [147.89538155252473, -40.378520030991154]]], [[[147.88835036728835, -39.691062286344156], [147.929471658222, -39.70253117971844], [147.8889623581281, -39.68398805635086], [147.88835036728835, -39.691062286344156]]], [[[150.01485628762748, -22.625503431576384], [150.01485628762748, -22.625503431576384]]], [[[150.00986093895466, -22.61676212106284], [150.00986093895466, -22.61676212106284]]], [[[150.0125263477277, -22.626493441378997], [150.0125263477277, -22.626493441378997]]], [[[148.10897686867426, -40.54958344924977], [148.10897686867426, -40.54958344924977]]], [[[144.7046466821984, -40.50648383595366], [144.7046466821984, -40.50648383595366]]], [[[148.02375313233466, -40.350458131173966], [147.98300504826364, -40.36279239795473], [148.02492467149284, -40.354963421295224], [148.02375313233466, -40.350458131173966]]], [[[148.04931976877717, -40.34157462319043], [148.04931976877717, -40.34157462319043]]], [[[147.92221077339155, -40.335614002895916], [147.92221077339155, -40.335614002895916]]], [[[148.0707834123068, -40.287022934607656], [148.0707834123068, -40.287022934607656]]], [[[148.3182214026811, -39.95269583280167], [148.3182214026811, -39.95269583280167]]], [[[148.35878801559716, -39.94992170611642], [148.35878801559716, -39.94992170611642]]], [[[147.77137241366492, -39.9519297085358], [147.77137241366492, -39.9519297085358]]], [[[148.35963090403573, -39.96005378624616], [148.35963090403573, -39.96005378624616]]], [[[147.77405421440272, -39.94277958869549], [147.77405421440272, -39.94277958869549]]], [[[147.77223111546527, -39.93739356851787], [147.77223111546527, -39.93739356851787]]], [[[145.29427236193334, -42.190463405871334], [145.29427236193334, -42.190463405871334]]], [[[148.26354723483988, -42.17666548115224], [148.26354723483988, -42.17666548115224]]], [[[145.29982624194676, -42.18141102620994], [145.29982624194676, -42.18141102620994]]], [[[145.30070019179453, -42.18120802626992], [145.30070019179453, -42.18120802626992]]], [[[147.77719178258673, -40.02603531944085], [147.74731678264487, -40.066612277297395], [147.7262988416164, -40.1031248358385], [147.76254191764542, -40.082686258607275], [147.78268104927304, -40.04302146998012], [147.77719178258673, -40.02603531944085]]], [[[147.8911816920132, -40.09556171898333], [147.8911816920132, -40.09556171898333]]], [[[147.84407005990093, -40.028217144804024], [147.84407005990093, -40.028217144804024]]], [[[147.91631492360517, -40.12299768116603], [147.91631492360517, -40.12299768116603]]], [[[148.35332758300046, -42.202942098666234], [148.35332758300046, -42.202942098666234]]], [[[148.2424043418851, -40.561335270190696], [148.2424043418851, -40.561335270190696]]], [[[147.84024800392052, -40.29775000609194], [147.87058131448654, -40.32520534868602], [147.9089077005361, -40.301703591626215], [147.86810851877323, -40.29727877832312], [147.84024800392052, -40.29775000609194]]], [[[148.13361971886434, -40.29936789978156], [148.13361971886434, -40.29936789978156]]], [[[148.1081923340091, -40.296507087698565], [148.1081923340091, -40.296507087698565]]], [[[147.79927854190421, -40.29541834279884], [147.79927854190421, -40.29541834279884]]], [[[148.3087052656155, -40.303470304102945], [148.3087052656155, -40.303470304102945]]], [[[148.11279571393482, -40.29083746803897], [148.11279571393482, -40.29083746803897]]], [[[148.3193584840931, -40.300149374957236], [148.3193584840931, -40.300149374957236]]], [[[147.90264719847116, -40.17921535039987], [147.90264719847116, -40.17921535039987]]], [[[147.97372235319065, -40.19416389621107], [147.97372235319065, -40.19416389621107]]], [[[148.2456374478706, -40.22818985849391], [148.2456374478706, -40.22818985849391]]], [[[147.94200372775973, -40.13084947327996], [147.94200372775973, -40.13084947327996]]], [[[147.8915136161591, -40.13806609926179], [147.8915136161591, -40.13806609926179]]], [[[148.14316695472712, -42.068904710723295], [148.14316695472712, -42.068904710723295]]], [[[148.14238118433053, -42.072676910680414], [148.14238118433053, -42.072676910680414]]], [[[148.19738893285998, -42.07618035518334], [148.19738893285998, -42.07618035518334]]], [[[148.31207080990436, -41.87349210343261], [148.31207080990436, -41.87349210343261]]], [[[148.31176980025427, -41.87151510339679], [148.31176980025427, -41.87151510339679]]], [[[148.24478148555124, -41.99378346859469], [148.24478148555124, -41.99378346859469]]], [[[147.77762041844727, -39.90786927877243], [147.77762041844727, -39.90786927877243]]], [[[147.78373365532286, -39.92268830934899], [147.78373365532286, -39.92268830934899]]], [[[147.76865105956256, -39.83750797763679], [147.76865105956256, -39.83750797763679]]], [[[147.82462789129784, -39.82239718202117], [147.82462789129784, -39.82239718202117]]], [[[147.85207866385588, -39.76594316388262], [147.85207866385588, -39.76594316388262]]], [[[148.29158938630061, -41.85747568166245], [148.29158938630061, -41.85747568166245]]], [[[144.9355963720584, -41.72596080851625], [144.9355963720584, -41.72596080851625]]], [[[144.71636265860755, -40.604290837304646], [144.71636265860755, -40.604290837304646]]], [[[144.77366965686167, -40.61029583121135], [144.77366965686167, -40.61029583121135]]], [[[144.9257286323118, -40.569889851319516], [144.9257286323118, -40.569889851319516]]], [[[144.93814563077666, -40.56263485212636], [144.93814563077666, -40.56263485212636]]], [[[144.8114856537952, -40.57412883356665], [144.8114856537952, -40.57412883356665]]], [[[147.9037291547297, -39.98497239933489], [147.8713111374931, -40.00878502687303], [147.90182921793152, -40.03757300949477], [147.94730506668637, -40.058272603276585], [147.95365492994958, -40.098992014029726], [147.99481601247777, -40.09777978734258], [148.01694551304277, -40.13664387936073], [148.0362163720502, -40.190572491238484], [148.02970855770053, -40.230982160950916], [148.0657537972556, -40.25799155402868], [148.10702374849788, -40.265657617421596], [148.14881081068515, -40.265795560818965], [148.18874289598944, -40.24599527395431], [148.21028767688165, -40.21068184550285], [148.25476474833778, -40.2126297691482], [148.31240210624514, -40.22248061392736], [148.31842902068007, -40.18266789418601], [148.2931555654514, -40.11024124168414], [148.25114699108315, -40.12574604833746], [148.27217891244314, -40.0878658998333], [148.28588316515922, -40.050012880730435], [148.2792727721214, -40.008584389942534], [148.2911399059515, -39.96510536065546], [148.24639551470617, -39.96141904697162], [148.2049808745707, -39.945220493492876], [148.1437903895631, -39.91813620834679], [148.107978459339, -39.894895935297896], [148.03857490298657, -39.815066169195745], [148.0075949534222, -39.78009101648186], [147.9606761187867, -39.73011871239674], [147.9840848689893, -39.77082251452825], [147.95771516825903, -39.73803200220552], [147.9141996852992, -39.74492486874405], [147.8755628704746, -39.759067045725025], [147.86267081761443, -39.797847544922696], [147.84060791658615, -39.83555906337947], [147.7996507231162, -39.84302361014616], [147.76395076650977, -39.8666711974356], [147.78749212756873, -39.90087110951933], [147.83175358886984, -39.90484558308355], [147.87526896030116, -39.90887408659611], [147.9017614498934, -39.949611108966344], [147.9037291547297, -39.98497239933489]]], [[[148.28880543361404, -40.272790462290544], [148.28880543361404, -40.272790462290544]]], [[[148.24789610386497, -40.25394076883086], [148.24789610386497, -40.25394076883086]]], [[[147.9145974626302, -40.278676271948015], [147.9145974626302, -40.278676271948015]]], [[[148.20159169296574, -40.25053017502896], [148.20159169296574, -40.25053017502896]]], [[[148.28104221725016, -40.2571022315619], [148.28104221725016, -40.2571022315619]]], [[[149.8618487870714, -22.169674144320794], [149.87758437174907, -22.20916496602997], [149.91860353869862, -22.204994739595435], [149.92065294362408, -22.15465482935487], [149.91628232903847, -22.104794918554077], [149.91037204414184, -22.05923506765393], [149.8788129035437, -22.09141520515372], [149.87282349992117, -22.132285164970252], [149.8618487870714, -22.169674144320794]]], [[[150.01393581073805, -22.10562313715812], [149.97353155250667, -22.12169458373081], [149.93659253324648, -22.14510474067601], [149.97530194859053, -22.158814464197114], [150.00870097890433, -22.1280043268835], [150.01393581073805, -22.10562313715812]]], [[[149.91390390658884, -22.229744699389308], [149.91390390658884, -22.229744699389308]]], [[[149.84611679473068, -22.00768412158844], [149.84611679473068, -22.00768412158844]]], [[[149.87932482723497, -22.25232485654296], [149.87932482723497, -22.25232485654296]]], [[[149.91966346906688, -22.200474719650792], [149.91966346906688, -22.200474719650792]]], [[[149.87996000648593, -22.259193086655984], [149.87996000648593, -22.259193086655984]]], [[[149.56099214057454, -21.98822611662619], [149.56099214057454, -21.98822611662619]]], [[[149.90762205193911, -22.477863130906737], [149.90762205193911, -22.477863130906737]]], [[[149.65783568343764, -21.97838691493032], [149.65783568343764, -21.97838691493032]]], [[[149.9650409670808, -22.477142155949917], [149.9650409670808, -22.477142155949917]]], [[[149.7564339214807, -22.413014067135563], [149.7564339214807, -22.413014067135563]]], [[[149.57350392585388, -22.12563602885527], [149.57350392585388, -22.12563602885527]]], [[[149.8047978103134, -21.986575087797636], [149.8047978103134, -21.986575087797636]]], [[[149.89151889716618, -22.242783127532977], [149.89151889716618, -22.242783127532977]]], [[[149.75794864280732, -22.39857526714741], [149.75794864280732, -22.39857526714741]]], [[[149.930127832235, -22.160473100236146], [149.930127832235, -22.160473100236146]]], [[[149.93869795502857, -22.224413151523816], [149.93869795502857, -22.224413151523816]]], [[[149.93705710356303, -22.141593070687495], [149.93705710356303, -22.141593070687495]]], [[[149.91364989893736, -22.30542312999871], [149.91364989893736, -22.30542312999871]]], [[[150.12455665812627, -21.942014065572533], [150.12455665812627, -21.942014065572533]]], [[[149.87292887227377, -22.207874105611005], [149.87292887227377, -22.207874105611005]]], [[[149.8883699648726, -22.268073127467797], [149.8883699648726, -22.268073127467797]]], [[[149.9882948276644, -22.058613084503705], [149.9882948276644, -22.058613084503705]]], [[[149.86853901867485, -22.148204094727728], [149.86853901867485, -22.148204094727728]]], [[[149.97151592118706, -22.037743152850904], [149.97151592118706, -22.037743152850904]]], [[[149.8742597697298, -22.23191409592842], [149.8742597697298, -22.23191409592842]]], [[[149.93266797742436, -22.20582309083836], [149.93266797742436, -22.20582309083836]]], [[[149.94017792435534, -22.229813131699064], [149.94017792435534, -22.229813131699064]]], [[[149.84915876021188, -22.149184113038004], [149.84915876021188, -22.149184113038004]]], [[[149.6140021394995, -22.054776071768217], [149.6140021394995, -22.054776071768217]]], [[[149.92942903217056, -22.26033314100887], [149.92942903217056, -22.26033314100887]]], [[[149.8308279342001, -22.025684120400918], [149.8308279342001, -22.025684120400918]]], [[[149.8405479524788, -22.034684131326834], [149.8405479524788, -22.034684131326834]]], [[[150.12707191692954, -21.951703165876815], [150.12707191692954, -21.951703165876815]]], [[[149.9126869039041, -22.059664077860813], [149.9126869039041, -22.059664077860813]]], [[[150.13441198577158, -21.957063116572797], [150.13441198577158, -21.957063116572797]]], [[[150.12054191769676, -21.949513095279443], [150.12054191769676, -21.949513095279443]]], [[[149.5953541322351, -22.143415090893747], [149.5953541322351, -22.143415090893747]]], [[[149.77497092523163, -22.360106108312056], [149.77497092523163, -22.360106108312056]]], [[[149.65898569269976, -21.9848168850839], [149.65898569269976, -21.9848168850839]]], [[[149.87782704471107, -21.981534094147914], [149.87782704471107, -21.981534094147914]]], [[[149.89404611438164, -21.971354105485297], [149.89404611438164, -21.971354105485297]]], [[[149.59875110035424, -21.958616109643952], [149.59875110035424, -21.958616109643952]]], [[[149.8937170618601, -21.99662412566799], [149.8937170618601, -21.99662412566799]]], [[[149.57745207222362, -21.957746067794083], [149.57745207222362, -21.957746067794083]]], [[[149.66037988594016, -21.951166084923457], [149.66037988594016, -21.951166084923457]]], [[[148.0665593706771, -42.67440467784754], [148.034294323612, -42.69885588536647], [148.014563151139, -42.74251636400803], [148.052103026555, -42.72184381693489], [148.09303309834888, -42.720873380250346], [148.06821766932345, -42.68122343801936], [148.10293008537278, -42.66030788072288], [148.14452426585393, -42.66735945414459], [148.1421314824129, -42.62671225372699], [148.12376648167978, -42.58958373202885], [148.08313188133616, -42.580119298675235], [148.04813783502672, -42.60311560596344], [148.03878605100283, -42.643007615424544], [148.0665593706771, -42.67440467784754]]], [[[148.2951526352808, -42.33309308461148], [148.33886553481412, -42.34438953826298], [148.31556295463986, -42.309890236157564], [148.27490572470447, -42.297084162752085], [148.2360696910655, -42.306736409626765], [148.27311967056065, -42.32735775277366], [148.2951526352808, -42.33309308461148]]], [[[147.97674440079624, -42.32296687864491], [147.97674440079624, -42.32296687864491]]], [[[147.45847298061986, -42.77228902980359], [147.45847298061986, -42.77228902980359]]], [[[145.50630524899987, -42.34482307162265], [145.50630524899987, -42.34482307162265]]], [[[148.3113618680054, -42.3600402260907], [148.3113618680054, -42.3600402260907]]], [[[147.19564016015522, -42.73343547905574], [147.19564016015522, -42.73343547905574]]], [[[148.0680837669035, -42.56319447736126], [148.0680837669035, -42.56319447736126]]], [[[145.44759290234438, -42.33438196741911], [145.44759290234438, -42.33438196741911]]], [[[145.44595203556193, -42.389911417605866], [145.44595203556193, -42.389911417605866]]], [[[147.18992334110874, -42.73497658862053], [147.18992334110874, -42.73497658862053]]], [[[147.55880485400903, -42.81363509794132], [147.55880485400903, -42.81363509794132]]], [[[147.94424615440835, -42.3429664861339], [147.94424615440835, -42.3429664861339]]], [[[147.48882246744964, -42.82007786245263], [147.48882246744964, -42.82007786245263]]], [[[145.27621842283946, -42.6057208868668], [145.27621842283946, -42.6057208868668]]], [[[145.2741761892744, -42.5586820664702], [145.2741761892744, -42.5586820664702]]], [[[147.976583173705, -42.6427269303927], [147.976583173705, -42.6427269303927]]], [[[147.95142096368318, -42.338052316685165], [147.95142096368318, -42.338052316685165]]], [[[147.19347833012208, -42.73677557890614], [147.19347833012208, -42.73677557890614]]], [[[145.38040178947003, -42.774945055073985], [145.38040178947003, -42.774945055073985]]], [[[148.02639247092847, -42.25402290227606], [148.02639247092847, -42.25402290227606]]], [[[147.93672076126123, -42.646513787197954], [147.93672076126123, -42.646513787197954]]], [[[145.27184887628815, -42.271272124746986], [145.27184887628815, -42.271272124746986]]], [[[147.95702790229527, -42.339818267147116], [147.95702790229527, -42.339818267147116]]], [[[147.14997898678365, -42.75270403562111], [147.14997898678365, -42.75270403562111]]], [[[144.9232046511354, -40.58403585122832], [144.93492260365315, -40.62846284228376], [144.93615061812915, -40.58841685213801], [144.9232046511354, -40.58403585122832]]], [[[149.06694632249443, -20.525954012149278], [149.08201629528548, -20.484323983068336], [149.08711530877807, -20.443434013152455], [149.069866285996, -20.48672401206352], [149.04314711519373, -20.51693404006691], [149.06694632249443, -20.525954012149278]]], [[[149.62373125709541, -20.857009092540945], [149.58053704971073, -20.86499014887126], [149.61661116496379, -20.884469062156644], [149.62373125709541, -20.857009092540945]]], [[[149.43433524485914, -20.930420086830466], [149.43433524485914, -20.930420086830466]]], [[[149.0292460624788, -20.451444008341927], [149.0292460624788, -20.451444008341927]]], [[[149.3952951089938, -20.919629053391034], [149.3952951089938, -20.919629053391034]]], [[[149.2756652808299, -20.79128105208554], [149.2756652808299, -20.79128105208554]]], [[[149.68389360590174, -21.328145041735905], [149.68389360590174, -21.328145041735905]]], [[[149.8011990599588, -21.593757014189137], [149.8011990599588, -21.593757014189137]]], [[[148.89698131489996, -20.851613960622277], [148.89698131489996, -20.851613960622277]]], [[[149.2818950992343, -20.802761012713372], [149.2818950992343, -20.802761012713372]]], [[[149.14760177099797, -20.68565361031581], [149.14760177099797, -20.68565361031581]]], [[[149.47962731270516, -21.833388398314803], [149.47962731270516, -21.833388398314803]]], [[[149.07292241096138, -20.64231426363753], [149.07292241096138, -20.64231426363753]]], [[[149.18582127785086, -20.68734338356922], [149.18582127785086, -20.68734338356922]]], [[[149.89516299985738, -21.017248047554062], [149.89516299985738, -21.017248047554062]]], [[[149.10159630756377, -20.54956299527386], [149.10159630756377, -20.54956299527386]]], [[[149.4058131827912, -20.768830043018138], [149.4058131827912, -20.768830043018138]]], [[[149.47333751956992, -20.747561168635773], [149.47333751956992, -20.747561168635773]]], [[[149.6157457953413, -20.779220281191225], [149.6157457953413, -20.779220281191225]]], [[[149.71094334118436, -21.45453484515104], [149.71094334118436, -21.45453484515104]]], [[[150.11101684026178, -21.932114164289278], [150.11101684026178, -21.932114164289278]]], [[[149.8347890503605, -21.662186627700578], [149.8347890503605, -21.662186627700578]]], [[[149.13296022292334, -20.467824397233418], [149.13296022292334, -20.467824397233418]]], [[[149.79261142625953, -21.837756455486744], [149.79261142625953, -21.837756455486744]]], [[[149.2012511067944, -20.685793294865476], [149.2012511067944, -20.685793294865476]]], [[[149.48809482501656, -21.599968977087855], [149.48809482501656, -21.599968977087855]]], [[[149.08255070015275, -20.43266484267595], [149.08255070015275, -20.43266484267595]]], [[[149.91653618024966, -21.496776563475475], [149.91653618024966, -21.496776563475475]]], [[[149.82401033999082, -21.374366554337012], [149.82401033999082, -21.374366554337012]]], [[[149.84068193159973, -21.444946066389647], [149.84068193159973, -21.444946066389647]]], [[[149.78964910098637, -20.989247088085133], [149.78964910098637, -20.989247088085133]]], [[[149.65390518861304, -21.929787064182666], [149.65390518861304, -21.929787064182666]]], [[[149.0628726509084, -20.65110431286415], [149.0628726509084, -20.65110431286415]]], [[[149.8887221221625, -21.500275111063935], [149.8887221221625, -21.500275111063935]]], [[[148.87321413894153, -20.616886056654707], [148.87321413894153, -20.616886056654707]]], [[[148.8797369498801, -20.601536937070158], [148.8797369498801, -20.601536937070158]]], [[[148.92067112261643, -20.855954052641966], [148.92067112261643, -20.855954052641966]]], [[[149.66729800771012, -21.72680608364486], [149.66729800771012, -21.72680608364486]]], [[[148.9329361818215, -20.854114903654093], [148.9329361818215, -20.854114903654093]]], [[[149.0808462814505, -20.52561300331909], [149.0808462814505, -20.52561300331909]]], [[[149.81931588541315, -21.824095117705774], [149.81931588541315, -21.824095117705774]]], [[[149.86196805407374, -21.602846609581473], [149.86196805407374, -21.602846609581473]]], [[[149.46489932242332, -20.93062060945782], [149.46489932242332, -20.93062060945782]]], [[[149.03514125436695, -20.42672524862895], [149.03514125436695, -20.42672524862895]]], [[[149.77668507426657, -21.670896112696788], [149.77668507426657, -21.670896112696788]]], [[[149.11252148268264, -20.591894166555203], [149.11252148268264, -20.591894166555203]]], [[[149.87923661619985, -21.4676468899576], [149.87923661619985, -21.4676468899576]]], [[[149.03241174007988, -20.474175118800897], [149.03241174007988, -20.474175118800897]]], [[[149.79708588466056, -21.850005125980182], [149.79708588466056, -21.850005125980182]]], [[[149.46052916167233, -21.45341811348598], [149.46052916167233, -21.45341811348598]]], [[[149.1482792524097, -20.983471012886866], [149.1482792524097, -20.983471012886866]]], [[[149.90793623251372, -21.48116665258901], [149.90793623251372, -21.48116665258901]]], [[[149.10495512527598, -20.46580306484855], [149.10495512527598, -20.46580306484855]]], [[[149.26840167438152, -21.174631604699652], [149.26840167438152, -21.174631604699652]]], [[[149.24669472725256, -21.16296866275336], [149.24669472725256, -21.16296866275336]]], [[[149.87118665782796, -21.457906949170056], [149.87118665782796, -21.457906949170056]]], [[[149.16182716329155, -20.754552052102955], [149.16182716329155, -20.754552052102955]]], [[[149.141907299771, -20.703142069981517], [149.141907299771, -20.703142069981517]]], [[[148.93123097114153, -20.86270405358358], [148.93123097114153, -20.86270405358358]]], [[[149.9207210901971, -21.493905083818838], [149.9207210901971, -21.493905083818838]]], [[[148.76589199023502, -20.692325028347234], [148.76589199023502, -20.692325028347234]]], [[[148.86264634294838, -20.5830960054865], [148.86264634294838, -20.5830960054865]]], [[[149.66156505332938, -21.47341711101955], [149.66156505332938, -21.47341711101955]]], [[[149.932417878256, -21.104016081558097], [149.932417878256, -21.104016081558097]]], [[[149.13932718247307, -20.67698302954203], [149.13932718247307, -20.67698302954203]]], [[[148.81765714382817, -20.504536971069676], [148.81765714382817, -20.504536971069676]]], [[[149.13812727894808, -20.714842079760437], [149.13812727894808, -20.714842079760437]]], [[[149.7862459389302, -21.81636509475162], [149.7862459389302, -21.81636509475162]]], [[[149.15309611365916, -20.653333020507848], [149.15309611365916, -20.653333020507848]]], [[[149.7181750150527, -21.51034609624954], [149.7181750150527, -21.51034609624954]]], [[[149.11221526216323, -20.492623065689195], [149.11221526216323, -20.492623065689195]]], [[[149.00465627689644, -20.424804006047577], [149.00465627689644, -20.424804006047577]]], [[[149.08672143010787, -20.53494452389397], [149.08672143010787, -20.53494452389397]]], [[[149.47556426158732, -20.930549060374297], [149.47556426158732, -20.930549060374297]]], [[[149.65740650363412, -21.37271422981158], [149.65740650363412, -21.37271422981158]]], [[[149.10099512842842, -20.435864034260405], [149.10099512842842, -20.435864034260405]]], [[[149.54537399629265, -21.030499107232725], [149.54537399629265, -21.030499107232725]]], [[[149.63680277521198, -21.67660786057813], [149.63680277521198, -21.67660786057813]]], [[[149.06175003524692, -20.921142045048764], [149.06175003524692, -20.921142045048764]]], [[[148.8460650992465, -20.42343105275246], [148.8460650992465, -20.42343105275246]]], [[[149.82641402666349, -21.606066066496517], [149.82641402666349, -21.606066066496517]]], [[[149.66951705835925, -21.718436083767333], [149.66951705835925, -21.718436083767333]]], [[[149.06274727454556, -20.612983032531314], [149.06274727454556, -20.612983032531314]]], [[[148.95816114809796, -20.872333065923044], [148.95816114809796, -20.872333065923044]]], [[[149.50212892344075, -21.60426809833253], [149.50212892344075, -21.60426809833253]]], [[[148.87655614171052, -20.79665900845107], [148.87655614171052, -20.79665900845107]]], [[[149.3995199629746, -21.490909038563153], [149.3995199629746, -21.490909038563153]]], [[[149.76977486182216, -21.600876111505873], [149.76977486182216, -21.600876111505873]]], [[[148.84998224461302, -20.788094046159305], [148.84998224461302, -20.788094046159305]]], [[[149.82601197033932, -21.3692460844689], [149.82601197033932, -21.3692460844689]]], [[[148.8546820236084, -20.794813986608286], [148.8546820236084, -20.794813986608286]]], [[[149.80533602496584, -21.840125106618164], [149.80533602496584, -21.840125106618164]]], [[[149.2078060348461, -20.70077201554866], [149.2078060348461, -20.70077201554866]]], [[[149.23178597992305, -20.732521057854537], [149.23178597992305, -20.732521057854537]]], [[[149.08892614262177, -20.50672301384123], [149.08892614262177, -20.50672301384123]]], [[[147.73388924680683, -43.09269431335759], [147.70340072875777, -43.122132061085495], [147.6945607138987, -43.167204080623776], [147.7277987323455, -43.19839308344014], [147.7690787318722, -43.2110230768039], [147.79973368080783, -43.242327069423894], [147.81498272337234, -43.20400708043946], [147.85583767536463, -43.200756083698316], [147.87033471968937, -43.15182707459947], [147.85988718768738, -43.11287739355072], [147.89468605668156, -43.13819598648349], [147.89631789033152, -43.178251366830246], [147.9317645998726, -43.19884097979469], [147.97148373890636, -43.21683272309511], [148.01148042985713, -43.22170512635383], [147.97270233073482, -43.203038543119376], [147.98317305564026, -43.156097883712604], [147.95281846620884, -43.127691701109285], [147.9622435001994, -43.088154611656556], [147.94907937916233, -43.04656734037006], [147.93051070849071, -43.009880538674985], [147.96133061599951, -42.98405269102029], [147.99951453110754, -42.964193023996806], [147.9988662286752, -42.9145525236752], [147.97313103863684, -42.88328049142622], [147.92812880981856, -42.87026249772618], [147.89171062141938, -42.842512534644285], [147.86112829287805, -42.87498153236351], [147.90396191298368, -42.88234562584619], [147.86178328040498, -42.890732742501626], [147.82019912826755, -42.89536700919142], [147.81298946377407, -42.935675788832434], [147.85774904459078, -42.93544547242027], [147.8308506257043, -42.96523345042379], [147.84508802695137, -43.00432150177707], [147.8834572570584, -43.01754251492977], [147.92402899911173, -43.01467172817875], [147.88059342655265, -43.02489154473928], [147.83997904370503, -43.033193361523274], [147.80148472924063, -43.04946007852655], [147.76294773947424, -43.03422808536231], [147.7184581596026, -43.027962421777836], [147.7197981854606, -42.98651378166073], [147.70118319488458, -42.94872760997298], [147.678928673055, -42.992237438436796], [147.62753865279078, -42.99822172438591], [147.6283475964104, -43.04037600467762], [147.64540239719682, -43.07885188623904], [147.682683736601, -43.098225069307325], [147.72338020863927, -43.09502174253191], [147.73388924680683, -43.09269431335759]]], [[[147.2342600814032, -43.361608965436], [147.1872413115875, -43.35946712177192], [147.17407637795236, -43.40337567098428], [147.18038105080436, -43.44325192168494], [147.1313797726608, -43.432722357833114], [147.0942441727101, -43.41739862488149], [147.12284936242096, -43.44670460724747], [147.13355425430535, -43.48687988828848], [147.1742085255114, -43.488359381445385], [147.1976109753987, -43.45540077308644], [147.22001562684028, -43.41330025460333], [147.25158099517182, -43.447614057240955], [147.2445280306625, -43.48847356690865], [147.28234216009452, -43.50610776994787], [147.32244912227966, -43.501733223055375], [147.33128767927684, -43.441612053427235], [147.3485714509999, -43.40522146458556], [147.38149053805378, -43.37828381702004], [147.33586076932204, -43.3667753133868], [147.3224411882014, -43.32544309211765], [147.34285969117784, -43.27596621344981], [147.3923794552933, -43.245515187165125], [147.43291163771156, -43.23951554031459], [147.41077589805283, -43.20053442836753], [147.3924744774495, -43.162418236727454], [147.39612828251967, -43.12254969679995], [147.3714223526015, -43.08865643468147], [147.32911360188604, -43.085246641352924], [147.32263528723237, -43.1264722810682], [147.36116257110146, -43.113561934011955], [147.32978567354985, -43.14153550170783], [147.28212314306734, -43.14431907800211], [147.2994933741303, -43.1808525895529], [147.3401475369976, -43.17166197267951], [147.3839761063032, -43.18234748616809], [147.35304743821845, -43.21333424391189], [147.3578882409928, -43.25578573451787], [147.31695407381164, -43.29499189152654], [147.29494261420703, -43.25538865959667], [147.27149739426824, -43.28855331794565], [147.242250485731, -43.320496005838606], [147.2342600814032, -43.361608965436]]], [[[146.34526029682922, -43.5883303890805], [146.34526029682922, -43.5883303890805]]], [[[146.274994154957, -43.637105174132905], [146.274994154957, -43.637105174132905]]], [[[147.00110787548806, -43.11741413610741], [147.00110787548806, -43.11741413610741]]], [[[147.49038758249952, -43.057304103859025], [147.49038758249952, -43.057304103859025]]], [[[147.02498993636385, -43.07655979772427], [147.02498993636385, -43.07655979772427]]], [[[147.99762719033615, -43.237579805318724], [147.99762719033615, -43.237579805318724]]], [[[147.6445184950827, -42.95884275552098], [147.6445184950827, -42.95884275552098]]], [[[147.09640884424326, -43.403710474975966], [147.09640884424326, -43.403710474975966]]], [[[147.0229580264618, -43.078828857580156], [147.0229580264618, -43.078828857580156]]], [[[146.52026954145975, -43.57524385205858], [146.52026954145975, -43.57524385205858]]], [[[146.28603357501612, -43.61988641485883], [146.28603357501612, -43.61988641485883]]], [[[147.78221226833247, -42.94769817643433], [147.78221226833247, -42.94769817643433]]], [[[147.12771475890244, -43.257333846616085], [147.12771475890244, -43.257333846616085]]], [[[147.13798031198394, -43.290242887585904], [147.13798031198394, -43.290242887585904]]], [[[147.66983573335438, -43.13811206849988], [147.66983573335438, -43.13811206849988]]], [[[145.9634869308196, -43.423124880181724], [145.9634869308196, -43.423124880181724]]], [[[147.22651373901263, -43.320613234615244], [147.22651373901263, -43.320613234615244]]], [[[147.04031044537217, -43.33928093030766], [147.04031044537217, -43.33928093030766]]], [[[147.0039899940874, -43.12300110635881], [147.0039899940874, -43.12300110635881]]], [[[146.35640251220542, -43.53314390961726], [146.35640251220542, -43.53314390961726]]], [[[147.8185509305171, -42.94990126935502], [147.8185509305171, -42.94990126935502]]], [[[145.96578429321397, -43.32877944985052], [145.96578429321397, -43.32877944985052]]], [[[147.13451040303718, -43.49418494840115], [147.13451040303718, -43.49418494840115]]], [[[146.99987674703868, -43.52470779818091], [146.99987674703868, -43.52470779818091]]], [[[146.27079606662295, -43.63160397379382], [146.27079606662295, -43.63160397379382]]], [[[147.84654167323444, -43.02725272201765], [147.84654167323444, -43.02725272201765]]], [[[147.29194530493257, -43.52739686080964], [147.29194530493257, -43.52739686080964]]], [[[147.78294647331268, -42.91305139630529], [147.78294647331268, -42.91305139630529]]], [[[146.9791220579902, -43.479407486347405], [146.9791220579902, -43.479407486347405]]], [[[145.78309990580334, -43.225084866097845], [145.78309990580334, -43.225084866097845]]], [[[145.96858829313078, -43.32504347003448], [145.96858829313078, -43.32504347003448]]], [[[146.58139731897694, -43.57170127662617], [146.58139731897694, -43.57170127662617]]], [[[147.00650654264376, -43.476402188434896], [147.00650654264376, -43.476402188434896]]], [[[146.97660949053315, -43.32692070534529], [146.97660949053315, -43.32692070534529]]], [[[146.37388347310764, -43.642534501490346], [146.37388347310764, -43.642534501490346]]], [[[146.15777165618232, -43.375822394121755], [146.15777165618232, -43.375822394121755]]], [[[148.0098745228609, -43.13782156577271], [148.0098745228609, -43.13782156577271]]], [[[148.05107677684657, -43.12113120901909], [148.05107677684657, -43.12113120901909]]], [[[147.973988088564, -42.882589461491676], [147.973988088564, -42.882589461491676]]], [[[146.1522507766989, -43.38053846374134], [146.1522507766989, -43.38053846374134]]], [[[147.3682630949893, -43.35001374583314], [147.3682630949893, -43.35001374583314]]], [[[145.9942326071173, -43.32940836192222], [145.9942326071173, -43.32940836192222]]], [[[145.92993971942204, -43.41221407768955], [145.92993971942204, -43.41221407768955]]], [[[145.81818547847632, -43.29872879901309], [145.81818547847632, -43.29872879901309]]], [[[146.1475087294012, -43.36821552332814], [146.1475087294012, -43.36821552332814]]], [[[145.81190861242186, -43.27932007845825], [145.81190861242186, -43.27932007845825]]], [[[147.29010590341417, -43.19920195891879], [147.29010590341417, -43.19920195891879]]], [[[146.99233431466442, -43.552057007745915], [146.99233431466442, -43.552057007745915]]], [[[148.00752162326899, -43.138348615585215], [148.00752162326899, -43.138348615585215]]], [[[145.93180869780844, -43.42113503787209], [145.93180869780844, -43.42113503787209]]], [[[147.0062985526449, -43.338387447686415], [147.0062985526449, -43.338387447686415]]], [[[147.29168336679814, -43.1737145689053], [147.29168336679814, -43.1737145689053]]], [[[147.60058433749762, -42.8678406415427], [147.60058433749762, -42.8678406415427]]], [[[146.9872825682074, -43.32750659616769], [146.9872825682074, -43.32750659616769]]], [[[147.97408033241348, -42.85666715135822], [147.97408033241348, -42.85666715135822]]], [[[146.11702800374547, -43.52832718193713], [146.11702800374547, -43.52832718193713]]], [[[147.20755799871625, -43.418393433662445], [147.20755799871625, -43.418393433662445]]], [[[146.1542836774047, -43.37230742384706], [146.1542836774047, -43.37230742384706]]], [[[145.9660642823147, -43.33494140990344], [145.9660642823147, -43.33494140990344]]], [[[147.94596027196204, -43.03218549004084], [147.94596027196204, -43.03218549004084]]], [[[146.00651377694086, -43.4578113134938], [146.00651377694086, -43.4578113134938]]], [[[146.94469712332398, -43.49280498377839], [146.94469712332398, -43.49280498377839]]], [[[146.14271884048856, -43.3676725829738], [146.14271884048856, -43.3676725829738]]], [[[146.90280921870388, -43.516871170699844], [146.90280921870388, -43.516871170699844]]], [[[147.0178005327045, -43.11256395736449], [147.0178005327045, -43.11256395736449]]], [[[146.36592334973756, -43.536321820340994], [146.36592334973756, -43.536321820340994]]], [[[148.0223552134465, -40.41662744145012], [148.04653499441022, -40.44907311359713], [148.0867034457197, -40.45731062690083], [148.12772120047055, -40.439676650128106], [148.1707557814331, -40.44656252367046], [148.21767670111018, -40.45740772756078], [148.25840755511052, -40.44567401082078], [148.3099319781099, -40.42671987492995], [148.33603015784854, -40.464895887296336], [148.37799018833348, -40.476547000814286], [148.41788614303897, -40.46105018400952], [148.45064054036703, -40.43653890656813], [148.44683283735094, -40.392167585992404], [148.4070835767829, -40.377984242630035], [148.37730538667958, -40.34719581999635], [148.3481501872788, -40.31045731738219], [148.30659246423895, -40.31612511400438], [148.2668299087945, -40.33664041086799], [148.2260976375398, -40.32850479748971], [148.1943692799933, -40.35345063504723], [148.15175254927064, -40.344058351520054], [148.11040750704893, -40.34373338815688], [148.06916850394435, -40.34965666484597], [148.03191229856807, -40.36665516192923], [147.99470877345567, -40.38173809901099], [147.9929048980425, -40.42336718911002], [148.0223552134465, -40.41662744145012]]], [[[148.11598655251152, -40.51261772960257], [148.11544309661392, -40.55561041981031], [148.15419699705393, -40.57172471305609], [148.19153005782812, -40.58731116618892], [148.2259048873336, -40.544669658744766], [148.23686222136982, -40.501209709385186], [148.1932277612184, -40.48945682575393], [148.1533136372817, -40.49976876256255], [148.11598655251152, -40.51261772960257]]], [[[144.78665367872142, -40.40074683088625], [144.76650767755598, -40.44408083977214], [144.75596268476104, -40.485628849298], [144.7114797036935, -40.48221483627486], [144.72173367706262, -40.52248383719784], [144.7255246712668, -40.56617784770438], [144.75754067047444, -40.60597085009536], [144.76961567403563, -40.555385840622165], [144.784035695885, -40.51564883137023], [144.79096766931292, -40.47470883160444], [144.78819970533397, -40.42741184114464], [144.78665367872142, -40.40074683088625]]], [[[144.8357146642713, -40.44431183446534], [144.87244467405552, -40.471575847120405], [144.913029635162, -40.481100849941946], [144.94993565048625, -40.46064884234591], [144.96705364174315, -40.421983843294534], [144.93532767102224, -40.3945258509658], [144.89164069010403, -40.38823784794778], [144.8652266600481, -40.43205485640144], [144.8357146642713, -40.44431183446534]]], [[[148.06368629652937, -40.48261157518316], [148.06368629652937, -40.48261157518316]]], [[[148.07365470347088, -40.49112342604103], [148.07365470347088, -40.49112342604103]]], [[[148.01898413454208, -40.485467601581654], [148.01898413454208, -40.485467601581654]]], [[[146.24700720339166, -18.29586561179069], [146.1963477983061, -18.27788597796154], [146.16200798230136, -18.25726626530042], [146.12708828649136, -18.234606592585067], [146.08382914876825, -18.243366689540874], [146.10102932422615, -18.2859363411411], [146.1450688694196, -18.30835597450945], [146.17233893444194, -18.347405626812765], [146.20163904960958, -18.38272519923468], [146.2009096253099, -18.437404909645497], [146.22182967071643, -18.476804641497036], [146.26471916674367, -18.48914440471855], [146.30522862355684, -18.493694167708078], [146.32878773564377, -18.447204369033003], [146.35842697590496, -18.418314420954015], [146.3234372004149, -18.39229466817637], [146.31812674401007, -18.35197499744648], [146.28077699907192, -18.32087530445974], [146.29644583370742, -18.24931577499339], [146.25408648761297, -18.236756021803274], [146.22894679213442, -18.201556259677787], [146.22867690874006, -18.244486080022877], [146.24190723407466, -18.291695661384683], [146.24700720339166, -18.29586561179069]]], [[[148.9531781872866, -20.250572740248394], [148.92715478636558, -20.281462498329187], [148.97061036398293, -20.271523021888598], [148.94969725231445, -20.306185970427958], [148.9865921779521, -20.322501993662755], [149.0262252955679, -20.31563500693705], [149.06308537478327, -20.294153969859934], [149.0286250701952, -20.264755026707576], [148.99464503493175, -20.242024983656982], [148.9824704595399, -20.202976312302958], [148.97686538398472, -20.16030498147017], [148.9549308122339, -20.19659650993756], [148.9380213496961, -20.237246518864737], [148.9531781872866, -20.250572740248394]]], [[[146.57978665230974, -18.765282290191593], [146.62072351977505, -18.76085380319], [146.6618814960097, -18.771270826337634], [146.68913947655008, -18.741205808112586], [146.64718148874093, -18.75063481506918], [146.62188349363365, -18.71267980286761], [146.59558349795086, -18.682517810660503], [146.5810365256894, -18.722792379923977], [146.56792649340636, -18.762130819286604], [146.57978665230974, -18.765282290191593]]], [[[148.94855011335085, -20.08348679844236], [148.90682521764472, -20.07128597484416], [148.89448106486418, -20.110907124148035], [148.88170620107982, -20.16161599351044], [148.91321092207693, -20.125516965838955], [148.90223135910102, -20.16610694526469], [148.93003074012483, -20.132746847308645], [148.93155103573545, -20.178246727822142], [148.9462805382835, -20.139246708725537], [148.9454302026237, -20.093736798267866], [148.94855011335085, -20.08348679844236]]], [[[146.83448939987585, -19.179933802706802], [146.86602759003884, -19.15053982483019], [146.88349945179053, -19.114376835839927], [146.84101655486702, -19.11427880264184], [146.79510251820975, -19.113969829192104], [146.8018143543307, -19.154842810041284], [146.83448939987585, -19.179933802706802]]], [[[148.47855126639183, -20.001768948795043], [148.4514112211798, -19.97181892631926], [148.4388169981423, -20.015380485658493], [148.45732242340787, -20.05180895748093], [148.47551643549104, -20.014090248650895], [148.47855126639183, -20.001768948795043]]], [[[146.485442491046, -18.61668183196166], [146.48962243734508, -18.658701842626], [146.50810157895822, -18.622821813684325], [146.4971716630582, -18.581721792529585], [146.485442491046, -18.61668183196166]]], [[[148.8507486363242, -20.34417834247247], [148.85561660181827, -20.388204703251482], [148.85101038592524, -20.348216872528507], [148.8507486363242, -20.34417834247247]]], [[[146.17237922277943, -18.36831545699305], [146.17516971935723, -18.40897516753982], [146.17237922277943, -18.36831545699305]]], [[[146.15725736899591, -18.17682678427386], [146.15725736899591, -18.17682678427386]]], [[[149.09427524461057, -20.27085909229398], [149.09427524461057, -20.27085909229398]]], [[[146.51636849360992, -18.681519804792128], [146.51636849360992, -18.681519804792128]]], [[[148.9610162074944, -20.34812084173269], [148.9610162074944, -20.34812084173269]]], [[[146.1834696683778, -18.41405509818384], [146.17889918195274, -18.37304538750512], [146.1834696683778, -18.41405509818384]]], [[[146.55298150143702, -18.67654080745512], [146.55298150143702, -18.67654080745512]]], [[[148.84670189353272, -20.270596071511516], [148.84670189353272, -20.270596071511516]]], [[[148.93637821793675, -20.36348220979689], [148.93637821793675, -20.36348220979689]]], [[[146.50390594545485, -18.546353272726034], [146.50390594545485, -18.546353272726034]]], [[[148.8837128704316, -20.06014729281689], [148.8837128704316, -20.06014729281689]]], [[[146.2087697129108, -18.460674770412716], [146.2087697129108, -18.460674770412716]]], [[[149.03633934956488, -20.159366036462618], [149.03633934956488, -20.159366036462618]]], [[[148.90824106865372, -20.27249402666968], [148.90824106865372, -20.27249402666968]]], [[[148.8295429175853, -20.241307279832313], [148.8295429175853, -20.241307279832313]]], [[[146.54304848905977, -18.837060808080942], [146.54304848905977, -18.837060808080942]]], [[[146.60153379851118, -19.03713728410531], [146.60153379851118, -19.03713728410531]]], [[[146.17860969896608, -18.410895147805128], [146.17860969896608, -18.410895147805128]]], [[[146.18930977606018, -18.43810496881077], [146.18930977606018, -18.43810496881077]]], [[[148.27766443825718, -20.038019942727068], [148.27766443825718, -20.038019942727068]]], [[[149.12296306418557, -20.357557015453402], [149.12296306418557, -20.357557015453402]]], [[[148.60079550368962, -20.147879040078724], [148.60079550368962, -20.147879040078724]]], [[[146.2268272962362, -18.277565860169524], [146.2268272962362, -18.277565860169524]]], [[[149.0340862566216, -20.403784068345814], [149.0340862566216, -20.403784068345814]]], [[[146.1763999174134, -18.432365067827167], [146.1763999174134, -18.432365067827167]]], [[[149.10978912195404, -20.28638518373617], [149.10978912195404, -20.28638518373617]]], [[[148.65239450361284, -20.106388813985635], [148.65239450361284, -20.106388813985635]]], [[[148.89347301954714, -20.381390466356752], [148.89347301954714, -20.381390466356752]]], [[[146.17864991699642, -18.435645028017866], [146.17864991699642, -18.435645028017866]]], [[[146.63249824735283, -19.02410131629401], [146.63249824735283, -19.02410131629401]]], [[[146.27820536365377, -18.140206432737347], [146.27820536365377, -18.140206432737347]]], [[[148.5456901560226, -20.05945895479355], [148.5456901560226, -20.05945895479355]]], [[[146.53556949438868, -18.778188817029484], [146.53556949438868, -18.778188817029484]]], [[[149.06704989348177, -20.304695420283622], [149.06704989348177, -20.304695420283622]]], [[[149.1718931806411, -20.250394008686392], [149.1718931806411, -20.250394008686392]]], [[[146.5154505165953, -18.7685908154623], [146.5154505165953, -18.7685908154623]]], [[[148.92689917286197, -20.31890198862507], [148.92689917286197, -20.31890198862507]]], [[[148.57437542970624, -20.104434117534336], [148.57437542970624, -20.104434117534336]]], [[[148.6044201779099, -20.099227979965253], [148.6044201779099, -20.099227979965253]]], [[[148.9960432643467, -20.3530090147154], [148.9960432643467, -20.3530090147154]]], [[[148.36141784674564, -19.985101019085903], [148.36141784674564, -19.985101019085903]]], [[[146.52851050597195, -18.764885796395244], [146.52851050597195, -18.764885796395244]]], [[[149.15485330262177, -20.24320399718178], [149.15485330262177, -20.24320399718178]]], [[[146.63534722199697, -18.96506150600614], [146.63534722199697, -18.96506150600614]]], [[[149.12348433222914, -20.272484054775866], [149.12348433222914, -20.272484054775866]]], [[[148.8022171144873, -20.2967400080255], [148.8022171144873, -20.2967400080255]]], [[[148.7161580590087, -20.103956939242394], [148.7161580590087, -20.103956939242394]]], [[[148.35901113061092, -19.724720946680872], [148.35901113061092, -19.724720946680872]]], [[[148.31052413971665, -20.104549925957492], [148.31052413971665, -20.104549925957492]]], [[[147.89807831349603, -19.852839960669034], [147.89807831349603, -19.852839960669034]]], [[[148.55416517110876, -19.99724974496284], [148.55416517110876, -19.99724974496284]]], [[[148.81288270750224, -20.25578549856674], [148.81288270750224, -20.25578549856674]]], [[[146.5537275137503, -18.770238808304597], [146.5537275137503, -18.770238808304597]]], [[[149.0960041010121, -20.307404042749987], [149.0960041010121, -20.307404042749987]]], [[[146.145207549434, -18.181696833444313], [146.145207549434, -18.181696833444313]]], [[[149.00614531035598, -20.175246424056997], [149.00614531035598, -20.175246424056997]]], [[[146.3281966529458, -18.35658493822068], [146.3281966529458, -18.35658493822068]]], [[[149.07387419651562, -20.16153501964425], [149.07387419651562, -20.16153501964425]]], [[[148.8313443767816, -20.248426040042826], [148.8313443767816, -20.248426040042826]]], [[[149.0396151522465, -20.234194987373602], [149.0396151522465, -20.234194987373602]]], [[[149.1148342624843, -20.27674401408074], [149.1148342624843, -20.27674401408074]]], [[[148.79369630490874, -20.299208987337167], [148.79369630490874, -20.299208987337167]]], [[[148.85164333348354, -20.26709302189416], [148.85164333348354, -20.26709302189416]]], [[[146.3043751704074, -18.15856620480001], [146.3043751704074, -18.15856620480001]]], [[[148.70906822890942, -20.11080702871288], [148.70906822890942, -20.11080702871288]]], [[[147.36881325653314, -19.350845834896962], [147.36881325653314, -19.350845834896962]]], [[[148.62526924400416, -20.016197940980803], [148.62526924400416, -20.016197940980803]]], [[[146.66823348522837, -18.775314816844702], [146.66823348522837, -18.775314816844702]]], [[[148.99722119379382, -20.357904044855875], [148.99722119379382, -20.357904044855875]]], [[[146.28874528228977, -18.148316333573824], [146.28874528228977, -18.148316333573824]]], [[[148.85120628203208, -20.282935021991918], [148.85120628203208, -20.282935021991918]]], [[[146.52459748115024, -18.827508796636685], [146.52459748115024, -18.827508796636685]]], [[[148.84289841295637, -20.279849941272623], [148.84289841295637, -20.279849941272623]]], [[[148.79161404535336, -20.29615797713805], [148.79161404535336, -20.29615797713805]]], [[[148.29743418269956, -20.082689914709402], [148.29743418269956, -20.082689914709402]]], [[[148.87308636932823, -20.080506022101886], [148.87308636932823, -20.080506022101886]]], [[[148.9594661792274, -20.331004021457616], [148.9594661792274, -20.331004021457616]]], [[[147.0641542776058, -19.246635890639215], [147.0641542776058, -19.246635890639215]]], [[[148.79555331588423, -20.287254667390467], [148.79555331588423, -20.287254667390467]]], [[[148.8731360511846, -20.060626011937227], [148.8731360511846, -20.060626011937227]]], [[[149.16117309281032, -20.23616400765727], [149.16117309281032, -20.23616400765727]]], [[[148.43996824371732, -20.062763966154108], [148.43996824371732, -20.062763966154108]]], [[[146.3259805327729, -18.235674837031745], [146.3259805327729, -18.235674837031745]]], [[[149.11538326998448, -20.197254043452425], [149.11538326998448, -20.197254043452425]]], [[[147.0789582627232, -41.37516544248025], [147.0789582627232, -41.37516544248025]]], [[[148.34400556954319, -41.35308995310251], [148.34400556954319, -41.35308995310251]]], [[[146.39771164517077, -41.23019741007881], [146.39771164517077, -41.23019741007881]]], [[[146.57421043312922, -41.21183963315652], [146.57421043312922, -41.21183963315652]]], [[[146.57171237895108, -41.17127048273806], [146.57171237895108, -41.17127048273806]]], [[[146.37417478029215, -41.22617863830763], [146.37417478029215, -41.22617863830763]]], [[[146.8633031958673, -41.14397841463315], [146.8633031958673, -41.14397841463315]]], [[[146.56514117145076, -41.238034822625096], [146.56514117145076, -41.238034822625096]]], [[[146.56807646918324, -41.1748915124859], [146.56807646918324, -41.1748915124859]]], [[[147.7589858323212, -40.857239532861456], [147.7589858323212, -40.857239532861456]]], [[[146.57085612066038, -41.23556573303979], [146.57085612066038, -41.23556573303979]]], [[[146.39135462691655, -41.22633146958442], [146.39135462691655, -41.22633146958442]]], [[[148.30453611079753, -41.39732947011485], [148.30453611079753, -41.39732947011485]]], [[[148.33030138378888, -40.9244527595083], [148.33030138378888, -40.9244527595083]]], [[[146.35918714580612, -41.20629796708253], [146.35918714580612, -41.20629796708253]]], [[[147.62634775243893, -40.822571392109325], [147.62634775243893, -40.822571392109325]]], [[[146.5668163799911, -41.17061051236699], [146.5668163799911, -41.17061051236699]]], [[[146.2513074810762, -41.17376346891957], [146.2513074810762, -41.17376346891957]]], [[[144.70925858161377, -41.27247185061383], [144.70925858161377, -41.27247185061383]]], [[[146.12550047766987, -41.157863779585206], [146.12550047766987, -41.157863779585206]]], [[[146.35975633560957, -41.20695495712848], [146.35975633560957, -41.20695495712848]]], [[[145.53832822550788, -40.89016015577007], [145.53832822550788, -40.89016015577007]]], [[[146.55426491507424, -41.15050251131119], [146.55426491507424, -41.15050251131119]]], [[[146.33106719700393, -41.162307934748235], [146.33106719700393, -41.162307934748235]]], [[[147.07439266269958, -41.38191149216662], [147.07439266269958, -41.38191149216662]]], [[[146.60435482132482, -41.25677251567608], [146.60435482132482, -41.25677251567608]]], [[[145.27658425827568, -38.38755550257599], [145.3174031188584, -38.406975845541574], [145.3583657410451, -38.411899288435336], [145.3903729584077, -38.38511584051369], [145.43527393226873, -38.36920187356884], [145.4762577653372, -38.3664418364367], [145.46634197171485, -38.32571484548829], [145.42555863089453, -38.30821390251191], [145.38055179823164, -38.31356287938657], [145.33838576670482, -38.304413826379125], [145.30406084522377, -38.28250584384758], [145.2827869647012, -38.320602842598014], [145.27350403140366, -38.36457669222079], [145.27658425827568, -38.38755550257599]]], [[[145.16088167934586, -38.471857705058824], [145.13889393945828, -38.50579782374551], [145.18398785063033, -38.51294281690915], [145.22120897209297, -38.5299398695944], [145.25458098910147, -38.503757891754255], [145.2965918605182, -38.51359587474065], [145.3353307606331, -38.540026907606745], [145.29782359104559, -38.50698801478624], [145.30208081481732, -38.4668848548384], [145.2486500763378, -38.4488337410064], [145.20657449370762, -38.44972902808936], [145.16819339866387, -38.466341575531146], [145.16088167934586, -38.471857705058824]]], [[[146.5677854673612, -38.74230693809626], [146.5233204430657, -38.76047397487942], [146.50958860062215, -38.718520933597], [146.47019850596735, -38.73223997074177], [146.49476452640863, -38.77482394283407], [146.5373597270325, -38.789396916105844], [146.58100755177387, -38.76874091924886], [146.62588152493595, -38.759288942560126], [146.66773836889314, -38.74779793563972], [146.62256268565844, -38.758217962304116], [146.58322660453413, -38.74294098925764], [146.5677854673612, -38.74230693809626]]], [[[146.8521123601479, -38.634330008903284], [146.81606664879894, -38.615945966050674], [146.8521123601479, -38.634330008903284]]], [[[146.62698564909505, -38.72374795242582], [146.67290870200074, -38.715003995828674], [146.63029835070827, -38.70576595256485], [146.5883054776366, -38.71016496943817], [146.62896854870928, -38.72401795257655], [146.62698564909505, -38.72374795242582]]], [[[146.46289262952288, -38.71367198008388], [146.46289262952288, -38.71367198008388]]], [[[146.84296943818387, -38.66330396838567], [146.87897336492952, -38.63806895097132], [146.83936547005578, -38.65333296805046], [146.84296943818387, -38.66330396838567]]], [[[146.81360136173927, -38.676664996236056], [146.7670126987832, -38.68656797276385], [146.8101324017828, -38.68129299600107], [146.81360136173927, -38.676664996236056]]], [[[146.72409348754508, -38.677271959460036], [146.72409348754508, -38.677271959460036]]], [[[149.90579162626932, -37.56433846324896], [149.90579162626932, -37.56433846324896]]], [[[146.69663666119393, -38.68724197744791], [146.69663666119393, -38.68724197744791]]], [[[146.23141681559872, -39.08843793522267], [146.23141681559872, -39.08843793522267]]], [[[146.6297285185602, -38.724130992634365], [146.6297285185602, -38.724130992634365]]], [[[146.81536968360118, -38.659054976262325], [146.81536968360118, -38.659054976262325]]], [[[146.66875971671462, -38.68259294531763], [146.66875971671462, -38.68259294531763]]], [[[146.70777145641503, -38.710031958427855], [146.70777145641503, -38.710031958427855]]], [[[146.76332054282815, -38.659057932315605], [146.76332054282815, -38.659057932315605]]], [[[146.3217068824459, -39.144554442221526], [146.3217068824459, -39.144554442221526]]], [[[145.33784981541982, -38.49380646750084], [145.33784981541982, -38.49380646750084]]], [[[146.2391694625934, -39.01909348537383], [146.2391694625934, -39.01909348537383]]], [[[146.6219024767579, -38.750206962205546], [146.6219024767579, -38.750206962205546]]], [[[146.22391772130797, -38.9697002039525], [146.22391772130797, -38.9697002039525]]], [[[146.6260514731366, -38.69209494216192], [146.6260514731366, -38.69209494216192]]], [[[146.5443994813409, -38.74382397635429], [146.5443994813409, -38.74382397635429]]], [[[146.51396642644642, -38.91019539509277], [146.51396642644642, -38.91019539509277]]], [[[146.66207215844187, -38.92209989627604], [146.66207215844187, -38.92209989627604]]], [[[146.60874773715378, -38.68438492081467], [146.60874773715378, -38.68438492081467]]], [[[146.2374241319893, -39.109256215790495], [146.2374241319893, -39.109256215790495]]], [[[145.36607537917288, -38.41637562900247], [145.36607537917288, -38.41637562900247]]], [[[146.74072945584388, -38.66710601065537], [146.74072945584388, -38.66710601065537]]], [[[146.2345072719002, -39.11434226560654], [146.2345072719002, -39.11434226560654]]], [[[146.73163369746808, -38.667018979967075], [146.73163369746808, -38.667018979967075]]], [[[145.21286381612634, -38.32890687778668], [145.21286381612634, -38.32890687778668]]], [[[146.77757255042857, -38.65802500338888], [146.77757255042857, -38.65802500338888]]], [[[146.67633226345276, -38.94180143747038], [146.67633226345276, -38.94180143747038]]], [[[146.55175358489345, -38.70396694666108], [146.55175358489345, -38.70396694666108]]], [[[146.5098676098751, -38.72425095365287], [146.5098676098751, -38.72425095365287]]], [[[146.7456384136344, -38.67798097109332], [146.7456384136344, -38.67798097109332]]], [[[146.75806848180792, -38.67490298201511], [146.75806848180792, -38.67490298201511]]], [[[146.80323945487729, -38.66613599538497], [146.80323945487729, -38.66613599538497]]], [[[146.65121256102083, -38.67287600393676], [146.65121256102083, -38.67287600393676]]], [[[146.69235658930623, -38.70879697725699], [146.69235658930623, -38.70879697725699]]], [[[146.56503366130224, -38.714042967717276], [146.56503366130224, -38.714042967717276]]], [[[146.5675277129142, -38.697198947801105], [146.5675277129142, -38.697198947801105]]], [[[146.24028222068662, -39.11573428603999], [146.24028222068662, -39.11573428603999]]], [[[146.67983243118945, -38.95503162781471], [146.67983243118945, -38.95503162781471]]], [[[146.5940024692591, -38.688594949733584], [146.5940024692591, -38.688594949733584]]], [[[146.36787963092826, -38.841903263805314], [146.36787963092826, -38.841903263805314]]], [[[146.70509195706788, -38.95173142970035], [146.70509195706788, -38.95173142970035]]], [[[146.8740615265642, -38.6318900105592], [146.8740615265642, -38.6318900105592]]], [[[145.28914276844372, -38.45510191386414], [145.28914276844372, -38.45510191386414]]], [[[146.57327869144427, -38.700865998254514], [146.57327869144427, -38.700865998254514]]], [[[146.7248815265213, -38.68445900956361], [146.7248815265213, -38.68445900956361]]], [[[146.65343271201834, -38.66151295403425], [146.65343271201834, -38.66151295403425]]], [[[146.52876471789932, -38.71285695499545], [146.52876471789932, -38.71285695499545]]], [[[146.64221148097772, -38.68627897334152], [146.64221148097772, -38.68627897334152]]], [[[149.84415514775534, -37.55559803775704], [149.84415514775534, -37.55559803775704]]], [[[146.72788645596648, -38.684632979791786], [146.72788645596648, -38.684632979791786]]], [[[146.68922748965696, -38.71046900703119], [146.68922748965696, -38.71046900703119]]], [[[146.27678116561165, -38.772367546646215], [146.27678116561165, -38.772367546646215]]], [[[144.6857898284342, -38.245743161271335], [144.6857898284342, -38.245743161271335]]], [[[146.46391758663597, -38.735945910296344], [146.46391758663597, -38.735945910296344]]], [[[146.7568884023347, -38.672326001909994], [146.7568884023347, -38.672326001909994]]], [[[146.7274616667663, -38.67874399972358], [146.7274616667663, -38.67874399972358]]], [[[146.7512835730482, -38.674606981499764], [146.7512835730482, -38.674606981499764]]], [[[146.5262994348424, -38.741546974986505], [146.5262994348424, -38.741546974986505]]], [[[145.10991564307935, -38.51955958182872], [145.10991564307935, -38.51955958182872]]], [[[146.74818538495273, -38.663600961197865], [146.74818538495273, -38.663600961197865]]], [[[146.70136343845795, -38.70267696789911], [146.70136343845795, -38.70267696789911]]], [[[146.69003749116496, -38.69702092700996], [146.69003749116496, -38.69702092700996]]], [[[146.60759353786767, -38.68022198070252], [146.60759353786767, -38.68022198070252]]], [[[144.8684556352574, -40.72388785829577], [144.90578960620036, -40.73944986092926], [144.9638696081879, -40.71217886474334], [145.0044405901138, -40.714147857535906], [145.05111258131942, -40.712264860733], [145.0146436219745, -40.68182385805144], [144.9796916311991, -40.66086385553349], [144.95476260971213, -40.62946084364634], [144.91511460603925, -40.64063285100044], [144.87740962945136, -40.67349283861739], [144.87326363550892, -40.71384285856575], [144.8684556352574, -40.72388785829577]]], [[[145.04308108749726, -40.75746169043878], [145.07742523638538, -40.79490343301783], [145.0483548571847, -40.751512550767664], [145.04308108749726, -40.75746169043878]]], [[[147.63603269532388, -40.788108402677594], [147.63603269532388, -40.788108402677594]]], [[[148.09318624461955, -40.742827769096074], [148.09318624461955, -40.742827769096074]]], [[[144.83105566627611, -40.69164285556814], [144.83105566627611, -40.69164285556814]]], [[[144.924609631559, -40.7479108522625], [144.924609631559, -40.7479108522625]]], [[[148.08234315956753, -40.72221463809628], [148.08234315956753, -40.72221463809628]]], [[[144.87439761327494, -40.730965848740816], [144.87439761327494, -40.730965848740816]]], [[[144.87393263370643, -40.728063848692564], [144.87393263370643, -40.728063848692564]]], [[[147.97186232037984, -40.72332583916581], [147.97186232037984, -40.72332583916581]]], [[[145.0173295718127, -40.76308620870065], [145.0173295718127, -40.76308620870065]]], [[[144.8492486377741, -40.734094847047174], [144.8492486377741, -40.734094847047174]]], [[[144.97965501287925, -40.731248055933726], [144.97965501287925, -40.731248055933726]]], [[[144.86933962599306, -40.7161788483119], [144.86933962599306, -40.7161788483119]]], [[[144.86565564568707, -40.7248408481106], [144.86565564568707, -40.7248408481106]]], [[[144.8282236643237, -40.71296084549761], [144.8282236643237, -40.71296084549761]]], [[[144.86384462579963, -40.726862837998894], [144.86384462579963, -40.726862837998894]]], [[[144.73412964108167, -40.63954984870561], [144.73412964108167, -40.63954984870561]]], [[[144.87456660302573, -40.73280585876282], [144.87456660302573, -40.73280585876282]]], [[[147.94050505982898, -40.77003968690991], [147.94050505982898, -40.77003968690991]]], [[[144.86686463531413, -40.72602284819965], [144.86686463531413, -40.72602284819965]]], [[[147.9533252812081, -40.74264932778359], [147.9533252812081, -40.74264932778359]]], [[[113.1603525422594, -24.75086679947738], [113.1603525422594, -24.75086679947738]]], [[[113.40820833595669, -24.490472711670094], [113.40820833595669, -24.490472711670094]]], [[[113.12614427729555, -24.8927283324463], [113.12405480126132, -24.938888732802024], [113.11899543568707, -24.986849193366517], [113.14979467826673, -24.935038531047176], [113.14222413521084, -24.88763818133725], [113.15902339860398, -24.827607479924843], [113.16394293465243, -24.785057089394897], [113.13726333998207, -24.816777521342097], [113.12552388470387, -24.85999802233593], [113.12614427729555, -24.8927283324463]]], [[[113.64121479403052, -24.897096738233202], [113.64121479403052, -24.897096738233202]]], [[[113.64178410330896, -24.88867155815617], [113.64178410330896, -24.88867155815617]]], [[[113.6206634136062, -24.86449172942408], [113.6206634136062, -24.86449172942408]]], [[[113.88464927255828, -25.333833704507793], [113.88464927255828, -25.333833704507793]]], [[[113.88688953240771, -25.334963664369045], [113.88688953240771, -25.334963664369045]]], [[[113.6199138535685, -24.86302149946623], [113.6199138535685, -24.86302149946623]]], [[[113.91717640007846, -25.8591607348927], [113.90941660765647, -25.81742971519454], [113.86459658199772, -25.810540668041742], [113.86121657578914, -25.854110668463388], [113.90786645415342, -25.898180675672734], [113.9185364589229, -25.846299744745163], [113.91717640007846, -25.8591607348927]]], [[[114.03110630149932, -25.651222656634594], [114.03110630149932, -25.651222656634594]]], [[[114.06389834060651, -25.685528684711084], [114.06389834060651, -25.685528684711084]]], [[[114.02582259289966, -25.661913677021552], [114.02582259289966, -25.661913677021552]]], [[[113.85685661729329, -25.867190718805233], [113.85685661729329, -25.867190718805233]]], [[[113.91567660922627, -25.846189664928], [113.91567660922627, -25.846189664928]]], [[[114.06961946011972, -25.68724866435582], [114.06961946011972, -25.68724866435582]]], [[[114.07147059016435, -25.69041873425326], [114.07147059016435, -25.69041873425326]]], [[[113.86754643120075, -25.804480697823553], [113.86754643120075, -25.804480697823553]]], [[[114.03307730158375, -25.655062676527244], [114.03307730158375, -25.655062676527244]]], [[[114.1695694164358, -22.455073662334993], [114.14761003099603, -22.489425243901824], [114.17234914629583, -22.456663622166264], [114.1695694164358, -22.455073662334993]]], [[[114.18494912280379, -22.424982611208673], [114.18494912280379, -22.424982611208673]]], [[[114.46083043446285, -22.24633172295699], [114.46083043446285, -22.24633172295699]]], [[[114.4914192424965, -22.118582650409085], [114.4914192424965, -22.118582650409085]]], [[[114.489110225184, -22.153123670726597], [114.489110225184, -22.153123670726597]]], [[[114.49752343432192, -22.15178618019624], [114.49752343432192, -22.15178618019624]]], [[[114.38692926250897, -22.402223608357048], [114.38692926250897, -22.402223608357048]]], [[[114.1359592690775, -22.448772624441855], [114.1359592690775, -22.448772624441855]]], [[[114.44623963952115, -22.29800314412652], [114.44623963952115, -22.29800314412652]]], [[[114.43181013054352, -22.29382364500661], [114.43181013054352, -22.29382364500661]]], [[[114.41785005337962, -22.315363625987082], [114.41785005337962, -22.315363625987082]]], [[[114.19884802631732, -22.35403769997385], [114.19884802631732, -22.35403769997385]]], [[[114.51612930027518, -22.118931668873877], [114.51612930027518, -22.118931668873877]]], [[[114.47129022897077, -22.18324469198805], [114.47129022897077, -22.18324469198805]]], [[[114.45387955854424, -22.294172923630583], [114.45387955854424, -22.294172923630583]]], [[[114.3786411582826, -22.195177657840226], [114.3786411582826, -22.195177657840226]]], [[[113.01245254034741, -25.516734733028763], [112.97735253155105, -25.485834775273336], [112.93998241773127, -25.512235717940637], [112.92747347260969, -25.55492578898958], [112.92353471671136, -25.59925672946114], [112.92980447968496, -25.64318670923395], [112.9490947305208, -25.678287798078813], [112.96897573175588, -25.71903772691093], [112.98028547382302, -25.758707736322627], [112.98073654726693, -25.800808766484145], [113.01519648749887, -25.848728724362047], [113.03099762951705, -25.893839763496356], [113.04859764068057, -25.93105973247392], [113.1069086490616, -25.988559728795824], [113.13597863866376, -26.022329786990998], [113.16481970037569, -26.081509755321356], [113.18086057199547, -26.122599784431657], [113.21244048073771, -26.149619752437275], [113.23514066518842, -26.112539760747918], [113.22385968234416, -26.062768771275177], [113.20206852154733, -26.023928742557548], [113.16700849176186, -25.97980875470923], [113.1557275397794, -25.940718705288763], [113.14067844450344, -25.978108736472468], [113.12831750221494, -25.933938737102892], [113.14849765683425, -25.895327735567324], [113.111826618883, -25.87168771792974], [113.11132656542355, -25.829037697768197], [113.09723650366637, -25.78913673853639], [113.07275544364872, -25.75673674004231], [113.05799542106027, -25.70599672080859], [113.04377472824166, -25.653225771529936], [113.0297437260775, -25.60868576227699], [113.00941344433996, -25.561174743439032], [113.01306238042152, -25.51842476299509], [113.01245254034741, -25.516734733028763]]], [[[113.76258670140044, -26.543977678033684], [113.76258670140044, -26.543977678033684]]], [[[113.87918848851548, -26.04093265818182], [113.85271839891759, -26.009082739735163], [113.87918848851548, -26.04093265818182]]], [[[113.87773838983814, -26.055702738343992], [113.87773838983814, -26.055702738343992]]], [[[113.86214250626965, -26.368465710802987], [113.86214250626965, -26.368465710802987]]], [[[113.33825255043489, -26.315830764802712], [113.33825255043489, -26.315830764802712]]], [[[113.70578767185614, -26.0944477496333], [113.70578767185614, -26.0944477496333]]], [[[113.70422850406898, -26.12005670985348], [113.70422850406898, -26.12005670985348]]], [[[113.70714847531923, -26.13978569975537], [113.70714847531923, -26.13978569975537]]], [[[113.50809265835734, -26.40002970396336], [113.50809265835734, -26.40002970396336]]], [[[113.89581652990755, -25.95469168671067], [113.89581652990755, -25.95469168671067]]], [[[113.64760452229149, -26.51849975537864], [113.64760452229149, -26.51849975537864]]], [[[113.71516568653912, -26.040636738774232], [113.71516568653912, -26.040636738774232]]], [[[113.8812646408143, -26.452866719966682], [113.8812646408143, -26.452866719966682]]], [[[113.70601664078012, -26.08125770955716], [113.70601664078012, -26.08125770955716]]], [[[113.88052450117853, -26.456416670030656], [113.88052450117853, -26.456416670030656]]], [[[113.50476371987904, -26.41420975424732], [113.50476371987904, -26.41420975424732]]], [[[114.23077960903207, -26.160909646415863], [114.23077960903207, -26.160909646415863]]], [[[113.87672467081565, -26.446456730228352], [113.87672467081565, -26.446456730228352]]], [[[113.6478054252921, -26.556049745538342], [113.6478054252921, -26.556049745538342]]], [[[113.37863157684703, -26.204278731611392], [113.37863157684703, -26.204278731611392]]], [[[113.72410049828366, -26.200505728936772], [113.72410049828366, -26.200505728936772]]], [[[113.71532551778675, -26.056537678837763], [113.71532551778675, -26.056537678837763]]], [[[113.50864164458824, -26.230687703148465], [113.50864164458824, -26.230687703148465]]], [[[113.69267541846742, -26.533978682518246], [113.69267541846742, -26.533978682518246]]], [[[113.86901739529597, -25.985831678578005], [113.86901739529597, -25.985831678578005]]], [[[113.58985441648339, -26.490039699016645], [113.58985441648339, -26.490039699016645]]], [[[113.41468955370475, -26.091606738705313], [113.41468955370475, -26.091606738705313]]], [[[113.90669750903486, -25.95877165603157], [113.90669750903486, -25.95877165603157]]], [[[113.39532947309688, -26.057876729831868], [113.39532947309688, -26.057876729831868]]], [[[113.68624062814403, -28.482584711760083], [113.70063089287709, -28.44028372064109], [113.68624062814403, -28.482584711760083]]], [[[113.71966082097677, -28.445483739434668], [113.71966082097677, -28.445483739434668]]], [[[113.96351368283243, -28.956197726092658], [113.9917538757592, -28.913046694109266], [113.96351368283243, -28.956197726092658]]], [[[113.58909963503605, -28.302212757264197], [113.58909963503605, -28.302212757264197]]], [[[113.78789167476259, -28.713936736233812], [113.78789167476259, -28.713936736233812]]], [[[114.99897266837633, -30.319236688741753], [114.99897266837633, -30.319236688741753]]], [[[113.84014166769204, -28.70672574285014], [113.84014166769204, -28.70672574285014]]], [[[113.85935165407066, -28.691645711553583], [113.85935165407066, -28.691645711553583]]], [[[113.91345389517465, -28.90844768906427], [113.91345389517465, -28.90844768906427]]], [[[113.85702388050161, -28.887517732573], [113.85702388050161, -28.887517732573]]], [[[113.77304053717396, -28.478683746141776], [113.77304053717396, -28.478683746141776]]], [[[113.80597263575234, -28.753046675246463], [113.80597263575234, -28.753046675246463]]], [[[113.81197276457293, -28.74778672483811], [113.81197276457293, -28.74778672483811]]], [[[113.83657156738461, -28.697625673038296], [113.83657156738461, -28.697625673038296]]], [[[114.98928181057798, -30.330841649365524], [114.98928181057798, -30.330841649365524]]], [[[113.83207155706026, -28.68692575327897], [113.83207155706026, -28.68692575327897]]], [[[113.99405355153995, -28.86499668374947], [113.99405355153995, -28.86499668374947]]], [[[114.04047267040472, -28.799475690519394], [114.04047267040472, -28.799475690519394]]], [[[113.83069167632883, -28.67597571331867], [113.83069167632883, -28.67597571331867]]], [[[113.97568383398308, -28.86682673492255], [113.97568383398308, -28.86682673492255]]], [[[113.71538079261649, -28.458973749771154], [113.71538079261649, -28.458973749771154]]], [[[113.78694161616123, -28.72942671636364], [113.78694161616123, -28.72942671636364]]], [[[115.01807856643156, -30.45447464821795], [115.01807856643156, -30.45447464821795]]], [[[113.87652183043305, -28.67325475037403], [113.87652183043305, -28.67325475037403]]], [[[114.99267984939176, -30.321493609123234], [114.99267984939176, -30.321493609123234]]], [[[113.83351156018053, -28.72694569336473], [113.83351156018053, -28.72694569336473]]], [[[113.7134007832388, -28.463563749919498], [113.7134007832388, -28.463563749919498]]], [[[113.89731363637654, -28.89853770004906], [113.89731363637654, -28.89853770004906]]], [[[113.87563151997804, -28.66637469040025], [113.87563151997804, -28.66637469040025]]], [[[113.98686363296211, -28.871406744233813], [113.98686363296211, -28.871406744233813]]], [[[113.76750085941626, -28.497633696582767], [113.76750085941626, -28.497633696582767]]], [[[115.04554262813126, -30.523111626907195], [115.04554262813126, -30.523111626907195]]], [[[113.85280180356364, -28.675625711901272], [113.85280180356364, -28.675625711901272]]], [[[114.00139359118522, -28.871866723315005], [114.00139359118522, -28.871866723315005]]], [[[113.829341645887, -28.6685857233723], [113.829341645887, -28.6685857233723]]], [[[113.9676137151782, -28.86911670544497], [113.9676137151782, -28.86911670544497]]], [[[113.96451373586765, -28.87280669565824], [113.96451373586765, -28.87280669565824]]], [[[115.00843886419426, -30.28194168801691], [115.00843886419426, -30.28194168801691]]], [[[113.87274366100547, -28.917427701701047], [113.87274366100547, -28.917427701701047]]], [[[113.88311378904231, -28.909347701003025], [113.88311378904231, -28.909347701003025]]], [[[113.88362063606779, -28.630774729731126], [113.88362063606779, -28.630774729731126]]], [[[113.86162177198682, -28.66972467131076], [113.86162177198682, -28.66972467131076]]], [[[113.66638644785387, -26.613880684594818], [113.66638644785387, -26.613880684594818]]], [[[113.78698263998018, -28.77564675656612], [113.78698263998018, -28.77564675656612]]], [[[115.04466063893013, -30.531784646997615], [115.04466063893013, -30.531784646997615]]], [[[114.94394270088509, -30.130568691153186], [114.94394270088509, -30.130568691153186]]], [[[113.63253564856821, -26.575359696622183], [113.63253564856821, -26.575359696622183]]], [[[113.73157070220896, -28.478053748811003], [113.73157070220896, -28.478053748811003]]], [[[113.70752052438829, -28.468744700322482], [113.70752052438829, -28.468744700322482]]], [[[115.00619678686975, -30.312292658284626], [115.00619678686975, -30.312292658284626]]], [[[115.11441753937547, -30.657491333466417], [115.11441753937547, -30.657491333466417]]], [[[114.87852381417233, -29.80777866359352], [114.87852381417233, -29.80777866359352]]], [[[115.32155040888962, -20.80825734337217], [115.30683098362303, -20.86042760451314], [115.3476806504365, -20.864797342128565], [115.37428086016608, -20.89479738072165], [115.40669063578038, -20.87036695869244], [115.43148997119863, -20.833076607045058], [115.45879992615201, -20.7918255452325], [115.47538906163828, -20.744714594016965], [115.46173897005441, -20.703194544595434], [115.44077909937315, -20.66608465562533], [115.4113197340994, -20.70000506752811], [115.38097009937884, -20.74097553952341], [115.35185003392954, -20.77236656139963], [115.32370014842104, -20.803967013222984], [115.32155040888962, -20.80825734337217]]], [[[116.82408882262507, -20.49790249782529], [116.85970884072646, -20.51623549605119], [116.88635890638254, -20.480522484457417], [116.8832518042168, -20.439440494395804], [116.84700782852137, -20.461031496417476], [116.82564083243454, -20.49688249773796], [116.82408882262507, -20.49790249782529]]], [[[116.54993100206488, -20.604746523007904], [116.58509293783645, -20.5838154910043], [116.54246102076155, -20.572936483238024], [116.50355078495632, -20.588106515419238], [116.46524173909128, -20.603037537572774], [116.50143071717171, -20.621526485714416], [116.54305067354413, -20.619556483458513], [116.54993100206488, -20.604746523007904]]], [[[116.59667377322057, -20.688875480951836], [116.57670386727871, -20.727916492234694], [116.6196136928705, -20.715195519865343], [116.64766379872819, -20.685935528207114], [116.60650786217721, -20.685385510405812], [116.59667377322057, -20.688875480951836]]], [[[116.61139184620058, -20.593355519645563], [116.64994084213683, -20.579759517509675], [116.67481186808595, -20.547167506005515], [116.63925886229195, -20.567427508013576], [116.61139184620058, -20.593355519645563]]], [[[114.5035581140394, -22.015878629136424], [114.52896904437122, -22.052679617742385], [114.53865812051161, -22.010918626930206], [114.5035581140394, -22.015878629136424]]], [[[116.92180883928327, -20.41031050221722], [116.88580856083833, -20.385800683968387], [116.85128689249525, -20.365230635668997], [116.88096570179606, -20.395198504273832], [116.92180883928327, -20.41031050221722]]], [[[117.71138094622755, -20.64296641354285], [117.71138094622755, -20.64296641354285]]], [[[116.61008196796315, -20.455113528965892], [116.57607167250677, -20.48326453094391], [116.61656198892517, -20.480034528753944], [116.61008196796315, -20.455113528965892]]], [[[115.52106623100224, -20.48910216001056], [115.53036492756094, -20.448382009254907], [115.52106623100224, -20.48910216001056]]], [[[116.658050852297, -20.593752507152573], [116.63558984630235, -20.628809508542655], [116.67415385189511, -20.609613496379676], [116.658050852297, -20.593752507152573]]], [[[116.78659481655124, -20.511101489875788], [116.81935382222562, -20.484494498001688], [116.78539984643042, -20.50739049991872], [116.78659481655124, -20.511101489875788]]], [[[116.81130582068705, -20.447247498222865], [116.81130582068705, -20.447247498222865]]], [[[115.42583835772248, -21.525724620992115], [115.45994621325121, -21.503813748887662], [115.41998798775123, -21.518414551295997], [115.42583835772248, -21.525724620992115]]], [[[114.9754137930726, -21.461726687405207], [115.01679416967258, -21.46518659493044], [114.97622398251957, -21.454726607320342], [114.9754137930726, -21.461726687405207]]], [[[115.5581131415615, -20.39187246734464], [115.5581131415615, -20.39187246734464]]], [[[117.06832158960613, -20.625749755783392], [117.06832158960613, -20.625749755783392]]], [[[114.30602375987449, -21.7116348499797], [114.33429380492954, -21.67790424802816], [114.30396380976428, -21.70757482008923], [114.30602375987449, -21.7116348499797]]], [[[114.35904372079254, -21.650933756334982], [114.3915235761325, -21.62611319416988], [114.35796373083934, -21.65025376639945], [114.35904372079254, -21.650933756334982]]], [[[115.47670781267372, -21.51737376798188], [115.47670781267372, -21.51737376798188]]], [[[115.2124210514762, -21.598146603931216], [115.24796704646687, -21.570657581683417], [115.2124210514762, -21.598146603931216]]], [[[117.07467881835102, -20.44152845444429], [117.07467881835102, -20.44152845444429]]], [[[115.32444117622182, -20.92182836379521], [115.32444117622182, -20.92182836379521]]], [[[114.68343423061417, -21.630840606057852], [114.66729396927165, -21.591470646850997], [114.68813400985577, -21.62598060574403], [114.68343423061417, -21.630840606057852]]], [[[115.88200042035612, -20.94992504173518], [115.88200042035612, -20.94992504173518]]], [[[118.50268458267976, -20.32119738432635], [118.50268458267976, -20.32119738432635]]], [[[116.81700682882327, -20.42386549779458], [116.81700682882327, -20.42386549779458]]], [[[116.67470386489265, -20.66021950662497], [116.67470386489265, -20.66021950662497]]], [[[114.57072796690429, -22.000977594891587], [114.57072796690429, -22.000977594891587]]], [[[116.67479583639235, -20.51895750585312], [116.67479583639235, -20.51895750585312]]], [[[115.32590800957696, -20.973949573980885], [115.32590800957696, -20.973949573980885]]], [[[117.84584772918531, -20.539184436422488], [117.84584772918531, -20.539184436422488]]], [[[115.37602698673557, -21.445264603489612], [115.37602698673557, -21.445264603489612]]], [[[116.15665088586498, -20.93487249626982], [116.15665088586498, -20.93487249626982]]], [[[116.43632187497761, -20.659367539445523], [116.43632187497761, -20.659367539445523]]], [[[115.51589304317574, -20.363021989646118], [115.51589304317574, -20.363021989646118]]], [[[116.96794851645825, -20.42773973990451], [116.96794851645825, -20.42773973990451]]], [[[115.3555681613362, -21.487064584907454], [115.3555681613362, -21.487064584907454]]], [[[115.53186405475577, -20.40741259895143], [115.53186405475577, -20.40741259895143]]], [[[115.41272897817637, -21.51518461170363], [115.41272897817637, -21.51518461170363]]], [[[116.65968586791683, -20.523244506682506], [116.65968586791683, -20.523244506682506]]], [[[116.63611486179343, -20.554774508113027], [116.63611486179343, -20.554774508113027]]], [[[114.54071909383869, -22.060129647050513], [114.54071909383869, -22.060129647050513]]], [[[115.5685181373603, -20.646973108087966], [115.5685181373603, -20.646973108087966]]], [[[116.24334173080747, -20.812549530824533], [116.24334173080747, -20.812549530824533]]], [[[116.82175482771373, -20.411835507478592], [116.82175482771373, -20.411835507478592]]], [[[116.17598128555467, -20.95633221531348], [116.17598128555467, -20.95633221531348]]], [[[115.85345085679519, -21.01202652368129], [115.85345085679519, -21.01202652368129]]], [[[115.52495343410267, -20.388662219254293], [115.52495343410267, -20.388662219254293]]], [[[114.75813420682586, -21.528408640951326], [114.75813420682586, -21.528408640951326]]], [[[114.51528903854202, -22.093650678798785], [114.51528903854202, -22.093650678798785]]], [[[117.9182577697139, -20.47682245258177], [117.9182577697139, -20.47682245258177]]], [[[116.65326687759092, -20.674934497848284], [116.65326687759092, -20.674934497848284]]], [[[117.77512993791214, -20.589775430135923], [117.77512993791214, -20.589775430135923]]], [[[116.30880305311034, -20.778288507043158], [116.30880305311034, -20.778288507043158]]], [[[115.54404501522073, -20.430002588362882], [115.54404501522073, -20.430002588362882]]], [[[117.66403107026733, -20.643557025867413], [117.66403107026733, -20.643557025867413]]], [[[116.03898132450986, -20.91220135270206], [116.03898132450986, -20.91220135270206]]], [[[115.55020483513258, -20.436491818039443], [115.55020483513258, -20.436491818039443]]], [[[117.17328181691963, -20.559522480022068], [117.17328181691963, -20.559522480022068]]], [[[115.54224698825573, -21.38685558349407], [115.54224698825573, -21.38685558349407]]], [[[116.66493187628946, -20.66970351719745], [116.66493187628946, -20.66970351719745]]], [[[115.51381093409246, -20.374390579827367], [115.51381093409246, -20.374390579827367]]], [[[116.82551782656036, -20.39767145720291], [116.82551782656036, -20.39767145720291]]], [[[116.83900983922152, -20.461564496841213], [116.83900983922152, -20.461564496841213]]], [[[116.86236778407927, -20.40762149531821], [116.86236778407927, -20.40762149531821]]], [[[115.52356432677696, -20.42776205954155], [115.52356432677696, -20.42776205954155]]], [[[114.42285508671664, -21.951658673847902], [114.42285508671664, -21.951658673847902]]], [[[116.68436384682825, -20.53957850545523], [116.68436384682825, -20.53957850545523]]], [[[115.86566094366307, -20.979615562817674], [115.86566094366307, -20.979615562817674]]], [[[114.93553499578455, -21.59499864049795], [114.93553499578455, -21.59499864049795]]], [[[115.63717305783744, -21.20237949704383], [115.63717305783744, -21.20237949704383]]], [[[116.85027789519158, -20.409391525963414], [116.85027789519158, -20.409391525963414]]], [[[114.55035521507233, -21.80904368518431], [114.55035521507233, -21.80904368518431]]], [[[114.76661506943526, -21.71931160140618], [114.76661506943526, -21.71931160140618]]], [[[116.62755684681167, -20.460223498057637], [116.62755684681167, -20.460223498057637]]], [[[115.16390417720112, -21.324753635401006], [115.16390417720112, -21.324753635401006]]], [[[115.56024807777504, -20.642673138544705], [115.56024807777504, -20.642673138544705]]], [[[116.64729184857558, -20.516925497310126], [116.64729184857558, -20.516925497310126]]], [[[114.62181409434214, -21.60632065973198], [114.62181409434214, -21.60632065973198]]], [[[115.58348806717103, -20.66336358730735], [115.58348806717103, -20.66336358730735]]], [[[116.84228771616068, -20.41451145641175], [116.84228771616068, -20.41451145641175]]], [[[115.3520081333857, -21.512944615250902], [115.3520081333857, -21.512944615250902]]], [[[116.54785684838129, -20.541195512775587], [116.54785684838129, -20.541195512775587]]], [[[116.06630962645741, -20.821782320693053], [116.06630962645741, -20.821782320693053]]], [[[115.5038229957309, -21.297851625259373], [115.5038229957309, -21.297851625259373]]], [[[115.82251186394298, -21.081617515805455], [115.82251186394298, -21.081617515805455]]], [[[116.64292368711513, -20.652545528279333], [116.64292368711513, -20.652545528279333]]], [[[115.54496636164743, -20.529442538834303], [115.54496636164743, -20.529442538834303]]], [[[117.75353981980558, -20.59107546119477], [117.75353981980558, -20.59107546119477]]], [[[117.69291077766509, -20.640696444434568], [117.69291077766509, -20.640696444434568]]], [[[116.62107167806373, -20.47200354846881], [116.62107167806373, -20.47200354846881]]], [[[115.13191505438388, -21.536165588400095], [115.13191505438388, -21.536165588400095]]], [[[115.65568202008103, -21.108298535484312], [115.65568202008103, -21.108298535484312]]], [[[114.56449612952387, -21.88941663471391], [114.56449612952387, -21.88941663471391]]], [[[117.92975760866766, -20.475312422020778], [117.92975760866766, -20.475312422020778]]], [[[116.65328985756825, -20.508539506944164], [116.65328985756825, -20.508539506944164]]], [[[114.43224215392921, -21.924625643124706], [114.43224215392921, -21.924625643124706]]], [[[117.21956278865403, -20.65733647819482], [117.21956278865403, -20.65733647819482]]], [[[116.77414182949678, -20.543007500708004], [116.77414182949678, -20.543007500708004]]], [[[114.55147804856382, -21.99985762607899], [114.55147804856382, -21.99985762607899]]], [[[115.73523384348721, -21.266439531754067], [115.73523384348721, -21.266439531754067]]], [[[115.5135260545778, -21.44428261546015], [115.5135260545778, -21.44428261546015]]], [[[116.28431083034462, -20.86122953883188], [116.28431083034462, -20.86122953883188]]], [[[115.98444201254985, -20.965224556040944], [115.98444201254985, -20.965224556040944]]], [[[115.51944801058175, -20.633123560863798], [115.51944801058175, -20.633123560863798]]], [[[114.542065121042, -21.741993665359544], [114.542065121042, -21.741993665359544]]], [[[116.9607316108156, -20.661942121561932], [116.9607316108156, -20.661942121561932]]], [[[116.80820868747837, -20.388851458067567], [116.80820868747837, -20.388851458067567]]], [[[116.70542084161174, -20.648802504927797], [116.70542084161174, -20.648802504927797]]], [[[116.61709685695448, -20.44810150855194], [116.61709685695448, -20.44810150855194]]], [[[115.44572405177865, -21.31257257872066], [115.44572405177865, -21.31257257872066]]], [[[115.59172460105462, -20.42691153558183], [115.59172460105462, -20.42691153558183]]], [[[115.84470134006501, -21.05113739438443], [115.84470134006501, -21.05113739438443]]], [[[117.26445778634067, -20.683225466051937], [117.26445778634067, -20.683225466051937]]], [[[114.98428582704626, -21.67590953797014], [114.98428582704626, -21.67590953797014]]], [[[118.45779476647168, -20.322277386384393], [118.45779476647168, -20.322277386384393]]], [[[115.52729794383188, -20.387495569111767], [115.52729794383188, -20.387495569111767]]], [[[116.66394374558477, -20.656614527179165], [116.66394374558477, -20.656614527179165]]], [[[114.42039430900407, -21.70185376274282], [114.42039430900407, -21.70185376274282]]], [[[116.53602095564754, -20.479824553080928], [116.53602095564754, -20.479824553080928]]], [[[114.48952707146869, -21.96225761973953], [114.48952707146869, -21.96225761973953]]], [[[115.54395593075124, -20.514455568813897], [115.54395593075124, -20.514455568813897]]], [[[118.80891987222446, -20.02039234882938], [118.80891987222446, -20.02039234882938]]], [[[115.52279694373284, -20.380276569335464], [115.52279694373284, -20.380276569335464]]], [[[115.02287421547643, -21.265855563537592], [115.02287421547643, -21.265855563537592]]], [[[117.5668006206025, -20.681257460872857], [117.5668006206025, -20.681257460872857]]], [[[116.8375928266969, -20.41695650667222], [116.8375928266969, -20.41695650667222]]], [[[115.78804184859258, -21.107507547903335], [115.78804184859258, -21.107507547903335]]], [[[118.20322653006622, -20.368029428440806], [118.20322653006622, -20.368029428440806]]], [[[114.51004417400578, -21.603161656647163], [114.51004417400578, -21.603161656647163]]], [[[115.4036450720182, -21.410983601693122], [115.4036450720182, -21.410983601693122]]], [[[115.73282184576196, -21.144408521249773], [115.73282184576196, -21.144408521249773]]], [[[115.75629313933794, -21.230818520363638], [115.75629313933794, -21.230818520363638]]], [[[115.46366390698043, -21.263882567419966], [115.46366390698043, -21.263882567419966]]], [[[115.78097290723856, -21.23155859896004], [115.78097290723856, -21.23155859896004]]], [[[115.54681507938844, -20.497272328557187], [115.54681507938844, -20.497272328557187]]], [[[115.66124572280647, -21.310310196225362], [115.66124572280647, -21.310310196225362]]], [[[115.21707618517144, -21.511186573205645], [115.21707618517144, -21.511186573205645]]], [[[115.39029882267434, -21.552816063211964], [115.39029882267434, -21.552816063211964]]], [[[116.19519090590359, -20.828494533567522], [116.19519090590359, -20.828494533567522]]], [[[115.940230760861, -20.879354568072184], [115.940230760861, -20.879354568072184]]], [[[115.43567607986331, -21.420843569871643], [115.43567607986331, -21.420843569871643]]], [[[115.58137590409994, -20.460421496358233], [115.58137590409994, -20.460421496358233]]], [[[115.53088392372437, -20.390399568918557], [115.53088392372437, -20.390399568918557]]], [[[116.56763401717961, -20.713616472644617], [116.56763401717961, -20.713616472644617]]], [[[117.24591177957655, -20.712188497154255], [117.24591177957655, -20.712188497154255]]], [[[115.0295039649285, -21.26627561314106], [115.0295039649285, -21.26627561314106]]], [[[114.5211069782986, -21.95773663775195], [114.5211069782986, -21.95773663775195]]], [[[116.69395782493224, -20.521395504845472], [116.69395782493224, -20.521395504845472]]], [[[115.79902185304769, -21.19106858771888], [115.79902185304769, -21.19106858771888]]], [[[114.86136419143948, -21.58189958492756], [114.86136419143948, -21.58189958492756]]], [[[116.43198199506078, -20.65474742965632], [116.43198199506078, -20.65474742965632]]], [[[115.83647194621139, -21.13549754529721], [115.83647194621139, -21.13549754529721]]], [[[115.52107494284712, -21.42817261493782], [115.52107494284712, -21.42817261493782]]], [[[115.59824413605895, -21.276070549675048], [115.59824413605895, -21.276070549675048]]], [[[116.24363118453367, -20.8727199311308], [116.24363118453367, -20.8727199311308]]], [[[115.57273811624525, -20.63535253778216], [115.57273811624525, -20.63535253778216]]], [[[115.43129487982837, -21.41454356009475], [115.43129487982837, -21.41454356009475]]], [[[115.5192809342944, -20.38440256956184], [115.5192809342944, -20.38440256956184]]], [[[115.20277592714186, -21.52164664410821], [115.20277592714186, -21.52164664410821]]], [[[115.52802496229012, -20.51762955975634], [115.52802496229012, -20.51762955975634]]], [[[117.68575078779678, -20.632126614737846], [117.68575078779678, -20.632126614737846]]], [[[114.99106606670668, -21.6797295775813], [114.99106606670668, -21.6797295775813]]], [[[116.5760837952158, -20.69304586207939], [116.5760837952158, -20.69304586207939]]], [[[115.44136409516656, -21.357782539210934], [115.44136409516656, -21.357782539210934]]], [[[116.95390158148204, -20.663452241926077], [116.95390158148204, -20.663452241926077]]], [[[115.510945975492, -21.454652585664093], [115.510945975492, -21.454652585664093]]], [[[115.5791259330137, -20.44089154638534], [115.5791259330137, -20.44089154638534]]], [[[115.540647356657, -20.600433119459495], [115.540647356657, -20.600433119459495]]], [[[115.92356242554224, -21.086647510111305], [115.92356242554224, -21.086647510111305]]], [[[114.72021396610579, -21.613050583707388], [114.72021396610579, -21.613050583707388]]], [[[115.60429513052485, -20.434831254896405], [115.60429513052485, -20.434831254896405]]], [[[117.95972764617821, -20.475762420585987], [117.95972764617821, -20.475762420585987]]], [[[115.56157795724957, -20.63635306843427], [115.56157795724957, -20.63635306843427]]], [[[115.53220796940626, -20.6315633901138], [115.53220796940626, -20.6315633901138]]], [[[115.5040771877863, -21.48013286619601], [115.5040771877863, -21.48013286619601]]], [[[114.65397508434745, -21.646760617952907], [114.65397508434745, -21.646760617952907]]], [[[117.95654772706753, -20.487302400803042], [117.95654772706753, -20.487302400803042]]], [[[114.52362697603232, -21.929176667451188], [114.52362697603232, -21.929176667451188]]], [[[115.44320910722737, -21.54131477005893], [115.44320910722737, -21.54131477005893]]], [[[115.33914596759425, -20.961232583134823], [115.33914596759425, -20.961232583134823]]], [[[114.54860595986628, -21.874184675622285], [114.54860595986628, -21.874184675622285]]], [[[115.43203611998113, -21.417813620068472], [115.43203611998113, -21.417813620068472]]], [[[115.50410805284102, -20.647873601834107], [115.50410805284102, -20.647873601834107]]], [[[115.54106389435434, -31.994029994824075], [115.50099384004226, -31.993530347090225], [115.45690410808086, -32.01572107969053], [115.49954402193613, -32.015130557266666], [115.54068386597807, -32.01419014493363], [115.54106389435434, -31.994029994824075]]], [[[115.66989860154447, -32.19610194846045], [115.68081831368768, -32.24414739805931], [115.68232158985536, -32.197418797771306], [115.66912888855313, -32.156006608328404], [115.66989860154447, -32.19610194846045]]], [[[123.20532836970123, -34.11650175612612], [123.17382811375559, -34.0898217967473], [123.20532836970123, -34.11650175612612]]], [[[118.46241350944786, -34.93280111101176], [118.46241350944786, -34.93280111101176]]], [[[122.23739353344159, -34.134526981374705], [122.23739353344159, -34.134526981374705]]], [[[123.53929705498356, -34.365312339633746], [123.53929705498356, -34.365312339633746]]], [[[122.83540279351247, -33.98921133463168], [122.83540279351247, -33.98921133463168]]], [[[121.60024692971488, -34.035400399624216], [121.60024692971488, -34.035400399624216]]], [[[122.00933430480599, -34.02280720733143], [122.00933430480599, -34.02280720733143]]], [[[122.00380090343198, -33.969214357227536], [122.00380090343198, -33.969214357227536]]], [[[124.14655857292547, -33.84401129407601], [124.14655857292547, -33.84401129407601]]], [[[117.89394461864877, -35.18530150775332], [117.89394461864877, -35.18530150775332]]], [[[121.66891585744617, -34.00207928735839], [121.66891585744617, -34.00207928735839]]], [[[121.95339546472368, -34.049238269092214], [121.95339546472368, -34.049238269092214]]], [[[122.13814278496736, -34.03330569367929], [122.13814278496736, -34.03330569367929]]], [[[122.0534770327855, -34.141067886637416], [122.0534770327855, -34.141067886637416]]], [[[118.0442459659938, -35.065075290322554], [118.0442459659938, -35.065075290322554]]], [[[121.99114565928872, -34.06139809805041], [121.99114565928872, -34.06139809805041]]], [[[122.79948577006299, -34.0135323456733], [122.79948577006299, -34.0135323456733]]], [[[118.02921982720925, -35.046955100930354], [118.02921982720925, -35.046955100930354]]], [[[121.79021092509593, -33.925905363318265], [121.79021092509593, -33.925905363318265]]], [[[121.99128588635948, -33.992156357704836], [121.99128588635948, -33.992156357704836]]], [[[121.872656932165, -33.92566136086044], [121.872656932165, -33.92566136086044]]], [[[123.24236371078453, -34.0274333247915], [123.24236371078453, -34.0274333247915]]], [[[116.49121903530354, -35.03390308616564], [116.49121903530354, -35.03390308616564]]], [[[122.00824707916706, -34.12275869785561], [122.00824707916706, -34.12275869785561]]], [[[123.53018667513571, -34.01906931807915], [123.53018667513571, -34.01906931807915]]], [[[122.00020565810568, -34.067228037815646], [122.00020565810568, -34.067228037815646]]], [[[121.97362756443738, -34.118059568839826], [121.97362756443738, -34.118059568839826]]], [[[121.99177491339188, -33.92320735734997], [121.99177491339188, -33.92320735734997]]], [[[122.96269838685144, -34.082643101888095], [122.96269838685144, -34.082643101888095]]], [[[123.59657557178706, -34.24009157771721], [123.59657557178706, -34.24009157771721]]], [[[121.89949690785245, -33.92316436005461], [121.89949690785245, -33.92316436005461]]], [[[121.98326392690026, -33.97501536785387], [121.98326392690026, -33.97501536785387]]], [[[119.60437966240158, -34.374401011040185], [119.60437966240158, -34.374401011040185]]], [[[121.9865419373703, -34.47250436020023], [121.9865419373703, -34.47250436020023]]], [[[123.18862798104297, -34.07903161633697], [123.18862798104297, -34.07903161633697]]], [[[122.02405591787375, -34.15150736753884], [122.02405591787375, -34.15150736753884]]], [[[122.0977340026071, -34.064206474986364], [122.0977340026071, -34.064206474986364]]], [[[122.11525988142894, -34.1025953546745], [122.11525988142894, -34.1025953546745]]], [[[123.64168364341688, -33.8888463149231], [123.64168364341688, -33.8888463149231]]], [[[123.28796669348333, -34.02412432369445], [123.28796669348333, -34.02412432369445]]], [[[119.57863096642161, -34.37319713204476], [119.57863096642161, -34.37319713204476]]], [[[121.6796059452842, -33.99108935697898], [121.6796059452842, -33.99108935697898]]], [[[123.23431791358892, -34.07212127520945], [123.23431791358892, -34.07212127520945]]], [[[123.10235823534721, -34.098332428521466], [123.10235823534721, -34.098332428521466]]], [[[124.09637154758279, -33.73328330450799], [124.09637154758279, -33.73328330450799]]], [[[122.52185032177707, -33.96197320270718], [122.52185032177707, -33.96197320270718]]], [[[122.1018059075713, -34.19963335553768], [122.1018059075713, -34.19963335553768]]], [[[122.53489122473994, -34.091624843004595], [122.53489122473994, -34.091624843004595]]], [[[121.3546297005792, -33.865791786483], [121.3546297005792, -33.865791786483]]], [[[123.13654910229694, -34.165512578029606], [123.13654910229694, -34.165512578029606]]], [[[122.24198088756579, -34.0073043506157], [122.24198088756579, -34.0073043506157]]], [[[122.30615086783831, -34.01648034887049], [122.30615086783831, -34.01648034887049]]], [[[122.75615892257603, -33.897831916208155], [122.75615892257603, -33.897831916208155]]], [[[122.63434381550516, -33.9988353398973], [122.63434381550516, -33.9988353398973]]], [[[122.84167871184515, -33.97070225437845], [122.84167871184515, -33.97070225437845]]], [[[123.88604195174534, -34.108344300778995], [123.88604195174534, -34.108344300778995]]], [[[123.23376770257626, -34.04014132506053], [123.23376770257626, -34.04014132506053]]], [[[122.64891081332517, -34.00178833952832], [122.64891081332517, -34.00178833952832]]], [[[118.21446576423668, -35.00337930234066], [118.21446576423668, -35.00337930234066]]], [[[122.16303789281315, -34.07641236318483], [122.16303789281315, -34.07641236318483]]], [[[116.73486338718982, -35.050442873647434], [116.73486338718982, -35.050442873647434]]], [[[124.09549857740986, -33.722592304470034], [124.09549857740986, -33.722592304470034]]], [[[122.81295890623387, -33.967282325095276], [122.81295890623387, -33.967282325095276]]], [[[122.08710589330967, -34.0407233451751], [122.08710589330967, -34.0407233451751]]], [[[122.82888867191146, -33.91785180443881], [122.82888867191146, -33.91785180443881]]], [[[122.54034052041006, -34.00182355241047], [122.54034052041006, -34.00182355241047]]], [[[122.83144922784018, -34.08979339523794], [122.83144922784018, -34.08979339523794]]], [[[122.6579598914798, -33.99066306923463], [122.6579598914798, -33.99066306923463]]], [[[122.58753034316166, -34.00643340117472], [122.58753034316166, -34.00643340117472]]], [[[115.71059576460823, -32.5696326178119], [115.71059576460823, -32.5696326178119]]], [[[122.87044843557679, -33.922931643405924], [122.87044843557679, -33.922931643405924]]], [[[119.78344624532633, -34.0397924325344], [119.78344624532633, -34.0397924325344]]], [[[124.12712257639095, -33.858639304540496], [124.12712257639095, -33.858639304540496]]], [[[122.1418125237379, -34.017435473496256], [122.1418125237379, -34.017435473496256]]], [[[116.0361773553187, -34.86567126964614], [116.0361773553187, -34.86567126964614]]], [[[122.85736859927374, -33.96784217396451], [122.85736859927374, -33.96784217396451]]], [[[123.06578174199747, -34.12286633953951], [123.06578174199747, -34.12286633953951]]], [[[122.34314386561017, -34.10665234829402], [122.34314386561017, -34.10665234829402]]], [[[122.2337488600362, -34.03633035099066], [122.2337488600362, -34.03633035099066]]], [[[122.71647960233089, -33.99216284771173], [122.71647960233089, -33.99216284771173]]], [[[122.49516335499676, -34.19382580458062], [122.49516335499676, -34.19382580458062]]], [[[115.6632595065264, -32.11888209849473], [115.6632595065264, -32.11888209849473]]], [[[118.65962299295256, -34.70279076140742], [118.65962299295256, -34.70279076140742]]], [[[122.70858921083018, -33.9191123075505], [122.70858921083018, -33.9191123075505]]], [[[122.08539091077009, -34.21401636607879], [122.08539091077009, -34.21401636607879]]], [[[121.89619204792483, -33.9126756801004], [121.89619204792483, -33.9126756801004]]], [[[122.43251482665656, -33.98354635523118], [122.43251482665656, -33.98354635523118]]], [[[124.15865955885069, -33.767716293438504], [124.15865955885069, -33.767716293438504]]], [[[117.15185385063803, -35.0631952327351], [117.15185385063803, -35.0631952327351]]], [[[117.86952963302892, -35.19107851890942], [117.86952963302892, -35.19107851890942]]], [[[119.61783254071831, -34.382362710550304], [119.61783254071831, -34.382362710550304]]], [[[122.40740082944613, -33.954139345769924], [122.40740082944613, -33.954139345769924]]], [[[122.30934384476848, -33.952302348462716], [122.30934384476848, -33.952302348462716]]], [[[122.34695403898985, -34.206417018683396], [122.34695403898985, -34.206417018683396]]], [[[118.17290815173821, -35.01483792426266], [118.17290815173821, -35.01483792426266]]], [[[123.13975737533019, -33.98084092701864], [123.13975737533019, -33.98084092701864]]], [[[122.08461298279161, -34.01873613513798], [122.08461298279161, -34.01873613513798]]], [[[123.23555672200095, -34.03160833497468], [123.23555672200095, -34.03160833497468]]], [[[122.02342153669156, -33.88146580622406], [122.02342153669156, -33.88146580622406]]], [[[118.76466598929142, -34.59393461641293], [118.76466598929142, -34.59393461641293]]], [[[121.77519194712796, -33.918466363732286], [121.77519194712796, -33.918466363732286]]], [[[123.96463558540715, -33.641661296727825], [123.96463558540715, -33.641661296727825]]], [[[123.06853172132438, -34.11614931943822], [123.06853172132438, -34.11614931943822]]], [[[123.34289969961323, -34.166061313124985], [123.34289969961323, -34.166061313124985]]], [[[124.04008257740972, -33.76911330583649], [124.04008257740972, -33.76911330583649]]], [[[122.020101911887, -33.99350435687441], [122.020101911887, -33.99350435687441]]], [[[123.15813771390646, -34.0230113267876], [123.15813771390646, -34.0230113267876]]], [[[122.5043903241921, -33.95352316313455], [122.5043903241921, -33.95352316313455]]], [[[122.65268991245432, -33.99450313939241], [122.65268991245432, -33.99450313939241]]], [[[115.68947516705155, -32.30375882783537], [115.68947516705155, -32.30375882783537]]], [[[122.46946048955786, -33.95046326406266], [122.46946048955786, -33.95046326406266]]], [[[122.80400895751646, -33.96392233530784], [122.80400895751646, -33.96392233530784]]], [[[122.2988508691824, -34.02134934909751], [122.2988508691824, -34.02134934909751]]], [[[115.19709063061718, -34.40381365463301], [115.19709063061718, -34.40381365463301]]], [[[115.01244918426654, -34.22327403461521], [115.01244918426654, -34.22327403461521]]], [[[117.94110830255323, -35.06225395504227], [117.94110830255323, -35.06225395504227]]], [[[121.93329091158071, -34.13628736010951], [121.93329091158071, -34.13628736010951]]], [[[122.57542041517495, -34.00923345151084], [122.57542041517495, -34.00923345151084]]], [[[122.30317885618351, -33.96347734868955], [122.30317885618351, -33.96347734868955]]], [[[122.56420980468404, -33.95055835151614], [122.56420980468404, -33.95055835151614]]], [[[123.14847740422354, -33.98845095684608], [123.14847740422354, -33.98845095684608]]], [[[122.0740139028951, -34.221733356443394], [122.0740139028951, -34.221733356443394]]], [[[122.28354985052094, -33.99472234939112], [122.28354985052094, -33.99472234939112]]], [[[123.74100863572599, -33.82105632240026], [123.74100863572599, -33.82105632240026]]], [[[117.6947986717619, -35.05115601647594], [117.6947986717619, -35.05115601647594]]], [[[117.7879426504169, -35.105593522339106], [117.7879426504169, -35.105593522339106]]], [[[117.86223217914237, -35.11729911892942], [117.86223217914237, -35.11729911892942]]], [[[121.9658977757839, -34.12103985908011], [121.9658977757839, -34.12103985908011]]], [[[121.63931590264458, -34.01447934832311], [121.63931590264458, -34.01447934832311]]], [[[123.22716774423253, -34.05802120530844], [123.22716774423253, -34.05802120530844]]], [[[122.7193095216911, -33.98697279761205], [122.7193095216911, -33.98697279761205]]], [[[117.25720221096168, -35.02720891740027], [117.25720221096168, -35.02720891740027]]], [[[115.16657030584899, -34.290010835930815], [115.16657030584899, -34.290010835930815]]], [[[122.34886425884271, -34.21031692865002], [122.34886425884271, -34.21031692865002]]], [[[122.02006836902083, -34.163828607714954], [122.02006836902083, -34.163828607714954]]], [[[122.04882404935195, -34.04105690627846], [122.04882404935195, -34.04105690627846]]], [[[122.65258180292213, -34.0063943394548], [122.65258180292213, -34.0063943394548]]], [[[115.31565853925825, -31.00765262334201], [115.31565853925825, -31.00765262334201]]], [[[119.13577340457495, -34.504495640454074], [119.13577340457495, -34.504495640454074]]], [[[122.87167856782263, -33.98968230371101], [122.87167856782263, -33.98968230371101]]], [[[118.15708737518847, -35.02808031503503], [118.15708737518847, -35.02808031503503]]], [[[122.06508929471474, -34.23142898674766], [122.06508929471474, -34.23142898674766]]], [[[115.10627067250417, -30.68338261405799], [115.10627067250417, -30.68338261405799]]], [[[123.22012725352874, -34.005340795209484], [123.22012725352874, -34.005340795209484]]], [[[122.7166393306694, -33.948522477488524], [122.7166393306694, -33.948522477488524]]], [[[122.68209580870335, -34.017695348737135], [122.68209580870335, -34.017695348737135]]], [[[121.89180193818972, -33.902725470180954], [121.89180193818972, -33.902725470180954]]], [[[124.08944056904568, -33.746476304716495], [124.08944056904568, -33.746476304716495]]], [[[124.08034855997815, -33.72971230481329], [124.08034855997815, -33.72971230481329]]], [[[122.3074388378009, -34.02060834885524], [122.3074388378009, -34.02060834885524]]], [[[122.23526787886404, -34.01328934083375], [122.23526787886404, -34.01328934083375]]], [[[122.8109087348959, -33.92229191492138], [122.8109087348959, -33.92229191492138]]], [[[122.81991576557787, -33.97914933497685], [122.81991576557787, -33.97914933497685]]], [[[122.753202798566, -34.04610133702944], [122.753202798566, -34.04610133702944]]], [[[122.01347866026657, -34.16866873792974], [122.01347866026657, -34.16866873792974]]], [[[115.15618511515228, -34.38141568690342], [115.15618511515228, -34.38141568690342]]], [[[122.97212796899738, -33.905581030759585], [122.97212796899738, -33.905581030759585]]], [[[121.99054893613874, -34.45857736001579], [121.99054893613874, -34.45857736001579]]], [[[121.60431696941883, -34.04316067953696], [121.60431696941883, -34.04316067953696]]], [[[122.8687386387344, -34.00196246384742], [122.8687386387344, -34.00196246384742]]], [[[123.33733870230023, -33.923185322021354], [123.33733870230023, -33.923185322021354]]], [[[123.16204740252624, -34.001051026582054], [123.16204740252624, -34.001051026582054]]], [[[121.64678393641915, -33.89976436753243], [121.64678393641915, -33.89976436753243]]], [[[123.25904869900846, -34.0523923245218], [123.25904869900846, -34.0523923245218]]], [[[121.96392392488214, -33.85481834782435], [121.96392392488214, -33.85481834782435]]], [[[122.07598589242117, -34.21786034636768], [122.07598589242117, -34.21786034636768]]], [[[115.99454338067122, -34.849170511833854], [115.99454338067122, -34.849170511833854]]], [[[124.11984258740354, -33.85418530466336], [124.11984258740354, -33.85418530466336]]], [[[122.31863186109733, -34.14698733917184], [122.31863186109733, -34.14698733917184]]], [[[121.86389693918008, -34.05768436176988], [121.86389693918008, -34.05768436176988]]], [[[121.6989029424539, -33.995680376415], [121.6989029424539, -33.995680376415]]], [[[121.89172993845082, -34.14337236136737], [121.89172993845082, -34.14337236136737]]], [[[123.02976854736609, -34.11367302037927], [123.02976854736609, -34.11367302037927]]], [[[123.54137567284997, -34.002989317744884], [123.54137567284997, -34.002989317744884]]], [[[122.24262886834991, -34.02921534070624], [122.24262886834991, -34.02921534070624]]], [[[123.55064467114859, -33.99554431749835], [123.55064467114859, -33.99554431749835]]], [[[121.82077692966499, -33.91097636233059], [121.82077692966499, -33.91097636233059]]], [[[123.0707481494414, -34.07287234916563], [123.0707481494414, -34.07287234916563]]], [[[121.98133764351758, -34.12512945864983], [121.98133764351758, -34.12512945864983]]], [[[121.89813692709002, -34.13521136113829], [121.89813692709002, -34.13521136113829]]], [[[122.47785044835504, -33.953403243850275], [122.47785044835504, -33.953403243850275]]], [[[121.87211293724731, -34.04274337145303], [121.87211293724731, -34.04274337145303]]], [[[122.67381939642613, -33.92287250847837], [122.67381939642613, -33.92287250847837]]], [[[123.12629800079893, -34.07652205782904], [123.12629800079893, -34.07652205782904]]], [[[122.50703322316707, -34.195155784267676], [122.50703322316707, -34.195155784267676]]], [[[123.98271159809721, -33.827425307316645], [123.98271159809721, -33.827425307316645]]], [[[121.97146489466014, -33.87761336771675], [121.97146489466014, -33.87761336771675]]], [[[122.84670939693842, -34.13078367505452], [122.84670939693842, -34.13078367505452]]], [[[117.85883512964683, -35.11659914908411], [117.85883512964683, -35.11659914908411]]], [[[122.30063684759018, -33.98863235888528], [122.30063684759018, -33.98863235888528]]], [[[121.65524592042689, -34.020989407868015], [121.65524592042689, -34.020989407868015]]], [[[122.06324990782142, -34.05888835595061], [122.06324990782142, -34.05888835595061]]], [[[122.93627836665284, -33.96186180194085], [122.93627836665284, -33.96186180194085]]], [[[122.3421278561662, -34.11656534837126], [122.3421278561662, -34.11656534837126]]], [[[119.36339499695124, -34.481894331096115], [119.36339499695124, -34.481894331096115]]], [[[117.65003636046362, -35.07175486867853], [117.65003636046362, -35.07175486867853]]], [[[121.96995770514056, -34.12098974896133], [121.96995770514056, -34.12098974896133]]], [[[122.3070698667839, -33.993755358732045], [122.3070698667839, -33.993755358732045]]], [[[122.57424033506811, -34.001613411504174], [122.57424033506811, -34.001613411504174]]], [[[114.99353083053553, -33.66955862345459], [114.99353083053553, -33.66955862345459]]], [[[122.63073180579718, -33.99157334995623], [122.63073180579718, -33.99157334995623]]], [[[122.21280888795482, -34.14991835214166], [122.21280888795482, -34.14991835214166]]], [[[121.82628492817511, -33.896353372094225], [121.82628492817511, -33.896353372094225]]], [[[122.89743843286024, -33.964691972933046], [122.89743843286024, -33.964691972933046]]], [[[115.19024786257707, -30.83008063981124], [115.19024786257707, -30.83008063981124]]], [[[119.29058830991495, -34.50494217413793], [119.29058830991495, -34.50494217413793]]], [[[123.14214698324409, -33.93181045671227], [123.14214698324409, -33.93181045671227]]], [[[122.21528888643293, -34.36732334314363], [122.21528888643293, -34.36732334314363]]], [[[122.22058375595665, -34.1310268918295], [122.22058375595665, -34.1310268918295]]], [[[122.21431188772348, -34.150075342100116], [122.21431188772348, -34.150075342100116]]], [[[123.14899712281414, -33.95035059664046], [123.14899712281414, -33.95035059664046]]], [[[118.65790702326949, -34.70344779148435], [118.65790702326949, -34.70344779148435]]], [[[123.90250526867729, -34.09306102035481], [123.90250526867729, -34.09306102035481]]], [[[116.73088518912202, -35.06747232392232], [116.73088518912202, -35.06747232392232]]], [[[117.67718527617863, -35.07349648740295], [117.67718527617863, -35.07349648740295]]], [[[122.48824353614049, -34.19502589477316], [122.48824353614049, -34.19502589477316]]], [[[121.9239369832103, -34.13985039040165], [121.9239369832103, -34.13985039040165]]], [[[121.88624993525816, -34.04829237106213], [121.88624993525816, -34.04829237106213]]], [[[122.2182506816896, -34.26271942254536], [122.2182506816896, -34.26271942254536]]], [[[124.1640685666807, -33.7212133130889], [124.1640685666807, -33.7212133130889]]], [[[116.485911936119, -35.033363136440336], [116.485911936119, -35.033363136440336]]], [[[122.19712177502211, -34.017125481926655], [122.19712177502211, -34.017125481926655]]], [[[122.59506984918767, -33.93354282060959], [122.59506984918767, -33.93354282060959]]], [[[122.20821273441818, -34.04519581175291], [122.20821273441818, -34.04519581175291]]], [[[122.12230288041268, -34.104912354484824], [122.12230288041268, -34.104912354484824]]], [[[122.15022089087346, -34.22329934427376], [122.15022089087346, -34.22329934427376]]], [[[122.11094189195605, -34.098854364779456], [122.11094189195605, -34.098854364779456]]], [[[115.2051188002016, -34.41388254421135], [115.2051188002016, -34.41388254421135]]], [[[122.12663591128667, -34.142696344547694], [122.12663591128667, -34.142696344547694]]], [[[123.53274566586023, -34.36011931975485], [123.53274566586023, -34.36011931975485]]], [[[121.88641692016314, -33.92929735047118], [121.88641692016314, -33.92929735047118]]], [[[122.21580189651833, -34.37141336314931], [122.21580189651833, -34.37141336314931]]], [[[123.66700061820764, -33.84966831416377], [123.66700061820764, -33.84966831416377]]], [[[121.94357993177199, -34.179157350018414], [121.94357993177199, -34.179157350018414]]], [[[123.2275677843167, -34.06230125532057], [123.2275677843167, -34.06230125532057]]], [[[122.14801290046132, -34.20478636424528], [122.14801290046132, -34.20478636424528]]], [[[122.56995041612117, -34.01145354166765], [122.56995041612117, -34.01145354166765]]], [[[118.37560677447706, -34.947884014906755], [118.37560677447706, -34.947884014906755]]], [[[123.9998055897761, -33.63601829597135], [123.9998055897761, -33.63601829597135]]], [[[121.81681993021888, -33.909443362441166], [121.81681993021888, -33.909443362441166]]], [[[122.16234341294332, -34.07691611320702], [122.16234341294332, -34.07691611320702]]], [[[123.14564774520333, -34.003771326992116], [123.14564774520333, -34.003771326992116]]], [[[122.66106980081123, -33.98592303912919], [122.66106980081123, -33.98592303912919]]], [[[117.64929369082107, -35.075138518728224], [117.64929369082107, -35.075138518728224]]], [[[121.87833990083553, -33.915357360641345], [121.87833990083553, -33.915357360641345]]], [[[123.5535476606134, -33.99313431742081], [123.5535476606134, -33.99313431742081]]], [[[123.14880703253785, -33.94156050660048], [123.14880703253785, -33.94156050660048]]], [[[122.03568188454729, -33.8760403658421], [122.03568188454729, -33.8760403658421]]], [[[115.55060394504608, -32.02045008440044], [115.55060394504608, -32.02045008440044]]], [[[117.69783365129561, -35.051528976334524], [117.69783365129561, -35.051528976334524]]], [[[121.97635589802873, -33.97605136806044], [121.97635589802873, -33.97605136806044]]], [[[121.98516692469492, -33.929581367573974], [121.98516692469492, -33.929581367573974]]], [[[121.6413462523854, -34.015839638267636], [121.6413462523854, -34.015839638267636]]], [[[115.69071999607517, -32.29347780772101], [115.69071999607517, -32.29347780772101]]], [[[124.50364408205556, -15.384641194909317], [124.54174006947983, -15.37223418404661], [124.5832031570076, -15.373932173216737], [124.54937324972492, -15.404942204110709], [124.51377319235053, -15.426353194981225], [124.5523630304518, -15.446982194332028], [124.59157311766775, -15.428392153413597], [124.63102301494536, -15.413072172518797], [124.62125298446111, -15.362462202374163], [124.58004200652775, -15.342673183070653], [124.5589571170146, -15.306225173253113], [124.56832615560536, -15.266946192799082], [124.52760617818072, -15.272996173668968], [124.49285610078147, -15.296506154540031], [124.53556722836593, -15.303605183711817], [124.50547196092732, -15.337993184558874], [124.46503208369985, -15.35308918549422], [124.4724570541661, -15.394740175619752], [124.50645293153588, -15.368613164744126], [124.50364408205556, -15.384641194909317]]], [[[124.37808017826687, -15.322435147106349], [124.41077720566987, -15.294287216230472], [124.44720106388574, -15.312712175593624], [124.44215625329456, -15.272206145427068], [124.40397714587556, -15.285157146311903], [124.36506690854415, -15.299847227230002], [124.37808017826687, -15.322435147106349]]], [[[124.80856097059153, -15.237781157855531], [124.79193222247275, -15.280991148467647], [124.83615207980003, -15.28020120761264], [124.83637096892484, -15.23771113732156], [124.80856097059153, -15.237781157855531]]], [[[123.76637797615463, -16.154829166309945], [123.79180800366152, -16.120559225484765], [123.74935824638492, -16.120899236489404], [123.71065824848546, -16.106239227313573], [123.74588819719733, -16.144159216724756], [123.76637797615463, -16.154829166309945]]], [[[124.58592402923446, -15.951113227031428], [124.59669415769133, -15.910873156545646], [124.54560511147162, -15.936834187750618], [124.58335398945032, -15.953603187099812], [124.58592402923446, -15.951113227031428]]], [[[123.45789003802759, -16.23325120431683], [123.48539008721765, -16.269451173869317], [123.53168033396923, -16.259741172661247], [123.49268008600328, -16.24148124350542], [123.46667007681812, -16.209141193940223], [123.45789003802759, -16.23325120431683]]], [[[124.28166715341925, -15.293557228966895], [124.23324716641397, -15.297128150037357], [124.2724500943383, -15.309499189271875], [124.28166715341925, -15.293557228966895]]], [[[123.20177203890086, -16.38944424186352], [123.17113204167971, -16.41727521284394], [123.20925209874662, -16.40139425174664], [123.20177203890086, -16.38944424186352]]], [[[123.36346134365354, -16.584042238979414], [123.35676100292108, -16.540902248868097], [123.36244109364067, -16.581092208986025], [123.36346134365354, -16.584042238979414]]], [[[124.19418499327001, -15.920666165041398], [124.2010750638669, -15.964986205185738], [124.2033149927957, -15.92501523487134], [124.19418499327001, -15.920666165041398]]], [[[123.47518009750212, -16.63019224647987], [123.5143801851342, -16.638912255567032], [123.47626009706259, -16.616412256363137], [123.47518009750212, -16.63019224647987]]], [[[123.90834899007129, -16.277299183806928], [123.88606822054562, -16.238249254063025], [123.91202818966951, -16.27064917367847], [123.90834899007129, -16.277299183806928]]], [[[124.07039616555731, -16.108508229019208], [124.07039616555731, -16.108508229019208]]], [[[124.24156211079205, -16.375538207033603], [124.24156211079205, -16.375538207033603]]], [[[123.54795913871256, -16.09988021121308], [123.53759799827901, -16.058300201195244], [123.55243896832349, -16.095960241077318], [123.54795913871256, -16.09988021121308]]], [[[124.45100506803041, -15.96349416986774], [124.46758523596971, -15.917554219218363], [124.454355187646, -15.955684159746284], [124.45100506803041, -15.96349416986774]]], [[[124.3691230400419, -15.377483217663814], [124.3691230400419, -15.377483217663814]]], [[[123.5417761803917, -17.28452825910083], [123.55186627855156, -17.241408178573845], [123.5417761803917, -17.28452825910083]]], [[[124.30509708337506, -15.353620198865617], [124.34292809072159, -15.337322197950012], [124.30355806342591, -15.351767238886174], [124.30509708337506, -15.353620198865617]]], [[[123.81756813574827, -16.26954720586168], [123.83533921368098, -16.232789215204527], [123.80876903615535, -16.2631092360253], [123.81756813574827, -16.26954720586168]]], [[[124.10471010690594, -16.25769118924376], [124.14538910409208, -16.24976819829352], [124.10107510664325, -16.236756199185752], [124.10471010690594, -16.25769118924376]]], [[[124.09471596484555, -16.143928158712228], [124.09471596484555, -16.143928158712228]]], [[[123.59838115519182, -16.088333209903617], [123.63614514322998, -16.10562621910039], [123.59818313510954, -16.08469120988453], [123.59838115519182, -16.088333209903617]]], [[[124.56773502892273, -16.346535800039604], [124.6501347236468, -16.350265398418834], [124.60757481622873, -16.34164554920762], [124.56624498893434, -16.34259579004334], [124.56773502892273, -16.346535800039604]]], [[[123.51709813875162, -16.026800201494407], [123.55197815705219, -16.04645017076383], [123.52209815818163, -16.017240231308165], [123.51709813875162, -16.026800201494407]]], [[[124.71150461030139, -16.381005167417776], [124.71150461030139, -16.381005167417776]]], [[[123.87773929228658, -16.2867992045756], [123.87773929228658, -16.2867992045756]]], [[[123.34919129810804, -16.346053237790002], [123.34919129810804, -16.346053237790002]]], [[[123.2223121980368, -16.406504181440738], [123.2223121980368, -16.406504181440738]]], [[[123.53670017374625, -16.263581202562843], [123.53670017374625, -16.263581202562843]]], [[[123.40027923907608, -16.134471255115493], [123.40027923907608, -16.134471255115493]]], [[[123.44212922583826, -16.113611223927848], [123.44212922583826, -16.113611223927848]]], [[[123.87724822014343, -16.19907918400868], [123.87724822014343, -16.19907918400868]]], [[[123.33228025417318, -16.161732177017495], [123.33228025417318, -16.161732177017495]]], [[[123.78043814589205, -16.180149226144874], [123.78043814589205, -16.180149226144874]]], [[[123.34473125056417, -16.42548221842124], [123.34473125056417, -16.42548221842124]]], [[[123.62213105055703, -16.35328925106496], [123.62213105055703, -16.35328925106496]]], [[[123.50811001281647, -16.158761182581596], [123.50811001281647, -16.158761182581596]]], [[[124.61258704329197, -15.283045202014087], [124.61258704329197, -15.283045202014087]]], [[[124.85379209914575, -15.300261137411509], [124.85379209914575, -15.300261137411509]]], [[[123.43416025763146, -16.161471174440575], [123.43416025763146, -16.161471174440575]]], [[[124.22913523136579, -15.933575224367535], [124.22913523136579, -15.933575224367535]]], [[[123.67611233484028, -17.043345244280868], [123.67611233484028, -17.043345244280868]]], [[[123.51792111353659, -16.58750217514401], [123.51792111353659, -16.58750217514401]]], [[[123.42317706968653, -17.324089192288195], [123.42317706968653, -17.324089192288195]]], [[[124.69190444123491, -16.364685187692217], [124.69190444123491, -16.364685187692217]]], [[[123.1580131574, -15.521819227352571], [123.1580131574, -15.521819227352571]]], [[[123.6965361749759, -15.933899226517086], [123.6965361749759, -15.933899226517086]]], [[[124.44398576764759, -16.377286472770795], [124.44398576764759, -16.377286472770795]]], [[[123.57312815865107, -16.15891820098321], [123.57312815865107, -16.15891820098321]]], [[[123.10111205650153, -16.426015184742795], [123.10111205650153, -16.426015184742795]]], [[[123.29490903315141, -16.037232207160667], [123.29490903315141, -16.037232207160667]]], [[[124.80154096070049, -15.222551157887931], [124.80154096070049, -15.222551157887931]]], [[[124.7357829982576, -14.915064197089851], [124.7357829982576, -14.915064197089851]]], [[[123.38738117051619, -16.526612238000926], [123.38738117051619, -16.526612238000926]]], [[[124.60595298730279, -15.452212183284177], [124.60595298730279, -15.452212183284177]]], [[[124.78026101773035, -15.015941146904204], [124.78026101773035, -15.015941146904204]]], [[[123.65864414797444, -16.345221210130394], [123.65864414797444, -16.345221210130394]]], [[[123.6345009712298, -16.41024818113907], [123.6345009712298, -16.41024818113907]]], [[[124.50471592843702, -15.221716153794032], [124.50471592843702, -15.221716153794032]]], [[[124.86641006280267, -15.02307020529782], [124.86641006280267, -15.02307020529782]]], [[[123.43826034050095, -16.278282165101764], [123.43826034050095, -16.278282165101764]]], [[[124.62947392336476, -15.80459322517766], [124.62947392336476, -15.80459322517766]]], [[[124.7455530584402, -14.951484217144612], [124.7455530584402, -14.951484217144612]]], [[[124.45576496911788, -16.02632417018858], [124.45576496911788, -16.02632417018858]]], [[[123.4496881882728, -17.340039261731416], [123.4496881882728, -17.340039261731416]]], [[[123.40777911731865, -16.08706123461647], [123.40777911731865, -16.08706123461647]]], [[[124.38502605598114, -15.238927226400717], [124.38502605598114, -15.238927226400717]]], [[[123.56213016135847, -16.235211221752646], [123.56213016135847, -16.235211221752646]]], [[[123.84147829274191, -16.211019214918], [123.84147829274191, -16.211019214918]]], [[[123.7471899702168, -16.266369217497804], [123.7471899702168, -16.266369217497804]]], [[[123.12046205488744, -16.413675204151527], [123.12046205488744, -16.413675204151527]]], [[[123.15244229305401, -16.42272524336898], [123.15244229305401, -16.42272524336898]]], [[[123.60980212313731, -16.42156820181138], [123.60980212313731, -16.42156820181138]]], [[[123.87477903293744, -16.305309164766065], [123.87477903293744, -16.305309164766065]]], [[[124.0656911390714, -16.24287219001356], [124.0656911390714, -16.24287219001356]]], [[[124.48009508482995, -15.446110185806255], [124.48009508482995, -15.446110185806255]]], [[[124.44731108659569, -15.888110189440969], [124.44731108659569, -15.888110189440969]]], [[[123.9524241289383, -16.347533213260768], [123.9524241289383, -16.347533213260768]]], [[[123.53129733238353, -17.33217820966701], [123.53129733238353, -17.33217820966701]]], [[[123.50373417615388, -17.401601210794563], [123.50373417615388, -17.401601210794563]]], [[[123.51967722366558, -17.349978240067568], [123.51967722366558, -17.349978240067568]]], [[[123.55454031245503, -16.258311252090063], [123.55454031245503, -16.258311252090063]]], [[[123.38410911804905, -16.05823118502516], [123.42417925587885, -16.07241120410821], [123.38467899806794, -16.06027121502409], [123.38410911804905, -16.05823118502516]]], [[[124.47200708253645, -15.319307185123355], [124.47200708253645, -15.319307185123355]]], [[[124.67191289261848, -14.94505417855262], [124.67191289261848, -14.94505417855262]]], [[[123.30745000497203, -16.132772237462888], [123.30745000497203, -16.132772237462888]]], [[[124.45162494559375, -15.85505416913083], [124.45162494559375, -15.85505416913083]]], [[[123.45306102633657, -16.5319811763892], [123.45306102633657, -16.5319811763892]]], [[[124.3510762630578, -16.348927194522325], [124.3510762630578, -16.348927194522325]]], [[[123.54595722100028, -17.31845824921919], [123.54595722100028, -17.31845824921919]]], [[[124.07345723692752, -16.174088159385104], [124.07345723692752, -16.174088159385104]]], [[[124.09424723693752, -16.230618239296636], [124.09424723693752, -16.230618239296636]]], [[[123.46062997583458, -16.157761183754534], [123.46062997583458, -16.157761183754534]]], [[[123.42052024151008, -16.273142255512813], [123.42052024151008, -16.273142255512813]]], [[[123.5150702760724, -16.29866123332566], [123.5150702760724, -16.29866123332566]]], [[[124.20952499288124, -15.945556194872749], [124.20952499288124, -15.945556194872749]]], [[[123.17549203988328, -16.36339525237975], [123.17549203988328, -16.36339525237975]]], [[[123.42695704880668, -17.301269242045862], [123.42695704880668, -17.301269242045862]]], [[[124.84380208059423, -15.342091147884306], [124.84380208059423, -15.342091147884306]]], [[[123.60660614206327, -16.372349211566473], [123.60660614206327, -16.372349211566473]]], [[[124.18564508466521, -15.957386235471784], [124.18564508466521, -15.957386235471784]]], [[[123.48153124128996, -16.41298120490372], [123.48153124128996, -16.41298120490372]]], [[[124.6941540515437, -14.95592418818513], [124.6941540515437, -14.95592418818513]]], [[[123.69225002600359, -16.353529179378526], [123.69225002600359, -16.353529179378526]]], [[[123.31439215483114, -16.143857217357585], [123.31439215483114, -16.143857217357585]]], [[[124.48777399478529, -15.465403225777216], [124.48777399478529, -15.465403225777216]]], [[[123.42211000153858, -16.278022245504804], [123.42211000153858, -16.278022245504804]]], [[[123.3123312598399, -16.32184325857138], [123.3123312598399, -16.32184325857138]]], [[[123.88103811924361, -16.17259219374631], [123.88103811924361, -16.17259219374631]]], [[[123.15237210207788, -16.387905243144637], [123.15237210207788, -16.387905243144637]]], [[[124.717923038408, -14.87215416715075], [124.717923038408, -14.87215416715075]]], [[[124.53557624697717, -15.23953614328138], [124.53557624697717, -15.23953614328138]]], [[[124.18857803003519, -15.337268161279635], [124.18857803003519, -15.337268161279635]]], [[[123.84416414308909, -16.231869214992823], [123.84416414308909, -16.231869214992823]]], [[[123.65924019814318, -16.35325919016878], [123.65924019814318, -16.35325919016878]]], [[[123.96075711480623, -16.20045817210006], [123.96075711480623, -16.20045817210006]]], [[[124.47658521680253, -15.981194219457853], [124.47658521680253, -15.981194219457853]]], [[[124.2213480976346, -15.318968180441894], [124.2213480976346, -15.318968180441894]]], [[[124.35915612303609, -16.371227224500295], [124.35915612303609, -16.371227224500295]]], [[[123.81823922412029, -16.206329225429673], [123.81823922412029, -16.206329225429673]]], [[[123.39965104576086, -16.38056221673905], [123.39965104576086, -16.38056221673905]]], [[[123.47947132670872, -16.611122236248935], [123.47947132670872, -16.611122236248935]]], [[[123.77377021881853, -16.279009176952613], [123.77377021881853, -16.279009176952613]]], [[[122.1019922660017, -16.855846236054933], [122.1019922660017, -16.855846236054933]]], [[[124.64529088902998, -15.174513210629094], [124.64529088902998, -15.174513210629094]]], [[[124.35166409337347, -16.364575194613906], [124.35166409337347, -16.364575194613906]]], [[[124.77619590638693, -14.93890320646254], [124.77619590638693, -14.93890320646254]]], [[[124.29592894416008, -15.363766219129825], [124.29592894416008, -15.363766219129825]]], [[[123.90703716515884, -16.88471223783391], [123.90703716515884, -16.88471223783391]]], [[[124.56925599553487, -15.26626517277566], [124.56925599553487, -15.26626517277566]]], [[[123.54086609089502, -17.30113819923106], [123.54086609089502, -17.30113819923106]]], [[[124.00736624727145, -16.012808249801594], [124.00736624727145, -16.012808249801594]]], [[[123.84750900400071, -16.277079215212822], [123.84750900400071, -16.277079215212822]]], [[[123.36415898922499, -16.054761225507786], [123.36415898922499, -16.054761225507786]]], [[[123.49548017520205, -16.218111233283018], [123.49548017520205, -16.218111233283018]]], [[[123.94652805636353, -16.22669820259793], [123.94652805636353, -16.22669820259793]]], [[[123.40557124142197, -16.604452248050478], [123.40557124142197, -16.604452248050478]]], [[[123.81338822424854, -16.19899917549494], [123.81338822424854, -16.19899917549494]]], [[[123.57438025117017, -16.25818021160343], [123.57438025117017, -16.25818021160343]]], [[[123.5538901515856, -16.603712174366304], [123.5538901515856, -16.603712174366304]]], [[[124.47137491742706, -15.9945741596545], [124.47137491742706, -15.9945741596545]]], [[[124.07203523227408, -15.975357178100484], [124.07203523227408, -15.975357178100484]]], [[[123.68146228477623, -17.055005204229175], [123.68146228477623, -17.055005204229175]]], [[[123.3010610803599, -16.314153188809616], [123.3010610803599, -16.314153188809616]]], [[[124.39052611994512, -16.32448615353139], [124.39052611994512, -16.32448615353139]]], [[[123.4215512633721, -16.344822225955248], [123.4215512633721, -16.344822225955248]]], [[[122.13637227376104, -16.858086235016273], [122.13637227376104, -16.858086235016273]]], [[[123.68442110683932, -16.366239249649368], [123.68442110683932, -16.366239249649368]]], [[[123.31389834073013, -17.08614719350047], [123.31389834073013, -17.08614719350047]]], [[[124.86593020103692, -14.93397121470397], [124.86593020103692, -14.93397121470397]]], [[[124.342043151365, -15.36347416814373], [124.342043151365, -15.36347416814373]]], [[[124.49266603895077, -15.212246163978492], [124.49266603895077, -15.212246163978492]]], [[[123.54610816175445, -16.211003211987062], [123.54610816175445, -16.211003211987062]]], [[[124.39134296799847, -15.346213166986198], [124.39134296799847, -15.346213166986198]]], [[[123.70524819561142, -16.761364171741945], [123.70524819561142, -16.761364171741945]]], [[[124.40901607404955, -15.216686155747395], [124.40901607404955, -15.216686155747395]]], [[[124.63141290411528, -15.375102162255784], [124.63141290411528, -15.375102162255784]]], [[[123.15266228336777, -16.43437520343887], [123.15266228336777, -16.43437520343887]]], [[[124.81999995465799, -14.979911175893367], [124.81999995465799, -14.979911175893367]]], [[[124.10069310401816, -16.125212188455546], [124.10069310401816, -16.125212188455546]]], [[[118.89761568866916, -19.892448434174305], [118.89761568866916, -19.892448434174305]]], [[[123.55109799759214, -16.06487020090631], [123.55109799759214, -16.06487020090631]]], [[[124.41225393125642, -15.549413187907339], [124.41225393125642, -15.549413187907339]]], [[[123.5155481780716, -16.37533722381559], [123.5155481780716, -16.37533722381559]]], [[[124.39987712404753, -16.53472715473345], [124.39987712404753, -16.53472715473345]]], [[[123.13238200329813, -16.384975193651066], [123.13238200329813, -16.384975193651066]]], [[[123.82211927562098, -16.27620917579912], [123.82211927562098, -16.27620917579912]]], [[[124.06411911548159, -16.088570199027398], [124.06411911548159, -16.088570199027398]]], [[[124.69809317097122, -14.939574157996942], [124.69809317097122, -14.939574157996942]]], [[[123.62381008965815, -16.32288922082497], [123.62381008965815, -16.32288922082497]]], [[[123.37679929868716, -16.06461118525183], [123.37679929868716, -16.06461118525183]]], [[[124.5176690481321, -15.243323193673199], [124.5176690481321, -15.243323193673199]]], [[[123.57594015969961, -16.587451243721063], [123.57594015969961, -16.587451243721063]]], [[[124.51718600796124, -15.234136163621415], [124.51718600796124, -15.234136163621415]]], [[[124.87177118769245, -15.281801216945167], [124.87177118769245, -15.281801216945167]]], [[[123.38310115032803, -16.509282197995915], [123.38310115032803, -16.509282197995915]]], [[[124.40106401160931, -15.534473178041754], [124.40106401160931, -15.534473178041754]]], [[[123.44334099665566, -16.52002117655368], [123.44334099665566, -16.52002117655368]]], [[[123.92128918977869, -16.299429173655614], [123.92128918977869, -16.299429173655614]]], [[[124.3419580944779, -16.385440194957297], [124.3419580944779, -16.385440194957297]]], [[[124.21008411057639, -16.27815318706862], [124.21008411057639, -16.27815318706862]]], [[[123.39258099942239, -16.498852197688873], [123.39258099942239, -16.498852197688873]]], [[[123.55942011124148, -16.22410118174623], [123.55942011124148, -16.22410118174623]]], [[[124.42217622385515, -15.243396175650846], [124.42217622385515, -15.243396175650846]]], [[[124.22049599003698, -16.28392722688121], [124.22049599003698, -16.28392722688121]]], [[[123.8637781110607, -16.20112920433435], [123.8637781110607, -16.20112920433435]]], [[[123.85235927645421, -16.38812120583126], [123.85235927645421, -16.38812120583126]]], [[[123.86110813966924, -16.1382482039817], [123.86110813966924, -16.1382482039817]]], [[[124.79875096666417, -15.01703021655373], [124.79875096666417, -15.01703021655373]]], [[[124.40210622538673, -15.25816714617036], [124.40210622538673, -15.25816714617036]]], [[[123.60457130236078, -16.378678241657383], [123.60457130236078, -16.378678241657383]]], [[[123.42399099419367, -16.381252246131975], [123.42399099419367, -16.381252246131975]]], [[[123.28540109160748, -16.32258323926616], [123.28540109160748, -16.32258323926616]]], [[[123.86664803107305, -16.209059194320066], [123.86664803107305, -16.209059194320066]]], [[[123.44236214524238, -16.464961246218728], [123.44236214524238, -16.464961246218728]]], [[[124.31803903211443, -15.332506158447822], [124.31803903211443, -15.332506158447822]]], [[[124.58077601477287, -15.262975222520282], [124.58077601477287, -15.262975222520282]]], [[[123.89316708576733, -16.871503198065696], [123.89316708576733, -16.871503198065696]]], [[[123.47689121370249, -16.492071225535685], [123.47689121370249, -16.492071225535685]]], [[[123.54070011322688, -16.632812224879803], [123.54070011322688, -16.632812224879803]]], [[[122.17073140781191, -18.265271262858484], [122.17073140781191, -18.265271262858484]]], [[[124.84460989392419, -15.01504113565917], [124.84460989392419, -15.01504113565917]]], [[[124.46552491728266, -15.971214209619186], [124.46552491728266, -15.971214209619186]]], [[[123.53515115107041, -16.15830720191121], [123.53515115107041, -16.15830720191121]]], [[[124.55583305129687, -15.495902224589745], [124.55583305129687, -15.495902224589745]]], [[[123.58997717459916, -17.571651219793317], [123.58997717459916, -17.571651219793317]]], [[[124.34556707906907, -15.271074187450708], [124.34556707906907, -15.271074187450708]]], [[[124.81204904979431, -15.20893717759371], [124.81204904979431, -15.20893717759371]]], [[[124.73301209718254, -14.855414166741205], [124.73301209718254, -14.855414166741205]]], [[[124.455020054502, -15.36203719576178], [124.455020054502, -15.36203719576178]]], [[[123.23009107651595, -16.370064261002007], [123.23009107651595, -16.370064261002007]]], [[[124.49815601024994, -15.286766164365568], [124.49815601024994, -15.286766164365568]]], [[[123.54045315210485, -16.589693204604128], [123.54045315210485, -16.589693204604128]]], [[[123.10331201697166, -16.44763526482487], [123.10331201697166, -16.44763526482487]]], [[[123.82850820207615, -16.15101918482517], [123.82850820207615, -16.15101918482517]]], [[[123.54804120697145, -16.413920173268437], [123.54804120697145, -16.413920173268437]]], [[[123.52014807949033, -16.062100171650524], [123.52014807949033, -16.062100171650524]]], [[[123.83029812183442, -16.145939224749892], [123.83029812183442, -16.145939224749892]]], [[[124.04608717031954, -16.242178200447487], [124.04608717031954, -16.242178200447487]]], [[[124.67690466237079, -16.372255368037468], [124.67690466237079, -16.372255368037468]]], [[[123.08422229822492, -16.44776523533135], [123.08422229822492, -16.44776523533135]]], [[[124.74811405001549, -15.034935187658082], [124.74811405001549, -15.034935187658082]]], [[[124.2733061191929, -16.39591419648677], [124.2733061191929, -16.39591419648677]]], [[[123.38306118042557, -16.512782218019733], [123.38306118042557, -16.512782218019733]]], [[[123.42265108380894, -16.363712226051028], [123.42265108380894, -16.363712226051028]]], [[[123.04113018836856, -16.354413235873384], [123.04113018836856, -16.354413235873384]]], [[[124.78675108719045, -15.008240206726402], [124.78675108719045, -15.008240206726402]]], [[[123.41774719015208, -17.32733918244487], [123.41774719015208, -17.32733918244487]]], [[[124.59411403892054, -15.960593206930243], [124.59411403892054, -15.960593206930243]]], [[[123.42748010215885, -16.31402224560535], [123.42748010215885, -16.31402224560535]]], [[[123.42524020859321, -16.175971254759094], [123.42524020859321, -16.175971254759094]]], [[[123.29588104047372, -16.306073258889686], [123.29588104047372, -16.306073258889686]]], [[[123.83727818034465, -16.90377422956913], [123.83727818034465, -16.90377422956913]]], [[[123.49561122028679, -16.40983121453406], [123.49561122028679, -16.40983121453406]]], [[[123.54427024221864, -16.224141212118315], [123.54427024221864, -16.224141212118315]]], [[[124.47033608897803, -16.06197718012576], [124.47033608897803, -16.06197718012576]]], [[[119.09882077775433, -19.58996140365246], [119.09882077775433, -19.58996140365246]]], [[[123.67479109857865, -16.40944826016374], [123.67479109857865, -16.40944826016374]]], [[[124.24458607634324, -15.323711189968892], [124.24458607634324, -15.323711189968892]]], [[[123.94677719188114, -16.86045220676656], [123.94677719188114, -16.86045220676656]]], [[[123.55334005228279, -16.248811202057254], [123.55334005228279, -16.248811202057254]]], [[[124.03776611650157, -16.06104815943577], [124.03776611650157, -16.06104815943577]]], [[[124.15433700408005, -16.273817158256318], [124.15433700408005, -16.273817158256318]]], [[[124.16989728307347, -16.27379717791531], [124.16989728307347, -16.27379717791531]]], [[[123.85353902450997, -16.313179205310412], [123.85353902450997, -16.313179205310412]]], [[[124.29180009264286, -15.286232188700184], [124.29180009264286, -15.286232188700184]]], [[[124.23158614941232, -16.287937176667928], [124.23158614941232, -16.287937176667928]]], [[[124.5017049143073, -15.939834168665753], [124.5017049143073, -15.939834168665753]]], [[[124.66984217970413, -15.27605220082417], [124.66984217970413, -15.27605220082417]]], [[[123.76778808496707, -16.11143916599096], [123.76778808496707, -16.11143916599096]]], [[[123.3970899833824, -16.28637218618856], [123.3970899833824, -16.28637218618856]]], [[[123.4500092849013, -16.0974112436247], [123.4500092849013, -16.0974112436247]]], [[[123.83385924438929, -16.257309195400552], [123.83385924438929, -16.257309195400552]]], [[[123.3664313112043, -16.5012021783645], [123.3664313112043, -16.5012021783645]]], [[[124.3427451237213, -15.912475151793997], [124.3427451237213, -15.912475151793997]]], [[[124.40091392185114, -15.544903178114655], [124.40091392185114, -15.544903178114655]]], [[[122.8208661448811, -16.764538244508596], [122.8208661448811, -16.764538244508596]]], [[[123.71014921967594, -16.1515591776238], [123.71014921967594, -16.1515591776238]]], [[[124.49051504517891, -15.9473741989456], [124.49051504517891, -15.9473741989456]]], [[[124.32074120269345, -15.365255178609107], [124.32074120269345, -15.365255178609107]]], [[[124.67666201675775, -15.155352229876094], [124.67666201675775, -15.155352229876094]]], [[[123.54127825724832, -16.028040210906138], [123.54127825724832, -16.028040210906138]]], [[[123.58678116316115, -16.364969172000507], [123.58678116316115, -16.364969172000507]]], [[[123.93436728329556, -16.069608241838676], [123.93436728329556, -16.069608241838676]]], [[[124.83329007477586, -15.02418019593762], [124.83329007477586, -15.02418019593762]]], [[[124.23028211077957, -16.34330119706327], [124.23028211077957, -16.34330119706327]]], [[[123.44179120304433, -16.381642205688877], [123.44179120304433, -16.381642205688877]]], [[[122.81366615509444, -16.755528244649586], [122.81366615509444, -16.755528244649586]]], [[[124.5336250243785, -15.114215202479185], [124.5336250243785, -15.114215202479185]]], [[[124.77063498504161, -14.857663176021461], [124.77063498504161, -14.857663176021461]]], [[[124.46346707473117, -15.395657185811944], [124.46346707473117, -15.395657185811944]]], [[[123.85801922226236, -16.234539184688252], [123.85801922226236, -16.234539184688252]]], [[[123.61693017047455, -16.721206203599664], [123.61693017047455, -16.721206203599664]]], [[[124.68373312127449, -14.913954218108216], [124.68373312127449, -14.913954218108216]]], [[[124.14184717476597, -16.268657198496527], [124.14184717476597, -16.268657198496527]]], [[[123.42368715946141, -17.317079262229996], [123.42368715946141, -17.317079262229996]]], [[[123.51087014469051, -16.236221193020647], [123.51087014469051, -16.236221193020647]]], [[[124.71931302909542, -14.909094137372877], [124.71931302909542, -14.909094137372877]]], [[[123.54110724619798, -15.987710230645707], [123.54110724619798, -15.987710230645707]]], [[[123.37387109717017, -16.370602187324614], [123.37387109717017, -16.370602187324614]]], [[[123.63288025958467, -16.342749240735706], [123.63288025958467, -16.342749240735706]]], [[[123.43987921637223, -16.128171174079455], [123.43987921637223, -16.128171174079455]]], [[[124.61931005377278, -15.324613152158662], [124.61931005377278, -15.324613152158662]]], [[[123.09561234655703, -16.415325254819013], [123.09561234655703, -16.415325254819013]]], [[[123.40704112430535, -16.344462226317397], [123.40704112430535, -16.344462226317397]]], [[[124.82657101932622, -15.22859114744759], [124.82657101932622, -15.22859114744759]]], [[[123.35218900009428, -16.058711235837627], [123.35218900009428, -16.058711235837627]]], [[[124.58580305980497, -15.51167222408903], [124.58580305980497, -15.51167222408903]]], [[[123.87032902363211, -16.321669174976876], [123.87032902363211, -16.321669174976876]]], [[[123.64597813267378, -16.108410228880988], [123.64597813267378, -16.108410228880988]]], [[[124.46923206426317, -15.390262175656442], [124.46923206426317, -15.390262175656442]]], [[[123.43832115693007, -16.517941176665534], [123.43832115693007, -16.517941176665534]]], [[[123.44113205547733, -16.47071125628701], [123.44113205547733, -16.47071125628701]]], [[[124.45475208607175, -15.885570189269915], [124.45475208607175, -15.885570189269915]]], [[[124.59940404823763, -15.477281183584184], [124.59940404823763, -15.477281183584184]]], [[[123.42242032255552, -16.3165722157489], [123.42242032255552, -16.3165722157489]]], [[[124.48496599982724, -15.231256154264896], [124.48496599982724, -15.231256154264896]]], [[[124.6116629370079, -15.45468223318611], [124.6116629370079, -15.45468223318611]]], [[[123.97683828456263, -16.232958251948897], [123.97683828456263, -16.232958251948897]]], [[[124.06785310505397, -16.08064518889148], [124.06785310505397, -16.08064518889148]]], [[[123.84430825248415, -16.20798919483212], [123.84430825248415, -16.20798919483212]]], [[[123.55833219731507, -16.452549173268963], [123.55833219731507, -16.452549173268963]]], [[[124.65459221841311, -15.171552210423721], [124.65459221841311, -15.171552210423721]]], [[[124.53709613699118, -15.244386163282927], [124.53709613699118, -15.244386163282927]]], [[[123.27261929475846, -16.04413222777901], [123.27261929475846, -16.04413222777901]]], [[[123.31664118656774, -16.577472220126396], [123.31664118656774, -16.577472220126396]]], [[[123.67869816065988, -16.111400188112693], [123.67869816065988, -16.111400188112693]]], [[[124.43310621100733, -16.496457183788596], [124.43310621100733, -16.496457183788596]]], [[[124.57190600506733, -15.25191520262551], [124.57190600506733, -15.25191520262551]]], [[[123.08894226754084, -16.434585255120698], [123.08894226754084, -16.434585255120698]]], [[[123.55464831660377, -16.03584016062864], [123.55464831660377, -16.03584016062864]]], [[[123.36555904882961, -16.043471175398455], [123.36555904882961, -16.043471175398455]]], [[[123.88599913264639, -16.322919184622737], [123.88599913264639, -16.322919184622737]]], [[[124.1639169335071, -16.275797158059447], [124.1639169335071, -16.275797158059447]]], [[[123.8103980738885, -16.176989225420016], [123.8103980738885, -16.176989225420016]]], [[[123.26868817230863, -16.308705219605514], [123.26868817230863, -16.308705219605514]]], [[[124.43010704150358, -16.509897223940076], [124.43010704150358, -16.509897223940076]]], [[[124.37141629084964, -16.30958622383282], [124.37141629084964, -16.30958622383282]]], [[[124.46465507303427, -15.321797195292254], [124.46465507303427, -15.321797195292254]]], [[[123.48336003767609, -16.657052206452228], [123.48336003767609, -16.657052206452228]]], [[[123.35628113144692, -16.485622178520067], [123.35628113144692, -16.485622178520067]]], [[[124.6723931336819, -15.4723121520939], [124.6723931336819, -15.4723121520939]]], [[[124.46002409793738, -15.531723226794655], [124.46002409793738, -15.531723226794655]]], [[[124.19827716186172, -16.300527177473462], [124.19827716186172, -16.300527177473462]]], [[[124.60838117820222, -15.03252220041283], [124.60838117820222, -15.03252220041283]]], [[[124.39798605805963, -16.26190619295912], [124.39798605805963, -16.26190619295912]]], [[[123.88356914346436, -16.349569174854448], [123.88356914346436, -16.349569174854448]]], [[[123.36733922926557, -16.063721255485703], [123.36733922926557, -16.063721255485703]]], [[[124.18118507457542, -15.94147621546357], [124.18118507457542, -15.94147621546357]]], [[[124.05671910958537, -16.240165200196135], [124.05671910958537, -16.240165200196135]]], [[[122.16833182241609, -16.88268592419831], [122.16833182241609, -16.88268592419831]]], [[[124.45537290513153, -15.391563175952312], [124.45537290513153, -15.391563175952312]]], [[[123.16488211161267, -16.400365192897638], [123.16488211161267, -16.400365192897638]]], [[[123.82508928564175, -16.28470922578569], [123.82508928564175, -16.28470922578569]]], [[[124.49299614936056, -15.231896144103576], [124.49299614936056, -15.231896144103576]]], [[[123.87851904346678, -16.33642917488459], [123.87851904346678, -16.33642917488459]]], [[[123.44572130292873, -16.386882205624904], [123.44572130292873, -16.386882205624904]]], [[[119.67322771084713, -20.007741362007057], [119.67322771084713, -20.007741362007057]]], [[[123.4088000595165, -16.17106220514014], [123.4088000595165, -16.17106220514014]]], [[[122.822416294888, -16.76825820448973], [122.822416294888, -16.76825820448973]]], [[[124.2599372029177, -15.214677168908215], [124.2599372029177, -15.214677168908215]]], [[[123.87332998393191, -16.341589235038622], [123.87332998393191, -16.341589235038622]]], [[[123.44729017766116, -16.194041184325037], [123.44729017766116, -16.194041184325037]]], [[[124.19830512263661, -16.333833197693593], [124.19830512263661, -16.333833197693593]]], [[[124.6654919273824, -15.153452150084975], [124.6654919273824, -15.153452150084975]]], [[[123.35369921941182, -16.037141205658227], [123.35369921941182, -16.037141205658227]]], [[[123.09263226744544, -16.43971527505618], [123.09263226744544, -16.43971527505618]]], [[[124.26795620946228, -16.392457236578466], [124.26795620946228, -16.392457236578466]]], [[[123.44126019885019, -16.2239412546714], [123.44126019885019, -16.2239412546714]]], [[[123.41990032884355, -16.17253224487067], [123.41990032884355, -16.17253224487067]]], [[[123.48368225327009, -16.492581245370474], [123.48368225327009, -16.492581245370474]]], [[[123.44506900529407, -16.10030121376716], [123.44506900529407, -16.10030121376716]]], [[[123.30711124977391, -16.307093238608715], [123.30711124977391, -16.307093238608715]]], [[[124.7254830287055, -14.907664217241946], [124.7254830287055, -14.907664217241946]]], [[[124.45863524611048, -15.898384219275181], [124.45863524611048, -15.898384219275181]]], [[[123.8341980018281, -16.155689184723105], [123.8341980018281, -16.155689184723105]]], [[[124.66856311397983, -15.475372152190351], [124.66856311397983, -15.475372152190351]]], [[[123.808519195496, -16.236209215854064], [123.808519195496, -16.236209215854064]]], [[[124.52602616738984, -15.23219619342732], [124.52602616738984, -15.23219619342732]]], [[[123.81080807404662, -16.184339165458823], [123.81080807404662, -16.184339165458823]]], [[[124.66181420244345, -15.856623224883691], [124.66181420244345, -15.856623224883691]]], [[[124.47090507244108, -15.311942185096761], [124.47090507244108, -15.311942185096761]]], [[[123.79772819447497, -16.167959165657816], [123.79772819447497, -16.167959165657816]]], [[[123.46537012504928, -16.139721223518254], [123.46537012504928, -16.139721223518254]]], [[[123.3998512176878, -16.452352247202494], [123.3998512176878, -16.452352247202494]]], [[[123.30964132182126, -16.387713259069468], [123.30964132182126, -16.387713259069468]]], [[[123.40284099485505, -16.35471223649], [123.40284099485505, -16.35471223649]]], [[[123.66714114498063, -17.025115214376502], [123.66714114498063, -17.025115214376502]]], [[[123.6737910288214, -16.416337210232918], [123.6737910288214, -16.416337210232918]]], [[[124.8669526308545, -16.414605774660004], [124.8669526308545, -16.414605774660004]]], [[[123.48357100068746, -16.395361174737925], [123.48357100068746, -16.395361174737925]]], [[[123.45711415689179, -16.188886214045944], [123.45711415689179, -16.188886214045944]]], [[[124.62104310583267, -15.426302172807398], [124.62104310583267, -15.426302172807398]]], [[[124.72655443961418, -16.395045167218324], [124.72655443961418, -16.395045167218324]]], [[[124.81307102012548, -15.228171217703903], [124.81307102012548, -15.228171217703903]]], [[[123.41460005299672, -16.31412223592923], [123.41460005299672, -16.31412223592923]]], [[[124.74866202633419, -15.341961189718146], [124.74866202633419, -15.341961189718146]]], [[[123.4282512478759, -16.528472176986156], [123.4282512478759, -16.528472176986156]]], [[[124.06247413916016, -16.237909200052574], [124.06247413916016, -16.237909200052574]]], [[[123.77003808616642, -16.164579216287684], [123.77003808616642, -16.164579216287684]]], [[[124.46984405436856, -15.396744195687226], [124.46984405436856, -15.396744195687226]]], [[[123.63491603733698, -15.874879207613173], [123.63491603733698, -15.874879207613173]]], [[[124.35795295018305, -15.35369422774089], [124.35795295018305, -15.35369422774089]]], [[[123.57148911910723, -16.172320211111206], [123.57148911910723, -16.172320211111206]]], [[[123.85255907398474, -16.289549155177536], [123.85255907398474, -16.289549155177536]]], [[[123.10787214670015, -16.448585204710486], [123.10787214670015, -16.448585204710486]]], [[[124.6556030945414, -15.464552182374852], [124.6556030945414, -15.464552182374852]]], [[[124.05646594570906, -16.077678179126472], [124.05646594570906, -16.077678179126472]]], [[[122.55885131843667, -16.958873263137278], [122.55885131843667, -16.958873263137278]]], [[[123.41074011232595, -16.279952205803013], [123.41074011232595, -16.279952205803013]]], [[[123.80404911657592, -16.26770922616622], [123.80404911657592, -16.26770922616622]]], [[[123.49768011549257, -16.610732255795387], [123.49768011549257, -16.610732255795387]]], [[[123.88147897316001, -16.33180920478574], [123.88147897316001, -16.33180920478574]]], [[[123.84316919504232, -16.307569235514624], [123.84316919504232, -16.307569235514624]]], [[[124.41366709460024, -15.253983185899877], [124.41366709460024, -15.253983185899877]]], [[[123.34864911981744, -16.04025125580698], [123.34864911981744, -16.04025125580698]]], [[[123.43454117349069, -16.380672195863884], [123.43454117349069, -16.380672195863884]]], [[[123.46007215912071, -16.279424214564408], [123.46007215912071, -16.279424214564408]]], [[[124.54198107951792, -15.37466717405803], [124.54198107951792, -15.37466717405803]]], [[[124.60020303843342, -15.488712223644855], [124.60020303843342, -15.488712223644855]]], [[[123.46827097158199, -16.391491185092825], [123.46827097158199, -16.391491185092825]]], [[[123.36046897901704, -16.03845124549481], [123.36046897901704, -16.03845124549481]]], [[[124.37988594618342, -15.234207166477475], [124.37988594618342, -15.234207166477475]]], [[[124.71970803257925, -15.077662178502832], [124.71970803257925, -15.077662178502832]]], [[[124.64519296365657, -15.392822172099843], [124.64519296365657, -15.392822172099843]]], [[[123.4093710691629, -16.530102177470276], [123.4093710691629, -16.530102177470276]]], [[[123.40221027315008, -16.290042196083547], [123.40221027315008, -16.290042196083547]]], [[[124.09616709748069, -16.2586581894396], [124.09616709748069, -16.2586581894396]]], [[[123.2964699953242, -16.120002217660964], [123.2964699953242, -16.120002217660964]]], [[[123.56804116119194, -16.624376214155294], [123.56804116119194, -16.624376214155294]]], [[[123.8777590737066, -16.344109224952767], [123.8777590737066, -16.344109224952767]]], [[[124.38179504631526, -15.691854199498168], [124.38179504631526, -15.691854199498168]]], [[[123.446640050379, -16.29396223499472], [123.446640050379, -16.29396223499472]]], [[[122.90718329957983, -16.43979727004383], [122.90718329957983, -16.43979727004383]]], [[[123.11932230459968, -16.40088521409857], [123.11932230459968, -16.40088521409857]]], [[[123.36570123102166, -16.49272220832771], [123.36570123102166, -16.49272220832771]]], [[[124.44082496187242, -15.656414168027284], [124.44082496187242, -15.656414168027284]]], [[[123.06785204780924, -16.395686265428502], [123.06785204780924, -16.395686265428502]]], [[[124.48613596926752, -15.208886194090613], [124.48613596926752, -15.208886194090613]]], [[[124.42130505922744, -15.932904170280318], [124.42130505922744, -15.932904170280318]]], [[[124.333359180903, -15.319796178036238], [124.333359180903, -15.319796178036238]]], [[[124.67908298193889, -14.932674218326744], [124.67908298193889, -14.932674218326744]]], [[[123.52659100039857, -16.490550224296864], [123.52659100039857, -16.490550224296864]]], [[[123.86656814167065, -16.23290918447913], [123.86656814167065, -16.23290918447913]]], [[[124.02725700150685, -16.24103818086273], [124.02725700150685, -16.24103818086273]]], [[[124.57119607948631, -14.990264150880016], [124.57119607948631, -14.990264150880016]]], [[[123.5800621470432, -16.496488243025464], [123.5800621470432, -16.496488243025464]]], [[[123.41407121819287, -16.505612267192515], [123.41407121819287, -16.505612267192515]]], [[[123.30419128993432, -16.3060432186766], [123.30419128993432, -16.3060432186766]]], [[[124.82663006494795, -15.013341205992056], [124.82663006494795, -15.013341205992056]]], [[[123.52372000521237, -16.287321233037993], [123.52372000521237, -16.287321233037993]]], [[[123.60745203564788, -16.511977242460507], [123.60745203564788, -16.511977242460507]]], [[[124.67498298226123, -14.936604158434633], [124.67498298226123, -14.936604158434633]]], [[[124.59071201590201, -15.343532142860946], [124.59071201590201, -15.343532142860946]]], [[[124.47505308290731, -15.34456518522973], [124.47505308290731, -15.34456518522973]]], [[[123.56369007100011, -16.606112194142224], [123.56369007100011, -16.606112194142224]]], [[[124.19487517406792, -15.956786205266356], [124.19487517406792, -15.956786205266356]]], [[[124.64606312414925, -15.418582162255683], [124.64606312414925, -15.418582162255683]]], [[[124.06374513282904, -15.97662716829418], [124.06374513282904, -15.97662716829418]]], [[[123.6916869663266, -15.97468920690181], [123.6916869663266, -15.97468920690181]]], [[[124.56869514969947, -15.922223147185424], [124.56869514969947, -15.922223147185424]]], [[[123.65571903331643, -16.157440238968064], [123.65571903331643, -16.157440238968064]]], [[[123.53838999326305, -16.62838225490757], [123.53838999326305, -16.62838225490757]]], [[[123.78411912691634, -16.23013918638723], [123.78411912691634, -16.23013918638723]]], [[[123.4255422462097, -16.459942216606827], [123.4255422462097, -16.459942216606827]]], [[[123.4437790947497, -16.076891243646187], [123.4437790947497, -16.076891243646187]]], [[[124.64014290473172, -15.429102172444427], [124.64014290473172, -15.429102172444427]]], [[[123.28778931357407, -16.036142207336443], [123.28778931357407, -16.036142207336443]]], [[[123.80295827423984, -16.171959215561362], [123.80295827423984, -16.171959215561362]]], [[[124.57687613571335, -15.295866162820213], [124.57687613571335, -15.295866162820213]]], [[[123.48255001812268, -16.296551174117123], [123.48255001812268, -16.296551174117123]]], [[[124.53469421162583, -14.990025181622206], [124.53469421162583, -14.990025181622206]]], [[[123.53238015309385, -16.606912214914935], [123.53238015309385, -16.606912214914935]]], [[[119.70517663766582, -19.995310400636576], [119.70517663766582, -19.995310400636576]]], [[[124.65912208809067, -15.169062190316781], [124.65912208809067, -15.169062190316781]]], [[[119.44104250997344, -20.01010234158096], [119.44104250997344, -20.01010234158096]]], [[[122.27889408380625, -17.156406262602516], [122.27889408380625, -17.156406262602516]]], [[[123.56043999388928, -16.327430172398245], [123.56043999388928, -16.327430172398245]]], [[[123.64248217370344, -16.525836251703815], [123.64248217370344, -16.525836251703815]]], [[[124.59700907905001, -15.975164196969631], [124.59700907905001, -15.975164196969631]]], [[[124.75415917873461, -14.990161177237757], [124.75415917873461, -14.990161177237757]]], [[[123.46846901468577, -16.133531213400506], [123.46846901468577, -16.133531213400506]]], [[[124.86361216885057, -15.314921147323732], [124.86361216885057, -15.314921147323732]]], [[[124.8181020315851, -15.314591198190518], [124.8181020315851, -15.314591198190518]]], [[[122.92458317685477, -16.38548720921839], [122.92458317685477, -16.38548720921839]]], [[[123.45623906565595, -16.14054121375141], [123.45623906565595, -16.14054121375141]]], [[[123.57452931989268, -16.20977021128242], [123.57452931989268, -16.20977021128242]]], [[[123.50666104879424, -16.38076119407058], [123.50666104879424, -16.38076119407058]]], [[[124.2365761292652, -16.295537216610587], [124.2365761292652, -16.295537216610587]]], [[[123.86200910418732, -16.322289185173798], [123.86200910418732, -16.322289185173798]]], [[[123.32804130088665, -16.397393198662872], [123.32804130088665, -16.397393198662872]]], [[[122.98707306261343, -16.379646217487807], [122.98707306261343, -16.379646217487807]]], [[[124.3492031706261, -15.34989416790091], [124.3492031706261, -15.34989416790091]]], [[[124.40240906717185, -15.339107186706139], [124.40240906717185, -15.339107186706139]]], [[[124.21195821847601, -15.330868160725906], [124.21195821847601, -15.330868160725906]]], [[[121.80502436334453, -18.509404285719974], [121.80502436334453, -18.509404285719974]]], [[[123.42463109308157, -16.341462255856044], [123.42463109308157, -16.341462255856044]]], [[[124.5170330754618, -15.118771182849626], [124.5170330754618, -15.118771182849626]]], [[[123.78442007811174, -16.278299166697053], [123.78442007811174, -16.278299166697053]]], [[[124.65668202819087, -15.16692216035093], [124.65668202819087, -15.16692216035093]]], [[[123.31610115923073, -16.30853324838825], [123.31610115923073, -16.30853324838825]]], [[[124.424346073947, -15.253402195672546], [124.424346073947, -15.253402195672546]]], [[[123.58035914089393, -16.262380251484913], [123.58035914089393, -16.262380251484913]]], [[[123.49179013592834, -16.23650119349489], [123.49179013592834, -16.23650119349489]]], [[[124.69724214655125, -15.20402115979702], [124.69724214655125, -15.20402115979702]]], [[[123.75596821577165, -16.113379206283298], [123.75596821577165, -16.113379206283298]]], [[[123.47363029464873, -16.14454117334407], [123.47363029464873, -16.14454117334407]]], [[[123.43422003747281, -16.155701164401332], [123.43422003747281, -16.155701164401332]]], [[[123.42486903742618, -16.131651184478518], [123.42486903742618, -16.131651184478518]]], [[[124.68070411926264, -15.761782213874072], [124.68070411926264, -15.761782213874072]]], [[[124.62686321722069, -15.508202173241093], [124.62686321722069, -15.508202173241093]]], [[[123.34100021407237, -16.17855225690516], [123.34100021407237, -16.17855225690516]]], [[[123.41799914810125, -16.140401174708295], [123.41799914810125, -16.140401174708295]]], [[[122.78636623711944, -16.76218824544899], [122.78636623711944, -16.76218824544899]]], [[[123.61300317128301, -16.358376211319605], [123.61300317128301, -16.358376211319605]]], [[[123.56901015359897, -16.337570212254914], [123.56901015359897, -16.337570212254914]]], [[[123.08396201773293, -16.42989519522235], [123.08396201773293, -16.42989519522235]]], [[[124.4618061012334, -15.232156144750142], [124.4618061012334, -15.232156144750142]]], [[[124.10749410619425, -16.235278199033708], [124.10749410619425, -16.235278199033708]]], [[[124.6680518872777, -15.15571222004935], [124.6680518872777, -15.15571222004935]]], [[[123.00319314456627, -16.483706177727743], [123.00319314456627, -16.483706177727743]]], [[[123.61740024999632, -16.319899250960706], [123.61740024999632, -16.319899250960706]]], [[[124.66820311293735, -15.424862171857875], [124.66820311293735, -15.424862171857875]]], [[[123.5847972389711, -17.343948238439214], [123.5847972389711, -17.343948238439214]]], [[[122.56296106806994, -16.9560332330011], [122.56296106806994, -16.9560332330011]]], [[[124.08203711829695, -16.254618179726897], [124.08203711829695, -16.254618179726897]]], [[[123.29142026601234, -16.133292247877296], [123.29142026601234, -16.133292247877296]]], [[[124.5962430386488, -15.48748219371628], [124.5962430386488, -15.48748219371628]]], [[[123.35377010289271, -16.165332256494096], [123.35377010289271, -16.165332256494096]]], [[[124.6697640819325, -15.856041194722495], [124.6697640819325, -15.856041194722495]]], [[[124.0388760062274, -16.05257817935476], [124.0388760062274, -16.05257817935476]]], [[[124.67381298371912, -15.478192212105322], [124.67381298371912, -15.478192212105322]]], [[[124.61580111755309, -15.022572160196543], [124.61580111755309, -15.022572160196543]]], [[[124.43923015470246, -15.327934165861521], [124.43923015470246, -15.327934165861521]]], [[[124.48179806520608, -15.467987195917715], [124.48179806520608, -15.467987195917715]]], [[[124.0127482924512, -16.24138818119184], [124.0127482924512, -16.24138818119184]]], [[[123.48044006795493, -16.285121174094762], [123.48044006795493, -16.285121174094762]]], [[[124.65245311464749, -15.460492192410195], [124.65245311464749, -15.460492192410195]]], [[[123.41044132406391, -16.343702256226937], [123.41044132406391, -16.343702256226937]]], [[[123.41149109494093, -16.37876221642948], [123.41149109494093, -16.37876221642948]]], [[[124.54705308983198, -15.403385194147477], [124.54705308983198, -15.403385194147477]]], [[[123.44934217752696, -16.193956204273192], [123.44934217752696, -16.193956204273192]]], [[[124.43827290573476, -15.371993206176668], [124.43827290573476, -15.371993206176668]]], [[[123.57518019330324, -16.34157925213037], [123.57518019330324, -16.34157925213037]]], [[[122.99113314274351, -16.393296237466814], [122.99113314274351, -16.393296237466814]]], [[[124.4169180756437, -15.30973615620538], [124.4169180756437, -15.30973615620538]]], [[[124.19486112281754, -16.332003197756382], [124.19486112281754, -16.332003197756382]]], [[[123.43114922556073, -16.077111193964054], [123.43114922556073, -16.077111193964054]]], [[[123.32929616435227, -16.161282217090655], [123.32929616435227, -16.161282217090655]]], [[[124.63839294481177, -15.427862152471006], [124.63839294481177, -15.427862152471006]]], [[[123.56496015372765, -16.332450182320457], [123.56496015372765, -16.332450182320457]]], [[[123.56746000376158, -16.339930182308287], [123.56746000376158, -16.339930182308287]]], [[[123.34713028293231, -16.15114223657018], [123.34713028293231, -16.15114223657018]]], [[[123.30388022985511, -16.30242322866096], [123.30388022985511, -16.30242322866096]]], [[[124.60416594334467, -15.261815192040617], [124.60416594334467, -15.261815192040617]]], [[[123.55545001196636, -16.622092234448242], [123.55545001196636, -16.622092234448242]]], [[[123.8094591846978, -16.206829185638565], [123.8094591846978, -16.206829185638565]]], [[[124.6394131944597, -15.4141821423587], [124.6394131944597, -15.4141821423587]]], [[[123.09353020325739, -16.294471234089738], [123.09353020325739, -16.294471234089738]]], [[[123.08917228783146, -16.44532522518426], [123.08917228783146, -16.44532522518426]]], [[[124.81624012460013, -14.96623116587318], [124.81624012460013, -14.96623116587318]]], [[[124.61442306756739, -15.4888022233599], [124.61442306756739, -15.4888022233599]]], [[[123.34950122094395, -16.450852228465457], [123.34950122094395, -16.450852228465457]]], [[[124.80421104221722, -15.304583178390033], [124.80421104221722, -15.304583178390033]]], [[[124.43882409929361, -15.534343217252264], [124.43882409929361, -15.534343217252264]]], [[[123.39360915951363, -16.13486123528627], [123.39360915951363, -16.13486123528627]]], [[[124.80395370495357, -16.413884865851312], [124.80395370495357, -16.413884865851312]]], [[[124.85513003977415, -15.335345177622914], [124.85513003977415, -15.335345177622914]]], [[[123.32168916483276, -16.161010207283056], [123.32168916483276, -16.161010207283056]]], [[[124.36441807984771, -15.356157187620568], [124.36441807984771, -15.356157187620568]]], [[[124.46123108326718, -15.323001195371287], [124.46123108326718, -15.323001195371287]]], [[[122.31604429116383, -17.15362624147697], [122.31604429116383, -17.15362624147697]]], [[[124.69987506753854, -15.258753180113807], [124.69987506753854, -15.258753180113807]]], [[[123.45973897545984, -16.141591233670926], [123.45973897545984, -16.141591233670926]]], [[[123.33825315423756, -16.178142206972424], [123.33825315423756, -16.178142206972424]]], [[[123.4638300052077, -16.141961233571315], [123.4638300052077, -16.141961233571315]]], [[[123.13090203357628, -16.391405243731786], [123.13090203357628, -16.391405243731786]]], [[[123.8174483036977, -16.187439225323747], [123.8174483036977, -16.187439225323747]]], [[[123.06236219477206, -16.276843234803604], [123.06236219477206, -16.276843234803604]]], [[[123.55288898129241, -16.210031211814197], [123.55288898129241, -16.210031211814197]]], [[[124.56342510914635, -16.34392581010908], [124.56342510914635, -16.34392581010908]]], [[[124.61165393690307, -15.91807315629399], [124.61165393690307, -15.91807315629399]]], [[[123.49518098958156, -16.38224125436431], [123.49518098958156, -16.38224125436431]]], [[[124.70037198619413, -15.195881189680438], [124.70037198619413, -15.195881189680438]]], [[[124.34057505412653, -15.924345181919046], [124.34057505412653, -15.924345181919046]]], [[[123.83553830038802, -16.90081422959014], [123.83553830038802, -16.90081422959014]]], [[[123.11236205619154, -16.793323196825995], [123.11236205619154, -16.793323196825995]]], [[[121.77311542125206, -18.66661528771262], [121.77311542125206, -18.66661528771262]]], [[[123.41772230666817, -16.457942236789854], [123.41772230666817, -16.457942236789854]]], [[[124.51347406574277, -15.121977172944213], [124.51347406574277, -15.121977172944213]]], [[[123.41911120786617, -16.505782187067172], [123.41911120786617, -16.505782187067172]]], [[[123.55341925139204, -16.215121241834538], [123.55341925139204, -16.215121241834538]]], [[[123.4306011377076, -16.155803214492714], [123.4306011377076, -16.155803214492714]]], [[[124.32805812611383, -16.417560195464528], [124.32805812611383, -16.417560195464528]]], [[[124.08832704798061, -16.25838819961195], [124.08832704798061, -16.25838819961195]]], [[[123.41047121865134, -16.513832237336526], [123.41047121865134, -16.513832237336526]]], [[[124.10309812642407, -16.23302019911617], [124.10309812642407, -16.23302019911617]]], [[[123.52388020250172, -16.185131172364766], [123.52388020250172, -16.185131172364766]]], [[[123.51096121894955, -16.39719125407179], [123.51096121894955, -16.39719125407179]]], [[[123.47173024736779, -16.241971224029033], [123.47173024736779, -16.241971224029033]]], [[[123.8394590440541, -16.258369205276992], [123.8394590440541, -16.258369205276992]]], [[[123.66863113918939, -16.417537180364658], [123.66863113918939, -16.417537180364658]]], [[[121.79838345406316, -18.51571426597026], [121.79838345406316, -18.51571426597026]]], [[[124.77132110831049, -15.018561137095444], [124.77132110831049, -15.018561137095444]]], [[[123.59691123765619, -16.562309213045936], [123.59691123765619, -16.562309213045936]]], [[[123.51252829873594, -16.015230171531524], [123.51252829873594, -16.015230171531524]]], [[[123.61953830474489, -16.1231101996176], [123.61953830474489, -16.1231101996176]]], [[[124.84384204941185, -15.283843177490322], [124.84384204941185, -15.283843177490322]]], [[[123.5838489694902, -16.217320211104287], [123.5838489694902, -16.217320211104287]]], [[[123.8777781610312, -16.23626915424163], [123.8777781610312, -16.23626915424163]]], [[[124.0038580930262, -16.241448211392925], [124.0038580930262, -16.241448211392925]]], [[[152.49441340827238, -24.92792736181574], [152.49441340827238, -24.92792736181574]]], [[[152.7130084833045, -24.11790938671941], [152.7130084833045, -24.11790938671941]]], [[[151.87102349488197, -24.16836626512698], [151.87102349488197, -24.16836626512698]]], [[[151.53706845532744, -24.083198242677163], [151.53706845532744, -24.083198242677163]]], [[[151.4696156634363, -24.06632530617957], [151.4696156634363, -24.06632530617957]]], [[[151.7277356101717, -24.06175729057235], [151.7277356101717, -24.06175729057235]]], [[[151.4685205239324, -24.062786236047348], [151.4685205239324, -24.062786236047348]]], [[[151.4610764551358, -24.05815430530862], [151.4610764551358, -24.05815430530862]]], [[[151.46122150471288, -24.061824225352478], [151.46122150471288, -24.061824225352478]]], [[[152.98444220534464, -25.310581133547387], [152.95287512238727, -25.277669390119225], [152.97778628599886, -25.31050419288015], [152.98444220534464, -25.310581133547387]]], [[[152.56357635196943, -25.178135390661364], [152.56357635196943, -25.178135390661364]]], [[[153.01666729172766, -25.314661416810505], [153.01666729172766, -25.314661416810505]]], [[[152.91051933902523, -25.42202641706087], [152.91051933902523, -25.42202641706087]]], [[[152.93933514169007, -25.37686442957304], [152.93933514169007, -25.37686442957304]]], [[[152.90258919959365, -25.423716436282703], [152.90258919959365, -25.423716436282703]]], [[[152.9144573060318, -25.526038008299725], [152.94957760530787, -25.503677861628823], [152.90927211971717, -25.499841157568962], [152.9144573060318, -25.526038008299725]]], [[[152.96120628565816, -25.491431822692803], [152.96120628565816, -25.491431822692803]]], [[[152.95587955434496, -25.506528802282467], [152.95587955434496, -25.506528802282467]]], [[[152.87141111997926, -25.445664603350092], [152.87141111997926, -25.445664603350092]]], [[[152.85670676639353, -25.48718356222161], [152.85670676639353, -25.48718356222161]]], [[[152.8353300981292, -25.49012871011589], [152.8353300981292, -25.49012871011589]]], [[[152.84690797685016, -25.491335631278922], [152.84690797685016, -25.491335631278922]]], [[[152.95655786037514, -25.538646712611293], [152.95655786037514, -25.538646712611293]]], [[[152.91708590027548, -25.48893414826084], [152.91708590027548, -25.48893414826084]]], [[[153.31170548712362, -24.955730423636595], [153.27144632814566, -24.896619399071305], [153.2603594256726, -24.843369467511824], [153.26690747194178, -24.704347457032952], [153.2121313056771, -24.715931451587533], [153.1770662256739, -24.74317543827069], [153.12381144351374, -24.802524393389763], [153.169111295668, -24.832021448197487], [153.22622926055837, -24.911998434621772], [153.2322264947101, -24.955406425583945], [153.22226429076073, -24.995643514906256], [153.1997998883985, -25.0326436229392], [153.1625938260314, -25.08131669958216], [153.1283665753939, -25.1135178363956], [153.07684762556224, -25.15283804153282], [153.02953953726637, -25.176290296973132], [153.00025423630777, -25.207485364290985], [153.038679750705, -25.22314906827288], [153.05135889468573, -25.26265886986817], [153.04557133982368, -25.30728979965089], [153.04698768461756, -25.348988670132886], [153.00795082084176, -25.411248756723023], [152.9868084884008, -25.448283774905473], [152.98948312234714, -25.495927395560823], [152.96105319902964, -25.5460894431216], [152.9425113860147, -25.58584640158945], [152.9720202389809, -25.619805374817883], [152.97967921304746, -25.66230239592961], [152.9888113562297, -25.710795387237585], [153.01025042959935, -25.74771545968572], [153.0328332223229, -25.788904412284904], [153.07688207741825, -25.793298386745395], [153.0885122616992, -25.749010477556183], [153.07774539204684, -25.67323740585909], [153.08916124775268, -25.61744243655434], [153.11545928465037, -25.539986438571688], [153.1420212899517, -25.475433450722587], [153.19110225880652, -25.364023454766983], [153.22413582423442, -25.29351717752995], [153.26660836061487, -25.20790825112891], [153.32504560057833, -25.080719196013714], [153.35054490414197, -25.03172809820204], [153.3510552590109, -24.991536477924697], [153.31170548712362, -24.955730423636595]]], [[[152.94619543617287, -25.581569611923175], [152.94619543617287, -25.581569611923175]]], [[[152.88812124184133, -25.581871026123576], [152.88812124184133, -25.581871026123576]]], [[[152.95507981905357, -25.632897453228523], [152.95507981905357, -25.632897453228523]]], [[[152.93693480458919, -25.60207562116353], [152.93693480458919, -25.60207562116353]]], [[[152.8892921232405, -25.56939007613911], [152.8892921232405, -25.56939007613911]]], [[[152.925433797206, -25.589848729914618], [152.925433797206, -25.589848729914618]]], [[[152.95322223259657, -25.60529188281866], [152.95322223259657, -25.60529188281866]]], [[[152.87973117493428, -25.563165155134598], [152.87973117493428, -25.563165155134598]]], [[[152.90852959388775, -25.548494987890034], [152.90852959388775, -25.548494987890034]]], [[[152.88515401535452, -25.555309155611855], [152.88515401535452, -25.555309155611855]]], [[[152.92364106469276, -25.611976689915036], [152.92364106469276, -25.611976689915036]]], [[[153.04861921506452, -25.835351444245816], [153.04861921506452, -25.835351444245816]]], [[[152.94121719982752, -25.55552638121384], [152.94121719982752, -25.55552638121384]]], [[[152.92076662051832, -25.566357859257515], [152.92076662051832, -25.566357859257515]]], [[[152.9810452360318, -25.800570437186764], [152.9810452360318, -25.800570437186764]]], [[[152.8865021038757, -25.566412115836517], [152.8865021038757, -25.566412115836517]]], [[[153.05213929857086, -25.885423465004475], [153.05213929857086, -25.885423465004475]]], [[[152.8743592159405, -25.559215224566678], [152.8743592159405, -25.559215224566678]]], [[[152.91126011713231, -25.60192278859648], [152.91126011713231, -25.60192278859648]]], [[[152.8775674129063, -25.581641125068725], [152.8775674129063, -25.581641125068725]]], [[[152.93787131950847, -25.560852740922524], [152.93787131950847, -25.560852740922524]]], [[[152.88048037259688, -25.58183208536086], [152.88048037259688, -25.58183208536086]]], [[[152.88270110512218, -25.559211175398787], [152.88270110512218, -25.559211175398787]]], [[[152.8861273514686, -25.58655803596264], [152.8861273514686, -25.58655803596264]]], [[[152.9127471267775, -25.603639778758946], [152.9127471267775, -25.603639778758946]]], [[[152.9522295032155, -25.601007522684572], [152.9522295032155, -25.601007522684572]]], [[[152.94989416836793, -25.56053167212235], [152.94989416836793, -25.56053167212235]]], [[[152.88137743159834, -25.58933705551127], [152.88137743159834, -25.58933705551127]]], [[[153.03676510622176, -25.83551740305691], [153.03676510622176, -25.83551740305691]]], [[[152.91578776051304, -25.5704258787931], [152.91578776051304, -25.5704258787931]]], [[[152.90140476448178, -25.54935903718557], [152.90140476448178, -25.54935903718557]]], [[[153.04688721074658, -25.871955424368032], [153.04688721074658, -25.871955424368032]]], [[[152.88414938328063, -25.573223145657042], [152.88414938328063, -25.573223145657042]]], [[[152.90222896142674, -25.57386694746685], [152.90222896142674, -25.57386694746685]]], [[[152.89232238951374, -25.597647716670895], [152.89232238951374, -25.597647716670895]]], [[[152.93776825028866, -25.554515760860763], [152.93776825028866, -25.554515760860763]]], [[[152.90806696036304, -25.577905888082615], [152.90806696036304, -25.577905888082615]]], [[[153.0419613546631, -25.844019433647397], [153.0419613546631, -25.844019433647397]]], [[[152.91650159224093, -25.555618898744193], [152.91650159224093, -25.555618898744193]]], [[[152.90411780274434, -25.561482977554913], [152.90411780274434, -25.561482977554913]]], [[[152.90655998022487, -25.58026289795126], [152.90655998022487, -25.58026289795126]]], [[[153.06126922785216, -25.883873405909164], [153.06126922785216, -25.883873405909164]]], [[[152.90868434688556, -25.60603942837261], [152.90868434688556, -25.60603942837261]]], [[[153.03498024789133, -25.90488840343887], [153.03498024789133, -25.90488840343887]]], [[[152.91027735673654, -25.605976438531204], [152.91027735673654, -25.605976438531204]]], [[[151.27760364415047, -23.67691625496731], [151.24464451015663, -23.64941720166527], [151.227344725944, -23.610938239735002], [151.22544461101833, -23.566229209188194], [151.23510452628037, -23.510289259625143], [151.19424558742924, -23.533329256011907], [151.15833561320306, -23.510039232481443], [151.1230768784811, -23.490689229049135], [151.0811876226986, -23.48649919513344], [151.056977609093, -23.447660212572114], [151.01710870216925, -23.452250208926703], [150.9903707012037, -23.483296226716874], [151.00072869553844, -23.526949228033224], [151.03254763795243, -23.570389271329596], [151.04767772087442, -23.622880233161496], [151.0839415954116, -23.64289327668158], [151.12039663006368, -23.661637220214175], [151.14412063434992, -23.694213262684258], [151.172200626219, -23.745142285712845], [151.21554166658026, -23.79697424017239], [151.24732071650254, -23.77137381292216], [151.2845757102566, -23.7972712766123], [151.30033754357854, -23.754151297728775], [151.29577274851567, -23.713130286963423], [151.27760364415047, -23.67691625496731]]], [[[151.36415978620775, -23.858690254563967], [151.3742365702924, -23.813516285135666], [151.34082677647513, -23.785133251771565], [151.33821858218622, -23.8260692218653], [151.36551160644945, -23.855394274663457], [151.36415978620775, -23.858690254563967]]], [[[150.93967489656197, -23.19781120968232], [150.9776037947722, -23.18326721305354], [150.93283674040845, -23.16769020880335], [150.93967489656197, -23.19781120968232]]], [[[150.90663493157987, -23.085231045710344], [150.90663493157987, -23.085231045710344]]], [[[150.85370076802974, -23.533959224571657], [150.85370076802974, -23.533959224571657]]], [[[151.43404152832193, -24.051934302714884], [151.43404152832193, -24.051934302714884]]], [[[150.8518556504381, -23.513160424230655], [150.8518556504381, -23.513160424230655]]], [[[150.2516189140969, -22.364772400410896], [150.2516189140969, -22.364772400410896]]], [[[151.70668026736337, -23.301118412272643], [151.70668026736337, -23.301118412272643]]], [[[151.07838685901933, -23.154098222117778], [151.07838685901933, -23.154098222117778]]], [[[151.65217181879768, -24.046898993270588], [151.65217181879768, -24.046898993270588]]], [[[151.1551057049111, -23.405388221314784], [151.1551057049111, -23.405388221314784]]], [[[150.49626191363674, -22.553000143925516], [150.49626191363674, -22.553000143925516]]], [[[150.8280705413904, -23.524219242143264], [150.8280705413904, -23.524219242143264]]], [[[151.65592175886556, -24.04322894359608], [151.65592175886556, -24.04322894359608]]], [[[151.46969844579561, -24.045122296012792], [151.46969844579561, -24.045122296012792]]], [[[151.25608403396387, -23.787183073869876], [151.25608403396387, -23.787183073869876]]], [[[150.51842411050578, -22.373370824424857], [150.51842411050578, -22.373370824424857]]], [[[151.45734465638472, -24.050044304890708], [151.45734465638472, -24.050044304890708]]], [[[150.97027412180122, -23.216840882656953], [150.97027412180122, -23.216840882656953]]], [[[151.28448558936915, -23.805390986670876], [151.28448558936915, -23.805390986670876]]], [[[150.44986474192325, -22.319641167796036], [150.44986474192325, -22.319641167796036]]], [[[150.92472987093268, -23.16948019807282], [150.92472987093268, -23.16948019807282]]], [[[150.6606313819796, -22.339510027019394], [150.6606313819796, -22.339510027019394]]], [[[151.18575091221808, -23.496520614917205], [151.18575091221808, -23.496520614917205]]], [[[151.72584211928913, -23.53726430605595], [151.72584211928913, -23.53726430605595]]], [[[150.20195946262723, -22.322952775636942], [150.20195946262723, -22.322952775636942]]], [[[150.88430556285698, -23.277921105259423], [150.88430556285698, -23.277921105259423]]], [[[152.3897195371224, -23.90908235317356], [152.3897195371224, -23.90908235317356]]], [[[150.93816973061354, -23.347029230781196], [150.93816973061354, -23.347029230781196]]], [[[150.99435023184034, -22.731698790838134], [150.99435023184034, -22.731698790838134]]], [[[150.5147442502572, -22.378750824137672], [150.5147442502572, -22.378750824137672]]], [[[151.33639877187218, -23.830409281730784], [151.33639877187218, -23.830409281730784]]], [[[150.9060998741735, -23.154650166237765], [150.9060998741735, -23.154650166237765]]], [[[151.91560061311952, -23.44137129338396], [151.91560061311952, -23.44137129338396]]], [[[150.73822341671436, -22.611359946352735], [150.73822341671436, -22.611359946352735]]], [[[150.90032510112684, -23.094631135208935], [150.90032510112684, -23.094631135208935]]], [[[151.2549005216226, -23.80941425394293], [151.2549005216226, -23.80941425394293]]], [[[152.37300965463996, -23.85715638111029], [152.37300965463996, -23.85715638111029]]], [[[150.74616093710645, -22.411859425409205], [150.74616093710645, -22.411859425409205]]], [[[151.77512098713058, -23.24901220835379], [151.77512098713058, -23.24901220835379]]], [[[151.21626855413513, -23.81860027041848], [151.21626855413513, -23.81860027041848]]], [[[151.63430661289692, -24.025047271396446], [151.63430661289692, -24.025047271396446]]], [[[150.87915059702686, -23.243390174500096], [150.87915059702686, -23.243390174500096]]], [[[150.44362702208844, -22.51529126886931], [150.44362702208844, -22.51529126886931]]], [[[150.8881652469377, -23.05042103372524], [150.8881652469377, -23.05042103372524]]], [[[150.84487120987492, -22.68356691670056], [150.84487120987492, -22.68356691670056]]], [[[152.28735953815655, -23.807107382341268], [152.28735953815655, -23.807107382341268]]], [[[151.2630799121155, -23.798175024613215], [151.2630799121155, -23.798175024613215]]], [[[150.81649438294724, -23.519451661044275], [150.81649438294724, -23.519451661044275]]], [[[150.7970199868923, -22.562010091307503], [150.7970199868923, -22.562010091307503]]], [[[150.53549445391863, -22.422530836377376], [150.53549445391863, -22.422530836377376]]], [[[150.96290990277606, -22.654818797299765], [150.96290990277606, -22.654818797299765]]], [[[150.4557045223067, -22.311191148250984], [150.4557045223067, -22.311191148250984]]], [[[150.46501464899578, -22.33543104929197], [150.46501464899578, -22.33543104929197]]], [[[151.66282167722832, -24.052138914324235], [151.66282167722832, -24.052138914324235]]], [[[150.73455145508206, -22.440419534589747], [150.73455145508206, -22.440419534589747]]], [[[150.77483131728937, -22.48169923860936], [150.77483131728937, -22.48169923860936]]], [[[150.97010571390584, -23.19745823248057], [150.97010571390584, -23.19745823248057]]], [[[152.09063736997467, -23.508209390783882], [152.09063736997467, -23.508209390783882]]], [[[151.95568372171562, -23.33348828633343], [151.95568372171562, -23.33348828633343]]], [[[151.22739076494432, -23.80202624131765], [151.22739076494432, -23.80202624131765]]], [[[151.09854683149385, -23.483249186714005], [151.09854683149385, -23.483249186714005]]], [[[151.04990760148797, -23.431439251784155], [151.04990760148797, -23.431439251784155]]], [[[150.84952081170758, -23.317440192397072], [150.84952081170758, -23.317440192397072]]], [[[150.89864515069328, -23.1000511550997], [150.89864515069328, -23.1000511550997]]], [[[151.24541848211967, -23.812751283086257], [151.24541848211967, -23.812751283086257]]], [[[151.72766542203786, -24.045277310429842], [151.72766542203786, -24.045277310429842]]], [[[150.68071391592983, -22.570860260778602], [150.68071391592983, -22.570860260778602]]], [[[150.92474963665035, -23.30213919917507], [150.92474963665035, -23.30213919917507]]], [[[151.10440654126626, -23.480509247234206], [151.10440654126626, -23.480509247234206]]], [[[150.74124092841794, -22.40338945488975], [150.74124092841794, -22.40338945488975]]], [[[150.22830881185888, -22.308662637864003], [150.22830881185888, -22.308662637864003]]], [[[150.95375397959, -23.065160679876026], [150.95375397959, -23.065160679876026]]], [[[150.81449679069064, -23.35602822950971], [150.81449679069064, -23.35602822950971]]], [[[150.4375920029289, -22.51219016830048], [150.4375920029289, -22.51219016830048]]], [[[150.7613014297149, -22.46966933727381], [150.7613014297149, -22.46966933727381]]], [[[150.72914150634202, -22.432839554033336], [150.72914150634202, -22.432839554033336]]], [[[151.91473371846553, -23.30565831217227], [151.91473371846553, -23.30565831217227]]], [[[150.75723159907645, -22.47899936698049], [150.75723159907645, -22.47899936698049]]], [[[150.9234097267923, -23.301929249050144], [150.9234097267923, -23.301929249050144]]], [[[150.44795176108082, -22.521400139309456], [150.44795176108082, -22.521400139309456]]], [[[151.2770337099407, -23.53374821372988], [151.2770337099407, -23.53374821372988]]], [[[152.30024972763962, -23.80147735355008], [152.30024972763962, -23.80147735355008]]], [[[150.53736453285092, -22.431220806618953], [150.53736453285092, -22.431220806618953]]], [[[150.71813048703407, -22.34020962225516], [150.71813048703407, -22.34020962225516]]], [[[151.27166361005993, -23.537058233256037], [151.27166361005993, -23.537058233256037]]], [[[151.24171767343464, -23.803875202668024], [151.24171767343464, -23.803875202668024]]], [[[151.77112577909364, -23.502841270082527], [151.77112577909364, -23.502841270082527]]], [[[150.31322744259418, -22.32857199561152], [150.31322744259418, -22.32857199561152]]], [[[150.87725991927172, -23.03757917261786], [150.87725991927172, -23.03757917261786]]], [[[151.33589368100442, -23.838671291751677], [151.33589368100442, -23.838671291751677]]], [[[151.08644689834927, -23.153718252860646], [151.08644689834927, -23.153718252860646]]], [[[151.7369156224969, -24.033676291214626], [151.7369156224969, -24.033676291214626]]], [[[151.3166326009252, -23.764772279339766], [151.3166326009252, -23.764772279339766]]], [[[150.71077690750934, -22.626169153975752], [150.71077690750934, -22.626169153975752]]], [[[150.77001273385164, -22.518103208473754], [150.77001273385164, -22.518103208473754]]], [[[150.73112589676788, -22.427198164166978], [150.73112589676788, -22.427198164166978]]], [[[150.88083976790625, -23.04739024302784], [150.88083976790625, -23.04739024302784]]], [[[150.80496181111863, -23.17331022712311], [150.80496181111863, -23.17331022712311]]], [[[153.40061398007174, -27.50036527317343], [153.41193452265335, -27.548771964709548], [153.41353773601108, -27.59918981527136], [153.42166898963063, -27.642041626438544], [153.3967616771734, -27.68206864421664], [153.40531289111885, -27.721968415402383], [153.44627117739296, -27.71650119953523], [153.47377488891965, -27.603955511454647], [153.49478210466845, -27.541750543109483], [153.5225562406505, -27.472140605399265], [153.54211363307144, -27.437089587123683], [153.50545314906228, -27.420892793243787], [153.46030765758982, -27.39191607840153], [153.4361553853839, -27.42923310623278], [153.4230388515487, -27.470105105218977], [153.40061398007174, -27.50036527317343]]], [[[153.3641891114961, -27.127561386508756], [153.3732682243471, -27.176272197819618], [153.3746095588963, -27.21799508828764], [153.38822255232165, -27.25829992999315], [153.405669515805, -27.294892672060293], [153.4227445377907, -27.343440394185404], [153.42376624283673, -27.30310251396957], [153.41685695196878, -27.237294822742882], [153.42422637947507, -27.172313022977605], [153.43404992367545, -27.13122204365238], [153.45130427937227, -27.07225307494311], [153.46821568326294, -27.027770896314983], [153.41218165845174, -27.033127470642388], [153.36176760029375, -27.060268525726965], [153.36949690315893, -27.110073396909506], [153.3641891114961, -27.127561386508756]]], [[[153.13398534574026, -26.888954541300546], [153.12886101170278, -26.845632660438447], [153.11438108799064, -26.88732244931229], [153.0777120993635, -26.906943455778215], [153.0909230132226, -26.944955427410203], [153.083220078856, -26.986242446964106], [153.10814578185426, -27.02120590975117], [153.1353486048672, -27.05406264275334], [153.1594845079855, -27.08856340546195], [153.20144107362015, -27.08815046969547], [153.18863071080258, -27.04186233803281], [153.16139022080324, -26.98510766483074], [153.13398534574026, -26.888954541300546]]], [[[153.4316879591368, -27.792810478649088], [153.40783995738772, -27.826464476483157], [153.41847787123723, -27.86517548787195], [153.41966393458947, -27.915657498389905], [153.42719490987528, -27.868373458785804], [153.43501704621116, -27.812690949145196], [153.44535980222471, -27.757366459764437], [153.4316879591368, -27.792810478649088]]], [[[153.40123990148774, -27.64472626437804], [153.36639798186056, -27.671101881039604], [153.38492205495143, -27.709314613226052], [153.3906075999184, -27.66587374346218], [153.40123990148774, -27.64472626437804]]], [[[153.3861295749641, -27.785952303953007], [153.3861295749641, -27.785952303953007]]], [[[153.2354778684638, -27.337539505118063], [153.2354778684638, -27.337539505118063]]], [[[153.36648106884093, -27.616611830617938], [153.36648106884093, -27.616611830617938]]], [[[153.3440794645028, -27.513079387522023], [153.3440794645028, -27.513079387522023]]], [[[153.22242528318102, -27.39012184421406], [153.22242528318102, -27.39012184421406]]], [[[153.32734941976352, -27.642328196843383], [153.32734941976352, -27.642328196843383]]], [[[153.31942884560314, -27.681482116347954], [153.31942884560314, -27.681482116347954]]], [[[153.35542211439076, -27.660615469840597], [153.35542211439076, -27.660615469840597]]], [[[153.39722702047237, -27.343685481587475], [153.39722702047237, -27.343685481587475]]], [[[153.32331540886298, -27.574622655899038], [153.32331540886298, -27.574622655899038]]], [[[152.3235764347065, -32.61558841443383], [152.3235764347065, -32.61558841443383]]], [[[153.33521615124735, -27.624119217498787], [153.33521615124735, -27.624119217498787]]], [[[153.3728108264812, -27.629695511365206], [153.3728108264812, -27.629695511365206]]], [[[152.19824445382162, -32.74635239315589], [152.19824445382162, -32.74635239315589]]], [[[153.40303421169398, -27.874670926372925], [153.40303421169398, -27.874670926372925]]], [[[153.38834885018005, -27.821236174456807], [153.38834885018005, -27.821236174456807]]], [[[153.36644576592502, -27.63938100079411], [153.36644576592502, -27.63938100079411]]], [[[150.23068223554597, -36.244662243542635], [150.23068223554597, -36.244662243542635]]], [[[153.39554784788228, -27.832996065282433], [153.39554784788228, -27.832996065282433]]], [[[153.336083141658, -27.620183217555795], [153.336083141658, -27.620183217555795]]], [[[151.59903945816234, -33.099490348110635], [151.59903945816234, -33.099490348110635]]], [[[153.39490794992872, -27.66218048387092], [153.39490794992872, -27.66218048387092]]], [[[153.08554797596705, -27.007338057366262], [153.08554797596705, -27.007338057366262]]], [[[150.7683933352556, -35.12291451473215], [150.7683933352556, -35.12291451473215]]], [[[153.23212610823643, -27.42089387543918], [153.23212610823643, -27.42089387543918]]], [[[151.28681368974983, -33.637769382484926], [151.28681368974983, -33.637769382484926]]], [[[153.1885497854146, -27.401023280876025], [153.1885497854146, -27.401023280876025]]], [[[151.97997547328234, -32.67343838149509], [151.97997547328234, -32.67343838149509]]], [[[153.41630920093857, -27.79177908707307], [153.41630920093857, -27.79177908707307]]], [[[151.96535748525025, -32.67352938008696], [151.96535748525025, -32.67352938008696]]], [[[153.4141983688332, -27.809892027000604], [153.4141983688332, -27.809892027000604]]], [[[151.20449037540152, -33.53280229404477], [151.20449037540152, -33.53280229404477]]], [[[150.4185393331765, -35.5312032556674], [150.4185393331765, -35.5312032556674]]], [[[153.39935180923476, -27.819291505561978], [153.39935180923476, -27.819291505561978]]], [[[153.44035748494645, -27.740453169120745], [153.44035748494645, -27.740453169120745]]], [[[153.373425934271, -27.80205435278687], [153.373425934271, -27.80205435278687]]], [[[153.41695085951787, -27.87978477783123], [153.41695085951787, -27.87978477783123]]], [[[151.17863841135065, -33.515495281510226], [151.17863841135065, -33.515495281510226]]], [[[153.07754608367358, -26.95253544612489], [153.07754608367358, -26.95253544612489]]], [[[151.2403843897663, -33.53708571742876], [151.2403843897663, -33.53708571742876]]], [[[153.4178974022414, -27.93532262836442], [153.4178974022414, -27.93532262836442]]], [[[152.22256385829382, -32.689320115111535], [152.22256385829382, -32.689320115111535]]], [[[153.05966471062598, -26.911929994003515], [153.05966471062598, -26.911929994003515]]], [[[152.33090344324984, -32.619026415174986], [152.33090344324984, -32.619026415174986]]], [[[153.11822399096494, -26.860374409484393], [153.11822399096494, -26.860374409484393]]], [[[153.07277721702718, -26.929735435463616], [153.07277721702718, -26.929735435463616]]], [[[150.92910537666253, -34.491903285183696], [150.92910537666253, -34.491903285183696]]], [[[153.38346893948963, -27.830715484034634], [153.38346893948963, -27.830715484034634]]], [[[151.1740734279192, -33.845862303410435], [151.1740734279192, -33.845862303410435]]], [[[153.41320620669774, -27.904789727646254], [153.41320620669774, -27.904789727646254]]], [[[153.41325939853508, -27.812996016929354], [153.41325939853508, -27.812996016929354]]], [[[152.228049435317, -32.70572839576393], [152.228049435317, -32.70572839576393]]], [[[153.40104175020693, -27.887879796273854], [153.40104175020693, -27.887879796273854]]], [[[153.069436081418, -26.977330885506884], [153.069436081418, -26.977330885506884]]], [[[151.99784849719876, -32.70058939341432], [151.99784849719876, -32.70058939341432]]], [[[153.3905332431777, -29.926213250978627], [153.3905332431777, -29.926213250978627]]], [[[151.3149684467452, -33.55578032454583], [151.3149684467452, -33.55578032454583]]], [[[153.3562301665552, -27.798816481012206], [153.3562301665552, -27.798816481012206]]], [[[153.2672386607944, -30.20307150054954], [153.2672386607944, -30.20307150054954]]], [[[153.3054663129404, -27.714049125187394], [153.3054663129404, -27.714049125187394]]], [[[153.3842496834127, -27.79959028386905], [153.3842496834127, -27.79959028386905]]], [[[153.39263020219724, -29.93165218123363], [153.39263020219724, -29.93165218123363]]], [[[153.2905655080617, -27.53016363222395], [153.2905655080617, -27.53016363222395]]], [[[150.87680218721374, -34.544971400728286], [150.87680218721374, -34.544971400728286]]], [[[153.22531466158313, -30.160417485979096], [153.22531466158313, -30.160417485979096]]], [[[150.25845831813652, -35.75146025274372], [150.25845831813652, -35.75146025274372]]], [[[153.12163411906977, -26.872667449926], [153.12163411906977, -26.872667449926]]], [[[153.4379807114688, -27.76943106910671], [153.4379807114688, -27.76943106910671]]], [[[152.05521345911706, -32.70285038897128], [152.05521345911706, -32.70285038897128]]], [[[153.10469189029914, -27.036482879524993], [153.10469189029914, -27.036482879524993]]], [[[153.32349126432476, -27.609948326195912], [153.32349126432476, -27.609948326195912]]], [[[152.9995753235319, -25.969230390407322], [152.9995753235319, -25.969230390407322]]], [[[153.40014199414264, -27.85812794594814], [153.40014199414264, -27.85812794594814]]], [[[153.42090676831614, -27.808251467671443], [153.42090676831614, -27.808251467671443]]], [[[153.4017378879019, -27.827621445870594], [153.4017378879019, -27.827621445870594]]], [[[150.23364331293757, -35.818521250969084], [150.23364331293757, -35.818521250969084]]], [[[151.19474443397348, -33.853260315390784], [151.19474443397348, -33.853260315390784]]], [[[150.26035233835103, -35.74769424288831], [150.26035233835103, -35.74769424288831]]], [[[150.51463841337437, -35.2728214226152], [150.51463841337437, -35.2728214226152]]], [[[150.3344533325723, -35.631503238763905], [150.3344533325723, -35.631503238763905]]], [[[153.11127610942032, -26.87849444892918], [153.11127610942032, -26.87849444892918]]], [[[153.06309322977108, -26.915899454379755], [153.06309322977108, -26.915899454379755]]], [[[150.31133135150318, -35.665871246915756], [150.31133135150318, -35.665871246915756]]], [[[153.0837082797509, -26.898841486316734], [153.0837082797509, -26.898841486316734]]], [[[153.39327582870584, -27.82852210501584], [153.39327582870584, -27.82852210501584]]], [[[151.64028945800374, -33.058169331734106], [151.64028945800374, -33.058169331734106]]], [[[153.42882716103472, -27.78049671826034], [153.42882716103472, -27.78049671826034]]], [[[150.38856531480715, -35.553226253111006], [150.38856531480715, -35.553226253111006]]], [[[151.1520473634862, -33.527659329117654], [151.1520473634862, -33.527659329117654]]], [[[152.06553547880472, -32.69482038991178], [152.06553547880472, -32.69482038991178]]], [[[153.40070175779863, -27.82929703577825], [153.40070175779863, -27.82929703577825]]], [[[153.5792018706895, -28.195741496900922], [153.5792018706895, -28.195741496900922]]], [[[153.18240065599838, -30.240786472246914], [153.18240065599838, -30.240786472246914]]], [[[152.31638874369577, -32.63009337383603], [152.31638874369577, -32.63009337383603]]], [[[153.27846569755545, -29.91872848952994], [153.27846569755545, -29.91872848952994]]], [[[151.6745144394194, -33.0869333551957], [151.6745144394194, -33.0869333551957]]], [[[153.0661466288407, -26.920784934725624], [153.0661466288407, -26.920784934725624]]], [[[150.92901139149853, -34.45607030492715], [150.92901139149853, -34.45607030492715]]], [[[153.2709886654, -30.01627749951322], [153.2709886654, -30.01627749951322]]], [[[153.40983777417873, -27.849665906869348], [153.40983777417873, -27.849665906869348]]], [[[152.14226144849434, -32.76784339787165], [152.14226144849434, -32.76784339787165]]], [[[150.6956683280878, -35.182954288484204], [150.6956683280878, -35.182954288484204]]], [[[150.94708538770956, -34.46452228665445], [150.94708538770956, -34.46452228665445]]], [[[153.11945469876218, -26.8769373797405], [153.11945469876218, -26.8769373797405]]], [[[153.41521825037614, -27.7970620770035], [153.41521825037614, -27.7970620770035]]], [[[153.12103307274307, -26.843835459635383], [153.12103307274307, -26.843835459635383]]], [[[153.41478389998002, -27.800501486986317], [153.41478389998002, -27.800501486986317]]], [[[153.07431608796009, -27.000844106184815], [153.07431608796009, -27.000844106184815]]], [[[153.09731401894197, -26.893952737646806], [153.09731401894197, -26.893952737646806]]], [[[150.93660137520655, -34.494538295893896], [150.93660137520655, -34.494538295893896]]], [[[152.24186844407498, -32.70111840707675], [152.24186844407498, -32.70111840707675]]], [[[153.384100829863, -27.515810181614217], [153.384100829863, -27.515810181614217]]], [[[153.08954457709848, -30.91098447791808], [153.08954457709848, -30.91098447791808]]], [[[153.0567640428222, -26.976727484228306], [153.0567640428222, -26.976727484228306]]], [[[153.06790607214413, -26.972813475317064], [153.06790607214413, -26.972813475317064]]], [[[153.1432899934047, -30.295537538711173], [153.1432899934047, -30.295537538711173]]], [[[151.32886142071348, -33.6607453265899], [151.32886142071348, -33.6607453265899]]], [[[153.1117022486048, -26.8846515090212], [153.1117022486048, -26.8846515090212]]], [[[150.4720839735546, -22.285851109513956], [150.48840892834394, -22.322629201292795], [150.52914335470473, -22.324410774983217], [150.56079696509718, -22.294969157597585], [150.53328688070175, -22.26354915484811], [150.51966238586624, -22.2250209132952], [150.47921776119568, -22.206560159492895], [150.48938322575674, -22.250621040778043], [150.4720839735546, -22.285851109513956]]], [[[150.24777217503186, -21.67637405429698], [150.29342148216406, -21.667833818299275], [150.25376711922038, -21.630513144445572], [150.24306681552784, -21.675293103868405], [150.24777217503186, -21.67637405429698]]], [[[150.35848100009764, -21.733523234673104], [150.3138370531659, -21.739382100726065], [150.34816595782348, -21.763942114004898], [150.35848100009764, -21.733523234673104]]], [[[150.42147986694056, -22.2945001450329], [150.45071421753156, -22.264981237415196], [150.4640380305429, -22.225160188281297], [150.43058447057234, -22.252081385496457], [150.42147986694056, -22.2945001450329]]], [[[150.18536590930313, -21.978813591280666], [150.18536590930313, -21.978813591280666]]], [[[150.29734688283276, -22.24243224347137], [150.29734688283276, -22.24243224347137]]], [[[150.33888087826446, -21.669563552379373], [150.33888087826446, -21.669563552379373]]], [[[150.68424793970834, -21.96034069598534], [150.68424793970834, -21.96034069598534]]], [[[150.1253417727346, -21.994273166080234], [150.1253417727346, -21.994273166080234]]], [[[150.25376111016934, -21.523104463540356], [150.25376111016934, -21.523104463540356]]], [[[150.27137061215961, -21.489534454828323], [150.27137061215961, -21.489534454828323]]], [[[150.14142192291914, -21.979302117381216], [150.14142192291914, -21.979302117381216]]], [[[150.36173791060372, -22.017621167351543], [150.36173791060372, -22.017621167351543]]], [[[150.2720619166437, -22.226191121076848], [150.2720619166437, -22.226191121076848]]], [[[150.6696890669521, -22.093940375784126], [150.6696890669521, -22.093940375784126]]], [[[150.29351900529102, -22.02743116132874], [150.29351900529102, -22.02743116132874]]], [[[150.14962252893105, -21.52018507425096], [150.14962252893105, -21.52018507425096]]], [[[150.64609879834484, -22.003750802884422], [150.64609879834484, -22.003750802884422]]], [[[150.44928701101153, -22.0397201253993], [150.44928701101153, -22.0397201253993]]], [[[150.3790877410012, -21.999731148757103], [150.3790877410012, -21.999731148757103]]], [[[150.38344806929746, -22.01272110925724], [150.38344806929746, -22.01272110925724]]], [[[150.21991701961753, -21.653783091624966], [150.21991701961753, -21.653783091624966]]], [[[150.33717078014595, -21.652563602083163], [150.33717078014595, -21.652563602083163]]], [[[150.4347149698732, -21.771991191839405], [150.4347149698732, -21.771991191839405]]], [[[150.43707476048493, -21.764171191985806], [150.43707476048493, -21.764171191985806]]], [[[150.37609795026552, -22.009281148569077], [150.37609795026552, -22.009281148569077]]], [[[150.25683613349221, -21.488023173518872], [150.25683613349221, -21.488023173518872]]], [[[150.66815837779552, -21.991440694784323], [150.66815837779552, -21.991440694784323]]], [[[150.58609948544827, -21.983481197275253], [150.58609948544827, -21.983481197275253]]], [[[150.38174235350556, -21.973302398773463], [150.38174235350556, -21.973302398773463]]], [[[150.42598497206552, -21.75768119093423], [150.42598497206552, -21.75768119093423]]], [[[150.22985857391814, -22.28737265782418], [150.22985857391814, -22.28737265782418]]], [[[150.15552092260222, -21.9708821785622], [150.15552092260222, -21.9708821785622]]], [[[150.7026676289653, -21.952830607597633], [150.7026676289653, -21.952830607597633]]], [[[150.30896484110448, -21.47000309802155], [150.30896484110448, -21.47000309802155]]], [[[150.35880511304956, -22.190081998533888], [150.35880511304956, -22.190081998533888]]], [[[150.28920692421678, -21.748902128604776], [150.28920692421678, -21.748902128604776]]], [[[150.4397137445309, -22.20650143593591], [150.4397137445309, -22.20650143593591]]], [[[150.430074941378, -21.761091111330543], [150.430074941378, -21.761091111330543]]], [[[150.53932244985688, -22.266760745420243], [150.53932244985688, -22.266760745420243]]], [[[150.29583599141017, -21.673272168560768], [150.29583599141017, -21.673272168560768]]], [[[150.35900517256664, -22.19459198858958], [150.35900517256664, -22.19459198858958]]], [[[150.15486104122112, -21.984952148621556], [150.15486104122112, -21.984952148621556]]], [[[150.42851508195537, -21.756731151153648], [150.42851508195537, -21.756731151153648]]], [[[150.33220606136896, -22.228072056469337], [150.33220606136896, -22.228072056469337]]], [[[150.37318505005396, -22.207331859967503], [150.37318505005396, -22.207331859967503]]], [[[150.64854889556622, -22.02841070331394], [150.64854889556622, -22.02841070331394]]], [[[150.19888977954676, -21.965402162371106], [150.19888977954676, -21.965402162371106]]], [[[150.3433160272753, -21.675672102827892], [150.3433160272753, -21.675672102827892]]], [[[144.68638167873107, -40.566797835069316], [144.68638167873107, -40.566797835069316]]], [[[144.1602437419955, -39.82850763594898], [144.1602437419955, -39.82850763594898]]], [[[144.68369268178347, -40.631226835257266], [144.68369268178347, -40.631226835257266]]], [[[139.60474210643065, -17.138187381807086], [139.6293300771336, -17.090120392517267], [139.59566407829627, -17.112011381188672], [139.60474210643065, -17.138187381807086]]], [[[139.23212330642812, -17.024098554516012], [139.2595732032054, -17.054438335947154], [139.23212330642812, -17.024098554516012]]], [[[138.51832936536945, -34.78593649439915], [138.51832936536945, -34.78593649439915]]], [[[138.52472146286973, -34.8102784848172], [138.52472146286973, -34.8102784848172]]], [[[139.5494808105204, -17.129196569269414], [139.5494808105204, -17.129196569269414]]], [[[139.3860621140455, -17.071927591592694], [139.3860621140455, -17.071927591592694]]], [[[139.37040182845382, -17.00045781032788], [139.37040182845382, -17.00045781032788]]], [[[138.50941559851648, -34.757496613851096], [138.50941559851648, -34.757496613851096]]], [[[139.37875189649245, -17.030367710935664], [139.37875189649245, -17.030367710935664]]], [[[138.69218218072263, -35.53742946636462], [138.69218218072263, -35.53742946636462]]], [[[144.6544697166869, -40.37749384183472], [144.6544697166869, -40.37749384183472]]], [[[143.81925571255968, -39.67500573307981], [143.81925571255968, -39.67500573307981]]], [[[143.8314334994211, -39.68304468390325], [143.8314334994211, -39.68304468390325]]], [[[137.0021046131286, -36.02013984406614], [137.0449723255901, -36.02649744561125], [137.092388257702, -36.025091367278435], [137.13311758053104, -36.031236408762496], [137.16995925545118, -36.01080638995392], [137.19838341263346, -35.974889390754996], [137.23925241545118, -35.98102639226225], [137.27837142817145, -35.99424442375607], [137.32311221058094, -35.99589242539097], [137.36525130340294, -35.99796845694172], [137.39684525666482, -36.02390140825706], [137.4338193888421, -36.05287843979343], [137.47452750126396, -36.06608846137847], [137.51332717581153, -36.0472204227051], [137.5469882714309, -36.02481348382442], [137.5866473050806, -36.019545425277435], [137.61448034211168, -35.989790426142804], [137.5981791975194, -35.9426794752433], [137.63040818460587, -35.8992904861922], [137.68409532679502, -35.8792924881006], [137.72597125995932, -35.8767924496774], [137.75968236575173, -35.852369440815295], [137.80323948860374, -35.85060246247444], [137.85609034927526, -35.85974143456729], [137.90989740031944, -35.85973747665326], [137.9723843587847, -35.87896146920869], [138.0102671613551, -35.897859480810304], [138.0562672238593, -35.89504142260565], [138.0866674105684, -35.86541243362697], [138.1239083555911, -35.84512148498128], [138.12604134777092, -35.802876454806956], [138.0759272165572, -35.79500947276999], [138.06413612085623, -35.755652462062045], [138.0216863689712, -35.73739147027591], [137.97332037801712, -35.71978845826983], [137.91862520705496, -35.72005340613701], [137.89254216916194, -35.75793143535584], [137.85381946347238, -35.7941954140786], [137.80083034218123, -35.79576142204656], [137.75838026864056, -35.806028440482336], [137.7983042517657, -35.810190472037796], [137.76378346632887, -35.83054047083884], [137.76013237929513, -35.78961647044899], [137.8006431742268, -35.760939421826265], [137.78034129972914, -35.72391846082054], [137.73295345690866, -35.73561143908069], [137.66794934746005, -35.73953939663526], [137.6268913447151, -35.73165241503644], [137.58583443147822, -35.732423463497746], [137.60335637081937, -35.69266442391239], [137.63141438800415, -35.66035541477052], [137.5893484359251, -35.6431994430836], [137.59821052716066, -35.59526246312239], [137.6317085130189, -35.57078146423232], [137.59174418998052, -35.564074402688355], [137.55165029551895, -35.583138461304365], [137.50720327224857, -35.593893479714325], [137.46572624940214, -35.58828745814217], [137.41308741809704, -35.58808341619975], [137.37216548498836, -35.58553740468318], [137.32702725283517, -35.57821942299099], [137.2863803886289, -35.59501442161754], [137.23946340588003, -35.604177389978304], [137.20347350072046, -35.62470143880949], [137.16347749688322, -35.63309745742892], [137.12428427261497, -35.64717544611822], [137.08649331806245, -35.662373374870356], [137.04011236533424, -35.67013937328072], [136.9987656520959, -35.6718444318395], [136.95861339865314, -35.67370643044809], [136.91491946545943, -35.68209541898034], [136.87193547229708, -35.68771142752828], [136.82789742914724, -35.69655644606738], [136.78367143630118, -35.70019937457671], [136.7481145709974, -35.72383941350969], [136.69889249840645, -35.73903338193504], [136.65827552481733, -35.74584738060867], [136.60412034385124, -35.74537935879326], [136.57481959723518, -35.775198437997865], [136.56804155606807, -35.82109538804964], [136.5417305686062, -35.85821640740108], [136.53886064703272, -35.89931536755355], [136.5797865186035, -35.93071439910028], [136.61188446188115, -35.95731039033023], [136.65267641463984, -35.9651683717436], [136.68907132651256, -36.00475739320656], [136.70700943152963, -36.043192444043406], [136.74962766424758, -36.045369445501315], [136.79523242721964, -36.03294440698117], [136.8370633609461, -36.018363408327026], [136.8787956235437, -36.02583539980964], [136.91546052645043, -36.04356243118557], [136.9577385802954, -36.025530392547424], [136.9972863640873, -36.01732438388028], [137.0021046131286, -36.02013984406614]]], [[[138.6260290798333, -35.56511044375677], [138.6260290798333, -35.56511044375677]]], [[[138.59299512264226, -35.60689644263461], [138.59299512264226, -35.60689644263461]]], [[[139.7214829318854, -37.09143052156138], [139.7214829318854, -37.09143052156138]]], [[[138.29090824189385, -35.77869446127545], [138.29090824189385, -35.77869446127545]]], [[[138.29964824164085, -35.75910247150886], [138.29964824164085, -35.75910247150886]]], [[[140.01186323143833, -37.49422084769304], [140.01186323143833, -37.49422084769304]]], [[[139.72340491188012, -37.086915521623595], [139.72340491188012, -37.086915521623595]]], [[[138.6075283316807, -35.584105463100464], [138.6075283316807, -35.584105463100464]]], [[[140.0131127008828, -37.498681587779565], [140.0131127008828, -37.498681587779565]]], [[[139.19503253564082, -16.661928469982787], [139.19977173322317, -16.707639360557405], [139.24212413961024, -16.726778352536083], [139.28749611629217, -16.735278364566945], [139.3237305749895, -16.713258665961064], [139.35875002408613, -16.68455854725329], [139.37538964479606, -16.646768527672602], [139.4152593216815, -16.658708279515583], [139.44711889085264, -16.633138150707413], [139.46988843102406, -16.598858091431396], [139.4712282028997, -16.557508191153676], [139.50628611970478, -16.577838382868162], [139.4855679627201, -16.542098131660993], [139.5273573913007, -16.516227993299395], [139.55060694138794, -16.483557944064973], [139.5805667581904, -16.51080773562052], [139.59182412556527, -16.550694366447868], [139.63369812380625, -16.53202736816757], [139.67417597186923, -16.519027179878083], [139.70161550171898, -16.48626709084594], [139.67639553503454, -16.450597329419047], [139.63315581866414, -16.431767597324797], [139.5992859322598, -16.401207875560907], [139.5533063755184, -16.393428143449498], [139.4893772178853, -16.428158390900393], [139.44384776980394, -16.4482285990573], [139.3867741532033, -16.45248636658886], [139.34758512520386, -16.46257835496032], [139.3070941477814, -16.46214336319606], [139.26358712901788, -16.494712351576933], [139.23438814940295, -16.526330350573993], [139.21139212887473, -16.569344369933713], [139.1604651402561, -16.609817358078114], [139.15875613813304, -16.658316358398714], [139.19503253564082, -16.661928469982787]]], [[[139.48468141532462, -17.11837694630815], [139.52270091356098, -17.102746787864994], [139.56624048117422, -17.092616559718422], [139.55091034399607, -17.054966728730125], [139.5177403884833, -17.006866996866282], [139.47909087045417, -17.018697175251912], [139.45045136059397, -17.0552672542854], [139.41256191181245, -17.08216741283746], [139.41118218000457, -17.122177363101404], [139.46341144784816, -17.094957135178834], [139.48468141532462, -17.11837694630815]]], [[[139.1826518447524, -16.698369469747327], [139.1399722871384, -16.706149697983967], [139.13948256516377, -16.74976962831685], [139.1767821334505, -16.73474944979088], [139.1826518447524, -16.698369469747327]]], [[[139.13711294279494, -16.804579508660048], [139.09393341518964, -16.81336972689146], [139.11326344228019, -16.8494295580063], [139.14883291121774, -16.822329409304693], [139.13711294279494, -16.804579508660048]]], [[[139.72578528978354, -16.494696942005618], [139.7310250413811, -16.454977001917847], [139.70954545102921, -16.490167051235414], [139.72578528978354, -16.494696942005618]]], [[[139.45607901836797, -16.673478031430268], [139.45607901836797, -16.673478031430268]]], [[[139.86989482279103, -16.654925789871218], [139.86989482279103, -16.654925789871218]]], [[[139.06136420383163, -16.88928974612374], [139.06136420383163, -16.88928974612374]]], [[[139.26596281539938, -16.99849842577022], [139.26596281539938, -16.99849842577022]]], [[[139.06654402444497, -16.868499756175016], [139.06654402444497, -16.868499756175016]]], [[[139.15003248416522, -16.75666955882359], [139.15003248416522, -16.75666955882359]]], [[[139.27943715849608, -16.26898336042464], [139.27943715849608, -16.26898336042464]]], [[[139.82884550303052, -16.70342590839053], [139.82884550303052, -16.70342590839053]]], [[[139.80691448455713, -16.496776475702287], [139.80691448455713, -16.496776475702287]]], [[[139.28912010556118, -16.74869536474629], [139.28912010556118, -16.74869536474629]]], [[[139.18968312077666, -16.990524362417815], [139.18968312077666, -16.990524362417815]]], [[[139.4721182226189, -16.56223818123146], [139.4721182226189, -16.56223818123146]]], [[[139.47556845037775, -16.604848061730753], [139.47556845037775, -16.604848061730753]]], [[[139.45606898867962, -16.66691802137643], [139.45606898867962, -16.66691802137643]]], [[[139.16388230381807, -16.7448095093199], [139.16388230381807, -16.7448095093199]]], [[[139.1513126528069, -16.78435946910287], [139.1513126528069, -16.78435946910287]]], [[[139.36199161111836, -16.95565797959693], [139.36199161111836, -16.95565797959693]]], [[[144.64798894348579, -14.344723647203503], [144.64798894348579, -14.344723647203503]]], [[[144.35724496340202, -14.273742617638312], [144.35724496340202, -14.273742617638312]]], [[[139.25475841181958, -16.230360059043555], [139.25475841181958, -16.230360059043555]]], [[[144.65309190306021, -14.347046647559374], [144.65309190306021, -14.347046647559374]]], [[[139.12065341134235, -16.859379468401862], [139.12065341134235, -16.859379468401862]]], [[[139.13970897329835, -16.789989368652634], [139.13970897329835, -16.789989368652634]]], [[[144.6673549206421, -38.25546989009212], [144.6673549206421, -38.25546989009212]]], [[[142.00870118938005, -38.41714523707214], [142.00870118938005, -38.41714523707214]]], [[[144.66650382045702, -38.25857678005397], [144.66650382045702, -38.25857678005397]]], [[[144.25155499593671, -14.16879460993236], [144.2811109725946, -14.195876612062984], [144.2590259959863, -14.162379600356294], [144.25155499593671, -14.16879460993236]]], [[[142.70140424806235, -10.942676477867888], [142.669481931011, -10.912878365780426], [142.69232209747156, -10.958557957484256], [142.70140424806235, -10.942676477867888]]], [[[144.23596478893762, -14.136064648651042], [144.21094038772833, -14.173105107368421], [144.24505098743006, -14.15156366936687], [144.23596478893762, -14.136064648651042]]], [[[144.26415997084345, -14.23474561130934], [144.26415997084345, -14.23474561130934]]], [[[144.32832266684423, -14.097278704250835], [144.32832266684423, -14.097278704250835]]], [[[142.6380324719949, -10.916238294011128], [142.6380324719949, -10.916238294011128]]], [[[142.1005562681957, -10.987812454539586], [142.1005562681957, -10.987812454539586]]], [[[144.20236299425952, -14.231298617321213], [144.20236299425952, -14.231298617321213]]], [[[143.36455610254575, -12.883740553661736], [143.36455610254575, -12.883740553661736]]], [[[143.38897610214323, -12.872299545037343], [143.38897610214323, -12.872299545037343]]], [[[143.26638517258576, -11.98788153002721], [143.26638517258576, -11.98788153002721]]], [[[143.7194470225572, -13.871373573847622], [143.7194470225572, -13.871373573847622]]], [[[143.38479710277875, -12.865224544723882], [143.38479710277875, -12.865224544723882]]], [[[143.39553109111736, -12.883850555533083], [143.39553109111736, -12.883850555533083]]], [[[143.57872807365317, -13.183147559259957], [143.57872807365317, -13.183147559259957]]], [[[143.08360820378496, -11.76594151724142], [143.08360820378496, -11.76594151724142]]], [[[143.40942514793267, -12.286469541214522], [143.40942514793267, -12.286469541214522]]], [[[143.38064712196797, -12.881179544610793], [143.38064712196797, -12.881179544610793]]], [[[143.48532315763444, -11.920205552643505], [143.48532315763444, -11.920205552643505]]], [[[144.52818497505817, -14.120936627418823], [144.52818497505817, -14.120936627418823]]], [[[143.4025311085731, -12.760013554888236], [143.4025311085731, -12.760013554888236]]], [[[143.49790028891042, -12.527730588667575], [143.45645023206006, -12.50684158596821], [143.49790028891042, -12.527730588667575]]], [[[143.46422316950387, -11.90437654122519], [143.46422316950387, -11.90437654122519]]], [[[143.24414616342892, -11.98936452871022], [143.24414616342892, -11.98936452871022]]], [[[143.75043003662972, -13.938700586345677], [143.75043003662972, -13.938700586345677]]], [[[143.3033431778521, -12.039254532686286], [143.3033431778521, -12.039254532686286]]], [[[143.44490611520453, -12.624064546280705], [143.44490611520453, -12.624064546280705]]], [[[144.2672239726379, -14.057444609977649], [144.2672239726379, -14.057444609977649]]], [[[143.77188559717268, -14.220584160098753], [143.77188559717268, -14.220584160098753]]], [[[143.64215703282542, -13.77216756822499], [143.64215703282542, -13.77216756822499]]], [[[143.69448705696658, -13.667841580553928], [143.69448705696658, -13.667841580553928]]], [[[142.35391327663476, -10.84704146735701], [142.35391327663476, -10.84704146735701]]], [[[143.01549022248955, -11.171351508082736], [143.01549022248955, -11.171351508082736]]], [[[143.44975029290853, -12.498051555485791], [143.44975029290853, -12.498051555485791]]], [[[144.03180017630154, -11.59079358360515], [144.03180017630154, -11.59079358360515]]], [[[143.2870791825417, -11.974530531150988], [143.2870791825417, -11.974530531150988]]], [[[143.01955561323444, -11.487911871062835], [143.01955561323444, -11.487911871062835]]], [[[143.3678740927091, -12.878705553818499], [143.3678740927091, -12.878705553818499]]], [[[141.59027001369495, -14.164954424121015], [141.59027001369495, -14.164954424121015]]], [[[143.40386615764416, -12.294934530951661], [143.40386615764416, -12.294934530951661]]], [[[142.0326993464934, -10.88545242994703], [142.0326993464934, -10.88545242994703]]], [[[143.20931217864668, -11.928312526103452], [143.20931217864668, -11.928312526103452]]], [[[142.9193312320775, -11.240214493051173], [142.9193312320775, -11.240214493051173]]], [[[143.4161291371569, -12.294232531687127], [143.4161291371569, -12.294232531687127]]], [[[144.25380106234692, -14.071889569241025], [144.25380106234692, -14.071889569241025]]], [[[143.17917418381694, -11.701276532344876], [143.17917418381694, -11.701276532344876]]], [[[144.24955497318743, -14.211128600168898], [144.24955497318743, -14.211128600168898]]], [[[143.24017215319023, -11.995947528529744], [143.24017215319023, -11.995947528529744]]], [[[144.35562896494352, -14.252263617348808], [144.35562896494352, -14.252263617348808]]], [[[143.79175900576845, -14.226370581383806], [143.79175900576845, -14.226370581383806]]], [[[142.3181632784117, -10.839288465294072], [142.3181632784117, -10.839288465294072]]], [[[143.71767805667827, -13.654651581873777], [143.71767805667827, -13.654651581873777]]], [[[143.31441848985094, -11.837936941608392], [143.31441848985094, -11.837936941608392]]], [[[143.72137307679316, -13.495378570730697], [143.72137307679316, -13.495378570730697]]], [[[143.0283552194448, -11.37931350064007], [143.0283552194448, -11.37931350064007]]], [[[142.93764822021953, -11.59253151716798], [142.93764822021953, -11.59253151716798]]], [[[143.0186902159766, -11.111411507751201], [143.0186902159766, -11.111411507751201]]], [[[142.02502021886218, -10.848172449207476], [142.02502021886218, -10.848172449207476]]], [[[142.93094120050708, -11.592255516773806], [142.93094120050708, -11.592255516773806]]], [[[143.83344300439504, -13.908901581251593], [143.83344300439504, -13.908901581251593]]], [[[143.2807881898902, -11.859833519781352], [143.2807881898902, -11.859833519781352]]], [[[142.9915642332341, -11.007897505262202], [142.9915642332341, -11.007897505262202]]], [[[144.256323981996, -14.075198609431375], [144.256323981996, -14.075198609431375]]], [[[143.0339432149442, -11.450134501581823], [143.0339432149442, -11.450134501581823]]], [[[143.54583210399346, -12.88748555469754], [143.54583210399346, -12.88748555469754]]], [[[143.25211316428147, -11.970111519019834], [143.25211316428147, -11.970111519019834]]], [[[144.0058101113704, -14.126050623931992], [144.0058101113704, -14.126050623931992]]], [[[143.5979240669101, -13.274521561223933], [143.5979240669101, -13.274521561223933]]], [[[143.41660500854346, -12.591026704280948], [143.41660500854346, -12.591026704280948]]], [[[143.03839623025584, -11.19373650962307], [143.03839623025584, -11.19373650962307]]], [[[142.6947811414415, -10.889378667026788], [142.6947811414415, -10.889378667026788]]], [[[143.05751521867197, -11.373077512302379], [143.05751521867197, -11.373077512302379]]], [[[143.39532812950898, -12.750300554368991], [143.39532812950898, -12.750300554368991]]], [[[143.22552016852086, -12.24394652979838], [143.22552016852086, -12.24394652979838]]], [[[142.99214222936337, -11.23829049729256], [142.99214222936337, -11.23829049729256]]], [[[142.9652112118433, -11.380860506949174], [142.9652112118433, -11.380860506949174]]], [[[143.10695917517256, -11.891463519706928], [143.10695917517256, -11.891463519706928]]], [[[143.603000111487, -12.885689578180811], [143.603000111487, -12.885689578180811]]], [[[143.4051751284781, -12.759616545044715], [143.4051751284781, -12.759616545044715]]], [[[143.69411805625057, -13.369110567958208], [143.69411805625057, -13.369110567958208]]], [[[142.98834021011237, -11.72605151128956], [142.98834021011237, -11.72605151128956]]], [[[143.26701119480273, -11.95154453975029], [143.26701119480273, -11.95154453975029]]], [[[143.30232318980381, -11.84679052095923], [143.30232318980381, -11.84679052095923]]], [[[143.21791518478685, -11.985216527108502], [143.21791518478685, -11.985216527108502]]], [[[143.59707510176486, -12.88558956781669], [143.59707510176486, -12.88558956781669]]], [[[144.57645194487316, -14.233264631545028], [144.57645194487316, -14.233264631545028]]], [[[142.89783220209873, -11.5880195148059], [142.89783220209873, -11.5880195148059]]], [[[143.03064522320528, -11.481071521655604], [143.03064522320528, -11.481071521655604]]], [[[142.75957925263432, -10.997535501688219], [142.75957925263432, -10.997535501688219]]], [[[141.89355120987844, -11.99984044195098], [141.89355120987844, -11.99984044195098]]], [[[143.30429718949833, -11.850409531108983], [143.30429718949833, -11.850409531108983]]], [[[143.61287908466358, -12.985567559649184], [143.61287908466358, -12.985567559649184]]], [[[142.99251420924972, -11.73749952163335], [142.99251420924972, -11.73749952163335]]], [[[143.6168989745056, -12.985128589892128], [143.6168989745056, -12.985128589892128]]], [[[142.75562626114328, -11.02532949170091], [142.75562626114328, -11.02532949170091]]], [[[143.83576404113498, -13.956984581809964], [143.83576404113498, -13.956984581809964]]], [[[143.48868514708005, -12.404480557041289], [143.48868514708005, -12.404480557041289]]], [[[147.25748926364113, -43.10680892588139], [147.29669733696764, -43.09662406888273], [147.25802611856992, -43.07203813573634], [147.27614804092786, -43.02979166692076], [147.3140978387486, -43.05948351004127], [147.33416276995817, -43.02249925140984], [147.32412607775268, -42.98310022041301], [147.35585468583065, -42.95109546272121], [147.35572680201236, -42.90862346248159], [147.335241221268, -42.873849450691104], [147.32319680950206, -42.83399917953388], [147.28510939952076, -42.81886939647927], [147.2613699892952, -42.784828464444736], [147.23261840992924, -42.75185530202835], [147.1912055896474, -42.74336670876562], [147.14735876653418, -42.75823128544828], [147.18598459107113, -42.7409047283472], [147.22864421213518, -42.74214426166658], [147.26668786239034, -42.75564205470034], [147.29274732214068, -42.78973117691675], [147.31755563250402, -42.82123019902398], [147.34845831179675, -42.8513439616027], [147.37865070157557, -42.87899606411617], [147.41733184927017, -42.90883902731134], [147.45849191036322, -42.91170457056148], [147.45283845535468, -42.95409397034608], [147.47861160508663, -42.98794988255732], [147.460731452522, -43.030816171381105], [147.4175413855531, -43.00281044783557], [147.40870386320486, -42.962814206926], [147.39704061923496, -43.00666965624776], [147.40838941108444, -43.046460627352516], [147.45665550296155, -43.033585221075356], [147.50046001557786, -43.02204784446293], [147.5311342540287, -42.98930210670649], [147.51389549292048, -42.95288727514907], [147.49703436193784, -42.91497234361429], [147.51108204471927, -42.87605740451117], [147.54322322302983, -42.84229668686543], [147.58914254418858, -42.83819588047542], [147.5471601447242, -42.82513336708331], [147.5035741955181, -42.81251458357426], [147.46000371490936, -42.809496140126235], [147.43463629525587, -42.77405822793923], [147.47441829434396, -42.792989961171], [147.52085457591102, -42.785418584790094], [147.56144591588196, -42.79707506806016], [147.60334830713157, -42.79810374138294], [147.616447938724, -42.837190472633864], [147.65333584504293, -42.878757195787564], [147.69641254749695, -42.86981666916534], [147.65613174399385, -42.88198209602721], [147.70423807225944, -42.89445120992223], [147.7495961025917, -42.896714583551756], [147.7905307732297, -42.903068076857835], [147.82718263904425, -42.88043861967005], [147.84900675997037, -42.843940931221915], [147.87050865295112, -42.79405840267666], [147.8875023649595, -42.757002293840266], [147.92713821952083, -42.739014586931596], [147.9387674528273, -42.70067864765918], [147.95348856569368, -42.66105739862935], [147.9375755949117, -42.62063894712509], [147.91457874517516, -42.582777675065316], [147.87787909590662, -42.560526711991805], [147.91652891038058, -42.54475320501353], [147.90518620836158, -42.50613347388841], [147.93103170811148, -42.540178926156294], [147.9695807724812, -42.52533908918318], [148.0110369164138, -42.50953607244574], [148.00049138471644, -42.46774966136296], [147.9940877919428, -42.42749209062343], [147.99737100842864, -42.3789065906205], [148.02687016679081, -42.34962742284447], [148.00423980646693, -42.31477009082091], [147.9692186495873, -42.341544048140236], [147.99579421909698, -42.3084216801031], [148.01524829047807, -42.27234907147605], [148.0254351151165, -42.22676022204721], [148.06597544201662, -42.192503965140965], [148.07623621577187, -42.1528844957527], [148.0729307823164, -42.11269657526059], [148.12393729511265, -42.092412509290064], [148.16554225697715, -42.091337402670874], [148.23103678272128, -42.0995173480621], [148.18382648472394, -42.08187682410863], [148.12960574576834, -42.08023127968308], [148.08923423390257, -42.07962760639906], [148.1295327485863, -42.06109870957027], [148.1433337314627, -42.022704120478565], [148.1836737452041, -42.01069442369813], [148.21716289183018, -41.98835813630656], [148.2182709553038, -42.031294086637494], [148.17986580121803, -42.0430271135685], [148.2215723390989, -42.06901554711818], [148.24356762939908, -42.10511191911805], [148.28280704923975, -42.1209405024193], [148.25935703733694, -42.16544558074666], [148.29190086695135, -42.19167044355911], [148.2696753961559, -42.227013531934375], [148.29119345632682, -42.26419596390449], [148.32418934374664, -42.2371038764616], [148.3529095833838, -42.20092705862063], [148.3233644536126, -42.17180609603033], [148.3259770891894, -42.13069174601561], [148.32463809651895, -42.08300612563932], [148.28767152929603, -42.04630390240095], [148.28394178659843, -42.00179945184607], [148.30239486860992, -41.963293493143254], [148.31698217129264, -41.92544982412787], [148.30387682016703, -41.88272411281223], [148.27256559131757, -41.84887395005507], [148.26679083058136, -41.79336356926932], [148.2924528119119, -41.74971244112557], [148.28790119990504, -41.70111392047773], [148.2931878650182, -41.65894835067241], [148.31746145522027, -41.62494738247098], [148.31687768153373, -41.58239904218157], [148.28380077310413, -41.547263069269206], [148.27562551104995, -41.5034865583504], [148.26648150881644, -41.46215808736617], [148.22800861877212, -41.445082344121886], [148.26723449873828, -41.46168507742513], [148.27918697293563, -41.41659201814683], [148.29570925621897, -41.37167991924441], [148.32096907879702, -41.31994874102071], [148.3482729083521, -41.28646333307167], [148.311650302164, -41.30912102019393], [148.27158484553235, -41.33955978708397], [148.27445444193467, -41.291265927042474], [148.3167029348453, -41.28376302046325], [148.29116549448318, -41.25112065818149], [148.2845638915061, -41.211143277410955], [148.28089269805895, -41.170433306876156], [148.2695194466148, -41.126013305689035], [148.28849557865718, -41.08628380701449], [148.26915266741716, -41.050982635226404], [148.30397669385556, -41.02920412795419], [148.34066270187424, -40.99396646076186], [148.3086618114684, -40.96965543799412], [148.2839374817191, -40.93089521574278], [148.26191719139166, -40.89244002371675], [148.2218748022943, -40.86940017030927], [148.18509310475864, -40.830825157083794], [148.13749766341525, -40.83369072322458], [148.1028960756617, -40.79347565017893], [148.05507528790028, -40.77106085617025], [148.01903125720094, -40.753555263151306], [147.9751325275424, -40.739223959522164], [147.95299984657416, -40.77633660795321], [147.93290531497456, -40.81523592656042], [147.88707832697997, -40.86354345315495], [147.83533553358873, -40.88707690913998], [147.785226184156, -40.87996824508887], [147.73948585611313, -40.856761751303004], [147.69380341579108, -40.849893007624786], [147.66133828542704, -40.82497019489983], [147.61451069125408, -40.84765637131641], [147.57552993278895, -40.89078140848026], [147.5255840941446, -40.95067740488136], [147.4907328069094, -40.979336352299946], [147.4414872331541, -41.0029021985629], [147.39705929170833, -41.0028878050773], [147.35615346305767, -40.97738917172842], [147.3198874731575, -40.95440956876282], [147.27984862258188, -40.94167904556766], [147.24542387599467, -40.96537778302522], [147.21041865844163, -40.99712635048866], [147.16927710466987, -41.00973372737152], [147.13745308729764, -41.03577367505852], [147.115032606612, -40.99874078311338], [147.0727801846363, -40.999670019859394], [147.0319741737567, -40.99035224666495], [146.9907494012817, -40.99355135351703], [146.9529058446177, -41.023279520787085], [146.90958407252677, -41.02674922749361], [146.8596862115453, -41.031472003713745], [146.82053912606028, -41.05451114086606], [146.81349126137022, -41.10012302059129], [146.8320159128487, -41.13717465221181], [146.8724086357671, -41.131477215255835], [146.9118775662299, -41.14552797834874], [146.956329993019, -41.17970181194449], [146.92294709575984, -41.207661289549485], [146.95644605591758, -41.23241632225408], [146.99365582612887, -41.25131309521455], [146.99002367138644, -41.29174211516603], [147.02446009153593, -41.31492584794262], [147.0619710321057, -41.33049038091741], [147.07977108369832, -41.3668184324955], [147.1128273032374, -41.39619622521299], [147.12986873480634, -41.43356228674164], [147.16986918713263, -41.432381969830175], [147.12962579465372, -41.435029306731174], [147.1069715339415, -41.39943926477924], [147.07531118435165, -41.368427462160845], [147.03625320489022, -41.347012679031835], [147.0049277444993, -41.321212016477695], [146.9701119744739, -41.297655303672656], [146.97473520976544, -41.251676253765304], [146.93424350881858, -41.243005540614895], [146.90726673804107, -41.213405408383885], [146.92878939847967, -41.17889001983207], [146.89132138905504, -41.154252266828756], [146.8548276437378, -41.172285654148986], [146.81991525364174, -41.14887285135823], [146.77807911064238, -41.15736130822915], [146.81406091598828, -41.13978184086125], [146.7925763252158, -41.10170898901152], [146.75177368542379, -41.08438526581792], [146.71543523511804, -41.064328992952916], [146.6790863473615, -41.10075301041547], [146.63689341366592, -41.115079667316785], [146.59491181791284, -41.14482211432908], [146.57835968589487, -41.18467048331323], [146.60923348627585, -41.21202731578835], [146.59504451395193, -41.25064055494157], [146.58745938094384, -41.208817494133925], [146.56598738046944, -41.24423382272381], [146.56785122545037, -41.20362066263261], [146.54798734394143, -41.16844766094298], [146.54378525025692, -41.1265219803891], [146.4932762670904, -41.14938196674057], [146.4541325431886, -41.161043523885525], [146.41235735032478, -41.168733940818285], [146.36882238835747, -41.17221635760353], [146.38109151986473, -41.219088508780885], [146.36215054919978, -41.17574443712859], [146.32134830678126, -41.17864096412161], [146.27494929842894, -41.15856396057744], [146.25248390824817, -41.193876019120644], [146.22727493753854, -41.16001317707056], [146.18579258653645, -41.152966023979424], [146.14581447287367, -41.164348941110326], [146.12783633140324, -41.12517194957031], [146.077359692471, -41.11555444582436], [146.03269454360625, -41.09647639245821], [145.9884722848469, -41.07579950912321], [145.94399463483643, -41.06530632583566], [145.9041919146816, -41.04870784285943], [145.85259884574486, -41.04059430908752], [145.8071077759868, -41.029535415748484], [145.77373039583824, -41.00271759319738], [145.73105029600288, -40.98776890005207], [145.729345091672, -40.94493882968567], [145.68010905207746, -40.93810829612618], [145.6359259212774, -40.93307470294666], [145.5952138303044, -40.92397770999853], [145.54615353165823, -40.9091111864326], [145.51846632077246, -40.8786553542985], [145.45373876423437, -40.871198699685536], [145.4133949232982, -40.86102247678743], [145.37252504259126, -40.8497641338529], [145.3280104218246, -40.84477790070598], [145.28764200890538, -40.850927587920104], [145.28607598566674, -40.79753401750582], [145.30867755532933, -40.76415886889332], [145.27591903511146, -40.73554908644251], [145.26393188256878, -40.77585003583739], [145.24139192236825, -40.81368686448366], [145.18780358390578, -40.80406840070437], [145.13922830371268, -40.80075383731963], [145.11969952267276, -40.841028916199015], [145.0877394719174, -40.815575403847085], [145.05043254222556, -40.78978280112925], [145.00759414187246, -40.77845037811984], [144.98355434045538, -40.745339986281536], [144.94283527715876, -40.755288633550336], [144.88132763974502, -40.74955185931902], [144.84024562841591, -40.74346584648862], [144.8085806374222, -40.71894583419851], [144.76849463278083, -40.73945884159961], [144.7643716684378, -40.697886841083275], [144.7326636886611, -40.66277583873946], [144.69260666634722, -40.66323084604058], [144.68931064223253, -40.704117836052156], [144.68661163768326, -40.74770883611911], [144.70129865021153, -40.78737583733461], [144.70709864411404, -40.8299468279679], [144.704310619234, -40.8763168380435], [144.67698464064523, -40.90977083639273], [144.63753164703994, -40.920903833803656], [144.63436465222512, -40.96743183385464], [144.62039763041452, -41.00629983313729], [144.63977664245627, -41.04187283463902], [144.68001970366643, -41.04957183738849], [144.72055568586057, -41.04840382011426], [144.76091854614845, -41.06368888292802], [144.8011056982352, -41.064006855651975], [144.7599026063284, -41.06385088286021], [144.71924745602269, -41.049203840030486], [144.679968604724, -41.04065283733466], [144.67426654113146, -41.080744877177246], [144.6645826083529, -41.120546846750166], [144.6731426217653, -41.162203837560746], [144.69485744303213, -41.19998083923568], [144.68596257997677, -41.24067683886512], [144.71355562060714, -41.27380285091119], [144.73429757238358, -41.30854785250641], [144.7589665637018, -41.340490834353204], [144.7809595946753, -41.37964085606141], [144.75882256500793, -41.41363184475271], [144.78528556591826, -41.4457008367238], [144.80856054733292, -41.478723838486594], [144.8382183580873, -41.506548820656356], [144.8596505292079, -41.54481285232768], [144.88405350974855, -41.58282885420183], [144.90065253186975, -41.62052085554371], [144.91500053392855, -41.662317846755535], [144.95467543788283, -41.64675982938246], [144.99310544269184, -41.62631086190309], [145.03405759568454, -41.61670488466348], [145.0705067061621, -41.63503858727563], [145.0052575713011, -41.61780865269007], [144.96400279703965, -41.63836463997463], [144.93047572088994, -41.66183695781045], [144.91565649908625, -41.701074347015364], [144.95494695929986, -41.716758629789496], [144.98843160896914, -41.746346892248575], [145.0078065303954, -41.78458383379038], [145.03589246105014, -41.814712865887934], [145.06756646145882, -41.84085686821392], [145.09504215206115, -41.872165710282516], [145.12444081263044, -41.90048603247064], [145.17388639918914, -41.928409876049955], [145.20257141959792, -41.95891488820981], [145.23524203494242, -42.02331703083692], [145.25197928694368, -42.06007683220495], [145.25330286187753, -42.01860484206923], [145.25170338664412, -42.06290888220128], [145.26399836842327, -42.10848389330869], [145.25941436096815, -42.17509188335394], [145.22450058320197, -42.213802741133456], [145.26808105201033, -42.23209181427015], [145.2901634819903, -42.19663361561801], [145.3117707921779, -42.16035234692982], [145.3519969523481, -42.1733876498182], [145.38677841235486, -42.196377142385124], [145.42858211482468, -42.18870972528356], [145.46967318545288, -42.1966566682243], [145.42824708485057, -42.18904172526178], [145.38457845261632, -42.197843212238595], [145.36091448287016, -42.23378519077406], [145.38946349329248, -42.263317392939804], [145.4229957430511, -42.289961415443805], [145.45388258298743, -42.31932255778053], [145.48109061161634, -42.36459962994789], [145.49419280400508, -42.32513499065868], [145.5267414527999, -42.36052578315488], [145.53669608571894, -42.399652784073254], [145.51306084606992, -42.43448932258881], [145.55619853702953, -42.43597984565383], [145.59358774746022, -42.45065451838931], [145.63497133035483, -42.440005771277484], [145.67696547851463, -42.46481013440901], [145.67822516283368, -42.50638534472485], [145.67386070830133, -42.5479649446386], [145.70723238765507, -42.576823617181184], [145.67029651828602, -42.553696084415094], [145.67221324378244, -42.508581464307284], [145.6748195289188, -42.46508720425721], [145.64174218934997, -42.43705665174409], [145.60152061629623, -42.44708136893409], [145.55474561675638, -42.44039666557476], [145.50901890668126, -42.43617842231194], [145.4580329073227, -42.434775418701825], [145.47532856909373, -42.47111710012006], [145.4758778135701, -42.51307726038646], [145.4602114725721, -42.46822341903719], [145.44763161136697, -42.419908557887425], [145.4307327797025, -42.381934606489935], [145.39027782927772, -42.37186122358884], [145.35505708950728, -42.348211520987505], [145.32037538922518, -42.327615728445586], [145.3175126251804, -42.28533577801477], [145.2714891646793, -42.2845664647944], [145.23705952439394, -42.26334217227832], [145.2206837028337, -42.222906070917595], [145.18596005348473, -42.194487648348776], [145.19069588681668, -42.23986002892554], [145.21373164734504, -42.27771599073313], [145.19554519590687, -42.31860063969168], [145.22318597561338, -42.35528210181334], [145.2355257080919, -42.39470072288668], [145.24330243143126, -42.434616243645124], [145.24005311691963, -42.47538364363979], [145.25997203827242, -42.51110536522173], [145.27627504970314, -42.551935016580245], [145.30143087039116, -42.58415543851194], [145.269327663152, -42.61441197643267], [145.3118158135691, -42.62064507943524], [145.3336423942872, -42.65775876116339], [145.3672429342871, -42.68138626364685], [145.37949805665528, -42.720834064719696], [145.38445252978354, -42.76601998531064], [145.41337354984262, -42.796340707507284], [145.42085659299414, -42.837076088252545], [145.43776451445908, -42.87558218964997], [145.46821820408786, -42.906377181963194], [145.49479300408416, -42.94042127402312], [145.50123798746415, -42.9806306546937], [145.54431162873863, -42.978459327733276], [145.5908832794485, -42.9750510010225], [145.61684093906848, -43.012527293069816], [145.6441550793445, -43.042761325177864], [145.68448789946393, -43.053525308115546], [145.67396148620278, -43.09464562758213], [145.7084780257818, -43.11847014017769], [145.74103926559494, -43.14351494264425], [145.76004659668337, -43.1802095242033], [145.7964401162989, -43.20049988692701], [145.8080449182413, -43.24220252798347], [145.82092762009856, -43.282425949124416], [145.84720549027278, -43.31405135118666], [145.88853268188186, -43.31153002415923], [145.92010798872334, -43.285675996308406], [145.8718296988638, -43.28604039281674], [145.9074950164479, -43.24833839519698], [145.9136501305513, -43.208470655431235], [145.92047698548825, -43.161369285675555], [145.92813215802184, -43.204645516460324], [145.9602152777241, -43.23077708892688], [145.97367938963723, -43.2693887901098], [145.98415748181637, -43.31056652108963], [146.01751784150022, -43.334512303644644], [146.05897742287348, -43.333549316663714], [146.06447242776434, -43.28937449683116], [146.07728971932863, -43.33119538798922], [146.1168619485447, -43.34884989097858], [146.14732433617712, -43.319315433055856], [146.18906069793962, -43.31519787610038], [146.22877917813454, -43.325528369079755], [146.2128977761596, -43.36404161811344], [146.17027841561625, -43.36077022496083], [146.13451601040458, -43.38086371244186], [146.1589487305163, -43.41504931441539], [146.13283004024413, -43.38461472233803], [146.10780910996863, -43.35240400033431], [146.06830852944353, -43.344188277401585], [146.02220286875996, -43.34730724405369], [145.98180241920855, -43.3333293810388], [145.99852646001224, -43.37475609247436], [145.95324603169357, -43.35937430910166], [145.9763771619041, -43.395212990971224], [146.00237329197014, -43.42754277303286], [146.02484918262917, -43.46087182484575], [146.0357572645601, -43.50270163586122], [146.03800595784688, -43.54795722626304], [146.07945636999054, -43.54095956925353], [146.11813997363012, -43.527452142014006], [146.1580232687144, -43.50174852480439], [146.18721328807993, -43.533684547117666], [146.2138846067044, -43.502811998918425], [146.26229468786096, -43.49252504243492], [146.277297828908, -43.53386899376109], [146.3178161799686, -43.53623444677193], [146.35309338528387, -43.5161978692824], [146.3915428751489, -43.53025749221336], [146.4443800428773, -43.537747996188536], [146.48450963439075, -43.53752279918409], [146.53167557525532, -43.53135133268209], [146.57699170509403, -43.535222016103], [146.55058462551838, -43.501178883940916], [146.58783352274762, -43.535551926919545], [146.6108146731521, -43.56873500882305], [146.65412615201197, -43.582364752158625], [146.6901369312883, -43.60386756499125], [146.7218808609026, -43.62925045752636], [146.76196164487067, -43.61193318047344], [146.80768088598128, -43.60622384391689], [146.8266291866399, -43.64307892555284], [146.86967333867534, -43.634883478791046], [146.92155505282295, -43.599222212568186], [146.88261117300405, -43.58595358952111], [146.88982908737154, -43.54513037985713], [146.93468126959036, -43.53326986322509], [146.9778882061376, -43.49400354632994], [146.9381024134945, -43.50126771331797], [146.97255002093794, -43.468624555785965], [146.93710969147685, -43.44744187295706], [146.905878731904, -43.42078592042599], [146.94760830115482, -43.434326663691806], [146.9895144914957, -43.440024206936656], [147.02184424851148, -43.4135647892812], [147.0460163782847, -43.379988250963514], [147.02423701862642, -43.340123189075044], [146.97881576826492, -43.33945174558127], [147.01192064471942, -43.315820097998476], [147.0538116158059, -43.3166694912272], [147.08880941224814, -43.290516703786906], [147.06438487235835, -43.25595184171839], [147.02465463426594, -43.23102021852559], [146.9881152558653, -43.20347643557014], [146.96891612552756, -43.16404433388587], [146.993012435568, -43.12864219554573], [147.0138922970067, -43.08820341693332], [147.04026124672663, -43.051840598766745], [147.03302370401352, -43.01140233799217], [147.04185731530663, -43.05944161893047], [147.01990234427075, -43.09857364745109], [147.006655621388, -43.13796405664384], [146.99136521913945, -43.17591334567233], [147.02471879871158, -43.200014018364854], [147.05944101856022, -43.22011647114592], [147.08119852938285, -43.18285804262449], [147.117829807731, -43.21058734560192], [147.09052309915282, -43.240265193651055], [147.13007119977422, -43.247906656748015], [147.16188418877573, -43.27784646937084], [147.2063099793641, -43.278605972821225], [147.24260600423773, -43.26164927555226], [147.26097861595386, -43.22350368677861], [147.24092625618434, -43.18194217499522], [147.24718572064003, -43.142273235269656], [147.25748926364113, -43.10680892588139]]], [[[144.67804666816824, -40.67178083510911], [144.67804666816824, -40.67178083510911]]], [[[144.66992665979495, -40.671288824559966], [144.66992665979495, -40.671288824559966]]], [[[152.93631125742223, -25.743579422248466], [152.92025042354902, -25.70632741034129], [152.87825327045414, -25.68366642596463], [152.90116772266703, -25.64684977795305], [152.87736169899188, -25.614075025311376], [152.87472132419074, -25.573355164717576], [152.9025786753106, -25.54157806723959], [152.90321422017416, -25.500961206973106], [152.9372334209049, -25.46751208010032], [152.89529788635184, -25.456364395820295], [152.8641236754869, -25.4886795129731], [152.82374229879667, -25.493990768993584], [152.86033551876625, -25.46463661240006], [152.89639365898114, -25.43376648574592], [152.91642617169006, -25.3952674274332], [152.91499124682576, -25.353988396953838], [152.90145523297468, -25.3140004052764], [152.85972618067876, -25.28368238086668], [152.82609033671898, -25.260578377328038], [152.77738737042392, -25.268982402553267], [152.72973348529612, -25.26685442780604], [152.67648047301395, -25.24548742235694], [152.63963949008763, -25.21613437847501], [152.61497447639354, -25.183262415771274], [152.56938120099014, -25.1816524112619], [152.60946501810122, -25.173399045147114], [152.5943195046247, -25.13088737330627], [152.55826225195023, -25.098477369488347], [152.52737256793927, -25.07304885624071], [152.50997437634004, -25.016241404066307], [152.49160433232964, -24.980488351969395], [152.4867824987046, -24.930437361086828], [152.48757842378714, -24.886742380807675], [152.47499041955643, -24.847989369254858], [152.46063140565664, -24.807790367516972], [152.42895426200567, -24.77936841417914], [152.39005844816415, -24.75832136019951], [152.34656432531375, -24.73246435573747], [152.30368041005013, -24.726683371506834], [152.24989349883285, -24.695033346011016], [152.20626838735944, -24.65719339146219], [152.14831055638712, -24.626546305591326], [152.1113605147548, -24.584352331669656], [152.07755543249155, -24.544915298079594], [152.04220851115053, -24.498600324288855], [152.00586361202357, -24.433664320253975], [151.98354365094877, -24.37405533761642], [151.96770363864593, -24.319745275646905], [151.94965359587758, -24.271185333513177], [151.932963651785, -24.2330153515966], [151.89990344899522, -24.196626268126106], [151.8863235256236, -24.149425316436147], [151.86901361265404, -24.1895862751093], [151.82340449906013, -24.170326280588906], [151.79311450685609, -24.126246267333723], [151.77415473346448, -24.083306265171505], [151.76689025899526, -24.04029798412447], [151.74271558560014, -24.00145630150113], [151.73492556175083, -24.041907261093037], [151.72226089852202, -24.080838510208668], [151.70456563477816, -24.03980728818765], [151.6730566533503, -23.989367304778295], [151.63139223823723, -23.979878650747846], [151.64683644146209, -24.027567272605214], [151.68066145517705, -24.055778736047895], [151.68247170956573, -24.104098736617875], [151.65195668580938, -24.073637283470465], [151.61823252161489, -24.049618970075805], [151.57779329571855, -24.046219006220447], [151.58009334092225, -24.087089126774572], [151.54542392118663, -24.11326930371362], [151.51853430783973, -24.076029300869145], [151.50106556349763, -24.03983020892387], [151.54439386976745, -24.037519072992623], [151.50773436541408, -24.01718917936605], [151.4675610916155, -23.99471918539643], [151.46588624728932, -24.03488424556966], [151.49379074113156, -24.06699931846198], [151.45548348597032, -24.055296274758856], [151.43157486209344, -24.020125232221126], [151.40686371020405, -23.967656239467743], [151.368494626931, -23.938787265630673], [151.33467866359575, -23.906616242198307], [151.32002363015218, -23.859480250438487], [151.277874634609, -23.853998256454567], [151.23968214153945, -23.822771062634168], [151.19282574535293, -23.826986098305824], [151.16452529138726, -23.7955551354156], [151.159411567113, -23.74759702454484], [151.13238697326673, -23.71384111175742], [151.12177128887305, -23.671390200422206], [151.0853679046831, -23.648387196859023], [151.04581078050236, -23.627848233029976], [151.0301975471121, -23.580069211192534], [150.97539872473544, -23.55539921593313], [150.96804860000813, -23.60510917566672], [150.9300938214869, -23.623151202322283], [150.9594186918501, -23.595319254791022], [150.95699877694878, -23.550289194196093], [150.9082997903946, -23.559049259789425], [150.86849869207717, -23.576749206281978], [150.84602470845152, -23.536469203888938], [150.80860169384223, -23.517746200308054], [150.85004062127848, -23.50687921401239], [150.84243778792668, -23.451494212857803], [150.81015157562481, -23.40683322953269], [150.7950218516276, -23.363523157790652], [150.79232187632687, -23.321942167199563], [150.76001077188823, -23.296917214040988], [150.79997760797846, -23.300161167719022], [150.82647580891037, -23.26945919988886], [150.8191656338662, -23.229288158886778], [150.7879378095914, -23.201689205802243], [150.78889790409593, -23.15876317553389], [150.7542936493113, -23.138582182206513], [150.7683048356646, -23.06742819289462], [150.77233794025395, -23.021052182877597], [150.77735779611533, -22.96190633284433], [150.79230786876298, -22.9247711739013], [150.78970794527504, -22.865733163172344], [150.79693961895214, -22.82525717349619], [150.81229076571134, -22.749182164265836], [150.82557081902286, -22.707238205131034], [150.80323063548892, -22.66450818273106], [150.7749148531295, -22.61543314973431], [150.78292379771676, -22.565631210049823], [150.7695677935023, -22.521766208463752], [150.75957094937647, -22.568865167944892], [150.74906792618134, -22.607588227310085], [150.70725969675405, -22.636183193739086], [150.7203676501914, -22.59297914457216], [150.70851318559534, -22.551430123145682], [150.6727235611805, -22.527530169690316], [150.65356339717513, -22.486140177603676], [150.69352279339103, -22.489659841265336], [150.72406255793035, -22.51668972427157], [150.7408869410656, -22.473368155442763], [150.7088268073976, -22.439238182236615], [150.68449693405267, -22.395678169658538], [150.6760459088876, -22.356508198562405], [150.6695320447643, -22.401009958342698], [150.6640927403799, -22.447120008234013], [150.62944789600107, -22.42170912487619], [150.61200276127977, -22.385530362991663], [150.64109676176935, -22.357299195394468], [150.60721681750127, -22.330019202093457], [150.5660868324305, -22.316209148253815], [150.53984355105914, -22.350640796169248], [150.536104086988, -22.392660826182773], [150.556424321294, -22.430570748336308], [150.5900289549209, -22.46404919165711], [150.54606974009857, -22.45043919756622], [150.57690457441925, -22.47953065059822], [150.5662552511433, -22.519480789968213], [150.5852854057623, -22.55523075198905], [150.5488062769822, -22.57346097884077], [150.5473667927339, -22.615161049058507], [150.54406631738107, -22.573540988412983], [150.51105072351146, -22.542060185168463], [150.47183195853142, -22.526210191499832], [150.43073186298977, -22.51725013772571], [150.40289736911998, -22.481261494923896], [150.35597283638234, -22.449980170452815], [150.3222127416675, -22.42681112723602], [150.28786862713466, -22.402292183960366], [150.246183991184, -22.39751117019953], [150.2093599460645, -22.380622646777315], [150.17483036148815, -22.356492883504057], [150.17864987544036, -22.314852923495845], [150.15464000092544, -22.281263111081802], [150.12557501689338, -22.247052118216455], [150.09815191355366, -22.204603125431042], [150.0811639091377, -22.163950133586965], [150.0533099244401, -22.134958110880785], [150.0050960176899, -22.14294307669045], [149.96399234798224, -22.174214513329932], [149.9435878660712, -22.21005310183391], [149.93277382284836, -22.25085455122376], [149.9157544903376, -22.289854570053663], [149.92695009381302, -22.344743141495353], [149.9399752970513, -22.400324163104003], [149.96309547940743, -22.455953895602104], [149.98203561342953, -22.498623747625842], [150.00402561753356, -22.537823579891057], [150.01052593245873, -22.581963490831974], [150.03060592696372, -22.618683352910175], [150.0467560112207, -22.661053194689547], [150.006666388979, -22.61922349080146], [149.98577638491642, -22.578823628623198], [149.9628364309162, -22.539443796274615], [149.92543692631543, -22.51807401280671], [149.8882673420901, -22.492744249331658], [149.8591372794706, -22.444684566377237], [149.82848177623626, -22.403833083352712], [149.78431594239365, -22.38031015929623], [149.77164664943402, -22.42037216852399], [149.74686402492512, -22.386984086084382], [149.73106402022668, -22.347764064380883], [149.68714401404446, -22.347114080553776], [149.64483994007955, -22.32297609667899], [149.59730033828927, -22.28145648221338], [149.58373019340934, -22.241756670708238], [149.56131506973222, -22.197446058400818], [149.5564849247051, -22.15162604760129], [149.52509946273716, -22.097527404440463], [149.51665905776125, -22.054087573349864], [149.51439412213963, -22.011866042801945], [149.48650382779027, -21.97845705011985], [149.46969291397522, -21.930157098269333], [149.46228301995146, -21.875917077178435], [149.4559430850014, -21.830087106249895], [149.43223313023293, -21.796998053935763], [149.43494216444168, -21.75195808379135], [149.47362088269665, -21.737157056992224], [149.45275098923227, -21.68830802478823], [149.43865086505858, -21.640878013179154], [149.45347997757335, -21.602878034134648], [149.480668978569, -21.5700581161977], [149.44265009974194, -21.589858103094834], [149.4157098959007, -21.549608020444303], [149.37603597068446, -21.533939926912165], [149.3965252128854, -21.49431991833507], [149.35570113537275, -21.502999104912], [149.3164365194205, -21.49441042148391], [149.27426194441807, -21.478480027752482], [149.29310108650307, -21.441250089046196], [149.33334204431088, -21.430099052388204], [149.29537091880127, -21.41573003902554], [149.3186099614054, -21.369559060621153], [149.29703013754536, -21.324409028399867], [149.2986699423793, -21.273279048109885], [149.2576900884019, -21.24527004438174], [149.2222909289928, -21.268670041567006], [149.19316224851883, -21.297920039338578], [149.20585118153448, -21.256110000064577], [149.2020320859959, -21.21311802937872], [149.19818999074909, -21.16708002866519], [149.1726411659776, -21.134110046220012], [149.21500809221743, -21.137886049847914], [149.230329017218, -21.073380020606923], [149.18672904448684, -21.034051016572388], [149.15916927971003, -21.00256100397025], [149.11551999319985, -21.002392070274116], [149.06444912994397, -20.9743850257251], [149.02214103159497, -20.99233304231127], [149.02880104494298, -20.951702992529732], [149.05979020495997, -20.925772004922514], [149.02904009007588, -20.89769300209469], [148.98864714376217, -20.89256401865363], [148.95119117834145, -20.87557404536559], [148.90413199113357, -20.88540403150537], [148.88483203612986, -20.848764039582118], [148.84481226674362, -20.87575403646652], [148.83816726178068, -20.827975635509553], [148.800997636194, -20.812285932279337], [148.8376370351807, -20.792385705165344], [148.79860737005367, -20.77329604175168], [148.77790833555534, -20.732109299681913], [148.739809269766, -20.719130986406572], [148.72198103486747, -20.679619004593956], [148.72698430820765, -20.639767004672805], [148.68687633314244, -20.620507981186112], [148.66205326832306, -20.5857550288388], [148.68374328996103, -20.550091010332384], [148.70957831162534, -20.510761992140274], [148.69711481656105, -20.468222030748123], [148.73646816222814, -20.48199996412752], [148.77587520039052, -20.469041957291704], [148.76776833509587, -20.425453966249158], [148.8085952225961, -20.418520019587387], [148.82386032781926, -20.456896011183826], [148.82424732389495, -20.498387001566908], [148.85556406908051, -20.523788964393965], [148.89378416433007, -20.54274602774782], [148.9038501674815, -20.501034008237223], [148.87473730285708, -20.467864035522382], [148.84681425840992, -20.43172498288514], [148.83959018273012, -20.39162801194319], [148.83008617825297, -20.340517010718], [148.79193229298247, -20.321256027377053], [148.7657401478202, -20.290953024942365], [148.7732882817821, -20.242327015157898], [148.73369071373924, -20.25376299196607], [148.69679220478343, -20.272847969068867], [148.68225038971522, -20.231746967516873], [148.6768403338477, -20.191686976729866], [148.6429102943748, -20.213877994112824], [148.64584033785505, -20.1739179940164], [148.6338304050182, -20.214408003367467], [148.61994015956938, -20.176688021901573], [148.5826513604731, -20.19762793900514], [148.57695111489056, -20.154497968170517], [148.56509128933263, -20.116118016869258], [148.56564029303968, -20.07545799656986], [148.52987142406377, -20.09374895378437], [148.4918161583105, -20.07891527053595], [148.4553021127561, -20.060588997389985], [148.44111412022386, -20.099950926562773], [148.47897206574208, -20.117488969810044], [148.4481323355994, -20.144578957514646], [148.41159342647433, -20.16537895470431], [148.36941330045835, -20.15694892119229], [148.3339762649546, -20.13724595814059], [148.30340440970136, -20.110659935430878], [148.27564324531608, -20.07208695285149], [148.23687535986042, -20.05439093956079], [148.25860929144125, -20.018815941019756], [148.2597602852885, -19.975428950745624], [148.22013428003132, -19.95603093737369], [148.17050538425408, -19.950670983319995], [148.11318428941124, -19.941353938624093], [148.08320615656677, -19.88680192575296], [148.0428364591965, -19.89129193255243], [148.0064271295147, -19.918332969866153], [147.9646714622813, -19.92255891656533], [147.92339638631205, -19.912210883186628], [147.88543730225877, -19.877452919872045], [147.85583340968583, -19.818777927024055], [147.84975627382892, -19.777138886189352], [147.84598414849893, -19.727553925470254], [147.80734539309213, -19.708134892243766], [147.76649835636766, -19.705467918990824], [147.75436524380083, -19.744878928366198], [147.763195319646, -19.784544909399173], [147.7726543252137, -19.826763910503676], [147.73208231746239, -19.8357819173768], [147.68341432143882, -19.832103943512287], [147.62858847953717, -19.78663089882112], [147.59340748696005, -19.731817935600656], [147.6018231799362, -19.690546895910618], [147.60432843326043, -19.650330925766575], [147.577873457895, -19.619695923436428], [147.55929025529304, -19.550496891397657], [147.53015155037912, -19.516694878836123], [147.50774226553105, -19.476304856746605], [147.47706738087908, -19.440547854055144], [147.46383124632533, -19.38873484258664], [147.4359093027863, -19.337469859982903], [147.40270039776763, -19.307710907154934], [147.42642726282884, -19.34500788931092], [147.45333150742414, -19.38490292173809], [147.42158636621494, -19.42588990962076], [147.35905541134608, -19.419563904724445], [147.31885854502477, -19.411050881547787], [147.27970029714805, -19.419806898603934], [147.23460524056006, -19.41861689512611], [147.18392550487758, -19.411611851179604], [147.13506127887433, -19.40679287740087], [147.0866650960276, -19.36425079334861], [147.05538712213834, -19.31900783058469], [147.04347403643277, -19.278400039335235], [147.0449466997884, -19.237312109099406], [147.0285347742552, -19.198414637523047], [147.00571132310785, -19.231757626072984], [146.9808734411544, -19.27651484456884], [146.9424698223749, -19.29535393182188], [146.88874357546493, -19.30531785785038], [146.84786555112697, -19.273259854501546], [146.80647043699264, -19.239059821102742], [146.77529031208374, -19.20508584847793], [146.7371004069154, -19.180262835410435], [146.69755261881548, -19.19201585255687], [146.65196248344364, -19.17605981902597], [146.59543715992638, -19.1471117545827], [146.55519580371154, -19.136530291512262], [146.52609848834962, -19.105602819099673], [146.4834204628568, -19.08820580580367], [146.44109039825457, -19.05947187244508], [146.41793560270708, -19.0252208104545], [146.38012664766495, -18.997640767448406], [146.35427151257687, -18.959886795236535], [146.32347449725893, -18.929246792726584], [146.29516050198836, -18.895699780377043], [146.27516149646516, -18.857793058599388], [146.276371219964, -18.8131631583102], [146.2854008528897, -18.76874321859228], [146.30185019683685, -18.70509327925275], [146.32117968888915, -18.662573350303145], [146.33968913066963, -18.62422340133026], [146.34240879422157, -18.57766360113445], [146.33588857826115, -18.53305387027982], [146.2948488931199, -18.508184147074168], [146.24146856810864, -18.492341773055017], [146.2035899621548, -18.474694720155924], [146.1733501163944, -18.447855007737704], [146.1591698714241, -18.396915296279907], [146.13710964568142, -18.362485684393572], [146.0951799806838, -18.33588608114321], [146.06935014496972, -18.304166369014528], [146.03644549980598, -18.271535746372773], [146.01819003438007, -18.229307134704467], [146.00761978902383, -18.17937748352293], [146.00615946271242, -18.133617713029892], [146.02443895465012, -18.093037853996176], [146.0410434273982, -18.043646754768485], [146.06591259882265, -18.00406672621928], [146.094327079286, -17.97376809800668], [146.09795153272145, -17.92697580786973], [146.11023622683987, -17.864108478220015], [146.10583598094428, -17.815618647490002], [146.1126226040117, -17.770808777597512], [146.1045355279139, -17.727938906649364], [146.1202845806536, -17.67973893737385], [146.1490533712047, -17.648538799184262], [146.1326796260189, -17.600958757596157], [146.09212364176858, -17.561559284336678], [146.06955408630958, -17.52237959237852], [146.0315995976053, -17.537608789782453], [146.05754420828532, -17.50712973138516], [146.06747385074976, -17.467249801758424], [146.06952347398504, -17.424079901537166], [146.06179328756292, -17.38463004064459], [146.0207635331673, -17.34674016737603], [146.00024863834687, -17.29708971548206], [145.98266878321985, -17.248819753811503], [145.9700936669813, -17.210651752586173], [145.96455319059962, -17.16845092182947], [145.94921322449534, -17.130691180411098], [145.91602881997466, -17.08701071767113], [145.89086346594326, -17.030171685393498], [145.8981942685862, -16.989755795569224], [145.927421719774, -16.950365867313614], [145.94429122208965, -16.906514968141074], [145.92819757622493, -16.865859756645104], [145.8975547958835, -16.89527427471484], [145.85339512981506, -16.88007667144668], [145.81210670062973, -16.903266828718525], [145.7832781899684, -16.93565386695633], [145.76244564415734, -16.897869775161524], [145.74484399925026, -16.845432583470924], [145.72443294354932, -16.805620951691747], [145.69535175763764, -16.775595759388334], [145.67100396204594, -16.73734267735031], [145.62912773705972, -16.705327724140034], [145.5902688507052, -16.688865741281063], [145.56498567570205, -16.643152749124692], [145.53087391021447, -16.611002676472335], [145.51291959406393, -16.574308684908996], [145.48988069804773, -16.539895733013402], [145.46769067212648, -16.5034056911611], [145.4422257859921, -16.4723570291307], [145.40825178044966, -16.440206706505503], [145.4198761136232, -16.387917266861052], [145.41817613740722, -16.33828735631824], [145.44926175905218, -16.290862698062593], [145.48890491772377, -16.276667260689642], [145.47035519187327, -16.235827459052278], [145.44492071599095, -16.200856736989937], [145.4456756494576, -16.153487746635687], [145.45882539175358, -16.11196780718999], [145.47689497334346, -16.076087838134466], [145.46362525710265, -16.035967936869824], [145.43958582115977, -16.00030807489871], [145.41439633585927, -15.95674823278268], [145.38212690015487, -15.924148380275197], [145.3568588041488, -15.889953708240325], [145.3731968262995, -15.847743699002894], [145.35190583049518, -15.807492687190559], [145.36813982254543, -15.766762707958083], [145.36128724640577, -15.719578877080222], [145.33806759043614, -15.682849035166516], [145.31275798452901, -15.646789163117358], [145.31642182733344, -15.605560693014079], [145.31071636100305, -15.559797662228437], [145.27202655455721, -15.5412773694166], [145.28339517696097, -15.499423509834944], [145.26163001089344, -15.462345698025306], [145.2472248446771, -15.421491676688179], [145.27685883575285, -15.383747688390663], [145.2980688375823, -15.34226069948653], [145.31366485049867, -15.29024669010789], [145.35452784913065, -15.277769702808229], [145.34485885292355, -15.233164701758273], [145.30984385282986, -15.261159689594773], [145.26703183560363, -15.255779686614655], [145.24823784982186, -15.212031684951901], [145.23537087363613, -15.169219683703423], [145.24666484697917, -15.114449694002417], [145.26686186846248, -15.078655695074549], [145.28900886979943, -15.04348569628722], [145.34735087088987, -14.984663689783181], [145.31459088495498, -14.953232687261382], [145.27309786830818, -14.93804068428661], [145.24444888190527, -14.909770682083245], [145.2188988856923, -14.876442670051008], [145.22971288809254, -14.835081690431368], [145.1865808701043, -14.839382677528445], [145.1425638830101, -14.831920684471541], [145.09721489717185, -14.807872671189292], [145.05777088984294, -14.800148658455425], [145.01342090379654, -14.778070665273667], [144.9822438874703, -14.749879662932532], [144.95132690126272, -14.719704660595832], [144.95044991429867, -14.677487660172439], [144.92374990829458, -14.64104665806817], [144.89689749187198, -14.610524816007864], [144.85328827401668, -14.612864913116606], [144.80946860733104, -14.598705140076875], [144.77737095187555, -14.558028657593843], [144.72718892461506, -14.55671579425814], [144.68440935714338, -14.5528259513989], [144.6651194810634, -14.511026179766695], [144.6251679348718, -14.486369636925376], [144.62179693791478, -14.444947636346551], [144.64041296140923, -14.380409647013233], [144.60012773456657, -14.365037584234484], [144.58374759801978, -14.327297912834815], [144.59102683127642, -14.274588342856864], [144.5773819647171, -14.234837631619524], [144.54483721810948, -14.209808889274107], [144.52373741192747, -14.169919127551575], [144.48493799246157, -14.191127625205493], [144.46487996100487, -14.227494624214282], [144.43667999044945, -14.256891622635848], [144.39898698141357, -14.271280620316308], [144.36013496211538, -14.290489617969309], [144.31876195316696, -14.306565615439098], [144.2682169765736, -14.294909612088045], [144.23918696027258, -14.262323619945287], [144.19537098259852, -14.261393597133477], [144.19850296830992, -14.322796617862203], [144.1803959767263, -14.360377607028935], [144.1511447262844, -14.389698595415448], [144.11254539576672, -14.427578563284582], [144.0606009659291, -14.465974600318376], [144.01866498712545, -14.48115760779589], [143.97532798888614, -14.489042595129781], [143.92966196163422, -14.48391660221357], [143.8814379842799, -14.482367589176679], [143.83161599888066, -14.452350575805733], [143.78356098446142, -14.405747572412992], [143.75013900011928, -14.345936569824232], [143.734089984779, -14.287295588326195], [143.71035002988185, -14.227791576345876], [143.69833302329633, -14.184781575233758], [143.69952902612485, -14.140266574925665], [143.69577200895236, -14.099656574344886], [143.6830580432212, -14.043804573080076], [143.66311203689955, -14.002622571495923], [143.62326703136281, -13.964736568717528], [143.607745044954, -13.921144577389443], [143.59994101792304, -13.881093576566352], [143.57598805205544, -13.835444564705346], [143.54741103553988, -13.803345562680388], [143.53421803865038, -13.76499756154461], [143.54204006097893, -13.722516561657617], [143.54642703344967, -13.680488561564603], [143.54947504634353, -13.632880561341713], [143.5609610488474, -13.584915561631853], [143.58609105023595, -13.54404756281935], [143.57893606339505, -13.500125562002948], [143.59676007624532, -13.442109562596125], [143.5850990597212, -13.396560571489013], [143.54011208466488, -13.352924558360735], [143.5216930894792, -13.291114556704038], [143.5174600858485, -13.194061555609839], [143.5080230887621, -13.155174554699464], [143.50648410386532, -13.075856543922049], [143.51170408678814, -13.025918553809584], [143.50409010963065, -12.986634563006882], [143.50090410340223, -12.929390552319067], [143.53258311564701, -12.870987543746242], [143.49047412812857, -12.862235551104755], [143.44935312084985, -12.848919538491351], [143.4051280416863, -12.867789885974915], [143.37549712107005, -12.899262554455735], [143.35302411479427, -12.856281532729739], [143.35770012812844, -12.799606542522973], [143.38211827012938, -12.74995043356794], [143.39490046198216, -12.711174454005537], [143.4187371831152, -12.676000615143693], [143.42575197548967, -12.633170535198625], [143.41497762843593, -12.593899044207271], [143.35920726239004, -12.570441180636596], [143.31587311517967, -12.556635517909449], [143.28952296861922, -12.52015142601265], [143.27562797171032, -12.480271634835493], [143.2762277043113, -12.437921824505862], [143.26613757745594, -12.394342003525285], [143.2249584603158, -12.377241990915827], [143.1949089933668, -12.349062058880685], [143.13801086609377, -12.345071575463797], [143.09100116826488, -12.343101932662487], [143.08126125200272, -12.288891971619236], [143.08605126465292, -12.242121901498827], [143.08760127709803, -12.201001871235617], [143.0787170700305, -12.159211520350034], [143.1119753208911, -12.1218525319942], [143.13650427198107, -12.08697355314638], [143.16193323356302, -12.043563514280672], [143.18059200504962, -12.006493485069452], [143.21013108573084, -11.975184576557647], [143.16919228761353, -11.97251453409791], [143.14751235177735, -11.919354512350864], [143.10947329417513, -11.906094539982156], [143.06648428511625, -11.920104547563161], [143.0220851060408, -11.93545449508049], [142.98071534805908, -11.930723472610294], [142.94861525105802, -11.903284550493424], [142.90932628349225, -11.890084518084436], [142.87308612657915, -11.863814495746617], [142.85309606972774, -11.825114494250615], [142.85403605213742, -11.784204533952192], [142.85798630602943, -11.716444533596803], [142.86134620840457, -11.674445493429422], [142.8564451711089, -11.632555542782915], [142.85217522404133, -11.58637554213606], [142.83723632778575, -11.53372554081427], [142.83967639014026, -11.49260553060054], [142.83296707392967, -11.433515499700825], [142.8682863054601, -11.384385471326379], [142.85479637847155, -11.342825460183345], [142.82370608224932, -11.299876468008872], [142.79465730585994, -11.258196465967577], [142.7884170886151, -11.215826455240604], [142.79599722070702, -11.175586455330622], [142.79275723341365, -11.132026464766568], [142.78673623610723, -11.09044745405901], [142.7651672189752, -11.055887462515255], [142.75075424175552, -11.018091491357612], [142.72777184475535, -10.98197774972253], [142.68693250670609, -10.97505771731794], [142.64979292016312, -10.93998791488852], [142.60930274204674, -10.933838272524108], [142.6165526242021, -10.892248472577835], [142.5766530966074, -10.876598540170713], [142.54265337639168, -10.902218508461548], [142.5157234254451, -10.93598862722757], [142.48931308412185, -10.976058976080232], [142.50039327607004, -10.935168876353291], [142.51795357787063, -10.892688616979735], [142.5184736304317, -10.848148706624324], [142.55339333059098, -10.822988708386058], [142.57985261167738, -10.787408949581467], [142.60161191288532, -10.75284931052076], [142.57021220568691, -10.724549448489867], [142.53690095824294, -10.701561756400837], [142.49821401878063, -10.716798984343232], [142.4460847206684, -10.7172689314072], [142.41629126951347, -10.75643746007034], [142.40189128746817, -10.801338459649715], [142.37692626612392, -10.840968478592355], [142.35369025465846, -10.881724477643807], [142.3185347744893, -10.907769405905482], [142.27337427578496, -10.914845463452469], [142.23351528700886, -10.919722471282753], [142.19364425878044, -10.914960849036035], [142.14352402917982, -10.941381466500411], [142.1259438375941, -10.981361675877864], [142.14473929362714, -11.039061467408187], [142.1515393108558, -11.083561428165542], [142.14930839827306, -11.130831498449442], [142.14512841595788, -11.174701458596713], [142.13359835416475, -11.214411448303794], [142.12680909138635, -11.268351508394241], [142.1197890770496, -11.350100468711037], [142.0973402225882, -11.445020418293787], [142.06726042930126, -11.524810457330265], [142.04319009652545, -11.591480476585769], [142.02471127390908, -11.651449446090947], [142.01215126178116, -11.698519465809355], [142.00190132913147, -11.75325944571984], [141.96197225700587, -11.820758454125773], [141.9520333746988, -11.869398504002538], [141.94782321236355, -11.914288424158292], [141.9409932897033, -11.966977494238618], [141.98862308600837, -11.996887467083068], [142.0122434026302, -12.039097448731637], [141.9669632943733, -12.0424174562943], [141.93235326425676, -12.070867464658752], [141.9307552218465, -12.115147454950742], [141.93947319903336, -12.158667465795595], [141.92085423350514, -12.093099444225697], [141.9159142159385, -12.053357453618355], [141.89998221879947, -12.014283452422145], [141.89261623159948, -11.96968445164255], [141.850448292565, -11.984438699493722], [141.82832845131767, -12.023828638639992], [141.7554177960336, -12.175788516028092], [141.7353975445602, -12.218198515320228], [141.70315731339338, -12.264848573998883], [141.67342677893876, -12.369528363309463], [141.64888640665276, -12.43090827252943], [141.61730605455205, -12.494858201400843], [141.59192647218057, -12.558948060604568], [141.62571641932666, -12.583247652598155], [141.66475579879898, -12.560857584478125], [141.69576557889766, -12.533787535896854], [141.74303544662467, -12.536547198442097], [141.77677535309104, -12.572926820557798], [141.8159152803657, -12.590226692806118], [141.86229454823024, -12.59103664531096], [141.85928005575485, -12.63772642554629], [141.86312017246513, -12.693396456227902], [141.82110028558296, -12.671796463779916], [141.79533529356075, -12.729126372883643], [141.77733587180876, -12.775396392311896], [141.76246642020064, -12.816596371865764], [141.73990704919396, -12.85345642097228], [141.6953677396156, -12.8830666088472], [141.65912842968535, -12.912266767167557], [141.62179896049514, -12.929116975330663], [141.5981895197698, -12.962347064363534], [141.5880401079568, -13.003997014180708], [141.61778019458035, -13.039946716058784], [141.61684065215852, -13.084706596388887], [141.62317113925994, -13.131836407124087], [141.64508142616972, -13.16891608860061], [141.66365171326916, -13.205315759895875], [141.69077183023438, -13.23662538160483], [141.6897323774042, -13.288495151989466], [141.65543905646518, -13.33527449056148], [141.63011914589987, -13.367654449491846], [141.6077192436009, -13.428965458824361], [141.57789002234165, -13.478225427664094], [141.52329024986298, -13.57211542558074], [141.5112403180205, -13.616525465322761], [141.50323032615975, -13.657665455249726], [141.49937004332986, -13.712705395512092], [141.4897202405996, -13.771245445500083], [141.47208022794896, -13.835765475119912], [141.46660029517005, -13.891475465302971], [141.47631915168512, -13.945899456271382], [141.5117802771901, -13.994535458543348], [141.552067112941, -14.033936440997378], [141.58738910839256, -14.083090443278035], [141.59909111498672, -14.133465444322404], [141.59491310256294, -14.180960464501764], [141.60249111924344, -14.233493445346056], [141.58313312648608, -14.301314444892894], [141.5638761652649, -14.341563534214016], [141.5505190938526, -14.379725453830195], [141.53158012100104, -14.44925345341678], [141.5347880670543, -14.517252494157965], [141.54512843391538, -14.563722115094142], [141.5549988008849, -14.608601745992539], [141.56325954602022, -14.687851107095176], [141.5680799930965, -14.735540697750784], [141.57525038032313, -14.778170378488198], [141.59027085507074, -14.857299839948057], [141.61657096034617, -14.915619441832526], [141.63398006735437, -14.95166046306005], [141.6644211026112, -15.005758735134691], [141.65955609009484, -15.055183465290373], [141.63496161940546, -15.09189873428934], [141.63859807652312, -15.139407474881297], [141.59602213622367, -15.187488783023301], [141.57971806439767, -15.236452452569713], [141.56960267184527, -15.292158732500873], [141.5451229209807, -15.332528871544739], [141.5331731487992, -15.38367884134195], [141.51495343730156, -15.429158890761645], [141.49762604566288, -15.47634647024374], [141.4730500445573, -15.521654469330318], [141.4486445810958, -15.609159018780467], [141.43468489921347, -15.657578978453145], [141.4239153460186, -15.726238858462152], [141.42019566320127, -15.780688688721572], [141.41575613028166, -15.837738468964876], [141.39646671795305, -15.900148368476652], [141.39088718547833, -15.950528178604833], [141.40391746213314, -15.996387849667276], [141.41736770889182, -16.039817540732155], [141.43007802555113, -16.08570722177949], [141.41237844455293, -16.122757211161193], [141.3877789039128, -16.161037240193924], [141.351089542932, -16.218857308761663], [141.3435300205305, -16.27025711879516], [141.32778048890222, -16.316907068363502], [141.30134105687438, -16.38275709753733], [141.28722153536563, -16.42567701716142], [141.30367187164495, -16.47405667841531], [141.2828523001639, -16.52408671775074], [141.25138280027303, -16.557716886401487], [141.23348323898887, -16.601186905837302], [141.22119372672114, -16.65608680565789], [141.20129414593288, -16.69310685493926], [141.16152487544542, -16.747726993347527], [141.12882532576904, -16.779747141936944], [141.09388581668614, -16.803757350350274], [141.07347647529988, -16.85284727971511], [141.03951727454412, -16.906547328430847], [141.0112278045045, -16.940707427277253], [140.97359834535487, -16.96982764561333], [140.9530889543492, -17.012747664931567], [140.95111945192758, -17.059547505217445], [140.95323016838188, -17.122037245838026], [140.93849095633914, -17.177267145549187], [140.92193149539537, -17.214637145022603], [140.90890193416047, -17.253147154683766], [140.9042823121249, -17.29616706480494], [140.89372279031764, -17.34227702465314], [140.88742313856002, -17.382296984665366], [140.8460341485075, -17.434277043018305], [140.81202410913613, -17.46483734157039], [140.76944441130746, -17.477687659556132], [140.73550500173582, -17.512207788154793], [140.67718574457896, -17.53264813543968], [140.644316285093, -17.564638284083035], [140.60409671642748, -17.590778482322705], [140.54488740915738, -17.615158819628224], [140.47918821206352, -17.6448591366771], [140.43862857476532, -17.64609939472476], [140.402139125972, -17.670599573164925], [140.33801986948887, -17.687239930222145], [140.29685032201832, -17.69281016830011], [140.2473408451164, -17.698490465989916], [140.19993128813562, -17.70297073377961], [140.15984148040144, -17.71240105196384], [140.10665251367473, -17.719801289523698], [140.04708382766125, -17.72188159675464], [140.00438456096595, -17.714561844707482], [139.95236505637044, -17.678192272001183], [139.94127464917494, -17.63751247115844], [139.9035550427264, -17.618082729261616], [139.84721579767174, -17.596033116496443], [139.8113961211973, -17.5742133646822], [139.77050689401182, -17.573623582815195], [139.73245728751186, -17.555183830939185], [139.69346788062245, -17.545864049100928], [139.6522383638492, -17.537224287173995], [139.61386865756037, -17.5145745652689], [139.58165843151943, -17.478034883532587], [139.53532828642867, -17.441345271171567], [139.49689806030318, -17.414775629251494], [139.45614797403084, -17.394345967285208], [139.41741785758316, -17.37458628542025], [139.34151841269454, -17.374566762097412], [139.30377847592902, -17.359867050335517], [139.24758823123727, -17.327277517637114], [139.20784747601274, -17.28211794555819], [139.18377638008607, -17.229188314095556], [139.16284528361055, -17.183308612826938], [139.14947471746768, -17.119188841735976], [139.1405645499298, -17.078678971027287], [139.1532641810903, -17.03544898122052], [139.0955545163891, -17.00283936849453], [139.05154471131215, -16.958429686267273], [139.04020457384576, -16.919209835469996], [139.00619474719014, -16.894540063834384], [138.9551552008961, -16.886230361621433], [138.9153855638232, -16.878830599897388], [138.84464619892117, -16.86797102686616], [138.78592657383285, -16.84356139424196], [138.74643685728614, -16.823591632456843], [138.6811673525583, -16.80015206959836], [138.62896760735416, -16.767922407216748], [138.58882822955144, -16.777182615667996], [138.539999482511, -16.78194294374073], [138.49420049559325, -16.779353231885427], [138.45060120868487, -16.773203500097914], [138.4027119323809, -16.759353808086804], [138.36212247581855, -16.74032409633131], [138.3148634887571, -16.74317436449753], [138.2729038524739, -16.719374632665637], [138.22678450593668, -16.707864930778737], [138.17569487013978, -16.686155268627193], [138.1357749038355, -16.65907552687264], [138.0822531690301, -16.616555804481262], [138.0472320028442, -16.578305982839527], [137.99990822728932, -16.543556320765617], [137.96822867031725, -16.518796029370737], [137.94055875333106, -16.4878762180814], [137.88570900853773, -16.445136605684393], [137.84782909263797, -16.40265690393265], [137.81406915654307, -16.35815717232347], [137.7898592193448, -16.325987351170514], [137.76885916225743, -16.28570754007322], [137.73955922559875, -16.24752779869008], [137.70292943866838, -16.227718037190236], [137.65344975254553, -16.207618355226938], [137.60493008639818, -16.18637867329978], [137.55882043980526, -16.172588931529063], [137.50732091331534, -16.164749239622815], [137.45409198732438, -16.14652366758353], [137.4092023502025, -16.1443043559785], [137.36963252362756, -16.118694914381663], [137.32102277737206, -16.099305612525917], [137.28552273103614, -16.059986100975994], [137.25442262472347, -16.012336319517157], [137.21535291750067, -16.00235685808931], [137.15794312224196, -15.969447595857421], [137.1195333751871, -15.953417974420047], [137.07763363828437, -15.938958372883567], [137.04018147144876, -15.914899821427758], [137.01193375424847, -15.885068870240532], [136.97950387712257, -15.860089238955839], [136.94586426840482, -15.881829908008237], [136.91620444911248, -15.913110277273201], [136.95096459613723, -15.936860168616768], [136.9088248388505, -15.933320917189928], [136.86879504175545, -15.920621515767222], [136.8229551653163, -15.899222044091937], [136.7836053174664, -15.906732712867196], [136.73757564963614, -15.925623541523308], [136.6960357325783, -15.914254090092196], [136.71466547270998, -15.877243400398102], [136.7014454748321, -15.839043129668058], [136.67466553749315, -15.809053228568649], [136.64542060030007, -15.778957347392792], [136.68912540831516, -15.759392378637793], [136.71392518794664, -15.726351789173105], [136.70188505000118, -15.687701758477377], [136.66015511286903, -15.677442427056128], [136.62382538422685, -15.701983196091334], [136.5849256557987, -15.725033955038707], [136.5437059477552, -15.741074643863545], [136.51311636056462, -15.712524662674628], [136.48490679324627, -15.6832546215585], [136.4539073060693, -15.654554540363574], [136.41207819952564, -15.62614437883986], [136.36627884270607, -15.613114557323877], [136.32644924546184, -15.601965236014335], [136.2902997985911, -15.572344864677028], [136.2704199609625, -15.535764813783059], [136.2591899730066, -15.493124643104448], [136.24155010548634, -15.44860454221784], [136.2250002477315, -15.409154511405665], [136.18331101078044, -15.39086500000872], [136.1400319739447, -15.371685608565006], [136.09787305702145, -15.352956237166152], [136.05364411047267, -15.325906645648315], [136.0181748032691, -15.30303698442796], [135.98153551591682, -15.286977333233077], [135.94975620853043, -15.262577722118516], [135.9127270015184, -15.235738240838055], [135.88323763436404, -15.198798619699412], [135.7997191106729, -15.150769436943408], [135.76076966363112, -15.127419935661074], [135.71778022665126, -15.109610374316429], [135.68730064938148, -15.076830773208657], [135.6559310919289, -15.051731082141119], [135.61232158443696, -15.051981220941913], [135.54756237909103, -15.020071608921384], [135.50292292256444, -14.988411927463035], [135.45582331638678, -14.948952335886052], [135.43114351887866, -14.910692684924928], [135.4154936408996, -14.870583034191837], [135.39622379366534, -14.810983433210076], [135.386943885853, -14.751503752494951], [135.42610349435415, -14.726303643335095], [135.45862317380545, -14.680973653844799], [135.49950280166294, -14.675773444900992], [135.5374724700703, -14.657113385779008], [135.5263026026456, -14.588713704935474], [135.54428246279014, -14.548683795105418], [135.56841221241962, -14.514983775493958], [135.59473192208551, -14.47607373590334], [135.6183717021519, -14.42869373617478], [135.6668512495268, -14.427533517499922], [135.67760108006408, -14.388853567490216], [135.70493078989344, -14.34360361788878], [135.72297058000845, -14.3061636780933], [135.7025407321337, -14.271353907248539], [135.74325462966976, -14.280226218453151], [135.77679997898878, -14.24177364908721], [135.81582950726317, -14.228953430084626], [135.84800895635294, -14.20132321077604], [135.88990840473642, -14.180122971800394], [135.8873985562443, -14.134333271363955], [135.89114863724433, -14.094303511152074], [135.91030828731243, -14.058083541411406], [135.913127988495, -14.013763721138792], [135.9388176088, -13.958583701436005], [135.96991716852312, -13.913653621973717], [135.99367677839246, -13.876933582367975], [136.0087664987843, -13.838133662495824], [136.00642630032146, -13.791583842055848], [136.01995590080176, -13.7527538121386], [136.04123544104965, -13.708593732405317], [136.06913494080004, -13.669843612910844], [136.02591515356025, -13.652043951506492], [136.01113557305735, -13.693543981408755], [135.97817607360213, -13.731604160758057], [135.93183640556015, -13.746064559538722], [135.89352640798853, -13.731074948322414], [135.9011760391221, -13.679934898132416], [135.86977600165784, -13.648945176989978], [135.84592581388054, -13.615185526043533], [135.83825548545036, -13.575355785508314], [135.86682509488273, -13.545445646079285], [135.85978471661124, -13.499195925509804], [135.85784408825998, -13.446836265036245], [135.89433379706756, -13.425155985900618], [135.91955412468573, -13.4624455469195], [135.96108389309913, -13.44557519797714], [135.97299340380232, -13.402315277974198], [135.92646368567463, -13.417735696759708], [135.92090542713774, -13.378100216283357], [135.87990545966377, -13.362128224985511], [135.88942747050524, -13.317784224901787], [135.91872346047558, -13.26988520535468], [135.9584874380864, -13.283842216607438], [135.97299844861712, -13.242233226692147], [136.00371443800682, -13.212161217338924], [136.03037144573457, -13.243795218366328], [136.038289424129, -13.28380222891755], [136.0489254548003, -13.244367218911325], [136.08499643360415, -13.225178219812214], [136.09456344439582, -13.183863229761338], [136.11510145454054, -13.146232210063042], [136.14848745211165, -13.172013221255478], [136.13704346142643, -13.212534211242529], [136.1528364191645, -13.260632222095827], [136.19601843742558, -13.247846223275968], [136.21464942772036, -13.208811223518254], [136.2398404474973, -13.17625222401049], [136.2178084296487, -13.141863223074541], [136.2527954285854, -13.12113223395599], [136.27058742654276, -13.158582224792259], [136.31619443428374, -13.159380226176504], [136.31138843612231, -13.108533235621676], [136.3130514573992, -13.065453225325248], [136.35618843572956, -13.0520522365278], [136.36374042406965, -13.092808237086338], [136.37158442231512, -13.135986237673535], [136.37030144089408, -13.182640218010006], [136.3872694187952, -13.222339218848548], [136.35795841921984, -13.254405238210941], [136.33191241937158, -13.290238237706317], [136.37367542726565, -13.291375228988327], [136.39860744752926, -13.244482229374293], [136.43695240607474, -13.23086922044389], [136.4767324042815, -13.225709241632325], [136.48057742538126, -13.185817231430034], [136.50164942577752, -13.14167123172864], [136.53646943475744, -13.120738222645448], [136.5515144152417, -13.083376232814603], [136.53062542753182, -13.044126231844643], [136.5081804497099, -13.010417230872937], [136.4711314220558, -12.9931062195832], [136.51948643027032, -12.976289220949587], [136.55984542868123, -12.965468222123574], [136.5633554172042, -13.005593222557675], [136.59677141644121, -12.979682243398615], [136.6331634140822, -12.998156224697132], [136.63931242512518, -12.957501234563244], [136.59788543802566, -12.929664233029522], [136.55902144040925, -12.913627231678984], [136.55287141199727, -12.873846231164972], [136.50970443425973, -12.867495239766484], [136.47973742661594, -12.838638228602976], [136.47279344833046, -12.795559228040057], [136.51663242591363, -12.806158229486654], [136.52899143665854, -12.765078239539859], [136.57630843432975, -12.768060241044575], [136.58512741228168, -12.81806923172598], [136.62168843984662, -12.839477233051317], [136.6143184317359, -12.792508232438706], [136.6146684330306, -12.752481242125949], [136.62127544425857, -12.70551823195452], [136.6627474421063, -12.71183322331908], [136.6821564225135, -12.671947223613289], [136.6929144334693, -12.627839233598738], [136.72890942323986, -12.584329224396424], [136.68296292515473, -12.590801192981592], [136.71614234455762, -12.562410833810127], [136.74497642414772, -12.534664244508898], [136.7255364162678, -12.497758233586437], [136.75802142578124, -12.467558224383557], [136.79543643322668, -12.492702245793486], [136.76085944371044, -12.5258182449475], [136.80042544251094, -12.507235236072704], [136.8496504323048, -12.446227227174052], [136.88347841177668, -12.416172248033037], [136.91280543155688, -12.383318238726265], [136.95173042017714, -12.3719832399143], [136.97858441997852, -12.342232240559186], [136.93781443134196, -12.356302249328316], [136.8943734429602, -12.36658323798625], [136.92654243234094, -12.341925228840672], [136.93059644357402, -12.300277238635113], [136.89971843590524, -12.272477227395916], [136.88027342823162, -12.229426226409943], [136.84166844047883, -12.213905225026384], [136.7963354434379, -12.185889233330439], [136.75915044578107, -12.165190231964596], [136.71135643719447, -12.186753240609196], [136.72259642528712, -12.229321241313965], [136.76270543331933, -12.234541232642297], [136.7417704630062, -12.272261232276552], [136.69860443451313, -12.285386231003141], [136.65728343677122, -12.273223229590986], [136.64103243886777, -12.231442218737513], [136.602596441417, -12.205962227318564], [136.58540045341837, -12.167927226469837], [136.5866954447185, -12.12604422617076], [136.58683446607256, -12.084066225834567], [136.54677944931086, -12.038404224210858], [136.53101546151487, -11.991355233337927], [136.49514246247102, -12.010518232379395], [136.45350246448882, -12.004441221044036], [136.4715684650691, -11.961381211252027], [136.51191147359424, -11.952511222428974], [136.55539947219003, -11.937307223659653], [136.5823614720922, -11.904068214233343], [136.5454504531322, -11.92146323322059], [136.50785347394753, -11.946994222258285], [136.4634654657971, -11.949601230906525], [136.42246545732215, -11.957846209712761], [136.39056047769216, -11.990272218999445], [136.36970247741053, -12.028294208671568], [136.34147344773254, -12.057628218051455], [136.3022434697291, -12.049015206795707], [136.26463146083046, -12.066933215809666], [136.24691546030758, -12.109167215620431], [136.21212647113737, -12.132316214769299], [136.1836384814968, -12.161898214161875], [136.21627746931253, -12.185623225323479], [136.26673845630282, -12.21002821702944], [136.31057645436817, -12.209166218342206], [136.3510874724241, -12.213368209603123], [136.36709345051574, -12.251251220396247], [136.34722745012746, -12.292041220122028], [136.32575843946182, -12.344220209892795], [136.31137046894494, -12.381616219759714], [136.28497246895765, -12.419761229271515], [136.25207544967435, -12.44510120848788], [136.22023147008645, -12.478977227808995], [136.18257146223903, -12.465254216577842], [136.15113945458194, -12.435825215410137], [136.10937648637824, -12.4396342142112], [136.06733844852792, -12.432219212921334], [136.04634247831922, -12.471072202622594], [136.00468646069507, -12.455662201290778], [136.00792145187214, -12.411381211027926], [135.9665704637286, -12.41250621984505], [135.97607648456307, -12.369892209775507], [136.00811947426584, -12.33106420038707], [136.008881485447, -12.290404200081674], [136.04283348463133, -12.266520200873172], [136.01435947683592, -12.235694209799403], [135.9947534666515, -12.271412209520772], [135.95460747877553, -12.260816208280977], [135.92837749104643, -12.22390920723341], [135.95668247062983, -12.195103207811417], [135.98050047059064, -12.160574218217443], [136.0116274902849, -12.124334218823074], [136.0280774906582, -12.087435209001638], [136.0011755009324, -12.118187198471672], [135.96646246185074, -12.139194207641742], [135.92900346282877, -12.162550196757355], [135.89610546359572, -12.186419216012505], [135.86673249574363, -12.157869194950154], [135.8380914961299, -12.18849920438823], [135.79933550724687, -12.209831203471499], [135.78045949705887, -12.245682203231867], [135.73286849792382, -12.29025319226595], [135.7034965101629, -12.258320201197407], [135.66556249276235, -12.226948189902272], [135.64964747453496, -12.189543209166297], [135.66013049518548, -12.149970189135619], [135.70061049404563, -12.126593200060189], [135.7299685035406, -12.098579210646161], [135.75871550313536, -12.068279211200304], [135.78740150280623, -12.035699211737782], [135.82121550214734, -12.007010202453795], [135.86036851117046, -11.981504203350864], [135.91259846953074, -11.959419194653714], [135.87272748103533, -11.96758121358807], [135.81474548322072, -11.979738212052816], [135.76536850469637, -12.003700200866158], [135.71943949635823, -12.016189199692835], [135.67666948772523, -12.034365208660876], [135.63582248876455, -12.06141719776035], [135.5987745098168, -12.08234519692065], [135.5514885116217, -12.092808205726994], [135.52049851384731, -12.062050194648343], [135.4928334841365, -12.096007204181241], [135.45273451540152, -12.11484619326639], [135.40650051782873, -12.101212191936996], [135.36623153004913, -12.08523718075391], [135.32723150103826, -12.112911189959965], [135.30533551071358, -12.161551179781618], [135.26906550184475, -12.180043188994214], [135.2264485035994, -12.185932177949631], [135.25994050149814, -12.208528188987353], [135.29775252915377, -12.23269019015413], [135.34696149698573, -12.230897191416338], [135.3128435177903, -12.258224190748537], [135.26630453077695, -12.224913179281689], [135.22284752257485, -12.23092218821694], [135.18279253440565, -12.22992318719057], [135.20295049255972, -12.265598197986929], [135.15952451494275, -12.249517176758454], [135.11687652698697, -12.244933195649395], [135.06695149891544, -12.257587194504692], [135.0146585421502, -12.223356182938979], [134.98496451476768, -12.172780171807354], [134.94773352709535, -12.146574180690356], [134.90555850884414, -12.15209716971261], [134.86349055122952, -12.131791178539657], [134.84084653335614, -12.086524177638472], [134.81125952557755, -12.049550166640795], [134.78246653768124, -12.015560175689501], [134.767558559308, -11.975670175021225], [134.7202875517699, -11.959790163787984], [134.67153655312944, -11.992615172917075], [134.6424375436052, -12.026651182516593], [134.60453554472113, -12.05047516183744], [134.52728154773928, -12.068105160226734], [134.48565654951534, -12.07133516931981], [134.44094854158885, -12.067613178297105], [134.40039054356643, -12.059930157342766], [134.36224355555714, -12.046790166404927], [134.3238075578174, -12.021947155374706], [134.28627056033434, -11.98332417426141], [134.24597256208497, -11.984570163410666], [134.25273155078446, -12.030170163914715], [134.21718055191394, -12.050631163321665], [134.1932545521002, -12.090980163135258], [134.18571755148446, -12.134835153322689], [134.16233956326212, -12.101045162565919], [134.1790035634033, -12.060183162592722], [134.18090955428696, -12.015488162280041], [134.15114055627046, -11.984577161413224], [134.15039256729779, -11.938353171032878], [134.1315625889456, -11.90004516033875], [134.09588857990414, -11.928419169824501], [134.06355557209915, -11.891690148870662], [134.0388965739417, -11.855303168080344], [134.00259659516968, -11.872323167478225], [133.95944556636647, -11.905646166872781], [133.9159275679613, -11.920930156125848], [133.87613358996214, -11.90841916524155], [133.84668356185261, -11.878679154430516], [133.8232315836268, -11.84129415367971], [133.85914959274405, -11.807501164114397], [133.90100458092408, -11.807664144938926], [133.92456358069907, -11.768690165098722], [133.8860815926592, -11.754059154222587], [133.84286760485506, -11.737608163246309], [133.79446757717992, -11.725590152213003], [133.77350358734844, -11.762711162101386], [133.7291305788443, -11.78426815142289], [133.68074461100278, -11.781067150482828], [133.66394658099182, -11.819336140467945], [133.6268986022492, -11.837831149921907], [133.56917458534232, -11.807264148617197], [133.5384135961206, -11.837056148289031], [133.5176915962778, -11.877037138226124], [133.52738059661343, -11.836421148083591], [133.52901360737735, -11.79176814776336], [133.48523659948762, -11.780387146883893], [133.43694360168524, -11.77469713597717], [133.39794160368356, -11.757671145155035], [133.35726260509105, -11.777336144597367], [133.3165215970262, -11.767829143817615], [133.31647560778416, -11.725211153483691], [133.34995260676106, -11.701685143878654], [133.3029256087364, -11.704399153088065], [133.26221563004708, -11.72964314259024], [133.21703461200661, -11.729096151822885], [133.17043462420943, -11.717900130957743], [133.13906360612873, -11.684452130178554], [133.11319960789874, -11.645290129449124], [133.09288961955633, -11.598132128750516], [133.07090264120055, -11.555523138062217], [133.06984863191028, -11.515442147732605], [133.03522761381822, -11.488315126965166], [133.0147806053275, -11.448635126329982], [132.98012761724283, -11.420080135559484], [132.95281463888563, -11.388885144888274], [132.92646262065284, -11.346880134151109], [132.8863786125037, -11.334994143440936], [132.90233864121035, -11.374959133997251], [132.90307163047788, -11.419331124354072], [132.85847064242523, -11.414119143630929], [132.81977462380797, -11.429355133164224], [132.7840546250017, -11.449143132783556], [132.76434064524247, -11.487711142790594], [132.73414365605686, -11.518111132581556], [132.69370862782543, -11.514214131961314], [132.6396006305925, -11.481570140929698], [132.6359846513454, -11.440561130559988], [132.60812164298858, -11.407912129911512], [132.57093664503734, -11.373504119122607], [132.53281966710443, -11.33973113833199], [132.50573564867088, -11.308275117716374], [132.50118865941857, -11.268335137344744], [132.4667496711945, -11.24261112667813], [132.436491642864, -11.211570126031456], [132.4221026529339, -11.249665116134697], [132.40388466313695, -11.289945136204928], [132.37774566470853, -11.253441115578267], [132.38304064509947, -11.20823512529785], [132.35731365674982, -11.163560124615882], [132.34420665786104, -11.120130114109653], [132.3220816682795, -11.1565121241057], [132.28308065968292, -11.170804133718097], [132.26741065983666, -11.20833312380987], [132.28103665874954, -11.248945114296198], [132.2505956603492, -11.222053123704217], [132.22587665179466, -11.188322113134694], [132.19102565373262, -11.147678132389848], [132.15428267548424, -11.127169121782998], [132.16442967456322, -11.167919132220854], [132.186142683216, -11.204534122768905], [132.18463267274106, -11.247185123079626], [132.19595464178556, -11.285886123517573], [132.17327968225095, -11.323500113529505], [132.2117166608493, -11.308256113885037], [132.23764165934585, -11.341675124465844], [132.19744965088967, -11.351758124044396], [132.1988076702462, -11.398052124418374], [132.1587386618993, -11.39994011394171], [132.1540236625943, -11.360065123576863], [132.1464096534183, -11.319335123170378], [132.10682865493354, -11.329734112774572], [132.11444266512842, -11.288136122544898], [132.107957675932, -11.244447122130502], [132.07606667765378, -11.210684121491779], [132.03819467941304, -11.193469130915545], [132.01787068072764, -11.152723120366183], [131.9816456724569, -11.131128119784796], [131.9892146816468, -11.174029120201455], [131.98530867132078, -11.215563120476723], [131.9617036818536, -11.253202130498474], [131.92360268360733, -11.237221129948026], [131.90167567490602, -11.202261119436015], [131.87785767550207, -11.236204129435308], [131.83194366752255, -11.224395108846947], [131.84730968646858, -11.262460119304954], [131.80600366813147, -11.266376128892285], [131.77747066898064, -11.296944118825397], [131.81129867733827, -11.31889310935191], [131.8516126758944, -11.298136109625627], [131.89163667407277, -11.312544120173332], [131.93107967229415, -11.324883120705694], [131.93100367182558, -11.36597412102083], [131.9660826606299, -11.342915121238347], [131.98361567944747, -11.381532121734839], [131.9442176609803, -11.391413111364592], [131.9860876791014, -11.402218111922219], [132.02774367709404, -11.42422612257128], [132.0556366755741, -11.453172133119605], [132.04188866569433, -11.491403123253006], [132.06610367427754, -11.523844123786743], [132.10626465248168, -11.531347114321278], [132.14602867097125, -11.517119124690591], [132.18210066975183, -11.49263213494215], [132.22020166850785, -11.46400312519243], [132.26496964668476, -11.459153125716504], [132.30973864477485, -11.461051136301363], [132.35504164313116, -11.441355126734964], [132.40173364098482, -11.45494613745312], [132.45699963862793, -11.457277138209047], [132.49182063678475, -11.48429912889001], [132.51301465538884, -11.519885129455337], [132.5383756538201, -11.55468613007426], [132.5460196328625, -11.599044140523697], [132.59789963003539, -11.641281141576492], [132.55641165188186, -11.636543140958516], [132.5057526540507, -11.636704120260115], [132.49958863369977, -11.680402120513866], [132.53074664194574, -11.70940513116665], [132.59283463896642, -11.729990132192286], [132.63426162734595, -11.718300132689036], [132.6214896573383, -11.756528122803353], [132.58695962849322, -11.7802011324984], [132.61886562669403, -11.808330123167305], [132.6435996351027, -11.843082133789283], [132.65533120389716, -11.889801514319485], [132.63825964383085, -11.945188134503574], [132.62776265369564, -11.985925134668957], [132.62228462325334, -12.032565134951794], [132.62258965264738, -12.072838135267723], [132.57718062420233, -12.105852144880282], [132.53311066607998, -12.113059994320638], [132.48279114799934, -12.137489493816902], [132.4420215597134, -12.146459253333111], [132.41759157014135, -12.19531904338198], [132.3894017408576, -12.236398853323273], [132.3587822227103, -12.202658732659403], [132.31513183458074, -12.211038102155298], [132.27367137638493, -12.217147431669813], [132.26173131750198, -12.17341726118132], [132.22436079892097, -12.194556640872412], [132.18632097042982, -12.211616340529732], [132.15547165149522, -12.23829643035502], [132.11139242310043, -12.270796320069044], [132.07390305459234, -12.288966169759517], [132.02117413691633, -12.296706309197624], [131.9677156595391, -12.282356838470106], [131.9239668617749, -12.262507177821963], [131.90423752311764, -12.22433723730871], [131.83010810626246, -12.245246986653735], [131.78754852805116, -12.259376866304548], [131.72803893058514, -12.27694695581253], [131.6854590124836, -12.282007285412435], [131.64022909454076, -12.283697664967896], [131.58805960696105, -12.2810778944313], [131.5480811188238, -12.278197854021455], [131.50446286077116, -12.28368791364796], [131.44518474352432, -12.280297753070954], [131.4000938857401, -12.264536762542038], [131.3494233483826, -12.229135701823912], [131.32277356991858, -12.193415221320878], [131.3228438703271, -12.147225050970462], [131.31579411107742, -12.09867507054077], [131.29844450220983, -12.058855060089755], [131.2705644131209, -12.098254990153494], [131.25082422368794, -12.1359248902747], [131.24624409352637, -12.178974950563505], [131.25088394296262, -12.220015050913583], [131.2143842344845, -12.23712513074255], [131.23362403327724, -12.27551522119171], [131.20979432467334, -12.23962513072408], [131.18774427599624, -12.20184502025903], [131.1575640276418, -12.168824909767842], [131.11435445955541, -12.175035059477114], [131.07623469141586, -12.158745139062438], [131.0306151035807, -12.14642528862893], [130.99597550498618, -12.168635428544679], [131.00468553428743, -12.20906541891352], [131.02744558282333, -12.265045439503266], [131.01489579309938, -12.304725479711394], [131.05162585119976, -12.331645440186366], [131.0204360124235, -12.360185670171344], [130.98280590430218, -12.341855739759804], [130.92339584702793, -12.344795849363603], [130.88293577891307, -12.342835909072617], [130.85294293008744, -12.37395408910721], [130.83772929053816, -12.411597349290982], [130.82185160101727, -12.450368539479786], [130.86461642907057, -12.44284634970435], [130.90708661693145, -12.464806530157231], [130.87032601852448, -12.483147290046444], [130.9132167565062, -12.48422674034588], [130.94193707488708, -12.521787070828902], [130.90134714677367, -12.525037210572329], [130.86288694873716, -12.502847030145267], [130.8795373676404, -12.547897530596607], [130.91732756563684, -12.578777751087541], [130.94844772396468, -12.606167881511432], [130.90054782622676, -12.607518091188876], [130.9044882557233, -12.652008521551313], [130.87047806756004, -12.62089836108592], [130.84980771883014, -12.578907990631688], [130.81032768079288, -12.564737890266997], [130.7856480617309, -12.599458320370601], [130.77856775233042, -12.559127920022192], [130.74589810370816, -12.58499824001307], [130.7677177228942, -12.551217849894455], [130.77848738265817, -12.509537369648283], [130.73824762449658, -12.51794759946146], [130.75739728382536, -12.482217159310629], [130.76734623361193, -12.443115409078143], [130.72604713563675, -12.427917128709412], [130.68383755767795, -12.416097608368258], [130.64747807950687, -12.393418247986677], [130.60689870138032, -12.395828707776152], [130.6176382406032, -12.443728058196008], [130.5809687022106, -12.4626285081356], [130.6041086409294, -12.497068458521428], [130.57756909199549, -12.5291789286169], [130.56931936214457, -12.57200923889374], [130.6036291703698, -12.598309139279152], [130.64412942829753, -12.62378925969908], [130.60719931016587, -12.604299199343988], [130.58964077075638, -12.646910119566702], [130.54991026281988, -12.616089879120446], [130.57341112149984, -12.652230329517952], [130.61211125951323, -12.676610439914334], [130.65540098735082, -12.692270320278405], [130.69703033533722, -12.695790000549593], [130.7387702332457, -12.710529950913374], [130.6985009550711, -12.727360480795628], [130.6495616075058, -12.713070730400888], [130.6346429279468, -12.759411470663244], [130.61031261933425, -12.722261270246916], [130.56992409115153, -12.743762040185691], [130.55986268185242, -12.704871139839675], [130.5114243341448, -12.710242149624627], [130.52088524347377, -12.750462629975168], [130.50486459444303, -12.713292279613691], [130.51358305426933, -12.667751419317279], [130.4717239063579, -12.650451888975002], [130.43407481822598, -12.635902398681322], [130.39358643002714, -12.662273258686987], [130.40411674933338, -12.701463489029518], [130.36841709114995, -12.679033458696711], [130.34631784203987, -12.715213538867928], [130.35336814149906, -12.758733539224824], [130.35419818126087, -12.801233269546266], [130.3475484013649, -12.848152969867126], [130.33824871162358, -12.890102760139149], [130.30288952323062, -12.916573000182675], [130.26084042517897, -12.941913450195427], [130.22142111708112, -12.94933378009233], [130.19159141865165, -12.92225364977508], [130.15137215058348, -12.931974009698084], [130.12924275154054, -12.966564609876393], [130.13020321126433, -13.02870540034236], [130.1220936015217, -13.067945660605728], [130.1340636607811, -13.107465380942195], [130.1174141514743, -13.144685361160148], [130.15382373954512, -13.173644931506074], [130.18863342766565, -13.207914421891347], [130.22521303565713, -13.249183612341234], [130.19082375681006, -13.394195123285458], [130.1575149883236, -13.442703143520118], [130.1172655603028, -13.465863533546274], [130.07196647254602, -13.490363973572245], [130.0192778451356, -13.528814523687085], [129.95684890834278, -13.535795183552455], [129.91509945055765, -13.516195653292204], [129.89987942144785, -13.477875952968535], [129.86412008322944, -13.50123616305124], [129.82357062530818, -13.506936492997827], [129.83229084473805, -13.556656173385289], [129.8143214955307, -13.616125993783777], [129.79017206667595, -13.66689596410576], [129.78401225688052, -13.720135784485564], [129.7851022967162, -13.768165564842251], [129.76235268782577, -13.81135558511339], [129.7313633094123, -13.839635835260761], [129.715533730178, -13.878865935520132], [129.74263366866055, -13.914105625831231], [129.7463939683454, -13.96902551624319], [129.72479447943087, -14.006865656479924], [129.6808952317565, -14.02972605656908], [129.64088587388952, -14.047186426632605], [129.6039762359111, -14.030046766452955], [129.6062065257298, -14.071866726763266], [129.56716091783136, -14.083845106800318], [129.5567212583259, -14.142145247215673], [129.53224117970137, -14.106375386925661], [129.53803080943683, -14.062535086610238], [129.4980711216038, -14.060625566556078], [129.50248135132406, -14.10200555686366], [129.4879016820798, -14.1418656171426], [129.4642520933316, -14.188375747463697], [129.4311125351207, -14.226375927718268], [129.41258283611648, -14.263626047979622], [129.39352330713947, -14.316806148358506], [129.37390364820914, -14.354716278626782], [129.3597739489797, -14.392546358897816], [129.38857393736083, -14.421566179121916], [129.42073394554674, -14.449916019346935], [129.44664394407283, -14.480845879590753], [129.4647536030906, -14.441795759319254], [129.47747381233003, -14.495385709722006], [129.49891351116122, -14.460855569489107], [129.48824383171754, -14.503325629789769], [129.51936383992503, -14.54250547010731], [129.5602896076031, -14.5540451602389], [129.6101692647677, -14.56804518040876], [129.65379888228352, -14.579684960561831], [129.70490843942946, -14.562114860522883], [129.76261789621182, -14.544564720509056], [129.74120826734455, -14.579114710718327], [129.692388790039, -14.612774740871346], [129.63678922319366, -14.610594900760908], [129.58688390601836, -14.6129551207048], [129.589199905817, -14.661244911061466], [129.62351972381978, -14.688774651312892], [129.65377949203526, -14.722404321607472], [129.6726494508856, -14.760744031920474], [129.70990937871247, -14.778773912120803], [129.751499296305, -14.787423902267541], [129.7859190843799, -14.765194022179129], [129.75414934611803, -14.803023802387472], [129.79177938390802, -14.82182374260774], [129.83594931138555, -14.813283832649667], [129.86835900962166, -14.7761939924594], [129.88556926852732, -14.813883862781621], [129.8461593807543, -14.829673772795342], [129.80254962319876, -14.858003602897828], [129.76350958548576, -14.844283092709869], [129.7109686785022, -14.852343142661784], [129.65833959157112, -14.836333482449254], [129.6175697439409, -14.825523522304628], [129.58289471597752, -14.79954517206462], [129.599379824943, -14.856113162501416], [129.55656576744877, -14.832555112271457], [129.5062258804009, -14.788755081893854], [129.52470575928152, -14.837055112266537], [129.54553571802612, -14.878695152594982], [129.5705658165217, -14.918075102914424], [129.59023584531357, -14.96207511326285], [129.62058052350037, -14.989392823507425], [129.63526074256873, -15.032842753848216], [129.6416211321155, -15.079012684195986], [129.66890141043828, -15.117882704526695], [129.62973169271342, -15.138722584612808], [129.58932199507848, -15.153662504660524], [129.60281159434234, -15.114432584393846], [129.57937143577774, -15.078292614096418], [129.53763124828907, -15.033862643718408], [129.51410659971427, -14.993785573399103], [129.48248646161497, -14.941045752982141], [129.435326244375, -14.921376762798948], [129.39361557680502, -14.911088502696906], [129.35973569878234, -14.88827839251435], [129.3227359009336, -14.863858262324404], [129.2670992841529, -14.864872242324827], [129.228436666386, -14.83935863214235], [129.23205672618576, -14.896338912556127], [129.23233825617697, -14.947539012928281], [129.23835728583222, -14.998718783299504], [129.26513740426552, -15.032888953546609], [129.23649757594904, -15.067775883801403], [129.23515758603253, -15.10857282409783], [129.2203081469158, -15.149020094393512], [129.18662872891719, -15.173898724582063], [129.19458816843095, -15.125586534229216], [129.17761803941957, -15.088906263968484], [129.16967782986507, -15.035808993586175], [129.18579772890635, -14.99854925330979], [129.15817876050784, -14.969299473108332], [129.11138847324352, -14.976239993184754], [129.11131897321934, -14.935839692891703], [129.07198051547206, -14.893569672614566], [129.03167082780334, -14.886389702599791], [128.98865179028687, -14.87738313258213], [128.94363579288876, -14.87248512260508], [128.8996547954089, -14.85566912254898], [128.85958169773915, -14.861699462659706], [128.81652280021143, -14.851574132666366], [128.77234980273917, -14.839174132667114], [128.72880479523727, -14.831421142708503], [128.6965598270363, -14.806966132609457], [128.6544428094324, -14.795317132633452], [128.6120768218578, -14.79012914271251], [128.569823834281, -14.78683817281271], [128.52848397663828, -14.779948122891843], [128.48513380917436, -14.791367603116957], [128.43640397206096, -14.812137183436596], [128.39343497451014, -14.804436153539946], [128.4274838126869, -14.8410471736766], [128.4595637309831, -14.882168153857775], [128.47002306053548, -14.925928074135982], [128.50779241850182, -14.973728154352722], [128.51632217813744, -15.01292837460674], [128.4982524890621, -14.974498104389673], [128.44319330206312, -14.91669794416357], [128.42167363318023, -14.881717453989932], [128.4192235335006, -14.927707834329158], [128.4380331125819, -14.974438144596636], [128.4085935341874, -14.94496790449222], [128.37977393570714, -14.905207404315492], [128.3551241373058, -14.94490776469609], [128.36731396675836, -14.984728124934039], [128.40399347475235, -15.020308345049946], [128.35811406732373, -14.991258195016743], [128.3641240171761, -15.040848425348829], [128.32805430900993, -14.974087975013417], [128.3230743591246, -14.933157454740243], [128.29250459105563, -14.9667377951075], [128.33120440908746, -15.03538845544002], [128.30729447031342, -14.99458823524533], [128.26547484270753, -14.982568005336116], [128.2281751349875, -15.003138435647488], [128.19907561702266, -15.070789036263442], [128.2100558065762, -15.112399086510706], [128.22404607600123, -15.165429206826646], [128.239596645462, -15.247509817344197], [128.2781164033008, -15.278540057399645], [128.30076633212548, -15.319710047599266], [128.29230698282788, -15.363660777948503], [128.2975774027006, -15.406961288236062], [128.2981075628774, -15.454541068573796], [128.32813732120775, -15.49040022870805], [128.29227760325455, -15.459841078635788], [128.28930759325607, -15.419491448359924], [128.2807573635657, -15.373021258063751], [128.26335722440066, -15.325981067801623], [128.23837736572926, -15.289100877646737], [128.18817737844125, -15.228770097442526], [128.14410787092206, -15.199859867444362], [128.11003891309474, -15.227370347807392], [128.12529927245134, -15.278711058098326], [128.12808940255002, -15.330021668450579], [128.12471896298797, -15.375341868790107], [128.11867857356222, -15.415561899106308], [128.09874859501736, -15.462521989539425], [128.06812892703766, -15.492061989904457], [128.01842929011787, -15.501762060233151], [128.05241888792452, -15.4794819898959], [128.07736864616095, -15.433881819443197], [128.08936871520055, -15.390291509072044], [128.06713940624317, -15.335311138793553], [128.04721018722512, -15.296270868618825], [128.09278981441034, -15.281011008276131], [128.08357959474753, -15.241210518038992], [128.09161853399115, -15.189580047630123], [128.0809173143604, -15.140160127331955], [128.07870669422124, -15.090319886987684], [128.0991660728207, -15.054089656625278], [128.10007576253838, -15.011139486314041], [128.11430551146088, -14.965008805913316], [128.11774527103557, -14.922307405591086], [128.13910498952555, -14.870755435117372], [128.17036501756436, -14.841274624755979], [128.1752152770364, -14.791794544378831], [128.18269551640157, -14.750795104049976], [128.22498576395208, -14.746664403825275], [128.2058456048691, -14.709184123644087], [128.1611457374228, -14.70799559384594], [128.13091577892533, -14.664126123679097], [128.08679546130685, -14.638966603721208], [128.05339467301891, -14.604800333650697], [128.02056489472446, -14.576961313627383], [127.97819482714672, -14.580491113886415], [127.93432594950272, -14.559031173983433], [127.92927478944353, -14.502840123611472], [127.88723577173077, -14.489970113768528], [127.84565577399101, -14.477660183934502], [127.8197660352005, -14.440560113831728], [127.82325587471496, -14.396850093497854], [127.78647573666173, -14.380940163619089], [127.78149585665554, -14.339320103354469], [127.7626858774517, -14.303171153219473], [127.72738679922045, -14.276522143264254], [127.69916675057065, -14.24720312324695], [127.67387674173467, -14.215523113195978], [127.65253702265703, -14.181493143103225], [127.6187067743114, -14.154693113153868], [127.5801068262686, -14.134373083290937], [127.54521673794002, -14.104434153338186], [127.5085067898087, -14.087814123499653], [127.47755687128532, -14.062295143558607], [127.45447690225652, -14.028225123498455], [127.4596969116431, -13.988455093174291], [127.4249867933346, -13.96668509329716], [127.395576964687, -13.939465133343129], [127.36179672631556, -13.917805093468962], [127.32186805843303, -13.91468616378387], [127.34814696731743, -13.94825517379962], [127.30560792965935, -13.953846144200975], [127.28277780057442, -13.919246094152886], [127.2451077624492, -13.90312610436929], [127.22639786378963, -13.939006134790136], [127.19140874586935, -13.959586165251293], [127.19296791533766, -13.91257610490417], [127.15764901743958, -13.933716115377454], [127.14389881855766, -13.972517185779449], [127.11394895990661, -13.945377145867738], [127.10085900021915, -13.905877125712113], [127.06058906240197, -13.907907176111989], [127.07666881115534, -13.86979713568773], [127.04235903274163, -13.8452671658461], [127.0060789444568, -13.823768156050663], [127.00237777423192, -13.7831281158002], [126.97303706547575, -13.753158115881622], [126.93196792752698, -13.741408166215367], [126.89758897961865, -13.766338156745748], [126.85132793198385, -13.75819812717331], [126.87222878127555, -13.794648117210091], [126.83770876334958, -13.815958137724925], [126.82099990382889, -13.77927513764481], [126.78083592598956, -13.781590138094874], [126.75759075766763, -13.82006915861991], [126.77281983732009, -13.860709108739185], [126.80156978613843, -13.892279128649507], [126.82455003532237, -13.929519148665046], [126.86276977346503, -13.94762813838758], [126.89557984197582, -13.97330811822598], [126.84512976469712, -13.972969178752143], [126.80872082689238, -13.993259129283214], [126.76971086886962, -13.981579119623396], [126.72712392136702, -13.998347150209838], [126.74833191063145, -14.034100130226816], [126.72314202236153, -14.065190110723613], [126.71755194314652, -14.106350161074777], [126.67584193530546, -14.09626017147168], [126.64961306715851, -14.1314111220162], [126.65142281756283, -14.173441122290258], [126.60965308992728, -14.179161152810348], [126.6053640508174, -14.232861173236188], [126.56500410284657, -14.216751103594898], [126.56807310215645, -14.174591133263652], [126.53786299347357, -14.147142133428865], [126.4991629953817, -14.130272163774487], [126.51196274419816, -14.091992183352549], [126.47023408664836, -14.105482113952005], [126.46742394627498, -14.064362103698734], [126.48742302472918, -14.028462193204208], [126.5155418927838, -13.995212142632088], [126.54339183085337, -13.961311112061763], [126.50001184321266, -13.962692172591456], [126.47875205481627, -13.998402183099202], [126.43837301679991, -13.982712133484382], [126.40766286887275, -14.014182154085528], [126.38940400035335, -14.051422174574194], [126.34913406248712, -14.047153115053273], [126.34509486324467, -14.0873831153855], [126.31522603530156, -14.119002185988414], [126.32669598526016, -14.162573166145043], [126.35710592394562, -14.189253125943688], [126.31964790621731, -14.204853176530206], [126.28055910856119, -14.218753157132005], [126.23577905111168, -14.224524117758708], [126.2480579398967, -14.185623157326164], [126.20760799209975, -14.18401413785026], [126.20905700140095, -14.139754127522915], [126.20929604077942, -14.096254147216897], [126.16571588341452, -14.114225157926699], [126.1918648013095, -14.066255177240983], [126.1519851236365, -14.077086127854276], [126.18869504119765, -14.04604512714279], [126.22507410897404, -14.028435186534796], [126.1869738807486, -14.007525136897698], [126.14837396299906, -14.018586137496321], [126.177203811002, -13.987975146893005], [126.22103381862857, -13.987894156305961], [126.18449381037507, -13.97149515668011], [126.14715391279218, -13.999446177379726], [126.11242398506029, -14.026236128041125], [126.13509391334541, -13.992456157495472], [126.13686401263548, -13.949556117172767], [126.15839383098299, -13.915026186639356], [126.13028398291922, -13.944586157228125], [126.08969393505195, -13.940706167760126], [126.1007139038694, -13.900066127324934], [126.06508399618178, -13.927247098008957], [126.02277501844961, -13.926517108598727], [126.05326481723945, -13.95590715837355], [126.08387492596697, -13.982016168128084], [126.09056479624964, -14.02639614834386], [126.06536478705908, -13.988207178428777], [126.02373584936039, -13.991427189036015], [126.05551588803804, -14.018566158777416], [126.02433598010458, -14.043817179391315], [125.9930361412666, -14.007717179585192], [125.9826969324166, -14.046967170005308], [126.00983694145206, -14.081347179857133], [126.05135681918065, -14.080926159268813], [126.10050582641281, -14.07494610854393], [126.12937604527379, -14.10526612835823], [126.15328686446307, -14.140114118275005], [126.156617964875, -14.181904168520456], [126.13991790631607, -14.218434109001109], [126.09691086901623, -14.241004129747157], [126.05340991161482, -14.254195140442798], [126.07360989103742, -14.291205130418128], [126.08813985079819, -14.330225170487582], [126.06077083279057, -14.362165181088976], [126.02176197519762, -14.37759614174281], [125.98421285762231, -14.399276142425519], [126.01742179610498, -14.422326122113946], [126.03023205598456, -14.462746132213493], [126.05322197525263, -14.500996112156521], [126.01547203765887, -14.519466112814158], [125.99394189940848, -14.555006113364948], [125.97044181024935, -14.52237616347419], [125.93091311261311, -14.530746174100981], [125.9038731546615, -14.56440616472658], [125.93304285368934, -14.60923615461262], [125.92907315454936, -14.650756114956888], [125.89477304608288, -14.623076175264698], [125.85285282829034, -14.611337115800492], [125.83094290898435, -14.576056135882551], [125.84989293728009, -14.535896145323703], [125.82235401832723, -14.503356205509135], [125.85681391598555, -14.478016154821532], [125.81602414822338, -14.474116195402077], [125.77614407053153, -14.477916166029162], [125.7360638227967, -14.478265186642378], [125.70159490516943, -14.504611147354675], [125.69002414655203, -14.549176187840796], [125.67161409835053, -14.595076188443002], [125.65541481993351, -14.635103138971377], [125.66026402889933, -14.589186138579727], [125.67832414717049, -14.546436138003783], [125.68687485595255, -14.50164213756246], [125.6775929756617, -14.451967177364837], [125.66423303578276, -14.413680187309799], [125.66873300486392, -14.373162196960386], [125.6712328540298, -14.330913136630263], [125.71107296201609, -14.343572186098514], [125.7231920206952, -14.303751135636961], [125.68502193256431, -14.288322176121685], [125.65476106369717, -14.255182176366459], [125.62008084527167, -14.23444214677085], [125.58500207758635, -14.256773197483449], [125.58679200823025, -14.30095312775885], [125.6037029680036, -14.343552107782196], [125.60858312840544, -14.383861137981961], [125.61438308876893, -14.425070148173413], [125.59645297039025, -14.4617081587104], [125.58822405159371, -14.50571519914416], [125.57247514319221, -14.547665189684292], [125.53479502560572, -14.563897120402636], [125.55779506373685, -14.53069513980346], [125.52353495531204, -14.509380180210952], [125.4908851275986, -14.534919200918763], [125.46664485968627, -14.576047131599084], [125.44299001161, -14.609182162217161], [125.41549606264832, -14.57916715246902], [125.37445608492087, -14.575757163134702], [125.35928602508844, -14.536868143125085], [125.32556593744641, -14.561698163868886], [125.28746603991517, -14.578498194638016], [125.25558698219741, -14.604118125365236], [125.28035715144377, -14.640198145182334], [125.25727718345688, -14.67807814584087], [125.21844684547455, -14.666858116442155], [125.21606689642833, -14.710998176785013], [125.18898805865598, -14.747019137507282], [125.14755816103175, -14.746399128238384], [125.16619790066835, -14.784299208164825], [125.20539794859869, -14.794849207544118], [125.1856282004131, -14.830789178137422], [125.21010820962545, -14.864869187938538], [125.2435478571571, -14.836428127160037], [125.27395812600693, -14.870078126862056], [125.32026709347643, -14.87915814612857], [125.29772787539613, -14.91260816674277], [125.25630803757953, -14.899819167370454], [125.22911798972648, -14.930199208050801], [125.21372795136053, -14.969799208589778], [125.2484780288741, -14.945399207817092], [125.28859787690054, -14.965979167263683], [125.30991818633473, -15.003759177155573], [125.35293817389696, -15.00886811645853], [125.38594800237581, -15.032538206063984], [125.40898764041857, -14.998568335446619], [125.44843753824826, -15.007038134849909], [125.41735801063783, -15.038938205582962], [125.37548787335119, -15.052698206377286], [125.40192803235597, -15.084648206152297], [125.3576581353993, -15.108359157057535], [125.39369809363438, -15.129298196594622], [125.45158789019082, -15.128898155630676], [125.41734793272998, -15.15764819639371], [125.37830808478478, -15.142599196943337], [125.3382188572478, -15.147079147650615], [125.29542888976854, -15.145809158371922], [125.28972900926685, -15.099639148155243], [125.24475890202363, -15.104689128966664], [125.20554914464421, -15.120669169759989], [125.17175915709166, -15.144279150515725], [125.13879899855431, -15.117999140922468], [125.12211912880358, -15.07897920095544], [125.1158990884057, -15.03866918079304], [125.07753890118573, -15.065700141667948], [125.05901909155904, -15.028260161749808], [125.08398903938415, -14.991489211047261], [125.0403091618245, -14.984990141797164], [125.02354901352817, -15.022050152355492], [125.02941989403858, -15.06620020254742], [125.03237004469607, -15.109120202784544], [124.99111011720916, -15.112540203566152], [124.94947000989575, -15.123530204413425], [124.91039019188152, -15.106790205032237], [124.87791099428519, -15.130600145806783], [124.84102107706646, -15.159741166705961], [124.87968110504245, -15.173540216063587], [124.8790010759227, -15.215340196359044], [124.87448091699318, -15.255131156713606], [124.90686112456255, -15.23063020593638], [124.94379098200586, -15.213120155125823], [124.97124999977204, -15.182980134410911], [125.01425991706857, -15.175840173568787], [125.05604007435869, -15.164420162727904], [125.02852995662937, -15.197030133450818], [125.00307113878578, -15.229650184139047], [124.96508102072325, -15.212600134725948], [124.92744087330273, -15.229210175540375], [124.92282100439994, -15.270470135905994], [124.88576116700742, -15.289551226732627], [124.90416110662281, -15.325661206629563], [124.93822108501554, -15.3481512161431], [124.97518119243935, -15.330630195337447], [125.01210101975936, -15.307350164499278], [125.04495999732707, -15.283850163739215], [125.08125989573045, -15.31434018328748], [125.09074011440043, -15.274650192847359], [125.09917993464781, -15.314160182963372], [125.13832994248581, -15.32451019233302], [125.10303014499513, -15.344530153100123], [125.08679092670545, -15.382660163650765], [125.07741111803504, -15.422350174088919], [125.10193141732914, -15.463380273925376], [125.13783639552523, -15.483621903420882], [125.17135452409191, -15.51619237304783], [125.20712452236629, -15.541002222587808], [125.23890639086785, -15.565301042199167], [125.27865652876686, -15.583820871638835], [125.31943658703383, -15.626550641232473], [125.36144461494763, -15.654681480713759], [125.40310455288618, -15.683601270214067], [125.36721468470807, -15.661221410661314], [125.33114629646758, -15.635180721092448], [125.29702660817087, -15.613110761523052], [125.26060825993366, -15.586960081970775], [125.22523685174158, -15.567181052449437], [125.18114474378088, -15.53155240297947], [125.14093597581737, -15.50907210353827], [125.10418105735558, -15.47195043394307], [125.06500119952015, -15.460350154570701], [125.04839187126882, -15.498490185130217], [125.01752189367755, -15.525370205875172], [125.02597215238929, -15.485690205452238], [124.98890187505667, -15.506381196272537], [124.95271216687749, -15.486621156808948], [124.99710196365533, -15.460370135810422], [124.97995120394195, -15.421791185865834], [124.95420110484636, -15.388431146117654], [124.91607098683177, -15.37217112672003], [124.87885204859265, -15.347761137256533], [124.84584221012318, -15.324911147729429], [124.80785214210383, -15.309761158354892], [124.7593720055081, -15.333261159451022], [124.76217210450461, -15.29281119912393], [124.7269720161812, -15.271641139668153], [124.68659191862385, -15.272511150468645], [124.69762192879821, -15.312491230520122], [124.66031192149495, -15.33380215140202], [124.69644220972326, -15.353282210817994], [124.73896218730026, -15.360311190031005], [124.70269290999505, -15.384342190903919], [124.68100289206218, -15.42021214157317], [124.6755128932491, -15.46078216195462], [124.64568294450139, -15.434122182367725], [124.61786319687332, -15.466082173138343], [124.63693312650922, -15.503682203009593], [124.59524297924943, -15.512682193905576], [124.55468323151571, -15.502782194659245], [124.52160317291258, -15.47407319514091], [124.47665393573686, -15.477883156090172], [124.44579402822114, -15.505133176911837], [124.49254399494892, -15.486163165818116], [124.51020415465894, -15.522293205697537], [124.47305394652022, -15.503543226336408], [124.44453404894497, -15.534393167133878], [124.43004403072084, -15.574453157703438], [124.40458411315628, -15.613534228496615], [124.44518419038742, -15.601443157569046], [124.48493432829905, -15.617793296856368], [124.4465140303728, -15.604483187561769], [124.43651504185239, -15.643484148030417], [124.41267514416901, -15.681414198781036], [124.37301500632914, -15.66823415952525], [124.39942494536982, -15.698444169172102], [124.43726493331185, -15.711454228469266], [124.39812499607763, -15.726524179386901], [124.39799502708497, -15.771254179688329], [124.40949522735536, -15.815544179743412], [124.40929505844463, -15.863834210069935], [124.44525515570888, -15.842204229177018], [124.46256498374834, -15.802484178553245], [124.45939521489363, -15.845414188905645], [124.48189520423017, -15.879414208668715], [124.47930497539635, -15.92506417902701], [124.49236507548284, -15.966564179035815], [124.5317551827906, -15.957304168168957], [124.54837498088537, -15.917843197567416], [124.56183391921438, -15.879743157039869], [124.59046400658256, -15.840943156202599], [124.61255394446134, -15.806433205528139], [124.653924071403, -15.784093214553717], [124.68546400884004, -15.755782183739928], [124.7090738881427, -15.792732233523799], [124.7415941467256, -15.822262203086824], [124.70378408949901, -15.841732183956449], [124.67785401187209, -15.877262204705024], [124.6304639548201, -15.875893205635757], [124.61831394643455, -15.915783186145475], [124.60192423827417, -15.9534632267258], [124.63386451680776, -15.979383226261195], [124.59208434939981, -15.976943597080423], [124.58617497064269, -16.017364207469598], [124.58549490174919, -16.066814177813963], [124.58904525252306, -16.113344168053683], [124.62208424990807, -16.089754197234633], [124.60144507197667, -16.124824217881702], [124.56072512446498, -16.119444198665], [124.53862507663447, -16.15425519934508], [124.52640523830003, -16.194745229863674], [124.5090449585477, -16.155035139952595], [124.47613520979631, -16.11592520036629], [124.47469521899723, -16.07545518012592], [124.44311490160305, -16.102205160956473], [124.4404149328708, -16.151585171341587], [124.40616595554954, -16.173235222198034], [124.39227610732101, -16.21249618274965], [124.40787598716936, -16.25065619267783], [124.39924607861848, -16.2905062031231], [124.39469601989283, -16.334226153508986], [124.43061570811727, -16.359256502927707], [124.46709562536863, -16.342246232060734], [124.50844523269193, -16.342696041216268], [124.54802506990067, -16.332575820344488], [124.59107491713101, -16.33375561948519], [124.63654471431173, -16.340005398619695], [124.68415473132887, -16.34521504771418], [124.72520444922466, -16.372184977091695], [124.78767415543894, -16.385844635975463], [124.81447362431803, -16.416395245667196], [124.86386272101717, -16.412675884705333], [124.91012380794223, -16.40995392381901], [124.94395408521689, -16.38394294301541], [124.91719352769778, -16.42080451375996], [124.86511266125564, -16.428486104787737], [124.81525337447881, -16.42673533572157], [124.75090446793153, -16.390484866715262], [124.70336468125781, -16.401305387712572], [124.62671490633376, -16.404825729247865], [124.57975505957646, -16.413085950241666], [124.5316853725883, -16.407256191173513], [124.48985553530015, -16.40641640202075], [124.44923566805068, -16.41089660288595], [124.43147579839324, -16.37417660300915], [124.39918591991791, -16.348366583509254], [124.36428608277926, -16.37464720441512], [124.34243627500393, -16.410027195110498], [124.38880605209289, -16.41520716417053], [124.40355600202959, -16.455417174129803], [124.44138623999561, -16.475397173477216], [124.42984716164892, -16.515657243983743], [124.39227717450927, -16.532997174880553], [124.40432710271523, -16.48830722433231], [124.39014597267803, -16.445177164341676], [124.35002721560635, -16.45854720527256], [124.30998693817061, -16.455967156102744], [124.32496620625548, -16.414907185512405], [124.28293616899039, -16.414467186403844], [124.2427670516373, -16.415487237272487], [124.20385713387078, -16.402277218026462], [124.19931719319379, -16.360547197848618], [124.17505714401418, -16.328197228162935], [124.14857697497591, -16.29604723853002], [124.10784695720022, -16.278628199312866], [124.06624717970601, -16.270898190186518], [124.02700822198328, -16.26013824099458], [123.98738805438227, -16.253538181845485], [123.94401813670208, -16.233918172702936], [123.90991823831821, -16.21027923332876], [123.93783806741801, -16.246869172929728], [123.96947809598198, -16.271729162372186], [123.93358895893972, -16.297709193362408], [123.95979909803604, -16.330219172978484], [123.98617921707563, -16.36116918258353], [123.94131925996126, -16.35981918359527], [123.90580921166273, -16.335149194246753], [123.89262023352356, -16.375749184818048], [123.89997903420735, -16.422819184958584], [123.86192917704729, -16.437021185931048], [123.84806917697833, -16.397921235995454], [123.83646998664597, -16.354359245978692], [123.87340021483925, -16.378320205278918], [123.86259011454042, -16.337999215263796], [123.82537007657763, -16.322809196029944], [123.78444996873421, -16.30304916685918], [123.74983023020735, -16.272719177477008], [123.7861390773908, -16.254119216497507], [123.77159904736948, -16.21613921659018], [123.81260916488422, -16.222339235666905], [123.78408817586715, -16.1884591861136], [123.75091810721172, -16.15742917669285], [123.70309825954222, -16.128669217641693], [123.72476918910203, -16.16580924736901], [123.68424900151626, -16.15858016828963], [123.64064906458083, -16.168960239407454], [123.59647920729081, -16.16418025044776], [123.55633922023972, -16.17841123152227], [123.58610904914686, -16.209750230999497], [123.6096692885156, -16.243760220648998], [123.57907897128992, -16.274350251594623], [123.58982030165222, -16.314799201597705], [123.62525007878136, -16.292720230592234], [123.66240025691197, -16.31349924983186], [123.69743007525628, -16.33751915914955], [123.68141113726999, -16.375368219781397], [123.64081105948972, -16.35897922065051], [123.66715120880491, -16.398878210277818], [123.63611128153256, -16.425977191203266], [123.5941312840957, -16.419058172175788], [123.55692099611699, -16.403479182982387], [123.509130998619, -16.38022120400601], [123.54663109672663, -16.40113018321934], [123.58225130502315, -16.424838172503065], [123.53758106775035, -16.417550243549076], [123.49795120013457, -16.40985119447625], [123.54014103795053, -16.431480173577306], [123.57891231572918, -16.44345818270642], [123.61553221378219, -16.46072719192892], [123.6528221119111, -16.482855221173047], [123.61066213497497, -16.494257232266598], [123.64448197353711, -16.524496241646812], [123.598812046477, -16.521968242735735], [123.54636110946073, -16.50421924390038], [123.5079512916222, -16.490540234756445], [123.47347120333768, -16.46999125547642], [123.50208114236648, -16.504050234989787], [123.46068112518324, -16.50763123604039], [123.4820910448328, -16.547281175767193], [123.50224133447938, -16.583972215507902], [123.54221106152202, -16.572011204445417], [123.57863112853535, -16.549829253409367], [123.61944111646766, -16.573769252574394], [123.58315025937262, -16.59316219358264], [123.56335026164372, -16.62973225430492], [123.52296005449209, -16.63616220533771], [123.55377999313978, -16.66243320475271], [123.59567929059226, -16.671493253789997], [123.6349790986069, -16.695673192996544], [123.66352814759067, -16.729933212533684], [123.69890822572073, -16.749104211812767], [123.71759797538643, -16.784854181601958], [123.74725801456474, -16.83064419119902], [123.76096825479156, -16.875844171171515], [123.78677919383063, -16.90667422076674], [123.83194801050234, -16.895704219640102], [123.87645808709603, -16.879623188503782], [123.91466704400067, -16.85867217748805], [123.94223728126175, -16.82279223662246], [123.95151697173473, -16.867502166705048], [123.91584709460824, -16.886492247643734], [123.87131796846424, -16.920633228891447], [123.83418901180582, -16.953703179968166], [123.80256807477424, -16.986363190919008], [123.81790008544672, -17.054473221007196], [123.82759203609533, -17.106605251122883], [123.84238227614549, -17.14902524105719], [123.87767200450868, -17.180665170449092], [123.90852217302452, -17.206514169910196], [123.8625030464502, -17.21655519103371], [123.82993311773876, -17.17837523153811], [123.79346329954919, -17.150685192207085], [123.77219201011366, -17.115355242474624], [123.74755218076271, -17.074575172788066], [123.70829201274083, -17.04708520353819], [123.66720232532164, -17.03845519446213], [123.64798120562703, -16.999724224670395], [123.60599222872104, -17.00881522574265], [123.58496323149446, -17.059927226586], [123.59064402218353, -17.100977206715577], [123.60809499199266, -17.139367246542932], [123.64623523053191, -17.1839372159141], [123.61888531342869, -17.222707246825216], [123.61274619532739, -17.27907720734051], [123.60406627716047, -17.326057217856054], [123.57385720034516, -17.36717822885594], [123.56762921201366, -17.41393824931132], [123.58331800205775, -17.457298179211943], [123.59560627231347, -17.499837229190625], [123.59705923333699, -17.54267723943377], [123.58035917560933, -17.584178210107716], [123.57399835475556, -17.53477721994139], [123.54777627568805, -17.500197220355297], [123.53844906522119, -17.457888220308476], [123.51128923627334, -17.42588820076643], [123.48328913746091, -17.397049211268993], [123.46228820796264, -17.361129231555534], [123.42517723958426, -17.32544918224709], [123.38877725162959, -17.307599223042555], [123.38735707014148, -17.249299192700278], [123.36184711074762, -17.206899203067785], [123.3445872807277, -17.162718213217687], [123.31573830184884, -17.131368243746767], [123.2882213527358, -17.095147204213976], [123.28167511200068, -17.052390264104407], [123.26336332212475, -17.011819264311097], [123.23484412289851, -16.969934244774116], [123.19219317494978, -16.93987424568447], [123.14911303743918, -16.924704206710523], [123.15355325583174, -16.87842423629473], [123.16541203386629, -16.83706221571675], [123.13484229461041, -16.790722196217555], [123.10278212597176, -16.76302325688266], [123.13575235289586, -16.73229321581522], [123.13884222145016, -16.688463195450055], [123.10525207437664, -16.712743226491924], [123.08469210469652, -16.67589426679716], [123.04428316753699, -16.681214257905857], [123.03326323714496, -16.642085217946914], [122.98832334964939, -16.625595249045602], [122.96457415023842, -16.59170618946709], [122.98500308786714, -16.556476228688066], [123.00670313544623, -16.52218621788253], [122.99723335482851, -16.47924623785911], [123.03441305181676, -16.459306196732815], [123.07669220850563, -16.44032519548299], [123.03529278106456, -16.43511593655256], [123.03577205987817, -16.39487619627896], [122.99164327232812, -16.380076227367447], [122.95523324532948, -16.401727258491135], [122.9015330998078, -16.43496723016688], [122.9069241108022, -16.48092726031671], [122.8725142139133, -16.509888271445192], [122.84773509662543, -16.54648821236239], [122.8000351104963, -16.570869213837756], [122.77111627413514, -16.62859926501337], [122.74737609696881, -16.67048922594532], [122.76279632713914, -16.71031925577111], [122.79681632568699, -16.737638225001028], [122.83842621311037, -16.744468243894957], [122.83421638457989, -16.784478194268615], [122.7990263662204, -16.760448185086553], [122.75623712923749, -16.765589246309503], [122.71408726267484, -16.785970197620202], [122.66507831620886, -16.79416120905401], [122.62014922923647, -16.794652230332435], [122.58249933081959, -16.76415223121236], [122.55329937405064, -16.805352252314478], [122.53714009656586, -16.851383213074453], [122.55616031648177, -16.88996323277377], [122.57038031674105, -16.929353272617544], [122.59563104610966, -16.964293242118426], [122.55401112887378, -16.962383263298808], [122.5091612415775, -16.951553194523093], [122.48921114179493, -16.915333254869886], [122.4768911939408, -16.957164245494994], [122.44350121712684, -16.98639426665474], [122.46194112457533, -16.945114235853232], [122.4242912276074, -16.96033424705055], [122.36636223272568, -16.99762528899274], [122.35105212502393, -17.036935219695877], [122.3039832289927, -17.060536281244275], [122.26867331251064, -17.09472629251661], [122.26722433397923, -17.136996222828497], [122.30349325069756, -17.11240625158864], [122.31086428148367, -17.152506291623972], [122.27080418430614, -17.154676292833578], [122.23943411742084, -17.184157223961865], [122.20657518115516, -17.229177285237565], [122.17321538458934, -17.26357826646539], [122.1645962773546, -17.32946824714414], [122.15288620002492, -17.38574822785606], [122.15000727225166, -17.44711922833164], [122.14239724416332, -17.488819298826726], [122.1472781354184, -17.53717925898366], [122.15368829637674, -17.579879219058434], [122.1791982561463, -17.62765922858649], [122.18407841711608, -17.667649288691347], [122.20088933795387, -17.729560298574444], [122.19870885957967, -17.7743002589226], [122.20880929065532, -17.8290999889639], [122.21287944182718, -17.873720289122815], [122.20776010418996, -17.934410779659572], [122.18974030668939, -17.970700970431455], [122.20715058668146, -18.008861090147047], [122.23761023322854, -17.971021758993587], [122.27936078995518, -17.96347063769815], [122.33086802663848, -17.97638013625057], [122.37068506414926, -17.988819595154983], [122.37976933531087, -18.045600235246933], [122.37616145696009, -18.08878323562568], [122.36255345922669, -18.12832022627532], [122.32278930322079, -18.16171220765918], [122.28578417651597, -18.179481278868945], [122.24217125037337, -18.199382250295496], [122.20492241370675, -18.217362271526326], [122.17582217717397, -18.25736125265498], [122.13003125222323, -18.3074122243567], [122.08339144635661, -18.327622275905682], [122.04598245013293, -18.35731227723905], [122.01742438337972, -18.390513288326684], [121.9798623068489, -18.410243259612496], [121.94668148031549, -18.439253310825514], [121.90365250438303, -18.464043282325136], [121.86373318755513, -18.469403233613303], [121.82340236978835, -18.44684429474743], [121.7923034233579, -18.482484285956907], [121.79563339452994, -18.52316428610406], [121.76476341788846, -18.552814257272132], [121.72939451135504, -18.57566425854608], [121.7721142988538, -18.596104257306553], [121.78623416926578, -18.638284277118757], [121.75828521253318, -18.6710952982137], [121.72784326592274, -18.7017542593783], [121.68679244930053, -18.709104290743973], [121.63936428293407, -18.709975312283518], [121.6415952042264, -18.75088527246436], [121.64547529553796, -18.79586628261689], [121.65319548637824, -18.835915282614557], [121.61818549007869, -18.86435528392633], [121.6007164828143, -18.903165264734763], [121.57596649631238, -18.947366245815424], [121.55395754986449, -18.998606306851844], [121.52611728351008, -19.039667278018957], [121.5070884172246, -19.10107832902355], [121.46564847274082, -19.16356829077733], [121.41892946876078, -19.227797332724137], [121.33323039973173, -19.34163925629265], [121.27212940690063, -19.403919338738824], [121.21014139418055, -19.466288261230666], [121.17026130854191, -19.49745932278734], [121.132990512512, -19.523549314229477], [121.09237134678436, -19.550296345797367], [121.05508327071304, -19.574786327242226], [121.01122626526431, -19.601519288936334], [120.96150849044297, -19.631968280867234], [120.87195129905093, -19.66774130425575], [120.82113943390017, -19.68683436618586], [120.75862151005096, -19.714597298601127], [120.63101233260626, -19.770031343573972], [120.56800330836907, -19.786202295987174], [120.48213363659471, -19.816820299354088], [120.40973366367072, -19.84553137223403], [120.35048452923998, -19.863441374573778], [120.19594551397334, -19.91389430076782], [120.13321552902372, -19.912415343180328], [120.08745665316901, -19.92195533501366], [120.02474571875062, -19.932616477526206], [119.97277556300772, -19.932986919570983], [119.90267603944025, -19.949038452439027], [119.86431695330289, -19.96540882406188], [119.81325750777185, -19.97199928614206], [119.77239725057892, -19.96014964771395], [119.73460665429369, -19.974020359320097], [119.7479376251229, -20.016510269031237], [119.70268755943927, -20.029890520940455], [119.65550747406795, -20.046521382955905], [119.61547760823049, -20.065642334702513], [119.5756881919281, -20.074932836388342], [119.53046973482297, -20.057133378146574], [119.49661116649604, -20.033252929407297], [119.45153344931504, -20.0144124511692], [119.41517073136235, -19.994493382569388], [119.37444067512719, -20.003704384328305], [119.33827041726184, -19.98617441574647], [119.28560964118321, -19.978057407922652], [119.2426285240507, -19.96449934966736], [119.19296874744576, -19.950699411703958], [119.16786949131037, -19.988619362997802], [119.21056944918539, -20.01723936133882], [119.16842965253622, -20.01514938312765], [119.14709927252534, -19.978559673830052], [119.10675911488255, -19.95908962545225], [119.0867688983129, -19.99632979653022], [119.05348901233768, -20.023209738124958], [119.01220944622295, -20.033570409976463], [118.9828806405833, -20.07364039148505], [118.96795061376575, -20.113620742367193], [118.94088159752133, -20.14474139373006], [118.89651176231415, -20.167742475808996], [118.86732279677017, -20.20911343733187], [118.87353432822204, -20.248872727286635], [118.83273364165612, -20.249874439093187], [118.84935352224092, -20.28947410858615], [118.80597378542966, -20.28108453045713], [118.76287348926294, -20.286125442400692], [118.71641480417482, -20.30704541459309], [118.67677481846131, -20.326645446480732], [118.63840832062886, -20.306335058089577], [118.5981994540708, -20.308247459914945], [118.62956463278395, -20.334356318648044], [118.58742490634687, -20.335376780557063], [118.56876143580664, -20.294248641167886], [118.52627466990553, -20.305347403161193], [118.50632516348884, -20.342897534283832], [118.46403502683367, -20.339407886196057], [118.42368585020309, -20.339558388047394], [118.3835157740721, -20.349638669953723], [118.34406573790145, -20.360039401835277], [118.300855660763, -20.345839393758673], [118.25734554506995, -20.358839715858032], [118.2154966191955, -20.37092989788232], [118.1746072833217, -20.384459869876924], [118.18479673041712, -20.34555940917858], [118.13476745596317, -20.37155970167988], [118.10352781010268, -20.40039047331793], [118.05008878572725, -20.422090375973532], [118.0177887703924, -20.45870147771641], [117.95302766690048, -20.478732430923632], [117.93153811129113, -20.526583622222677], [117.97148859819627, -20.531513440335775], [117.94042875229391, -20.558964451977488], [117.90037766583012, -20.561934453918596], [117.86460880006851, -20.584415455768752], [117.82241031591451, -20.626225908043484], [117.79419078990938, -20.655566239576267], [117.74732114490006, -20.674106481960738], [117.70582133906674, -20.685836864053496], [117.66416137250596, -20.684127306086566], [117.62830140693572, -20.7090773279892], [117.63892093382748, -20.669387187245775], [117.58997100855422, -20.679757369718036], [117.55256113308269, -20.703987501704564], [117.50852100758013, -20.71748758396723], [117.4693806714809, -20.72769845597499], [117.43543159569703, -20.751218337802637], [117.39518121794995, -20.730578619707718], [117.39797143000824, -20.771009259790652], [117.36984146030998, -20.734208851002396], [117.35072177406755, -20.771618982172146], [117.32961178372992, -20.73421890303165], [117.28794236731018, -20.73489863514442], [117.2566019684815, -20.708918436592572], [117.21194218162543, -20.6977186088056], [117.17195216518155, -20.70057916086527], [117.1999516410064, -20.669358479261895], [117.15843168388116, -20.658299071325718], [117.19060131975755, -20.633998379545364], [117.1846148078637, -20.5924164796229], [117.15030383197505, -20.61349248149641], [117.13214168568933, -20.651129532635416], [117.0947207574844, -20.62758950443161], [117.05761198182088, -20.648220466459833], [117.01549583548272, -20.649965498649927], [116.97901182955434, -20.666791490636886], [116.94645208387682, -20.69342255247815], [116.93166315734068, -20.73091299345442], [116.88951282030445, -20.720533495602073], [116.82820271480178, -20.708704518757333], [116.80006084507409, -20.673243500047608], [116.79735083261157, -20.62806150994471], [116.82323782854601, -20.59640448840717], [116.84817484354922, -20.547549506828314], [116.80874783577327, -20.529252508805044], [116.78238783030854, -20.56825051040944], [116.75891184426888, -20.601514511832477], [116.7399418482338, -20.6410755030528], [116.70157984271873, -20.661838495202836], [116.66806393693513, -20.684825467112418], [116.68475403781976, -20.723015146430164], [116.64208404137227, -20.72192559870018], [116.60026421558166, -20.732885940997512], [116.56058228979292, -20.74679657320305], [116.51982807409055, -20.760547325472043], [116.48929987892141, -20.797157387318034], [116.46489109295989, -20.829167438811297], [116.42134097670711, -20.829727771176948], [116.36692072209824, -20.841908504205957], [116.32904025694458, -20.86798914641605], [116.28966005095981, -20.878479868630638], [116.24483141445174, -20.873049881066446], [116.21001008523636, -20.838020522799553], [116.19474019917517, -20.88016111386873], [116.19100100204051, -20.920811514292744], [116.18917133474386, -20.96145207461102], [116.1535120390569, -20.98138251669202], [116.11526194366573, -21.002363718927796], [116.10298261756535, -21.04740427985075], [116.09999191496449, -21.002133949776162], [116.06077215942946, -21.019384612054562], [116.0167419139561, -21.030985574578608], [115.96548296990764, -21.05508658758331], [115.93128192432722, -21.078077539630655], [115.89526233914961, -21.104778361805064], [115.86905301443299, -21.151698533535793], [115.85849272807305, -21.194008284357423], [115.83097403247879, -21.2252295160829], [115.8160651363137, -21.264479717136656], [115.77928431108056, -21.2885396093563], [115.75635398082837, -21.253849520481396], [115.72746427540474, -21.2854896122985], [115.68885541999792, -21.304239924608353], [115.65012593434844, -21.319020516910356], [115.61809382889797, -21.345670598894475], [115.58879305371437, -21.37988158076438], [115.55092394922481, -21.41305162312822], [115.5716368897634, -21.44879188211623], [115.533346242272, -21.435782104265616], [115.5059570866332, -21.465242616009128], [115.5122279289303, -21.508223025868997], [115.4924397931723, -21.545793967214607], [115.44999799575102, -21.528164419594447], [115.40810909943144, -21.527864622039765], [115.37147803463587, -21.557246564338087], [115.3311781694598, -21.575976566802208], [115.29085710434668, -21.595507549278302], [115.2485571075988, -21.58816760173907], [115.21986621204003, -21.61619756358301], [115.17853602537419, -21.611317606011344], [115.14717611015021, -21.640598558028746], [115.09916204427944, -21.63863659088407], [115.05712606056537, -21.67586857359204], [115.01672614532715, -21.692849336104615], [114.98028585726261, -21.673889578200836], [114.93614590235384, -21.690750620951675], [114.89766622697691, -21.708030623369424], [114.85896623213615, -21.732641655844002], [114.82484613679165, -21.755761588037906], [114.79204622153345, -21.781691580170158], [114.75400611592111, -21.795772622566957], [114.70979593073126, -21.8079426053386], [114.69380656520345, -21.851093196539757], [114.64808618883733, -21.844503659319972], [114.64174694240184, -21.8868446099254], [114.62850723642444, -21.926825590944578], [114.62615787995038, -21.97356619132615], [114.59193811459002, -21.995387053550566], [114.56419862933647, -22.026828195426603], [114.55160908330267, -22.066449616406878], [114.52581906806228, -22.100310678178076], [114.52633960096603, -22.14156227835351], [114.50800050564014, -22.183493809704093], [114.47712008635632, -22.15424362147899], [114.48723065873361, -22.200194571080274], [114.45490013344505, -22.22465261321807], [114.47258011468645, -22.264392662315238], [114.43012999922371, -22.273392655009165], [114.45398971942024, -22.306473153685396], [114.41469031372685, -22.31615362618864], [114.43248972482196, -22.35397334526555], [114.3964196302377, -22.38294360766627], [114.4024997628246, -22.42642343750313], [114.40384030581245, -22.469393667634037], [114.3690801205997, -22.491013649919324], [114.32719020438621, -22.48971360254337], [114.31827996229197, -22.449633712904046], [114.2727896854604, -22.435443005700225], [114.23376984082687, -22.45951407828601], [114.2186202349895, -22.497175129432314], [114.17325041119307, -22.524365782445027], [114.13550996293714, -22.500555844727263], [114.12259932068358, -22.45381370531808], [114.12515877721113, -22.409932814937285], [114.1524181022521, -22.376690623036307], [114.18237798705887, -22.343508840966887], [114.17750800454873, -22.303210861075744], [114.13563812935156, -22.31631067380465], [114.12631705693168, -22.271821634177584], [114.11528693501523, -22.23208171468351], [114.08476672479252, -22.191261996429937], [114.08418513146034, -22.145331676238797], [114.09802924616086, -22.09042077508068], [114.11497853156081, -22.04872005379056], [114.12443998720462, -22.001019542948992], [114.13806263285841, -21.958481161867994], [114.14947415580475, -21.87611831072933], [114.17650359976926, -21.82661753876107], [114.16521480779521, -21.785747379274802], [114.11901129348038, -21.807108112327306], [114.07875916772353, -21.815948614944855], [114.038080763643, -21.84699919770712], [113.99509456958957, -21.875449760611414], [113.96957490518542, -21.92017040247741], [113.9452860199219, -21.95463117421529], [113.93325577428904, -21.998871745211652], [113.91207635896731, -22.036092396765103], [113.89378683413882, -22.083323018182544], [113.88206712823008, -22.123933469142514], [113.85813777436717, -22.176974170956083], [113.84712827839196, -22.217354621869948], [113.83178876309259, -22.261395163083453], [113.82081919743122, -22.305835664015426], [113.7956797232833, -22.353016345883375], [113.7654800684178, -22.384336958005637], [113.74691062471484, -22.445087779515898], [113.72299108079089, -22.496198671329633], [113.69711193633617, -22.537738893226766], [113.66007207143468, -22.55963969576272], [113.67454256419127, -22.613529935076468], [113.68643310695391, -22.664400264545424], [113.67334344170645, -22.71077081562975], [113.7258237179515, -22.725940512268267], [113.75526436749124, -22.756210660493966], [113.77359433853519, -22.79267076947729], [113.79381461041973, -22.8426509084052], [113.80119473306675, -22.886791238140884], [113.81862512441123, -22.92630165720129], [113.82483527740365, -22.973603137029112], [113.82943625130493, -23.030894717010174], [113.81250543684826, -23.08275570836206], [113.77599537271351, -23.11410664088847], [113.76490557710633, -23.15788712182347], [113.77504640954511, -23.20265773138088], [113.77968662238601, -23.245798231288585], [113.79445726479159, -23.296038530572222], [113.78875778884466, -23.342009571165853], [113.77650839380371, -23.391480702202333], [113.78191879660469, -23.435031442061554], [113.77539924104182, -23.484812682726645], [113.75326998651886, -23.528222984376903], [113.71948056159097, -23.551383806691664], [113.67449891899348, -23.590500889820046], [113.63620111493186, -23.61890794246617], [113.61081364998883, -23.65213416429262], [113.59079519500274, -23.691484745797638], [113.57225630045906, -23.738285727242268], [113.54023642562346, -23.764125959476576], [113.5216673108302, -23.807415720909546], [113.513837554719, -23.84731668161757], [113.48934832972283, -23.880297733394393], [113.46520927541582, -23.92239808519367], [113.46939976816313, -23.962738575108318], [113.45871064322277, -24.013629176058963], [113.42216155917508, -24.04291972862341], [113.42654239199022, -24.084219738528724], [113.44239252454108, -24.13677029772645], [113.44335338798265, -24.181680587875956], [113.40912526472798, -24.223491750346533], [113.39653579925641, -24.264701801378628], [113.40538683300427, -24.323372141067903], [113.40572756630984, -24.36556271124481], [113.39953845056966, -24.41139268187274], [113.40483865480634, -24.47163314180501], [113.42688947593365, -24.514252680542302], [113.45335949574985, -24.546123238938296], [113.49490944437454, -24.58258322636258], [113.51871055475854, -24.618402234961106], [113.56630125434933, -24.675351692096942], [113.59520243413968, -24.710580670365477], [113.62325250402552, -24.74602053869441], [113.63273348708103, -24.797430748316938], [113.62057366196436, -24.843501319330798], [113.66105376879025, -24.856671166745492], [113.70689962355371, -24.850693313726918], [113.66614383867498, -24.861951156438046], [113.64690418359835, -24.899141617870868], [113.67781449240296, -24.924971725974316], [113.6617152979964, -24.97478267726042], [113.66599537131434, -25.0226927372071], [113.68688651210313, -25.060622696023366], [113.71243643276792, -25.103302674560776], [113.76963754932645, -25.13629270100133], [113.8033475975985, -25.159692708928958], [113.82958726793173, -25.199493677421305], [113.8481683304415, -25.25691367649377], [113.87148949056768, -25.290303685148913], [113.89134961209076, -25.336993704091835], [113.89832027500073, -25.38391466386552], [113.92504054596252, -25.432964652381802], [113.9484315668929, -25.477154661091458], [113.96487346802795, -25.514474690215465], [113.98630031886637, -25.554945699037102], [113.99679937115648, -25.59902671857499], [114.0196604512723, -25.632333727274425], [114.04843741087053, -25.667310695607753], [114.08354135893822, -25.691478663492113], [114.1195654678638, -25.728171661382795], [114.13340458971284, -25.771644710712913], [114.16475557892464, -25.8057166488939], [114.19664543761633, -25.83391670701746], [114.22705537645115, -25.861986725237802], [114.26684544407271, -25.88772671286322], [114.24810634886906, -25.923526634207576], [114.25287745213673, -25.97293764414212], [114.21107751677891, -25.973587716769828], [114.20957737028988, -26.017048707069378], [114.22260827189433, -26.056528656436743], [114.23711848356662, -26.099058695726402], [114.25139929513846, -26.14000868502389], [114.21068942101758, -26.157789717663047], [114.19097044624785, -26.197190719088653], [114.20486030796644, -26.23938065841343], [114.23098047768285, -26.273341716932556], [114.23206157122922, -26.32082164708796], [114.217281406201, -26.363762728217406], [114.18060246182465, -26.38337265061547], [114.14319233885269, -26.419883683144157], [114.10885263504207, -26.44987366545351], [114.06771256916738, -26.443583648029204], [114.04175260923165, -26.407233649507074], [114.00674265064542, -26.375293711584526], [113.97287240185362, -26.34249367359057], [113.96726143866117, -26.293912663722164], [113.95169144747341, -26.25675372454341], [113.93432032524946, -26.2039337354079], [113.94310938029443, -26.153272714608992], [113.91085951143101, -26.122362676529715], [113.90886831691631, -26.062152676376034], [113.90249739263365, -25.998731656488047], [113.88746742116862, -25.959091687267335], [113.87476731564053, -25.998231718266364], [113.88454855770205, -26.03809269782425], [113.87221853271305, -26.084472688833035], [113.84534956844327, -26.119513740724784], [113.81102532711252, -26.181106863223572], [113.78025041308487, -26.213395715360857], [113.73482061769877, -26.208075728276736], [113.71908970638849, -26.169765689119274], [113.70112856535526, -26.131896740109827], [113.6995366522951, -26.09130774002486], [113.69993441855782, -26.044948739783678], [113.73433745228586, -26.013644667404616], [113.7316486074888, -25.949512737280408], [113.75361762230348, -25.914442705692704], [113.75076747928303, -25.87237167568109], [113.71949753016258, -25.840431667560548], [113.72089649656834, -25.797011697267074], [113.67955659969928, -25.77983169987504], [113.65393541974446, -25.745401741384143], [113.61361544234171, -25.723121713913518], [113.59277537144736, -25.683611705093206], [113.58911452803848, -25.635900725110613], [113.53776450276648, -25.625751698432637], [113.51971339104402, -25.579910739406284], [113.5189523278051, -25.538390689262965], [113.4803624831345, -25.553190721874596], [113.45711334878902, -25.592501743592187], [113.43199361416487, -25.6257117454071], [113.41863439952964, -25.674412716517136], [113.41911536299882, -25.718073696687608], [113.4475056832673, -25.759553715002056], [113.44763566001802, -25.71939274480735], [113.47926561018275, -25.764032742926315], [113.46430652539159, -25.808563744119574], [113.50185666413633, -25.843733691807206], [113.52531751482825, -25.884163750451123], [113.5476583964496, -25.93474472921801], [113.56127757934296, -25.98936473857756], [113.56961951188755, -26.032465748230297], [113.58002960390264, -26.07182571773053], [113.61355967229593, -26.097845705657704], [113.64261954217619, -26.136385683939224], [113.682589631126, -26.178515671531198], [113.70434049237856, -26.224375710329994], [113.7535305176325, -26.23330569718173], [113.79776048422733, -26.252255724410304], [113.83665163216743, -26.280804712035547], [113.86480146135685, -26.31015470036111], [113.88361257237607, -26.34956569933616], [113.87414239697927, -26.394366700152336], [113.88739437987495, -26.449686739558587], [113.88522464429947, -26.50246669994266], [113.86366460944134, -26.536707741485497], [113.81150637854255, -26.577228715029197], [113.76748738430028, -26.58715868791618], [113.73845664001169, -26.617569699934464], [113.69701669420026, -26.611450672593108], [113.69686872749878, -26.652280712790553], [113.65909860304923, -26.66814276531832], [113.6593865896986, -26.626970735110422], [113.63216557870992, -26.576599716652005], [113.63445445477015, -26.530919676292747], [113.63274373147458, -26.487619686205036], [113.6246646056631, -26.528339746919315], [113.61409464371194, -26.489409697430037], [113.59468452890955, -26.526799748869838], [113.59137541347538, -26.57869069932443], [113.55983543447392, -26.547140741243396], [113.57720471908064, -26.50460969991101], [113.55233339899947, -26.469099681376672], [113.56143237467776, -26.428259740592768], [113.5487225922707, -26.380898691207964], [113.54892165874034, -26.337478720995126], [113.54324160563834, -26.29123672115477], [113.50444258135124, -26.308518703782802], [113.52037260308192, -26.35181868293486], [113.51703253710812, -26.396939743361667], [113.50929362144826, -26.439809724067054], [113.49465347646745, -26.48144075522063], [113.48810366376584, -26.439140745457617], [113.48658372047485, -26.396509735362073], [113.48843266678158, -26.353529685043018], [113.47864248419505, -26.308188775479362], [113.46222142157374, -26.253368686309674], [113.44832145980268, -26.21253873703904], [113.4474405265521, -26.171257726907292], [113.42481059631552, -26.137527718247224], [113.40031041643363, -26.105707759722034], [113.38632945432445, -26.06080676044178], [113.36374956328167, -26.01746672174025], [113.36383953681437, -26.0610177119346], [113.38381054806787, -26.103447690804888], [113.38179061194262, -26.148337691145105], [113.38239143526542, -26.189968731296464], [113.3663516709203, -26.237558752578494], [113.35418257543772, -26.276359733563943], [113.35728255851248, -26.31820973354979], [113.37070372023264, -26.35755072283947], [113.39797367028929, -26.395500751206487], [113.35713349304874, -26.373490713812615], [113.35602253969489, -26.330960763691785], [113.32824243022704, -26.299689715394265], [113.32278158701178, -26.252989705543747], [113.32520149310834, -26.20853869517921], [113.31990048696503, -26.12618870515442], [113.30819938489859, -26.085108755745022], [113.30849963147595, -26.043597695534476], [113.28420972681694, -26.076288747303668], [113.28765057977922, -26.117128777261396], [113.28220055497056, -26.17318976788169], [113.27569140905179, -26.214199698503595], [113.23965145052782, -26.183619780771277], [113.19726072441743, -26.17396971356593], [113.16255060574082, -26.143550705757118], [113.19334142625262, -26.190990793906472], [113.23643161498227, -26.23348077121444], [113.26404254508596, -26.271990779545252], [113.28315241592031, -26.30800076843468], [113.29939345734519, -26.3473816975322], [113.30824371964576, -26.387441687125794], [113.32651369078995, -26.426261756087623], [113.36974464953977, -26.470051703417415], [113.40137463844226, -26.4999917314593], [113.44676559667414, -26.54078170864693], [113.47978550533904, -26.569991746604543], [113.51407550381326, -26.598731714481303], [113.54964745260777, -26.63332168230592], [113.58034753197916, -26.66837272045672], [113.61182954160628, -26.70780270858066], [113.64231252103444, -26.74350471675692], [113.66703375098992, -26.777743685305094], [113.69352468062664, -26.810622753734844], [113.71991557046582, -26.84597267218548], [113.74479663034224, -26.879743740729577], [113.77273764007776, -26.916214709091193], [113.79590945030539, -26.952115697761], [113.82201158068621, -26.994215726273023], [113.86094343151342, -27.060464724075114], [113.9337876127929, -27.181794709968464], [113.96643657300905, -27.23200068811626], [114.00507857408907, -27.30200568597869], [114.02665858463715, -27.340531694785163], [114.04814058553987, -27.383461683620116], [114.06945559679964, -27.430732702487575], [114.0921895879505, -27.478831701271186], [114.11268258948854, -27.528591690206], [114.12506861166337, -27.574407689635244], [114.1435906131586, -27.62085068868178], [114.1552045860495, -27.674642688197704], [114.15412060970284, -27.719057698469214], [114.1316796160984, -27.76593670009546], [114.11231859233004, -27.815197681540035], [114.1207836070431, -27.886974681333975], [114.13635760951452, -27.941352700601353], [114.15002161250001, -27.999358690006282], [114.16590261575504, -28.06414568930358], [114.17476664835475, -28.11014868895654], [114.22854764637835, -28.167060685847783], [114.26885261456913, -28.20582467350855], [114.30712261121597, -28.222176671200806], [114.33405063067693, -28.256739689685805], [114.36336862959146, -28.288185668011742], [114.40540261819356, -28.335474685628185], [114.42806487869368, -28.376981724419302], [114.45177651841696, -28.410357683111016], [114.49469752630887, -28.45054771065688], [114.53100688541251, -28.496028888639415], [114.55629459528058, -28.534106697266953], [114.5753796064109, -28.57862966630501], [114.59676061676116, -28.616899675176256], [114.61243586846507, -28.66352085443464], [114.61898664201405, -28.719292194290365], [114.61466062593901, -28.762551664750372], [114.57643163190606, -28.77788966714799], [114.61309919878012, -28.79632865499897], [114.62685543045241, -28.83958801435947], [114.69675361971014, -28.94203165058925], [114.74533263698466, -28.985371657854838], [114.78009461503322, -29.016537655905154], [114.80945860344742, -29.043779644266458], [114.86987530113343, -29.112412420963903], [114.8874357424042, -29.157575250121795], [114.90151321452394, -29.208066689512666], [114.92080397573656, -29.255472798580204], [114.9240906592175, -29.305884068613928], [114.95425805894236, -29.35217149703272], [114.95635053217057, -29.397391827114], [114.97421801295894, -29.437231946235915], [114.99090741364974, -29.473922015414594], [114.99723498589964, -29.51358151522033], [114.97714353187806, -29.557377106607394], [114.97478950577842, -29.60379158695683], [114.96589227034467, -29.647811077682736], [114.95967176500515, -29.6974226382753], [114.95805966837612, -29.738077608554242], [114.96330381114556, -29.782438508443548], [114.9721187831133, -29.822484658102063], [114.97789293549584, -29.862775197941794], [114.98275280861674, -29.911010637871374], [114.97315896353766, -29.95799560864995], [114.96835067762731, -30.00229161913328], [114.95851152197275, -30.0413206398907], [114.98404915155847, -30.079073348549205], [114.99464868318763, -30.117833608096703], [115.0062307848902, -30.15922948759846], [114.9974020592701, -30.200293338303197], [115.02040450879727, -30.23327561709407], [115.04108474876051, -30.267978626031564], [115.02382788443927, -30.311245887240787], [115.04261582490982, -30.34928166630472], [115.05145378727791, -30.394654615987534], [115.0567407800721, -30.439414685876446], [115.07120668115546, -30.478045645199224], [115.07576268386252, -30.520462645120848], [115.09492292418585, -30.557534594162775], [115.10201586668784, -30.601738763944134], [115.13175868667776, -30.65296569243281], [115.15224880792846, -30.70446260146593], [115.17225974893158, -30.752058650511398], [115.1902577196859, -30.79305373964628], [115.21980172875448, -30.832672638106292], [115.2421836384596, -30.868060636966003], [115.268034907421, -30.90007197561235], [115.28967024796782, -30.945174014562994], [115.31683781738256, -30.985568953176074], [115.32643764934551, -31.027842672811026], [115.34764374922955, -31.063924921751752], [115.37061275902688, -31.102113160602645], [115.38782728964561, -31.14075637978736], [115.39924661113403, -31.18035564930913], [115.42399883153941, -31.229859448113437], [115.44110433287358, -31.27778271734937], [115.48757851125559, -31.340469614980904], [115.5155987899194, -31.373759673537496], [115.53913420929435, -31.408276922356762], [115.55966370948417, -31.448027161371478], [115.58090582949296, -31.48681260034354], [115.60848179909534, -31.53197656898905], [115.63523268791926, -31.565621637633253], [115.65307285824639, -31.60263665679529], [115.68027375758614, -31.644067605453916], [115.69734856803007, -31.681373564663502], [115.71876227877237, -31.73068673368515], [115.73314083099515, -31.786432583129276], [115.73669432356056, -31.826595223108455], [115.75213149484021, -31.87205063244914], [115.75425664232336, -31.973824642779103], [115.75084276652507, -32.022287583182134], [115.72438443275387, -32.054042814795295], [115.76046482594911, -32.03275358269287], [115.77380287070518, -31.98919565176001], [115.81914268409137, -31.987504639237965], [115.8545099668435, -31.95870260715533], [115.89154370989876, -31.936880625016634], [115.93621167299901, -31.92996654253028], [115.95810392725359, -31.89517814117554], [115.93631766306258, -31.931009552529083], [115.89874114014152, -31.953662044694564], [115.86377651672997, -31.974643636714152], [115.8559328612457, -32.019289577344], [115.89726986522301, -32.01795056505947], [115.86074067196, -32.03773858715992], [115.84164117201625, -32.00252306805957], [115.79794034936363, -32.01683367054192], [115.76031761656596, -32.040527602735224], [115.75064771128336, -32.08394861346372], [115.75595832402055, -32.12953528336823], [115.77045389481803, -32.16709044272716], [115.7689454681247, -32.20730985298709], [115.7560702032688, -32.250019403889425], [115.72472192985643, -32.27667762575068], [115.68618862447745, -32.26437456784733], [115.70156516541735, -32.305262657166786], [115.7393601810947, -32.32017123512525], [115.73612789482522, -32.362404715489276], [115.74390261686989, -32.40347688523555], [115.7463333320897, -32.47554448541388], [115.72792803794728, -32.516483226615826], [115.72180166211487, -32.55864483713989], [115.76189788723494, -32.57137646496518], [115.7736701588605, -32.61463497449941], [115.74702717522719, -32.64632558611617], [115.70413614132191, -32.64373810849279], [115.67068488393272, -32.61429562023318], [115.68470847492424, -32.65336444961847], [115.69755815629642, -32.695151809081814], [115.71384868686503, -32.73318101833786], [115.72489968881133, -32.77902991792029], [115.69044117194724, -32.7540996397332], [115.66926953173393, -32.711487350731936], [115.6554698606965, -32.67228407133463], [115.64211844928931, -32.62924574189644], [115.66761979307384, -32.59753501033209], [115.69448988672055, -32.566490248696645], [115.70943330136109, -32.52566159768611], [115.6678627705371, -32.56547362017982], [115.63284277791408, -32.59429262226533], [115.61646571399775, -32.641319163386996], [115.60698323881104, -32.68491567410728], [115.62195641288093, -32.76478832361069], [115.63264788673213, -32.83387389330822], [115.65285768856236, -32.89521421244004], [115.65979269117697, -32.941559532250984], [115.67372269360533, -32.998773701717816], [115.68776356015447, -33.108614341404156], [115.68526937373925, -33.14938179171737], [115.68345240928913, -33.216287302104064], [115.68103246430995, -33.275241862490056], [115.65759815121719, -33.31792256397965], [115.62287257828984, -33.34106812602039], [115.59897051735702, -33.409603057650465], [115.57366033471354, -33.45374982925819], [115.53943863282069, -33.49020308133759], [115.48721842526037, -33.54628620452104], [115.45466572284323, -33.57888298650077], [115.4041357241788, -33.62379227955804], [115.3672531310691, -33.63937790172401], [115.31992742930431, -33.65185352447993], [115.26377057827948, -33.65686597772127], [115.21679264513409, -33.65311682040984], [115.16994851109469, -33.63884446305624], [115.12967729626232, -33.62718293534123], [115.10220571755261, -33.59235781679253], [115.06509643036756, -33.558388968812366], [115.03111190369279, -33.53639264070507], [115.00948309980112, -33.570263682110344], [115.02330208095835, -33.60926266146318], [115.01940687549738, -33.65648171188602], [114.99049716323431, -33.69623208374228], [114.98863986696935, -33.73736559402052], [115.00011200998276, -33.79415813358221], [114.99399030548622, -33.84846867416374], [114.98603615104383, -33.899966094840856], [114.9919133546536, -33.95352751471598], [114.99344230835217, -34.00016706481725], [115.0011109908864, -34.04422870454849], [114.99988916473997, -34.087608704797034], [115.01923697609438, -34.139144693876084], [115.03844589780678, -34.19474966298133], [115.03290115226301, -34.237249633477795], [115.0505670827352, -34.275411692602894], [115.08251385032534, -34.305947630867664], [115.11914889754613, -34.340933678883076], [115.14899290512916, -34.36773963726374], [115.17041295846904, -34.32839729586531], [115.14686753896981, -34.29051704707224], [115.1873148614327, -34.27598045467567], [115.16492265807273, -34.31344321612158], [115.21884165934736, -34.30994430299732], [115.26257445224358, -34.3067797704708], [115.34671197989009, -34.31652715569721], [115.41792143086668, -34.34227519175212], [115.45309490692333, -34.36134385983749], [115.48585752371389, -34.38484022808241], [115.53473174808366, -34.4098050654313], [115.57787309230392, -34.42207421305943], [115.66988006260496, -34.48091163816199], [115.73514876647253, -34.53238065474993], [115.78322280205818, -34.571866622254966], [115.8677617646697, -34.64661864791358], [115.95381196748394, -34.72781255354726], [115.96685549843261, -34.76572580299395], [116.00267516643441, -34.81237908124091], [116.03858890298469, -34.8412005994147], [116.08189888653024, -34.84724060710112], [116.13705562749854, -34.84473093412388], [116.19585646952115, -34.86305331105094], [116.25073997173993, -34.87604117817891], [116.28935273705719, -34.89539062620834], [116.33152005182606, -34.91515248405796], [116.36703487757966, -34.93395257226169], [116.43634460953086, -34.9740331487858], [116.47857652503534, -35.00396984670093], [116.52255397782594, -35.00247621440183], [116.56647851195719, -35.01837278218616], [116.60569830660123, -35.031152320208825], [116.64264860233834, -35.053548958395204], [116.68117204494118, -35.03818114634857], [116.72159728821654, -35.035665924264464], [116.75753821090174, -35.015718172342886], [116.81046466310588, -35.025753339688414], [116.84841293844127, -35.045360027844666], [116.88879416226256, -35.05009460582156], [116.92888447555788, -35.0471736337877], [116.97082289670742, -35.019338901562584], [117.01195185085378, -35.03010628954825], [117.05574265379279, -35.03041020736418], [117.09795748711089, -35.0324205452736], [117.13414369260408, -35.05085331355841], [117.18242004247384, -35.01911236103962], [117.22612224571039, -35.02333325890778], [117.26855089876292, -35.02220194682347], [117.31543565225267, -35.03715927459818], [117.33628612589004, -34.99560749340573], [117.36916586870215, -34.96947358169685], [117.41059935269759, -34.979132649731994], [117.45520996462095, -34.96694397752773], [117.46889776521687, -35.00648722703874], [117.42849190283272, -35.021605969049794], [117.39571366646062, -34.99812804053324], [117.336206307396, -35.01638774349837], [117.3803384509757, -35.026464341398956], [117.43492813387175, -35.050799278864254], [117.47914126832227, -35.07355516683377], [117.51913157193972, -35.075049244922646], [117.57538292423885, -35.09530122232366], [117.60852437074246, -35.12212989086268], [117.63717164373215, -35.08859535935999], [117.6655788965023, -35.05117246785499], [117.7081145293599, -35.04767779583371], [117.76216229106625, -35.05450111332491], [117.83890795087089, -35.087306919883694], [117.87577218624557, -35.10719297825753], [117.9149590104873, -35.116181766482754], [117.95362499492455, -35.126867644745815], [117.99188366674886, -35.09820805286324], [117.95213458281451, -35.092365254664884], [117.93261825347508, -35.05555993540477], [117.90310473018432, -35.083592506889616], [117.86794380408801, -35.05723444840446], [117.90866356623621, -35.039068476439574], [117.93110164027239, -35.004989255255204], [117.94783513476825, -34.963933654305094], [117.97940364793435, -34.9384590527415], [117.97972032143971, -34.99091571295538], [118.02319652607214, -35.01568495106979], [118.06261421882955, -35.003042149214274], [118.10876879019888, -34.98588844703945], [118.1674637713125, -34.995215604422626], [118.2059109360107, -35.00920243275088], [118.19040310574178, -34.967359063265945], [118.21208051958615, -34.92747232211526], [118.25078822255195, -34.915720790325885], [118.29110045570606, -34.91069429850065], [118.32955322866466, -34.89807189673145], [118.37052918247038, -34.90458259494088], [118.41092599569828, -34.900830223137696], [118.39489825510387, -34.85191779362979], [118.41654789757533, -34.789703772398305], [118.45665375839447, -34.74745876044439], [118.49692208062075, -34.72716908858711], [118.54104667267833, -34.713758526598816], [118.58002194564932, -34.70161385484787], [118.6200849282684, -34.68658604304325], [118.66609224970377, -34.6677873409721], [118.70679452237073, -34.654901829163755], [118.74596767505652, -34.63830932741102], [118.7775741482696, -34.61063457593725], [118.74256094201395, -34.58097774729945], [118.76447144581311, -34.53768550616838], [118.80671500785742, -34.51806535428004], [118.8446745608318, -34.50229171259779], [118.90255826156807, -34.50160678014954], [118.93466335360381, -34.45507422858883], [118.98513390532749, -34.45099057645637], [119.05291479512823, -34.46060894367792], [119.09479572884658, -34.46696911197281], [119.13411389320916, -34.4773310203988], [119.17355012794911, -34.49441147885714], [119.2178937110917, -34.49794782706022], [119.23866308994819, -34.53443600638019], [119.2788707128827, -34.52351946469736], [119.27590096092473, -34.48241196463016], [119.3009243348902, -34.44769240345811], [119.3464022675655, -34.4462102716162], [119.37173983547979, -34.479477290749905], [119.40796126846253, -34.45813053920071], [119.39109030899785, -34.42127707970714], [119.40485850439305, -34.37980333896545], [119.4475311968879, -34.36720461720372], [119.49100433094928, -34.383864325552466], [119.52690057639956, -34.40389616422403], [119.56516322948315, -34.389326482648606], [119.52860914402177, -34.3672426839877], [119.49915868655069, -34.32999158498108], [119.49297295519945, -34.28950427503959], [119.51789532895135, -34.2493513938671], [119.55409186034983, -34.19888646220452], [119.58783482343304, -34.17083264074706], [119.62111504525356, -34.118965689201566], [119.65030882889917, -34.08768293791526], [119.6909635116336, -34.07199788625947], [119.73385987427021, -34.06072807454441], [119.77606116582761, -34.02796503276324], [119.80138734001872, -33.99473864163418], [119.84438871205789, -33.97242193988265], [119.89324439429573, -33.97023917801069], [119.93659638776198, -33.974792176388554], [119.97579084044662, -33.95299323480685], [120.0279012310205, -33.929276182738455], [120.07718107343523, -33.93140066090863], [120.1180533679958, -33.94915839947441], [120.17673560805856, -33.934811137239286], [120.22038636122804, -33.934671565635924], [120.26994123364156, -33.93772876384072], [120.31547570675767, -33.94225316220847], [120.36669676930072, -33.95294357040959], [120.43658009933812, -33.97186798799402], [120.4769927421675, -33.955432366476195], [120.51802424472476, -33.93539869492604], [120.55838787795518, -33.926399133459036], [120.59348200044228, -33.88623226203425], [120.63900997360807, -33.891715440469135], [120.68303776644116, -33.88589625891061], [120.73301103896927, -33.89260643721549], [120.77976311133641, -33.88592843557696], [120.82364709431832, -33.88259140406142], [120.86043119744961, -33.85954735269971], [120.90615638040511, -33.861434091162096], [120.95359521320727, -33.86572440958752], [120.99584011671615, -33.86790209818546], [121.03598409005484, -33.85966236681024], [121.0794360933959, -33.86228640538528], [121.12349395596664, -33.85061537387907], [121.17277679904531, -33.86707188234724], [121.21025276203815, -33.84231702100816], [121.25526904521892, -33.84675734957364], [121.29634902850391, -33.840185368220325], [121.34824190983983, -33.82782440650112], [121.39932288146123, -33.81880112483516], [121.4593591324077, -33.82567737297674], [121.5009361663533, -33.835324391722686], [121.54659429889946, -33.82797593026608], [121.58548511357334, -33.844745389145324], [121.62767604806642, -33.86929640796807], [121.66790280208683, -33.876342406772444], [121.7308109721159, -33.873274394847265], [121.77510288622419, -33.89722636363042], [121.82001261917205, -33.896705512283106], [121.8648420918956, -33.89063524091932], [121.90810601414368, -33.867494159525826], [121.93339203878786, -33.83427500861751], [121.97906185177727, -33.83719515729489], [122.03079161401948, -33.844965045829646], [122.08539166787392, -33.90278483454165], [122.11392200596137, -33.96489527403181], [122.09330257076651, -34.00282583480998], [122.13295240483686, -34.0102554737131], [122.17303198831145, -34.00485532254723], [122.2139114418871, -34.00498527139303], [122.25648167504505, -34.001365070180015], [122.27451150052443, -33.95946441946796], [122.31057112393647, -33.93630404834902], [122.35105089738218, -33.93118385720326], [122.39926059905777, -33.91185348578173], [122.44444036226317, -33.91921321458557], [122.48828024598095, -33.93446311347376], [122.53606008851378, -33.93525298219229], [122.57504997289608, -33.94832299121599], [122.58814974938093, -33.91020269067646], [122.64142937032916, -33.89179242917379], [122.6898592026835, -33.890272207894625], [122.73490899568507, -33.89189195672895], [122.7738287890605, -33.87772165565043], [122.81268865340311, -33.88937159470993], [122.85763850675886, -33.9003014836173], [122.89725834034213, -33.89466122258435], [122.9434780627785, -33.88583091137633], [122.98607775603678, -33.88399075030276], [123.01676739029607, -33.85782040940829], [123.05983727372458, -33.86266993837022], [123.11430712611643, -33.88899993717122], [123.14600693238368, -33.92451036658178], [123.16244719133314, -33.968550696407725], [123.1519974944422, -34.010621196873224], [123.19235736796308, -34.00710093588327], [123.23430706072718, -33.9887905447873], [123.27543679381257, -33.975850253745286], [123.3082463778554, -33.95235986285216], [123.33029588325716, -33.918769562163725], [123.37145542603038, -33.89587915108654], [123.41230519955475, -33.893818940129805], [123.47402505027952, -33.90616868877676], [123.50714521595783, -33.933018768160785], [123.55303501857911, -33.927778347098226], [123.57121449450543, -33.88996771649679], [123.61048377796487, -33.87803704555926], [123.64964323108913, -33.85481619457265], [123.69366324346024, -33.83147698348528], [123.7311532669242, -33.81003722255746], [123.74750285297813, -33.76531660197232], [123.7569433601949, -33.72305540154995], [123.79646317259038, -33.67600555045539], [123.85317190267912, -33.640124859059235], [123.87508113803372, -33.599004148381916], [123.93074037903138, -33.58664421714786], [123.97602964118046, -33.558592686059704], [123.9853392883331, -33.51091223561871], [123.99800986389148, -33.42636140491591], [124.01334066032287, -33.38509928438444], [124.05270079199754, -33.30672192316756], [124.07911966629106, -33.24921110232796], [124.08875891368045, -33.209630631924426], [124.12340747626592, -33.13508954083223], [124.15431666045494, -33.09604882000616], [124.19817563257536, -33.05281790890462], [124.23866478545122, -33.017577107919166], [124.30539378433184, -32.980895996422944], [124.35442313634535, -32.96005524536775], [124.39358270012649, -32.94906466456224], [124.45827207998681, -32.935563793270475], [124.52284159006574, -32.92940297203775], [124.57328115228908, -32.923432321080945], [124.61651082564006, -32.91884177027229], [124.66740036774114, -32.91046109931458], [124.71277000072668, -32.903940518475096], [124.76632943235273, -32.89224977747388], [124.81404883468088, -32.87284904654373], [124.86016810712871, -32.84789829562043], [124.90022755063495, -32.82854764483805], [124.92805678563771, -32.79414702418542], [124.9782560274592, -32.766926203203965], [125.01642531102323, -32.73625549241069], [125.06878474283722, -32.721624751480796], [125.13690380197643, -32.6924637202333], [125.17616323565528, -32.67235308950515], [125.21673260912539, -32.651212418757424], [125.2567620427008, -32.63074179802845], [125.3152812434756, -32.60790091701334], [125.35485081732676, -32.596300346356045], [125.4191802675525, -32.587739525357854], [125.47310962915319, -32.57011875447736], [125.51063914326451, -32.555328203857975], [125.56025949545557, -32.53407753303873], [125.59641215951167, -32.50504720237383], [125.64317204199405, -32.47543898156539], [125.67937857602472, -32.44403523089881], [125.72157304928405, -32.41812075018761], [125.75870091334562, -32.394336279562424], [125.8012346465487, -32.36671098885109], [125.84139340025341, -32.34674117822013], [125.89900528121584, -32.31677800731932], [125.93739411523781, -32.29869906673721], [126.00588194476664, -32.276727855771135], [126.05785110704487, -32.27285672512256], [126.113999778638, -32.26456511441184], [126.16069827133221, -32.2377245037195], [126.20314846500108, -32.23226300320389], [126.27638719450549, -32.25043156248681], [126.33151580655289, -32.26130097194663], [126.38942493823262, -32.275540431409134], [126.43901409105932, -32.28489053094443], [126.48278528469686, -32.2912788405326], [126.54964623494733, -32.29925638990943], [126.59648404806067, -32.30087381946201], [126.64505576094669, -32.30473341902024], [126.69097928422102, -32.30857988861299], [126.73424874780258, -32.30586944820185], [126.77258758197938, -32.292327507781344], [126.8194337850874, -32.29362877737676], [126.87039781761108, -32.29693515695797], [126.93928089747143, -32.298632846393986], [126.99500219917361, -32.2914063359039], [127.03520186320517, -32.28758545556643], [127.08481156584043, -32.28270487515852], [127.13151122892005, -32.279054514789486], [127.20210042849487, -32.27676369426766], [127.26146007965411, -32.26681278379965], [127.32596900005915, -32.25651224331091], [127.37103824329523, -32.24189152293754], [127.4149179467658, -32.23334062261473], [127.46410679943068, -32.221200182247934], [127.51882646132988, -32.21410981188868], [127.56971548361511, -32.18311910142606], [127.62014482609835, -32.167448651064554], [127.69191425540211, -32.142978260556035], [127.73686370873408, -32.13073768026634], [127.78406269175039, -32.11961697998133], [127.83203116468414, -32.11241756972499], [127.9030549342245, -32.10090686935849], [127.96849263457545, -32.086316479016716], [128.02238049663646, -32.073965708746925], [128.07360038907012, -32.056185408466845], [128.11792029252925, -32.04020533822994], [128.17731943379104, -32.022474917946795], [128.2252986467314, -32.00531457771242], [128.2696181802273, -31.991844207518376], [128.314277783684, -31.979353677337535], [128.3948678318598, -31.94450292696057], [128.4356470559091, -31.934783106826465], [128.49483595726164, -31.91189164659287], [128.5432898401731, -31.88151655634431], [128.59024135335187, -31.871642156227573], [128.64234363577646, -31.850920866051563], [128.68213260999016, -31.825669305869305], [128.71702167492793, -31.805589295727003], [128.75466149947803, -31.787310575599108], [128.7929417739422, -31.764849635452208], [128.8607712541582, -31.735680605269685], [128.89637064903332, -31.717028945161786], [128.94832912156193, -31.70091723507962], [129.01668893174295, -31.684636405018036], [129.10061822969988, -31.66910563499597], [129.19474704619878, -31.6586732850484], [129.2397364997451, -31.65601287510066], [129.28921607265247, -31.651782715160348], [129.3380253256627, -31.646132785220633], [129.39035456817007, -31.64094219530174], [129.43279409209447, -31.637201735378895], [129.47378355623536, -31.631641245449046], [129.527792668526, -31.62267041554255], [129.62965502395775, -31.615704775812382], [129.68092463660736, -31.616714305992097], [129.72611422014603, -31.61410387613879], [129.7719396336144, -31.607887246274988], [129.84310353342406, -31.607732796561443], [129.88598332735614, -31.595602306671964], [129.9383631499033, -31.588611746864725], [130.0106728495746, -31.586111067193222], [130.08734251860943, -31.585810347580185], [130.1337921920102, -31.579779867791455], [130.18434479480217, -31.577103288055397], [130.24740346581385, -31.57375321839986], [130.28838367994453, -31.575142268654467], [130.33574133312405, -31.581088008984022], [130.3770027171938, -31.584611279268955], [130.4260008901978, -31.5835273595848], [130.48881260112756, -31.593030240070995], [130.5348298645745, -31.590157130378095], [130.5993894453584, -31.588666700839664], [130.66433056595818, -31.59966926139824], [130.70750067975135, -31.602688221753386], [130.77872055951002, -31.607577292356236], [130.84611936998274, -31.597746242858396], [130.89341738343347, -31.579754453154415], [130.93536696756698, -31.56928395345845], [130.98313659094336, -31.553303263788823], [131.02640627496703, -31.537612544088898], [131.06272669007166, -31.515484254291827], [131.10158542497317, -31.481944214454266], [131.14864512852216, -31.463640114796632], [131.22796446693545, -31.486353235725005], [131.272094350403, -31.504512256287338], [131.31387450422213, -31.520852216822256], [131.35185450857227, -31.537392237325488], [131.38905438302666, -31.553921287826476], [131.43535335617915, -31.570209238431943], [131.49956337661962, -31.595978939306637], [131.63149399679557, -31.656548061207], [131.75858532752133, -31.720246243142117], [131.80279547075244, -31.74485629384687], [131.85193545309653, -31.77890526468156], [131.90942531419464, -31.814274265643768], [131.95414591724412, -31.842308926405405], [132.00140540978265, -31.87736998725334], [132.07300544868238, -31.917726738477505], [132.11064767265668, -31.948156479187013], [132.1350745184594, -31.982385379740307], [132.17641737176325, -32.018299010546436], [132.21934501540613, -32.02463139119984], [132.26030220930795, -32.032177931839925], [132.3033674931502, -32.02743827244225], [132.34319592763413, -32.014484572953215], [132.3839232016987, -32.01572899357249], [132.42096467665942, -31.99977520403585], [132.45324983146514, -32.02396700468096], [132.4464253535826, -31.970711294245234], [132.4784552694654, -31.946271264587676], [132.52853012245785, -31.93533285530118], [132.59521203283916, -31.934313876352206], [132.64380042554507, -31.946428287210164], [132.68291713969404, -31.955035697901128], [132.73063172281203, -31.95413801868176], [132.7850743547576, -31.961908209639272], [132.8264952783057, -31.981552250462048], [132.8621243026037, -32.004581791214015], [132.89482508729708, -32.02843424192598], [132.92875059186576, -32.04969244264771], [132.97421367471182, -32.072518653587366], [133.02081536750876, -32.090123314523645], [133.08835024676915, -32.12700727596818], [133.13418558905343, -32.16824585706111], [133.1257645992564, -32.20876962716001], [133.15535339589707, -32.17100366746715], [133.20857199779653, -32.18424130853588], [133.24639872176652, -32.20394223936728], [133.29305637556104, -32.18091316010518], [133.3379020590436, -32.18008249095642], [133.38480079183248, -32.19399686194845], [133.42641144576237, -32.19400644275922], [133.47079207945347, -32.18798913359431], [133.42974535568757, -32.17881337272923], [133.3923405616631, -32.15934758187761], [133.41969916852167, -32.12808724221447], [133.46044568327963, -32.102897842855924], [133.49241055792956, -32.12863071364982], [133.52721443205726, -32.15794561452742], [133.5671550963181, -32.15518732531229], [133.574367756424, -32.113750075197316], [133.60913611217617, -32.08506172572152], [133.64749403627505, -32.09683044657913], [133.67211612176212, -32.129764717292815], [133.6914890379256, -32.165412537917454], [133.7228429424719, -32.196244558762714], [133.75921660659117, -32.21614950964876], [133.76293088487182, -32.25662874998145], [133.80834931863225, -32.24310146085514], [133.84769197230025, -32.26292339181755], [133.87663588722316, -32.2913643826171], [133.91102683095548, -32.332549403618316], [133.9343058763464, -32.37222947437313], [133.9469379333009, -32.41156371489557], [133.90810617862505, -32.424326234131975], [133.87161431477747, -32.39804008317983], [133.8557394156892, -32.445755123138696], [133.85927742385286, -32.489844953491016], [133.85402646336624, -32.53210788364325], [133.89370338723097, -32.54120533455368], [133.91867124488482, -32.49676321481556], [133.9642840781591, -32.49669353580926], [134.00320388294503, -32.479564856556955], [134.04791140698399, -32.45929641741992], [134.09162701063386, -32.456532168379105], [134.13212069467852, -32.45635793928987], [134.18392345622127, -32.48256894063162], [134.2147564207482, -32.51167508152075], [134.25017441427676, -32.550410352580485], [134.27198523986573, -32.587152353316824], [134.2793961567884, -32.648193383872666], [134.28442202475182, -32.687894364238886], [134.26741119609733, -32.72427881407189], [134.24073440897527, -32.75800055366578], [134.21557062155838, -32.79418045331258], [134.19719677552894, -32.755874992651144], [134.15513820267043, -32.728333881519085], [134.21452865376594, -32.73043037288938], [134.1742910301524, -32.717933491889966], [134.1212644179093, -32.722066390712534], [134.08060265435137, -32.70955899971966], [134.09093551153296, -32.75034547020659], [134.11988931612598, -32.78493960107484], [134.13838309186988, -32.83207625178779], [134.1168682039439, -32.868094071526116], [134.07153543023486, -32.883800830605175], [134.08090939748547, -32.92650325108138], [134.11918924212156, -32.91458361186855], [134.16616203470474, -32.92627396300714], [134.2016649881895, -32.96316938404904], [134.2015132568387, -33.00569564431066], [134.1614535326689, -33.01183883343319], [134.16778551044098, -33.051510693824426], [134.20934422456412, -33.039557434701415], [134.24206690885785, -33.063383475604084], [134.26252927432532, -33.10756987635321], [134.2602325831957, -33.15261696658011], [134.29491111717363, -33.17608693753338], [134.33591904022663, -33.198228928632446], [134.35279207903395, -33.15734486877575], [134.3236847544165, -33.127856717907065], [134.28441650083153, -33.11328219689785], [134.26100923568447, -33.073077906103215], [134.2785430642497, -33.03621539628102], [134.29257432083037, -33.07590594685537], [134.33353078390235, -33.09852174795571], [134.3688931759773, -33.175884979271714], [134.40682335078554, -33.15952508007075], [134.4475645750499, -33.14689920096652], [134.49104661812822, -33.15704676207757], [134.5303518115628, -33.17506332314402], [134.56827202524428, -33.19177089417501], [134.6033222691653, -33.2138625251749], [134.6308462938957, -33.245149396050735], [134.66216632006194, -33.219121136666935], [134.62315564671903, -33.19788736556541], [134.57636994410373, -33.18930181435831], [134.5881741540117, -33.140559564344244], [134.63242591656686, -33.16218425557219], [134.68479000832775, -33.17123491693283], [134.7174088125244, -33.19566372790375], [134.691354015271, -33.22947291746084], [134.71931622980324, -33.26392572837794], [134.75201930385396, -33.2913684693746], [134.7837997081071, -33.316783230339745], [134.826576529235, -33.38177898183761], [134.8464855540155, -33.44148598272082], [134.86062064950985, -33.50535480348235], [134.8634093975662, -33.54657770381055], [134.84669947875855, -33.583946763612], [134.84038515826836, -33.6237259036964], [134.88435535091116, -33.639615544929725], [134.9070220261742, -33.67312029572576], [134.94673686913612, -33.697505356912984], [134.98446596257173, -33.71715235802532], [135.04027891251064, -33.7549893497364], [135.0788568448249, -33.799816371042674], [135.11376784848102, -33.824048342129046], [135.1512938913377, -33.858138343352465], [135.18795087454043, -33.88641933452229], [135.20344384056793, -33.92629436519134], [135.24216029288363, -33.96825117651048], [135.2626971581766, -34.00618513730977], [135.27527144419378, -34.05692012797004], [135.27477997260266, -34.09877123821492], [135.2525944345255, -34.13784073784474], [135.2678869105525, -34.17726954850893], [135.31540260209323, -34.20192038997587], [135.34418977515844, -34.261421871143824], [135.3510207123178, -34.304921641602256], [135.35984768933403, -34.34403723208955], [135.36560486675617, -34.38498032250226], [135.36910309434205, -34.43057747288019], [135.3913392194261, -34.46443717371209], [135.39013604797492, -34.50448915392379], [135.39528125542327, -34.54666882432688], [135.3892431643975, -34.595051424453054], [135.4063921433077, -34.55503467469105], [135.3998252859917, -34.515227424262235], [135.43636312946836, -34.53232090539873], [135.43170181727064, -34.60341862570204], [135.47297342012763, -34.616635856954595], [135.50804728543, -34.5949719578234], [135.47690264929955, -34.62143736709591], [135.43827959496798, -34.633619746073], [135.39379902178425, -34.640846804861134], [135.35885337850658, -34.61323626371159], [135.34078143303807, -34.572986202960394], [135.30124354012207, -34.5538978217434], [135.32473643777794, -34.519400932185285], [135.28514639453584, -34.50820067101785], [135.238977362017, -34.50495364972494], [135.21419127724923, -34.4727408388482], [135.20764930992115, -34.43178645841857], [135.1789285631942, -34.464241377833794], [135.1463179668997, -34.501696447177416], [135.13424840713887, -34.544337127111234], [135.11740182837156, -34.58125184688159], [135.15861927256194, -34.56174285787757], [135.20269976578427, -34.555306949038666], [135.25243760798858, -34.55185683038192], [135.2848056916994, -34.57972145144573], [135.3213846047095, -34.60798298263364], [135.3495654383677, -34.6529119136941], [135.32502945093069, -34.6863618432135], [135.3671920943038, -34.68316289437218], [135.413787656025, -34.70277613580274], [135.45518959829423, -34.7289753871352], [135.4868922519672, -34.75853931821844], [135.5292848031898, -34.805123149716636], [135.55857615725702, -34.83383915073512], [135.58610248152556, -34.864248211716436], [135.6144638457315, -34.8927112127134], [135.61834744338566, -34.93276592307034], [135.66473076555883, -34.9403161644715], [135.69248561237308, -34.91028105510378], [135.71271869106926, -34.86508781542449], [135.75184022515225, -34.85613588652771], [135.79209760845282, -34.860942227755324], [135.8462368388633, -34.880439809496785], [135.8525606860794, -34.920203109929986], [135.893162509043, -34.93091332122148], [135.93243741171148, -34.95286240254824], [135.94316950823952, -34.99144042311082], [135.9840885517042, -34.989437384350225], [135.9923958121988, -34.94884513435722], [135.98618664499327, -34.90925348392459], [135.96267766031102, -34.87543617299769], [135.9835861790412, -34.828880033352796], [136.00813577663422, -34.79476066389759], [136.01274273778208, -34.75299627378305], [135.97925096416702, -34.730487672616405], [135.99007591067758, -34.76943982318739], [135.94963121734062, -34.76564551192658], [135.91459688199515, -34.78738675099347], [135.86061984978036, -34.80744494948345], [135.8054198484095, -34.81311334786099], [135.84638113448153, -34.75286829872053], [135.89141664731787, -34.751433390070396], [135.8607063536021, -34.72076163895493], [135.85396981712606, -34.66536736841211], [135.87229759602354, -34.623971878710144], [135.91314370965586, -34.6204984199248], [135.90581557257474, -34.58104934945981], [135.92823898048104, -34.54773087993538], [135.95676168759337, -34.51065233057573], [136.00152061052876, -34.50956117193948], [136.0380478360616, -34.47986510288077], [136.08290748824342, -34.495292104365056], [136.08506000586362, -34.54023428470952], [136.11240025301075, -34.50737606535758], [136.12177663334145, -34.467407015403005], [136.11669513604213, -34.425725114986456], [136.10378783004455, -34.382514384316536], [136.12817486787802, -34.34534721484671], [136.17519923070404, -34.33992209628672], [136.2199084050635, -34.30915692750541], [136.24765577208677, -34.27887477819627], [136.2697202402334, -34.24381551867942], [136.29373373803423, -34.209796219233084], [136.3243972345321, -34.18158883003828], [136.34288083347298, -34.14206745038484], [136.3476245545789, -34.10230823028888], [136.3987297394339, -34.04155656155732], [136.4314734455323, -34.01593341245876], [136.49748558635912, -33.99260136446709], [136.5368285615759, -33.96448635558342], [136.57475778668913, -33.943424366703624], [136.59269155600103, -33.899548377021866], [136.64475473852482, -33.88731342867784], [136.6848689632969, -33.86697361989267], [136.7215160989104, -33.840532260958724], [136.7784913105747, -33.8309986728265], [136.82030829564002, -33.79995151405397], [136.87854538734493, -33.78609680596134], [136.91961062187622, -33.76878335726705], [136.99168198298017, -33.72477961948916], [137.03728802681582, -33.70799616097658], [137.0774062311544, -33.69813175232329], [137.12433555382216, -33.70073222399718], [137.1685157275764, -33.690280805499455], [137.20949967265983, -33.66355152679186], [137.23699881033593, -33.62675244754259], [137.25939801868464, -33.59223045812721], [137.2862028871334, -33.54287063877779], [137.29811513734677, -33.50348789895614], [137.32026446578286, -33.4684850995335], [137.35415895191173, -33.44378818060562], [137.36696935196628, -33.40520323082443], [137.38054775195965, -33.36563430106536], [137.37763618453204, -33.32444743069459], [137.39325567410944, -33.28706652102422], [137.42369134160688, -33.24687852187912], [137.43825305195105, -33.19806861209871], [137.4434158333659, -33.1558926920162], [137.47379762041678, -33.12501395293461], [137.51155953566155, -33.10777338421788], [137.54271746252684, -33.078611425184555], [137.56980787009243, -33.04787428599331], [137.5997494770346, -33.02107524693701], [137.61146516774002, -32.97454781707347], [137.6470766134676, -32.955116398282804], [137.69150316662646, -32.959546319985115], [137.72127533054868, -32.99049804131237], [137.7673954434668, -32.99453158309066], [137.75961634703586, -32.94951519250193], [137.7586854993987, -32.90793241219602], [137.79915249416229, -32.89364742364601], [137.81008449466137, -32.85419243380696], [137.80574848755674, -32.812186423367216], [137.79886448087893, -32.76914541282323], [137.79611749342087, -32.72919342245738], [137.75315981017224, -32.72122481076867], [137.75177949268047, -32.677861420432876], [137.7600004937395, -32.63519542046638], [137.7646615055705, -32.587846430333734], [137.75016050055436, -32.533850419428695], [137.75453974228117, -32.489130739301785], [137.75987352376217, -32.44642740922422], [137.75883152159366, -32.49029141947253], [137.78389551584803, -32.5296354206848], [137.81855447921984, -32.55896042220105], [137.80304650907973, -32.60414441190408], [137.8309034833184, -32.63552243317568], [137.86765247640048, -32.66391342477308], [137.83757449910829, -32.69579041382588], [137.88746748071162, -32.71542742587369], [137.92041448428827, -32.7444944273371], [137.90205246389195, -32.80177941700123], [137.9115777702641, -32.842716517636795], [137.92643333602678, -32.88021980845669], [137.9381656015871, -32.92977114923472], [137.95150054713312, -32.975041370047485], [137.9643100329584, -33.01646718081534], [138.01879120379058, -33.0356075330667], [138.03999367858785, -33.072541654138156], [138.0544155540761, -33.115082424981246], [138.02423856684342, -33.14657045400153], [137.9768992739929, -33.14539848214374], [137.93215451927296, -33.17124538057135], [137.89299447464512, -33.18032795911421], [137.853608279653, -33.19682040770279], [137.8274795019272, -33.22714843689548], [137.81128131228505, -33.26542345652224], [137.8347633967312, -33.302551427662564], [137.8652002707207, -33.328617409001524], [137.88678731550203, -33.3644244500654], [137.87556038497382, -33.405000409893965], [137.90502854876834, -33.436762401237345], [137.93048827243075, -33.48169211251368], [137.93976353779243, -33.54005335324974], [137.97896647106396, -33.553851524864996], [137.93535951776377, -33.55266131315982], [137.92923525603422, -33.60070390323104], [137.8932377601466, -33.62559907199657], [137.92424537697792, -33.597398043016184], [137.87744198407262, -33.598108611209796], [137.8470530364398, -33.63933138030361], [137.81305628024126, -33.66470144916099], [137.77631863420592, -33.694947557949625], [137.74241813732306, -33.73300570690159], [137.72547866791265, -33.76990891649392], [137.68078573306946, -33.80140588500263], [137.64379860719038, -33.830423643793424], [137.61621460953234, -33.86578645298269], [137.63071251502794, -33.907792423794504], [137.60027053819374, -33.936299392834094], [137.56371363195, -33.97162240169258], [137.53069657547795, -34.001232410651596], [137.56369636888206, -34.02873541205461], [137.55518843804347, -34.06888343199213], [137.53106559003797, -34.101591391301696], [137.50676451189113, -34.13761137062786], [137.4593496296104, -34.13148840883651], [137.47488939438236, -34.18398946974183], [137.49991155819347, -34.22649042093582], [137.49861336595052, -34.27203241117521], [137.49795851350325, -34.31945440145], [137.48203754317976, -34.371992441191736], [137.44666429735142, -34.398025380050214], [137.42772039799874, -34.44169941962779], [137.4696704621412, -34.42752946108412], [137.48664445654597, -34.4816514120516], [137.48333028452294, -34.52883742222515], [137.5067482779346, -34.582001413425985], [137.5054565845138, -34.648816413796546], [137.4878014938555, -34.71271443354187], [137.47711451306824, -34.75862938343316], [137.4596145832078, -34.80761638309219], [137.45660246040586, -34.8681184333579], [137.44876560937232, -34.91030441333132], [137.41535760320684, -34.938645412278], [137.37495225889487, -34.95373138089097], [137.32049331886319, -34.93135540876726], [137.2910182952254, -34.901006417509876], [137.24745256248394, -34.89618438590675], [137.19967048992683, -34.9006804242184], [137.15610150610985, -34.91633745275895], [137.09338334601418, -34.91993439055467], [137.04794957416146, -34.90383841885243], [137.00463258992, -34.92730539747792], [136.9731293732765, -34.96069737658402], [136.96824665202172, -35.00040040665905], [136.9350316262082, -35.023384435645795], [136.9551585208534, -35.064226446597026], [136.9459864001598, -35.10658141653898], [136.9200124124823, -35.143406375864174], [136.89434766487298, -35.17812341518963], [136.85166964109513, -35.19225143380595], [136.84218260053404, -35.23356144373356], [136.84860352736578, -35.27510840420874], [136.88273839049668, -35.30034836553864], [136.9199944151772, -35.28543338673564], [136.96686244847777, -35.26701641825176], [136.9878515168341, -35.23271543877371], [137.03631941953805, -35.221192380401504], [137.07669447269276, -35.22634345185575], [137.11857653527954, -35.237575453407786], [137.16018134852024, -35.23722543488615], [137.19291038446354, -35.21326140590841], [137.21870150223202, -35.176391386606134], [137.2586503466642, -35.15914540793793], [137.298117499765, -35.168294439421835], [137.34781545198177, -35.162990371195924], [137.37355258010749, -35.12048744187301], [137.42284739333985, -35.09808139354204], [137.46411060659875, -35.09920441507002], [137.50498748896922, -35.11763244669805], [137.5548244709084, -35.117441388552194], [137.5952715031586, -35.139039410199544], [137.63068941616015, -35.161596461670335], [137.6778943881609, -35.16772844349064], [137.709625474796, -35.1360984044978], [137.75911647801152, -35.11434143624794], [137.7440534027775, -35.07308939541677], [137.76115120352816, -35.01088644568233], [137.77017930457507, -34.96656747575129], [137.78915236359083, -34.929970406249204], [137.80007043480026, -34.87753244634036], [137.82394639326003, -34.83711542700461], [137.84961330143645, -34.79682242774076], [137.8674563215211, -34.74507846810518], [137.87708345247728, -34.70115746820172], [137.88645534389465, -34.64985846824211], [137.9076834524532, -34.615854488850836], [137.87642321938583, -34.58094744742073], [137.88531126117977, -34.524295407407735], [137.89872738149677, -34.481171447655264], [137.917658080992, -34.437297338112515], [137.9479444185079, -34.39697546903535], [137.98641220401555, -34.369610440363466], [138.0125025119309, -34.334295421161535], [138.02174332328835, -34.28505643121191], [138.0075665481697, -34.238227440358784], [138.03082434654004, -34.203017461047665], [138.05424737503617, -34.165298461729094], [138.0879052317013, -34.13192042284441], [138.11929036495596, -34.16440045429362], [138.15896739621746, -34.208785466152776], [138.1624043029459, -34.25615040659089], [138.1975914262295, -34.2771364181288], [138.22303623026446, -34.31124840936452], [138.2252298067354, -34.36589446979944], [138.24698533127489, -34.40088363089511], [138.259599247011, -34.43980550164939], [138.27056921281618, -34.48182018235751], [138.30922336511722, -34.50903701409129], [138.3412747686254, -34.53325588554415], [138.36214371311823, -34.570463976628126], [138.39395334651067, -34.59690372809233], [138.42647432988315, -34.62161549957904], [138.4298424367915, -34.664239609986495], [138.46043228027062, -34.69192145141742], [138.493278253272, -34.72138846295667], [138.53031227595392, -34.74493946463656], [138.5466832509747, -34.7839164655613], [138.56037126629994, -34.82474946638723], [138.51616721420106, -34.810821494466595], [138.4989545445306, -34.8505983640057], [138.51209921506648, -34.80725948427589], [138.51342726734174, -34.76632649407267], [138.48169830061317, -34.795739482948086], [138.47735238851203, -34.84185448305947], [138.49820537927346, -34.938979434530694], [138.50938627432507, -34.99070143531763], [138.51762125047009, -35.03211648591819], [138.49531712148485, -35.074256465260206], [138.4717684231175, -35.10971349451085], [138.46862526109993, -35.15108450464015], [138.47061209758746, -35.20329944504829], [138.46727022557116, -35.24510947517161], [138.44240211720205, -35.284462434393916], [138.44657414345224, -35.33467245487811], [138.4104582673971, -35.36639150359345], [138.36265711445688, -35.378470501715405], [138.33024233811054, -35.40545042056395], [138.30426039966065, -35.44998645978613], [138.26028713439658, -35.49079246826127], [138.22383535920213, -35.51025046691418], [138.1831582352061, -35.52143144535229], [138.1274374523327, -35.55535748333886], [138.10869331320845, -35.59243845282274], [138.11556140967744, -35.63272246334386], [138.1492811627945, -35.65483941482236], [138.19136513523563, -35.6650764665674], [138.23206135885192, -35.659575498167094], [138.27596333283566, -35.639361489812465], [138.35890405912698, -35.640011473182675], [138.39947715241865, -35.64038643484223], [138.44020932628806, -35.6309814264548], [138.48308604914416, -35.63233044822934], [138.52236709201568, -35.64295449991995], [138.55570238801104, -35.61914544115664], [138.59227618353407, -35.594534492528], [138.6199033312992, -35.557766443454724], [138.6629362755842, -35.53636849512689], [138.69896903080036, -35.51857350653364], [138.76789930930676, -35.521767519471325], [138.81788926017174, -35.536601511692204], [138.89227066623835, -35.56373296504775], [138.9511233947962, -35.59138879775787], [138.98695196768037, -35.610382179428335], [139.06661923157247, -35.656500743186385], [139.1236804697564, -35.693322015918106], [139.17915841808448, -35.73149659860197], [139.21196424113788, -35.7545455301981], [139.26845615888678, -35.79819354298186], [139.33051690509254, -35.850544476082824], [139.41354621611498, -35.927230510298045], [139.48568012902686, -36.00154252403121], [139.52302683990945, -36.04349153599406], [139.55940700077463, -36.08768952793227], [139.59392201186876, -36.13273849979548], [139.63240709157262, -36.18779555190855], [139.6842099971048, -36.269801484811055], [139.7093300598611, -36.312449516240186], [139.7875220155043, -36.46891551085043], [139.82143509342646, -36.5568985129807], [139.84579394405458, -36.629260234569415], [139.86211279653364, -36.69458073573786], [139.86252904168865, -36.76019313615837], [139.85048385913987, -36.82348851597686], [139.825657870922, -36.85749456501596], [139.78749840478025, -36.894598833451276], [139.7481577904725, -36.90941250170179], [139.69916895675172, -36.93923652960123], [139.69328877471128, -36.9815705495848], [139.74054199367765, -37.02129051202523], [139.74393786924958, -37.07417650250392], [139.78773402945384, -37.104504514735375], [139.7929367352886, -37.149141555249095], [139.7534483412049, -37.16201640347893], [139.77103002418974, -37.216209544627986], [139.79686507674757, -37.256366556080366], [139.82134575987538, -37.29177057744313], [139.84850990295743, -37.32126457889918], [139.88193374422866, -37.36025753071119], [139.91011202716862, -37.38891253221703], [139.93923386953713, -37.42284658380273], [139.97013984170582, -37.455072535466634], [139.9977298946584, -37.48442459695887], [140.0498297959481, -37.478603569417665], [140.10649771293336, -37.51898252238553], [140.1313186557335, -37.55621057380701], [140.14485789042868, -37.59446857469108], [140.17871586271784, -37.61720951646778], [140.2478967051973, -37.686099560247314], [140.2755868076115, -37.72081060180835], [140.29860161051639, -37.75967456316808], [140.32065089380478, -37.79562957446509], [140.34240565691363, -37.834381605766204], [140.36400385973, -37.87703457708472], [140.3920575722338, -37.90884254865937], [140.43477147275433, -37.93249421091549], [140.4783077833428, -37.953273583203085], [140.50879078544236, -37.984188584907024], [140.54829465674132, -38.004778607005], [140.58446567835156, -38.028780618962365], [140.62482452014788, -38.041028541066304], [140.66244886176585, -38.0614606130875], [140.71770860267148, -38.051671855829895], [140.75994979463138, -38.05761555801476], [140.79899573854436, -38.046643559942865], [140.83935462178513, -38.04108758197691], [140.88933665229757, -38.04783463458667], [140.93048177448247, -38.053424616743065], [140.99081053317278, -38.05978563990672], [141.07870270466933, -38.09320796468726], [141.15086109889882, -38.1272015886753], [141.2277824314416, -38.170635192993515], [141.2620163132693, -38.19452614495048], [141.2952861350697, -38.22062713687419], [141.35761613922548, -38.274745260521655], [141.38731045073894, -38.31119539232847], [141.37164563959857, -38.357104131762334], [141.4011922309868, -38.3949961935712], [141.4343772280055, -38.36029237514808], [141.49920913472792, -38.37845175875281], [141.52557756727705, -38.409233700363046], [141.5656899705296, -38.40356003250604], [141.61161520306226, -38.3941952449507], [141.62108834487725, -38.35417374522926], [141.60324693184248, -38.311483664001784], [141.6503814557545, -38.284325146413195], [141.7021764485947, -38.26002447910653], [141.7696516870597, -38.25354578278224], [141.84528007279326, -38.26139498701496], [141.89988870217266, -38.27060038010722], [141.9703665673718, -38.29453665418863], [142.0366707021096, -38.331601088134256], [142.07381966322393, -38.35588399037394], [142.11307839472937, -38.371594742687556], [142.15338428562043, -38.39186843509432], [142.19764081735627, -38.39511192763109], [142.2380412700317, -38.39569044993968], [142.28014744554082, -38.362326622149624], [142.32796729743498, -38.35707965486367], [142.3725240401402, -38.34946927738471], [142.42075162949197, -38.37078165029986], [142.45539348115335, -38.39336928244343], [142.49990485283644, -38.39673269505122], [142.5633250090522, -38.42199106890371], [142.5984646805251, -38.44528073110118], [142.6443683898167, -38.47099951395129], [142.67807529165583, -38.49289874606774], [142.72063059132492, -38.52068311874728], [142.75397596291108, -38.545651330871266], [142.78766388456893, -38.56911088301118], [142.82813065612177, -38.580872355489696], [142.86027846790535, -38.60570322755616], [142.90065644017147, -38.61015251999785], [142.9370320719192, -38.627322702282], [142.9823700640061, -38.62437870499104], [143.02255509633184, -38.628529677439715], [143.05893916786567, -38.64769969975474], [143.10311802828463, -38.66377774253004], [143.15103831596258, -38.70057172566523], [143.18561128639124, -38.73380270797297], [143.21996427751833, -38.76026477023168], [143.25970214903407, -38.772950722743516], [143.2964030741402, -38.75531576489389], [143.33909112644812, -38.75479170752144], [143.3948799846861, -38.77105074106797], [143.43344996584796, -38.78920176356872], [143.46795810700058, -38.81460975586608], [143.4993490479898, -38.84705376801587], [143.54057191968826, -38.85492076063777], [143.5796139245306, -38.83597071296976], [143.61603691206872, -38.79549575501453], [143.66174793510007, -38.78263771781515], [143.67772398652178, -38.74069573857162], [143.71684698099642, -38.725616780953345], [143.75672814573988, -38.70669374336632], [143.80180698851328, -38.697833786176766], [143.83996587320533, -38.68259076851576], [143.87096620029266, -38.65680476033968], [143.90815994681225, -38.6258527925329], [143.93401012610624, -38.587975743961756], [143.97197421148937, -38.56684093627289], [143.98892988327015, -38.52061548708474], [144.01806217095918, -38.49275881879358], [144.06651314480007, -38.46875581177815], [144.11005011778016, -38.46147482455468], [144.14780005430467, -38.4303698368181], [144.18732407892668, -38.41446377929505], [144.225266993795, -38.39897981167754], [144.265856988523, -38.38044476422075], [144.29774003583373, -38.35224380614006], [144.33229224276548, -38.32324479823407], [144.3708859172181, -38.31095281070107], [144.41339833182207, -38.2907781333851], [144.4755564711051, -38.28795274748542], [144.52557241402528, -38.27131311070854], [144.56906974568327, -38.27728186364474], [144.6138851661375, -38.29223968673184], [144.65978226999098, -38.27389915969637], [144.62317711888744, -38.251451827104724], [144.66212980568292, -38.21732077950785], [144.6974397617157, -38.196340871752376], [144.7160410027061, -38.156822282762256], [144.69222866087537, -38.119953330933384], [144.6499118190941, -38.112749788046926], [144.59458482709073, -38.12896380444141], [144.55797792076854, -38.15484484215554], [144.50538533928452, -38.1619295086965], [144.46033992746553, -38.159713035692135], [144.42560409740253, -38.123799783171606], [144.39456720014195, -38.14958434127812], [144.35562298832122, -38.137187818633784], [144.37632516849672, -38.1009837797766], [144.41352625369427, -38.08447468213183], [144.45389991686326, -38.081914744788456], [144.4944858693964, -38.08500974750058], [144.51662099916408, -38.05062427876113], [144.55866924317723, -38.037527811481695], [144.59158389093602, -38.00443240347582], [144.63306864394707, -38.001814086235846], [144.6883468672904, -37.97362282977238], [144.7233604035508, -37.95143010199205], [144.76103441848505, -37.937333624446225], [144.79917545335417, -37.923157316937235], [144.80774083644624, -37.88062980725436], [144.85037477082346, -37.8639303300418], [144.8921564231546, -37.8675918529046], [144.92691843009555, -37.840021695102365], [144.97031393029542, -37.860773828194446], [144.98338760358615, -37.901488499340786], [144.99912665645954, -37.94165881066683], [145.01795049878532, -37.98179077220497], [145.06222003006113, -37.99082811530088], [145.09952308957787, -38.02686494809131], [145.11959406095414, -38.073205939761195], [145.1224946443748, -38.12813750029972], [145.09695486498836, -38.16316027875387], [145.06169410699002, -38.201188486560135], [145.02891396998282, -38.226396864462764], [145.0153761581424, -38.264728303769], [144.98283575039844, -38.296399841733425], [144.92317979513854, -38.34924279798038], [144.85093502580702, -38.36873381318236], [144.774552770371, -38.35945679795028], [144.7421954188031, -38.33471769561404], [144.70485577753757, -38.31522359297869], [144.65523568741975, -38.305146489582135], [144.69034852863223, -38.32884272208575], [144.7276451301455, -38.34610148470231], [144.76011278172118, -38.37057683704243], [144.79893304154515, -38.400650789850964], [144.83857981125038, -38.43031478271922], [144.86938394282407, -38.45714587497522], [144.8868597656668, -38.49389286638785], [144.93239795745558, -38.494780819497116], [144.9736357605953, -38.49040163228853], [145.014617994435, -38.48016284503365], [145.04057686350896, -38.44692681661285], [145.07639000953668, -38.425432858944426], [145.11184131597673, -38.4009035812376], [145.1663236867728, -38.396817874977074], [145.20861407823006, -38.406164687964655], [145.18399206612852, -38.374573496064414], [145.2187864529886, -38.3475909183122], [145.1952214008558, -38.31448693647469], [145.22785279780499, -38.29021982859011], [145.2493310086381, -38.24889509982915], [145.29831488005482, -38.248479903237836], [145.33519662537873, -38.23228203571321], [145.3843717580005, -38.22095682908536], [145.43542768964622, -38.21542985263524], [145.47437070120804, -38.229499895462595], [145.49594190354588, -38.26360892719325], [145.52213980491732, -38.29893086925999], [145.51699180126667, -38.338980869142226], [145.54893889189626, -38.371674881601585], [145.51868594242885, -38.41387985972115], [145.45948397349974, -38.408696835514114], [145.41638690132524, -38.40698188247314], [145.42969468360332, -38.45421686369713], [145.43177185841736, -38.49656787410197], [145.3892522833606, -38.519559841257085], [145.42499088475105, -38.539353883886584], [145.46551284611684, -38.55182787681351], [145.50231961713283, -38.57308291953847], [145.5375196565019, -38.61107687225729], [145.56063057774037, -38.651393904138665], [145.5959487292284, -38.6705089267591], [145.63857163139386, -38.672422859799525], [145.6803788050544, -38.6627139327184], [145.72950169833655, -38.64509688611926], [145.76555284938584, -38.66673870883208], [145.81825449457486, -38.712959502896176], [145.86953219798775, -38.776135116971865], [145.8866735004456, -38.81409791843893], [145.9046723724466, -38.85451201998382], [145.9146976760177, -38.89364694094562], [145.95695813810602, -38.89630095401999], [146.00165851182686, -38.881542657173235], [146.00946367706297, -38.825689967401125], [146.05657403034328, -38.81121759074089], [146.1093615992505, -38.82496139467604], [146.18941377908519, -38.87353156083387], [146.219916900097, -38.902756733252176], [146.24688502094648, -38.93847379545326], [146.2695023527129, -38.97294695732881], [146.29185380382367, -39.0131051292211], [146.3263671442021, -39.04110497194087], [146.3214499293987, -39.08787405186013], [146.3458233804224, -39.125371183890195], [146.38783089286144, -39.125077717002405], [146.4277881670458, -39.1135860199016], [146.43112522233093, -39.06551434985904], [146.47377473467756, -39.065200703033454], [146.46919589065362, -39.02318348243756], [146.4361158717644, -38.981008469718205], [146.4740942028569, -38.9162321821535], [146.46785573949126, -38.871035911413536], [146.47338819435134, -38.823044671533644], [146.46706173061105, -38.780902560805096], [146.42754661553835, -38.798403257970186], [146.41835642142186, -38.845810357575786], [146.36871594858025, -38.86003741397766], [146.33572663140794, -38.88547713168918], [146.29262123683276, -38.90453793861925], [146.27027645620248, -38.860126716700876], [146.26887497161013, -38.81734191633722], [146.22754614103107, -38.800475193191275], [146.20370200950745, -38.76534415122467], [146.19205358626954, -38.72623200013087], [146.2290038526237, -38.70165934269596], [146.26749309741848, -38.687896955445915], [146.3098437094159, -38.69174965859474], [146.35071111441255, -38.6729071515023], [146.38377035436193, -38.707449204163616], [146.43910573545074, -38.699698428227386], [146.49297366622616, -38.696746692223385], [146.53318662032905, -38.68644699516459], [146.57523173375148, -38.679113978267786], [146.64103465331573, -38.668888993146474], [146.6930546632419, -38.675742947107224], [146.72239358141422, -38.64824695915367], [146.76699865277428, -38.65420100256437], [146.79495265137268, -38.625382994506246], [146.8334664959028, -38.614465017363436], [146.88255467844033, -38.60459400103858], [146.92552247213143, -38.59421196425278], [146.89056865533615, -38.61821803173311], [146.93197151076973, -38.59600297475643], [146.99013940733855, -38.54094665886863], [147.06725357195384, -38.47510599438435], [147.1261033172197, -38.43018048864208], [147.1756269536458, -38.389287112216394], [147.24003962849739, -38.34037189690608], [147.47630863109237, -38.15173659418897], [147.58269251226193, -38.07598824209912], [147.64213640696443, -38.03686203655836], [147.72613523885795, -37.98684176291631], [147.78822180220774, -37.95530925766773], [147.8509262047598, -37.92940070251925], [147.95198772198256, -37.894052960411784], [148.0035284449344, -37.880324854479696], [148.0518944483637, -37.867186828305094], [148.1201857191455, -37.848310243720306], [148.17753666147541, -37.832028488279654], [148.2300457040146, -37.8206008824876], [148.28962059512807, -37.81097527729626], [148.3676152727957, -37.80385147364783], [148.44818174938806, -37.80170731026746], [148.52294245672462, -37.801471906444505], [148.5919496748995, -37.80233238217292], [148.64997342487607, -37.803691877008376], [148.6910319382127, -37.801428480417755], [148.73446554002405, -37.80763909408625], [148.80873840026527, -37.78640423017507], [148.8608019916403, -37.784988574541764], [148.9263632410285, -37.78138989004444], [149.01790292560665, -37.78096187778549], [149.1227604383846, -37.77728682667374], [149.17045286024234, -37.77794018074571], [149.2134632130448, -37.77747366441901], [149.25798663456268, -37.784587308277615], [149.30895161620577, -37.7828029926411], [149.36635471758916, -37.77501112753146], [149.41069400036443, -37.773192431344576], [149.46189338227373, -37.769289635745935], [149.50666953758653, -37.74855082949337], [149.54514469371608, -37.72966215271294], [149.5879789675037, -37.722513526392625], [149.6471745519337, -37.69089753135113], [149.68206263890505, -37.670508904268736], [149.71288626961717, -37.62807821669432], [149.73589521079896, -37.59175868847746], [149.7752528689307, -37.55782510171253], [149.81971982332368, -37.5448157555371], [149.8740207249158, -37.540241360290636], [149.91593880904813, -37.5322720039397], [149.9576426444982, -37.51515756751809], [149.9767671570624, -37.47400422894742], [149.9623751351674, -37.43296922740897], [149.95524717265886, -37.38760422648603], [149.96334316786414, -37.34051221689929], [149.95757216461803, -37.298710236118794], [149.96284616000034, -37.253616226294476], [150.01009514274062, -37.24990122045808], [150.0487481245435, -37.263122233975864], [150.02783915362724, -37.22250222185584], [150.01563115136267, -37.181192220504855], [150.00487416865772, -37.14125623929182], [149.97131716739398, -37.11782122616571], [149.93257118630999, -37.09916823261624], [149.88650721323063, -37.10367620857719], [149.91727017244338, -37.07280423109294], [149.94443720228233, -37.04171722329274], [149.9274992006812, -37.000743211528835], [149.9335102053905, -36.9593222117908], [149.90479322618927, -36.91463521896266], [149.93531021540812, -36.88414622146029], [149.9343572010448, -36.84411322111491], [149.94506123494537, -36.80293422179262], [149.97412921407536, -36.7749342341824], [149.98625122737982, -36.73647523500475], [149.99019021254844, -36.69402722507589], [150.0118102155887, -36.64631222668016], [150.03138922732052, -36.61061022818353], [150.0580332373241, -36.579300240345006], [150.05628923444579, -36.52919721986055], [150.05482326028516, -36.48810222945976], [150.0739132722077, -36.45163923091695], [150.0653342490668, -36.41131923988806], [150.0833162614324, -36.37290622123409], [150.11144126266777, -36.33099124346152], [150.13537526327295, -36.29865124538127], [150.1461072976379, -36.254084226043666], [150.1338332654279, -36.211048234663444], [150.13544226065693, -36.17065424453897], [150.1288033187054, -36.11900024360388], [150.13447429499814, -36.06592723375668], [150.1602662980009, -36.01381123571126], [150.15388332556503, -35.96524524481769], [150.1567853014476, -35.91830622476349], [150.15753432718563, -35.874885234540294], [150.18262230761488, -35.84269822656593], [150.22592732217976, -35.83302223037512], [150.2312013268554, -35.79230725057481], [150.21210632519237, -35.752450238598264], [150.1798153660796, -35.70872220541747], [150.22005431030303, -35.70533422899355], [150.25779534265155, -35.71874923246484], [150.2912243408607, -35.6936652552961], [150.2992593458628, -35.647375235706726], [150.32261032682422, -35.61352625757774], [150.35265132593895, -35.58577625009404], [150.38692434378072, -35.56269525302684], [150.40174933701817, -35.521849254088735], [150.39132147387963, -35.48284929288485], [150.40924582630913, -35.444456334242794], [150.4375148566469, -35.4098782965622], [150.46645234674045, -35.37641725895262], [150.4759043615223, -35.330268249495504], [150.4908743260989, -35.27940126050616], [150.5271473632217, -35.25986326366181], [150.5405593665636, -35.21998526460812], [150.57275634532192, -35.193022267349626], [150.61267935211228, -35.17204827083924], [150.65495732693267, -35.163084284631665], [150.69579829884438, -35.17722927845712], [150.73809333207348, -35.180017282345034], [150.7622683334145, -35.1432702743094], [150.72062334080888, -35.13508428044016], [150.6944533305688, -35.09215027775467], [150.67626935846468, -35.0539852758333], [150.69921735088445, -35.01051927763297], [150.7396973472967, -34.99210328121026], [150.77617032922063, -35.01133728468382], [150.77925333299703, -35.05383128525679], [150.79951731495456, -35.09061727736721], [150.8366123428751, -35.064866280599546], [150.83957833803365, -35.023645290590764], [150.79805535695252, -35.00384128664053], [150.77906036475127, -34.967293284647795], [150.7686263418934, -34.926035283408744], [150.74868037128866, -34.87852828125569], [150.75504236637119, -34.833786291531744], [150.78212635806165, -34.79131029372306], [150.81848535494512, -34.774320286943954], [150.8393143678477, -34.72987728855285], [150.8544333709646, -34.69015029967014], [150.86548352489368, -34.64887704040286], [150.8648540907168, -34.60634077005173], [150.90446129613616, -34.5969554236358], [150.8693686344574, -34.57360156024146], [150.83716940335245, -34.54272629706604], [150.79531773784743, -34.5551882033079], [150.81807384930042, -34.519350935149795], [150.84606025986568, -34.484445247480906], [150.88661029294897, -34.49158225126285], [150.86412819152017, -34.526817499436056], [150.90884539947012, -34.49315729332323], [150.88696233749783, -34.45733427105842], [150.91065839868872, -34.42259229300217], [150.92000141322677, -34.37860329355923], [150.92528041795407, -34.337616303762104], [150.94342344017582, -34.30130929518497], [150.96797242116975, -34.26723229721654], [150.9887013929006, -34.23184928888771], [151.0212834118997, -34.20404229171108], [151.0542014102841, -34.18051630459946], [151.09568241728832, -34.15809630829549], [151.12916141612953, -34.13070730121862], [151.1598694158986, -34.09946931386088], [151.12455439416334, -34.07592331040759], [151.0868473477759, -34.08954929699646], [151.09191443247929, -34.04904630718453], [151.12966341431846, -34.06928531083675], [151.16554842298896, -34.04070630397989], [151.20596742725132, -34.04008931774674], [151.2284314188432, -34.004292319595194], [151.1867564244013, -34.00751730572582], [151.14178944994086, -34.014433321582516], [151.09774348743036, -34.00585533742449], [151.05603136416133, -34.00041932351266], [151.0215736222016, -33.977351320156494], [151.0618287666968, -33.97522489387448], [151.09915358888344, -33.993497337469165], [151.1396784017342, -34.003339301308365], [151.15777641504351, -33.959308322686226], [151.19556744778748, -33.9729263263061], [151.23190542015965, -33.99081732982567], [151.26597038834163, -33.968017322852894], [151.2613824244598, -33.927503312139685], [151.2812794165275, -33.89100431374695], [151.28785343108348, -33.8501893240765], [151.2490704046383, -33.86495531054909], [151.20916642153398, -33.856079326757026], [151.16864656746702, -33.85503028296876], [151.13008947449163, -33.843727349297744], [151.08985100165916, -33.833127045481305], [151.13293132449664, -33.84065133954069], [151.17432023826032, -33.84305208341374], [151.13942430652932, -33.81850529998978], [151.17942844892391, -33.83264831381713], [151.21862572063932, -33.85267210761669], [151.2612194265343, -33.83793832149629], [151.22399943406214, -33.821443277899604], [151.21164445152706, -33.77889632644652], [151.2489684231627, -33.801602320094794], [151.28949743653527, -33.80792233393378], [151.2985234506771, -33.767548324496], [151.3002034458805, -33.72703532436852], [151.30979144998238, -33.686337314981024], [151.32807547238278, -33.6491363164343], [151.33262143722396, -33.60824732657266], [151.30530242710245, -33.6379893242194], [151.2997416233384, -33.5973044034111], [151.25009046160022, -33.588009278696006], [151.21555745317497, -33.61280633564288], [151.17576234688858, -33.62721832203038], [151.2131105641836, -33.607842305379314], [151.2432353634831, -33.581164328006544], [151.2309283809198, -33.53844133655433], [151.18819786720962, -33.53649359255025], [151.15202647951526, -33.55757126932687], [151.12662630897566, -33.58866329718131], [151.1483875813023, -33.547991308920295], [151.11942995003156, -33.51301910597787], [151.14814618001705, -33.48259777843589], [151.10513801598714, -33.48327915443864], [151.0797665841173, -33.44883228183765], [151.1227163762678, -33.46245927592631], [151.15888163459124, -33.436706309111464], [151.15350813871353, -33.486728758964546], [151.18972667032642, -33.511437562515916], [151.20828765248157, -33.47556129399482], [151.21023846614293, -33.52114133449912], [151.24706864421728, -33.49662228776794], [151.25330849713245, -33.54316029868047], [151.30190958844233, -33.556870363328926], [151.3305613887499, -33.52436539578699], [151.33645552326809, -33.48438131605761], [151.33211561029884, -33.43632917531015], [151.36031455227118, -33.46674931817396], [151.34696645892697, -33.505774307195914], [151.34496746369302, -33.54696832729929], [151.38474545032477, -33.530265330920294], [151.42270446755091, -33.511105324358724], [151.44070444036606, -33.47128633577371], [151.44881346476456, -33.43003233624637], [151.47923344419516, -33.40250633892255], [151.49945247641816, -33.36487035056606], [151.44879643487658, -33.35461536571012], [151.44500960108806, -33.312163345051644], [151.4750962208707, -33.2824231876796], [151.50956261908178, -33.25992538077657], [151.51966641311094, -33.219349331443595], [151.56191850454343, -33.239440385587194], [151.55537662088133, -33.19896332467923], [151.5642113637056, -33.24330733583199], [151.52644948651607, -33.26152639238539], [151.5154403504712, -33.31803332174537], [151.55789043743005, -33.2965903456118], [151.5642494729479, -33.24891235587547], [151.5997594831458, -33.21068633897148], [151.62833044342293, -33.179117351460135], [151.64304246657215, -33.14051135258346], [151.65892749026085, -33.09669635378184], [151.61736355545435, -33.10079637985979], [151.604356372065, -33.13948836890061], [151.58053446992992, -33.10539636639713], [151.55596161858233, -33.14086635432078], [151.50983660542306, -33.13749431993095], [151.54339941376446, -33.115132392947444], [151.50995936133847, -33.093065369625755], [151.54527646929583, -33.071803322816045], [151.5859496136968, -33.07166336667001], [151.58225132972947, -33.030371366024326], [151.6195534522042, -33.04816933969209], [151.59576356051835, -33.010539337164516], [151.62104963163162, -32.97618139931963], [151.63346455291654, -33.02853133087359], [151.64118151594224, -33.07262432192214], [151.68183945472754, -33.039885355557175], [151.7218414826954, -33.01400035918494], [151.7316334869755, -32.97212135981965], [151.7663377162177, -32.942304282920425], [151.80297324470726, -32.916190356237145], [151.76351455900473, -32.92444534252271], [151.74682690706723, -32.88140909062022], [151.7259485550012, -32.843510338355614], [151.68528836315085, -32.82411739434051], [151.72994639538757, -32.836544328687076], [151.76830256803913, -32.85226535246279], [151.79664980861577, -32.81911487493566], [151.79027807390514, -32.860686054624416], [151.77761647882326, -32.91141335377725], [151.81011563883817, -32.878207506648536], [151.85244245636724, -32.853572370527615], [151.90945348199946, -32.828237385819754], [151.95134047835717, -32.812914379739674], [151.99194245454734, -32.80018538356114], [152.0533494682133, -32.785254389384086], [152.09513345184706, -32.790301393464084], [152.13235345034326, -32.76413839688368], [152.17262046521617, -32.76164340077498], [152.1857306492741, -32.71875543174032], [152.13844545580235, -32.717863387141556], [152.09107846082688, -32.72816339262424], [152.06348048858672, -32.69848938973943], [152.03222411936446, -32.724072256902076], [151.98808949601096, -32.71920039260702], [151.94722748896376, -32.73844237880822], [151.9738694996614, -32.70644038114423], [151.9446115076263, -32.676759328112304], [151.98425951385747, -32.66486539184635], [152.02563948811, -32.665943385847314], [152.06312848073142, -32.68298738959369], [152.10750145504156, -32.68064238387286], [152.15410245887728, -32.679596398385456], [152.19175844094545, -32.70046740219461], [152.19568347755953, -32.64790940219734], [152.23126046711778, -32.61583240542823], [152.27069046358497, -32.60273240917676], [152.30293843516066, -32.55928240201044], [152.3356351751561, -32.52706617497306], [152.40685272062655, -32.49025170168144], [152.44829598773416, -32.470806245608564], [152.4938445534998, -32.45722507998886], [152.5333526601653, -32.44302742377726], [152.5227408791089, -32.38806829233278], [152.54030483210073, -32.34911295378108], [152.5234464694558, -32.31171300184769], [152.5366933148612, -32.259263592771795], [152.5663620849956, -32.229501265481645], [152.54135302298286, -32.195221312764915], [152.50619820179287, -32.164651499078396], [152.51681481808816, -32.108073209711286], [152.54789554868776, -32.07357484252277], [152.5467377047372, -32.030199722091695], [152.57315344584575, -31.996541344451956], [152.60880000789584, -31.947127127611772], [152.64469578786483, -31.912866990911866], [152.6854046365454, -31.883542834730203], [152.74509002390764, -31.84586557037889], [152.74490851108084, -31.793419439975768], [152.79766265240184, -31.73355335478417], [152.80492218851015, -31.681847485126763], [152.8338673390962, -31.65013232777828], [152.83982374378027, -31.61012033807749], [152.85976486945663, -31.549606179621016], [152.92572953013612, -31.48254345571936], [152.9239175375065, -31.43012946515035], [152.92205939342614, -31.388360904655197], [152.95982215641044, -31.331073638012427], [152.96538468110205, -31.29137356827551], [152.96754235636834, -31.250601488189176], [152.9744235926683, -31.197782378486696], [152.98980670775973, -31.145938259644126], [153.03775657940352, -31.089318474037942], [153.0647094504419, -31.056720586505687], [153.0397625513813, -30.99912548356724], [153.05734559469792, -30.958394475031323], [153.08508657566645, -30.925660487578796], [153.07755459274188, -30.88034547648175], [153.0371895774854, -30.882469472437357], [153.00622360678096, -30.842180469025557], [153.00086961280454, -30.802425468190645], [152.99854660850923, -30.76219547765622], [152.98989363693758, -30.707491476377992], [153.01206363171465, -30.651531468183222], [153.0100896378223, -30.607853467657026], [153.01710863282761, -30.56409847803299], [153.0324386391331, -30.503015469113443], [153.06392066316718, -30.444133471835332], [153.08120866699568, -30.399793463240915], [153.10362558870477, -30.36662842524845], [153.1246185615469, -30.32634055706037], [153.14088402519766, -30.284336548383738], [153.15520342021222, -30.23392759944784], [153.18471451415556, -30.177811592004137], [153.20114896796932, -30.134507603337642], [153.20174370325228, -30.094489693094395], [153.19557864013672, -30.04853383212229], [153.21843111346536, -30.003086824088843], [153.25388342598328, -29.952469807294325], [153.2727766984855, -29.916851478938668], [153.26765396598918, -29.865237978026354], [153.28873968808014, -29.830768059902475], [153.2949715234394, -29.78505421018639], [153.29613952980122, -29.736297419932956], [153.31941715266973, -29.694105511974442], [153.32204603856803, -29.647495651885343], [153.3427896413467, -29.608268673693654], [153.33865843772193, -29.564014712934977], [153.36074487962213, -29.530235634922523], [153.36378252518404, -29.485733634890554], [153.36590033031516, -29.445254534795637], [153.3670197155645, -29.40473548459862], [153.37668754963317, -29.365583385281983], [153.34096880817006, -29.33253866139431], [153.35886177503758, -29.264952502694264], [153.38659425692597, -29.22640553522031], [153.41879341965716, -29.177654408125893], [153.45333060041438, -29.14185425137373], [153.4328055682095, -29.100817458962453], [153.45190682388423, -29.041304400452308], [153.49799278784218, -28.97145151462138], [153.53951678949713, -28.923099508497142], [153.5795378004224, -28.881669522278706], [153.53610196603745, -28.87659154778723], [153.57679490230262, -28.869825521905575], [153.6072048024447, -28.842652524816003], [153.596486809159, -28.801120523393482], [153.60995779650193, -28.734066514256103], [153.61765879302433, -28.678129504612485], [153.63718282550886, -28.642672516343165], [153.59067384309833, -28.624814521427204], [153.5685028302174, -28.589688508879597], [153.5574278674466, -28.544176517389918], [153.55190483452643, -28.4949925064407], [153.57000585663533, -28.387301507455913], [153.57589386224723, -28.339487497686214], [153.57609085799734, -28.29541450736188], [153.58506387210576, -28.256430507977342], [153.56704787924258, -28.21708550582175], [153.5564708865513, -28.170054504369272], [153.5612548597129, -28.218384465238074], [153.53796684679475, -28.183832472581617], [153.50985191613273, -28.212717519930198], [153.5423728667315, -28.18059049300746], [153.4986636861228, -28.145502628259482], [153.4677348441024, -28.110327484823134], [153.4438479725772, -28.06526722203132], [153.4315017120111, -28.002910430282473], [153.4303979204004, -27.93900149966783], [153.4215637862564, -27.978513479077538], [153.4081836227036, -27.939958667410913], [153.40454315834762, -27.89932887672059], [153.35845793414748, -27.89333215198252], [153.38161495593044, -27.85990748407566], [153.37107679272523, -27.81604890265804], [153.40953465284602, -27.78267976631101], [153.43563558438757, -27.748757168704547], [153.4040249510423, -27.72364641528441], [153.36293340726985, -27.70977974099229], [153.32124102172295, -27.71022800675866], [153.3116798186757, -27.664029215423554], [153.30974748406447, -27.62355643490799], [153.3181509884738, -27.58200948543298], [153.28601468502677, -27.557769611980618], [153.29072136049285, -27.51097967208809], [153.2605906171128, -27.484386898823598], [153.21882915177451, -27.482924224584814], [153.1919710287558, -27.450620471614233], [153.16986820538398, -27.417010319116045], [153.20219126006333, -27.35288081187312], [153.16778994077484, -27.37621640858326], [153.14250543773738, -27.421529266391072], [153.09925012900513, -27.448096472243055], [153.0534991746453, -27.4422510375951], [153.0315980420033, -27.48178644570775], [153.00167504178447, -27.508997442920055], [152.97522302067702, -27.540348450516156], [152.92883112710234, -27.52900277578291], [152.89525404673432, -27.560698442677438], [152.90662901037976, -27.6014427841352], [152.89454302683433, -27.560513442604957], [152.92744704718484, -27.529531435648675], [152.96601305130156, -27.543263439616613], [153.0012519301447, -27.52235535298315], [152.99758974571986, -27.48127145229127], [153.03445704411484, -27.46262645584335], [153.08702106062776, -27.445624880992675], [153.1359200385054, -27.42102645572311], [153.1528105613172, -27.384559557137777], [153.1224417986264, -27.352391903821214], [153.08256303526983, -27.333445449656033], [153.06407203352876, -27.283535447400876], [153.06157704963422, -27.237134566782057], [153.1005236027786, -27.258742250871304], [153.116698216461, -27.215912382160287], [153.07096299317735, -27.201055867439358], [153.03157806898898, -27.188006443378484], [153.04843673266004, -27.14455669472657], [153.07216064486292, -27.107059006813085], [153.10865509347562, -27.087479440329766], [153.1078409288256, -27.045580849914476], [153.07789410592005, -27.014122096650357], [153.05523309250114, -26.980574454105096], [153.0455230685222, -26.94058348281099], [153.06287653177822, -26.900030984231464], [153.10887509862906, -26.88681345875375], [153.1120321036395, -26.844163448731372], [153.12877917671997, -26.805625430110798], [153.13730420179982, -26.75794967058915], [153.13676222068014, -26.687357409970097], [153.10457604750835, -26.659292446503244], [153.10204919310146, -26.616512475906447], [153.10265112175375, -26.546528465406418], [153.10254102361802, -26.45119741463077], [153.11453908898648, -26.398107405412514], [153.07142116710872, -26.368058460832614], [153.06137316492888, -26.313154149381376], [153.06639468954018, -26.271752219553086], [153.07656305431908, -26.224766290197202], [153.09069223930672, -26.17285436120022], [153.11319526560803, -26.103497442906043], [153.13489820045865, -26.046578474633], [153.15216311370187, -26.006313466048347], [153.18541015870153, -25.938941448858763], [153.13811806268234, -25.944909434136274], [153.10336619971937, -25.915917470401784], [153.0768161898873, -25.854706477235872], [153.07225537561172, -25.81176244642978], [153.04763641381788, -25.846312454235814], [153.0658793976038, -25.88215845635857], [153.03730832675225, -25.912278393732326], [153.03708333156192, -25.954732474052836], [153.0167901393544, -25.98923046229508], [153.00105922548926, -25.95206442041742], [153.00887734960037, -25.912174440878925], [153.03184717153678, -25.877717402904686], [153.0205072485691, -25.82954144137703], [152.98717325507667, -25.803409427823624], [152.94745425797103, -25.811992423916795], [152.97496623881204, -25.782753436433683], [152.9388742450784, -25.760721432643585], [152.93631125742223, -25.743579422248466]]], [[[142.19639247679825, -10.594180476422407], [142.16748231617316, -10.623910465084037], [142.12515242653816, -10.644870462935966], [142.11376128457343, -10.687311492676326], [142.12638145175694, -10.729211443730344], [142.15006118887717, -10.76486044533965], [142.1879511785297, -10.74617041726706], [142.22296223854372, -10.723079479003117], [142.26311230685593, -10.726769481260508], [142.2629222593977, -10.682109500864641], [142.24026240225902, -10.646249459298454], [142.20939242515425, -10.614939437319764], [142.19639247679825, -10.594180476422407]]], [[[142.60381165377876, -10.736119460501316], [142.60381165377876, -10.736119460501316]]], [[[142.28572602616364, -10.724299382495705], [142.28572602616364, -10.724299382495705]]], [[[142.38495511118208, -10.747509028235276], [142.40834515221985, -10.714398969261069], [142.38495511118208, -10.747509028235276]]], [[[142.22555245749507, -10.739919469291717], [142.22555245749507, -10.739919469291717]]], [[[142.3704051505894, -10.767239057590787], [142.3704051505894, -10.767239057590787]]], [[[142.34887537473244, -10.708669255881045], [142.34887537473244, -10.708669255881045]]], [[[142.41468129149845, -10.722908469690308], [142.41468129149845, -10.722908469690308]]], [[[142.6226812439007, -10.722129631455793], [142.6226812439007, -10.722129631455793]]], [[[142.55617240705698, -10.709829517565296], [142.55617240705698, -10.709829517565296]]], [[[142.3799553438064, -10.7049090975873], [142.3799553438064, -10.7049090975873]]], [[[142.34354542443648, -10.717279235657614], [142.34354542443648, -10.717279235657614]]], [[[142.40779491055955, -10.74367897948309], [142.40779491055955, -10.74367897948309]]], [[[142.38561498995938, -10.768418988452803], [142.38561498995938, -10.768418988452803]]], [[[142.59675153555943, -10.709989669873224], [142.59675153555943, -10.709989669873224]]], [[[142.25526218655958, -10.737089410913851], [142.25526218655958, -10.737089410913851]]], [[[142.4922839801915, -10.696139103829605], [142.4922839801915, -10.696139103829605]]], [[[144.0491712367439, -40.06780842012951], [144.08741484161823, -40.04842579249438], [144.11624884948438, -40.01813180419033], [144.13303298079313, -39.977332825044456], [144.1369297555123, -39.927658205009116], [144.10501920551468, -39.89128144272369], [144.11817435752016, -39.85030274333926], [144.11163257429143, -39.799580362618386], [144.10080876313685, -39.73706206155038], [144.10996698861655, -39.67094145175775], [144.06892102920804, -39.644012108938334], [144.03591116793675, -39.620296566663846], [144.00203837675468, -39.59714002434144], [143.96270788507246, -39.588003591754926], [143.92498768951867, -39.61214625947328], [143.92271337385608, -39.66885960965954], [143.89133432656863, -39.69830517782055], [143.84934144310068, -39.710772695208206], [143.85425193790584, -39.750664875754765], [143.86295440174095, -39.79288007655707], [143.8671779265831, -39.83347277706356], [143.8468349064425, -39.870413775978676], [143.8395889234923, -39.91054277574933], [143.85637292624625, -39.94835977704075], [143.8857538868833, -39.98357977912423], [143.88580490211237, -40.027560779382355], [143.8622038930644, -40.060113778060895], [143.87436090652548, -40.09913777906397], [143.90762488734728, -40.12538977134609], [143.95720285963083, -40.10967578443909], [143.99604988361077, -40.09720379686868], [144.03674284709064, -40.08616778943204], [144.0491712367439, -40.06780842012951]]], [[[143.9281378795784, -40.16085979286695], [143.9281378795784, -40.16085979286695]]]]}}]}