{"type": "FeatureCollection", "features": [{"type": "Feature", "properties": {"code": "CAN", "name": "Canada", "tier": "country"}, "geometry": {"type": "MultiPolygon", "coordinates": [[[[-82.6884237998706, 41.683376499776685], [-82.6884237998706, 41.683376499776685]]], [[[-82.69205170004444, 41.76244730000764], [-82.69205170004444, 41.76244730000764]]], [[[-53.57639589975897, 49.0802458997762], [-53.57639589975897, 49.0802458997762]]], [[[-53.590069599568004, 49.08683350022194], [-53.590069599568004, 49.08683350022194]]], [[[-53.58460280039687, 49.10662519981131], [-53.58460280039687, 49.10662519981131]]], [[[-53.594329200439525, 49.113380299782804], [-53.594329200439525, 49.113380299782804]]], [[[-53.73536829959563, 49.02398740011136], [-53.73536829959563, 49.02398740011136]]], [[[-53.841741800009764, 48.96719570011155], [-53.841741800009764, 48.96719570011155]]], [[[-53.7012718752143, 48.994927215976126], [-53.7012718752143, 48.994927215976126]]], [[[-53.74999999965456, 48.98859450021679], [-53.74999999965456, 48.98859450021679]]], [[[-53.71825860041872, 48.988815199958076], [-53.71825860041872, 48.988815199958076]]], [[[-53.73376400012635, 49.00000000026325], [-53.73376400012635, 49.00000000026325]]], [[[-53.72496609965968, 49.01418300027498], [-53.72496609965968, 49.01418300027498]]], [[[-53.694248600184665, 49.01609930018938], [-53.694248600184665, 49.01609930018938]]], [[[-53.60675563708724, 48.85154305630845], [-53.60675563708724, 48.85154305630845]]], [[[-53.617135334225324, 48.884142411866286], [-53.617135334225324, 48.884142411866286]]], [[[-53.829263199990116, 48.87573909999283], [-53.829263199990116, 48.87573909999283]]], [[[-53.61986806411685, 48.892725053876006], [-53.61986806411685, 48.892725053876006]]], [[[-53.74999999965456, 48.92198720026411], [-53.74999999965456, 48.92198720026411]]], [[[-53.7012718752143, 48.92600366762596], [-53.7012718752143, 48.92600366762596]]], [[[-53.61082494513718, 48.822252665627936], [-53.61082494513718, 48.822252665627936]]], [[[-53.64295784634352, 48.753704463806365], [-53.64295784634352, 48.753704463806365]]], [[[-53.74464699996192, 48.75000000020908], [-53.74464699996192, 48.75000000020908]]], [[[-53.67247900006585, 48.75000000020908], [-53.67247900006585, 48.75000000020908]]], [[[-53.789144699912775, 48.763624900203844], [-53.789144699912775, 48.763624900203844]]], [[[-53.81915599960694, 48.76873160013535], [-53.81915599960694, 48.76873160013535]]], [[[-53.82193002505209, 48.77939687477935], [-53.82193002505209, 48.77939687477935]]], [[[-53.78896250001358, 48.78160896035474], [-53.78896250001358, 48.78160896035474]]], [[[-53.769453415085835, 48.779196875165105], [-53.769453415085835, 48.779196875165105]]], [[[-53.850408380256624, 48.77939687477935], [-53.850408380256624, 48.77939687477935]]], [[[-53.633958999934315, 48.793552899940885], [-53.633958999934315, 48.793552899940885]]], [[[-53.657326562806404, 48.797051593959466], [-53.657326562806404, 48.797051593959466]]], [[[-53.805955199912944, 48.789247899764945], [-53.805955199912944, 48.789247899764945]]], [[[-53.747502808030525, 48.779196875165105], [-53.747502808030525, 48.779196875165105]]], [[[-54.140545300303984, 48.804030299748334], [-54.140545300303984, 48.804030299748334]]], [[[-53.78896250001358, 48.804656470277116], [-53.78896250001358, 48.804656470277116]]], [[[-53.74999999965456, 48.81762700026289], [-53.74999999965456, 48.81762700026289]]], [[[-53.744745999696136, 48.805975000155684], [-53.744745999696136, 48.805975000155684]]], [[[-53.78896250001358, 48.834300033275376], [-53.78896250001358, 48.834300033275376]]], [[[-53.64524380002681, 48.83426490022474], [-53.64524380002681, 48.83426490022474]]], [[[-53.62889140039734, 48.840811200161376], [-53.62889140039734, 48.840811200161376]]], [[[-53.8086756004272, 48.847867599977505], [-53.8086756004272, 48.847867599977505]]], [[[-53.7012718752143, 48.83168449039625], [-53.7012718752143, 48.83168449039625]]], [[[-53.76775203019223, 48.86728749975686], [-53.76775203019223, 48.86728749975686]]], [[[-53.67189999993263, 48.931829600102766], [-53.67189999993263, 48.931829600102766]]], [[[-53.65171669973973, 48.93541949969694], [-53.65171669973973, 48.93541949969694]]], [[[-53.7012718752143, 48.93374894570974], [-53.7012718752143, 48.93374894570974]]], [[[-53.74999999965456, 48.92528049975588], [-53.74999999965456, 48.92528049975588]]], [[[-53.78896250001358, 48.97173336313923], [-53.78896250001358, 48.97173336313923]]], [[[-53.482670521340076, 49.20417967115006], [-53.482670521340076, 49.20417967115006]]], [[[-53.6008483472199, 49.33436591766684], [-53.6008483472199, 49.33436591766684]]], [[[-53.4853904798832, 49.27496407856825], [-53.4853904798832, 49.27496407856825]]], [[[-55.459025699864604, 49.507120299725585], [-55.459025699864604, 49.507120299725585]]], [[[-55.01945670030035, 49.508912999858794], [-55.01945670030035, 49.508912999858794]]], [[[-55.485483499653405, 49.504799300039636], [-55.485483499653405, 49.504799300039636]]], [[[-54.70610090023853, 49.50687810023996], [-54.70610090023853, 49.50687810023996]]], [[[-54.404333699718535, 49.51987280025158], [-54.404333699718535, 49.51987280025158]]], [[[-54.73699609995147, 49.50926460011129], [-54.73699609995147, 49.50926460011129]]], [[[-55.43270349986962, 49.50935480025925], [-55.43270349986962, 49.50935480025925]]], [[[-54.7466492001619, 49.514434400243026], [-54.7466492001619, 49.514434400243026]]], [[[-54.87500000017169, 49.517316000140674], [-54.87500000017169, 49.517316000140674]]], [[[-54.657260899612815, 49.51730159973339], [-54.657260899612815, 49.51730159973339]]], [[[-54.79981380015984, 49.42261479987537], [-54.79981380015984, 49.42261479987537]]], [[[-54.97743409970576, 49.425000699864206], [-54.97743409970576, 49.425000699864206]]], [[[-54.20886840029125, 49.43384639987797], [-54.20886840029125, 49.43384639987797]]], [[[-54.799704687192175, 49.433910052629585], [-54.799704687192175, 49.433910052629585]]], [[[-54.377504600171655, 49.44336479979529], [-54.377504600171655, 49.44336479979529]]], [[[-55.06518130040163, 49.44775619990386], [-55.06518130040163, 49.44775619990386]]], [[[-54.98434050032367, 49.446024000063325], [-54.98434050032367, 49.446024000063325]]], [[[-55.10380000023007, 49.43548029977709], [-55.10380000023007, 49.43548029977709]]], [[[-55.042302400382866, 49.475085599797985], [-55.042302400382866, 49.475085599797985]]], [[[-54.23677910018628, 49.449304600006386], [-54.23677910018628, 49.449304600006386]]], [[[-54.25925409968702, 49.449557099862325], [-54.25925409968702, 49.449557099862325]]], [[[-54.93174062533076, 49.44663274462978], [-54.93174062533076, 49.44663274462978]]], [[[-54.87500000017169, 49.457024299828454], [-54.87500000017169, 49.457024299828454]]], [[[-54.39630219963146, 49.459269399709655], [-54.39630219963146, 49.459269399709655]]], [[[-54.84364999960008, 49.47187276958198], [-54.84364999960008, 49.47187276958198]]], [[[-54.777732030988226, 49.46635726831253], [-54.777732030988226, 49.46635726831253]]], [[[-55.01943125013004, 49.4680943758565], [-55.01943125013004, 49.4680943758565]]], [[[-54.809933600313194, 49.47581180012182], [-54.809933600313194, 49.47581180012182]]], [[[-54.746688746695646, 49.482521874704084], [-54.746688746695646, 49.482521874704084]]], [[[-54.93174062533076, 49.46926223482274], [-54.93174062533076, 49.46926223482274]]], [[[-55.47964889966224, 49.48769889985067], [-55.47964889966224, 49.48769889985067]]], [[[-54.644198700085674, 49.49922070000761], [-54.644198700085674, 49.49922070000761]]], [[[-54.96800800017437, 49.499999999787825], [-54.96800800017437, 49.499999999787825]]], [[[-54.644917955980844, 49.482521874704084], [-54.644917955980844, 49.482521874704084]]], [[[-55.10752187496241, 49.527979043847886], [-55.10752187496241, 49.527979043847886]]], [[[-54.99999999973008, 49.35234200007153], [-54.99999999973008, 49.35234200007153]]], [[[-54.94450430031593, 49.37499999996339], [-54.94450430031593, 49.37499999996339]]], [[[-55.01963125014658, 49.35355556750861], [-55.01963125014658, 49.35355556750861]]], [[[-55.28313114931942, 49.387211900918295], [-55.28313114931942, 49.387211900918295]]], [[[-54.746374599552574, 49.38610539997058], [-54.746374599552574, 49.38610539997058]]], [[[-55.195323899840076, 49.38296709994207], [-55.195323899840076, 49.38296709994207]]], [[[-55.18045666600522, 49.39443124970823], [-55.18045666600522, 49.39443124970823]]], [[[-55.13420843163662, 49.39443124970823], [-55.13420843163662, 49.39443124970823]]], [[[-54.81048040931822, 49.394631250220804], [-54.81048040931822, 49.394631250220804]]], [[[-55.01943125013004, 49.40819458683332], [-55.01943125013004, 49.40819458683332]]], [[[-54.931740399853624, 49.41222090000395], [-54.931740399853624, 49.41222090000395]]], [[[-55.2011861562639, 49.30674062481321], [-55.2011861562639, 49.30674062481321]]], [[[-54.99999999973008, 49.413299000222814], [-54.99999999973008, 49.413299000222814]]], [[[-55.058031900109484, 49.41039489980875], [-55.058031900109484, 49.41039489980875]]], [[[-55.30596629958724, 49.427755799847134], [-55.30596629958724, 49.427755799847134]]], [[[-55.01943125013004, 49.45787292088213], [-55.01943125013004, 49.45787292088213]]], [[[-54.700803422718685, 49.482521874704084], [-54.700803422718685, 49.482521874704084]]], [[[-53.7815219997553, 49.577015199874936], [-53.7815219997553, 49.577015199874936]]], [[[-53.81960829955587, 49.552144399767954], [-53.81960829955587, 49.552144399767954]]], [[[-53.86332580010603, 49.535165400134446], [-53.86332580010603, 49.535165400134446]]], [[[-53.926517099759614, 49.53302039999138], [-53.926517099759614, 49.53302039999138]]], [[[-53.97835940032059, 49.55365909988148], [-53.97835940032059, 49.55365909988148]]], [[[-53.89778000190546, 49.56397835721719], [-53.89778000190546, 49.56397835721719]]], [[[-54.25305989959603, 49.53823179988183], [-54.25305989959603, 49.53823179988183]]], [[[-55.24513129978853, 49.52397689985252], [-55.24513129978853, 49.52397689985252]]], [[[-54.425854900389936, 49.525618399891435], [-54.425854900389936, 49.525618399891435]]], [[[-55.54697499993984, 49.52589923505576], [-55.54697499993984, 49.52589923505576]]], [[[-55.08122429958599, 49.526469699824084], [-55.08122429958599, 49.526469699824084]]], [[[-54.96408339993693, 49.53010119985045], [-54.96408339993693, 49.53010119985045]]], [[[-55.59974089976692, 49.54151790013849], [-55.59974089976692, 49.54151790013849]]], [[[-54.42670649968601, 49.5364142001155], [-54.42670649968601, 49.5364142001155]]], [[[-54.975983800222274, 49.53282340016802], [-54.975983800222274, 49.53282340016802]]], [[[-54.316306249806836, 49.53527925076358], [-54.316306249806836, 49.53527925076358]]], [[[-54.90343756108255, 49.594648917460454], [-54.602304100435916, 49.55227779983662], [-54.900863600332656, 49.59583769995583], [-54.90343756108255, 49.594648917460454]]], [[[-54.3754013844784, 49.57021250014647], [-54.3754013844784, 49.57021250014647]]], [[[-54.774143200342714, 49.570350900007966], [-54.774143200342714, 49.570350900007966]]], [[[-54.192849099562395, 49.586917999926], [-54.192849099562395, 49.586917999926]]], [[[-54.70562129958982, 49.5869816997225], [-54.70562129958982, 49.5869816997225]]], [[[-54.35779019989582, 49.60657660026402], [-54.35779019989582, 49.60657660026402]]], [[[-54.408859178557954, 49.57041250025168], [-54.408859178557954, 49.57041250025168]]], [[[-54.52758740041573, 49.62500000006817], [-54.52758740041573, 49.62500000006817]]], [[[-54.26793849083102, 49.722772017825044], [-54.26793849083102, 49.722772017825044]]], [[[-54.72742208921531, 49.67413375542241], [-54.72742208921531, 49.67413375542241]]], [[[-54.61243989958448, 49.64162340008119], [-54.61243989958448, 49.64162340008119]]], [[[-54.62673819890885, 49.65014750685846], [-54.62673819890885, 49.65014750685846]]], [[[-54.57997812515262, 49.64842603741804], [-54.57997812515262, 49.64842603741804]]], [[[-54.3053974036439, 49.71793093361678], [-54.3053974036439, 49.71793093361678]]], [[[-54.58017812516915, 49.66861715822584], [-54.58017812516915, 49.66861715822584]]], [[[-54.79443578957308, 49.68690118582578], [-54.79443578957308, 49.68690118582578]]], [[[-54.40419687462266, 49.67307451678025], [-54.40419687462266, 49.67307451678025]]], [[[-54.43692910034552, 49.68054219988009], [-54.43692910034552, 49.68054219988009]]], [[[-54.765285596943954, 49.688464736122874], [-54.765285596943954, 49.688464736122874]]], [[[-54.56279113852192, 49.68861681361709], [-54.56279113852192, 49.68861681361709]]], [[[-55.53593879961907, 51.62500000011904], [-55.53593879961907, 51.62500000011904]]], [[[-55.57624094228996, 51.638984651735676], [-55.57624094228996, 51.638984651735676]]], [[[-55.42889938167807, 51.892208988017934], [-55.42889938167807, 51.892208988017934]]], [[[-55.4469304999099, 51.53366879993621], [-55.4469304999099, 51.53366879993621]]], [[[-55.44637251765938, 51.52606880238522], [-55.44637251765938, 51.52606880238522]]], [[[-55.4424189458557, 51.62909453951857], [-55.4424189458557, 51.62909453951857]]], [[[-55.47824900015775, 51.48092129998802], [-55.47824900015775, 51.48092129998802]]], [[[-55.46785979974227, 51.471289900041164], [-55.46785979974227, 51.471289900041164]]], [[[-52.81846220010988, 47.187494000282406], [-52.81846220010988, 47.187494000282406]]], [[[-55.092349399882224, 47.19401710015923], [-55.092349399882224, 47.19401710015923]]], [[[-53.58909079972601, 47.1455221002589], [-53.58909079972601, 47.1455221002589]]], [[[-55.19521249976169, 46.98238570792376], [-55.19521249976169, 46.98238570792376]]], [[[-53.66492820016539, 47.01219359986528], [-53.66492820016539, 47.01219359986528]]], [[[-55.17608299975388, 47.000000000202], [-55.17608299975388, 47.000000000202]]], [[[-55.149335000110845, 47.000000000202], [-55.149335000110845, 47.000000000202]]], [[[-55.14447290007659, 47.041382700003716], [-55.14447290007659, 47.041382700003716]]], [[[-53.66735219975502, 47.05254360011041], [-53.66735219975502, 47.05254360011041]]], [[[-52.77443229963988, 47.26728589983012], [-52.77443229963988, 47.26728589983012]]], [[[-54.82619559978067, 47.285533500200394], [-54.82619559978067, 47.285533500200394]]], [[[-54.795046599948826, 47.300452200062075], [-54.795046599948826, 47.300452200062075]]], [[[-54.877548299647174, 47.33581570011357], [-54.877548299647174, 47.33581570011357]]], [[[-54.60325750041325, 47.33430920004782], [-54.60325750041325, 47.33430920004782]]], [[[-54.89365180036592, 47.330457299982584], [-54.89365180036592, 47.330457299982584]]], [[[-54.66786874996845, 47.33450395309999], [-54.66786874996845, 47.33450395309999]]], [[[-54.701703699923385, 47.36899260023597], [-54.701703699923385, 47.36899260023597]]], [[[-54.87554719994386, 47.34325250008332], [-54.87554719994386, 47.34325250008332]]], [[[-54.84384999961663, 47.33656347459346], [-54.84384999961663, 47.33656347459346]]], [[[-53.99508029965938, 47.35568190017941], [-53.99508029965938, 47.35568190017941]]], [[[-54.766734999908785, 47.352377300016805], [-54.766734999908785, 47.352377300016805]]], [[[-54.794078899690476, 47.35527010016982], [-54.794078899690476, 47.35527010016982]]], [[[-54.80854800019141, 47.24999999984257], [-54.80854800019141, 47.24999999984257]]], [[[-54.93167379965678, 47.25693819995086], [-54.93167379965678, 47.25693819995086]]], [[[-54.93174062533076, 47.26745953494432], [-54.93174062533076, 47.26745953494432]]], [[[-54.87765200026526, 47.269940500101065], [-54.87765200026526, 47.269940500101065]]], [[[-53.875280100206744, 47.423849400145244], [-53.875280100206744, 47.423849400145244]]], [[[-53.9601762997191, 47.3986294997936], [-53.9601762997191, 47.3986294997936]]], [[[-53.96588319970107, 47.410661000096276], [-53.96588319970107, 47.410661000096276]]], [[[-53.9757052002529, 47.4223876999894], [-53.9757052002529, 47.4223876999894]]], [[[-54.390822400041515, 47.46102990014023], [-54.390822400041515, 47.46102990014023]]], [[[-54.12933357366828, 47.461037500088516], [-54.12933357366828, 47.461037500088516]]], [[[-54.36870300044264, 47.50000000019153], [-54.36870300044264, 47.50000000019153]]], [[[-54.17798999997244, 47.50000000019153], [-54.17798999997244, 47.50000000019153]]], [[[-54.29369829964405, 47.51328899976305], [-54.29369829964405, 47.51328899976305]]], [[[-54.26435219972282, 47.51097630016263], [-54.26435219972282, 47.51097630016263]]], [[[-54.69630060028904, 47.39021279994887], [-54.69630060028904, 47.39021279994887]]], [[[-54.16195299973755, 47.41233459999467], [-54.16195299973755, 47.41233459999467]]], [[[-54.11754419976217, 47.50780130018385], [-54.11754419976217, 47.50780130018385]]], [[[-54.27559259968409, 47.51875740026259], [-54.27559259968409, 47.51875740026259]]], [[[-54.2375266000123, 47.539027599836075], [-54.2375266000123, 47.539027599836075]]], [[[-53.025917200446585, 47.54296100011398], [-53.025917200446585, 47.54296100011398]]], [[[-55.35990880019704, 47.553753700283515], [-55.35990880019704, 47.553753700283515]]], [[[-54.24887059998033, 47.54890499972], [-54.24887059998033, 47.54890499972]]], [[[-52.965376999876355, 47.56740139980485], [-52.965376999876355, 47.56740139980485]]], [[[-54.24283379999849, 47.56249999987542], [-54.24283379999849, 47.56249999987542]]], [[[-55.390868799882995, 47.5689075000977], [-55.390868799882995, 47.5689075000977]]], [[[-54.228415624991015, 47.57435630876639], [-54.228415624991015, 47.57435630876639]]], [[[-54.13428489976645, 47.58966010006218], [-54.13428489976645, 47.58966010006218]]], [[[-54.99999999973008, 47.59496499984391], [-54.99999999973008, 47.59496499984391]]], [[[-54.20128399980591, 47.60644320022765], [-54.20128399980591, 47.60644320022765]]], [[[-55.34155749994009, 47.633510299869094], [-55.34155749994009, 47.633510299869094]]], [[[-55.36041020026276, 47.60916319971346], [-55.36041020026276, 47.60916319971346]]], [[[-54.328460600229725, 47.610357399936916], [-54.328460600229725, 47.610357399936916]]], [[[-52.99734340014141, 47.627379499815824], [-52.99734340014141, 47.627379499815824]]], [[[-55.208026200128394, 47.62499999986287], [-55.208026200128394, 47.62499999986287]]], [[[-55.22312240015612, 47.62499999986287], [-55.22312240015612, 47.62499999986287]]], [[[-54.174055047549665, 47.636818750205286], [-54.174055047549665, 47.636818750205286]]], [[[-54.316306249806836, 47.63862378716161], [-54.316306249806836, 47.63862378716161]]], [[[-53.7276774002401, 47.87549579995543], [-53.7276774002401, 47.87549579995543]]], [[[-54.19607229971757, 47.750725700251465], [-54.19607229971757, 47.750725700251465]]], [[[-53.763717699844506, 47.78365289989497], [-53.763717699844506, 47.78365289989497]]], [[[-54.199878399592635, 47.77487240019098], [-54.199878399592635, 47.77487240019098]]], [[[-54.03181219962461, 47.74216050004148], [-54.03181219962461, 47.74216050004148]]], [[[-54.14052500017519, 47.8120909362942], [-54.14052500017519, 47.8120909362942]]], [[[-53.61338125039848, 48.03965829815893], [-53.61338125039848, 48.03965829815893]]], [[[-52.811373799917085, 48.10600039973435], [-52.811373799917085, 48.10600039973435]]], [[[-53.53383550026166, 48.11949050007135], [-53.53383550026166, 48.11949050007135]]], [[[-53.02624060023707, 48.085470100164905], [-53.02624060023707, 48.085470100164905]]], [[[-53.78896250001358, 48.177607460687184], [-53.78896250001358, 48.177607460687184]]], [[[-53.47662100031549, 48.20311309991433], [-53.47662100031549, 48.20311309991433]]], [[[-53.49999999963945, 48.19863700005036], [-53.49999999963945, 48.19863700005036]]], [[[-53.6497009000051, 48.46376549979023], [-53.6497009000051, 48.46376549979023]]], [[[-53.66114319991973, 48.47806079996354], [-53.66114319991973, 48.47806079996354]]], [[[-53.662939299583634, 48.54314940003428], [-53.662939299583634, 48.54314940003428]]], [[[-53.69047489984697, 48.56605529994113], [-53.69047489984697, 48.56605529994113]]], [[[-53.80463240011436, 48.58053189991719], [-53.80463240011436, 48.58053189991719]]], [[[-53.7012718752143, 48.568528325127836], [-53.7012718752143, 48.568528325127836]]], [[[-53.63208819996464, 48.57663570017758], [-53.63208819996464, 48.57663570017758]]], [[[-53.61338125039848, 48.59018864675998], [-53.61338125039848, 48.59018864675998]]], [[[-53.63435189968338, 48.65526339992008], [-53.63435189968338, 48.65526339992008]]], [[[-53.78915979969438, 48.589708499916725], [-53.78915979969438, 48.589708499916725]]], [[[-53.857568999608375, 48.71027220017021], [-53.857568999608375, 48.71027220017021]]], [[[-53.78905670004923, 48.72260420009552], [-53.78905670004923, 48.72260420009552]]], [[[-53.61338125039848, 48.66491458883072], [-53.61338125039848, 48.66491458883072]]], [[[-53.675707099632604, 48.691372199851045], [-53.675707099632604, 48.691372199851045]]], [[[-53.1039046996539, 48.700596599698365], [-53.1039046996539, 48.700596599698365]]], [[[-54.15403817822945, 47.636818750205286], [-54.36439859968958, 47.41407870010789], [-54.133285199721044, 47.61622179985681], [-54.15403817822945, 47.636818750205286]]], [[[-54.07019699971264, 47.53165139971135], [-54.07019699971264, 47.53165139971135]]], [[[-54.28236480008338, 47.68628329988139], [-54.28236480008338, 47.68628329988139]]], [[[-54.24700540010815, 47.68590750003632], [-54.24700540010815, 47.68590750003632]]], [[[-53.8329078124215, 48.73497791207775], [-53.8329078124215, 48.73497791207775]]], [[[-53.73452400000954, 48.73261999996791], [-53.73452400000954, 48.73261999996791]]], [[[-53.8329078124215, 48.74137825163933], [-53.8329078124215, 48.74137825163933]]], [[[-89.75275000003607, 56.96966990015258], [-89.75275000003607, 56.96966990015258]]], [[[-61.34980873639305, 57.029115739150186], [-61.34980873639305, 57.029115739150186]]], [[[-61.33631044072808, 57.13907234670717], [-61.33631044072808, 57.13907234670717]]], [[[-78.61089999999147, 57.13990999988102], [-78.61089999999147, 57.13990999988102]]], [[[-61.352859057568416, 57.147361496051026], [-61.352859057568416, 57.147361496051026]]], [[[-90.15821999974906, 57.08986999996208], [-90.15821999974906, 57.08986999996208]]], [[[-78.74989999980941, 57.11111164440833], [-78.74989999980941, 57.11111164440833]]], [[[-78.74989999980941, 57.06159697810616], [-78.74989999980941, 57.06159697810616]]], [[[-78.04697500040108, 56.970226691230835], [-78.04697500040108, 56.970226691230835]]], [[[-79.6877025998399, 56.98209599994311], [-79.6877025998399, 56.98209599994311]]], [[[-76.70315989997268, 56.997080000037435], [-76.70315989997268, 56.997080000037435]]], [[[-76.70504989963493, 57.09999000009002], [-76.70504989963493, 57.09999000009002]]], [[[-61.706123499579114, 57.15665239983452], [-61.706123499579114, 57.15665239983452]]], [[[-78.5111199002008, 57.16666009992969], [-78.5111199002008, 57.16666009992969]]], [[[-78.39839999993372, 57.180640000069594], [-78.39839999993372, 57.180640000069594]]], [[[-78.31872000017094, 57.24530000011023], [-78.31872000017094, 57.24530000011023]]], [[[-78.30390999979946, 57.17633010012537], [-78.30390999979946, 57.17633010012537]]], [[[-61.44827015156745, 57.210868789149686], [-61.44827015156745, 57.210868789149686]]], [[[-90.53949009986853, 57.207950000238945], [-90.53949009986853, 57.207950000238945]]], [[[-78.71214999960682, 57.20146990022244], [-78.71214999960682, 57.20146990022244]]], [[[-61.87382540036007, 57.20750279978987], [-61.87382540036007, 57.20750279978987]]], [[[-76.7224800997389, 57.30307009984857], [-76.7224800997389, 57.30307009984857]]], [[[-76.73387000002471, 57.31380999983302], [-76.73387000002471, 57.31380999983302]]], [[[-61.832435299963755, 57.32254240019814], [-61.832435299963755, 57.32254240019814]]], [[[-79.84648999972862, 57.318030000031925], [-79.84648999972862, 57.318030000031925]]], [[[-61.64526120177557, 57.36227916856543], [-61.64526120177557, 57.36227916856543]]], [[[-78.84183009962459, 57.34833990012059], [-78.84183009962459, 57.34833990012059]]], [[[-78.49823000024011, 57.35030000018181], [-78.49823000024011, 57.35030000018181]]], [[[-79.85296999972554, 57.36826999993664], [-79.85296999972554, 57.36826999993664]]], [[[-61.50663391746056, 57.286949684985714], [-61.50663391746056, 57.286949684985714]]], [[[-76.7286899996861, 57.25382009987741], [-76.7286899996861, 57.25382009987741]]], [[[-61.67636799965367, 57.280785200227356], [-61.67636799965367, 57.280785200227356]]], [[[-79.86724989975629, 57.28903000019035], [-79.86724989975629, 57.28903000019035]]], [[[-61.8227289000126, 57.29414579991766], [-61.8227289000126, 57.29414579991766]]], [[[-78.47742989970514, 57.287390100091415], [-78.47742989970514, 57.287390100091415]]], [[[-79.86717000000165, 57.414740000083924], [-79.86717000000165, 57.414740000083924]]], [[[-79.86326000008252, 57.403179999964095], [-79.86326000008252, 57.403179999964095]]], [[[-79.83752629990491, 57.399743499940215], [-79.83752629990491, 57.399743499940215]]], [[[-76.8042098995715, 57.35851999985244], [-76.8042098995715, 57.35851999985244]]], [[[-78.42019999994005, 57.4358001000575], [-78.42019999994005, 57.4358001000575]]], [[[-78.57464000031634, 57.4128700001576], [-78.57464000031634, 57.4128700001576]]], [[[-79.85832009965645, 57.42464999993138], [-79.85832009965645, 57.42464999993138]]], [[[-61.31682449101216, 57.570964615552114], [-61.31682449101216, 57.570964615552114]]], [[[-61.699118749607265, 57.552123841524164], [-61.699118749607265, 57.552123841524164]]], [[[-61.42732166282228, 57.46478272716268], [-61.42732166282228, 57.46478272716268]]], [[[-62.037423399867805, 57.48375249997715], [-62.037423399867805, 57.48375249997715]]], [[[-78.62954999996187, 57.48115000021586], [-78.62954999996187, 57.48115000021586]]], [[[-62.17939300004635, 57.50626519992079], [-62.17939300004635, 57.50626519992079]]], [[[-79.0511299997047, 57.49258999993972], [-79.0511299997047, 57.49258999993972]]], [[[-61.52333749997562, 57.4438053989402], [-61.52333749997562, 57.4438053989402]]], [[[-78.42454000002951, 57.44165000017114], [-78.42454000002951, 57.44165000017114]]], [[[-61.52333749997562, 57.46808465273788], [-61.52333749997562, 57.46808465273788]]], [[[-61.87510000015378, 57.42152337513274], [-61.87510000015378, 57.42152337513274]]], [[[-79.85658292228865, 57.480368750155236], [-79.85658292228865, 57.480368750155236]]], [[[-61.629602400360135, 57.46252140000716], [-61.629602400360135, 57.46252140000716]]], [[[-61.50000000012285, 57.502954999959066], [-61.50000000012285, 57.502954999959066]]], [[[-79.69679989980762, 57.535740000031716], [-79.69679989980762, 57.535740000031716]]], [[[-61.56364100000091, 57.50000000017815], [-61.56364100000091, 57.50000000017815]]], [[[-62.15099150020594, 57.50872059988996], [-62.15099150020594, 57.50872059988996]]], [[[-79.83032010003564, 57.4988899999542], [-79.83032010003564, 57.4988899999542]]], [[[-61.60003470043135, 57.51168930007421], [-61.60003470043135, 57.51168930007421]]], [[[-79.8235301004173, 57.503060100075615], [-79.8235301004173, 57.503060100075615]]], [[[-79.7877100003469, 57.507449999973616], [-79.7877100003469, 57.507449999973616]]], [[[-78.73308000012511, 57.49841990009885], [-78.73308000012511, 57.49841990009885]]], [[[-61.874900000137224, 57.584471736955585], [-61.874900000137224, 57.584471736955585]]], [[[-61.54885180011984, 57.52500490018798], [-61.54885180011984, 57.52500490018798]]], [[[-78.51543990019876, 57.52299989976329], [-78.51543990019876, 57.52299989976329]]], [[[-79.61648999957097, 57.531549899974536], [-79.61648999957097, 57.531549899974536]]], [[[-79.69363000029149, 57.544409999893915], [-79.69363000029149, 57.544409999893915]]], [[[-76.86402010039575, 57.528699999820866], [-76.86402010039575, 57.528699999820866]]], [[[-61.74398029958754, 57.5473550997823], [-61.74398029958754, 57.5473550997823]]], [[[-79.75119000038077, 57.62947010011337], [-79.75119000038077, 57.62947010011337]]], [[[-61.81299960020821, 57.69728009998899], [-61.81299960020821, 57.69728009998899]]], [[[-77.0142201002417, 57.74866010008965], [-77.0142201002417, 57.74866010008965]]], [[[-79.67195999998148, 57.86473009978344], [-79.67195999998148, 57.86473009978344]]], [[[-61.71555980037886, 57.86589229990336], [-61.71555980037886, 57.86589229990336]]], [[[-61.74563065118984, 57.91015110189405], [-61.74563065118984, 57.91015110189405]]], [[[-79.65376009998587, 57.91471999978386], [-79.65376009998587, 57.91471999978386]]], [[[-61.688380881589005, 57.80705961492752], [-61.688380881589005, 57.80705961492752]]], [[[-61.66892169987191, 57.642485900116775], [-61.66892169987191, 57.642485900116775]]], [[[-61.8190133637929, 57.65634999999325], [-61.8190133637929, 57.65634999999325]]], [[[-79.72728999975159, 57.67148999995995], [-79.72728999975159, 57.67148999995995]]], [[[-61.68323341553504, 57.68451932442788], [-61.68323341553504, 57.68451932442788]]], [[[-61.816556899987226, 57.67621619983982], [-61.816556899987226, 57.67621619983982]]], [[[-62.28432659987474, 57.97907480010294], [-62.28432659987474, 57.97907480010294]]], [[[-77.14607009969289, 57.96095999983213], [-77.14607009969289, 57.96095999983213]]], [[[-79.63509989964541, 57.96265000010701], [-79.63509989964541, 57.96265000010701]]], [[[-78.13615999962494, 58.059759900203844], [-78.13615999962494, 58.059759900203844]]], [[[-77.34385000007785, 58.08079250406455], [-77.34385000007785, 58.08079250406455]]], [[[-62.48412780037883, 58.1238536002301], [-62.48412780037883, 58.1238536002301]]], [[[-62.18544301155109, 58.0166845970317], [-62.18544301155109, 58.0166845970317]]], [[[-77.21165599168692, 58.01008367239776], [-77.21165599168692, 58.01008367239776]]], [[[-62.20973544660203, 58.06181691937543], [-62.20973544660203, 58.06181691937543]]], [[[-92.86531648979346, 58.145317867620335], [-92.86531648979346, 58.145317867620335]]], [[[-62.118740228892925, 58.21069614820218], [-62.118740228892925, 58.21069614820218]]], [[[-62.52525747647932, 58.208377075230764], [-62.52525747647932, 58.208377075230764]]], [[[-67.61293989996219, 58.211780000206055], [-67.61293989996219, 58.211780000206055]]], [[[-77.52200777692963, 58.21426802849511], [-77.52200777692963, 58.21426802849511]]], [[[-77.53417839135075, 58.22054973902408], [-77.53417839135075, 58.22054973902408]]], [[[-62.41519292432688, 58.14763854667709], [-62.41519292432688, 58.14763854667709]]], [[[-77.55329010022436, 58.15843000014613], [-77.55329010022436, 58.15843000014613]]], [[[-76.91990000027377, 57.586629999960806], [-76.91990000027377, 57.586629999960806]]], [[[-79.80458750029425, 57.516899345059635], [-79.80458750029425, 57.516899345059635]]], [[[-61.43864861186791, 57.60398201232457], [-61.43864861186791, 57.60398201232457]]], [[[-61.7824166998038, 57.59590090003101], [-61.7824166998038, 57.59590090003101]]], [[[-79.7395199999995, 57.608360100116364], [-79.7395199999995, 57.608360100116364]]], [[[-61.62967773397817, 57.61044804111709], [-61.62967773397817, 57.61044804111709]]], [[[-77.61843000023941, 58.23381000017042], [-77.61843000023941, 58.23381000017042]]], [[[-77.5639728000061, 58.18081700004058], [-77.5639728000061, 58.18081700004058]]], [[[-67.59804999983608, 58.220450000075544], [-67.59804999983608, 58.220450000075544]]], [[[-77.734889899648, 58.264410099851425], [-77.734889899648, 58.264410099851425]]], [[[-67.84520000028922, 58.27436999996335], [-67.84520000028922, 58.27436999996335]]], [[[-77.80413990021003, 58.26737999994057], [-77.80413990021003, 58.26737999994057]]], [[[-62.465584797843604, 58.36922011006115], [-62.465584797843604, 58.36922011006115]]], [[[-77.91545999978732, 58.33264000011556], [-77.91545999978732, 58.33264000011556]]], [[[-78.05209441386532, 58.35947499976791], [-78.05209441386532, 58.35947499976791]]], [[[-62.5667278602109, 58.30858431657269], [-62.5667278602109, 58.30858431657269]]], [[[-67.72842010031518, 58.31948000016172], [-67.72842010031518, 58.31948000016172]]], [[[-67.50791999988277, 58.32145009993081], [-67.50791999988277, 58.32145009993081]]], [[[-78.00000009993452, 58.32784999987553], [-78.00000009993452, 58.32784999987553]]], [[[-66.88099999959638, 58.46187990017883], [-66.88099999959638, 58.46187990017883]]], [[[-67.687390430062, 58.443123937076585], [-67.687390430062, 58.443123937076585]]], [[[-78.13600260041412, 58.442186800081885], [-78.13600260041412, 58.442186800081885]]], [[[-67.69763990022996, 58.442049999980284], [-67.69763990022996, 58.442049999980284]]], [[[-67.69677011364263, 58.451337557496984], [-67.69677011364263, 58.451337557496984]]], [[[-67.04119000022364, 58.45456000007811], [-67.04119000022364, 58.45456000007811]]], [[[-67.01856009972688, 58.44846000007976], [-67.01856009972688, 58.44846000007976]]], [[[-67.47658000025524, 58.41657000000698], [-67.47658000025524, 58.41657000000698]]], [[[-78.16079370016075, 58.423159599781904], [-78.16079370016075, 58.423159599781904]]], [[[-78.19950000010245, 58.43483010007519], [-78.19950000010245, 58.43483010007519]]], [[[-67.63975000014081, 58.360550000132065], [-67.63975000014081, 58.360550000132065]]], [[[-62.54487849957632, 58.38737381165561], [-62.54487849957632, 58.38737381165561]]], [[[-67.60564219769809, 58.35947499976791], [-67.60564219769809, 58.35947499976791]]], [[[-78.18642999960538, 58.40894010013008], [-78.18642999960538, 58.40894010013008]]], [[[-78.07946997297257, 58.38824076084959], [-78.07946997297257, 58.38824076084959]]], [[[-78.04677500038453, 58.392636903192184], [-78.04677500038453, 58.392636903192184]]], [[[-67.5946499995549, 58.392329999821875], [-67.5946499995549, 58.392329999821875]]], [[[-67.9143000998781, 58.41411000015428], [-67.9143000998781, 58.41411000015428]]], [[[-67.5732201000557, 58.403600099977446], [-67.5732201000557, 58.403600099977446]]], [[[-78.36204999984689, 58.50090989992786], [-78.36204999984689, 58.50090989992786]]], [[[-62.967832500393975, 58.50110700000117], [-62.967832500393975, 58.50110700000117]]], [[[-66.98924999979067, 58.48281999998695], [-66.98924999979067, 58.48281999998695]]], [[[-78.2526021591033, 58.49716040319496], [-78.2526021591033, 58.49716040319496]]], [[[-62.75400625010862, 58.5354122019469], [-62.75400625010862, 58.5354122019469]]], [[[-67.89392000036604, 58.503789899823516], [-67.89392000036604, 58.503789899823516]]], [[[-67.8887499003602, 58.51257989996639], [-67.8887499003602, 58.51257989996639]]], [[[-78.27548000000836, 58.50062999999381], [-78.27548000000836, 58.50062999999381]]], [[[-63.11554989995105, 58.50934640000318], [-63.11554989995105, 58.50934640000318]]], [[[-67.87256999972317, 58.528949999944956], [-67.87256999972317, 58.528949999944956]]], [[[-66.97830009972094, 58.528739999767126], [-66.97830009972094, 58.528739999767126]]], [[[-66.63509488176905, 58.602396986663685], [-66.63509488176905, 58.602396986663685]]], [[[-68.29472000027671, 58.58878999981191], [-68.29472000027671, 58.58878999981191]]], [[[-78.40136381424556, 58.58786136306142], [-78.40136381424556, 58.58786136306142]]], [[[-68.27947999973493, 58.59113999977006], [-68.27947999973493, 58.59113999977006]]], [[[-78.49630022856698, 58.60094407116], [-78.49630022856698, 58.60094407116]]], [[[-66.652980000411, 58.609500100156595], [-66.652980000411, 58.609500100156595]]], [[[-78.39315649139948, 58.606502408655686], [-78.39315649139948, 58.606502408655686]]], [[[-78.57109859981952, 58.57491329980209], [-78.57109859981952, 58.57491329980209]]], [[[-66.78420990000808, 58.57892010006669], [-66.78420990000808, 58.57892010006669]]], [[[-78.39833749964782, 58.57964277555119], [-78.39833749964782, 58.57964277555119]]], [[[-67.1485374998829, 58.60756490108223], [-67.1485374998829, 58.60756490108223]]], [[[-62.86829545866803, 58.62756442960727], [-62.86829545866803, 58.62756442960727]]], [[[-62.7291493406826, 58.57280405940159], [-62.7291493406826, 58.57280405940159]]], [[[-63.07074139997989, 58.5406222998485], [-63.07074139997989, 58.5406222998485]]], [[[-66.69655000028646, 58.54769009981662], [-66.69655000028646, 58.54769009981662]]], [[[-62.95544451882693, 58.54603064705035], [-62.95544451882693, 58.54603064705035]]], [[[-66.67706000006693, 58.53119000020808], [-66.67706000006693, 58.53119000020808]]], [[[-62.78570653345392, 58.555631960623465], [-62.78570653345392, 58.555631960623465]]], [[[-67.47605010023881, 58.54174999980385], [-67.47605010023881, 58.54174999980385]]], [[[-68.24616009974646, 58.5444899001179], [-68.24616009974646, 58.5444899001179]]], [[[-66.73683010009691, 58.55338990005064], [-66.73683010009691, 58.55338990005064]]], [[[-67.49990000002796, 58.5566283778903], [-67.49990000002796, 58.5566283778903]]], [[[-62.97274092564913, 58.569126898221825], [-62.97274092564913, 58.569126898221825]]], [[[-67.28738009959172, 58.56485000011571], [-67.28738009959172, 58.56485000011571]]], [[[-78.41704561253226, 58.57594114100852], [-78.41704561253226, 58.57594114100852]]], [[[-68.3227898996064, 58.65881999989362], [-68.3227898996064, 58.65881999989362]]], [[[-68.32447999986341, 58.64757999980287], [-68.32447999986341, 58.64757999980287]]], [[[-78.60510999955751, 58.64586989998435], [-78.60510999955751, 58.64586989998435]]], [[[-78.71410010015484, 58.63915000006988], [-78.71410010015484, 58.63915000006988]]], [[[-78.58672999992385, 58.64860000001487], [-78.58672999992385, 58.64860000001487]]], [[[-78.87353010000058, 58.69858990007867], [-78.87353010000058, 58.69858990007867]]], [[[-78.80527990009524, 58.70423009985346], [-78.80527990009524, 58.70423009985346]]], [[[-68.34836505252628, 58.69740803170497], [-68.34836505252628, 58.69740803170497]]], [[[-78.5549916792145, 58.704721909519805], [-78.5549916792145, 58.704721909519805]]], [[[-78.61533832248539, 58.671231947043076], [-78.61533832248539, 58.671231947043076]]], [[[-78.55835010007445, 58.67521010007511], [-78.55835010007445, 58.67521010007511]]], [[[-78.66757999964864, 58.67389989977629], [-78.66757999964864, 58.67389989977629]]], [[[-78.58292989989657, 58.68233010017535], [-78.58292989989657, 58.68233010017535]]], [[[-68.32275000003476, 58.68607999989576], [-68.32275000003476, 58.68607999989576]]], [[[-78.68476990041412, 58.72593989985768], [-78.68476990041412, 58.72593989985768]]], [[[-66.51053000008314, 58.72524989986004], [-66.51053000008314, 58.72524989986004]]], [[[-66.53650676191876, 58.72377002731404], [-66.53650676191876, 58.72377002731404]]], [[[-78.7937800002046, 58.71491989982986], [-78.7937800002046, 58.71491989982986]]], [[[-78.57431875019431, 58.72850487740322], [-78.57431875019431, 58.72850487740322]]], [[[-78.83362990041874, 58.72314989989036], [-78.83362990041874, 58.72314989989036]]], [[[-78.90248999980811, 58.732350099922], [-78.90248999980811, 58.732350099922]]], [[[-66.48912009977711, 58.72855000005458], [-66.48912009977711, 58.72855000005458]]], [[[-78.59245000003762, 58.729619999790934], [-78.59245000003762, 58.729619999790934]]], [[[-78.56357009969769, 58.73420000000883], [-78.56357009969769, 58.73420000000883]]], [[[-78.5857356448544, 58.710837499967], [-78.5857356448544, 58.710837499967]]], [[[-78.52289751515984, 58.71663039593903], [-78.52289751515984, 58.71663039593903]]], [[[-78.63316010001836, 58.62321999999822], [-78.63316010001836, 58.62321999999822]]], [[[-66.64446990039843, 58.615610100144664], [-66.64446990039843, 58.615610100144664]]], [[[-66.59774009986727, 58.62421999988704], [-66.59774009986727, 58.62421999988704]]], [[[-78.57431875019431, 58.573616279103945], [-78.57431875019431, 58.573616279103945]]], [[[-78.50101081515216, 58.617575373156846], [-78.50101081515216, 58.617575373156846]]], [[[-66.65257010004517, 58.633810000160075], [-66.65257010004517, 58.633810000160075]]], [[[-78.60267000007437, 58.638269999988076], [-78.60267000007437, 58.638269999988076]]], [[[-78.71577009970905, 58.68872000018787], [-78.71577009970905, 58.68872000018787]]], [[[-78.27273990033824, 58.4602399998422], [-78.27273990033824, 58.4602399998422]]], [[[-66.98466277075862, 58.4757184341598], [-66.98466277075862, 58.4757184341598]]], [[[-67.76828999972248, 58.47410990015793], [-67.76828999972248, 58.47410990015793]]], [[[-69.89191009998873, 58.74236989984781], [-69.89191009998873, 58.74236989984781]]], [[[-78.60782009998871, 58.74246010012818], [-78.60782009998871, 58.74246010012818]]], [[[-69.67163999971011, 58.73385000016205], [-69.67163999971011, 58.73385000016205]]], [[[-78.72110009983545, 58.73515989988566], [-78.72110009983545, 58.73515989988566]]], [[[-78.80844999993568, 58.73220000006174], [-78.80844999993568, 58.73220000006174]]], [[[-66.15670000032912, 58.746860000188214], [-66.15670000032912, 58.746860000188214]]], [[[-78.89732989984803, 58.744299999931826], [-78.89732989984803, 58.744299999931826]]], [[[-78.66200937499362, 58.749687089220416], [-78.66200937499362, 58.749687089220416]]], [[[-66.4830683608121, 58.78704985566285], [-66.4830683608121, 58.78704985566285]]], [[[-93.57726179995642, 58.78306839996099], [-93.57726179995642, 58.78306839996099]]], [[[-78.94885999991516, 58.764340000168666], [-78.94885999991516, 58.764340000168666]]], [[[-66.47920999964876, 58.76343000017293], [-66.47920999964876, 58.76343000017293]]], [[[-78.66220937501015, 58.75991272826666], [-78.66220937501015, 58.75991272826666]]], [[[-69.82321989986735, 58.75293990000746], [-69.82321989986735, 58.75293990000746]]], [[[-78.58918610530172, 58.7700556614757], [-78.58918610530172, 58.7700556614757]]], [[[-93.24465990035954, 58.77938990019459], [-93.24465990035954, 58.77938990019459]]], [[[-78.61371989970321, 58.77854000000172], [-78.61371989970321, 58.77854000000172]]], [[[-79.13161000043195, 58.82112999978234], [-79.13161000043195, 58.82112999978234]]], [[[-66.14483990026405, 58.81331989977808], [-66.14483990026405, 58.81331989977808]]], [[[-78.5391699997633, 58.814649899781045], [-78.5391699997633, 58.814649899781045]]], [[[-78.57431875019431, 58.82311429683318], [-78.57431875019431, 58.82311429683318]]], [[[-66.16421999969343, 58.83601999999579], [-66.16421999969343, 58.83601999999579]]], [[[-78.60877000012971, 58.78600000011325], [-78.60877000012971, 58.78600000011325]]], [[[-78.90486279991812, 58.7986212998013], [-78.90486279991812, 58.7986212998013]]], [[[-78.66220937501015, 58.77898166656697], [-78.66220937501015, 58.77898166656697]]], [[[-78.55418620391667, 58.800984643307466], [-78.55418620391667, 58.800984643307466]]], [[[-78.55777464379501, 58.799542699637875], [-78.55777464379501, 58.799542699637875]]], [[[-78.94765999981591, 58.876459900033616], [-78.94765999981591, 58.876459900033616]]], [[[-66.33686999982405, 58.903469900151606], [-66.33686999982405, 58.903469900151606]]], [[[-68.56200000028366, 58.89482999987403], [-68.56200000028366, 58.89482999987403]]], [[[-78.36277010015843, 58.927299999857865], [-78.36277010015843, 58.927299999857865]]], [[[-69.3704700000893, 58.92958989986533], [-69.3704700000893, 58.92958989986533]]], [[[-78.6932800004267, 58.909680100165595], [-78.6932800004267, 58.909680100165595]]], [[[-78.42403010010456, 58.90933009989618], [-78.42403010010456, 58.90933009989618]]], [[[-78.4960901000456, 58.912279999999484], [-78.4960901000456, 58.912279999999484]]], [[[-69.42113000005708, 58.90205000017151], [-69.42113000005708, 58.90205000017151]]], [[[-68.60888000002865, 58.903939999908204], [-68.60888000002865, 58.903939999908204]]], [[[-78.37729000038867, 58.9055700998778], [-78.37729000038867, 58.9055700998778]]], [[[-78.76586000005143, 58.9123598999603], [-78.76586000005143, 58.9123598999603]]], [[[-66.10250000033807, 58.92428999982903], [-66.10250000033807, 58.92428999982903]]], [[[-69.27637999998812, 58.92470989997896], [-69.27637999998812, 58.92470989997896]]], [[[-78.55016999977477, 58.833679999827815], [-78.55016999977477, 58.833679999827815]]], [[[-66.48538990035703, 58.834610000063705], [-66.48538990035703, 58.834610000063705]]], [[[-65.87975494443364, 58.84969905304329], [-65.87975494443364, 58.84969905304329]]], [[[-66.29890010012474, 58.8509499997987], [-66.29890010012474, 58.8509499997987]]], [[[-66.39603000004567, 58.847310100022746], [-66.39603000004567, 58.847310100022746]]], [[[-66.45863999987888, 58.85599010016925], [-66.45863999987888, 58.85599010016925]]], [[[-66.07778866470046, 58.835649862133444], [-66.07778866470046, 58.835649862133444]]], [[[-78.87964010010165, 58.81238000004707], [-78.87964010010165, 58.81238000004707]]], [[[-66.15026010022814, 58.86158000012406], [-66.15026010022814, 58.86158000012406]]], [[[-68.4952400003318, 58.8605401000508], [-68.4952400003318, 58.8605401000508]]], [[[-69.70973999971707, 58.85241009977277], [-69.70973999971707, 58.85241009977277]]], [[[-69.78505624973093, 58.8880104868648], [-69.78505624973093, 58.8880104868648]]], [[[-65.45680000038493, 59.066310000031685], [-65.45680000038493, 59.066310000031685]]], [[[-78.67351010043599, 59.10034009995852], [-78.67351010043599, 59.10034009995852]]], [[[-66.10799000029805, 59.083450099988085], [-66.10799000029805, 59.083450099988085]]], [[[-68.93454000028254, 59.08341999996685], [-68.93454000028254, 59.08341999996685]]], [[[-68.91468009988013, 59.06868989984423], [-68.91468009988013, 59.06868989984423]]], [[[-65.76427009979064, 59.07445990001921], [-65.76427009979064, 59.07445990001921]]], [[[-69.0647898998884, 59.0665300000433], [-69.0647898998884, 59.0665300000433]]], [[[-69.04988990000356, 59.074980000010314], [-69.04988990000356, 59.074980000010314]]], [[[-65.83826999990963, 59.08514989997051], [-65.83826999990963, 59.08514989997051]]], [[[-65.86259999981081, 59.07846990000379], [-65.86259999981081, 59.07846990000379]]], [[[-65.67189990004641, 59.095469899821374], [-65.67189990004641, 59.095469899821374]]], [[[-78.18578009993836, 59.09348999984176], [-78.18578009993836, 59.09348999984176]]], [[[-68.98773989957958, 59.0905999998986], [-68.98773989957958, 59.0905999998986]]], [[[-68.96933999956741, 59.08842000002609], [-68.96933999956741, 59.08842000002609]]], [[[-68.9424799000584, 59.09212990000744], [-68.9424799000584, 59.09212990000744]]], [[[-68.9534200004067, 59.0922498999267], [-68.9534200004067, 59.0922498999267]]], [[[-68.93350000001685, 59.09929000020773], [-68.93350000001685, 59.09929000020773]]], [[[-68.95638989990627, 59.104420000000225], [-68.95638989990627, 59.104420000000225]]], [[[-69.15228222967356, 59.126637010402014], [-69.15228222967356, 59.126637010402014]]], [[[-78.49436999965137, 58.97011999993304], [-78.49436999965137, 58.97011999993304]]], [[[-66.00904999957119, 58.97390000009552], [-66.00904999957119, 58.97390000009552]]], [[[-65.73550239902971, 59.05236775685002], [-65.73550239902971, 59.05236775685002]]], [[[-65.7745821232451, 59.04824682790554], [-65.7745821232451, 59.04824682790554]]], [[[-69.02601000007718, 59.046190100007784], [-69.02601000007718, 59.046190100007784]]], [[[-78.32530655563194, 59.02632776505001], [-78.32530655563194, 59.02632776505001]]], [[[-78.33022864246594, 59.036637083055254], [-78.33022864246594, 59.036637083055254]]], [[[-69.29802989959533, 59.02460999989185], [-69.29802989959533, 59.02460999989185]]], [[[-65.78841461645025, 59.03620534988076], [-65.78841461645025, 59.03620534988076]]], [[[-69.04884000030344, 59.03019010017442], [-69.04884000030344, 59.03019010017442]]], [[[-65.83896010008394, 59.03327999998846], [-65.83896010008394, 59.03327999998846]]], [[[-66.09365000027985, 59.05344183753087], [-66.09365000027985, 59.05344183753087]]], [[[-65.59305009991301, 59.033310100148874], [-65.59305009991301, 59.033310100148874]]], [[[-65.86881000036932, 59.02775010021928], [-65.86881000036932, 59.02775010021928]]], [[[-65.77142999959183, 58.99671000008548], [-65.77142999959183, 58.99671000008548]]], [[[-65.81494000009116, 59.00076999994874], [-65.81494000009116, 59.00076999994874]]], [[[-69.08993999966022, 58.989339999997604], [-69.08993999966022, 58.989339999997604]]], [[[-69.18619999980609, 59.000250000186625], [-69.18619999980609, 59.000250000186625]]], [[[-68.9063499997926, 59.007547304130036], [-68.9063499997926, 59.007547304130036]]], [[[-65.91799999990111, 58.992720099826656], [-65.91799999990111, 58.992720099826656]]], [[[-69.3373601001631, 58.9856100997902], [-69.3373601001631, 58.9856100997902]]], [[[-78.33357647398532, 58.97816602591849], [-78.33357647398532, 58.97816602591849]]], [[[-69.43555989987563, 58.987109999772265], [-69.43555989987563, 58.987109999772265]]], [[[-69.37391999970087, 58.9961300000175], [-69.37391999970087, 58.9961300000175]]], [[[-65.82542989985335, 59.00758000010801], [-65.82542989985335, 59.00758000010801]]], [[[-65.91806874976645, 59.04241248654385], [-65.91806874976645, 59.04241248654385]]], [[[-69.45777010028509, 59.01685009999891], [-69.45777010028509, 59.01685009999891]]], [[[-68.95348990011558, 59.04350000016202], [-68.95348990011558, 59.04350000016202]]], [[[-65.7505600002463, 59.05233989990033], [-65.7505600002463, 59.05233989990033]]], [[[-68.89236999962453, 59.05153009984119], [-68.89236999962453, 59.05153009984119]]], [[[-66.09803771708057, 59.06259999985181], [-66.09803771708057, 59.06259999985181]]], [[[-78.26957087308627, 59.06239999993394], [-78.26957087308627, 59.06239999993394]]], [[[-68.94236471717436, 59.06239999993394], [-68.94236471717436, 59.06239999993394]]], [[[-65.69168056095592, 59.063952790878524], [-65.69168056095592, 59.063952790878524]]], [[[-69.26900989980035, 58.93227990013271], [-69.26900989980035, 58.93227990013271]]], [[[-69.7254199995766, 58.92847009991558], [-69.7254199995766, 58.92847009991558]]], [[[-65.99379999988199, 58.93976999985604], [-65.99379999988199, 58.93976999985604]]], [[[-69.33487999988566, 58.934430000033444], [-69.33487999988566, 58.934430000033444]]], [[[-69.44679999979957, 58.93625989990572], [-69.44679999979957, 58.93625989990572]]], [[[-78.6800998997135, 58.936330000202716], [-78.6800998997135, 58.936330000202716]]], [[[-78.56669076704466, 58.94816808217111], [-78.56669076704466, 58.94816808217111]]], [[[-69.72272990013519, 58.94218000007913], [-69.72272990013519, 58.94218000007913]]], [[[-69.38996010002182, 58.94488999976874], [-69.38996010002182, 58.94488999976874]]], [[[-78.45821999958109, 58.949309999994], [-78.45821999958109, 58.949309999994]]], [[[-78.42575000017449, 58.94611000002668], [-78.42575000017449, 58.94611000002668]]], [[[-69.41295010008169, 58.92076000021956], [-69.41295010008169, 58.92076000021956]]], [[[-78.47208501000291, 58.91794212731674], [-78.47208501000291, 58.91794212731674]]], [[[-69.21324999957291, 58.961429999771], [-69.21324999957291, 58.961429999771]]], [[[-65.99491999961529, 58.952679999824745], [-65.99491999961529, 58.952679999824745]]], [[[-69.41568000028003, 58.98346000014619], [-69.41568000028003, 58.98346000014619]]], [[[-69.0958098998488, 58.959519900101], [-69.0958098998488, 58.959519900101]]], [[[-78.1855299999801, 59.169409900106146], [-78.1855299999801, 59.169409900106146]]], [[[-78.14100761612187, 59.187039974582646], [-78.14100761612187, 59.187039974582646]]], [[[-69.29755010041893, 59.199040000178975], [-69.29755010041893, 59.199040000178975]]], [[[-65.7422875001348, 59.19808623233331], [-65.7422875001348, 59.19808623233331]]], [[[-78.06431999979193, 59.22178999994169], [-78.06431999979193, 59.22178999994169]]], [[[-65.76134000014972, 59.22355990000698], [-65.76134000014972, 59.22355990000698]]], [[[-65.74905595455935, 59.20636720091712], [-65.74905595455935, 59.20636720091712]]], [[[-65.88771999973241, 59.205580000029144], [-65.88771999973241, 59.205580000029144]]], [[[-65.78015009966668, 59.19691000019022], [-65.78015009966668, 59.19691000019022]]], [[[-65.75638256820255, 59.21828443364727], [-65.75638256820255, 59.21828443364727]]], [[[-65.79455000024633, 59.20812999977514], [-65.79455000024633, 59.20812999977514]]], [[[-65.76648010001833, 59.21295000016361], [-65.76648010001833, 59.21295000016361]]], [[[-65.84958999958822, 59.24534990002827], [-65.84958999958822, 59.24534990002827]]], [[[-77.90289999982652, 59.26668990004485], [-77.90289999982652, 59.26668990004485]]], [[[-77.97595999985026, 59.261339900186954], [-77.97595999985026, 59.261339900186954]]], [[[-65.82069000034213, 59.25865010001281], [-65.82069000034213, 59.25865010001281]]], [[[-78.51654010016489, 59.28857010012574], [-78.51654010016489, 59.28857010012574]]], [[[-69.23168840497142, 59.299492782494966], [-69.23168840497142, 59.299492782494966]]], [[[-77.8523000001332, 59.30174999999713], [-77.8523000001332, 59.30174999999713]]], [[[-65.65041009998576, 59.29399000019408], [-65.65041009998576, 59.29399000019408]]], [[[-65.67405999975838, 59.301950000072075], [-65.67405999975838, 59.301950000072075]]], [[[-77.85511999955794, 59.31142000018095], [-77.85511999955794, 59.31142000018095]]], [[[-65.41218989963247, 59.32307000013865], [-65.41218989963247, 59.32307000013865]]], [[[-65.70099009958759, 59.32585000021376], [-65.70099009958759, 59.32585000021376]]], [[[-77.81186000020219, 59.32747009985515], [-77.81186000020219, 59.32747009985515]]], [[[-65.70967009976648, 59.327859999943335], [-65.70967009976648, 59.327859999943335]]], [[[-65.62285990030244, 59.32629999988382], [-65.62285990030244, 59.32629999988382]]], [[[-77.93587990005636, 59.266349899917614], [-77.93587990005636, 59.266349899917614]]], [[[-77.95712990024181, 59.26907000010309], [-77.95712990024181, 59.26907000010309]]], [[[-69.22876989988588, 59.284280000168266], [-69.22876989988588, 59.284280000168266]]], [[[-77.9184299001852, 59.272890099896266], [-77.9184299001852, 59.272890099896266]]], [[[-77.89848000026944, 59.27358990001879], [-77.89848000026944, 59.27358990001879]]], [[[-65.62402999997745, 59.28952999988082], [-65.62402999997745, 59.28952999988082]]], [[[-65.81351728337846, 59.23838125020247], [-65.81351728337846, 59.23838125020247]]], [[[-65.59960010023015, 59.23828999991264], [-65.59960010023015, 59.23828999991264]]], [[[-78.04677500038453, 59.24420747114864], [-78.04677500038453, 59.24420747114864]]], [[[-65.76622000001433, 59.24061999982412], [-65.76622000001433, 59.24061999982412]]], [[[-65.82831009987687, 59.241970100150155], [-65.82831009987687, 59.241970100150155]]], [[[-63.53891375891372, 59.359379442549766], [-63.53891375891372, 59.359379442549766]]], [[[-65.76061989983819, 59.356739900069094], [-65.76061989983819, 59.356739900069094]]], [[[-77.82050000019811, 59.36518990009194], [-77.82050000019811, 59.36518990009194]]], [[[-65.45436000000346, 59.35890000010918], [-65.45436000000346, 59.35890000010918]]], [[[-77.88370649665134, 59.3950953100364], [-77.88370649665134, 59.3950953100364]]], [[[-65.49353000041334, 59.3869601001914], [-65.49353000041334, 59.3869601001914]]], [[[-77.76496767107993, 59.396597854091965], [-77.76496767107993, 59.396597854091965]]], [[[-65.6319601000319, 59.37272009983794], [-65.6319601000319, 59.37272009983794]]], [[[-69.54586000017702, 59.37573010011939], [-69.54586000017702, 59.37573010011939]]], [[[-65.47037139555782, 59.38457234520467], [-65.47037139555782, 59.38457234520467]]], [[[-65.43772849651018, 59.40852465476308], [-65.43772849651018, 59.40852465476308]]], [[[-65.62582236983631, 59.41396249979034], [-65.62582236983631, 59.41396249979034]]], [[[-63.73559420583258, 59.414162500002625], [-63.73559420583258, 59.414162500002625]]], [[[-65.66710009997372, 59.43038000016568], [-65.66710009997372, 59.43038000016568]]], [[[-63.67264869781715, 59.46337341723109], [-63.67264869781715, 59.46337341723109]]], [[[-77.87230923557013, 59.43627487966644], [-77.87230923557013, 59.43627487966644]]], [[[-65.67892999957726, 59.43373000016736], [-65.67892999957726, 59.43373000016736]]], [[[-65.50758868850873, 59.444562468396], [-65.50758868850873, 59.444562468396]]], [[[-77.9561299001591, 59.3958600998907], [-77.9561299001591, 59.3958600998907]]], [[[-65.51261999970149, 59.39402000005706], [-65.51261999970149, 59.39402000005706]]], [[[-65.44323608458511, 59.3984731315526], [-65.44323608458511, 59.3984731315526]]], [[[-65.56650624960484, 59.41964086553757], [-65.56650624960484, 59.41964086553757]]], [[[-65.41557000043349, 59.49046010019144], [-65.41557000043349, 59.49046010019144]]], [[[-77.89904000013608, 59.4742201000656], [-77.89904000013608, 59.4742201000656]]], [[[-77.48873990017589, 59.47218999996604], [-77.48873990017589, 59.47218999996604]]], [[[-65.39423999988212, 59.480750000143026], [-65.39423999988212, 59.480750000143026]]], [[[-80.39525750005292, 59.51994629989771], [-80.39525750005292, 59.51994629989771]]], [[[-77.51943124969296, 59.506603847626174], [-77.51943124969296, 59.506603847626174]]], [[[-77.5196312497095, 59.51424186789469], [-77.5196312497095, 59.51424186789469]]], [[[-65.49109009974488, 59.49045010018871], [-65.49109009974488, 59.49045010018871]]], [[[-65.53240000034924, 59.47735989993753], [-65.53240000034924, 59.47735989993753]]], [[[-77.51943124969296, 59.51947487994528], [-77.51943124969296, 59.51947487994528]]], [[[-77.78851000029222, 59.53744999992276], [-77.78851000029222, 59.53744999992276]]], [[[-80.3046549997349, 59.56125410019127], [-80.3046549997349, 59.56125410019127]]], [[[-77.35186009959993, 59.56586989977822], [-77.35186009959993, 59.56586989977822]]], [[[-77.38345990009248, 59.5705500000774], [-77.38345990009248, 59.5705500000774]]], [[[-77.79528999986482, 59.57059000006013], [-77.79528999986482, 59.57059000006013]]], [[[-69.34013528982483, 59.334210035471436], [-69.34013528982483, 59.334210035471436]]], [[[-65.59944999983102, 59.347759999812766], [-65.59944999983102, 59.347759999812766]]], [[[-69.08213125032256, 59.09212009987911], [-69.08213125032256, 59.09212009987911]]], [[[-65.69568575624402, 59.14120411385338], [-65.69568575624402, 59.14120411385338]]], [[[-78.18155010035208, 59.12681989989335], [-78.18155010035208, 59.12681989989335]]], [[[-69.09051934564482, 59.06011359719243], [-69.09051934564482, 59.06011359719243]]], [[[-65.84932989958422, 59.13446000017695], [-65.84932989958422, 59.13446000017695]]], [[[-78.17625650535086, 59.1574062528437], [-78.17625650535086, 59.1574062528437]]], [[[-69.06543990016672, 59.140239999771346], [-69.06543990016672, 59.140239999771346]]], [[[-65.82756000032641, 59.15439989983315], [-65.82756000032641, 59.15439989983315]]], [[[-78.15394620926256, 59.17240163053475], [-78.15394620926256, 59.17240163053475]]], [[[-65.78947000036518, 59.155100000023104], [-65.78947000036518, 59.155100000023104]]], [[[-80.43640130036462, 59.650143100153855], [-80.43640130036462, 59.650143100153855]]], [[[-77.53968000023914, 59.66798000015496], [-77.53968000023914, 59.66798000015496]]], [[[-77.5423800000133, 59.663450099995835], [-77.5423800000133, 59.663450099995835]]], [[[-65.49025999982848, 59.629499999780506], [-65.49025999982848, 59.629499999780506]]], [[[-77.48920000019642, 59.642450100185194], [-77.48920000019642, 59.642450100185194]]], [[[-69.52405342360449, 59.68438570740229], [-69.52405342360449, 59.68438570740229]]], [[[-77.6701368150926, 59.69171349004631], [-77.6701368150926, 59.69171349004631]]], [[[-77.59089990036057, 59.70205989996055], [-77.59089990036057, 59.70205989996055]]], [[[-77.5446048943084, 59.70858180450543], [-77.5446048943084, 59.70858180450543]]], [[[-77.64635010010558, 59.70479000008278], [-77.64635010010558, 59.70479000008278]]], [[[-69.58823999999899, 59.70813000006645], [-69.58823999999899, 59.70813000006645]]], [[[-77.75268999993483, 59.74716009994345], [-77.75268999993483, 59.74716009994345]]], [[[-77.34385000007785, 59.82012493704118], [-77.34385000007785, 59.82012493704118]]], [[[-65.44668999995302, 59.80852000018459], [-65.44668999995302, 59.80852000018459]]], [[[-77.36958000009483, 59.78919009983784], [-77.36958000009483, 59.78919009983784]]], [[[-77.3275399003185, 59.79083999998664], [-77.3275399003185, 59.79083999998664]]], [[[-77.34385000007785, 59.79823472649318], [-77.34385000007785, 59.79823472649318]]], [[[-65.4453500001117, 59.8041901002132], [-65.4453500001117, 59.8041901002132]]], [[[-77.37480999976383, 59.80547999978647], [-77.37480999976383, 59.80547999978647]]], [[[-65.3491598996747, 59.84536990010837], [-65.3491598996747, 59.84536990010837]]], [[[-65.37185999991765, 59.82832009998202], [-65.37185999991765, 59.82832009998202]]], [[[-69.54544000005247, 59.84856010020228], [-69.54544000005247, 59.84856010020228]]], [[[-65.37647010005682, 59.835919899935604], [-65.37647010005682, 59.835919899935604]]], [[[-77.43174062489368, 59.83986747271124], [-77.43174062489368, 59.83986747271124]]], [[[-77.41682999973565, 59.83837999995158], [-77.41682999973565, 59.83837999995158]]], [[[-65.37955000005955, 59.84353999994927], [-65.37955000005955, 59.84353999994927]]], [[[-65.49355010021782, 59.76564989995588], [-65.49355010021782, 59.76564989995588]]], [[[-80.25324620007889, 59.768875599906096], [-80.25324620007889, 59.768875599906096]]], [[[-79.96351610007427, 59.75168279978468], [-79.96351610007427, 59.75168279978468]]], [[[-77.50553285697687, 59.759666599105195], [-77.50553285697687, 59.759666599105195]]], [[[-69.5433199265746, 59.75197097022806], [-69.5433199265746, 59.75197097022806]]], [[[-77.72849999977575, 59.7179599001502], [-77.72849999977575, 59.7179599001502]]], [[[-80.32070970037415, 59.63270350020111], [-80.32070970037415, 59.63270350020111]]], [[[-77.69521250022292, 59.707977104911656], [-77.69521250022292, 59.707977104911656]]], [[[-77.66797999962131, 59.728289900114355], [-77.66797999962131, 59.728289900114355]]], [[[-65.22410999960059, 59.89285999990507], [-65.22410999960059, 59.89285999990507]]], [[[-77.45280009959389, 59.88482989982838], [-77.45280009959389, 59.88482989982838]]], [[[-77.47962989982668, 59.88931000020728], [-77.47962989982668, 59.88931000020728]]], [[[-77.42382576745298, 59.94150625000713], [-77.42382576745298, 59.94150625000713]]], [[[-65.19025954472383, 59.94150625000713], [-65.19025954472383, 59.94150625000713]]], [[[-64.15639435202611, 59.95880860588921], [-64.15639435202611, 59.95880860588921]]], [[[-65.14297000034587, 59.985590000208674], [-65.14297000034587, 59.985590000208674]]], [[[-65.15491009987856, 59.96504999982215], [-65.15491009987856, 59.96504999982215]]], [[[-65.12705312462741, 59.96870008968761], [-65.12705312462741, 59.96870008968761]]], [[[-65.13794999984087, 59.971209900060266], [-65.13794999984087, 59.971209900060266]]], [[[-69.96083750026088, 59.98172769752935], [-69.96083750026088, 59.98172769752935]]], [[[-65.17946009988776, 59.950049999972656], [-65.17946009988776, 59.950049999972656]]], [[[-69.63608010025503, 59.96012000007008], [-69.63608010025503, 59.96012000007008]]], [[[-65.17003989959288, 59.96210990016748], [-65.17003989959288, 59.96210990016748]]], [[[-79.93628860039382, 59.90605140012296], [-79.93628860039382, 59.90605140012296]]], [[[-65.25849868996127, 59.92650523518755], [-65.25849868996127, 59.92650523518755]]], [[[-69.7251598995726, 59.90271010001078], [-69.7251598995726, 59.90271010001078]]], [[[-79.99514999971669, 59.93108280007778], [-79.99514999971669, 59.93108280007778]]], [[[-79.88499839991489, 59.93122130006313], [-79.88499839991489, 59.93122130006313]]], [[[-69.6397898998333, 59.94078000007045], [-69.6397898998333, 59.94078000007045]]], [[[-77.73559999991379, 60.00305999992048], [-77.73559999991379, 60.00305999992048]]], [[[-77.37927000040217, 60.010479999966535], [-77.37927000040217, 60.010479999966535]]], [[[-77.25987000040861, 60.02166009987774], [-77.25987000040861, 60.02166009987774]]], [[[-77.55170999957221, 60.02517999983997], [-77.55170999957221, 60.02517999983997]]], [[[-69.71321000031847, 60.011040000171164], [-69.71321000031847, 60.011040000171164]]], [[[-65.16145010014996, 60.01832010008971], [-65.16145010014996, 60.01832010008971]]], [[[-69.69131762116157, 60.060155383776305], [-69.69131762116157, 60.060155383776305]]], [[[-65.07430010035328, 60.05593990010949], [-65.07430010035328, 60.05593990010949]]], [[[-65.08126000013796, 60.06055999993902], [-65.08126000013796, 60.06055999993902]]], [[[-69.59971000036371, 60.06572999985076], [-69.59971000036371, 60.06572999985076]]], [[[-77.60557643803028, 60.04886933629657], [-77.60557643803028, 60.04886933629657]]], [[[-77.53325209713879, 60.03797721881221], [-77.53325209713879, 60.03797721881221]]], [[[-69.77663989969803, 60.03447989988617], [-69.77663989969803, 60.03447989988617]]], [[[-69.75201999997994, 60.03180989993933], [-69.75201999997994, 60.03180989993933]]], [[[-65.14428000004999, 60.0375399998323], [-65.14428000004999, 60.0375399998323]]], [[[-69.81044989984426, 60.03684000019824], [-69.81044989984426, 60.03684000019824]]], [[[-77.3327999998377, 59.98954009985754], [-77.3327999998377, 59.98954009985754]]], [[[-77.33466000026102, 59.99425000002602], [-77.33466000026102, 59.99425000002602]]], [[[-65.26205999981973, 59.86277000019969], [-65.26205999981973, 59.86277000019969]]], [[[-77.39594168553813, 59.85886741611979], [-77.39594168553813, 59.85886741611979]]], [[[-77.45918000031871, 59.853860000046424], [-77.45918000031871, 59.853860000046424]]], [[[-77.43154062487714, 59.84903585541928], [-77.43154062487714, 59.84903585541928]]], [[[-77.39201790546254, 59.85564344497137], [-77.39201790546254, 59.85564344497137]]], [[[-80.15342089975807, 59.76328039981972], [-80.15342089975807, 59.76328039981972]]], [[[-65.3035599003949, 59.87025009979279], [-65.3035599003949, 59.87025009979279]]], [[[-77.43174062489368, 59.85856430029827], [-77.43174062489368, 59.85856430029827]]], [[[-65.317500000093, 59.8657700001527], [-65.317500000093, 59.8657700001527]]], [[[-77.40153226447057, 59.867563689635816], [-77.40153226447057, 59.867563689635816]]], [[[-79.88883410017688, 59.877506899993875], [-79.88883410017688, 59.877506899993875]]], [[[-64.97045550029608, 60.095793899789385], [-64.97045550029608, 60.095793899789385]]], [[[-64.21175921631071, 60.11413169420209], [-64.21175921631071, 60.11413169420209]]], [[[-64.2365306779869, 60.110760234292435], [-64.2365306779869, 60.110760234292435]]], [[[-69.58030459898606, 60.13981615802182], [-69.58030459898606, 60.13981615802182]]], [[[-64.32268019979716, 60.18163400013705], [-64.32268019979716, 60.18163400013705]]], [[[-64.98795064320521, 60.1656314859883], [-64.98795064320521, 60.1656314859883]]], [[[-64.25889483975463, 60.195809572301506], [-64.25889483975463, 60.195809572301506]]], [[[-64.97697940006265, 60.18721419983255], [-64.97697940006265, 60.18721419983255]]], [[[-64.2879327995671, 60.192692000120715], [-64.2879327995671, 60.192692000120715]]], [[[-64.31392289958806, 60.192590800097825], [-64.31392289958806, 60.192590800097825]]], [[[-64.29928139980771, 60.19838539990979], [-64.29928139980771, 60.19838539990979]]], [[[-64.27960609960293, 60.22836150387627], [-64.27960609960293, 60.22836150387627]]], [[[-64.2633984113792, 60.21016329810366], [-64.2633984113792, 60.21016329810366]]], [[[-69.69940873434922, 60.38928559405718], [-69.69940873434922, 60.38928559405718]]], [[[-69.34781010035363, 60.40556989989755], [-69.34781010035363, 60.40556989989755]]], [[[-64.86338125017994, 60.40753486061963], [-64.86338125017994, 60.40753486061963]]], [[[-64.86338125017994, 60.412232903553125], [-64.86338125017994, 60.412232903553125]]], [[[-77.74401554685281, 60.431466975608586], [-77.74401554685281, 60.431466975608586]]], [[[-64.45340490035319, 60.43487290014924], [-64.45340490035319, 60.43487290014924]]], [[[-64.50000000030411, 60.433860999849934], [-64.50000000030411, 60.433860999849934]]], [[[-64.4367754189676, 60.34207000744054], [-64.4367754189676, 60.34207000744054]]], [[[-77.69541250023946, 60.359970285375454], [-77.69541250023946, 60.359970285375454]]], [[[-69.6716845570465, 60.36157305249798], [-69.6716845570465, 60.36157305249798]]], [[[-64.75028510043758, 60.36607200011623], [-64.75028510043758, 60.36607200011623]]], [[[-77.75449923296819, 60.46884999991864], [-77.75449923296819, 60.46884999991864]]], [[[-64.86338125017994, 60.473771938317014], [-64.86338125017994, 60.473771938317014]]], [[[-64.59797919983403, 60.54890310020428], [-64.59797919983403, 60.54890310020428]]], [[[-64.81960860025785, 60.48594979995259], [-64.81960860025785, 60.48594979995259]]], [[[-64.75014020038562, 60.4915301000984], [-64.75014020038562, 60.4915301000984]]], [[[-64.68739999963344, 60.480930056034644], [-64.68739999963344, 60.480930056034644]]], [[[-64.86209099993737, 60.49186790001383], [-64.86209099993737, 60.49186790001383]]], [[[-64.79482999967009, 60.500000000002906], [-64.79482999967009, 60.500000000002906]]], [[[-64.82539100004618, 60.500000000002906], [-64.82539100004618, 60.500000000002906]]], [[[-64.57682660038157, 60.658829700203434], [-64.57682660038157, 60.658829700203434]]], [[[-64.76622259967833, 60.6173778998263], [-64.76622259967833, 60.6173778998263]]], [[[-64.74252401031902, 60.64463125005308], [-64.74252401031902, 60.64463125005308]]], [[[-64.75445770037214, 60.652241599901316], [-64.75445770037214, 60.652241599901316]]], [[[-64.75697800025853, 60.663988500008806], [-64.75697800025853, 60.663988500008806]]], [[[-64.72315559976812, 60.65436559983059], [-64.72315559976812, 60.65436559983059]]], [[[-64.71628809979526, 60.606874499864524], [-64.71628809979526, 60.606874499864524]]], [[[-64.81496030015951, 60.60978869980429], [-64.81496030015951, 60.60978869980429]]], [[[-77.74900989955816, 60.55098009986983], [-77.74900989955816, 60.55098009986983]]], [[[-77.73452010007644, 60.55178990006298], [-77.73452010007644, 60.55178990006298]]], [[[-64.54587830035386, 60.56180630001651], [-64.54587830035386, 60.56180630001651]]], [[[-64.53038909996576, 60.56373960016606], [-64.53038909996576, 60.56373960016606]]], [[[-64.57870819989759, 60.55446409979423], [-64.57870819989759, 60.55446409979423]]], [[[-64.77529062534758, 60.56852505449827], [-64.77529062534758, 60.56852505449827]]], [[[-77.77633009998601, 60.566420100013794], [-77.77633009998601, 60.566420100013794]]], [[[-64.52899919960872, 60.57461800018164], [-64.52899919960872, 60.57461800018164]]], [[[-64.73154531205789, 60.573374676611415], [-64.73154531205789, 60.573374676611415]]], [[[-64.77529062534758, 60.57711086310177], [-64.77529062534758, 60.57711086310177]]], [[[-64.77529062534758, 60.60205672008741], [-64.77529062534758, 60.60205672008741]]], [[[-77.87099374985456, 60.57569974381443], [-77.87099374985456, 60.57569974381443]]], [[[-77.77211010044549, 60.57790990004609], [-77.77211010044549, 60.57790990004609]]], [[[-64.72253920007466, 60.58794929985034], [-64.72253920007466, 60.58794929985034]]], [[[-64.73134531293968, 60.58855475798603], [-64.73134531293968, 60.58855475798603]]], [[[-64.56331290040612, 60.596829400034316], [-64.56331290040612, 60.596829400034316]]], [[[-64.71040570044782, 60.59659830018367], [-64.71040570044782, 60.59659830018367]]], [[[-64.7963870001447, 60.59737750021135], [-64.7963870001447, 60.59737750021135]]], [[[-64.68759999964999, 60.58661941198899], [-64.68759999964999, 60.58661941198899]]], [[[-64.96233290115772, 60.19145256711174], [-64.96233290115772, 60.19145256711174]]], [[[-69.47912989975107, 60.223989999820176], [-69.47912989975107, 60.223989999820176]]], [[[-64.38894590805214, 60.2978744474414], [-64.38894590805214, 60.2978744474414]]], [[[-69.62252010021152, 60.29837009995606], [-69.62252010021152, 60.29837009995606]]], [[[-64.88037739961, 60.30027870011374], [-64.88037739961, 60.30027870011374]]], [[[-69.58285989993087, 60.30008999996846], [-69.58285989993087, 60.30008999996846]]], [[[-77.60752187542364, 60.25725904781847], [-77.60752187542364, 60.25725904781847]]], [[[-77.7277300995598, 60.205249899944064], [-77.7277300995598, 60.205249899944064]]], [[[-69.58076999996509, 60.211299999861325], [-69.58076999996509, 60.211299999861325]]], [[[-77.7068000002268, 60.20721009985596], [-77.7068000002268, 60.20721009985596]]], [[[-69.56280873922134, 60.208224333143], [-69.56280873922134, 60.208224333143]]], [[[-77.69541250023946, 60.20416459821208], [-77.69541250023946, 60.20416459821208]]], [[[-64.91308490010299, 60.21599530007595], [-64.91308490010299, 60.21599530007595]]], [[[-77.69521250022292, 60.22948520909468], [-77.69521250022292, 60.22948520909468]]], [[[-64.4305839389753, 60.377681411203824], [-64.7132979001669, 60.479312799975155], [-64.46493569959465, 60.29893860015046], [-64.4305839389753, 60.377681411203824]]], [[[-68.3572301002638, 60.40243010004223], [-68.0826598998237, 60.27925010011135], [-67.83059990026705, 60.446700100120296], [-68.09794000026145, 60.59412990021248], [-68.34762999975683, 60.41722009993467], [-68.3572301002638, 60.40243010004223]]], [[[-69.60947500011582, 60.08216091020935], [-69.60947500011582, 60.08216091020935]]], [[[-69.59486990007076, 60.08124000017545], [-69.59486990007076, 60.08124000017545]]], [[[-64.31561839961824, 60.09984139978372], [-64.31561839961824, 60.09984139978372]]], [[[-130.55104770006855, 54.197007499981034], [-130.55104770006855, 54.197007499981034]]], [[[-79.43738503549038, 54.269624159063454], [-79.43738503549038, 54.269624159063454]]], [[[-57.749144200077886, 54.27884070016127], [-57.749144200077886, 54.27884070016127]]], [[[-79.44063009974127, 54.275749900087476], [-79.44063009974127, 54.275749900087476]]], [[[-79.44305000031825, 54.28129009990358], [-79.44305000031825, 54.28129009990358]]], [[[-58.019661399585424, 54.291202699867085], [-58.019661399585424, 54.291202699867085]]], [[[-58.20609500031524, 54.26428609978173], [-58.20609500031524, 54.26428609978173]]], [[[-57.92017220033489, 54.349728300065514], [-57.92017220033489, 54.349728300065514]]], [[[-79.47013757391845, 54.344580440718396], [-79.47013757391845, 54.344580440718396]]], [[[-130.82509531277864, 54.38462569629992], [-130.82509531277864, 54.38462569629992]]], [[[-130.81621349978298, 54.384440499742794], [-130.81621349978298, 54.384440499742794]]], [[[-79.50369464261667, 54.39034591757504], [-79.50369464261667, 54.39034591757504]]], [[[-130.83173780004415, 54.38998640025292], [-130.83173780004415, 54.38998640025292]]], [[[-130.8097759272169, 54.404396874773155], [-130.8097759272169, 54.404396874773155]]], [[[-57.80301379970746, 54.3635427001065], [-57.80301379970746, 54.3635427001065]]], [[[-57.8321312496428, 54.2978238562214], [-57.8321312496428, 54.2978238562214]]], [[[-58.00771250015621, 54.328414662515634], [-58.00771250015621, 54.328414662515634]]], [[[-130.51669260041126, 54.31869050006406], [-130.51669260041126, 54.31869050006406]]], [[[-81.10366479996095, 54.372413299956314], [-81.10366479996095, 54.372413299956314]]], [[[-79.3811200000023, 54.21925010005816], [-79.3811200000023, 54.21925010005816]]], [[[-57.57250500006112, 54.22202470005799], [-57.57250500006112, 54.22202470005799]]], [[[-79.31063100976273, 54.225215349288106], [-79.31063100976273, 54.225215349288106]]], [[[-57.67858650039721, 54.223459199736745], [-57.67858650039721, 54.223459199736745]]], [[[-57.480568750379504, 54.22892945292762], [-57.480568750379504, 54.22892945292762]]], [[[-57.54633534927273, 54.23164678887888], [-57.54633534927273, 54.23164678887888]]], [[[-57.82640749996104, 54.2248552001487], [-57.82640749996104, 54.2248552001487]]], [[[-79.30980287536018, 54.22636714780756], [-79.30980287536018, 54.22636714780756]]], [[[-79.3476098997187, 54.226480099848416], [-79.3476098997187, 54.226480099848416]]], [[[-82.42170067898302, 54.19814933560592], [-82.42170067898302, 54.19814933560592]]], [[[-79.37909999974539, 54.20397000001939], [-79.37909999974539, 54.20397000001939]]], [[[-130.41091060018752, 54.20261310010823], [-130.41091060018752, 54.20261310010823]]], [[[-130.40033699989874, 54.21361229985653], [-130.40033699989874, 54.21361229985653]]], [[[-130.55541800033254, 54.209643000032024], [-130.55541800033254, 54.209643000032024]]], [[[-57.5290872996606, 54.2120439998375], [-57.5290872996606, 54.2120439998375]]], [[[-57.54678190000385, 54.215488399845604], [-57.54678190000385, 54.215488399845604]]], [[[-79.43340009990688, 54.21237989977123], [-79.43340009990688, 54.21237989977123]]], [[[-57.73069880039661, 54.21638249998097], [-57.73069880039661, 54.21638249998097]]], [[[-79.32973693258761, 54.217108317794654], [-79.32973693258761, 54.217108317794654]]], [[[-79.41536000031884, 54.215729900043954], [-79.41536000031884, 54.215729900043954]]], [[[-57.536206500389525, 54.226526500127335], [-57.536206500389525, 54.226526500127335]]], [[[-57.362650189968754, 54.268005443620105], [-57.362650189968754, 54.268005443620105]]], [[[-79.34453999976171, 54.2375799998666], [-79.34453999976171, 54.2375799998666]]], [[[-79.41323999960451, 54.23671010010472], [-79.41323999960451, 54.23671010010472]]], [[[-58.10045820018078, 54.254529799895046], [-58.10045820018078, 54.254529799895046]]], [[[-130.82659029985425, 54.256696099972125], [-130.82659029985425, 54.256696099972125]]], [[[-79.47168989956035, 54.25257999999396], [-79.47168989956035, 54.25257999999396]]], [[[-79.45322500014917, 54.2339000000589], [-79.45322500014917, 54.2339000000589]]], [[[-79.38455000042073, 54.243629899881164], [-79.38455000042073, 54.243629899881164]]], [[[-130.3256362997721, 54.31646590001437], [-130.3256362997721, 54.31646590001437]]], [[[-130.42958750020912, 54.32927389107178], [-130.42958750020912, 54.32927389107178]]], [[[-130.84884430032034, 54.41518209977316], [-130.84884430032034, 54.41518209977316]]], [[[-79.49223323553595, 54.425153001440904], [-79.49223323553595, 54.425153001440904]]], [[[-130.71633709969552, 54.42966770006021], [-130.71633709969552, 54.42966770006021]]], [[[-79.54326010027924, 54.43124000020388], [-79.54326010027924, 54.43124000020388]]], [[[-56.9634042916693, 54.48566977113828], [-56.9634042916693, 54.48566977113828]]], [[[-57.04077829992805, 54.48501299985706], [-57.04077829992805, 54.48501299985706]]], [[[-57.08710070010481, 54.49217979976163], [-57.08710070010481, 54.49217979976163]]], [[[-56.93194400043868, 54.4616912000516], [-56.93194400043868, 54.4616912000516]]], [[[-57.08796369992017, 54.45367939975845], [-57.08796369992017, 54.45367939975845]]], [[[-57.381995600055106, 54.44625629991984], [-57.381995600055106, 54.44625629991984]]], [[[-57.228566799956496, 54.44326860020739], [-57.228566799956496, 54.44326860020739]]], [[[-130.8691199392396, 54.45124301759843], [-130.8691199392396, 54.45124301759843]]], [[[-130.98724870003696, 54.44839039974666], [-130.98724870003696, 54.44839039974666]]], [[[-130.7421653996591, 54.44831769978383], [-130.7421653996591, 54.44831769978383]]], [[[-79.50346768595509, 54.453976881435956], [-79.50346768595509, 54.453976881435956]]], [[[-79.09207000012623, 54.45801000012199], [-79.09207000012623, 54.45801000012199]]], [[[-130.89363620032339, 54.43366980010894], [-130.89363620032339, 54.43366980010894]]], [[[-130.86731910006426, 54.43649679978147], [-130.86731910006426, 54.43649679978147]]], [[[-56.935889400268216, 54.468449300128], [-56.935889400268216, 54.468449300128]]], [[[-57.153580699674194, 54.53503790000487], [-57.153580699674194, 54.53503790000487]]], [[[-57.21216639974814, 54.53450249998854], [-57.21216639974814, 54.53450249998854]]], [[[-79.56776784892737, 54.540994310152975], [-79.56776784892737, 54.540994310152975]]], [[[-57.20354880014215, 54.54002460007551], [-57.20354880014215, 54.54002460007551]]], [[[-57.21689687503371, 54.54313594929258], [-57.21689687503371, 54.54313594929258]]], [[[-57.152453899694194, 54.55392219999085], [-57.152453899694194, 54.55392219999085]]], [[[-79.6462700001475, 54.5452800001167], [-79.6462700001475, 54.5452800001167]]], [[[-79.59079796774782, 54.55640284055339], [-79.59079796774782, 54.55640284055339]]], [[[-57.12881569957983, 54.583781699847364], [-57.12881569957983, 54.583781699847364]]], [[[-57.23517889991092, 54.564835399907004], [-57.23517889991092, 54.564835399907004]]], [[[-79.54591009982467, 54.56729999996903], [-79.54591009982467, 54.56729999996903]]], [[[-57.259625500237675, 54.59964029981691], [-57.259625500237675, 54.59964029981691]]], [[[-79.70268989980067, 54.59995999990711], [-79.70268989980067, 54.59995999990711]]], [[[-79.58986990026149, 54.575029899825886], [-79.58986990026149, 54.575029899825886]]], [[[-130.46191550022382, 54.59062050015865], [-130.46191550022382, 54.59062050015865]]], [[[-57.8474635978941, 54.753308628866655], [-57.8474635978941, 54.753308628866655]]], [[[-79.55260009988389, 54.73887000020874], [-79.55260009988389, 54.73887000020874]]], [[[-79.536999999779, 54.742019900001225], [-79.536999999779, 54.742019900001225]]], [[[-79.51068010036947, 54.7351599998792], [-79.51068010036947, 54.7351599998792]]], [[[-79.48321009957976, 54.74776000005418], [-79.48321009957976, 54.74776000005418]]], [[[-79.60713999992059, 54.7105698998065], [-79.60713999992059, 54.7105698998065]]], [[[-57.81267879990044, 54.73197940023231], [-57.81267879990044, 54.73197940023231]]], [[[-130.37669099971276, 54.71784509978527], [-130.37669099971276, 54.71784509978527]]], [[[-79.68075999981099, 54.73213989978964], [-79.68075999981099, 54.73213989978964]]], [[[-131.0730721998744, 54.625218800112854], [-131.0730721998744, 54.625218800112854]]], [[[-79.77625000002793, 54.603789999971696], [-79.77625000002793, 54.603789999971696]]], [[[-57.29639861490814, 54.62055927030558], [-57.29639861490814, 54.62055927030558]]], [[[-79.70805999982305, 54.61152999985869], [-79.70805999982305, 54.61152999985869]]], [[[-79.73609999962682, 54.61822999981314], [-79.73609999962682, 54.61822999981314]]], [[[-79.66911010013251, 54.615079999821816], [-79.66911010013251, 54.615079999821816]]], [[[-130.45048380042954, 54.63647999976368], [-130.45048380042954, 54.63647999976368]]], [[[-130.42960880016284, 54.65624090007044], [-130.42960880016284, 54.65624090007044]]], [[[-57.18176290009251, 54.51281399985946], [-57.18176290009251, 54.51281399985946]]], [[[-79.53645867678543, 54.51230437109908], [-79.53645867678543, 54.51230437109908]]], [[[-79.62577990013226, 54.52557990007588], [-79.62577990013226, 54.52557990007588]]], [[[-79.52755999971693, 54.51366990023693], [-79.52755999971693, 54.51366990023693]]], [[[-57.16072859977982, 54.52452179975165], [-57.16072859977982, 54.52452179975165]]], [[[-130.83952260029636, 54.488204199741276], [-130.83952260029636, 54.488204199741276]]], [[[-57.239737672111396, 54.492287500236394], [-57.239737672111396, 54.492287500236394]]], [[[-130.46412441618497, 54.49208750015684], [-130.46412441618497, 54.49208750015684]]], [[[-130.83047619977094, 54.49996390025055], [-130.83047619977094, 54.49996390025055]]], [[[-130.77443609973506, 54.49223319978354], [-130.77443609973506, 54.49223319978354]]], [[[-57.240009300195446, 54.45061610013003], [-57.240009300195446, 54.45061610013003]]], [[[-79.57035999966345, 54.46063990024755], [-79.57035999966345, 54.46063990024755]]], [[[-57.331905099638114, 54.46530090007679], [-57.331905099638114, 54.46530090007679]]], [[[-79.53011186819903, 54.46795452214859], [-79.53011186819903, 54.46795452214859]]], [[[-57.37290790038283, 54.467848700124975], [-57.37290790038283, 54.467848700124975]]], [[[-130.86177560003924, 54.46417769994247], [-130.86177560003924, 54.46417769994247]]], [[[-57.20539399992286, 54.46798140000613], [-57.20539399992286, 54.46798140000613]]], [[[-79.56954999955154, 54.471009999786396], [-79.56954999955154, 54.471009999786396]]], [[[-57.18293109983069, 54.47409430000511], [-57.18293109983069, 54.47409430000511]]], [[[-130.80983490341194, 54.492287500236394], [-130.80983490341194, 54.492287500236394]]], [[[-130.95713125001893, 54.473213270174305], [-130.95713125001893, 54.473213270174305]]], [[[-79.54227989996372, 54.47107010010133], [-79.54227989996372, 54.47107010010133]]], [[[-57.26369630038929, 54.4921879999889], [-57.26369630038929, 54.4921879999889]]], [[[-57.36669710032371, 54.47019950017153], [-57.36669710032371, 54.47019950017153]]], [[[-130.75497669972734, 54.478782999865096], [-130.75497669972734, 54.478782999865096]]], [[[-57.18688440034316, 54.49217600007665], [-57.18688440034316, 54.49217600007665]]], [[[-79.57027989958452, 54.52596000004595], [-79.57027989958452, 54.52596000004595]]], [[[-79.54194435495059, 54.52912959249469], [-79.54194435495059, 54.52912959249469]]], [[[-130.48435479977684, 54.55433299995876], [-130.48435479977684, 54.55433299995876]]], [[[-57.304787499849546, 54.505974773352676], [-57.304787499849546, 54.505974773352676]]], [[[-57.175362000349594, 54.53497229984411], [-57.175362000349594, 54.53497229984411]]], [[[-130.96382151597948, 54.492287500236394], [-130.96382151597948, 54.492287500236394]]], [[[-57.89291617375429, 54.901591363701506], [-57.89291617375429, 54.901591363701506]]], [[[-57.93560479967359, 54.86553929979692], [-57.93560479967359, 54.86553929979692]]], [[[-58.39060956064632, 54.843650000207134], [-58.39060956064632, 54.843650000207134]]], [[[-58.517305900159684, 54.87507349998039], [-58.517305900159684, 54.87507349998039]]], [[[-58.66253380036652, 54.865974399739486], [-58.66253380036652, 54.865974399739486]]], [[[-58.710837499581096, 54.88184353262638], [-58.710837499581096, 54.88184353262638]]], [[[-58.16227910010548, 54.87986589983039], [-58.16227910010548, 54.87986589983039]]], [[[-58.021899899763824, 54.91478829999806], [-58.021899899763824, 54.91478829999806]]], [[[-58.081204473948944, 54.91042649491996], [-58.081204473948944, 54.91042649491996]]], [[[-59.710962200176006, 54.95550899989538], [-59.710962200176006, 54.95550899989538]]], [[[-58.870389199588296, 54.8981281001256], [-58.870389199588296, 54.8981281001256]]], [[[-58.61007089958982, 54.93775059989188], [-58.61007089958982, 54.93775059989188]]], [[[-58.64941860023762, 54.91668010019465], [-58.64941860023762, 54.91668010019465]]], [[[-58.84698599965056, 54.9310854001182], [-58.84698599965056, 54.9310854001182]]], [[[-58.782049199738104, 54.95272319992721], [-58.782049199738104, 54.95272319992721]]], [[[-58.82089960023114, 54.96611139982393], [-58.82089960023114, 54.96611139982393]]], [[[-58.17787828752203, 54.97703198058903], [-58.17787828752203, 54.97703198058903]]], [[[-58.678457499687894, 54.96315430001828], [-58.678457499687894, 54.96315430001828]]], [[[-58.19429279397529, 54.98923306848077], [-58.19429279397529, 54.98923306848077]]], [[[-58.61618790026192, 54.966324800097745], [-58.61618790026192, 54.966324800097745]]], [[[-59.6452902998834, 54.972717099836835], [-59.6452902998834, 54.972717099836835]]], [[[-58.79427589957566, 54.98811740019486], [-58.79427589957566, 54.98811740019486]]], [[[-58.22185569493843, 55.00129570291159], [-58.22185569493843, 55.00129570291159]]], [[[-58.28028325469144, 55.01689764235565], [-58.28028325469144, 55.01689764235565]]], [[[-58.60339350019908, 55.07211110001801], [-58.60339350019908, 55.07211110001801]]], [[[-78.36478010036957, 55.104719999919304], [-78.36478010036957, 55.104719999919304]]], [[[-78.21035010003905, 55.10832009981762], [-78.21035010003905, 55.10832009981762]]], [[[-59.82617319969287, 55.12499999990639], [-59.82617319969287, 55.12499999990639]]], [[[-59.811703400302655, 55.128821799794984], [-59.811703400302655, 55.128821799794984]]], [[[-82.38466000020685, 55.083090100045865], [-82.38466000020685, 55.083090100045865]]], [[[-58.91552670034573, 55.069464000175316], [-58.91552670034573, 55.069464000175316]]], [[[-58.901869199856236, 55.07181009987252], [-58.901869199856236, 55.07181009987252]]], [[[-82.33914989982911, 55.07054009999044], [-82.33914989982911, 55.07054009999044]]], [[[-82.34518000017557, 55.07751999999816], [-82.34518000017557, 55.07751999999816]]], [[[-60.266670500305416, 55.05435109998322], [-60.266670500305416, 55.05435109998322]]], [[[-59.23531190010116, 55.099357699916965], [-59.23531190010116, 55.099357699916965]]], [[[-58.75514512230604, 55.01963125007643], [-58.75514512230604, 55.01963125007643]]], [[[-58.719910299796084, 55.025805499790216], [-58.719910299796084, 55.025805499790216]]], [[[-58.71103749959764, 54.99971580081018], [-58.71103749959764, 54.99971580081018]]], [[[-58.731998299753776, 55.00169530015113], [-58.731998299753776, 55.00169530015113]]], [[[-58.82306738682699, 55.01963125007643], [-58.82306738682699, 55.01963125007643]]], [[[-58.950803399619296, 55.013102700127824], [-58.950803399619296, 55.013102700127824]]], [[[-58.76531580034213, 55.00576859992125], [-58.76531580034213, 55.00576859992125]]], [[[-78.4386199000437, 55.02623000021254], [-78.4386199000437, 55.02623000021254]]], [[[-60.29536340014926, 55.038869400019706], [-60.29536340014926, 55.038869400019706]]], [[[-60.67668290042283, 55.03468720017165], [-60.67668290042283, 55.03468720017165]]], [[[-58.879098620491035, 55.019431250069196], [-58.879098620491035, 55.019431250069196]]], [[[-58.820078600248586, 55.12956470000249], [-58.820078600248586, 55.12956470000249]]], [[[-82.75197999968415, 55.140609900003376], [-82.75197999968415, 55.140609900003376]]], [[[-82.43060000014357, 55.17527990008264], [-82.43060000014357, 55.17527990008264]]], [[[-59.414162499920856, 55.101505151931505], [-59.414162499920856, 55.101505151931505]]], [[[-60.46865000038913, 55.227133780617926], [-60.75552819999664, 55.083724200043704], [-60.46882079976904, 55.17938439975848], [-60.46865000038913, 55.227133780617926]]], [[[-58.7611152439376, 55.20768967604104], [-58.7611152439376, 55.20768967604104]]], [[[-60.427981099842256, 55.16845949987918], [-60.427981099842256, 55.16845949987918]]], [[[-59.72348419960367, 55.185051699967964], [-59.72348419960367, 55.185051699967964]]], [[[-60.39527140027346, 55.18718769983202], [-60.39527140027346, 55.18718769983202]]], [[[-58.953119400152204, 55.178405799888495], [-58.953119400152204, 55.178405799888495]]], [[[-59.34734300005614, 55.182866199862424], [-59.34734300005614, 55.182866199862424]]], [[[-59.38667620009865, 55.18347829986045], [-59.38667620009865, 55.18347829986045]]], [[[-82.69629000006395, 55.208759900194536], [-82.69629000006395, 55.208759900194536]]], [[[-59.23919219992037, 55.23119190018826], [-59.23919219992037, 55.23119190018826]]], [[[-59.2115606002959, 55.22123619975452], [-59.2115606002959, 55.22123619975452]]], [[[-60.38554728105331, 55.1954125000311], [-60.38554728105331, 55.1954125000311]]], [[[-59.34239726686894, 55.1954125000311], [-59.34239726686894, 55.1954125000311]]], [[[-83.31155523180303, 55.207209028801344], [-83.31155523180303, 55.207209028801344]]], [[[-60.396608600066045, 55.210700399957965], [-60.396608600066045, 55.210700399957965]]], [[[-58.97719406471364, 55.22166280811064], [-58.97719406471364, 55.22166280811064]]], [[[-59.25298699981622, 55.25000000020763], [-59.25298699981622, 55.25000000020763]]], [[[-59.357638000436, 55.25000000020763], [-59.357638000436, 55.25000000020763]]], [[[-59.7044779996568, 55.25000000020763], [-59.7044779996568, 55.25000000020763]]], [[[-59.296175000100256, 55.254347099840174], [-59.296175000100256, 55.254347099840174]]], [[[-60.361965399917366, 55.22893120006699], [-60.361965399917366, 55.22893120006699]]], [[[-59.46110630520384, 55.240019144663464], [-59.46110630520384, 55.240019144663464]]], [[[-60.17486130025275, 55.23533570022896], [-60.17486130025275, 55.23533570022896]]], [[[-59.414162499920856, 55.24326889757914], [-59.414162499920856, 55.24326889757914]]], [[[-83.6719750002918, 55.23589645514884], [-83.6719750002918, 55.23589645514884]]], [[[-60.0001968999627, 55.245723199826784], [-60.0001968999627, 55.245723199826784]]], [[[-60.355849700005805, 55.24403700014674], [-60.355849700005805, 55.24403700014674]]], [[[-60.17118230031229, 55.24503049984242], [-60.17118230031229, 55.24503049984242]]], [[[-59.60917909984688, 55.24920229989279], [-59.60917909984688, 55.24920229989279]]], [[[-60.29290429978822, 55.23991500005459], [-60.29290429978822, 55.23991500005459]]], [[[-60.31300039961817, 55.259228100096855], [-60.31300039961817, 55.259228100096855]]], [[[-59.581255171360965, 55.259084474247445], [-59.581255171360965, 55.259084474247445]]], [[[-79.71486000038546, 54.7458198998819], [-79.71486000038546, 54.7458198998819]]], [[[-79.78791000036345, 54.7458098997532], [-79.78791000036345, 54.7458098997532]]], [[[-79.52085999961196, 54.759489900240546], [-79.52085999961196, 54.759489900240546]]], [[[-79.62789999966124, 54.751020100039035], [-79.62789999966124, 54.751020100039035]]], [[[-79.4891399003298, 54.75489009989742], [-79.4891399003298, 54.75489009989742]]], [[[-79.53914010029783, 54.76842999990082], [-79.53914010029783, 54.76842999990082]]], [[[-79.6288601001723, 54.774979999981966], [-79.6288601001723, 54.774979999981966]]], [[[-79.47483000016184, 54.788130100060656], [-79.47483000016184, 54.788130100060656]]], [[[-79.42402000040624, 54.778259899904214], [-79.42402000040624, 54.778259899904214]]], [[[-79.49734990015541, 54.79648009996764], [-79.49734990015541, 54.79648009996764]]], [[[-130.3462793002352, 54.70670070022], [-130.3462793002352, 54.70670070022]]], [[[-130.60556560036392, 54.73811020008522], [-130.60556560036392, 54.73811020008522]]], [[[-79.60302999998491, 54.80439990020042], [-79.60302999998491, 54.80439990020042]]], [[[-79.5326699997353, 54.800370099942555], [-79.5326699997353, 54.800370099942555]]], [[[-79.48181999979673, 54.80857999994166], [-79.48181999979673, 54.80857999994166]]], [[[-58.45511709970195, 54.81974310007201], [-58.45511709970195, 54.81974310007201]]], [[[-79.45312999971462, 54.8285799999237], [-79.45312999971462, 54.8285799999237]]], [[[-58.63694090032988, 54.82771590010975], [-58.63694090032988, 54.82771590010975]]], [[[-79.63812103904881, 54.843849999840714], [-79.33099999980969, 54.85245000002009], [-79.0248199997296, 54.921629999997556], [-79.3325701004161, 54.88961000022375], [-79.63812103904881, 54.843849999840714]]], [[[-130.42958750020912, 54.860450593509924], [-130.1808939003488, 55.02935099979406], [-130.42958750020912, 54.860450593509924]]], [[[-79.2155399001595, 54.39918000009238], [-79.2155399001595, 54.39918000009238]]], [[[-130.78121230033233, 54.38983400021891], [-130.78121230033233, 54.38983400021891]]], [[[-79.52738990012462, 54.40825009995741], [-79.52738990012462, 54.40825009995741]]], [[[-130.80654029976805, 54.41560650023827], [-130.80654029976805, 54.41560650023827]]], [[[-130.78115000037076, 54.41376336511039], [-130.78115000037076, 54.41376336511039]]], [[[-130.6932593746566, 54.411997508922326], [-130.6932593746566, 54.411997508922326]]], [[[-130.8252953127952, 54.42647884466054], [-130.8252953127952, 54.42647884466054]]], [[[-59.687568299598105, 55.32992259983228], [-59.687568299598105, 55.32992259983228]]], [[[-60.26810539996997, 55.325587099969205], [-60.26810539996997, 55.325587099969205]]], [[[-60.108308299990114, 55.3236509998254], [-60.108308299990114, 55.3236509998254]]], [[[-60.311856899957014, 55.29792559986643], [-60.311856899957014, 55.29792559986643]]], [[[-60.30826080014425, 55.295019400030725], [-60.30826080014425, 55.295019400030725]]], [[[-60.27818260021593, 55.314893999781155], [-60.27818260021593, 55.314893999781155]]], [[[-59.63785930020756, 55.32126910008044], [-59.63785930020756, 55.32126910008044]]], [[[-60.29286874985917, 55.32318621425762], [-60.29286874985917, 55.32318621425762]]], [[[-59.978059100171855, 55.34080579977567], [-59.978059100171855, 55.34080579977567]]], [[[-59.7625231250338, 55.340438737674226], [-59.7625231250338, 55.340438737674226]]], [[[-59.75896916968259, 55.34109516308845], [-59.75896916968259, 55.34109516308845]]], [[[-60.25553310027631, 55.35187820014124], [-60.25553310027631, 55.35187820014124]]], [[[-59.96362569961863, 55.33331269975799], [-59.96362569961863, 55.33331269975799]]], [[[-59.67763437525009, 55.34576834662778], [-59.67763437525009, 55.34576834662778]]], [[[-59.67593900008575, 55.35185249981629], [-59.67593900008575, 55.35185249981629]]], [[[-129.7384524999343, 55.3637453999704], [-129.7384524999343, 55.3637453999704]]], [[[-60.0856929000987, 55.355766499756896], [-60.0856929000987, 55.355766499756896]]], [[[-59.990590900219274, 55.356112800053516], [-59.990590900219274, 55.356112800053516]]], [[[-60.052312964801466, 55.371193750251514], [-60.052312964801466, 55.371193750251514]]], [[[-59.583794378089145, 55.37060611693155], [-59.583794378089145, 55.37060611693155]]], [[[-60.23343309979599, 55.3685571997423], [-60.23343309979599, 55.3685571997423]]], [[[-59.941306249697575, 55.3703484282365], [-59.941306249697575, 55.3703484282365]]], [[[-59.67253736397241, 55.36814531414436], [-59.67253736397241, 55.36814531414436]]], [[[-60.29302190003871, 55.39517170002884], [-60.29302190003871, 55.39517170002884]]], [[[-60.25044679961175, 55.3982179001011], [-60.25044679961175, 55.3982179001011]]], [[[-60.44225560009982, 55.40529580000639], [-60.44225560009982, 55.40529580000639]]], [[[-60.0470485003683, 55.40272470020287], [-60.0470485003683, 55.40272470020287]]], [[[-77.65812000033296, 55.40384010023596], [-77.65812000033296, 55.40384010023596]]], [[[-77.74077989964105, 55.362049899839825], [-77.74077989964105, 55.362049899839825]]], [[[-59.97184910949481, 55.371193750251514], [-59.97184910949481, 55.371193750251514]]], [[[-59.928784599714554, 55.383175900073425], [-59.928784599714554, 55.383175900073425]]], [[[-60.13194039964539, 55.38181830020391], [-60.13194039964539, 55.38181830020391]]], [[[-60.06198939964969, 55.38974939980284], [-60.06198939964969, 55.38974939980284]]], [[[-60.11708750022752, 55.40078821317432], [-60.11708750022752, 55.40078821317432]]], [[[-77.7014700001004, 55.385859899852996], [-77.7014700001004, 55.385859899852996]]], [[[-60.02919687541171, 55.39611300137784], [-60.02919687541171, 55.39611300137784]]], [[[-59.808726433756725, 55.49058667597808], [-59.808726433756725, 55.49058667597808]]], [[[-59.91742861532233, 55.475198689446415], [-59.91742861532233, 55.475198689446415]]], [[[-60.09699539969723, 55.466079400197756], [-60.09699539969723, 55.466079400197756]]], [[[-79.90049260032588, 55.59559090017373], [-79.90049260032588, 55.59559090017373]]], [[[-79.88887769990919, 55.599611800082435], [-79.88887769990919, 55.599611800082435]]], [[[-79.80458750029425, 55.59866654490455], [-79.80458750029425, 55.59866654490455]]], [[[-60.37741999989569, 55.57992880000978], [-60.37741999989569, 55.57992880000978]]], [[[-60.30571260038176, 55.59977439998791], [-60.30571260038176, 55.59977439998791]]], [[[-79.58563199999229, 55.575353699753094], [-79.58563199999229, 55.575353699753094]]], [[[-60.08321819959444, 55.484533299849296], [-60.08321819959444, 55.484533299849296]]], [[[-60.21143300006011, 55.48757909980392], [-60.21143300006011, 55.48757909980392]]], [[[-60.07151299962707, 55.500000000021835], [-60.07151299962707, 55.500000000021835]]], [[[-59.84687039821202, 55.49996680374931], [-59.84687039821202, 55.49996680374931]]], [[[-60.14834989978757, 55.488910999758545], [-60.14834989978757, 55.488910999758545]]], [[[-60.16680179967826, 55.51428449994752], [-60.16680179967826, 55.51428449994752]]], [[[-60.19340420038003, 55.50744790024348], [-60.19340420038003, 55.50744790024348]]], [[[-60.307332899744566, 55.50612559975747], [-60.307332899744566, 55.50612559975747]]], [[[-60.161588900339034, 55.507498200052716], [-60.161588900339034, 55.507498200052716]]], [[[-60.10560409969371, 55.51521979979411], [-60.10560409969371, 55.51521979979411]]], [[[-60.31380390041899, 55.510251599996565], [-60.31380390041899, 55.510251599996565]]], [[[-60.07342693939164, 55.528154901244974], [-60.07342693939164, 55.528154901244974]]], [[[-60.18305960042011, 55.54681219998283], [-60.18305960042011, 55.54681219998283]]], [[[-60.16774559127532, 55.55770432024256], [-60.16774559127532, 55.55770432024256]]], [[[-60.18682840044793, 55.526536299742894], [-60.18682840044793, 55.526536299742894]]], [[[-60.252597299926606, 55.54691109979122], [-60.252597299926606, 55.54691109979122]]], [[[-60.11708750022752, 55.423060228732155], [-60.11708750022752, 55.423060228732155]]], [[[-59.967764900190936, 55.42239890015722], [-59.967764900190936, 55.42239890015722]]], [[[-77.64458010009393, 55.41003000013757], [-77.64458010009393, 55.41003000013757]]], [[[-59.941306249697575, 55.42842276157192], [-59.941306249697575, 55.42842276157192]]], [[[-129.7367603003145, 55.38220319981469], [-129.7367603003145, 55.38220319981469]]], [[[-77.4739498998959, 55.46087010000107], [-77.4739498998959, 55.46087010000107]]], [[[-59.873362399558644, 55.42319920003087], [-59.873362399558644, 55.42319920003087]]], [[[-59.8216703997211, 55.43355039980485], [-59.8216703997211, 55.43355039980485]]], [[[-59.882583199911615, 55.43069280008792], [-59.882583199911615, 55.43069280008792]]], [[[-60.02939687542823, 55.44420959141171], [-60.02939687542823, 55.44420959141171]]], [[[-129.76851430021884, 55.45124600021097], [-129.76851430021884, 55.45124600021097]]], [[[-59.971122299666426, 55.459064599930166], [-59.971122299666426, 55.459064599930166]]], [[[-59.95737509970085, 55.45894560000195], [-59.95737509970085, 55.45894560000195]]], [[[-60.18253848682548, 55.45888437510533], [-60.18253848682548, 55.45888437510533]]], [[[-60.098885439783665, 55.459084375025924], [-60.098885439783665, 55.459084375025924]]], [[[-77.54296009968442, 55.46842010014164], [-77.54296009968442, 55.46842010014164]]], [[[-79.97244000003931, 55.72358009982624], [-79.97244000003931, 55.72358009982624]]], [[[-79.98036874992589, 55.74186872596077], [-79.98036874992589, 55.74186872596077]]], [[[-60.313858725499095, 55.722756249948894], [-60.313858725499095, 55.722756249948894]]], [[[-60.95309539998359, 55.73014370006852], [-60.95309539998359, 55.73014370006852]]], [[[-60.91512650010919, 55.73488739976433], [-60.91512650010919, 55.73488739976433]]], [[[-60.94158429989799, 55.74127299983756], [-60.94158429989799, 55.74127299983756]]], [[[-79.92832000034294, 55.74381009985259], [-79.92832000034294, 55.74381009985259]]], [[[-60.27028389987392, 55.7651531999849], [-60.27028389987392, 55.7651531999849]]], [[[-60.15299699973668, 55.711042899884745], [-60.15299699973668, 55.711042899884745]]], [[[-60.321034699753994, 55.69450999990076], [-60.321034699753994, 55.69450999990076]]], [[[-60.31968789966596, 55.6937482998015], [-60.31968789966596, 55.6937482998015]]], [[[-79.47311839962684, 55.70017509977171], [-79.47311839962684, 55.70017509977171]]], [[[-60.3170298997246, 55.70722100014047], [-60.3170298997246, 55.70722100014047]]], [[[-79.29581999968488, 55.661620000123484], [-79.29581999968488, 55.661620000123484]]], [[[-77.30346000037557, 55.66055010019418], [-77.30346000037557, 55.66055010019418]]], [[[-79.27651000028871, 55.66800990004368], [-79.27651000028871, 55.66800990004368]]], [[[-60.16579716159375, 55.72337438603037], [-60.16579716159375, 55.72337438603037]]], [[[-79.15430800041376, 55.74999999985884], [-79.15430800041376, 55.74999999985884]]], [[[-60.63527383569255, 55.88234598114962], [-60.63527383569255, 55.88234598114962]]], [[[-77.2257099995597, 55.767650000100296], [-77.2257099995597, 55.767650000100296]]], [[[-60.29288570017026, 55.747720199890246], [-60.29288570017026, 55.747720199890246]]], [[[-60.420597261718825, 55.81176623191923], [-60.420597261718825, 55.81176623191923]]], [[[-60.619153900295686, 55.85863789981742], [-60.619153900295686, 55.85863789981742]]], [[[-60.35710624635725, 55.84537605977266], [-60.35710624635725, 55.84537605977266]]], [[[-60.38952075323548, 55.8353384476395], [-60.38952075323548, 55.8353384476395]]], [[[-60.64443125002078, 55.97401776512682], [-60.64443125002078, 55.97401776512682]]], [[[-60.683131794456436, 55.989462934776014], [-60.683131794456436, 55.989462934776014]]], [[[-60.64789191892301, 55.88534897112568], [-60.64789191892301, 55.88534897112568]]], [[[-79.8597391997518, 55.615623500212344], [-79.8597391997518, 55.615623500212344]]], [[[-79.78302910038693, 55.61728210000691], [-79.78302910038693, 55.61728210000691]]], [[[-79.8426028996627, 55.626884299768435], [-79.8426028996627, 55.626884299768435]]], [[[-77.34385000007785, 55.580669025034474], [-77.34385000007785, 55.580669025034474]]], [[[-77.34385000007785, 55.64223456990261], [-77.34385000007785, 55.64223456990261]]], [[[-60.41258789971362, 55.63371000009762], [-60.41258789971362, 55.63371000009762]]], [[[-60.36503330022455, 55.62808389983083], [-60.36503330022455, 55.62808389983083]]], [[[-60.44273790018597, 55.65050590019015], [-60.44273790018597, 55.65050590019015]]], [[[-77.32019989998093, 55.65242010000675], [-77.32019989998093, 55.65242010000675]]], [[[-79.31289010022576, 55.65455989983421], [-79.31289010022576, 55.65455989983421]]], [[[-60.632796900179876, 55.65701750001722], [-60.632796900179876, 55.65701750001722]]], [[[-60.31640919979588, 55.671624400134604], [-60.31640919979588, 55.671624400134604]]], [[[-60.72247999995743, 56.2545525999682], [-60.72247999995743, 56.2545525999682]]], [[[-60.703962805121996, 56.26357508695669], [-60.703962805121996, 56.26357508695669]]], [[[-60.78537074307986, 56.28028716744246], [-60.78537074307986, 56.28028716744246]]], [[[-60.83654007793227, 56.29129845846261], [-60.83654007793227, 56.29129845846261]]], [[[-60.88068399976466, 56.28651620011552], [-60.88068399976466, 56.28651620011552]]], [[[-88.14327970042142, 56.509915299917], [-88.14327970042142, 56.509915299917]]], [[[-61.190033499610564, 56.189639199799956], [-61.190033499610564, 56.189639199799956]]], [[[-76.17665999970956, 56.187940000057736], [-76.17665999970956, 56.187940000057736]]], [[[-76.22488989962864, 56.18823999987057], [-76.22488989962864, 56.18823999987057]]], [[[-61.1546642002009, 56.2146577000504], [-61.1546642002009, 56.2146577000504]]], [[[-76.40068000036077, 56.198029999747185], [-76.40068000036077, 56.198029999747185]]], [[[-76.10078709964675, 56.20449720005585], [-76.10078709964675, 56.20449720005585]]], [[[-61.055421300136636, 56.25526020020811], [-61.055421300136636, 56.25526020020811]]], [[[-61.09226599975548, 56.25000000013137], [-61.09226599975548, 56.25000000013137]]], [[[-61.36421580013876, 56.25382260017762], [-61.36421580013876, 56.25382260017762]]], [[[-76.13565348622778, 56.25010000007749], [-76.13565348622778, 56.25010000007749]]], [[[-61.28156770020193, 56.22582540019804], [-61.28156770020193, 56.22582540019804]]], [[[-61.17177499981403, 56.221569463043295], [-61.17177499981403, 56.221569463043295]]], [[[-78.87726820010357, 56.21023469989336], [-78.87726820010357, 56.21023469989336]]], [[[-79.70719440028326, 56.235529500084134], [-79.70719440028326, 56.235529500084134]]], [[[-76.72882009999377, 56.22666009993841], [-76.72882009999377, 56.22666009993841]]], [[[-61.52333749997562, 56.23067731258661], [-61.52333749997562, 56.23067731258661]]], [[[-76.24606000005943, 56.21811989980675], [-76.24606000005943, 56.21811989980675]]], [[[-61.34210250010065, 56.222133199884574], [-61.34210250010065, 56.222133199884574]]], [[[-76.10452389988754, 56.22054370000381], [-76.10452389988754, 56.22054370000381]]], [[[-76.23530009996048, 56.22629999990632], [-76.23530009996048, 56.22629999990632]]], [[[-78.87337589969047, 56.25001120021437], [-78.87337589969047, 56.25001120021437]]], [[[-61.17177499981403, 56.24179361098101], [-61.17177499981403, 56.24179361098101]]], [[[-76.23231009975811, 56.23350000001723], [-76.23231009975811, 56.23350000001723]]], [[[-78.85478179649031, 56.25010000007749], [-78.85478179649031, 56.25010000007749]]], [[[-76.26322010011367, 56.236770099761145], [-76.26322010011367, 56.236770099761145]]], [[[-61.424380500428654, 56.2443527998239], [-61.424380500428654, 56.2443527998239]]], [[[-78.38817379972487, 56.24675109998683], [-78.38817379972487, 56.24675109998683]]], [[[-76.1374199998778, 56.243239899987735], [-76.1374199998778, 56.243239899987735]]], [[[-61.551708999678816, 56.25000000013137], [-61.551708999678816, 56.25000000013137]]], [[[-61.646008999842245, 56.25000000013137], [-61.646008999842245, 56.25000000013137]]], [[[-76.78640875364566, 56.24991910287669], [-76.78640875364566, 56.24991910287669]]], [[[-79.68520811663645, 56.25010000007749], [-79.68520811663645, 56.25010000007749]]], [[[-61.11951779976265, 56.25985580019927], [-61.11951779976265, 56.25985580019927]]], [[[-61.32415520007475, 56.25992730014748], [-61.32415520007475, 56.25992730014748]]], [[[-61.39974790032907, 56.264616400185275], [-61.39974790032907, 56.264616400185275]]], [[[-61.82600139971057, 56.26716550017275], [-61.82600139971057, 56.26716550017275]]], [[[-76.26534857912763, 56.25010000007749], [-76.26534857912763, 56.25010000007749]]], [[[-76.77943990035259, 56.26242999980086], [-76.77943990035259, 56.26242999980086]]], [[[-79.06658399960841, 56.25000000013137], [-79.06658399960841, 56.25000000013137]]], [[[-78.84908249984893, 56.27789590002482], [-78.84908249984893, 56.27789590002482]]], [[[-78.07460549958932, 56.26833859998855], [-78.07460549958932, 56.26833859998855]]], [[[-61.897217000352526, 56.26565690009917], [-61.897217000352526, 56.26565690009917]]], [[[-61.52333749997562, 56.28688895995318], [-61.52333749997562, 56.28688895995318]]], [[[-77.78007660023523, 56.273921800192845], [-77.78007660023523, 56.273921800192845]]], [[[-76.30955000032475, 56.27392989997629], [-76.30955000032475, 56.27392989997629]]], [[[-76.26278989961907, 56.279550000227225], [-76.26278989961907, 56.279550000227225]]], [[[-60.947957500089124, 56.28469950014], [-60.947957500089124, 56.28469950014]]], [[[-61.27792479995949, 56.29174440017949], [-61.27792479995949, 56.29174440017949]]], [[[-80.06073630044419, 56.29153089983366], [-80.06073630044419, 56.29153089983366]]], [[[-78.04697500040108, 56.282442252987366], [-78.04697500040108, 56.282442252987366]]], [[[-77.09890999985242, 56.28943999999352], [-77.09890999985242, 56.28943999999352]]], [[[-61.562355599762554, 56.29187490002705], [-61.562355599762554, 56.29187490002705]]], [[[-61.65399449989858, 56.29528800011612], [-61.65399449989858, 56.29528800011612]]], [[[-61.406082299588135, 56.30463319978846], [-61.406082299588135, 56.30463319978846]]], [[[-77.98179940043832, 56.28472189989789], [-77.98179940043832, 56.28472189989789]]], [[[-61.100198700432664, 56.300439299934204], [-61.100198700432664, 56.300439299934204]]], [[[-61.446777700435874, 56.308288699847814], [-61.446777700435874, 56.308288699847814]]], [[[-61.27394620019368, 56.31554439975912], [-61.27394620019368, 56.31554439975912]]], [[[-61.62246439968893, 56.31881710015306], [-61.62246439968893, 56.31881710015306]]], [[[-76.75354000016928, 56.27970989976992], [-76.75354000016928, 56.27970989976992]]], [[[-61.715216099561275, 56.321073100121296], [-61.715216099561275, 56.321073100121296]]], [[[-61.7090999001864, 56.327275099901755], [-61.7090999001864, 56.327275099901755]]], [[[-79.8789509000997, 56.331630799908694], [-79.8789509000997, 56.331630799908694]]], [[[-60.9899624613648, 56.35231734068251], [-60.9899624613648, 56.35231734068251]]], [[[-76.66233010037864, 56.33155000008879], [-76.66233010037864, 56.33155000008879]]], [[[-61.347556250344, 56.32843220824039], [-61.347556250344, 56.32843220824039]]], [[[-61.21951939984789, 56.3369784000218], [-61.21951939984789, 56.3369784000218]]], [[[-61.17177499981403, 56.345407855561184], [-61.17177499981403, 56.345407855561184]]], [[[-61.20965619986219, 56.338562999821164], [-61.20965619986219, 56.338562999821164]]], [[[-61.259665624629854, 56.34131769734694], [-61.259665624629854, 56.34131769734694]]], [[[-61.3844032002426, 56.36260890011534], [-61.3844032002426, 56.36260890011534]]], [[[-77.77765109956077, 56.32849169975766], [-77.77765109956077, 56.32849169975766]]], [[[-77.81112559960965, 56.34391050008688], [-77.81112559960965, 56.34391050008688]]], [[[-78.06267839957711, 56.345570900172305], [-78.06267839957711, 56.345570900172305]]], [[[-76.35732999969501, 56.34921999990729], [-76.35732999969501, 56.34921999990729]]], [[[-61.724838199809554, 56.355067800215146], [-61.724838199809554, 56.355067800215146]]], [[[-79.58399349986351, 56.36734849993567], [-79.58399349986351, 56.36734849993567]]], [[[-61.17182560011735, 56.35995860015998], [-61.17182560011735, 56.35995860015998]]], [[[-61.347556250344, 56.37747824753343], [-61.347556250344, 56.37747824753343]]], [[[-61.69921969958396, 56.40667479982597], [-61.69921969958396, 56.40667479982597]]], [[[-77.73687919998005, 56.35047520006822], [-77.73687919998005, 56.35047520006822]]], [[[-60.99663728348898, 56.40565209135263], [-60.99663728348898, 56.40565209135263]]], [[[-61.46104249978669, 56.42166820014515], [-61.46104249978669, 56.42166820014515]]], [[[-61.77830329974477, 56.3742332000371], [-61.77830329974477, 56.3742332000371]]], [[[-61.17177499981403, 56.3787695472171], [-61.17177499981403, 56.3787695472171]]], [[[-77.78152730036734, 56.37189729997845], [-77.78152730036734, 56.37189729997845]]], [[[-76.67962999985066, 56.35795010018695], [-76.67962999985066, 56.35795010018695]]], [[[-61.259851000073546, 56.37837979976633], [-61.259851000073546, 56.37837979976633]]], [[[-77.63931999967643, 56.37875010016257], [-77.63931999967643, 56.37875010016257]]], [[[-61.29775190017591, 56.38612729977071], [-61.29775190017591, 56.38612729977071]]], [[[-77.68890629997895, 56.39636549987922], [-77.68890629997895, 56.39636549987922]]], [[[-61.79578320004016, 56.403175599794565], [-61.79578320004016, 56.403175599794565]]], [[[-76.25312990034726, 56.40613999987697], [-76.25312990034726, 56.40613999987697]]], [[[-61.032427285505776, 56.39137798881908], [-61.032427285505776, 56.39137798881908]]], [[[-77.82090720022819, 56.40128110013312], [-77.82090720022819, 56.40128110013312]]], [[[-61.17177499981403, 56.41102603590776], [-61.17177499981403, 56.41102603590776]]], [[[-61.284793700405864, 56.41319920008823], [-61.284793700405864, 56.41319920008823]]], [[[-77.54445999964634, 56.410059999846894], [-77.54445999964634, 56.410059999846894]]], [[[-60.93158719973099, 56.458259100013024], [-60.93158719973099, 56.458259100013024]]], [[[-79.62900624978082, 56.26872939812647], [-79.62900624978082, 56.26872939812647]]], [[[-60.995993750182386, 56.42211580422818], [-60.995993750182386, 56.42211580422818]]], [[[-61.87510000015378, 56.41982530858621], [-61.87510000015378, 56.41982530858621]]], [[[-61.64516160017012, 56.45208689990988], [-61.64516160017012, 56.45208689990988]]], [[[-77.48447000011963, 56.44663000014852], [-77.48447000011963, 56.44663000014852]]], [[[-61.41689480143683, 56.425881249941604], [-61.41689480143683, 56.425881249941604]]], [[[-61.070784354600974, 56.425881249941604], [-61.070784354600974, 56.425881249941604]]], [[[-60.98266110026255, 56.45589239982726], [-60.98266110026255, 56.45589239982726]]], [[[-78.07927020022979, 56.50273730006739], [-78.07927020022979, 56.50273730006739]]], [[[-79.48630300000131, 56.49724550018205], [-79.48630300000131, 56.49724550018205]]], [[[-61.09880476214841, 56.49883041498068], [-61.09880476214841, 56.49883041498068]]], [[[-61.197365699876514, 56.49291049991673], [-61.197365699876514, 56.49291049991673]]], [[[-61.699118749607265, 56.49767232990311], [-61.699118749607265, 56.49767232990311]]], [[[-76.6699098996931, 56.483680000242416], [-76.6699098996931, 56.483680000242416]]], [[[-78.79946650034478, 56.51429170021606], [-78.79946650034478, 56.51429170021606]]], [[[-76.66731000008937, 56.50882010019088], [-76.66731000008937, 56.50882010019088]]], [[[-61.25407680010715, 56.5190497999229], [-61.25407680010715, 56.5190497999229]]], [[[-61.13681984890315, 56.536165078425455], [-61.13681984890315, 56.536165078425455]]], [[[-76.30603989982738, 56.44068009978674], [-76.30603989982738, 56.44068009978674]]], [[[-62.10122589976596, 56.45015730008003], [-62.10122589976596, 56.45015730008003]]], [[[-79.50039619957329, 56.45557360002307], [-79.50039619957329, 56.45557360002307]]], [[[-61.66950220019165, 56.44884679999931], [-61.66950220019165, 56.44884679999931]]], [[[-61.09197600022557, 56.44980350020132], [-61.09197600022557, 56.44980350020132]]], [[[-76.64072499975465, 56.426303338272554], [-76.64072499975465, 56.426303338272554]]], [[[-61.87510000015378, 56.462029334573174], [-61.87510000015378, 56.462029334573174]]], [[[-79.47418080028244, 56.46089630015662], [-79.47418080028244, 56.46089630015662]]], [[[-61.90810389977476, 56.460368900201885], [-61.90810389977476, 56.460368900201885]]], [[[-79.5004814999994, 56.46815960010335], [-79.5004814999994, 56.46815960010335]]], [[[-61.756016599704004, 56.471818499960946], [-61.756016599704004, 56.471818499960946]]], [[[-61.01250249979042, 56.471437699954286], [-61.01250249979042, 56.471437699954286]]], [[[-79.48230720019276, 56.47813299977678], [-79.48230720019276, 56.47813299977678]]], [[[-61.69025680015915, 56.47853379984024], [-61.69025680015915, 56.47853379984024]]], [[[-79.53193169955611, 56.48967239975422], [-79.53193169955611, 56.48967239975422]]], [[[-61.347556250344, 56.732950119451985], [-61.347556250344, 56.732950119451985]]], [[[-61.11002859987078, 56.72868449986878], [-61.11002859987078, 56.72868449986878]]], [[[-60.940999173254525, 56.641797067716226], [-60.940999173254525, 56.641797067716226]]], [[[-60.99459089522062, 56.63824281023343], [-60.99459089522062, 56.63824281023343]]], [[[-79.20541759999472, 56.63563660000846], [-79.20541759999472, 56.63563660000846]]], [[[-61.3177882997687, 56.6326440999911], [-61.3177882997687, 56.6326440999911]]], [[[-60.94734001792576, 56.67688026605833], [-60.94734001792576, 56.67688026605833]]], [[[-78.74989999980941, 56.678315458258155], [-78.74989999980941, 56.678315458258155]]], [[[-62.03313170039456, 56.63604530014448], [-62.03313170039456, 56.63604530014448]]], [[[-60.995993750182386, 56.66296788436023], [-60.995993750182386, 56.66296788436023]]], [[[-61.323640999914545, 56.660368800176045], [-61.323640999914545, 56.660368800176045]]], [[[-61.2988571001649, 56.64796889991331], [-61.2988571001649, 56.64796889991331]]], [[[-61.03830190005298, 56.65958099996867], [-61.03830190005298, 56.65958099996867]]], [[[-61.34760538459676, 56.66639734457949], [-61.34760538459676, 56.66639734457949]]], [[[-61.57095250038776, 56.66987190022406], [-61.57095250038776, 56.66987190022406]]], [[[-61.24196359971078, 56.65647759993182], [-61.24196359971078, 56.65647759993182]]], [[[-61.32931439992292, 56.67628089979458], [-61.32931439992292, 56.67628089979458]]], [[[-61.27855179977329, 56.683973000125974], [-61.27855179977329, 56.683973000125974]]], [[[-61.10668720028884, 56.685835199934715], [-61.10668720028884, 56.685835199934715]]], [[[-61.235503700416636, 56.68413709997359], [-61.235503700416636, 56.68413709997359]]], [[[-61.32970280001074, 56.69005390023432], [-61.32970280001074, 56.69005390023432]]], [[[-60.915578486546075, 56.69283286628472], [-60.915578486546075, 56.69283286628472]]], [[[-61.081930799766674, 56.70571979992397], [-61.081930799766674, 56.70571979992397]]], [[[-61.134557399639284, 56.706724800129166], [-61.134557399639284, 56.706724800129166]]], [[[-78.38193020037808, 56.68966110020736], [-78.38193020037808, 56.68966110020736]]], [[[-60.99619375019891, 56.70040842451916], [-60.99619375019891, 56.70040842451916]]], [[[-61.17177499981403, 56.721224314740546], [-61.17177499981403, 56.721224314740546]]], [[[-61.28639200002734, 56.715704999855404], [-61.28639200002734, 56.715704999855404]]], [[[-78.74990170032025, 56.72441709983871], [-78.74990170032025, 56.72441709983871]]], [[[-89.43448134063486, 56.92891271365774], [-89.43448134063486, 56.92891271365774]]], [[[-61.11721550033447, 56.80129700015381], [-61.11721550033447, 56.80129700015381]]], [[[-61.17197499983056, 56.74773917207592], [-61.17197499983056, 56.74773917207592]]], [[[-76.64072499975465, 56.72234273502137], [-76.64072499975465, 56.72234273502137]]], [[[-61.32305799958334, 56.74697379981168], [-61.32305799958334, 56.74697379981168]]], [[[-61.1355802995752, 56.75944709981309], [-61.1355802995752, 56.75944709981309]]], [[[-79.5940397001473, 56.76332930006071], [-79.5940397001473, 56.76332930006071]]], [[[-61.28012079994347, 56.76273530000888], [-61.28012079994347, 56.76273530000888]]], [[[-61.14136949961025, 56.75837650010109], [-61.14136949961025, 56.75837650010109]]], [[[-60.99619375019891, 56.7599911222096], [-60.99619375019891, 56.7599911222096]]], [[[-61.259665624629854, 56.76747767129013], [-61.259665624629854, 56.76747767129013]]], [[[-61.22960100004208, 56.769761900003374], [-61.22960100004208, 56.769761900003374]]], [[[-61.29963520020276, 56.77118689992191], [-61.29963520020276, 56.77118689992191]]], [[[-88.61274000002923, 56.73963990017406], [-88.61274000002923, 56.73963990017406]]], [[[-61.347556250344, 56.77791579698235], [-61.347556250344, 56.77791579698235]]], [[[-61.258903200193714, 56.7772643001906], [-61.258903200193714, 56.7772643001906]]], [[[-76.63502999975526, 56.76968999982196], [-76.63502999975526, 56.76968999982196]]], [[[-78.83008530012289, 56.77282620001462], [-78.83008530012289, 56.77282620001462]]], [[[-61.6670772995918, 56.78469230022816], [-61.6670772995918, 56.78469230022816]]], [[[-61.34127789967044, 56.791061099952216], [-61.34127789967044, 56.791061099952216]]], [[[-61.206443999577665, 56.802831199812104], [-61.206443999577665, 56.802831199812104]]], [[[-61.056723199731834, 56.791791700053196], [-61.056723199731834, 56.791791700053196]]], [[[-76.6405249997381, 56.79260092794488], [-76.6405249997381, 56.79260092794488]]], [[[-79.80747780007648, 56.792724899865924], [-79.80747780007648, 56.792724899865924]]], [[[-76.63101989966569, 56.795880099821176], [-76.63101989966569, 56.795880099821176]]], [[[-78.74989999980941, 56.81086310905313], [-78.74989999980941, 56.81086310905313]]], [[[-79.58768995496825, 56.799416406271625], [-79.58768995496825, 56.799416406271625]]], [[[-61.30912377037562, 56.91610503945362], [-61.30912377037562, 56.91610503945362]]], [[[-76.70242999993972, 56.90925000004314], [-76.70242999993972, 56.90925000004314]]], [[[-79.54091562494845, 56.807596394965884], [-79.54091562494845, 56.807596394965884]]], [[[-79.59971030010696, 56.808688000233204], [-79.59971030010696, 56.808688000233204]]], [[[-79.92919042203917, 56.865334375161964], [-79.92919042203917, 56.865334375161964]]], [[[-79.5409352001368, 56.81176599996619], [-79.5409352001368, 56.81176599996619]]], [[[-61.28717419997616, 56.812279200007225], [-61.28717419997616, 56.812279200007225]]], [[[-79.63931279980027, 56.82132490011129], [-79.63931279980027, 56.82132490011129]]], [[[-61.39787069986299, 56.821385999804654], [-61.39787069986299, 56.821385999804654]]], [[[-79.54091562494845, 56.8179274699667], [-79.54091562494845, 56.8179274699667]]], [[[-61.25966600012564, 56.81613400021172], [-61.25966600012564, 56.81613400021172]]], [[[-61.27424589973202, 56.83448100015214], [-61.27424589973202, 56.83448100015214]]], [[[-79.62890490005384, 56.82392160007383], [-79.62890490005384, 56.82392160007383]]], [[[-79.81790310018997, 56.81951500020451], [-79.81790310018997, 56.81951500020451]]], [[[-78.83603679967861, 56.81888379990174], [-78.83603679967861, 56.81888379990174]]], [[[-61.34756179923749, 56.82464061727069], [-61.34756179923749, 56.82464061727069]]], [[[-61.404976600135825, 56.82329799980961], [-61.404976600135825, 56.82329799980961]]], [[[-79.56102359960813, 56.82135520022405], [-79.56102359960813, 56.82135520022405]]], [[[-61.172985283826655, 56.84811948629546], [-61.172985283826655, 56.84811948629546]]], [[[-79.56676750029833, 56.83450989996353], [-79.56676750029833, 56.83450989996353]]], [[[-61.21846300712491, 56.853195969624075], [-61.21846300712491, 56.853195969624075]]], [[[-61.09498178023423, 56.880211724486955], [-61.09498178023423, 56.880211724486955]]], [[[-79.8926781251266, 56.87080779529474], [-79.8926781251266, 56.87080779529474]]], [[[-76.6405249997381, 56.85538081421819], [-76.6405249997381, 56.85538081421819]]], [[[-61.278434901107055, 56.90635631715711], [-61.278434901107055, 56.90635631715711]]], [[[-78.82530800015313, 56.874222700006946], [-78.82530800015313, 56.874222700006946]]], [[[-79.8926781251266, 56.87789949021788], [-79.8926781251266, 56.87789949021788]]], [[[-79.94354610035401, 56.87828110020185], [-79.94354610035401, 56.87828110020185]]], [[[-79.71669687458011, 56.93379000836187], [-79.71669687458011, 56.93379000836187]]], [[[-79.56122460034791, 56.59750759998119], [-79.56122460034791, 56.59750759998119]]], [[[-61.096067797598636, 56.5835898652987], [-61.096067797598636, 56.5835898652987]]], [[[-61.7444974004078, 56.60165129975287], [-61.7444974004078, 56.60165129975287]]], [[[-79.56050920002194, 56.58379929977354], [-79.56050920002194, 56.58379929977354]]], [[[-61.24049719972245, 56.569788099839336], [-61.24049719972245, 56.569788099839336]]], [[[-78.11693129955862, 56.562552199763616], [-78.11693129955862, 56.562552199763616]]], [[[-61.347756250360526, 56.58046906353587], [-61.347756250360526, 56.58046906353587]]], [[[-78.77734450012316, 56.57391289995562], [-78.77734450012316, 56.57391289995562]]], [[[-61.588117700177875, 56.57546450003102], [-61.588117700177875, 56.57546450003102]]], [[[-61.38868949994268, 56.567104699977875], [-61.38868949994268, 56.567104699977875]]], [[[-61.12823930839588, 56.55430291705734], [-61.12823930839588, 56.55430291705734]]], [[[-61.21938440012868, 56.55518790019535], [-61.21938440012868, 56.55518790019535]]], [[[-79.16096999998557, 56.59326000006795], [-79.16096999998557, 56.59326000006795]]], [[[-61.52333749997562, 56.59159934334055], [-61.52333749997562, 56.59159934334055]]], [[[-61.29378650025489, 56.513860400243665], [-61.29378650025489, 56.513860400243665]]], [[[-78.04696980005389, 56.537514300038815], [-78.04696980005389, 56.537514300038815]]], [[[-61.52353749999217, 56.45413327825126], [-61.21937079963527, 56.43601119986974], [-61.504506299930945, 56.5423745001737], [-61.52353749999217, 56.45413327825126]]], [[[-61.02375857715001, 56.607726081412], [-61.02375857715001, 56.607726081412]]], [[[-61.372294500405815, 56.60165280010693], [-61.372294500405815, 56.60165280010693]]], [[[-61.52333749997562, 56.608976259190584], [-61.52333749997562, 56.608976259190584]]], [[[-78.76235660008777, 56.6186403997515], [-78.76235660008777, 56.6186403997515]]], [[[-61.5531584996617, 56.62376629983972], [-61.5531584996617, 56.62376629983972]]], [[[-61.553397299711996, 56.63474180007313], [-61.553397299711996, 56.63474180007313]]], [[[-76.64072499975465, 56.57309876906399], [-76.64072499975465, 56.57309876906399]]], [[[-61.25974529980565, 56.622619899799034], [-61.25974529980565, 56.622619899799034]]], [[[-61.61297799984578, 56.64730560001519], [-61.61297799984578, 56.64730560001519]]], [[[-61.23933481208415, 56.601462499932765], [-61.23933481208415, 56.601462499932765]]], [[[-79.25529709962619, 56.67618179982565], [-79.25529709962619, 56.67618179982565]]], [[[-60.99536376706353, 56.65689611957666], [-60.99536376706353, 56.65689611957666]]], [[[-79.541115624965, 56.78286950822353], [-79.541115624965, 56.78286950822353]]], [[[-61.35597682425536, 56.935841135022436], [-61.627349299863404, 56.798359599754136], [-61.39049869973839, 56.6006542997624], [-61.37992179993755, 56.904552200073844], [-61.35597682425536, 56.935841135022436]]], [[[-79.24576730037505, 55.69607809987469], [-79.24576730037505, 55.69607809987469]]], [[[-61.46856060011249, 55.893787300063956], [-61.46856060011249, 55.893787300063956]]], [[[-80.10914340023956, 55.91077190010579], [-80.10914340023956, 55.91077190010579]]], [[[-78.67148859999257, 55.909329599896154], [-78.67148859999257, 55.909329599896154]]], [[[-79.10146249997103, 55.91966783626301], [-79.10146249997103, 55.91966783626301]]], [[[-60.924573499843966, 55.923197400004106], [-60.924573499843966, 55.923197400004106]]], [[[-77.93777810043885, 55.91702119977856], [-77.93777810043885, 55.91702119977856]]], [[[-79.62900624978082, 55.9248834711469], [-79.62900624978082, 55.9248834711469]]], [[[-80.00000000034238, 55.944165000095865], [-80.00000000034238, 55.944165000095865]]], [[[-79.07467070027137, 55.93573799979207], [-79.07467070027137, 55.93573799979207]]], [[[-80.15422740003363, 55.92525050009965], [-80.15422740003363, 55.92525050009965]]], [[[-60.78950169981281, 55.94337609977858], [-60.78950169981281, 55.94337609977858]]], [[[-87.62936309972262, 55.98118659984693], [-87.62936309972262, 55.98118659984693]]], [[[-60.67600649955661, 55.963744099887926], [-60.67600649955661, 55.963744099887926]]], [[[-80.12895539977606, 55.95746930010683], [-80.12895539977606, 55.95746930010683]]], [[[-61.064364699831565, 55.955538600093156], [-61.064364699831565, 55.955538600093156]]], [[[-79.30641999966323, 55.94029989989814], [-79.30641999966323, 55.94029989989814]]], [[[-79.98036874992589, 55.960487225835244], [-79.98036874992589, 55.960487225835244]]], [[[-60.82041249966897, 55.98005576935959], [-60.82041249966897, 55.98005576935959]]], [[[-60.845035800408716, 55.988651100148466], [-60.845035800408716, 55.988651100148466]]], [[[-61.14455090025693, 55.98714259989577], [-61.14455090025693, 55.98714259989577]]], [[[-79.95852250015713, 55.961879699965706], [-79.95852250015713, 55.961879699965706]]], [[[-61.23479839984941, 55.97232619976257], [-61.23479839984941, 55.97232619976257]]], [[[-79.28989010012016, 55.9631199999541], [-79.28989010012016, 55.9631199999541]]], [[[-61.274698300292265, 55.97772790013465], [-61.274698300292265, 55.97772790013465]]], [[[-60.75126029959022, 55.968397299942936], [-60.75126029959022, 55.968397299942936]]], [[[-79.5412028998881, 55.97793849985126], [-79.5412028998881, 55.97793849985126]]], [[[-80.07663999967407, 56.0947098998912], [-80.07663999967407, 56.0947098998912]]], [[[-78.76760770028446, 56.09442539986118], [-78.76760770028446, 56.09442539986118]]], [[[-78.9030371995803, 56.10052810000715], [-78.9030371995803, 56.10052810000715]]], [[[-61.17183139964083, 56.098703900095856], [-61.17183139964083, 56.098703900095856]]], [[[-60.77710437936007, 56.126833287020354], [-60.77710437936007, 56.126833287020354]]], [[[-60.82021249965243, 56.10803120092068], [-60.82021249965243, 56.10803120092068]]], [[[-60.94498520029111, 56.10579130009264], [-60.94498520029111, 56.10579130009264]]], [[[-80.05187010016814, 56.11499999988332], [-80.05187010016814, 56.11499999988332]]], [[[-60.890005399751374, 56.10804289997627], [-60.890005399751374, 56.10804289997627]]], [[[-79.93126989975102, 56.10005990016089], [-79.93126989975102, 56.10005990016089]]], [[[-80.02687009989715, 56.106740000001636], [-80.02687009989715, 56.106740000001636]]], [[[-60.90498759997626, 56.10218159989754], [-60.90498759997626, 56.10218159989754]]], [[[-78.81787469989183, 56.101620300246644], [-78.81787469989183, 56.101620300246644]]], [[[-79.98036874992589, 56.11971945771104], [-79.98036874992589, 56.11971945771104]]], [[[-61.347556250344, 56.11738638440817], [-61.347556250344, 56.11738638440817]]], [[[-61.19940220038854, 56.12557739977714], [-61.19940220038854, 56.12557739977714]]], [[[-60.845641099620195, 56.12976070007652], [-60.845641099620195, 56.12976070007652]]], [[[-60.876540300429404, 56.13157959993614], [-60.876540300429404, 56.13157959993614]]], [[[-78.10471459976681, 56.1256012001096], [-78.10471459976681, 56.1256012001096]]], [[[-60.889526799825866, 56.130498699853874], [-60.889526799825866, 56.130498699853874]]], [[[-78.94686749978406, 56.137347400132874], [-78.94686749978406, 56.137347400132874]]], [[[-61.292829499829885, 56.14285740021327], [-61.292829499829885, 56.14285740021327]]], [[[-60.85155579969033, 56.01988330020323], [-60.85155579969033, 56.01988330020323]]], [[[-60.995993750182386, 55.99229451990277], [-60.995993750182386, 55.99229451990277]]], [[[-61.02989269971143, 55.985542399800785], [-61.02989269971143, 55.985542399800785]]], [[[-79.54819869994478, 55.985036599970655], [-79.54819869994478, 55.985036599970655]]], [[[-61.24310460025879, 55.995498599874885], [-61.24310460025879, 55.995498599874885]]], [[[-61.256922999795464, 56.00000000017208], [-61.256922999795464, 56.00000000017208]]], [[[-79.04512000006103, 56.00000000017208], [-79.04512000006103, 56.00000000017208]]], [[[-61.09854890039593, 55.99181910017829], [-61.09854890039593, 55.99181910017829]]], [[[-79.62880624976428, 56.0060335375756], [-79.62880624976428, 56.0060335375756]]], [[[-61.17178189977372, 55.991293800023165], [-61.17178189977372, 55.991293800023165]]], [[[-80.00022999959785, 56.00282000024584], [-80.00022999959785, 56.00282000024584]]], [[[-79.85448299981924, 56.00000000017208], [-79.85448299981924, 56.00000000017208]]], [[[-61.347556250344, 56.0116492742417], [-61.347556250344, 56.0116492742417]]], [[[-87.6221943003119, 56.033682600026914], [-87.6221943003119, 56.033682600026914]]], [[[-87.5225176002037, 56.01653660018219], [-87.5225176002037, 56.01653660018219]]], [[[-87.51426844820475, 56.05532233466007], [-87.51426844820475, 56.05532233466007]]], [[[-87.59715439957094, 56.04208959975681], [-87.59715439957094, 56.04208959975681]]], [[[-80.01063010017097, 56.00713000006598], [-80.01063010017097, 56.00713000006598]]], [[[-60.82041249966897, 56.008182535987594], [-60.82041249966897, 56.008182535987594]]], [[[-61.41853209961976, 56.0624073998108], [-61.41853209961976, 56.0624073998108]]], [[[-76.80409989996664, 56.07242999986337], [-76.80409989996664, 56.07242999986337]]], [[[-60.939235700401746, 56.030935899747384], [-60.939235700401746, 56.030935899747384]]], [[[-60.83435630042603, 56.029495799827274], [-60.83435630042603, 56.029495799827274]]], [[[-61.261135200162705, 56.02889490018692], [-61.261135200162705, 56.02889490018692]]], [[[-78.68377329955646, 56.02294220016008], [-78.68377329955646, 56.02294220016008]]], [[[-61.274920200337114, 56.027251000244945], [-61.274920200337114, 56.027251000244945]]], [[[-61.218250799901966, 56.03120890015725], [-61.218250799901966, 56.03120890015725]]], [[[-79.59559000008824, 56.01973999994604], [-79.59559000008824, 56.01973999994604]]], [[[-79.60018730013293, 56.017190699969746], [-79.60018730013293, 56.017190699969746]]], [[[-60.785052100767125, 56.04726061788817], [-60.785052100767125, 56.04726061788817]]], [[[-61.285751900081756, 56.04285689999666], [-61.285751900081756, 56.04285689999666]]], [[[-61.320232100023816, 56.039590200101784], [-61.320232100023816, 56.039590200101784]]], [[[-79.62898736719353, 56.03871831443779], [-79.62898736719353, 56.03871831443779]]], [[[-78.82592059997292, 56.04517330001478], [-78.82592059997292, 56.04517330001478]]], [[[-78.85708390008578, 56.05494489978706], [-78.85708390008578, 56.05494489978706]]], [[[-78.81308220042749, 56.05344169990729], [-78.81308220042749, 56.05344169990729]]], [[[-60.93608010296327, 56.07431874976778], [-60.93608010296327, 56.07431874976778]]], [[[-78.92588125035593, 56.080341346115226], [-78.92588125035593, 56.080341346115226]]], [[[-79.94295990022378, 56.07506999996131], [-79.94295990022378, 56.07506999996131]]], [[[-78.92568125033938, 56.05677039495221], [-78.92568125033938, 56.05677039495221]]], [[[-79.55892459970853, 56.08620119991831], [-79.55892459970853, 56.08620119991831]]], [[[-80.02236000021537, 56.08570990009562], [-80.02236000021537, 56.08570990009562]]], [[[-61.23725974689697, 56.07431874976778], [-60.94291160025616, 56.015074299921466], [-61.230819800083594, 56.11206430023489], [-61.23725974689697, 56.07431874976778]]], [[[-78.95186380003693, 56.124246600238585], [-78.95186380003693, 56.124246600238585]]], [[[-61.30950560018546, 56.0953849998457], [-61.30950560018546, 56.0953849998457]]], [[[-79.89254000016851, 55.884990000058025], [-79.89254000016851, 55.884990000058025]]], [[[-61.06482660007593, 55.87473119975758], [-61.06482660007593, 55.87473119975758]]], [[[-61.05404280029885, 55.864127500106925], [-61.05404280029885, 55.864127500106925]]], [[[-79.22061010031922, 55.84611990019805], [-79.22061010031922, 55.84611990019805]]], [[[-79.88070999995368, 55.821119899927474], [-79.88070999995368, 55.821119899927474]]], [[[-79.90731429969395, 55.794349600084566], [-79.90731429969395, 55.794349600084566]]], [[[-79.91487999995005, 55.794529900206456], [-79.91487999995005, 55.794529900206456]]], [[[-78.75009999982596, 55.784161939335696], [-78.75009999982596, 55.784161939335696]]], [[[-79.89908370419383, 55.81063434088331], [-79.89908370419383, 55.81063434088331]]], [[[-79.84704999959527, 55.790070099769196], [-79.84704999959527, 55.790070099769196]]], [[[-79.32326989977179, 55.814400100027136], [-79.32326989977179, 55.814400100027136]]], [[[-61.111622000080715, 55.85786760016182], [-61.111622000080715, 55.85786760016182]]], [[[-79.92338180042769, 55.861382899894394], [-79.92338180042769, 55.861382899894394]]], [[[-79.93642343751797, 55.85057956604628], [-79.93642343751797, 55.85057956604628]]], [[[-80.0025281003004, 55.891321200212296], [-80.0025281003004, 55.891321200212296]]], [[[-78.70121789965444, 55.884042900086804], [-78.70121789965444, 55.884042900086804]]], [[[-61.06290141340402, 55.898537500159364], [-61.06290141340402, 55.898537500159364]]], [[[-60.70390223531565, 55.8984125306272], [-60.70390223531565, 55.8984125306272]]], [[[-79.06070175207624, 55.898337500159855], [-79.06070175207624, 55.898337500159855]]], [[[-60.76601376987917, 56.16657913115826], [-60.76601376987917, 56.16657913115826]]], [[[-76.2856100004109, 56.163940100120094], [-76.2856100004109, 56.163940100120094]]], [[[-60.87156639966815, 56.150507299906835], [-60.87156639966815, 56.150507299906835]]], [[[-78.71262469994566, 56.15378409983664], [-78.71262469994566, 56.15378409983664]]], [[[-61.18486030041701, 56.15054279990951], [-61.18486030041701, 56.15054279990951]]], [[[-61.24490090024701, 56.15413360001746], [-61.24490090024701, 56.15413360001746]]], [[[-61.04055339975185, 56.15979710008629], [-61.04055339975185, 56.15979710008629]]], [[[-78.71055480007138, 56.164972499966396], [-78.71055480007138, 56.164972499966396]]], [[[-76.20219990004273, 56.1823199000355], [-76.20219990004273, 56.1823199000355]]], [[[-76.7799701004063, 56.1053000001899], [-76.7799701004063, 56.1053000001899]]], [[[-60.944391699552554, 56.16971399991066], [-60.944391699552554, 56.16971399991066]]], [[[-61.17177499981403, 56.18002182095847], [-61.17177499981403, 56.18002182095847]]], [[[-76.18276999981065, 56.17751010012577], [-76.18276999981065, 56.17751010012577]]], [[[-76.39032999972933, 56.178549899976666], [-76.39032999972933, 56.178549899976666]]], [[[-78.82632362373525, 56.25010000007749], [-78.82632362373525, 56.25010000007749]]], [[[-79.84259818081252, 55.898337500159855], [-79.57661049986824, 56.097176500050146], [-79.74456830013092, 55.822169900014984], [-79.4471857998689, 55.88599880000858], [-79.24470919995471, 56.13806029996886], [-79.03491650027941, 56.35564029985074], [-79.11769800003594, 56.05733419977935], [-78.92108309959012, 56.28588530012401], [-79.12244610026738, 56.53127010006377], [-79.35777000009233, 56.31223300019256], [-79.59226009984022, 56.120431599820044], [-79.4463205003664, 56.39056300010002], [-79.68285940035922, 56.18008999996444], [-79.91920029998529, 55.98499870007991], [-79.84259818081252, 55.898337500159855]]], [[[-80.0500075413429, 56.25010000007749], [-79.7469661003553, 56.277605500022396], [-79.52592679964833, 56.51299989979836], [-79.79035400004456, 56.36216040013003], [-80.0500075413429, 56.25010000007749]]], [[[-59.331475999700565, 55.281177699795265], [-59.331475999700565, 55.281177699795265]]], [[[-60.130735899884876, 55.25837510006315], [-60.130735899884876, 55.25837510006315]]], [[[-60.31236760028088, 55.26083059975672], [-60.31236760028088, 55.26083059975672]]], [[[-59.69984429987679, 55.266140700172706], [-59.69984429987679, 55.266140700172706]]], [[[-59.35367300026526, 55.25613000002211], [-59.35367300026526, 55.25613000002211]]], [[[-82.96884999996858, 55.24788563278909], [-82.96884999996858, 55.24788563278909]]], [[[-59.36142884152764, 55.29712940043705], [-59.36142884152764, 55.29712940043705]]], [[[-59.718782700375904, 55.28928949986726], [-59.718782700375904, 55.28928949986726]]], [[[-60.11708750022752, 55.29169924348717], [-60.11708750022752, 55.29169924348717]]], [[[-59.715209500416336, 55.29517230006546], [-59.715209500416336, 55.29517230006546]]], [[[-60.29286874985917, 55.294207279589045], [-60.29286874985917, 55.294207279589045]]], [[[-60.327525537924835, 55.371193750251514], [-60.327525537924835, 55.371193750251514]]], [[[-60.20497812504334, 55.32976267021976], [-60.20497812504334, 55.32976267021976]]], [[[-79.80470919955735, 56.95819169993111], [-79.80470919955735, 56.95819169993111]]], [[[-76.6823000003859, 56.992239900179754], [-76.6823000003859, 56.992239900179754]]], [[[-99.2103258000829, 74.19747050001328], [-99.2103258000829, 74.19747050001328]]], [[[-124.61418010041965, 74.21079010006873], [-124.61418010041965, 74.21079010006873]]], [[[-124.50450000025936, 74.20884999991148], [-124.50450000025936, 74.20884999991148]]], [[[-124.56835609993554, 74.07909510005254], [-124.56835609993554, 74.07909510005254]]], [[[-124.3385300001422, 73.97178990009718], [-124.3385300001422, 73.97178990009718]]], [[[-90.00009999960743, 73.99947981448211], [-90.00009999960743, 73.99947981448211]]], [[[-118.9884957001651, 74.0547983000224], [-118.9884957001651, 74.0547983000224]]], [[[-119.69651879960927, 74.12940240010924], [-119.69651879960927, 74.12940240010924]]], [[[-108.76725000013757, 74.96349999990016], [-108.76725000013757, 74.96349999990016]]], [[[-98.5847500001601, 74.97500000006704], [-98.5847500001601, 74.97500000006704]]], [[[-116.32868980013764, 75.18471130006915], [-116.32868980013764, 75.18471130006915]]], [[[-97.68100000019982, 75.02450000010215], [-97.68100000019982, 75.02450000010215]]], [[[-104.0625999997834, 75.42795258735855], [-104.37675000038791, 75.43499999993021], [-104.67824999972161, 75.32900000008021], [-104.9119999999648, 75.12374999995214], [-104.58925000044566, 75.0942499999601], [-104.2772499997944, 75.03274999997646], [-103.96149999995589, 75.05424999989819], [-103.6699999996526, 75.13175000010912], [-103.86820610033425, 75.37293130006681], [-104.0625999997834, 75.42795258735855]]], [[[-96.64127240016131, 75.30956579989552], [-96.64127240016131, 75.30956579989552]]], [[[-97.51447690017572, 75.31632710008284], [-97.51447690017572, 75.31632710008284]]], [[[-97.63800000023674, 75.34499999991051], [-97.63800000023674, 75.34499999991051]]], [[[-97.50168810021037, 75.38825550005723], [-97.50168810021037, 75.38825550005723]]], [[[-97.2016426996971, 75.31267930011064], [-97.2016426996971, 75.31267930011064]]], [[[-96.90164580012434, 75.35344139998764], [-96.90164580012434, 75.35344139998764]]], [[[-100.60249999972775, 75.41000000010906], [-100.60249999972775, 75.41000000010906]]], [[[-113.9992850997375, 75.4204505999641], [-113.9992850997375, 75.4204505999641]]], [[[-96.52401619994887, 75.4220977000699], [-96.52401619994887, 75.4220977000699]]], [[[-97.60924999988018, 75.47024999994879], [-97.60924999988018, 75.47024999994879]]], [[[-87.55515059981691, 75.59611399990362], [-87.55515059981691, 75.59611399990362]]], [[[-87.62149980018934, 75.58935489992939], [-87.62149980018934, 75.58935489992939]]], [[[-101.55077630020091, 75.51817160006381], [-101.55077630020091, 75.51817160006381]]], [[[-100.83862829956713, 75.51414609989038], [-100.83862829956713, 75.51414609989038]]], [[[-97.28350000011292, 75.51825000006416], [-97.28350000011292, 75.51825000006416]]], [[[-101.25010000028719, 75.5428075729649], [-101.25010000028719, 75.5428075729649]]], [[[-100.67994150021046, 75.52881670004861], [-100.67994150021046, 75.52881670004861]]], [[[-100.55634709996701, 75.5444249000906], [-100.55634709996701, 75.5444249000906]]], [[[-100.5085000000383, 75.46949999997341], [-100.5085000000383, 75.46949999997341]]], [[[-97.22445500041735, 75.49247079994542], [-97.22445500041735, 75.49247079994542]]], [[[-97.88952479971681, 75.48688849996527], [-97.88952479971681, 75.48688849996527]]], [[[-96.73888317544035, 75.54871376786086], [-96.41483890032784, 75.55933110002915], [-96.12163360027294, 75.46225909988956], [-96.3626256000461, 75.65081599991387], [-96.65088770016287, 75.55707189990842], [-96.73888317544035, 75.54871376786086]]], [[[-100.03399999987128, 75.62575000010449], [-100.03399999987128, 75.62575000010449]]], [[[-101.18404860041461, 75.54595030000672], [-101.18404860041461, 75.54595030000672]]], [[[-100.87649999993117, 75.54799999997253], [-100.5570000000071, 75.58475000009521], [-100.24600000033684, 75.57449999995814], [-100.61165040001025, 75.60909579991913], [-100.9262560997887, 75.5766923999842], [-100.87649999993117, 75.54799999997253]]], [[[-90.02921990014684, 74.56489990002515], [-90.02921990014684, 74.56489990002515]]], [[[-86.18700000000118, 74.59839999996957], [-86.18700000000118, 74.59839999996957]]], [[[-98.34840820042211, 74.75513399990355], [-98.34840820042211, 74.75513399990355]]], [[[-88.56456990006032, 74.73328999990004], [-88.56456990006032, 74.73328999990004]]], [[[-96.16205890017265, 74.74553289998651], [-96.16205890017265, 74.74553289998651]]], [[[-95.0900001003204, 74.73586450004015], [-95.0900001003204, 74.73586450004015]]], [[[-88.54201990021653, 74.70124999993581], [-88.54201990021653, 74.70124999993581]]], [[[-91.83699340024052, 74.72551750004972], [-91.83699340024052, 74.72551750004972]]], [[[-88.60058990043426, 74.79141999989203], [-88.60058990043426, 74.79141999989203]]], [[[-96.34543589960494, 74.82105440009434], [-96.34543589960494, 74.82105440009434]]], [[[-88.59404990016287, 74.75122010007753], [-88.59404990016287, 74.75122010007753]]], [[[-95.38030490022301, 74.77435430006126], [-95.38030490022301, 74.77435430006126]]], [[[-95.62510000039646, 75.53085112221594], [-95.92495459964171, 75.43322149997555], [-96.17026700006143, 75.23941419990885], [-96.46792319992255, 75.18972150006718], [-96.34088440016498, 74.91022029993738], [-96.06176689990889, 75.02707990001925], [-95.83006220007425, 74.83344570001732], [-95.5303550997071, 74.81746609999297], [-95.20868789978702, 74.79077429998135], [-94.92913619973667, 74.67182870008101], [-94.5703180995517, 74.63050590009152], [-94.26745470016185, 74.65310380010995], [-93.9483879999201, 74.64909060004265], [-93.6031542998184, 74.6567676999334], [-93.38973670034233, 74.88220110004208], [-93.51814080009287, 75.18197820006512], [-93.8192064999193, 75.31233349993066], [-94.0771613997789, 75.48740820006864], [-94.42298329966066, 75.60962569998256], [-94.7258294001931, 75.62228440004107], [-95.03185160041375, 75.62024560006925], [-95.3323899999482, 75.5960095999778], [-95.62510000039646, 75.53085112221594]]], [[[-100.0282499996203, 75.65124999996291], [-100.0282499996203, 75.65124999996291]]], [[[-95.49512929987586, 75.72056899990491], [-95.49512929987586, 75.72056899990491]]], [[[-96.98014780042749, 75.60443389997573], [-96.98014780042749, 75.60443389997573]]], [[[-79.67924470003015, 75.89465820002138], [-79.39360749963146, 75.80063829999575], [-79.07977190039324, 75.87200909996102], [-78.82345919992477, 76.04746349993444], [-79.11974439998241, 76.11162679997352], [-79.39632959975822, 75.98973540010856], [-79.67924470003015, 75.89465820002138]]], [[[-122.66225000038428, 75.91749999994688], [-122.33900000037463, 75.86699999992469], [-122.6510000001276, 75.92499999991055], [-122.66225000038428, 75.91749999994688]]], [[[-122.62299999960847, 75.93700000002093], [-122.62299999960847, 75.93700000002093]]], [[[-121.65575000023541, 76.0092500000654], [-121.65575000023541, 76.0092500000654]]], [[[-122.9088500001182, 76.0269999999452], [-122.60124999983083, 76.05174999992902], [-122.90375000014555, 76.04075000002481], [-122.9088500001182, 76.0269999999452]]], [[[-122.92724999984334, 76.14424999998356], [-122.92724999984334, 76.14424999998356]]], [[[-120.93760000035391, 75.79539999991933], [-121.25424999981772, 75.77500000002831], [-120.93760000035391, 75.79539999991933]]], [[[-118.12489999994284, 76.00306666677109], [-118.4274999998167, 75.95824999991524], [-118.72399999963517, 75.88249999996077], [-119.00275000000686, 75.76475000006484], [-119.29824999974264, 75.66774999993038], [-119.000000000004, 75.57125000005699], [-118.67525000031942, 75.51299999996968], [-118.36925000016443, 75.55299999999741], [-118.08275000027467, 75.67225000005874], [-117.81924999959219, 75.83025000000735], [-117.5482499996369, 75.99050000007607], [-117.87100000005435, 76.0835000000107], [-118.12489999994284, 76.00306666677109]]], [[[-112.0685000003056, 75.82774999998152], [-112.0685000003056, 75.82774999998152]]], [[[-103.70825000034573, 75.8792500000891], [-103.36974999974855, 75.86074999999444], [-103.70825000034573, 75.8792500000891]]], [[[-96.52966999961609, 75.77320519994247], [-96.52966999961609, 75.77320519994247]]], [[[-96.33440970022822, 75.81494700006296], [-96.33440970022822, 75.81494700006296]]], [[[-94.86086666628981, 75.93760000002798], [-94.61550000044038, 75.75125000008526], [-94.29324999961514, 75.75975000002188], [-94.49900000023752, 75.98900000007119], [-94.83824999977382, 75.95099999995692], [-94.86086666628981, 75.93760000002798]]], [[[-111.8837499996234, 75.86350000002271], [-111.57200000011571, 75.88599999996897], [-111.8837499996234, 75.86350000002271]]], [[[-95.84586249962169, 75.93760000002798], [-95.84586249962169, 75.93760000002798]]], [[[-103.208699999679, 75.82600000007103], [-102.87974999964707, 75.75000000009324], [-102.56963119965984, 75.77825519994236], [-102.27474999991595, 75.89900000010029], [-101.96900000000616, 75.9530000000123], [-102.27474999991595, 75.98475000008196], [-102.62500000036201, 75.95674999990938], [-102.95574999964448, 75.92025000003973], [-103.208699999679, 75.82600000007103]]], [[[-119.62725000000326, 75.9242500000198], [-119.62725000000326, 75.9242500000198]]], [[[-103.55568070022612, 76.02504789997954], [-103.55568070022612, 76.02504789997954]]], [[[-103.68474999974961, 75.97474999993113], [-103.37624999983697, 75.91274999998504], [-103.06725000033214, 75.94299999993595], [-102.75850000017425, 75.97599999992737], [-102.4254999995828, 76.01300000009438], [-102.7475000001628, 76.08025000006012], [-103.10399999955372, 76.04450000001897], [-103.4322499999769, 75.99425000008725], [-103.68474999974961, 75.97474999993113]]], [[[-90.32656969993592, 76.0995946000745], [-90.32656969993592, 76.0995946000745]]], [[[-94.80599999957694, 76.06400000007609], [-94.80599999957694, 76.06400000007609]]], [[[-120.78793400043534, 76.77935840010058], [-120.78793400043534, 76.77935840010058]]], [[[-120.57748499969831, 76.78782039990794], [-120.57748499969831, 76.78782039990794]]], [[[-120.93760000035391, 76.75989080891623], [-120.93760000035391, 76.75989080891623]]], [[[-120.41737239971258, 76.80829190009828], [-120.41737239971258, 76.80829190009828]]], [[[-121.30901749970971, 76.60054169996397], [-121.30901749970971, 76.60054169996397]]], [[[-114.2274450995633, 77.9998350000879], [-114.2274450995633, 77.9998350000879]]], [[[-113.68529160002856, 78.31557030001612], [-113.68529160002856, 78.31557030001612]]], [[[-114.00959649976119, 78.30576349994543], [-114.00959649976119, 78.30576349994543]]], [[[-113.51341860039786, 78.27442669990947], [-113.51341860039786, 78.27442669990947]]], [[[-113.57798950032544, 78.27670219992608], [-113.57798950032544, 78.27670219992608]]], [[[-113.7357823996176, 78.30234809997918], [-113.7357823996176, 78.30234809997918]]], [[[-113.63669450026238, 77.85210649998342], [-113.63669450026238, 77.85210649998342]]], [[[-116.0430005998604, 77.64179659992209], [-116.0430005998604, 77.64179659992209]]], [[[-113.27678569979543, 77.65298659990728], [-113.27678569979543, 77.65298659990728]]], [[[-115.8382913999026, 77.75052219994846], [-115.8382913999026, 77.75052219994846]]], [[[-115.66016980000397, 77.74376400004411], [-115.66016980000397, 77.74376400004411]]], [[[-114.62297969989459, 77.76561760003425], [-114.62297969989459, 77.76561760003425]]], [[[-114.2483410000334, 78.0160856000197], [-114.5783731995898, 78.0390529999847], [-114.88549830011232, 77.98415850006904], [-114.64199879964893, 77.80773719998435], [-114.2979656000081, 77.7107374000385], [-113.93494019976576, 77.72675980004281], [-113.62888659983265, 77.7919450999515], [-113.97820929995368, 77.91665319999375], [-114.28519039963781, 78.00053310004591], [-114.2483410000334, 78.0160856000197]]], [[[-97.64921040006078, 79.61943940002074], [-97.64921040006078, 79.61943940002074]]], [[[-97.51174619957841, 79.6286154999673], [-97.51174619957841, 79.6286154999673]]], [[[-97.67404860027439, 79.41775870006578], [-97.67404860027439, 79.41775870006578]]], [[[-85.91499340004079, 79.51459810005062], [-85.91499340004079, 79.51459810005062]]], [[[-97.678690000413, 79.60366540001404], [-97.678690000413, 79.60366540001404]]], [[[-96.31343899973933, 79.7674061000562], [-96.31343899973933, 79.7674061000562]]], [[[-96.39144099955199, 79.82127860007093], [-96.39144099955199, 79.82127860007093]]], [[[-96.54973309983407, 79.80081629993727], [-96.54973309983407, 79.80081629993727]]], [[[-96.73141670039561, 79.79531119992983], [-96.73141670039561, 79.79531119992983]]], [[[-97.20897969966161, 79.64182610007217], [-97.20897969966161, 79.64182610007217]]], [[[-81.64924239977935, 79.93563779997669], [-81.64924239977935, 79.93563779997669]]], [[[-83.63788159963973, 80.72423860006437], [-83.63788159963973, 80.72423860006437]]], [[[-82.37821250035857, 80.74783730004364], [-82.37821250035857, 80.74783730004364]]], [[[-83.28475700016594, 80.65756229994362], [-83.28475700016594, 80.65756229994362]]], [[[-99.2998560003109, 79.75677740006158], [-98.98636979990411, 79.72528550007553], [-98.68418980015484, 79.76014370005714], [-98.81327080023492, 80.03841690006534], [-99.10666569961201, 80.13557419993741], [-99.44059310024153, 80.10669489997234], [-99.79877409995564, 80.14292249995081], [-100.10016080017243, 80.04598999992609], [-99.8441109000437, 79.87965019994516], [-99.52880119956022, 79.8903517000303], [-99.2998560003109, 79.75677740006158]]], [[[-99.09179389964055, 80.18144790006401], [-99.09179389964055, 80.18144790006401]]], [[[-96.11725989988561, 80.49216680002215], [-96.11725989988561, 80.49216680002215]]], [[[-96.2077528003491, 80.51381670000188], [-96.2077528003491, 80.51381670000188]]], [[[-95.62490000037992, 80.65722273892453], [-95.28887250031289, 80.62408350007217], [-94.94951829979688, 80.62612709993374], [-95.2951453002963, 80.69859139995067], [-95.80072659966206, 80.69869279999057], [-95.62490000037992, 80.65722273892453]]], [[[-74.21938319986666, 78.6772883000662], [-74.21938319986666, 78.6772883000662]]], [[[-74.13684230038426, 78.67578460004336], [-74.13684230038426, 78.67578460004336]]], [[[-74.68112433103528, 78.75010000002045], [-74.36549780014099, 78.68309650002846], [-74.65431379966532, 78.77480780004899], [-74.68112433103528, 78.75010000002045]]], [[[-75.59383599972843, 78.90105980000267], [-75.59383599972843, 78.90105980000267]]], [[[-75.66280970006862, 78.9172374000808], [-75.66280970006862, 78.9172374000808]]], [[[-75.77610800039433, 78.90689310006913], [-75.77610800039433, 78.90689310006913]]], [[[-101.25010000028719, 78.99130549470291], [-101.25010000028719, 78.99130549470291]]], [[[-84.9134543999474, 78.97240130000198], [-84.9134543999474, 78.97240130000198]]], [[[-85.8743227998814, 79.06169200000511], [-86.23413900021224, 79.01391909992982], [-85.72966500019827, 78.93733440007196], [-85.2792032998917, 78.98466749996186], [-85.66146529998497, 79.06870420007911], [-85.8743227998814, 79.06169200000511]]], [[[-75.84029189980927, 78.99701920003521], [-75.84029189980927, 78.99701920003521]]], [[[-77.60841169983169, 79.00905439995917], [-77.60841169983169, 79.00905439995917]]], [[[-101.51784670023707, 79.05721630005102], [-101.51784670023707, 79.05721630005102]]], [[[-75.8351251002138, 79.06116040007203], [-75.8351251002138, 79.06116040007203]]], [[[-75.85773399989583, 79.080922799949], [-75.85773399989583, 79.080922799949]]], [[[-75.87951549999723, 79.01946340005321], [-75.87951549999723, 79.01946340005321]]], [[[-76.14578179971507, 79.02580229994878], [-76.14578179971507, 79.02580229994878]]], [[[-102.850561100409, 79.18109469999534], [-102.850561100409, 79.18109469999534]]], [[[-94.38095690009072, 79.2100543999943], [-94.38095690009072, 79.2100543999943]]], [[[-102.9197118003012, 79.25055270001609], [-102.9197118003012, 79.25055270001609]]], [[[-95.02659670034342, 79.26434839992636], [-95.02659670034342, 79.26434839992636]]], [[[-94.90644750001302, 79.27281710005977], [-94.90644750001302, 79.27281710005977]]], [[[-94.89640729957699, 79.27712260001701], [-94.89640729957699, 79.27712260001701]]], [[[-94.50319089975272, 79.23282760008165], [-94.50319089975272, 79.23282760008165]]], [[[-83.80963299972028, 79.07246869996959], [-83.80963299972028, 79.07246869996959]]], [[[-75.93760000032975, 79.0993438623619], [-75.93760000032975, 79.0993438623619]]], [[[-95.41741890039096, 79.36684329998108], [-95.41741890039096, 79.36684329998108]]], [[[-91.33392660033935, 79.36128620000243], [-91.33392660033935, 79.36128620000243]]], [[[-91.6776794995604, 79.34281259997285], [-91.6776794995604, 79.34281259997285]]], [[[-91.62004429970204, 79.34852110007637], [-91.62004429970204, 79.34852110007637]]], [[[-94.83834919983234, 79.28304999994764], [-94.83834919983234, 79.28304999994764]]], [[[-93.17780839980948, 79.29059829993582], [-93.17780839980948, 79.29059829993582]]], [[[-94.6013150002329, 79.28028969993383], [-94.6013150002329, 79.28028969993383]]], [[[-94.76021079982695, 79.28937980003846], [-94.76021079982695, 79.28937980003846]]], [[[-94.40924299965478, 79.29448970001499], [-94.40924299965478, 79.29448970001499]]], [[[-94.60306109966808, 79.29919190007858], [-94.60306109966808, 79.29919190007858]]], [[[-92.10465060014033, 79.32196470000959], [-92.10465060014033, 79.32196470000959]]], [[[-95.40164049997354, 79.33838620003168], [-95.40164049997354, 79.33838620003168]]], [[[-88.19124999979978, 78.43849999996763], [-88.19124999979978, 78.43849999996763]]], [[[-89.87141389982456, 78.48950799991104], [-89.87141389982456, 78.48950799991104]]], [[[-90.43753810009632, 78.29484649995783], [-90.43753810009632, 78.29484649995783]]], [[[-99.77166960029884, 78.44277590005105], [-99.77166960029884, 78.44277590005105]]], [[[-96.92200000030846, 78.13700000002532], [-96.92200000030846, 78.13700000002532]]], [[[-94.6210000004461, 78.2369999999457], [-94.31950000021409, 78.17499999993457], [-94.63974999997562, 78.27775000004344], [-94.6210000004461, 78.2369999999457]]], [[[-103.17597500000427, 78.21988124994239], [-102.87500000037711, 78.19475000005168], [-103.17597500000427, 78.21988124994239]]], [[[-101.76899999963477, 78.20950000008555], [-101.76899999963477, 78.20950000008555]]], [[[-97.97480769970446, 78.21945079998272], [-97.97480769970446, 78.21945079998272]]], [[[-97.87863439955991, 78.24765089994499], [-97.87863439955991, 78.24765089994499]]], [[[-110.00273280031861, 78.69539949994561], [-110.3049429996311, 78.73600420005236], [-110.61083969981665, 78.75829159995291], [-110.95762760034425, 78.71592869999533], [-111.26160019992108, 78.67385710005242], [-111.55085190032455, 78.59052620007344], [-111.87570739995266, 78.55544859992725], [-112.18981120020213, 78.55673860003792], [-112.48851579957682, 78.51383400000442], [-112.79207469981247, 78.46889469991346], [-113.10135950029668, 78.43152029991637], [-112.8263347999335, 78.3093748999374], [-112.51028409983341, 78.3490691999132], [-112.20864189988518, 78.36936880005797], [-111.88295760020286, 78.36371180005018], [-111.58701209986654, 78.27567509999689], [-111.28668959963085, 78.32846210005798], [-110.93345059970564, 78.3661496000465], [-110.6112364003377, 78.30108359991013], [-110.29079490041886, 78.28318610002749], [-109.99258050001659, 78.31997980004685], [-109.67871320013032, 78.30625480001143], [-109.33031160016232, 78.33969830000272], [-109.51058180043898, 78.59673080008378], [-109.82705170026472, 78.6464933000169], [-110.00273280031861, 78.69539949994561]]], [[[-110.54406999985638, 77.79564419998523], [-110.54406999985638, 77.79564419998523]]], [[[-96.7570852996646, 77.78661269995551], [-96.7570852996646, 77.78661269995551]]], [[[-110.45962999987958, 77.79239820006845], [-110.45962999987958, 77.79239820006845]]], [[[-95.3047500001775, 77.84199999997675], [-95.3047500001775, 77.84199999997675]]], [[[-95.23975000019155, 77.81399999998273], [-95.23975000019155, 77.81399999998273]]], [[[-110.68949419991908, 77.81996189998733], [-110.68949419991908, 77.81996189998733]]], [[[-97.00099999965568, 78.10324999993199], [-97.00099999965568, 78.10324999993199]]], [[[-110.84882929994156, 78.07953229999603], [-110.84882929994156, 78.07953229999603]]], [[[-111.46024930029348, 78.08677330001065], [-111.46024930029348, 78.08677330001065]]], [[[-98.34686493249323, 78.74990000004102], [-98.0955431001651, 78.58013720002548], [-98.38883899980797, 78.5109735999878], [-98.10696660013745, 78.40725919993908], [-97.80925949993572, 78.26265500001226], [-97.49574999992541, 78.20499999996156], [-97.18375000017247, 78.1715000000231], [-96.8839999998606, 78.13449999997829], [-97.18375000017247, 78.07700000008981], [-97.49024999991968, 78.08575000005041], [-97.79699999991219, 78.03575000006076], [-97.49174999959459, 78.00000000007662], [-97.17625000000133, 77.939499999986], [-96.90399999971808, 77.78599999991782], [-96.60199999989388, 77.84400000003788], [-96.29025000038618, 77.85900000000554], [-95.98724999958094, 77.88450000006057], [-95.66949999957701, 77.93250000009094], [-95.34225000013487, 77.97000000009305], [-95.03949999957489, 77.98700000008583], [-95.24825000044538, 78.22000000003062], [-94.89000000023599, 78.33600000003132], [-95.244999999952, 78.468499999983], [-95.6492500003726, 78.52074999992067], [-95.96225000020826, 78.47899999998701], [-96.2839999996447, 78.52699999997384], [-96.54275000015889, 78.68399999997645], [-96.87600000009728, 78.6962500000241], [-97.17964570004727, 78.75798329996009], [-97.50659650031268, 78.80248389992322], [-97.90576089985633, 78.81922650005247], [-98.21035119988714, 78.8085088999121], [-98.34686493249323, 78.74990000004102]]], [[[-96.38900000024393, 77.6205000000667], [-96.38900000024393, 77.6205000000667]]], [[[-85.2857499997985, 77.76875000003648], [-85.2857499997985, 77.76875000003648]]], [[[-101.25010000028719, 77.85450454543914], [-101.56350000015594, 77.88600000003665], [-101.87050000039366, 77.89650000005062], [-102.18250000014665, 77.89799999998777], [-102.48125000037578, 77.86975000000572], [-102.18049999998122, 77.70599999998454], [-101.87575000015414, 77.68600000006444], [-101.57599999984228, 77.71500000007282], [-101.24149999957594, 77.73099999995522], [-100.92949999982298, 77.73399999997824], [-101.21324999970987, 77.84424999997546], [-101.25010000028719, 77.85450454543914]]], [[[-111.94249119986966, 78.58353239993583], [-111.94249119986966, 78.58353239993583]]], [[[-112.19304739987777, 78.6009051000116], [-112.19304739987777, 78.6009051000116]]], [[[-110.65308529999402, 78.78932929999768], [-110.65308529999402, 78.78932929999768]]], [[[-110.7077437003931, 78.79778670005314], [-110.7077437003931, 78.79778670005314]]], [[[-103.61078120020406, 78.59385150007333], [-103.61078120020406, 78.59385150007333]]], [[[-98.42265210004027, 78.79342840000463], [-98.42265210004027, 78.79342840000463]]], [[[-104.0625999997834, 78.24325000002528], [-103.74224999956445, 78.29749999996005], [-103.40575000003099, 78.3292500000143], [-103.07625000017818, 78.36800000006592], [-102.7754370997474, 78.39670909995256], [-102.49100000005927, 78.25325000009143], [-102.17886790034885, 78.28009270005127], [-101.86999999990317, 78.26525000000848], [-101.56474999958559, 78.24400000000854], [-101.2379999997356, 78.17775000003398], [-100.92924999957773, 78.1352500000254], [-100.697250000153, 77.94350000008562], [-100.38500000015479, 77.84875000007614], [-100.08100000016518, 77.82150000003797], [-99.76325000016125, 77.82200000005021], [-99.46275000001194, 77.82150000003797], [-99.15875000002232, 77.84249999997213], [-98.92424999994167, 78.05350000004225], [-99.21775000041036, 78.15350000005694], [-99.49117390024227, 78.28773129996847], [-99.79291049965214, 78.31187020000253], [-99.56716020003329, 78.52677169997636], [-99.85630819981864, 78.64370569998333], [-100.13499229978108, 78.76749800006247], [-100.43408699975443, 78.83037540000277], [-100.73362090044323, 78.80345840007844], [-101.04106029992408, 78.80652819993999], [-101.28981230015937, 78.98233620001443], [-101.59549280011056, 79.0612494999935], [-101.90362530013878, 79.08758439997409], [-102.21142040013281, 79.03866030003034], [-102.4908268003809, 78.90584810003499], [-102.71375429962796, 79.12463669995756], [-102.99274110040011, 79.2443829999201], [-103.30881929972769, 79.30186400008203], [-103.6313477001376, 79.33744549999763], [-103.93002290034798, 79.37815149999378], [-104.27880070038394, 79.38937559992634], [-104.60614600029797, 79.35674080003828], [-104.96007770012191, 79.32631509999212], [-105.26415989955329, 79.32400670006263], [-105.55494890037718, 79.2359182000608], [-105.34724250022, 79.00953349995324], [-105.00411150017858, 79.03863970006782], [-104.70072720009479, 79.03451880001569], [-104.95168300038566, 78.85732679992135], [-104.64589749995417, 78.84652560003576], [-104.35855990011373, 78.9606921000194], [-104.05075169998793, 78.95389829995636], [-103.762606600047, 78.79191499999743], [-103.45093220005867, 78.79075939993487], [-103.76933579989029, 78.67429740006773], [-103.45523449965226, 78.61855310005677], [-103.74872730012396, 78.52527700005288], [-104.0795097995551, 78.52154520006887], [-104.37925530020568, 78.57429130007937], [-104.70645199990709, 78.58280549991859], [-105.01088269985465, 78.51010340004565], [-104.74100000019521, 78.36025000008345], [-104.42999999962666, 78.26499999995144], [-104.11375000019595, 78.26099999992582], [-104.0625999997834, 78.24325000002528]]], [[[-95.62490000037992, 79.39026550345558], [-95.30349219977793, 79.40802589993994], [-95.00513649977138, 79.27260659999966], [-94.68618040010743, 79.33211460004183], [-94.37940540000059, 79.3678871999402], [-94.07643700013043, 79.38887099995421], [-93.76936349973614, 79.2822501000505], [-93.47606299982068, 79.35169739997505], [-93.16956790038334, 79.36206370004051], [-92.8607873997266, 79.41305869996012], [-92.54396699973489, 79.45515499994059], [-92.10935550038975, 79.34248640003901], [-91.7920678003805, 79.33737320007339], [-91.48918879994909, 79.37034839992828], [-91.14149550002304, 79.39421000004452], [-91.46713450036053, 79.3299166999594], [-91.80265380011515, 79.31913110000437], [-92.19522019966105, 79.31749590000523], [-92.51109649993357, 79.30774550000794], [-92.177100800393, 79.20606349995103], [-91.85017459959332, 79.21329499997525], [-91.54508080013397, 79.23208489997933], [-91.23914729956448, 79.24039649991855], [-90.92929509979065, 79.24797079993711], [-90.61664400022144, 79.24358359996098], [-90.92789560003646, 79.20978459999445], [-91.23578849961547, 79.1912711999198], [-91.53752340031113, 79.18050539995517], [-91.88264330003601, 79.16278439993714], [-92.2277631997609, 79.1524645999459], [-92.58715810010497, 79.1619949000802], [-92.89868959969115, 79.14023679992599], [-93.28635470031708, 79.16830880008233], [-93.58136809973143, 79.08304299998821], [-93.88697879968674, 79.03917030002631], [-94.21345780027337, 78.99648620005388], [-93.93777660032079, 78.85131799993663], [-93.58905640026084, 78.83564500003278], [-93.29003560019436, 78.79980770000483], [-93.60553129955235, 78.78748079991803], [-93.35806999961561, 78.60819420007913], [-93.0387088998957, 78.59442670008099], [-92.72857229979111, 78.62702720001795], [-92.36881389976061, 78.58637229993319], [-92.0564507003585, 78.57446919998904], [-92.37072240022611, 78.51736649995834], [-92.67831430040455, 78.48883659993328], [-92.41016540044748, 78.3043887999794], [-92.11847799989782, 78.22429269999415], [-91.79816260008865, 78.22526639997857], [-91.45303620015437, 78.17563680002559], [-91.13653790009091, 78.15991810004479], [-90.78600399967574, 78.14077999997428], [-90.4523288998769, 78.13594169998657], [-90.70921859993048, 78.30963610004791], [-90.40317280006899, 78.3217170000422], [-90.09258809963944, 78.31469319995253], [-89.8095604997512, 78.2111534999579], [-89.50610819989537, 78.14306839996259], [-89.73110379969118, 78.35520319992673], [-90.01413139957943, 78.46592530005057], [-89.70724820009156, 78.46974239997898], [-89.42113100019213, 78.3564090999337], [-89.15441259995137, 78.21535340001975], [-88.82273840042987, 78.15114410001875], [-88.58108140030976, 78.35933460000591], [-88.788906399644, 78.57576950000818], [-88.46104580003187, 78.55452470006131], [-88.17800000027599, 78.45300000006375], [-87.88524999964476, 78.54175000003546], [-88.18374999962865, 78.6602499999517], [-88.20000000029887, 78.9620000000059], [-87.87675000028922, 79.01775000007495], [-87.88950000022082, 78.7030000000384], [-87.58796819962775, 78.64714269998923], [-87.32227990021822, 78.79181699996575], [-87.02374749979865, 78.87052400002429], [-86.73068720040702, 78.95458619996317], [-86.43623919973416, 79.0674495000526], [-86.09442080001958, 79.10213870004384], [-85.77790990018593, 79.13579090007741], [-85.45437290012111, 79.17270839992385], [-85.1246905000448, 79.23637840003866], [-85.3779704997922, 79.45730879996947], [-85.64239680007653, 79.61294130005484], [-85.92931979956556, 79.488888499957], [-86.21852230013921, 79.62753779994965], [-86.58048860013629, 79.6627699999389], [-86.88085569992921, 79.5972291000513], [-87.18786880029874, 79.57111120006333], [-86.99474949974496, 79.84837930004299], [-87.34251780001408, 79.85183009999021], [-87.01719040009581, 79.93982339998232], [-87.28242659988074, 80.0816788000336], [-87.61750669981822, 80.08376690005048], [-87.9580979999564, 80.06933060003075], [-88.2501908003123, 80.1548833999782], [-87.94376890009586, 80.14300290001145], [-87.6208134001757, 80.1622309000304], [-87.799375799791, 80.41453129994348], [-88.13577769970215, 80.43589739993179], [-88.44969569960476, 80.42278720000806], [-88.2523953001555, 80.19625969992818], [-88.56873729964772, 80.11030570000474], [-88.87075029989072, 80.16072410004905], [-89.17055880029051, 80.26434080006541], [-89.33368990042933, 80.53618319996268], [-89.65664540034949, 80.53273909997283], [-89.96113840025863, 80.52868170002027], [-90.2728648001255, 80.54651940007142], [-90.5828690002353, 80.55811009997424], [-90.90320660011007, 80.72446320000618], [-91.19771059996111, 80.82496439993393], [-91.47843660020877, 80.95124099998624], [-91.83666369966662, 81.0626931999379], [-92.15872359990976, 81.24175830003966], [-92.54278430028968, 81.28439990005064], [-92.93201180026509, 81.32839360003926], [-93.23512700012404, 81.36622250000171], [-93.53824219998299, 81.38120489997208], [-93.84652409972442, 81.35276799997732], [-94.15136159995174, 81.35017820000746], [-93.80174580021479, 81.20207139995023], [-93.46935239959537, 81.21865119994392], [-93.16279269961099, 81.20470509995435], [-93.45055739986, 81.07513629994192], [-93.80960270015, 81.10285879997332], [-94.11893409984124, 81.09123260000246], [-94.4006466002895, 80.96772390004188], [-94.71108269960814, 81.04629660005195], [-95.03919490026335, 81.02736329998999], [-95.36730710002027, 80.92356440005166], [-95.07824849967366, 80.79490049995064], [-94.70821160041676, 80.72907439996851], [-94.35943559970633, 80.60836209998108], [-94.04874339968336, 80.59228960005287], [-94.44201039981094, 80.55616589997645], [-94.76966999958161, 80.56333980006241], [-95.10110019960395, 80.59154989994107], [-95.45930120030786, 80.5914266999423], [-95.79374780022214, 80.57699229993923], [-95.49772279988149, 80.38455579997036], [-95.82076649998952, 80.37512450001063], [-96.15826660021698, 80.38037560001263], [-96.4779741999049, 80.34612319996148], [-96.16813959992412, 80.23312629996717], [-95.85365549969576, 80.19638570002907], [-95.54846419979042, 80.24332609999257], [-95.24596279990048, 80.23967859993547], [-95.54308420033362, 80.19609429994792], [-95.24938639982251, 80.11758429998594], [-94.94541769983233, 80.1401389000044], [-94.61332639994801, 80.19051290006239], [-94.25017799968204, 80.19076289995728], [-94.59180650003714, 80.1356153000352], [-94.94688499993258, 80.04390759999345], [-95.32299419969304, 80.03688669995398], [-95.64090189984341, 80.04175109996459], [-95.97372679992137, 80.07257489996961], [-96.29090089987811, 80.13741660004777], [-96.6078304002611, 80.1444092999533], [-96.3104644002542, 80.0490645000205], [-96.63790939969003, 80.0207538000661], [-96.33051709977782, 79.9421353000487], [-96.63326300042684, 79.9010957999566], [-96.33997219962151, 79.8314510999352], [-96.01084469967597, 79.70809110002034], [-95.71544420003603, 79.63681770004044], [-95.38046629963176, 79.64143100007433], [-95.07340329964484, 79.65909669993336], [-94.75276000038394, 79.66676819994937], [-94.45549749977249, 79.7479208999593], [-94.75566949985874, 79.60556880006256], [-95.08022349972472, 79.58139419999684], [-95.39131159986982, 79.55462340003805], [-95.69443019985212, 79.5398655000639], [-95.62490000037992, 79.39026550345558]]], [[[-79.33504399962311, 80.8896465999675], [-79.33504399962311, 80.8896465999675]]], [[[-94.38697849967964, 80.99245419994632], [-94.38697849967964, 80.99245419994632]]], [[[-85.05082839969376, 81.02206969996035], [-85.05082839969376, 81.02206969996035]]], [[[-84.17428549957212, 81.06388740004725], [-84.17428549957212, 81.06388740004725]]], [[[-93.60017340044817, 81.33712419994683], [-93.60017340044817, 81.33712419994683]]], [[[-86.77478379988857, 81.06386280005997], [-86.77478379988857, 81.06386280005997]]], [[[-91.44669040037604, 81.53338729999571], [-91.44669040037604, 81.53338729999571]]], [[[-66.4711521995851, 81.55776270006167], [-66.78146020004253, 81.58334329993787], [-66.4711521995851, 81.55776270006167]]], [[[-91.49407729967291, 81.58387749997968], [-91.79334360032341, 81.60543010000744], [-91.48750799995022, 81.58216800002658], [-91.49407729967291, 81.58387749997968]]], [[[-90.57146120011916, 81.63733780005064], [-90.57146120011916, 81.63733780005064]]], [[[-65.16040930038369, 81.7094895999578], [-64.79713030034678, 81.7001560999615], [-65.14137449987481, 81.71261040000574], [-65.16040930038369, 81.7094895999578]]], [[[-91.60283499981801, 81.49506570005583], [-91.60283499981801, 81.49506570005583]]], [[[-91.78677429970239, 81.49247439996638], [-91.78677429970239, 81.49247439996638]]], [[[-89.21625530019138, 81.87186779995767], [-89.21625530019138, 81.87186779995767]]], [[[-89.07677240021268, 81.92986929998006], [-89.07677240021268, 81.92986929998006]]], [[[-90.58267370020432, 81.9088028000329], [-90.58267370020432, 81.9088028000329]]], [[[-89.19426900037489, 81.96446430003897], [-89.19426900037489, 81.96446430003897]]], [[[-84.30727209962305, 82.36409610000433], [-84.30727209962305, 82.36409610000433]]], [[[-81.81531659997786, 82.4953909000244], [-81.81531659997786, 82.4953909000244]]], [[[-90.53761089975265, 81.95570960003946], [-90.53761089975265, 81.95570960003946]]], [[[-62.70336770011321, 82.52886049996336], [-62.70336770011321, 82.52886049996336]]], [[[-80.75029140039115, 82.5293631000489], [-80.75029140039115, 82.5293631000489]]], [[[-68.15103580008841, 82.66714530001613], [-68.15103580008841, 82.66714530001613]]], [[[-67.92565930023905, 82.69743869999458], [-67.92565930023905, 82.69743869999458]]], [[[-75.92709099968968, 82.59305299994722], [-75.92709099968968, 82.59305299994722]]], [[[-89.20339159959595, 81.94246979996097], [-89.20339159959595, 81.94246979996097]]], [[[-89.13865960029692, 81.94771129995291], [-89.13865960029692, 81.94771129995291]]], [[[-67.11619400033631, 82.7499999999824], [-67.11619400033631, 82.7499999999824]]], [[[-64.49303450042198, 82.86104849998655], [-64.49303450042198, 82.86104849998655]]], [[[-67.2224600002587, 82.7499999999824], [-67.2224600002587, 82.7499999999824]]], [[[-73.50012820032045, 82.87500000003682], [-73.50012820032045, 82.87500000003682]]], [[[-78.42976880044758, 82.94532829996399], [-78.09812259961686, 82.93931709994513], [-78.41338919983131, 82.95362610003147], [-78.42976880044758, 82.94532829996399]]], [[[-71.22237120023793, 82.9377319000517], [-71.22237120023793, 82.9377319000517]]], [[[-69.37367079985455, 83.02584170001082], [-69.37367079985455, 83.02584170001082]]], [[[-71.19802569990651, 82.9445407000363], [-71.19802569990651, 82.9445407000363]]], [[[-67.65508810030487, 82.9699816000464], [-67.65508810030487, 82.9699816000464]]], [[[-67.67525120008197, 82.71490740002815], [-67.67525120008197, 82.71490740002815]]], [[[-81.4723589999391, 76.15975710009697], [-81.4723589999391, 76.15975710009697]]], [[[-81.56742860028119, 76.16588099996643], [-81.56742860028119, 76.16588099996643]]], [[[-100.06260000044003, 75.91996516732077], [-100.35279370030155, 76.0627510999954], [-100.69990770005705, 76.0888924999275], [-101.00296920042494, 76.24217610009082], [-101.28454980034172, 76.39859450009642], [-101.5811256000039, 76.44544209992534], [-101.88447570032649, 76.44905070003813], [-102.16340539968759, 76.30091380001053], [-101.86375000006001, 76.22550000001678], [-101.55975000007037, 76.22674999991096], [-101.85874999964646, 76.12774999994214], [-101.58025000041837, 75.98225000010123], [-101.2702499999325, 76.01374999990139], [-101.57725000017025, 75.9339999999504], [-101.30374999955903, 75.78000000001877], [-100.99824999989451, 75.80874999994134], [-101.30874999997256, 75.75299999991583], [-101.61149999963422, 75.84724999995707], [-101.91549999962385, 75.90124999992864], [-102.21699999985587, 75.86624999991936], [-102.49584330015126, 75.72159640002964], [-102.82925000041118, 75.63874999995775], [-102.54075000035603, 75.50550000007404], [-102.19139480008637, 75.5566507999312], [-101.8089834002799, 75.56842550001333], [-101.50138900009001, 75.598593900036], [-101.18459790044791, 75.59163749998692], [-100.82047140012753, 75.61422750003554], [-100.51124740031672, 75.64764369990229], [-100.18324999986322, 75.66424999995263], [-99.88274999971394, 75.67950000009239], [-99.56424999987254, 75.69675000010179], [-99.26374999972323, 75.69750000005538], [-98.9470425997094, 75.71431960005185], [-99.24749999995132, 75.68700000009514], [-99.57899999996955, 75.66949999988987], [-99.90600000006478, 75.56474999991345], [-100.22899999982916, 75.52649999993788], [-99.90824999957712, 75.51374999999094], [-100.22925000007442, 75.48299999991731], [-100.53175000038914, 75.44125000002786], [-100.21999999998313, 75.31375000000543], [-99.92949999976256, 75.23074999996638], [-100.23174999983203, 75.22399999999733], [-100.53700000014962, 75.19875000000643], [-100.2845000003769, 75.00974999997742], [-99.96224999955164, 74.98675000004842], [-99.63824999970454, 74.97574999992877], [-99.3552499996551, 75.07675000008565], [-99.06275000016743, 74.99849999993347], [-98.74975000033177, 74.9977500000211], [-98.44074999992863, 75.00875000002281], [-98.12924999976786, 75.02725000007054], [-97.80375000024587, 75.11525000004957], [-98.0249999999044, 75.31825000009862], [-97.73229739977745, 75.46339510002488], [-97.42475000034155, 75.4252499999735], [-97.53525000004818, 75.70425000008869], [-97.90124999977566, 75.73749999993953], [-97.60099999987159, 75.82574999989357], [-97.51649999962035, 76.11674999999411], [-97.75024999986354, 76.30899999997366], [-98.00274999963625, 76.52950000008785], [-98.31725000004512, 76.56400000000626], [-98.5999999998493, 76.6857500000675], [-98.90649999959653, 76.61449999997143], [-99.14625000033597, 76.40224999991642], [-99.42100000037682, 76.546999999989], [-99.77600000009285, 76.6317499999469], [-100.13125000005412, 76.6372499999213], [-100.4630000003176, 76.61599999991832], [-100.75474999996783, 76.53474999993705], [-100.50111690033003, 76.37218170000696], [-100.14549510024906, 76.38056989991942], [-99.85299460039978, 76.28969109990085], [-100.18682800041967, 76.32034660000701], [-100.50356150008575, 76.26058749995005], [-100.16170690006184, 76.19089059995116], [-99.83643050019721, 76.16934739990441], [-99.5308905003497, 76.15799560004565], [-99.84407990008155, 76.15012229999782], [-100.16994460033756, 76.14096339996915], [-99.90738829962399, 75.98756960002443], [-99.60651289980565, 75.9683958000253], [-99.90381629981364, 75.89023739991313], [-100.06260000044003, 75.91996516732077]]], [[[-89.14438000016096, 76.27504000009021], [-89.14438000016096, 76.27504000009021]]], [[[-100.38954030029811, 76.20589780003334], [-100.38954030029811, 76.20589780003334]]], [[[-114.05224999975623, 76.33174999995998], [-114.05224999975623, 76.33174999995998]]], [[[-100.9484820997674, 76.31882609992078], [-100.9484820997674, 76.31882609992078]]], [[[-95.26774999981235, 76.33099999997606], [-95.26774999981235, 76.33099999997606]]], [[[-100.49236089998315, 76.15944190003903], [-100.49236089998315, 76.15944190003903]]], [[[-100.29738289976657, 76.17735929999257], [-100.29738289976657, 76.17735929999257]]], [[[-95.09549999971482, 76.08450000009525], [-95.09549999971482, 76.08450000009525]]], [[[-104.0625999997834, 76.05875000003205], [-103.73224999963571, 76.04475000001933], [-103.41574999995974, 76.04925000003674], [-103.10996590000178, 76.06261669999695], [-102.76410689969877, 76.10709399997513], [-103.00064310025415, 76.32169059997739], [-103.31975000010486, 76.29400000007148], [-103.63650000002609, 76.26650000006785], [-103.95299999970204, 76.24325000004721], [-104.25500000042459, 76.22700000005194], [-104.0625999997834, 76.05875000003205]]], [[[-84.06296000022166, 76.52467999991602], [-84.06296000022166, 76.52467999991602]]], [[[-96.76049999997711, 76.82749999994105], [-96.76049999997711, 76.82749999994105]]], [[[-97.20575000019537, 76.83624999994673], [-97.20575000019537, 76.83624999994673]]], [[[-101.24990000027067, 76.81640942475491], [-101.24990000027067, 76.81640942475491]]], [[[-108.95525000041484, 76.83324999993197], [-108.95525000041484, 76.83324999993197]]], [[[-100.0233079998314, 76.71521460005346], [-100.0233079998314, 76.71521460005346]]], [[[-114.04421730041824, 76.70065550006515], [-113.73967329955717, 76.70957910002433], [-113.44131180002715, 76.7927914999616], [-113.75891080041833, 76.89248949995266], [-114.07778540042814, 76.89333499998816], [-114.3852785002984, 76.87516739999239], [-114.69316410016741, 76.85170890003704], [-114.41392820016023, 76.72929370000924], [-114.10165209961143, 76.7199284000831], [-114.04421730041824, 76.70065550006515]]], [[[-97.23525000038939, 76.52600000007288], [-97.23525000038939, 76.52600000007288]]], [[[-99.13942350037101, 76.52794119993888], [-99.13942350037101, 76.52794119993888]]], [[[-95.9967499999175, 76.53474999993705], [-95.9967499999175, 76.53474999993705]]], [[[-98.126499999765, 76.57074999998505], [-97.8014999998352, 76.54500000000111], [-98.1225000003325, 76.57550000002095], [-98.126499999765, 76.57074999998505]]], [[[-87.48722999987417, 76.56617989994108], [-87.48722999987417, 76.56617989994108]]], [[[-96.13800000014612, 76.5677500000149], [-96.13800000014612, 76.5677500000149]]], [[[-96.4065000003438, 76.58549999994236], [-96.4065000003438, 76.58549999994236]]], [[[-97.17049999975036, 76.59624999994028], [-97.17049999975036, 76.59624999994028]]], [[[-102.10422739992264, 76.34485499995169], [-102.10422739992264, 76.34485499995169]]], [[[-100.70973640024425, 76.34966739992004], [-100.70973640024425, 76.34966739992004]]], [[[-100.6414127001824, 76.35065200010351], [-100.6414127001824, 76.35065200010351]]], [[[-110.49325000005501, 76.40850000000754], [-110.49325000005501, 76.40850000000754]]], [[[-118.7195158998927, 76.48996430007409], [-118.7195158998927, 76.48996430007409]]], [[[-110.48425000020899, 76.44275000000742], [-110.48425000020899, 76.44275000000742]]], [[[-83.99943990010611, 76.49413990001031], [-83.99943990010611, 76.49413990001031]]], [[[-88.48524999986067, 76.44124999999795], [-88.48524999986067, 76.44124999999795]]], [[[-89.59625000011823, 76.46325000002261], [-89.59625000011823, 76.46325000002261]]], [[[-88.75824999998137, 76.49725000009889], [-88.75824999998137, 76.49725000009889]]], [[[-104.0625999997834, 76.3225000000128], [-103.6802499998266, 76.31200000004816], [-103.36599999966299, 76.3350000000854], [-103.06239189959751, 76.40216459993535], [-103.38200250009939, 76.49815619989681], [-103.6691263997169, 76.59110579999862], [-103.97308050028708, 76.59791399997309], [-104.26342649962355, 76.67974880005809], [-104.60213250008505, 76.61899109999682], [-104.40200000000587, 76.3955000000648], [-104.08474999959412, 76.36049999999591], [-104.0625999997834, 76.3225000000128]]], [[[-97.14924999956492, 76.5040000000361], [-97.14924999956492, 76.5040000000361]]], [[[-91.350750000147, 76.49125000000329], [-91.350750000147, 76.49125000000329]]], [[[-84.15309030021227, 76.60429749999935], [-84.15309030021227, 76.60429749999935]]], [[[-90.00009999960743, 76.47283454539149], [-89.67325000019835, 76.50800000002579], [-89.8215000001076, 76.79500000001117], [-90.18250000031985, 76.82725000004028], [-90.49575000040078, 76.79675000004286], [-90.27549999992662, 76.57850000003332], [-90.00009999960743, 76.47283454539149]]], [[[-96.53375000031286, 76.62175000001993], [-96.53375000031286, 76.62175000001993]]], [[[-101.83313389971933, 76.60192649997815], [-101.83313389971933, 76.60192649997815]]], [[[-99.37600000024834, 76.63274999989628], [-99.37600000024834, 76.63274999989628]]], [[[-98.10765279982681, 76.6301584999627], [-98.10765279982681, 76.6301584999627]]], [[[-98.09752470013854, 76.6181656000277], [-98.09752470013854, 76.6181656000277]]], [[[-96.72924999986294, 76.66274999991076], [-96.72924999986294, 76.66274999991076]]], [[[-99.03900000022438, 76.66349999993368], [-99.03900000022438, 76.66349999993368]]], [[[-99.74126829971901, 76.67064590007794], [-99.74126829971901, 76.67064590007794]]], [[[-120.93740000033738, 75.95449166660761], [-120.72399999975603, 76.17149999990049], [-120.46024999972661, 76.0162500000269], [-120.19900000035311, 75.86125000001277], [-119.88650000010966, 75.85775000009383], [-119.61949999958688, 76.00025000001978], [-119.64349999977519, 76.30899999997366], [-119.32574999977125, 76.23349999995628], [-119.05600000014392, 76.08974999998212], [-118.82374999957563, 76.28449999993603], [-118.57250000013087, 76.50350000002324], [-118.34350000005597, 76.71950000009628], [-118.0442500002346, 76.76274999998205], [-117.74699999968034, 76.80625000006334], [-117.95100000038258, 76.57000000002803], [-117.77349999962625, 76.32449999997156], [-117.4737500002127, 76.2677499999146], [-117.13425000043114, 76.29224999995714], [-116.98200000019108, 76.55400000007772], [-116.65125000001028, 76.57425000003626], [-116.30250000013743, 76.58775000007418], [-116.00950000015925, 76.65725000000283], [-116.23675000031403, 76.86650000001838], [-115.90535240015335, 76.90349709996812], [-116.23403359999774, 77.04325080008377], [-115.97402950014292, 77.21181010003278], [-115.59984259986908, 77.26918459993027], [-115.85253680013486, 77.43494879996615], [-116.15048949973527, 77.52265830004744], [-116.48453740037701, 77.55876889999516], [-116.79634360028552, 77.53845119994953], [-117.10076759969935, 77.4779229000019], [-116.80326349988718, 77.40928340007238], [-117.11291779990563, 77.36634949999097], [-117.42745739984888, 77.31796020007106], [-117.73189260035596, 77.370230600065], [-118.03929859957624, 77.37932790000754], [-118.35484689978571, 77.36608280005477], [-118.67043569964146, 77.36444449994111], [-118.98716179988455, 77.32748549998938], [-119.29254659959702, 77.27055890007658], [-119.5954025995639, 77.1492484999432], [-119.89016260040628, 77.05981810007859], [-120.20768239993212, 76.91895190008441], [-120.49236829971632, 76.791336700018], [-120.79251489993793, 76.73090979997447], [-121.08804250041081, 76.67007100009468], [-121.38832070022825, 76.57413680004527], [-121.66973980012494, 76.43717619999728], [-121.98302179999291, 76.44965009997757], [-122.28995230027206, 76.41215420006768], [-122.5927629999958, 76.35274289990211], [-122.8655329002497, 76.19892119994854], [-122.55894570013953, 76.1645220999759], [-122.36550000032054, 75.93049999993825], [-122.08649999970359, 76.04550000010157], [-121.77825000003622, 76.02924999995136], [-121.4732499999639, 75.99124999996884], [-121.15699999963486, 75.98024999990162], [-120.93740000033738, 75.95449166660761]]], [[[-101.24990000027067, 76.65625000005001], [-101.56900000016167, 76.62050000003454], [-101.23925000006358, 76.57324999998312], [-100.93350000015378, 76.61399999990347], [-100.62425000040372, 76.6680000000141], [-100.2742500002029, 76.73350000006585], [-100.59424999971918, 76.7600000000369], [-100.89574999995119, 76.74224999993257], [-101.21624999995798, 76.65625000005001], [-101.24990000027067, 76.65625000005001]]], [[[-99.50749999989516, 76.69750000007481], [-99.80499999979635, 76.73650000001871], [-99.47349999977811, 76.71025000008864], [-99.50749999989516, 76.69750000007481]]], [[[-119.38596320010332, 77.25937980009522], [-119.38596320010332, 77.25937980009522]]], [[[-118.95761419976024, 77.3298498000095], [-118.95761419976024, 77.3298498000095]]], [[[-118.19879039992027, 77.40179440005491], [-118.19879039992027, 77.40179440005491]]], [[[-117.31393989981405, 77.45115289995503], [-117.31393989981405, 77.45115289995503]]], [[[-117.14991570000966, 77.52013529998312], [-117.14991570000966, 77.52013529998312]]], [[[-116.29441090007435, 77.53980039995857], [-116.29441090007435, 77.53980039995857]]], [[[-118.04612619997746, 77.40931669998098], [-118.04612619997746, 77.40931669998098]]], [[[-113.84014689964552, 77.10641169992266], [-113.84014689964552, 77.10641169992266]]], [[[-117.04915340025363, 77.30915099996321], [-117.04915340025363, 77.30915099996321]]], [[[-117.12065620037674, 77.32770220007576], [-117.12065620037674, 77.32770220007576]]], [[[-113.48248220035275, 77.10395959998226], [-113.48248220035275, 77.10395959998226]]], [[[-108.72775000001481, 76.85325000006728], [-108.72775000001481, 76.85325000006728]]], [[[-97.18575000033789, 76.87750000003462], [-97.18575000033789, 76.87750000003462]]], [[[-109.30775000037326, 76.93075000006839], [-109.30775000037326, 76.93075000006839]]], [[[-78.75009999982596, 76.92760244344905], [-78.75009999982596, 76.92760244344905]]], [[[-78.86973389955993, 76.89926939992026], [-78.86973389955993, 76.89926939992026]]], [[[-96.98074999955296, 76.9022500000041], [-96.98074999955296, 76.9022500000041]]], [[[-96.59775000021612, 77.00250000007807], [-96.59775000021612, 77.00250000007807]]], [[[-96.50374999962831, 77.03350000009429], [-96.50374999962831, 77.03350000009429]]], [[[-96.75350000029647, 77.0220000000892], [-96.75350000029647, 77.0220000000892]]], [[[-103.65846979958744, 77.04059190007159], [-103.65846979958744, 77.04059190007159]]], [[[-94.37925000043958, 76.95475000003206], [-94.37925000043958, 76.95475000003206]]], [[[-97.01800000016334, 76.96274999995856], [-97.01800000016334, 76.96274999995856]]], [[[-97.38625000030149, 76.99475000001809], [-97.38625000030149, 76.99475000001809]]], [[[-103.8170488999247, 77.06889079995786], [-103.8170488999247, 77.06889079995786]]], [[[-95.7329999998881, 77.1592499999552], [-95.7329999998881, 77.1592499999552]]], [[[-86.96895360021706, 77.26642080004424], [-86.96895360021706, 77.26642080004424]]], [[[-87.02093899970785, 77.27080849999254], [-87.02093899970785, 77.27080849999254]]], [[[-91.28624999975322, 77.21800000004198], [-90.95849999982056, 77.13675000003009], [-91.24450000011812, 77.23575000005103], [-91.28624999975322, 77.21800000004198]]], [[[-95.62490000037992, 77.24600000002316], [-95.3169999996186, 77.16425000001097], [-95.62490000037992, 77.24600000002316]]], [[[-95.94974999962359, 77.21999999994034], [-95.94974999962359, 77.21999999994034]]], [[[-104.06239999976687, 77.10679972309283], [-104.36476619961329, 77.14363749997376], [-104.06239999976687, 77.10679972309283]]], [[[-104.48386960015455, 77.12142970006357], [-104.48386960015455, 77.12142970006357]]], [[[-104.449109300117, 77.12455999992925], [-104.449109300117, 77.12455999992925]]], [[[-84.73750000004475, 77.37625000009373], [-84.73750000004475, 77.37625000009373]]], [[[-93.68200000004082, 77.44199999994535], [-93.68200000004082, 77.44199999994535]]], [[[-85.5009999998591, 77.47325000009396], [-85.5009999998591, 77.47325000009396]]], [[[-85.02674999993735, 77.57499999991597], [-85.33049999968172, 77.58624999998526], [-85.00700000032514, 77.46174999997355], [-85.02674999993735, 77.57499999991597]]], [[[-90.00009999960743, 77.21474999995745], [-89.69924999965374, 77.30899999996349], [-89.99550000012529, 77.54449999990385], [-90.31824999964445, 77.59350000007964], [-90.62475000028998, 77.63649999995768], [-90.94412100034262, 77.63466339996941], [-91.22399999977014, 77.52450000001578], [-90.99224999969236, 77.32724999991923], [-90.68325000018753, 77.27274999995508], [-90.37699999978723, 77.25924999999881], [-90.07124999987745, 77.20900000003176], [-90.00009999960743, 77.21474999995745]]], [[[-105.59811800010765, 77.73483589997345], [-105.92395039964097, 77.76780710009012], [-105.73814830018286, 77.53119070000405], [-105.52230830011834, 77.30346809990262], [-105.13092040039368, 77.156551999985], [-104.80682369960118, 77.11068180004841], [-104.50639299998447, 77.1349831000227], [-104.71273509997354, 77.38144440000156], [-105.0195667999445, 77.40831339993838], [-105.28060909984116, 77.65035379992403], [-105.59811800010765, 77.73483589997345]]], [[[-95.62490000037992, 77.77599999994884], [-95.93925000010266, 77.75624999995955], [-96.24199999976432, 77.69449999996618], [-96.01150000001451, 77.48850000006138], [-95.68349999983658, 77.47175000007627], [-95.34875000022329, 77.46974999995821], [-95.02874999980868, 77.47150000000082], [-94.7092499998846, 77.4792499999094], [-94.40899999998054, 77.47974999995064], [-94.09949999998521, 77.45325000009043], [-93.7985000002437, 77.43925000003844], [-93.48674999983768, 77.46675000000705], [-93.23024999973414, 77.6424999999798], [-93.5059999998577, 77.76975000005397], [-93.80875000041769, 77.76225000006619], [-94.11425000008221, 77.75350000003043], [-94.46374999979253, 77.77049999997196], [-94.76574999961674, 77.78674999992819], [-95.07150000042482, 77.76174999992091], [-95.38000000033746, 77.7399999999439], [-95.62490000037992, 77.77599999994884]]], [[[-110.00276200005692, 77.92143370004179], [-109.69524910041952, 77.96045859990672], [-109.96856440022177, 78.11587910002018], [-110.27292569992372, 78.11736029996082], [-110.57548860027465, 78.11152699992168], [-110.88074910010127, 78.07414509996718], [-111.18376160006535, 78.09707030007704], [-111.50610580002794, 78.07507409992732], [-111.85227739967675, 78.04586979995538], [-112.18541140016252, 78.01892839992836], [-112.51764619962528, 77.99707039997404], [-112.81398619961021, 77.94257409991253], [-113.1234265002667, 77.92100860004489], [-113.0726739998758, 77.62357999992254], [-112.79463999990472, 77.45966249994859], [-112.49963929997351, 77.40054339990334], [-112.19429890039225, 77.34331850006815], [-111.89276359996283, 77.34179739992824], [-111.59227949999406, 77.3823121999675], [-111.28622289968791, 77.43314929991905], [-110.97713740033096, 77.41478440003618], [-110.6726629003268, 77.45062570001262], [-110.36643609981704, 77.48693619995628], [-110.06678059957812, 77.56255010002003], [-110.2655887996722, 77.79086509994116], [-110.57520179964547, 77.77091730004412], [-110.88652070034324, 77.82814710001338], [-110.50654110019802, 77.88654509994113], [-110.182428299799, 77.90094500000666], [-110.00276200005692, 77.92143370004179]]], [[[-84.37489999970016, 76.4466997780457], [-84.10762260031593, 76.63175860009407], [-83.8337400000387, 76.47690010009114], [-83.52488000027596, 76.42255989991247], [-83.20196879987571, 76.41435210000468], [-83.40985100033399, 76.63898220010338], [-83.10981969977743, 76.5688917999538], [-82.83628140039238, 76.39827080007387], [-82.5172166000875, 76.39445400005586], [-82.21427429986959, 76.41104719998035], [-82.4320159004399, 76.63140660005587], [-82.71482959978087, 76.79404850004411], [-82.42888739978365, 76.68987189999837], [-82.1291800002775, 76.62402639996128], [-81.81946139974934, 76.684829200013], [-82.08195200037797, 76.53351220003557], [-81.7431984996992, 76.46896600005485], [-81.40090890038043, 76.48418059999813], [-81.0939799002878, 76.4927727999445], [-80.7856364003724, 76.4263753000156], [-81.03740309998878, 76.26158099990218], [-80.66184570027306, 76.17149490002583], [-80.34604750042965, 76.21473080005755], [-80.02526310009212, 76.23689210008675], [-79.71943749976465, 76.28229250006324], [-79.36792409971986, 76.342550100033], [-79.0379072999824, 76.46039719991201], [-78.75551049978161, 76.56898529990114], [-78.4467454995551, 76.44969909997897], [-78.12549579974817, 76.58544910001379], [-77.81822200019835, 76.64668119996831], [-77.90019030004393, 76.93736549990106], [-78.30925949965575, 77.00842790009214], [-78.59971050037083, 76.89222489992682], [-78.94603730015466, 76.84144169992214], [-79.25674439963495, 76.92492489996165], [-79.00440210000869, 77.0899108999731], [-79.27734369975444, 77.22247520001089], [-79.59629059977156, 77.24531040003853], [-79.9003475996626, 77.21564100004886], [-80.29314210032378, 77.0864113999581], [-80.57078860031898, 77.24489840001183], [-80.87426269959182, 77.27598619991733], [-81.22401120025917, 77.25558580005936], [-81.52919859967955, 77.20292879993247], [-81.86144460023559, 77.17654080005916], [-82.163937200229, 77.29595769991397], [-81.83837630032062, 77.2851180000924], [-81.52073479973504, 77.30184509993214], [-81.17384450024818, 77.32214570009776], [-81.4809564997406, 77.37454790009147], [-81.78865340039935, 77.43997379997708], [-81.47494640038396, 77.49877000004807], [-81.15717909972598, 77.41327189991046], [-80.86275010021801, 77.35409389995061], [-80.54496480001666, 77.30889340006114], [-80.22112839955248, 77.29049540007993], [-79.90884190010595, 77.29396880005912], [-79.57374800024908, 77.31247779994361], [-79.24918060021402, 77.28972340008356], [-78.95101539964158, 77.33408659998345], [-78.59653689979575, 77.33634620007383], [-78.2923090996265, 77.42496150007355], [-77.95806980033707, 77.49435029995576], [-77.9835238998825, 77.81176270003674], [-78.3347333001537, 77.86734919994444], [-78.02718779975629, 77.96353059993099], [-77.65699420017786, 77.95125190008369], [-77.33046439986194, 77.93459659995253], [-77.01342679981092, 77.91473929994937], [-76.63374099996754, 77.93023069991354], [-76.28565179991939, 77.99466850002958], [-75.93310410031769, 77.97754130006432], [-75.63725629985336, 78.03886710001767], [-75.94166300040978, 78.13468900007194], [-76.26778580012162, 78.14561080007354], [-76.57533540042998, 78.16148469994597], [-76.91817510018096, 78.197231699931], [-76.610588899813, 78.24436980007937], [-76.29947729974006, 78.23754450007003], [-75.85880940007192, 78.23053549998728], [-75.50692709966917, 78.20862839999496], [-75.20701000013804, 78.30537000001914], [-75.49112229956216, 78.4337177999513], [-75.80291260018846, 78.44682899992152], [-76.14159090019984, 78.50022519992626], [-76.46017179962077, 78.50274769995985], [-76.0991631001233, 78.53830070001392], [-75.79130459973146, 78.50161929993989], [-75.46769450015871, 78.51379500006408], [-75.13922009967925, 78.53843010008116], [-74.82938639981036, 78.56291439990957], [-74.90375780001173, 78.85421339994065], [-75.22658360027286, 78.88061310001481], [-75.52694100005733, 78.88307679996643], [-75.86642680016922, 78.87779490004334], [-76.1890678996214, 78.88702030004134], [-75.86014860041264, 78.92657400002636], [-76.20121360016644, 79.00207740007309], [-76.51666180020545, 79.0158996000195], [-76.82091519966538, 79.01868099999251], [-77.13509620023201, 78.99501699991647], [-77.45132120044669, 78.98419829997671], [-77.77630590027057, 78.94714600004613], [-78.06187190019986, 78.83089450002524], [-77.72579159985537, 78.99384640007045], [-78.09253089958692, 79.0499515000335], [-78.43561889997066, 79.06674439997272], [-78.75271979980818, 79.06391970008177], [-78.30247149968724, 79.08522599998668], [-77.91324910034602, 79.07117400006183], [-77.48986390010715, 79.02579820001999], [-77.15933140002295, 79.06214690007562], [-76.78762830018718, 79.082018899982], [-76.48337489982895, 79.08915080001078], [-76.18287690022778, 79.07546500008122], [-76.50121419989983, 79.13892420004196], [-76.83420170043411, 79.15079800000042], [-77.15198139963964, 79.15807109999972], [-77.46590640011325, 79.17021190002748], [-77.79351659972983, 79.17621289999893], [-78.11452630023557, 79.16740869996586], [-78.45599780023184, 79.14874370002548], [-78.13476809961806, 79.18348229992452], [-77.82387940031322, 79.20999959996647], [-77.50110969984158, 79.19874890005738], [-77.10727329987621, 79.19264480006873], [-76.79352439974103, 79.189632800023], [-76.47009450041762, 79.19738819997687], [-76.16580649964959, 79.19930559996827], [-75.84109319973766, 79.15661780007494], [-75.52734440021378, 79.06114260001917], [-75.21537119990069, 79.0406178999472], [-74.87560360008082, 79.02450700003205], [-74.56414989998814, 79.01297789998223], [-74.8227500004275, 79.23835000005042], [-75.16942339989235, 79.23932309992358], [-75.53225220024149, 79.24267969998876], [-75.87404070043017, 79.23224220004069], [-76.2077246001255, 79.27211159991894], [-76.51402070026954, 79.26909400001249], [-76.8734155997153, 79.27778050002576], [-77.18082949961851, 79.26586730003815], [-77.56537650028253, 79.2396538999579], [-78.04550120009142, 79.35110339997907], [-77.73585150034558, 79.34945069995882], [-77.4130667998053, 79.3460411999507], [-77.10687299980582, 79.46607480004624], [-76.7092017996904, 79.35290069996485], [-76.3652706998698, 79.34813840000281], [-76.02568059996355, 79.33916750000454], [-76.3261474001766, 79.46837460000047], [-76.62896170034799, 79.48095270004012], [-76.9904608997535, 79.49080479996205], [-76.63756880044494, 79.52101760000242], [-76.28937149983041, 79.5072044999726], [-75.99438190038117, 79.43155560006673], [-75.69078519993668, 79.40813749993663], [-75.33945809970201, 79.38567710003343], [-75.0116049004112, 79.37255339996183], [-74.66229269979924, 79.44527620003237], [-74.33132960036846, 79.44539789994158], [-74.01498729994061, 79.4377259999768], [-73.70595540036172, 79.49398049994856], [-73.37299850003929, 79.5007643999753], [-73.53316339994088, 79.75891229997737], [-73.94653510036893, 79.78758460003839], [-74.27882740009471, 79.78946970000015], [-74.6177655000728, 79.78876279994532], [-74.99123389993464, 79.79960129992291], [-74.65865180010495, 79.85391020005952], [-74.28931530020708, 79.89614469995216], [-73.95852610024224, 79.88513010001607], [-73.65552670040992, 79.83035349994898], [-73.35073439981444, 79.82829570005278], [-73.02084159992556, 79.82338690000415], [-72.72770320010481, 79.68931710007017], [-72.40318909981049, 79.69124240006882], [-72.0598495998933, 79.68113089997773], [-71.71202779955912, 79.71111570007697], [-71.40454619992116, 79.73478579992563], [-71.10513270042988, 79.78323679996818], [-71.40633909978601, 79.88339820000563], [-71.03162400000656, 79.96838780007766], [-70.67304479958487, 79.98913489997591], [-71.02086659991906, 80.10425919995714], [-71.41351070014377, 80.06984480004196], [-71.74429999982162, 80.07030849995286], [-72.04819579972987, 80.05685080005394], [-72.35289059987934, 80.20679110005159], [-72.02739429961969, 80.19148120006065], [-71.73330550019467, 80.11702590006338], [-71.42494059971422, 80.11629080001107], [-71.09516139987784, 80.16956869998403], [-70.782513700432, 80.185642599975], [-70.42132699976096, 80.19439920005024], [-70.11438970013344, 80.18929210002698], [-70.38420900029337, 80.32962079994213], [-70.6269036003807, 80.50971509994899], [-70.9809521997692, 80.54847510002998], [-71.3001566997789, 80.56023469998888], [-71.64545709979045, 80.5783618999772], [-71.99410999986593, 80.61259939996984], [-71.68903869961119, 80.69155609994114], [-71.32697619992862, 80.58467089996773], [-70.9799996001908, 80.57671539996922], [-70.6497851001239, 80.54840589995025], [-70.32459929984726, 80.48156020004284], [-69.98935609999016, 80.3391494999842], [-69.65746549990999, 80.35994320004586], [-69.33227959992033, 80.40726539996035], [-69.00835900036456, 80.56019490003989], [-68.71045139978466, 80.64712250001172], [-68.38009509975188, 80.72009059993982], [-68.0633490003156, 80.77831749998974], [-67.70525119986819, 80.85403110001779], [-67.41203950021519, 80.9320383000651], [-67.10928249998253, 80.95657570002643], [-66.77800319985992, 81.00854039997246], [-66.48591890026155, 81.09500769999428], [-66.192153799766, 81.17501940000936], [-65.87390130015844, 81.21785860005008], [-65.47324539990082, 81.2549207000239], [-64.99248579959519, 81.32998579999506], [-64.66569550042327, 81.38649219994524], [-64.93221370032319, 81.53261099997123], [-65.32277199959478, 81.5093786000062], [-65.87842709969642, 81.47078169994917], [-66.44648439989942, 81.42274530000525], [-66.80272189988624, 81.38939619994937], [-67.12161219975224, 81.37086930005378], [-67.51954270037108, 81.34176459999274], [-67.82983889966061, 81.31264689997329], [-68.18167249969686, 81.27613170000971], [-68.53607720024716, 81.25649160000548], [-68.83779600043798, 81.22867410004311], [-69.21662080011579, 81.21025119993963], [-69.54515899984507, 81.15990499993283], [-69.91225020021614, 81.09812640006693], [-69.60885520029902, 81.17894680001851], [-69.980975099562, 81.16042019994775], [-69.4781103999385, 81.2161404000558], [-69.13113380020066, 81.25700119996996], [-68.82103389986868, 81.27863160004107], [-68.42209460016895, 81.31540820001837], [-67.99968830038337, 81.36512720004234], [-67.66779759969188, 81.39853390000086], [-67.34428800003984, 81.43081340003602], [-66.97384429960485, 81.47167739996775], [-66.61010549958469, 81.5103685000325], [-66.93529139957435, 81.55110210001463], [-67.28059179958589, 81.55922560002504], [-67.58901539958025, 81.55159470000963], [-68.03488880006296, 81.52915480004869], [-68.36677949985614, 81.51605820001163], [-68.77912849977425, 81.53359820005802], [-68.45729509984852, 81.52841399996117], [-68.81432900035215, 81.64247119999052], [-69.24008780020164, 81.71017230002533], [-68.93166409959596, 81.68766600002371], [-68.62659289995253, 81.63223219993573], [-68.31984539997148, 81.57667690003416], [-68.00806929991322, 81.57102760001139], [-67.66947380031651, 81.59580759998093], [-67.26215339957729, 81.60290929994596], [-66.91531130009535, 81.61238360004833], [-66.52385890043496, 81.62607249996881], [-66.20708990024717, 81.6167482000288], [-65.8088744998343, 81.62979250000308], [-65.31037469980329, 81.67484530002616], [-65.66869030038464, 81.67206669995937], [-66.03579879961313, 81.6753948000308], [-65.70793930043722, 81.69721000006237], [-65.33316680010773, 81.7246687000572], [-64.98380879978934, 81.74547739996362], [-64.63641319975183, 81.72351069998112], [-64.33043529994941, 81.73066500005893], [-64.00434399966299, 81.78289030003316], [-63.495292699695824, 81.84543919994093], [-63.16867109964267, 81.88693579994123], [-62.57868939983447, 81.95635210001188], [-62.18469110009871, 82.02865850005469], [-61.86271060014689, 82.1017927000134], [-61.53887550044325, 82.1658185999876], [-61.191290099860915, 82.22092870005558], [-61.420816899866225, 82.44721099998414], [-61.882218500196785, 82.48544839997312], [-62.19743220042079, 82.49101139996951], [-62.52992730021187, 82.52319619994448], [-62.83190889984411, 82.47914729995388], [-63.16059960027095, 82.4449526999701], [-63.395064099829874, 82.65162360001175], [-63.70813560017227, 82.70606559994302], [-64.01367749995659, 82.83531319997765], [-64.32227109983025, 82.78716519999205], [-64.63665389973896, 82.80275090003362], [-64.98484019958448, 82.89962760003587], [-65.32218469992665, 82.8009940999896], [-65.66749310033411, 82.84958480005443], [-66.06943199963337, 82.81027679999733], [-66.39821750017045, 82.78107279997606], [-66.73823559969887, 82.72940980004044], [-67.04058090024019, 82.7088472000317], [-67.35591279989096, 82.66425670004874], [-67.69254939994146, 82.65631900002236], [-68.00677800043839, 82.65180359994318], [-68.32128179982259, 82.65047099998604], [-68.64504889975417, 82.62732139997051], [-68.34689289972685, 82.68543480000316], [-68.04277290008665, 82.6904609000126], [-67.73200059998473, 82.72375930002265], [-67.42695260023183, 82.75284489998121], [-67.07141919976472, 82.79250710004267], [-66.73252279958211, 82.83330430004266], [-66.39409329966675, 82.88917940002442], [-66.7454750004027, 82.93615629997149], [-67.06622559983104, 82.96150950004453], [-67.37270840043384, 82.94341359999815], [-67.73374249979597, 82.95806089998518], [-68.0512886001967, 82.94541820000565], [-68.3913623997643, 83.00362169996771], [-68.7068716996157, 82.97266360001252], [-69.0424715998109, 83.03351199994812], [-69.3988993998058, 83.00589469996575], [-69.71574900043413, 82.98551789999055], [-70.00380659997481, 83.10926170004898], [-70.31086179989013, 83.10875180000122], [-70.6276849999306, 83.10643520004153], [-70.92744470025089, 83.08828570002665], [-71.23642800007461, 83.05447339997839], [-70.94455450003913, 82.93395059996047], [-71.258577699848, 82.91540209998624], [-71.63501579978343, 82.98229859998098], [-71.96651979999965, 83.10389150000579], [-72.3481067997002, 83.094785400001], [-72.6732816001062, 83.09302379995151], [-73.0152767002338, 83.08567279997041], [-73.616816100233, 83.05121019996808], [-73.2812153996389, 82.99530970005361], [-73.61919330029126, 82.94349930000571], [-73.31983600030246, 82.85777200003717], [-72.96919270035704, 82.78387149996195], [-72.62196360036248, 82.75192520004892], [-72.93989680009051, 82.73448540001122], [-73.255701299819, 82.76913169997829], [-73.60504159973304, 82.82744150002894], [-73.94040570025096, 82.92969700000965], [-74.40708920041604, 83.02526169996978], [-74.05448970036181, 83.06203239995291], [-74.35203049994658, 83.14263109998701], [-74.80624619963837, 83.14374910004089], [-75.40472219988993, 83.1367561000158], [-75.87527349981707, 83.14039940003701], [-76.22006670023941, 83.13331820003857], [-76.99290240032148, 83.09745990001743], [-77.30964979961998, 83.06559250000174], [-77.00372710039345, 82.92012309999586], [-76.6877205003873, 82.88668009998396], [-76.3603844998331, 82.78431250001061], [-76.0302103996995, 82.7889796000116], [-75.7531973997275, 82.64576890003251], [-75.42234770002489, 82.61982790002833], [-75.75979180017588, 82.56217109994915], [-76.18735900032044, 82.50000000003834], [-76.4726415997439, 82.65904799997516], [-76.79519829978021, 82.75859720001483], [-77.09763419990949, 82.85925049999447], [-77.47611649981728, 82.89021709999683], [-77.81659570008945, 82.92947389996374], [-78.16998870000046, 82.87567209995149], [-78.50499170023204, 82.83486750000145], [-78.82566439955558, 82.90810749997455], [-79.18872709964513, 82.94093289998753], [-79.53529620021392, 82.95463520002959], [-79.85906119988438, 82.94665830000133], [-80.16996480044317, 82.91792330000601], [-79.84505079982877, 82.83132180004199], [-79.51386289969308, 82.83684029999482], [-79.9537877003818, 82.80907920003253], [-79.6587593000005, 82.73078499999359], [-79.28835510028517, 82.69772060002181], [-78.97265030007848, 82.6862104000317], [-78.66466920031161, 82.6810964999647], [-78.99339499971325, 82.67487529999987], [-79.31581280044367, 82.6715505000454], [-79.64631090044237, 82.7009431999479], [-79.95771479973236, 82.6916783000147], [-80.28810850022369, 82.76752310000407], [-80.63043630039992, 82.80630310003822], [-80.95839070029737, 82.81496229995975], [-81.26865420001226, 82.82224230005325], [-80.92896070042356, 82.64585600002015], [-80.5567098995557, 82.59719890003502], [-80.26498790039288, 82.4731530999794], [-80.61599460031178, 82.46742180000273], [-80.94836200009364, 82.54983129994223], [-81.31268140014653, 82.61746699994859], [-81.64337570028813, 82.64209959999425], [-81.95328570036229, 82.66322299999459], [-82.26532660041013, 82.65932300000514], [-81.98584530043028, 82.54339690005294], [-81.67298750031084, 82.51603910005426], [-81.97862659960553, 82.50174389995048], [-82.31489060003574, 82.50070940001264], [-82.63325799955803, 82.40577389999457], [-82.32920140031563, 82.3147317999602], [-82.00435399989806, 82.27132380003086], [-81.61144969995634, 82.20850999996414], [-81.27657430002095, 82.16871809995789], [-80.97380629991764, 82.15803630001375], [-80.6815897997505, 82.07050089998974], [-80.36644260001033, 82.03829239996638], [-79.9839483000762, 82.02774689997395], [-79.68005549964268, 81.94723480005885], [-80.00531299985204, 81.95482799995987], [-80.31788680028936, 81.98555109996232], [-80.6664668999959, 82.00454640002755], [-80.99689059972613, 82.04820829999476], [-81.34164750012617, 82.09479830006097], [-81.67543809991433, 82.12847550000129], [-82.06617130027342, 82.17971320003714], [-82.37839470025776, 82.24325360004285], [-82.70500559957924, 82.2823380000503], [-82.40819300041491, 82.09116000000301], [-82.06681129960769, 82.08645949996072], [-81.7248501001023, 82.028036499946], [-82.05720289956582, 82.06242670002678], [-82.42982449983016, 82.07077840000765], [-82.77909300009848, 82.07912880002031], [-83.08877059972045, 82.05419779994526], [-83.32401869970171, 82.2533669000197], [-83.66013210026948, 82.3488267000322], [-83.9664276003389, 82.36509659998217], [-84.2779453997187, 82.36045400003837], [-84.58262790013534, 82.39690769997243], [-84.891019099694, 82.42427260003834], [-85.2099837998285, 82.47018139997803], [-85.5156225999842, 82.46749900003566], [-85.75274860021915, 82.23601689996488], [-86.12959950028215, 82.22834809997443], [-86.46111670034314, 82.22366609998811], [-86.8234840999112, 82.21776659994002], [-86.46959729968178, 82.11012899995588], [-86.1099887000131, 82.09538510003996], [-85.7599528004386, 82.06341100000283], [-85.455371199693, 82.04253909994517], [-85.12614569983818, 82.032260300062], [-84.80095229981421, 82.01609520002894], [-84.50916530035408, 81.88169839997103], [-84.80377040020045, 81.98544069999019], [-85.11975959983955, 81.97126620002165], [-85.52497659983258, 82.00038829996868], [-85.83745740038347, 81.97689839994858], [-86.14510080007884, 82.01971829995492], [-86.53760290001334, 82.0495478000574], [-86.84065450004849, 82.05131120001386], [-87.13176450036444, 81.96662819995798], [-86.78989650017142, 81.92789120002291], [-87.19480719980538, 81.94333149999406], [-87.49685509959717, 82.07490880005705], [-87.80346210037284, 82.07608739996179], [-88.1115278995929, 82.07705710000572], [-88.47521409965992, 82.06770229996441], [-88.79477279999624, 82.02995850002542], [-89.1101740998926, 81.90561549994308], [-89.44621690006556, 81.83238459995114], [-89.74714309961323, 81.89841430005322], [-90.0585184998508, 81.88743769999476], [-90.38136099979306, 81.88369300003463], [-90.6784837998014, 81.83523349998315], [-90.98037210040823, 81.82771450005689], [-91.31596810011845, 81.77039510000911], [-91.66268830001297, 81.72845559994819], [-91.38531949981481, 81.59017820001492], [-91.07656430020806, 81.55283960000627], [-90.73496279961714, 81.62650269995642], [-90.41963830028766, 81.67039399997432], [-90.10358390002693, 81.68940590002717], [-89.71249389961675, 81.6268981000245], [-90.06145300033829, 81.5653155000509], [-90.37631039997453, 81.51238930002332], [-90.73414530036922, 81.45656619999822], [-90.41019159969187, 81.3948087999745], [-90.10936370009081, 81.397385100043], [-89.76709789983886, 81.42671679995516], [-89.46411729994882, 81.47312219997956], [-89.14230130039014, 81.50434450005342], [-88.76828650025672, 81.54311160005783], [-88.46641159981897, 81.55634829995314], [-87.90161340004317, 81.54293259998303], [-88.3592947003881, 81.52339729998083], [-88.72933490005535, 81.50939049994635], [-89.07987550010594, 81.43657889994786], [-89.5066314002764, 81.36157049993976], [-89.89194950040726, 81.33850340004295], [-89.4980209997691, 81.27652889995669], [-89.12508039966252, 81.24979879997481], [-89.43398069964556, 81.21222360005613], [-89.7541822002632, 81.24766989996009], [-90.06738769960158, 81.22462950006674], [-89.84514279959622, 81.01607900003123], [-89.51609430019171, 81.01028869998436], [-89.17335920027239, 81.02088660001947], [-88.82606190018149, 81.04630630000459], [-88.51469189971705, 81.05420210002339], [-88.20332199986395, 81.06634279999759], [-87.84518950019205, 81.0575712000492], [-87.50530569969692, 81.06519140002861], [-87.20020880015151, 81.08085459997287], [-86.8591845003683, 81.10469520001075], [-86.48736540018156, 81.11720819999226], [-86.15204389957105, 81.17216330005581], [-85.85264970038365, 81.22530229999374], [-85.52531200021696, 81.25422430003445], [-85.17060109991893, 81.28719920004009], [-84.86858369972765, 81.29514309993385], [-85.18656879962123, 81.22765089993278], [-85.49451719981343, 81.1858056000215], [-85.88458509978827, 81.108574400044], [-86.18454950011066, 81.06341990003341], [-86.50789530005547, 81.01714759995878], [-86.83181130023699, 81.00217620003589], [-87.1631408997273, 80.9800301999379], [-87.52355450038333, 80.97761590003508], [-87.83036229977783, 80.99851870001359], [-88.18963540024745, 81.0032463999753], [-88.53351100035317, 80.98619719997741], [-88.8916435000251, 80.96499749995509], [-89.22183260022732, 80.93647449997249], [-88.80439150012117, 80.7870384000244], [-88.49131070041896, 80.7431091999289], [-88.18564340031256, 80.68449070001452], [-87.83375850018537, 80.65496030004283], [-87.53118839983746, 80.62568379999877], [-87.20223140013285, 80.62663890001686], [-86.91842540016945, 80.74432230005704], [-86.57480890024283, 80.82143299996719], [-86.25992489969438, 80.93077809998182], [-85.96321859997427, 80.99873700003147], [-85.66574270007551, 81.04593759994358], [-85.35944580043088, 81.04990949996078], [-85.01428160028776, 81.06668030004941], [-84.71262560042013, 81.08036239994645], [-84.32105279956221, 81.09474209995773], [-83.9016349000795, 81.10389720000519], [-83.57080389970785, 81.12446220005216], [-83.24946979958672, 81.13910649993382], [-82.92067260028969, 81.15595649999172], [-82.57434819990598, 81.16647459997387], [-82.94329680007763, 81.12146299999984], [-83.29520710006948, 81.10489910006763], [-83.6083319998656, 81.08265759998581], [-83.93296070003734, 81.06019209999138], [-84.26652270014527, 81.04846540004341], [-84.62502929962399, 81.03473480000007], [-84.93828750042513, 81.0382598000219], [-85.27474999978705, 81.00548789999212], [-85.59729000014221, 80.96613230001867], [-85.90184659987514, 80.89774340005661], [-86.21800529993027, 80.78806920002312], [-86.5243021995749, 80.69586149997181], [-86.23893220036253, 80.54567969996253], [-85.91658710028803, 80.5330913000307], [-85.59309890030269, 80.61676299993617], [-85.30961810035363, 80.51380090004173], [-84.95412409999487, 80.51144579992912], [-84.6043453000513, 80.51596720001709], [-84.17626650036928, 80.52208649993878], [-83.85906520032404, 80.53666290005495], [-83.6464545996885, 80.75036509993767], [-83.34182699981046, 80.7956369000079], [-83.02176809955763, 80.70551890006523], [-82.71256830036057, 80.73142149997655], [-82.33135520014251, 80.78218830006318], [-82.02958530018506, 80.82548329994371], [-82.3114598998297, 80.71497630006857], [-82.64253160018845, 80.69306270002247], [-82.9827549000806, 80.64628230003659], [-82.58116219981376, 80.55184449996304], [-82.24847550015238, 80.56553189994085], [-81.93193860037948, 80.58254749997535], [-81.59333020007698, 80.60173060005914], [-81.20627230039601, 80.63358719998409], [-80.88650549993422, 80.66664640002048], [-80.54735880036738, 80.70350409994433], [-80.17645069967658, 80.74653889995857], [-79.84914729988236, 80.78368749993237], [-79.5492985001606, 80.83750470002401], [-79.25321809981807, 80.92732910006588], [-79.42925139965044, 81.17278070004743], [-79.1272492995651, 81.13461620006177], [-78.73588480005526, 81.11543110004797], [-78.36443849981313, 81.24329599999461], [-77.92354779998821, 81.33168900000045], [-77.59732099962096, 81.36286970001613], [-77.2684024999128, 81.40504860001256], [-76.87273139967577, 81.44902429994738], [-77.19195999968791, 81.35769409993645], [-77.51226520002534, 81.33087769995238], [-77.84495189968672, 81.27413880004839], [-78.14749229993471, 81.18978200005701], [-78.4882538999895, 81.07301180002248], [-78.79725420042996, 81.01518739998261], [-78.49417550001931, 80.87420579999396], [-77.93108440021896, 80.9071035999317], [-77.62262239994115, 80.90582739997674], [-77.30500880012995, 80.8949298000508], [-76.93948409991764, 80.88461630005561], [-76.6164872999523, 80.8956965000173], [-76.93571580025143, 80.83939039999068], [-77.24956110039638, 80.8363045000439], [-77.59570600031833, 80.8299582000251], [-77.9224710999499, 80.8178538000041], [-78.22985649990243, 80.80005480003375], [-78.64275410006623, 80.76858670006351], [-78.97382580042499, 80.73796509996274], [-79.28282619968012, 80.71141449995267], [-79.59290310044588, 80.6677812999832], [-79.8970584999965, 80.62210310003847], [-79.58967319975697, 80.59724629993934], [-79.23922160029316, 80.61007810001449], [-78.8801568002733, 80.61499520004065], [-78.56954149963191, 80.61139539994866], [-78.15233719992624, 80.59926889996636], [-78.50763370027988, 80.56773769995061], [-78.86346859961085, 80.55917639999792], [-79.1735456000896, 80.55917639999792], [-79.50623229975099, 80.544241699932], [-79.82922909971634, 80.53326889993109], [-80.15330259971999, 80.52999230001132], [-80.45691970000628, 80.462172500044], [-80.77937819980897, 80.4579791999301], [-81.10075999957338, 80.43662739999678], [-81.43560010020967, 80.42051529999837], [-81.73814049955936, 80.40150439997376], [-82.06221399956301, 80.39602729996054], [-82.46865159982136, 80.36643380005398], [-82.91923220024063, 80.34551100000681], [-82.65275980004715, 80.16602509993903], [-82.3577560997429, 80.0756965000744], [-82.04767910016247, 80.01296789995645], [-81.72655349991709, 79.96494270007442], [-81.42652489969626, 79.95181959992584], [-81.24015899959952, 79.70655000002976], [-80.94064239956478, 79.65427090007775], [-80.62013410002307, 79.65059230004063], [-80.29399380023118, 79.68328600006207], [-79.94583769994885, 79.69840429996025], [-80.27300200011291, 79.63374639993394], [-80.62218200015606, 79.60025050003328], [-81.0461132000179, 79.60209879994238], [-81.37215950009848, 79.6353298000133], [-81.68369150004627, 79.59229429996671], [-81.96867740030441, 79.71952519998334], [-82.28491869955162, 79.90089199994323], [-82.58402269978309, 79.96107660003942], [-82.9255670998613, 80.04381900002431], [-83.24488079997525, 80.11380689993081], [-83.555979999704, 80.20929409995739], [-83.99134350033303, 80.26782659999054], [-84.30563860041548, 80.2731558999291], [-84.84488080025159, 80.2729782999404], [-85.16343120007197, 80.2662070000476], [-85.5860317003506, 80.29730980001534], [-85.94665750014474, 80.32788439995754], [-86.26757359979113, 80.31764579993941], [-86.55559140037145, 80.22265059998067], [-86.33292930029026, 80.00848199997111], [-85.97723330026514, 79.99475370004623], [-85.66302200042229, 79.9662514999899], [-85.36367489990525, 79.92958019993455], [-85.66364629990035, 79.93840049997291], [-85.97090709992968, 79.9571223999896], [-86.30134880010158, 79.97497079997716], [-85.95686099992636, 79.72634379999317], [-85.65063670032634, 79.70830930006473], [-85.248691899994, 79.66488829997523], [-84.95475299974551, 79.52476330005116], [-84.65836870024066, 79.45364420001664], [-84.40803209969197, 79.28348959999632], [-84.06312389964187, 79.19241470003551], [-83.73930680037988, 79.09586180006579], [-83.37953519960627, 79.06183190007337], [-83.69916210003898, 79.02840510006203], [-84.00967800029755, 79.05953830000395], [-84.31224550002271, 79.12957130001621], [-84.63935440018489, 79.1147085999264], [-84.31672410027903, 78.97342300003098], [-83.93952240001275, 78.95919949991747], [-83.62074709977445, 78.93670909996848], [-83.27930240011638, 78.940699699987], [-82.97571800030306, 78.93845800003578], [-82.66722579956371, 78.91489240000939], [-82.36270670000232, 78.90068430007717], [-82.06403010021671, 78.93968540002207], [-81.76137389994207, 79.02334019995699], [-82.08315229961622, 78.86321899992484], [-82.4418864998486, 78.83515630000105], [-82.74537689995057, 78.84948489992279], [-83.06091210002825, 78.86082030003811], [-82.65474940041652, 78.7303738999148], [-82.27283969981475, 78.74438560003404], [-82.57482999963051, 78.70776279995451], [-82.26271380010061, 78.60683959998575], [-82.59854530034909, 78.60835430004714], [-82.92745430037311, 78.69389269998666], [-83.22324750033617, 78.74508580008208], [-83.52625380012816, 78.78754410001679], [-83.84833540007533, 78.8453761999998], [-84.15741630005803, 78.85474299995653], [-84.47320720019142, 78.8510134000784], [-84.7824978001991, 78.87187509995513], [-85.12093499957476, 78.91731270006962], [-85.46747030013266, 78.8758321999314], [-85.87645800009034, 78.83471359992245], [-86.17692969971492, 78.81741459998409], [-86.53457819968817, 78.7996238000746], [-86.85225000044831, 78.74199999999763], [-87.1262499997534, 78.55024999995005], [-87.42499999998255, 78.46750000001539], [-87.24999999988214, 78.22200000004298], [-86.93625000020903, 78.11500000001145], [-86.59774999961188, 78.1442499999287], [-86.26850000000428, 78.19325000000204], [-85.98925000004044, 78.30575000000074], [-86.23249999972185, 78.12325000003118], [-85.89975000027398, 78.07049999998245], [-85.59774999955144, 78.10150000000978], [-85.24199999999796, 78.1870000000068], [-84.96599999962913, 78.33024999991224], [-84.74125000013031, 78.5372499999749], [-84.87575000002525, 78.26499999995144], [-84.51924999973599, 78.218000000043], [-84.2049999995724, 78.18550000006394], [-84.51350000038335, 78.19175000006862], [-84.82149999980548, 78.16725000000935], [-84.48649999994693, 78.09149999996548], [-84.82049999972277, 78.03325000006623], [-85.17499999984659, 78.03925000004546], [-85.47100000007289, 77.98325000000695], [-85.1352500003769, 77.90699999996717], [-84.83200000022472, 77.90800000006132], [-84.52099999965615, 77.92099999998364], [-84.85500000033032, 77.8409999999412], [-85.16075000024009, 77.88475000000753], [-84.98174999980888, 77.61299999995931], [-84.64800000027827, 77.65425000000603], [-84.31399999960414, 77.51774999991338], [-84.00050000017627, 77.50250000006433], [-83.69249999985584, 77.52450000001578], [-83.39325000003448, 77.60975000007107], [-83.13225000000794, 77.77950000003011], [-82.80424999983, 77.90575000006264], [-82.52849999970644, 78.08275000000569], [-82.71475000006355, 77.81949999997], [-82.97999999976787, 77.6772499999745], [-83.26824999957778, 77.55699999996179], [-83.56175000004646, 77.4752500000719], [-83.89124999989929, 77.38049999992356], [-84.21249999974353, 77.39300000008191], [-84.53425000007827, 77.40500000000822], [-84.83049999965151, 77.34450000008626], [-85.13174999963826, 77.39425000001448], [-85.44149999987887, 77.38174999990956], [-85.74025000010802, 77.42449999999974], [-85.92599999997462, 77.6762500000098], [-86.26299999999858, 77.80725000007669], [-86.58874999976582, 77.85275000000553], [-87.0507500002465, 77.8840000000009], [-87.40150000028476, 77.8862500000244], [-87.70350000010896, 77.85750000000705], [-88.00650000001589, 77.82650000000726], [-87.84175000008948, 77.57549999990367], [-87.63955230012155, 77.35367529997774], [-87.33475000037866, 77.33274999997532], [-86.98624999985273, 77.37125000005996], [-86.74500000033673, 77.19025000002591], [-87.12069380024519, 77.18023589998677], [-87.41942549999537, 77.1455369999395], [-87.72321559963571, 77.13816619996624], [-88.03225590025914, 77.11932669994408], [-88.33973140033633, 77.12343149990991], [-88.6482499998669, 77.04624999995738], [-88.96100000035564, 76.98900000003987], [-89.2520000001684, 76.91425000001185], [-89.43124999994657, 76.65775000005063], [-89.2255000002225, 76.43449999991022], [-88.89649999996186, 76.40575000010213], [-88.65449999971008, 76.59399999990009], [-88.47524999993192, 76.83800000000068], [-88.39708999993553, 76.53738010005172], [-88.11337000018588, 76.37299999991234], [-87.80252000030346, 76.41390999999078], [-87.50299000009962, 76.36680000002208], [-87.2052001003815, 76.44651999993586], [-86.90277409968664, 76.37030449990542], [-86.59899999993983, 76.44436999999186], [-86.29291989970586, 76.51827989991865], [-86.58137000014361, 76.6122700000612], [-86.2496599003501, 76.54855000004125], [-86.00611999995344, 76.36494009993825], [-85.69932990006498, 76.34425009997373], [-85.36391990012761, 76.29883999994135], [-84.9913401002701, 76.28755009992126], [-84.6699599004052, 76.30174000008431], [-84.97014040035069, 76.42155980004551], [-85.21789000020482, 76.64022989995188], [-84.91965499963646, 76.59957760004562], [-84.65875460031704, 76.44824989996243], [-84.37489999970016, 76.4466997780457]]], [[[-124.54600999969493, 74.23079009988868], [-124.54600999969493, 74.23079009988868]]], [[[-125.03776999976232, 74.29941510007116], [-125.03776999976232, 74.29941510007116]]], [[[-124.68681670019548, 74.26101710003176], [-124.68681670019548, 74.26101710003176]]], [[[-98.85101680023956, 74.31183689988619], [-98.50578180027566, 74.31026999991995], [-98.82539869976428, 74.3167016998989], [-98.85101680023956, 74.31183689988619]]], [[[-124.18073990000045, 74.39778009997126], [-124.18073990000045, 74.39778009997126]]], [[[-120.32565169988507, 74.29891849993882], [-120.32565169988507, 74.29891849993882]]], [[[-124.9076782000532, 74.31086899988134], [-124.9076782000532, 74.31086899988134]]], [[[-121.87080009999251, 74.50236999999076], [-121.87080009999251, 74.50236999999076]]], [[[-97.78140320021765, 74.48760000006219], [-97.45130390010281, 74.51164949991514], [-97.75612990009785, 74.51483359988232], [-97.78140320021765, 74.48760000006219]]], [[[-95.62490000037992, 74.65383883529849], [-95.34541000021655, 74.49939009993426], [-95.6137533000927, 74.65352539988632], [-95.62490000037992, 74.65383883529849]]], [[[-110.00213350005657, 74.84324990003348], [-109.69649999996106, 74.87175000008112], [-109.39175000013398, 74.9047500000901], [-109.04349999985332, 74.99150000010006], [-108.73625000026864, 75.06974999997678], [-108.44549999980282, 74.93249999999509], [-108.12100000036351, 74.93175000008318], [-107.82250000037963, 75.01550000005263], [-107.4984999996342, 74.95774999990267], [-107.1989999995676, 74.91300000001691], [-106.89249999982037, 74.93350000010388], [-106.5729999998963, 75.00374999991425], [-106.2284999997012, 75.02100000003601], [-105.93600000021353, 75.14049999991846], [-105.6887500002013, 75.32150000001988], [-105.46874999997239, 75.55499999993113], [-105.42349999959866, 75.85275000008163], [-105.70374999964524, 75.968250000043], [-106.03850000015684, 76.0269999999452], [-106.33900000030616, 76.0627499999864], [-106.64550000005339, 76.0637500000692], [-106.87625000004847, 75.85325000004441], [-106.57724999957406, 75.80750000005771], [-106.875500000211, 75.73874999997011], [-107.13249999990676, 75.90875000004411], [-107.4444999996597, 75.91675000004444], [-107.7469999999744, 75.87175000002928], [-108.01874999976717, 76.06950000000366], [-108.34450000043272, 76.05325000009861], [-108.09124999992426, 76.2154999999853], [-108.33549999968838, 76.40349999998764], [-108.62474999958098, 76.51900000003066], [-108.39424999983116, 76.71449999990908], [-108.70675000007463, 76.77250000006924], [-109.01450000014981, 76.82150000004441], [-109.322250000225, 76.79425000003505], [-109.58074999959564, 76.62175000001993], [-109.8609999996422, 76.50350000002324], [-110.16175000003679, 76.44949999997795], [-109.95274999981935, 76.22200000001575], [-109.63199999956728, 76.19899999994657], [-109.33724999966896, 76.13050000000588], [-109.60525000027445, 75.96274999999586], [-109.91074999993897, 75.93225000008283], [-109.61275000044559, 75.84350000001568], [-109.31824999989418, 75.77049999997267], [-109.00000000029807, 75.7155000001059], [-109.24175000030459, 75.52199999993725], [-109.5682499999093, 75.53250000004348], [-109.86900000030386, 75.53299999991167], [-110.19850000015667, 75.54449999994482], [-110.51925000040872, 75.5707500000986], [-110.8240000002358, 75.55325000010866], [-111.12875000006288, 75.53074999991625], [-111.3925000000923, 75.6774999999728], [-111.67049999972821, 75.8255000000148], [-111.97950000013135, 75.81374999999406], [-111.68475000023302, 75.91950000010722], [-111.98400000005437, 75.99124999996884], [-112.30650000022656, 76.03474999998505], [-112.56275000008483, 76.1994999999957], [-112.86824999974938, 76.26025000010665], [-113.2032499996079, 76.2682499999856], [-113.51600000009662, 76.23874999995256], [-113.83925000010628, 76.20574999995489], [-114.12525000040382, 76.30874999999311], [-114.3774999999313, 76.49149999990408], [-114.67975000000075, 76.49375000001648], [-114.98424999958257, 76.48674999996089], [-115.29324999998573, 76.46175000003748], [-115.60249999973581, 76.43274999995697], [-115.89775000012466, 76.30575000000358], [-115.51649999980967, 76.23874999995256], [-115.16700000009936, 76.2272500000184], [-114.83375000016099, 76.17775000001774], [-115.17075000018492, 76.1867500000167], [-115.47575000025725, 76.20149999990376], [-115.78700000017277, 76.19049999992949], [-116.1087499996092, 76.2012499999315], [-116.40724999959309, 76.16899999999096], [-116.6385000000787, 75.97699999991161], [-116.35000000002356, 75.88274999990419], [-116.03949999994546, 75.8754999999607], [-115.70900000000996, 75.89474999989966], [-115.36824999990041, 75.88825000009183], [-115.04574999972823, 75.8977499999319], [-115.36600000038808, 75.85075000008081], [-115.70275000016677, 75.85599999992306], [-116.0189999995975, 75.81674999998556], [-116.33475000033434, 75.80599999990753], [-116.80900000025608, 75.80500000000764], [-117.12074999976377, 75.68749999998255], [-116.84149999979992, 75.57649999992873], [-116.43299999970155, 75.56524999989932], [-116.1312500001226, 75.58224999993128], [-115.82799999997043, 75.62599999994134], [-115.48775000035141, 75.65700000005175], [-115.17900000019353, 75.69924999991996], [-115.47174999992646, 75.59700000004553], [-115.82324999980217, 75.53524999998552], [-116.14950000005993, 75.48574999995849], [-116.47799999983005, 75.48524999993802], [-116.78800000031589, 75.4842499999729], [-117.1032499996639, 75.4849999999089], [-117.44949999977915, 75.39924999991123], [-117.19075000016325, 75.1682499999577], [-116.87899999975726, 75.13975000000988], [-116.57674999968779, 75.16599999989123], [-116.24624999975225, 75.2175000000933], [-116.00300000007083, 75.02500000003828], [-115.68424999998419, 74.97049999993166], [-115.39950000001461, 75.09924999994386], [-115.10675000028168, 74.97799999999633], [-114.80224999980156, 74.99800000011125], [-114.48950000021115, 75.05750000001987], [-114.1824999999734, 75.22049999995163], [-114.01549999963633, 75.47549999996052], [-113.72500000031408, 75.3917499999428], [-113.42175000016191, 75.44199999997993], [-113.73249999958689, 75.34700000007317], [-113.94399999956192, 75.11674999991189], [-113.64399999990314, 75.06075000000791], [-113.34349999975383, 75.0742500000788], [-113.02049999998943, 75.09450000001557], [-112.7105000004019, 75.14199999994668], [-112.41000000025257, 75.19450000011174], [-112.1125000003514, 75.13474999993741], [-111.80249999986553, 75.16575000010586], [-111.49674999995575, 75.16450000009155], [-111.21050000031126, 75.27075000010689], [-110.89974999998795, 75.2497499999694], [-111.20400000022282, 75.13300000006976], [-111.507250000375, 75.07399999997877], [-111.80175000002806, 74.9917500001044], [-112.1057500000177, 75.0092500000185], [-112.43025000035531, 75.00274999993353], [-112.73624999961204, 74.98749999996784], [-113.09999999982716, 74.94149999994983], [-113.45750000019908, 74.83949999997817], [-113.77674999987792, 74.82200000001784], [-114.08575000028108, 74.78699999995261], [-114.3809999997716, 74.7182500000597], [-114.08599999962802, 74.54425000001642], [-113.76700000019446, 74.47524999990812], [-113.45500000044149, 74.42374999996451], [-113.11074999959334, 74.40600000006467], [-112.78424999998863, 74.40574999993622], [-112.46149999957119, 74.4179999999785], [-112.11474999986373, 74.45400000008587], [-111.76250000015058, 74.49274999997154], [-111.45799999967043, 74.55599999995519], [-111.15674999968368, 74.59474999990044], [-110.82575000015596, 74.65750000001566], [-110.54850000035749, 74.79249999991534], [-110.25124999980325, 74.84924999996673], [-110.00213350005657, 74.84324990003348]]], [[[-90.43585000038745, 75.937400000049], [-90.73524999999661, 75.96575000008983], [-91.0424999995813, 75.91274999998504], [-90.68150000026735, 76.02675000009121], [-90.32674999989827, 76.03425000005595], [-90.6272500000476, 76.09149999998128], [-90.94875000013708, 76.14824999994943], [-91.33474999972204, 76.15549999999509], [-91.61550000025912, 76.26574999993603], [-91.3164999997847, 76.23375000003416], [-91.0062499999519, 76.18725000003464], [-90.69099999970558, 76.17400000007996], [-90.38750000020647, 76.1504999999122], [-90.07474999971777, 76.13249999995975], [-90.40624999973599, 76.16250000001342], [-90.07800000021113, 76.1747499999539], [-89.75300000028133, 76.16474999998314], [-89.43896989961442, 76.17965999999639], [-89.70924309962278, 76.32848699991904], [-90.00799999981164, 76.36299999997912], [-90.33574999974431, 76.39424999998047], [-90.65799999967125, 76.38774999990797], [-90.97000000032253, 76.43050000005812], [-91.27025000022658, 76.45324999992236], [-91.56800000037302, 76.494500000037], [-91.26724999997846, 76.5005000000754], [-90.96049999998598, 76.50150000010423], [-90.58425000008452, 76.45474999993276], [-90.85350000011964, 76.62199999997124], [-91.1542499996159, 76.6704999999409], [-91.4670000001046, 76.6922500000904], [-91.76750000025393, 76.6775000000749], [-92.07574999992131, 76.6369999999949], [-92.38375000024176, 76.5972500000208], [-92.70299999992059, 76.59925000003125], [-93.0182500001669, 76.61725000007901], [-93.30125000021634, 76.5040000000361], [-93.59975000020026, 76.42775000001942], [-93.3005000003789, 76.54850000008713], [-93.43099999994301, 76.82099999994155], [-93.72099999967308, 76.92399999996398], [-94.02475000031576, 76.9087499999498], [-94.33950000007158, 76.92300000002352], [-94.64224999973324, 76.9820000000409], [-94.98175000041313, 76.98399999994778], [-95.29049999967269, 77.01699999992272], [-95.6125000002527, 77.05850000004173], [-95.92799999984597, 77.05624999997998], [-96.2757499996361, 77.04549999991036], [-96.57824999995083, 76.97649999990406], [-96.87525000025983, 76.91700000000172], [-96.5687499996143, 76.83225000002041], [-96.86849999992614, 76.81925000005698], [-96.58475000003926, 76.69875000004339], [-96.28175000013233, 76.63574999997581], [-95.88049999995988, 76.55449999996088], [-95.61525000025556, 76.38500000005239], [-95.30550000001497, 76.37825000000903], [-94.99975000010517, 76.35024999999617], [-95.30524999976971, 76.28324999990838], [-95.00049999994263, 76.24175000000228], [-94.6679999998417, 76.31775000001562], [-94.30925000004011, 76.2760000000656], [-94.00699999997063, 76.2644999999977], [-93.69349999964446, 76.24899999995097], [-93.3877499997347, 76.35550000003013], [-93.08574999991049, 76.36399999993095], [-92.81975000036873, 76.21300000006478], [-92.57675000003422, 76.01450000000864], [-92.27925000013303, 75.90349999990687], [-92.06215070038076, 75.69563529998408], [-92.31588770006263, 75.50449939999565], [-92.49070999992512, 75.24481999992113], [-92.18296999989568, 75.14744009998681], [-91.87850010016409, 75.11743990009222], [-92.23017600005389, 75.07440670005018], [-92.07837590036262, 74.8045029998887], [-91.76122009998652, 74.73097010010235], [-91.45956000020793, 74.64299999992238], [-91.15025000018339, 74.62418000007452], [-90.92013000037517, 74.82898000003503], [-90.63502989998989, 74.62364999997011], [-90.31838989967352, 74.6290900001135], [-89.99697989999572, 74.58989010006133], [-89.67243990037343, 74.53928999989104], [-89.37485999981931, 74.58764999992204], [-89.09958000004902, 74.71525999997945], [-88.78609999981435, 74.71094000001723], [-88.5519098996421, 74.91352009996528], [-88.55484000018133, 74.61095999992148], [-88.24189999972182, 74.48043999989962], [-87.92552990002919, 74.47252990000659], [-87.50656620043222, 74.46595789988613], [-87.16049000006994, 74.46444000000936], [-86.69529000022295, 74.46428989992877], [-86.38862010030938, 74.48154000008627], [-86.09451000003234, 74.55985999997078], [-85.77875000014808, 74.4930000000626], [-85.52900000037823, 74.66499999994181], [-85.27124999994673, 74.49124999992931], [-85.01649999976335, 74.66924999995967], [-84.69816670028925, 74.53183760009625], [-84.38225000008346, 74.509750000101], [-84.06375000024208, 74.53050000007072], [-83.65649999957337, 74.55025000000792], [-83.37024999992889, 74.68550000002591], [-83.10025000005629, 74.82099999997416], [-82.9247500003637, 74.5572500000463], [-82.6174999998807, 74.52325000004292], [-82.29499999970851, 74.5199999999086], [-81.983749999793, 74.48499999992974], [-81.66149999986607, 74.48900000005669], [-81.36988620008428, 74.56368089998777], [-81.06724999990112, 74.58324999988966], [-80.76124999974608, 74.56399999995918], [-80.43449999989613, 74.58274999995382], [-80.16393079961175, 74.7175058000446], [-80.40951070035679, 74.89139580003511], [-80.10769230035714, 74.84237819993155], [-79.80439440023741, 74.83528520001818], [-79.48146140042014, 74.86548590003676], [-79.74751980033685, 75.02258500000075], [-80.04800450038023, 74.99547179999165], [-80.37743810036052, 74.98040450004929], [-80.08830629989468, 75.07874410011168], [-79.74193579976723, 75.16486940008495], [-79.45848719992952, 75.26554880000019], [-79.68389559985293, 75.46757170005658], [-80.04662749983066, 75.47437799991471], [-80.40993719979244, 75.45528289996378], [-80.04639439959085, 75.5227187000497], [-80.33261759979548, 75.63668809999189], [-80.66324580010183, 75.64591560002506], [-80.98019929987595, 75.62683060000883], [-81.29830549985634, 75.65087710008675], [-81.58116439972748, 75.8071039000792], [-81.88823709972284, 75.80739739990344], [-82.20121000008132, 75.8324101000717], [-82.51349000021675, 75.82063010000962], [-82.82711000019353, 75.78032000000724], [-83.14723000025872, 75.73589010001135], [-83.47464000043274, 75.76420999997487], [-83.80912990004205, 75.81773990004892], [-84.11201000001137, 75.76403009994263], [-84.40717650019792, 75.70938579995864], [-84.7260142001108, 75.63968760004244], [-85.02563000020405, 75.6623700000292], [-85.33772500039154, 75.59728910010145], [-85.66061309971595, 75.58683269990762], [-86.02305979986237, 75.5342104000586], [-85.72856989996802, 75.41806009990667], [-86.04846070027837, 75.42105260001964], [-86.35436009990134, 75.39467999989144], [-86.689048500239, 75.48110069990148], [-87.01028840032448, 75.52225629990343], [-87.31219959988623, 75.62197169998547], [-87.5763699997905, 75.44377000010633], [-87.88469869996162, 75.56036920003616], [-88.17950560004837, 75.49431510002442], [-88.49375000011452, 75.61124999989487], [-88.82049999996447, 75.62399999999724], [-89.0922499997572, 75.48524999993802], [-89.37597000040518, 75.58955999992737], [-89.70484000007116, 75.55203990007949], [-89.40602000042011, 75.622749900049], [-89.59599999987299, 75.85950000006822], [-89.90174999978277, 75.96400000004512], [-90.20883000038644, 75.9494800999969], [-90.43585000038745, 75.937400000049]]], [[[-125.38450000027657, 72.426250000014], [-125.38450000027657, 72.426250000014]]], [[[-125.14324999986225, 72.61425000000457], [-125.14324999986225, 72.61425000000457]]], [[[-125.16399999955718, 72.55250000004293], [-125.16399999955718, 72.55250000004293]]], [[[-125.10625000039542, 72.67249999994893], [-125.10625000039542, 72.67249999994893]]], [[[-125.04899999992753, 72.66125000009337], [-125.04899999992753, 72.66125000009337]]], [[[-125.07500000028125, 72.66749999989659], [-125.07500000028125, 72.66749999989659]]], [[[-118.09699999988115, 72.76699999998239], [-118.09699999988115, 72.76699999998239]]], [[[-124.00254060032128, 73.57891390009614], [-124.00254060032128, 73.57891390009614]]], [[[-124.02203999961365, 73.5714499999561], [-124.02203999961365, 73.5714499999561]]], [[[-124.3158880002369, 73.65174349998681], [-124.3158880002369, 73.65174349998681]]], [[[-124.45322500017332, 73.92201754620456], [-124.45322500017332, 73.92201754620456]]], [[[-97.17322309970203, 73.88786289993128], [-97.17322309970203, 73.88786289993128]]], [[[-97.29427969997903, 73.90830860008965], [-97.29427969997903, 73.90830860008965]]], [[[-97.23228619955228, 73.92140089999391], [-97.23228619955228, 73.92140089999391]]], [[[-124.70549999981517, 73.70024999993291], [-124.70549999981517, 73.70024999993291]]], [[[-74.69325000004778, 72.15950000009039], [-74.69325000004778, 72.15950000009039]]], [[[-74.91274999978616, 72.20700000007723], [-74.91274999978616, 72.20700000007723]]], [[[-77.89437880023029, 72.28555209993604], [-77.89437880023029, 72.28555209993604]]], [[[-78.75009999982596, 72.37725429974917], [-79.04852089955583, 72.4307070998746], [-78.74229810014235, 72.36643689996129], [-78.75009999982596, 72.37725429974917]]], [[[-79.58126419973973, 72.46473110008893], [-79.58126419973973, 72.46473110008893]]], [[[-110.26968809977453, 72.64826639996754], [-110.26968809977453, 72.64826639996754]]], [[[-110.38052349986555, 72.64038130001416], [-110.38052349986555, 72.64038130001416]]], [[[-105.25895990002152, 72.64002999995499], [-105.25895990002152, 72.64002999995499]]], [[[-97.13188680030642, 72.66212029992528], [-97.13188680030642, 72.66212029992528]]], [[[-105.24165640010186, 72.6443484999052], [-105.24165640010186, 72.6443484999052]]], [[[-105.26335250006413, 72.67535330004803], [-105.26335250006413, 72.67535330004803]]], [[[-111.1480000000829, 72.70099999989034], [-111.1480000000829, 72.70099999989034]]], [[[-105.23120929967307, 72.55517280004263], [-105.23120929967307, 72.55517280004263]]], [[[-105.14759540031301, 72.53390270008644], [-105.14759540031301, 72.53390270008644]]], [[[-110.31363850024022, 72.58947270008272], [-110.31363850024022, 72.58947270008272]]], [[[-105.26178560015508, 72.61307530002549], [-105.26178560015508, 72.61307530002549]]], [[[-110.30015129966733, 72.59254860003509], [-110.30015129966733, 72.59254860003509]]], [[[-108.70675000007463, 72.61724999986934], [-108.70675000007463, 72.61724999986934]]], [[[-110.31783010044136, 72.61238619996168], [-110.31783010044136, 72.61238619996168]]], [[[-110.42441160036964, 72.5613972999452], [-110.42441160036964, 72.5613972999452]]], [[[-108.44700000037604, 72.5529999999113], [-108.44700000037604, 72.5529999999113]]], [[[-95.54125000042356, 72.57225000001193], [-95.54125000042356, 72.57225000001193]]], [[[-80.41503599961585, 72.56714750003488], [-80.41503599961585, 72.56714750003488]]], [[[-110.56425399983685, 72.58792710012888], [-110.56425399983685, 72.58792710012888]]], [[[-108.50525000002831, 72.59075000005815], [-108.50525000002831, 72.59075000005815]]], [[[-111.09365000030401, 72.62774999999705], [-111.09365000030401, 72.62774999999705]]], [[[-80.23548859998647, 72.62335900001044], [-80.23548859998647, 72.62335900001044]]], [[[-95.36924999967296, 72.61300000006463], [-95.36924999967296, 72.61300000006463]]], [[[-97.14854999995619, 72.61133000002955], [-97.14854999995619, 72.61133000002955]]], [[[-95.58575000006155, 72.617], [-95.58575000006155, 72.617]]], [[[-110.10738680041311, 72.61632229989587], [-110.10738680041311, 72.61632229989587]]], [[[-108.56899999968633, 72.62325000013058], [-108.56899999968633, 72.62325000013058]]], [[[-84.89400780003417, 72.32846539991307], [-84.89400780003417, 72.32846539991307]]], [[[-111.24541840024553, 72.48387180009654], [-111.24541840024553, 72.48387180009654]]], [[[-109.98443120025306, 72.48629430001066], [-109.98443120025306, 72.48629430001066]]], [[[-79.92794670003673, 72.50881449989188], [-79.92794670003673, 72.50881449989188]]], [[[-111.53971450029543, 72.40195550004108], [-111.53971450029543, 72.40195550004108]]], [[[-111.26649999955285, 72.41974999998786], [-111.26649999955285, 72.41974999998786]]], [[[-105.2196367997378, 72.42365739990146], [-105.2196367997378, 72.42365739990146]]], [[[-79.94310520002604, 72.48111519992266], [-79.94310520002604, 72.48111519992266]]], [[[-111.74557479966167, 72.37834999998337], [-111.74557479966167, 72.37834999998337]]], [[[-111.76177980012605, 72.35183060006734], [-111.76177980012605, 72.35183060006734]]], [[[-85.07653220034547, 72.3598480999021], [-85.07653220034547, 72.3598480999021]]], [[[-85.13364949988295, 72.35826760002337], [-85.13364949988295, 72.35826760002337]]], [[[-111.89680940000011, 72.34577709992638], [-111.89680940000011, 72.34577709992638]]], [[[-84.87811189997758, 72.34833039997494], [-84.87811189997758, 72.34833039997494]]], [[[-111.69144880018875, 72.36020030011935], [-111.69144880018875, 72.36020030011935]]], [[[-79.91070100041736, 72.52430030002719], [-79.91070100041736, 72.52430030002719]]], [[[-105.14859999976998, 72.5230499001043], [-105.14859999976998, 72.5230499001043]]], [[[-104.94315380039355, 72.08585629994627], [-104.94315380039355, 72.08585629994627]]], [[[-107.67415909994678, 72.09366250003103], [-107.67415909994678, 72.09366250003103]]], [[[-108.22949999990476, 72.14749999986286], [-108.22949999990476, 72.14749999986286]]], [[[-108.44600000029332, 72.18975000002274], [-108.44600000029332, 72.18975000002274]]], [[[-100.57990999970099, 72.14057989996311], [-100.57990999970099, 72.14057989996311]]], [[[-89.67944390025202, 72.1674446998695], [-89.67944390025202, 72.1674446998695]]], [[[-80.56607849972235, 72.173760900133], [-80.56607849972235, 72.173760900133]]], [[[-100.6690398998586, 72.18687000005727], [-100.6690398998586, 72.18687000005727]]], [[[-80.63547160011252, 72.23775499997626], [-80.63547160011252, 72.23775499997626]]], [[[-101.0582598997997, 72.24734000002489], [-101.0582598997997, 72.24734000002489]]], [[[-112.03625190004556, 72.27861199988024], [-112.03625190004556, 72.27861199988024]]], [[[-79.59613159976291, 72.3031784001115], [-79.59613159976291, 72.3031784001115]]], [[[-78.99235989975743, 72.29091040009669], [-78.99235989975743, 72.29091040009669]]], [[[-101.09515009998599, 72.27686010007905], [-101.09515009998599, 72.27686010007905]]], [[[-101.83926989975967, 72.30643010004415], [-101.83926989975967, 72.30643010004415]]], [[[-86.15663449998036, 72.29408879999312], [-86.15663449998036, 72.29408879999312]]], [[[-85.78115000034657, 72.19856388885725], [-85.78115000034657, 72.19856388885725]]], [[[-108.1553000997692, 72.22092999999445], [-108.1553000997692, 72.22092999999445]]], [[[-85.6817500002105, 72.23199999993876], [-85.6817500002105, 72.23199999993876]]], [[[-86.06250000003497, 72.26899999987904], [-86.06250000003497, 72.26899999987904]]], [[[-78.9413726004125, 72.28831710011244], [-78.9413726004125, 72.28831710011244]]], [[[-94.40079690011463, 72.01315679987997], [-94.40079690011463, 72.01315679987997]]], [[[-86.06876539969706, 72.04674320008618], [-86.06876539969706, 72.04674320008618]]], [[[-107.72234000036035, 72.04789000010379], [-107.72234000036035, 72.04789000010379]]], [[[-80.43426119984584, 72.07430969998919], [-80.43426119984584, 72.07430969998919]]], [[[-77.5020745003382, 72.76632499989032], [-77.5020745003382, 72.76632499989032]]], [[[-85.9198022003343, 72.76068190008466], [-85.9198022003343, 72.76068190008466]]], [[[-100.77538710029617, 72.79073520008578], [-100.77538710029617, 72.79073520008578]]], [[[-105.29975989980265, 72.78600000003586], [-105.29975989980265, 72.78600000003586]]], [[[-101.08719999984005, 72.79180000007628], [-101.08719999984005, 72.79180000007628]]], [[[-105.31697009979861, 72.7977899999998], [-105.31697009979861, 72.7977899999998]]], [[[-105.21420499982844, 72.80045250008425], [-105.21420499982844, 72.80045250008425]]], [[[-105.18953669978114, 72.81544479996165], [-105.18953669978114, 72.81544479996165]]], [[[-109.33700000032202, 72.81924999992424], [-109.33700000032202, 72.81924999992424]]], [[[-95.82050000038744, 72.84999999998617], [-95.82050000038744, 72.84999999998617]]], [[[-105.34658999993023, 72.82228000001764], [-105.34658999993023, 72.82228000001764]]], [[[-105.22676369992703, 72.82887420005093], [-105.22676369992703, 72.82887420005093]]], [[[-105.16422989968778, 72.82753990011749], [-105.16422989968778, 72.82753990011749]]], [[[-105.25697439956313, 72.82953260008284], [-105.25697439956313, 72.82953260008284]]], [[[-105.39416000013652, 72.82887009993678], [-105.39416000013652, 72.82887009993678]]], [[[-109.57549999983517, 72.8554999999073], [-109.57549999983517, 72.8554999999073]]], [[[-105.20547989973069, 72.83859999990567], [-105.20547989973069, 72.83859999990567]]], [[[-105.27529990020514, 72.84415000011599], [-105.27529990020514, 72.84415000011599]]], [[[-95.71975000036429, 72.88799999998835], [-95.71975000036429, 72.88799999998835]]], [[[-95.8042499997172, 72.88600000004962], [-95.8042499997172, 72.88600000004962]]], [[[-95.8370000004046, 72.87700000011239], [-95.8370000004046, 72.87700000011239]]], [[[-105.22571859992549, 72.69551669998664], [-105.22571859992549, 72.69551669998664]]], [[[-100.92110000002658, 72.70524990000197], [-100.92110000002658, 72.70524990000197]]], [[[-100.84019609958811, 72.70883830000864], [-100.84019609958811, 72.70883830000864]]], [[[-105.35754990004571, 72.69828999991341], [-105.35754990004571, 72.69828999991341]]], [[[-105.24304119982472, 72.71571130008516], [-105.24304119982472, 72.71571130008516]]], [[[-105.37684419958565, 72.71564150008189], [-105.37684419958565, 72.71564150008189]]], [[[-105.26802259957947, 72.7009665999397], [-105.26802259957947, 72.7009665999397]]], [[[-105.32063990009223, 72.7146100001097], [-105.32063990009223, 72.7146100001097]]], [[[-105.27812639983927, 72.77173230002612], [-105.27812639983927, 72.77173230002612]]], [[[-109.06325000036388, 72.75674999996274], [-109.06325000036388, 72.75674999996274]]], [[[-109.02925000024683, 72.76899999989898], [-109.02925000024683, 72.76899999989898]]], [[[-100.84319000027543, 72.75867049995145], [-100.84319000027543, 72.75867049995145]]], [[[-105.25170849962213, 72.74733620010758], [-105.25170849962213, 72.74733620010758]]], [[[-108.95474999992432, 72.73274999989823], [-108.95474999992432, 72.73274999989823]]], [[[-101.05771999973751, 72.72001009999772], [-101.05771999973751, 72.72001009999772]]], [[[-96.98655470001819, 72.74806749990742], [-96.98655470001819, 72.74806749990742]]], [[[-105.23654580000887, 72.7758773999568], [-105.23654580000887, 72.7758773999568]]], [[[-101.00306000033724, 72.7847201000868], [-101.00306000033724, 72.7847201000868]]], [[[-100.546974999964, 72.78069032841542], [-100.546974999964, 72.78069032841542]]], [[[-105.20867300003566, 72.89340729989277], [-105.20867300003566, 72.89340729989277]]], [[[-95.82600000039317, 72.89850000001017], [-95.82600000039317, 72.89850000001017]]], [[[-96.69020000000198, 72.90442999996739], [-96.96571009963901, 72.78377000011079], [-96.64976840021718, 72.77268609991853], [-96.69020000000198, 72.90442999996739]]], [[[-109.77275000020373, 72.94200000009312], [-109.77275000020373, 72.94200000009312]]], [[[-95.78025000042722, 72.9827500001218], [-95.78025000042722, 72.9827500001218]]], [[[-105.51666999998305, 72.95570010011001], [-105.51666999998305, 72.95570010011001]]], [[[-101.74165989972673, 72.9663300000427], [-101.74165989972673, 72.9663300000427]]], [[[-100.546974999964, 72.9437465384946], [-100.546974999964, 72.9437465384946]]], [[[-100.27031000014654, 72.91688000008304], [-100.27031000014654, 72.91688000008304]]], [[[-100.8157799000472, 72.92833999995192], [-100.8157799000472, 72.92833999995192]]], [[[-100.11385000041169, 72.9309499001056], [-100.11385000041169, 72.9309499001056]]], [[[-100.80105689971437, 72.93847840009697], [-100.80105689971437, 72.93847840009697]]], [[[-105.46878000010962, 72.94695989996981], [-105.46878000010962, 72.94695989996981]]], [[[-98.08583749971453, 73.05310905903193], [-98.08583749971453, 73.05310905903193]]], [[[-98.08583749971453, 73.03741810254996], [-98.08583749971453, 73.03741810254996]]], [[[-98.0734185631011, 73.03720937494722], [-98.0734185631011, 73.03720937494722]]], [[[-105.66783010034004, 72.963909999959], [-105.66783010034004, 72.963909999959]]], [[[-100.23590999999642, 72.97176999996832], [-100.23590999999642, 72.97176999996832]]], [[[-100.19541249980239, 72.97870195614323], [-100.19541249980239, 72.97870195614323]]], [[[-105.70187460030131, 72.97701529996678], [-105.70187460030131, 72.97701529996678]]], [[[-98.12697989955271, 73.01708010012241], [-98.12697989955271, 73.01708010012241]]], [[[-98.46378000017144, 73.00993999998882], [-98.46378000017144, 73.00993999998882]]], [[[-98.42468009979476, 73.00306010002629], [-98.42468009979476, 73.00306010002629]]], [[[-98.22129000037322, 73.01951000009853], [-98.22129000037322, 73.01951000009853]]], [[[-101.78210489968059, 73.02779310013045], [-101.78210489968059, 73.02779310013045]]], [[[-78.74989999980941, 73.66113982656181], [-79.08569850044593, 73.63281169995031], [-79.51013789972185, 73.63744269989758], [-79.85524090033962, 73.69622249988484], [-80.17015289957882, 73.7094290999154], [-80.51625900036534, 73.7690686000596], [-80.841213799765, 73.75201580004088], [-80.86544979995483, 73.44202640003043], [-80.61542669976221, 73.26790960003335], [-80.26886089960378, 73.24243319997291], [-80.10524810035173, 72.98520629991621], [-79.82130369964747, 72.83678149996103], [-79.48311540008083, 72.75152779991198], [-79.13262339978543, 72.75489859999925], [-78.81649999992771, 72.81124999995052], [-78.4972500002489, 72.86949999996352], [-78.1937949003443, 72.89746009991732], [-77.86545310018394, 72.89967680011213], [-77.56369519992205, 72.894934300091], [-77.26476010003198, 72.85918929995175], [-76.92961210003541, 72.83917639989684], [-76.62389719999874, 72.83086609987087], [-76.25224999962813, 72.82674999997285], [-76.35491169991586, 73.11031580000584], [-76.63819039958726, 73.24809239989101], [-76.94441870028352, 73.3316071000603], [-77.19596240031716, 73.50634449987943], [-77.59419259957602, 73.57210860009577], [-77.90621740001734, 73.61892910003805], [-78.2864882995547, 73.67098940007551], [-78.59297020004558, 73.66099069994661], [-78.74989999980941, 73.66113982656181]]], [[[-106.66584580009128, 73.24797719990255], [-106.66584580009128, 73.24797719990255]]], [[[-106.35949999975584, 73.1850700998879], [-106.35949999975584, 73.1850700998879]]], [[[-108.14010980031716, 73.21323840001986], [-108.14010980031716, 73.21323840001986]]], [[[-106.40044000017734, 73.22081999996998], [-106.40044000017734, 73.22081999996998]]], [[[-106.28514440002199, 73.16611880004041], [-106.28514440002199, 73.16611880004041]]], [[[-106.24668000021666, 73.14150990004299], [-106.24668000021666, 73.14150990004299]]], [[[-106.22857419964534, 73.14679100006923], [-106.22857419964534, 73.14679100006923]]], [[[-106.32646470042242, 73.16120269997825], [-106.32646470042242, 73.16120269997825]]], [[[-106.3479800000607, 73.16867000008291], [-106.3479800000607, 73.16867000008291]]], [[[-84.24838540014855, 73.07246589988755], [-84.24838540014855, 73.07246589988755]]], [[[-106.05326699997231, 73.07073159999202], [-106.05326699997231, 73.07073159999202]]], [[[-105.94651999982595, 73.0761699998762], [-105.94651999982595, 73.0761699998762]]], [[[-106.0353352003766, 73.08433770002027], [-106.0353352003766, 73.08433770002027]]], [[[-106.00131700039191, 73.08400810000614], [-106.00131700039191, 73.08400810000614]]], [[[-97.03115000012804, 72.96090055475631], [-96.71196740014666, 72.94067280003607], [-96.89511179970073, 73.18468490008513], [-97.03115000012804, 72.96090055475631]]], [[[-98.05331000004492, 73.053550100093], [-98.05331000004492, 73.053550100093]]], [[[-98.08594009989639, 73.06622009992499], [-98.08594009989639, 73.06622009992499]]], [[[-97.99814687491526, 73.06555115179984], [-97.99814687491526, 73.06555115179984]]], [[[-100.30374000035117, 73.086599899885], [-100.30374000035117, 73.086599899885]]], [[[-98.08586729054429, 73.08113686932167], [-98.08586729054429, 73.08113686932167]]], [[[-97.03115000012804, 73.27243473529752], [-97.03115000012804, 73.27243473529752]]], [[[-106.10770820031209, 73.24982559995554], [-106.10770820031209, 73.24982559995554]]], [[[-106.0996632003429, 73.23553620003395], [-106.0996632003429, 73.23553620003395]]], [[[-106.0802956000724, 73.24321219994607], [-106.0802956000724, 73.24321219994607]]], [[[-100.0724899998656, 73.22298010008336], [-100.0724899998656, 73.22298010008336]]], [[[-100.53661829969718, 73.21386370000354], [-100.53661829969718, 73.21386370000354]]], [[[-106.12436679968928, 73.19731350003198], [-106.12436679968928, 73.19731350003198]]], [[[-99.9605999003759, 73.21547999993535], [-99.9605999003759, 73.21547999993535]]], [[[-106.07360969992413, 73.20969620008823], [-106.07360969992413, 73.20969620008823]]], [[[-106.02430682977186, 73.12510000010758], [-106.02430682977186, 73.12510000010758]]], [[[-105.99015990030863, 73.1582299998719], [-105.99015990030863, 73.1582299998719]]], [[[-106.10484039973443, 73.13380540010381], [-106.10484039973443, 73.13380540010381]]], [[[-106.0585750003574, 73.13937660003005], [-106.0585750003574, 73.13937660003005]]], [[[-106.10991870000309, 73.09158550012005], [-106.10991870000309, 73.09158550012005]]], [[[-106.04769099979858, 73.08139200005823], [-106.04769099979858, 73.08139200005823]]], [[[-101.9532249997121, 73.08502756736975], [-101.9532249997121, 73.08502756736975]]], [[[-105.93020819955576, 73.09676229997095], [-105.93020819955576, 73.09676229997095]]], [[[-105.9339781997328, 73.08203240012564], [-105.9339781997328, 73.08203240012564]]], [[[-106.11790499956001, 73.10516289989565], [-106.11790499956001, 73.10516289989565]]], [[[-102.2759509001271, 73.09533079988003], [-102.2759509001271, 73.09533079988003]]], [[[-106.20223868482124, 73.12510000010758], [-106.20223868482124, 73.12510000010758]]], [[[-106.04817010008568, 73.11149580006037], [-106.04817010008568, 73.11149580006037]]], [[[-97.17522920032654, 73.31772279995145], [-97.17522920032654, 73.31772279995145]]], [[[-106.25887320008063, 73.3159332999224], [-106.25887320008063, 73.3159332999224]]], [[[-106.32894400030092, 73.31219359989655], [-106.32894400030092, 73.31219359989655]]], [[[-106.18489499966563, 73.27024579999346], [-106.18489499966563, 73.27024579999346]]], [[[-106.22982839959727, 73.26432059996681], [-106.22982839959727, 73.26432059996681]]], [[[-106.31512200031659, 73.26520949993487], [-106.31512200031659, 73.26520949993487]]], [[[-106.26953439958434, 73.30113830007451], [-106.26953439958434, 73.30113830007451]]], [[[-106.25011200028489, 73.28690720012659], [-106.25011200028489, 73.28690720012659]]], [[[-106.12386650005979, 73.2896693999245], [-106.12386650005979, 73.2896693999245]]], [[[-106.20672830021957, 73.29176350005457], [-106.20672830021957, 73.29176350005457]]], [[[-106.18836150043069, 73.30526269995539], [-106.18836150043069, 73.30526269995539]]], [[[-97.03115000012804, 73.34406153851558], [-97.03115000012804, 73.34406153851558]]], [[[-106.37313199976936, 73.34667500010781], [-106.37313199976936, 73.34667500010781]]], [[[-106.2888844997748, 73.32948479998889], [-106.2888844997748, 73.32948479998889]]], [[[-106.36892890023428, 73.33380640000868], [-106.36892890023428, 73.33380640000868]]], [[[-106.40356129993827, 73.36920190001962], [-106.40356129993827, 73.36920190001962]]], [[[-106.68155270000197, 73.41837960002756], [-106.68155270000197, 73.41837960002756]]], [[[-101.60717390007548, 73.4690255000983], [-101.60717390007548, 73.4690255000983]]], [[[-106.49352539992324, 73.38941819990298], [-106.49352539992324, 73.38941819990298]]], [[[-97.32392009966543, 73.50877499998207], [-97.32392009966543, 73.50877499998207]]], [[[-97.45688030002682, 73.55868559994862], [-97.45688030002682, 73.55868559994862]]], [[[-101.01427600025876, 73.64134669987729], [-101.01427600025876, 73.64134669987729]]], [[[-101.19556489994909, 73.70005550011571], [-101.19556489994909, 73.70005550011571]]], [[[-100.57951990000066, 73.59093000003507], [-100.57951990000066, 73.59093000003507]]], [[[-100.70735010025217, 73.59428000000835], [-100.70735010025217, 73.59428000000835]]], [[[-108.02200000026052, 73.59725000004673], [-107.69924999984308, 73.55899999995943], [-108.0012499996673, 73.61350000007336], [-108.02200000026052, 73.59725000004673]]], [[[-80.89674999972372, 73.72249999994973], [-80.89674999972372, 73.72249999994973]]], [[[-80.96924999988082, 73.72275000008445], [-80.96924999988082, 73.72275000008445]]], [[[-99.25440009978584, 73.77728000009834], [-99.25440009978584, 73.77728000009834]]], [[[-99.93648989968445, 73.84680009995719], [-99.93648989968445, 73.84680009995719]]], [[[-100.7654842998778, 73.86500929996245], [-100.7654842998778, 73.86500929996245]]], [[[-98.43739999987615, 74.04779849988437], [-98.75720440022245, 74.03647520009743], [-99.08175090005412, 73.95930230009257], [-99.39157170011553, 73.92373440010422], [-99.05906989979074, 73.84667009993358], [-98.74565010015483, 73.81689990005506], [-98.3520901001243, 73.85387000002962], [-98.04803989958165, 73.91201000002329], [-97.7491200000845, 73.99556990001739], [-98.11241139956729, 74.09624509993878], [-98.41592380030889, 74.05470139989016], [-98.43739999987615, 74.04779849988437]]], [[[-105.46876324563127, 72.95961679531767], [-105.17502630013334, 72.87603940005727], [-104.93044550025742, 73.05735720000482], [-104.6682301003127, 73.22477989991155], [-104.49631989964948, 73.47287310012275], [-104.77490450041441, 73.64323509996136], [-105.0610481997164, 73.73896859988456], [-105.37246589982408, 73.76863890005464], [-105.68103949960627, 73.7360560000811], [-105.99178729995543, 73.73399470005096], [-106.29608129967292, 73.72866929998692], [-106.60182749970905, 73.69186760011839], [-106.87106580008593, 73.55544499999372], [-106.58116220036564, 73.41448930001837], [-106.27685420040444, 73.33761149995131], [-106.01191010041057, 73.18093000002715], [-105.72986010021512, 73.0430599999069], [-105.46876324563127, 72.95961679531767]]], [[[-99.18681009963058, 73.69893009996434], [-99.18681009963058, 73.69893009996434]]], [[[-99.18245010034796, 73.71745999999585], [-99.18245010034796, 73.71745999999585]]], [[[-99.25435999988986, 73.77447999997949], [-99.25435999988986, 73.77447999997949]]], [[[-64.57666559982478, 60.68564189991414], [-64.57666559982478, 60.68564189991414]]], [[[-64.71217214402927, 60.64463125005308], [-64.71217214402927, 60.64463125005308]]], [[[-64.66629210034955, 60.68189119994167], [-64.66629210034955, 60.68189119994167]]], [[[-69.6481100995881, 60.67812999996601], [-69.6481100995881, 60.67812999996601]]], [[[-78.66673009996508, 60.753060000051306], [-78.66673009996508, 60.753060000051306]]], [[[-77.87099374985456, 60.75027577379154], [-77.87099374985456, 60.75027577379154]]], [[[-77.78292324189468, 60.75281166676914], [-77.78292324189468, 60.75281166676914]]], [[[-77.99329000007081, 60.75775009993104], [-77.99329000007081, 60.75775009993104]]], [[[-77.7777467683419, 60.76740364372333], [-77.7777467683419, 60.76740364372333]]], [[[-78.02123000031548, 60.70685989984556], [-78.02123000031548, 60.70685989984556]]], [[[-78.40902009971654, 60.71824999999075], [-78.40902009971654, 60.71824999999075]]], [[[-77.92802999979386, 60.730769899832], [-77.92802999979386, 60.730769899832]]], [[[-77.8624098999538, 60.733719999945436], [-77.8624098999538, 60.733719999945436]]], [[[-77.7333699995946, 60.73514000004889], [-77.7333699995946, 60.73514000004889]]], [[[-78.23705989972292, 60.84002010016554], [-78.23705989972292, 60.84002010016554]]], [[[-69.43369374958586, 60.770420846725784], [-69.43369374958586, 60.770420846725784]]], [[[-77.77768260707106, 60.77243639789487], [-77.77768260707106, 60.77243639789487]]], [[[-77.96566010005887, 60.77026999995304], [-77.96566010005887, 60.77026999995304]]], [[[-78.07640989968645, 60.77516000006709], [-78.07640989968645, 60.77516000006709]]], [[[-78.67063009983848, 60.71741989985472], [-78.31291999969125, 60.76128999985207], [-78.61536010034283, 60.76509009988648], [-78.67063009983848, 60.71741989985472]]], [[[-78.0846000000319, 60.762789899984874], [-78.0846000000319, 60.762789899984874]]], [[[-78.24887999960502, 60.769589999849664], [-78.24887999960502, 60.769589999849664]]], [[[-78.04697500040108, 60.77662237791677], [-78.04697500040108, 60.77662237791677]]], [[[-78.00774613608557, 60.779514412211704], [-78.00774613608557, 60.779514412211704]]], [[[-77.93314999985799, 60.78110009991734], [-77.93314999985799, 60.78110009991734]]], [[[-69.42184510034572, 60.80430670007638], [-69.42184510034572, 60.80430670007638]]], [[[-78.24629989976847, 60.824079999795515], [-78.24629989976847, 60.824079999795515]]], [[[-69.96939009956955, 60.88334000019561], [-69.96939009956955, 60.88334000019561]]], [[[-69.35351990009733, 60.882790000177366], [-69.35351990009733, 60.882790000177366]]], [[[-69.31938999999696, 60.88209999982516], [-69.31938999999696, 60.88209999982516]]], [[[-69.34568141113387, 60.869162813212895], [-69.34568141113387, 60.869162813212895]]], [[[-69.34560312475348, 60.879478927835585], [-69.34560312475348, 60.879478927835585]]], [[[-69.98725999985227, 60.91775989992418], [-69.98725999985227, 60.91775989992418]]], [[[-70.05590010003195, 60.974809900196114], [-70.05590010003195, 60.974809900196114]]], [[[-70.1059800003286, 60.991560100209796], [-70.1059800003286, 60.991560100209796]]], [[[-69.78330989966577, 60.938669900166815], [-69.78330989966577, 60.938669900166815]]], [[[-69.91178000043688, 60.94361999997475], [-69.91178000043688, 60.94361999997475]]], [[[-70.06346009957923, 60.94891999995672], [-70.06346009957923, 60.94891999995672]]], [[[-69.35259009976082, 60.894050000208075], [-69.35259009976082, 60.894050000208075]]], [[[-70.02855009979118, 60.877909999940165], [-70.02855009979118, 60.877909999940165]]], [[[-69.473160600078, 61.04096150019171], [-69.473160600078, 61.04096150019171]]], [[[-69.68187999983836, 61.065240000152784], [-69.68187999983836, 61.065240000152784]]], [[[-94.05414359955596, 61.13559520008713], [-94.05414359955596, 61.13559520008713]]], [[[-71.35108000044802, 61.15478010017805], [-71.35108000044802, 61.15478010017805]]], [[[-71.53787010029329, 61.224619899972325], [-71.53787010029329, 61.224619899972325]]], [[[-77.78760522612122, 61.23835635570032], [-77.78760522612122, 61.23835635570032]]], [[[-71.59106000044291, 61.26444999984552], [-71.59106000044291, 61.26444999984552]]], [[[-71.63766999985114, 61.28133999980288], [-71.63766999985114, 61.28133999980288]]], [[[-69.39439009962464, 61.00395999981647], [-69.39439009962464, 61.00395999981647]]], [[[-70.07797999980947, 61.00508999998047], [-70.07797999980947, 61.00508999998047]]], [[[-69.96103750027743, 60.95059818251407], [-69.96103750027743, 60.95059818251407]]], [[[-69.46048000039201, 61.01859010005943], [-69.46048000039201, 61.01859010005943]]], [[[-69.34560312475348, 60.86309279876671], [-69.34560312475348, 60.86309279876671]]], [[[-69.31759990018082, 60.860869999909504], [-69.31759990018082, 60.860869999909504]]], [[[-69.96103750027743, 60.865234458002725], [-69.96103750027743, 60.865234458002725]]], [[[-71.77370240704317, 61.49411907825861], [-71.77370240704317, 61.49411907825861]]], [[[-65.17169429990217, 61.472650799931], [-65.17169429990217, 61.472650799931]]], [[[-77.61838000001069, 61.47101999987319], [-77.61838000001069, 61.47101999987319]]], [[[-71.71885000018713, 61.50818164291315], [-71.71885000018713, 61.50818164291315]]], [[[-71.74968989961117, 61.53985999991232], [-71.74968989961117, 61.53985999991232]]], [[[-71.75842999977753, 61.523430099983464], [-71.75842999977753, 61.523430099983464]]], [[[-71.59748009987838, 61.53490990015244], [-71.59748009987838, 61.53490990015244]]], [[[-77.62474000035704, 61.55921999998143], [-77.62474000035704, 61.55921999998143]]], [[[-77.65638989989299, 61.552720000130996], [-77.65638989989299, 61.552720000130996]]], [[[-64.90501929278119, 61.34755625001019], [-64.90501929278119, 61.34755625001019]]], [[[-64.76387490029401, 61.35966810009897], [-64.76387490029401, 61.35966810009897]]], [[[-71.74541999955491, 61.36380990017748], [-71.74541999955491, 61.36380990017748]]], [[[-64.83694009976662, 61.358934299981186], [-64.83694009976662, 61.358934299981186]]], [[[-64.79170420024789, 61.33842009998027], [-64.79170420024789, 61.33842009998027]]], [[[-64.9097342002629, 61.33010510009143], [-64.9097342002629, 61.33010510009143]]], [[[-71.6676999997746, 61.33426000003637], [-71.6676999997746, 61.33426000003637]]], [[[-64.8066089998313, 61.32956479993681], [-64.8066089998313, 61.32956479993681]]], [[[-64.90638580010993, 61.33627119987984], [-64.90638580010993, 61.33627119987984]]], [[[-71.65483009990538, 61.33962999983352], [-71.65483009990538, 61.33962999983352]]], [[[-64.94578399955142, 61.33593199986892], [-64.94578399955142, 61.33593199986892]]], [[[-71.65884990000339, 61.41212999992794], [-71.65884990000339, 61.41212999992794]]], [[[-71.71885000018713, 61.42711675086702], [-71.71885000018713, 61.42711675086702]]], [[[-65.09840320018675, 61.43807939998278], [-65.09840320018675, 61.43807939998278]]], [[[-71.71873098149682, 61.45462063102556], [-71.71873098149682, 61.45462063102556]]], [[[-65.09786290037427, 61.426934300046945], [-65.09786290037427, 61.426934300046945]]], [[[-65.00000000033432, 61.38943300012278], [-65.00000000033432, 61.38943300012278]]], [[[-64.94674799964912, 61.38081430007872], [-64.94674799964912, 61.38081430007872]]], [[[-77.74696010038666, 61.45428009995727], [-77.74696010038666, 61.45428009995727]]], [[[-71.62657000028058, 61.301270000064015], [-71.62657000028058, 61.301270000064015]]], [[[-71.68886989988108, 61.30772999986087], [-71.68886989988108, 61.30772999986087]]], [[[-64.87370199986908, 61.31291470013392], [-64.87370199986908, 61.31291470013392]]], [[[-64.80773299976255, 61.30945969993401], [-64.80773299976255, 61.30945969993401]]], [[[-64.88512589959174, 61.322875599920536], [-64.88512589959174, 61.322875599920536]]], [[[-71.56149999997442, 61.325809999849774], [-71.56149999997442, 61.325809999849774]]], [[[-64.77878735532026, 61.3477562501989], [-64.77878735532026, 61.3477562501989]]], [[[-64.88662579955364, 61.851278399876975], [-64.88662579955364, 61.851278399876975]]], [[[-93.36550000036486, 61.7950000000161], [-93.36550000036486, 61.7950000000161]]], [[[-92.92074999973882, 61.79849999992254], [-92.92074999973882, 61.79849999992254]]], [[[-93.51572500032516, 61.83449999985669], [-93.51572500032516, 61.83449999985669]]], [[[-72.15252999958322, 61.843799999805654], [-72.15252999958322, 61.843799999805654]]], [[[-65.04975270006851, 61.69916740005846], [-65.04975270006851, 61.69916740005846]]], [[[-65.12626709965211, 61.69922189996572], [-65.12626709965211, 61.69922189996572]]], [[[-65.16386325168422, 61.699318750063114], [-65.16386325168422, 61.699318750063114]]], [[[-65.18198972967672, 61.699318750063114], [-65.18198972967672, 61.699318750063114]]], [[[-71.85050010023309, 61.71471000015832], [-71.85050010023309, 61.71471000015832]]], [[[-65.10695060004655, 61.71348259990502], [-65.10695060004655, 61.71348259990502]]], [[[-65.16486870004913, 61.71906979986482], [-65.16486870004913, 61.71906979986482]]], [[[-64.77541589990552, 61.78627890003596], [-64.77541589990552, 61.78627890003596]]], [[[-65.25630139999654, 61.78361960010665], [-65.25630139999654, 61.78361960010665]]], [[[-64.76781479973906, 61.79094799983281], [-64.76781479973906, 61.79094799983281]]], [[[-65.21494375034155, 61.79144755388283], [-65.21494375034155, 61.79144755388283]]], [[[-72.18086999986096, 61.74773999978751], [-72.18086999986096, 61.74773999978751]]], [[[-65.89865000032198, 61.75069009981086], [-65.89865000032198, 61.75069009981086]]], [[[-65.21494375034155, 61.743910760662565], [-65.21494375034155, 61.743910760662565]]], [[[-65.88685000024437, 61.75734009998461], [-65.88685000024437, 61.75734009998461]]], [[[-72.15474999985666, 61.76140999986627], [-72.15474999985666, 61.76140999986627]]], [[[-65.65766989963306, 61.749429999866024], [-65.65766989963306, 61.749429999866024]]], [[[-65.74208750011826, 61.83301532322748], [-65.74208750011826, 61.83301532322748]]], [[[-65.88621009972476, 61.76784999989298], [-65.88621009972476, 61.76784999989298]]], [[[-65.17245079994903, 61.7339439998235], [-65.17245079994903, 61.7339439998235]]], [[[-65.26666669983557, 61.74999999996136], [-65.26666669983557, 61.74999999996136]]], [[[-64.77548690005064, 61.79161050007518], [-64.77548690005064, 61.79161050007518]]], [[[-64.79590015817647, 61.78720937489141], [-64.79590015817647, 61.78720937489141]]], [[[-64.80080300040213, 61.80994880008644], [-64.80080300040213, 61.80994880008644]]], [[[-64.86336359289471, 61.82711747216501], [-64.86336359289471, 61.82711747216501]]], [[[-65.25944820023342, 61.80543309994409], [-65.25944820023342, 61.80543309994409]]], [[[-65.29221280034082, 61.80221449987943], [-65.29221280034082, 61.80221449987943]]], [[[-65.7422875001348, 61.854005531405974], [-65.7422875001348, 61.854005531405974]]], [[[-65.7530452002596, 61.83364210005511], [-65.7530452002596, 61.83364210005511]]], [[[-72.1462698999813, 61.835480000175224], [-72.1462698999813, 61.835480000175224]]], [[[-77.82991009983597, 61.566640000189025], [-77.82991009983597, 61.566640000189025]]], [[[-65.39055743632494, 61.660330024990444], [-65.16170040043254, 61.46210169985325], [-64.87704829976092, 61.353640800143175], [-64.65853600037237, 61.56424750001659], [-64.95780100026234, 61.64918969994195], [-65.26259119969836, 61.670387200129426], [-65.39055743632494, 61.660330024990444]]], [[[-77.78310312503875, 61.58360021989], [-77.78310312503875, 61.58360021989]]], [[[-77.81938999961223, 61.62228989980687], [-77.81938999961223, 61.62228989980687]]], [[[-77.80870989955493, 61.62301999985165], [-77.80870989955493, 61.62301999985165]]], [[[-77.7962599000973, 61.610219999993944], [-77.7962599000973, 61.610219999993944]]], [[[-64.7045743002557, 61.62501519982319], [-64.7045743002557, 61.62501519982319]]], [[[-65.47195059969131, 61.59433370020263], [-65.47195059969131, 61.59433370020263]]], [[[-71.52896062278012, 61.59602448136592], [-71.52896062278012, 61.59602448136592]]], [[[-77.78329999981642, 61.60664000014828], [-77.78329999981642, 61.60664000014828]]], [[[-71.52437999995867, 61.605399899909614], [-71.52437999995867, 61.605399899909614]]], [[[-77.8209298997571, 61.6627100000796], [-77.8209298997571, 61.6627100000796]]], [[[-71.57709000032058, 61.6575298998936], [-71.57709000032058, 61.6575298998936]]], [[[-65.37572540027955, 61.664477099983735], [-65.37572540027955, 61.664477099983735]]], [[[-77.82966999992345, 61.61106989985657], [-77.82966999992345, 61.61106989985657]]], [[[-77.87119374987111, 61.65627251497671], [-77.87119374987111, 61.65627251497671]]], [[[-65.39058274815469, 61.70594992834085], [-65.39058274815469, 61.70594992834085]]], [[[-65.11519091262313, 61.699318750063114], [-65.11519091262313, 61.699318750063114]]], [[[-65.36844519989214, 61.664196700114935], [-65.36844519989214, 61.664196700114935]]], [[[-71.67173009995564, 61.674919999810854], [-71.67173009995564, 61.674919999810854]]], [[[-65.40581469979152, 61.67539629992358], [-65.40581469979152, 61.67539629992358]]], [[[-64.78699360018797, 61.68123409993252], [-64.78699360018797, 61.68123409993252]]], [[[-64.80673880010164, 61.67663690009827], [-64.80673880010164, 61.67663690009827]]], [[[-65.30100849993505, 61.67907900014348], [-65.30100849993505, 61.67907900014348]]], [[[-65.47457289968496, 61.69219679997478], [-65.47457289968496, 61.69219679997478]]], [[[-65.37289521306116, 61.699318750063114], [-65.37289521306116, 61.699318750063114]]], [[[-115.16682630005941, 67.88321689993792], [-115.16682630005941, 67.88321689993792]]], [[[-115.51607969964782, 67.89763359984293], [-115.51607969964782, 67.89763359984293]]], [[[-115.14221610034976, 67.89172570016649], [-115.14221610034976, 67.89172570016649]]], [[[-64.8754199002892, 67.8501099998423], [-64.8754199002892, 67.8501099998423]]], [[[-64.92422989987939, 67.81757009995947], [-64.92422989987939, 67.81757009995947]]], [[[-115.06797050022075, 67.81396030010046], [-115.06797050022075, 67.81396030010046]]], [[[-114.9540411998833, 67.82067250007975], [-114.9540411998833, 67.82067250007975]]], [[[-114.49999999973207, 67.82249099992634], [-114.49999999973207, 67.82249099992634]]], [[[-114.44646990039784, 67.78374000016053], [-114.44646990039784, 67.78374000016053]]], [[[-114.40760870035847, 67.76814549984859], [-114.40760870035847, 67.76814549984859]]], [[[-114.42081000041408, 67.78864000013125], [-114.42081000041408, 67.78864000013125]]], [[[-114.41620699966059, 67.80894619995942], [-114.41620699966059, 67.80894619995942]]], [[[-99.44570000017386, 67.80180990008488], [-99.44570000017386, 67.80180990008488]]], [[[-100.88904990013323, 67.80085000007028], [-100.88904990013323, 67.80085000007028]]], [[[-98.73595000008875, 67.8007901000705], [-98.73595000008875, 67.8007901000705]]], [[[-96.16749989972881, 67.80449999987047], [-96.16749989972881, 67.80449999987047]]], [[[-100.86962999994688, 67.80312009991857], [-100.86962999994688, 67.80312009991857]]], [[[-102.22496000033453, 67.80554000006902], [-102.22496000033453, 67.80554000006902]]], [[[-99.316306249831, 67.80556938897828], [-99.316306249831, 67.80556938897828]]], [[[-100.87825990018406, 67.81811000004397], [-100.87825990018406, 67.81811000004397]]], [[[-109.23406989959709, 67.81552000000585], [-109.23406989959709, 67.81552000000585]]], [[[-114.22340000021195, 67.81875000000709], [-114.22340000021195, 67.81875000000709]]], [[[-114.29831999976071, 67.80740999983375], [-114.29831999976071, 67.80740999983375]]], [[[-101.74145000027575, 67.80847990016834], [-101.74145000027575, 67.80847990016834]]], [[[-97.91025625009944, 67.81116414606707], [-97.91025625009944, 67.81116414606707]]], [[[-101.87254999988949, 67.81249989993111], [-101.87254999988949, 67.81249989993111]]], [[[-113.97098999995262, 67.80946009992432], [-113.97098999995262, 67.80946009992432]]], [[[-102.18049999998122, 67.81703010012207], [-102.18049999998122, 67.81703010012207]]], [[[-100.85094999983926, 67.8149700000849], [-100.85094999983926, 67.8149700000849]]], [[[-101.68955312526464, 67.81663292593646], [-101.68955312526464, 67.81663292593646]]], [[[-99.31650624984754, 67.81883616066054], [-99.31650624984754, 67.81883616066054]]], [[[-100.89833750010905, 67.82836010015514], [-100.89833750010905, 67.82836010015514]]], [[[-114.558928999975, 67.82775099987246], [-114.558928999975, 67.82775099987246]]], [[[-72.77333749975709, 67.87199678359951], [-72.77333749975709, 67.87199678359951]]], [[[-100.70898999995616, 67.87226000015794], [-100.70898999995616, 67.87226000015794]]], [[[-107.85084999980481, 67.876879999865], [-107.85084999980481, 67.876879999865]]], [[[-64.94701010020127, 67.82293989999617], [-64.94701010020127, 67.82293989999617]]], [[[-99.95542009766669, 67.85166249989113], [-99.95542009766669, 67.85166249989113]]], [[[-99.96351999997108, 67.81811999985493], [-99.96351999997108, 67.81811999985493]]], [[[-100.80361999983248, 67.83872989987928], [-100.80361999983248, 67.83872989987928]]], [[[-99.81689000028565, 67.82314010004308], [-99.81689000028565, 67.82314010004308]]], [[[-113.90634999981677, 67.83267829868375], [-113.90634999981677, 67.83267829868375]]], [[[-99.46637000040116, 67.8210598998488], [-99.46637000040116, 67.8210598998488]]], [[[-113.94365999980332, 67.82352000005952], [-113.94365999980332, 67.82352000005952]]], [[[-100.81075009982075, 67.82014989983524], [-100.81075009982075, 67.82014989983524]]], [[[-99.6678687499926, 67.81801923533614], [-99.6678687499926, 67.81801923533614]]], [[[-99.93154062533839, 67.82579252140577], [-99.93154062533839, 67.82579252140577]]], [[[-99.95832000043933, 67.82326989984097], [-99.95832000043933, 67.82326989984097]]], [[[-102.07997990039884, 67.82496000013197], [-102.07997990039884, 67.82496000013197]]], [[[-100.02902000044756, 67.83114010001154], [-100.02902000044756, 67.83114010001154]]], [[[-99.71225999958226, 67.83104009987207], [-99.71225999958226, 67.83104009987207]]], [[[-102.67786989994617, 67.83155999989238], [-102.67786989994617, 67.83155999989238]]], [[[-99.84371178934275, 67.8302674154422], [-99.84371178934275, 67.8302674154422]]], [[[-99.444809999696, 67.82609999986789], [-99.444809999696, 67.82609999986789]]], [[[-102.17792999990341, 67.83294990011036], [-102.17792999990341, 67.83294990011036]]], [[[-99.89033989968543, 67.8329699999741], [-99.89033989968543, 67.8329699999741]]], [[[-113.76476999987526, 67.83404989983595], [-113.76476999987526, 67.83404989983595]]], [[[-100.10247989989308, 67.8384700999963], [-100.10247989989308, 67.8384700999963]]], [[[-113.741209999903, 67.84685999991571], [-113.741209999903, 67.84685999991571]]], [[[-99.80310000008838, 67.83521999995197], [-99.80310000008838, 67.83521999995197]]], [[[-99.95907000027678, 67.84166999990555], [-99.95907000027678, 67.84166999990555]]], [[[-108.02406999984782, 67.85735000011947], [-108.02406999984782, 67.85735000011947]]], [[[-100.46164000038479, 67.84281009997454], [-100.46164000038479, 67.84281009997454]]], [[[-100.78796562531475, 67.85166249989113], [-100.78796562531475, 67.85166249989113]]], [[[-97.74476999994931, 67.8422200001509], [-97.74476999994931, 67.8422200001509]]], [[[-99.88874000016442, 67.84410999998109], [-99.88874000016442, 67.84410999998109]]], [[[-99.85573681829734, 67.85166249989113], [-99.85573681829734, 67.85166249989113]]], [[[-97.75496978609556, 67.85166249989113], [-97.75496978609556, 67.85166249989113]]], [[[-99.86434999998876, 67.84360009996468], [-99.86434999998876, 67.84360009996468]]], [[[-109.08510280424093, 67.85166249989113], [-109.08510280424093, 67.85166249989113]]], [[[-99.93416354247462, 67.85166249989113], [-99.93416354247462, 67.85166249989113]]], [[[-114.38630490007066, 67.86995820010699], [-114.38630490007066, 67.86995820010699]]], [[[-114.2253600001944, 67.84762990008807], [-114.2253600001944, 67.84762990008807]]], [[[-109.73705000039524, 67.84715009993141], [-109.73705000039524, 67.84715009993141]]], [[[-100.10091091140099, 67.85166249989113], [-100.10091091140099, 67.85166249989113]]], [[[-100.32464743968112, 67.85166249989113], [-100.32464743968112, 67.85166249989113]]], [[[-100.76322949617531, 67.85166249989113], [-100.76322949617531, 67.85166249989113]]], [[[-100.06028441313215, 67.85166249989113], [-100.06028441313215, 67.85166249989113]]], [[[-109.0375278408427, 67.85166249989113], [-109.0375278408427, 67.85166249989113]]], [[[-100.4599701077301, 67.85166249989113], [-100.4599701077301, 67.85166249989113]]], [[[-100.79914000000095, 67.85402999999464], [-100.79914000000095, 67.85402999999464]]], [[[-96.0098101000818, 67.86016010007324], [-96.0098101000818, 67.86016010007324]]], [[[-100.01963125017075, 67.859334071417], [-100.01963125017075, 67.859334071417]]], [[[-100.19526832379255, 67.85166249989113], [-100.19526832379255, 67.85166249989113]]], [[[-108.24558010040866, 67.85956000006355], [-108.24558010040866, 67.85956000006355]]], [[[-99.75303009983747, 67.8571899000775], [-99.75303009983747, 67.8571899000775]]], [[[-100.79293000034075, 67.86126009994801], [-100.79293000034075, 67.86126009994801]]], [[[-100.47712629292633, 67.85166249989113], [-100.47712629292633, 67.85166249989113]]], [[[-100.26083999994722, 67.87440009996409], [-100.26083999994722, 67.87440009996409]]], [[[-102.72260000034923, 67.86550009996304], [-102.72260000034923, 67.86550009996304]]], [[[-101.57565009975092, 67.86361989996], [-101.57565009975092, 67.86361989996]]], [[[-100.40341990025843, 67.86582009989918], [-100.40341990025843, 67.86582009989918]]], [[[-113.49743010020516, 67.86789999997396], [-113.49743010020516, 67.86789999997396]]], [[[-100.36879999971329, 67.86508990007248], [-100.36879999971329, 67.86508990007248]]], [[[-101.5305700004418, 67.87327009999015], [-101.5305700004418, 67.87327009999015]]], [[[-102.70148999990587, 67.86507990008128], [-102.70148999990587, 67.86507990008128]]], [[[-101.44598999982462, 67.86252989991429], [-101.44598999982462, 67.86252989991429]]], [[[-99.86053010019431, 67.86906009996363], [-99.86053010019431, 67.86906009996363]]], [[[-109.68759999967415, 67.86265953760909], [-109.68759999967415, 67.86265953760909]]], [[[-102.76056010032711, 67.86091999984015], [-102.76056010032711, 67.86091999984015]]], [[[-100.11732000011476, 67.86560009990781], [-100.11732000011476, 67.86560009990781]]], [[[-101.47499999957387, 67.87385989995657], [-101.47499999957387, 67.87385989995657]]], [[[-100.43753010030464, 67.86923999992273], [-100.43753010030464, 67.86923999992273]]], [[[-109.13383999986893, 67.87603999994785], [-109.13383999986893, 67.87603999994785]]], [[[-101.56042989987462, 67.87331999999908], [-101.56042989987462, 67.87331999999908]]], [[[-109.40570989959926, 67.87813999989038], [-109.40570989959926, 67.87813999989038]]], [[[-102.17275156263342, 67.86988869403018], [-102.17275156263342, 67.86988869403018]]], [[[-64.68759999964999, 67.91562999640641], [-64.68759999964999, 67.91562999640641]]], [[[-115.05928369979515, 67.90033719991754], [-115.05928369979515, 67.90033719991754]]], [[[-114.6971699000217, 68.21809000004433], [-114.6971699000217, 68.21809000004433]]], [[[-113.395250000216, 68.22625000012306], [-113.395250000216, 68.22625000012306]]], [[[-112.75999999955508, 68.19249999995593], [-112.75999999955508, 68.19249999995593]]], [[[-106.61809999958389, 68.18514010010561], [-106.61809999958389, 68.18514010010561]]], [[[-107.57822160037779, 68.1966116998994], [-107.57822160037779, 68.1966116998994]]], [[[-96.32312668868146, 68.20322499999905], [-96.32312668868146, 68.20322499999905]]], [[[-98.56076009973053, 68.20304990004286], [-98.56076009973053, 68.20304990004286]]], [[[-112.41345009957719, 68.1986300001238], [-112.41345009957719, 68.1986300001238]]], [[[-112.25975000017792, 68.20050000010089], [-112.25975000017792, 68.20050000010089]]], [[[-107.42794000026639, 68.20124009994996], [-107.42794000026639, 68.20124009994996]]], [[[-112.23199999990406, 68.20474999991094], [-112.23199999990406, 68.20474999991094]]], [[[-98.73544989988525, 68.20315989990857], [-98.73544989988525, 68.20315989990857]]], [[[-107.47945190765238, 68.20322499999905], [-107.47945190765238, 68.20322499999905]]], [[[-106.8038890087917, 68.20302499993333], [-106.8038890087917, 68.20302499993333]]], [[[-107.44900989991547, 68.21193989986706], [-107.44900989991547, 68.21193989986706]]], [[[-109.12527207260655, 68.20322499999905], [-109.12527207260655, 68.20322499999905]]], [[[-96.23834000009043, 68.20648010008676], [-96.23834000009043, 68.20648010008676]]], [[[-112.03800000002889, 68.21424999995695], [-112.03800000002889, 68.21424999995695]]], [[[-108.69309961783544, 68.20302499993333], [-108.69309961783544, 68.20302499993333]]], [[[-111.7967749997289, 68.20875000012119], [-111.7967749997289, 68.20875000012119]]], [[[-108.61546485829409, 68.2031083861468], [-108.61546485829409, 68.2031083861468]]], [[[-109.06190999962423, 68.21851990014098], [-109.06190999962423, 68.21851990014098]]], [[[-106.78766999999877, 68.2216800001472], [-106.78766999999877, 68.2216800001472]]], [[[-111.97975000037661, 68.2310000000464], [-111.97975000037661, 68.2310000000464]]], [[[-98.78896250003774, 68.23182787971078], [-98.78896250003774, 68.23182787971078]]], [[[-98.56517999957464, 68.22389000014014], [-98.56517999957464, 68.22389000014014]]], [[[-98.6911499999768, 68.22456000007588], [-98.6911499999768, 68.22456000007588]]], [[[-113.32100000013874, 68.24400000008183], [-113.32100000013874, 68.24400000008183]]], [[[-113.28525000010154, 68.25049999991292], [-113.28525000010154, 68.25049999991292]]], [[[-112.07935999967664, 68.2458800000552], [-112.07935999967664, 68.2458800000552]]], [[[-66.66834879960159, 68.24090020001954], [-66.66834879960159, 68.24090020001954]]], [[[-109.51322990004758, 68.23916009997143], [-109.51322990004758, 68.23916009997143]]], [[[-109.09912000005167, 68.23468000013695], [-109.09912000005167, 68.23468000013695]]], [[[-106.76649989956796, 68.24662009992475], [-106.76649989956796, 68.24662009992475]]], [[[-108.53201000026522, 68.24104009996435], [-108.53201000026522, 68.24104009996435]]], [[[-111.97884999985301, 68.24828990015628], [-111.97884999985301, 68.24828990015628]]], [[[-111.87965999977922, 68.24986990000339], [-111.87965999977922, 68.24986990000339]]], [[[-113.5883999000833, 67.99068010016367], [-113.5883999000833, 67.99068010016367]]], [[[-102.12880625022552, 67.87215881461998], [-102.12880625022552, 67.87215881461998]]], [[[-102.21669687504135, 67.87552503880511], [-102.21669687504135, 67.87552503880511]]], [[[-114.86552610041792, 67.8739365001409], [-114.86552610041792, 67.8739365001409]]], [[[-100.17884989978633, 67.87589999988938], [-100.17884989978633, 67.87589999988938]]], [[[-101.5490999001503, 67.87516009984608], [-101.5490999001503, 67.87516009984608]]], [[[-102.66865990003785, 67.87208990004996], [-102.66865990003785, 67.87208990004996]]], [[[-108.24792990005413, 67.88557000014906], [-108.24792990005413, 67.88557000014906]]], [[[-114.75907170042424, 67.88201780008164], [-114.75907170042424, 67.88201780008164]]], [[[-111.03346999990822, 67.87910999985772], [-111.03346999990822, 67.87910999985772]]], [[[-109.16005624986434, 67.87136174503662], [-109.16005624986434, 67.87136174503662]]], [[[-113.85309010024527, 67.89152010005573], [-113.85309010024527, 67.89152010005573]]], [[[-101.63778000037041, 67.87925999987992], [-101.63778000037041, 67.87925999987992]]], [[[-113.74247989971116, 67.8807301001485], [-113.74247989971116, 67.8807301001485]]], [[[-101.56790999966728, 67.88574010014797], [-101.56790999966728, 67.88574010014797]]], [[[-108.63271250007111, 67.86544527540701], [-108.63271250007111, 67.86544527540701]]], [[[-109.10691999979845, 67.88596009987842], [-109.10691999979845, 67.88596009987842]]], [[[-102.12068000033385, 67.8811399998448], [-102.12068000033385, 67.8811399998448]]], [[[-100.65903999964287, 67.90408989985926], [-100.65903999964287, 67.90408989985926]]], [[[-109.13239999957017, 67.88549000012978], [-109.13239999957017, 67.88549000012978]]], [[[-102.812959899845, 67.88248999999034], [-102.812959899845, 67.88248999999034]]], [[[-97.83700545419754, 67.85166249989113], [-97.83700545419754, 67.85166249989113]]], [[[-113.90634999981677, 67.88187274856344], [-114.21520989986654, 67.90183000006823], [-113.9094000002936, 67.88016009988223], [-113.90634999981677, 67.88187274856344]]], [[[-100.19521249978584, 67.88793107329793], [-100.19521249978584, 67.88793107329793]]], [[[-109.70399990041919, 67.8812801000498], [-109.70399990041919, 67.8812801000498]]], [[[-108.1727099997444, 67.88440990013217], [-108.1727099997444, 67.88440990013217]]], [[[-100.68423009959767, 67.88618989990596], [-100.68423009959767, 67.88618989990596]]], [[[-107.98179999963071, 67.88522999985764], [-107.98179999963071, 67.88522999985764]]], [[[-109.16025624988089, 67.89012375912891], [-109.16025624988089, 67.89012375912891]]], [[[-108.2285600998095, 67.9057100000918], [-108.2285600998095, 67.9057100000918]]], [[[-102.17295156264997, 67.89336971884397], [-102.17295156264997, 67.89336971884397]]], [[[-102.89312999976552, 67.91094999984321], [-102.89312999976552, 67.91094999984321]]], [[[-100.72255624957909, 67.89198807410531], [-100.72255624957909, 67.89198807410531]]], [[[-101.56038000025723, 67.89147999999965], [-101.56038000025723, 67.89147999999965]]], [[[-107.9046799999, 67.90349999988233], [-107.9046799999, 67.90349999988233]]], [[[-109.86697009971422, 67.89193999993965], [-109.86697009971422, 67.89193999993965]]], [[[-102.14199990022817, 67.89327000004282], [-102.14199990022817, 67.89327000004282]]], [[[-100.64538000004023, 67.89348999988226], [-100.64538000004023, 67.89348999988226]]], [[[-109.0280800002848, 67.89525999993641], [-109.0280800002848, 67.89525999993641]]], [[[-114.46426349957697, 67.89929750015156], [-114.46426349957697, 67.89929750015156]]], [[[-101.45644000001516, 67.91020990002346], [-101.45644000001516, 67.91020990002346]]], [[[-113.58025009995814, 67.89909989993616], [-113.58025009995814, 67.89909989993616]]], [[[-100.47900009955727, 67.90299990007594], [-100.47900009955727, 67.90299990007594]]], [[[-110.54958009962083, 67.89612999987577], [-110.54958009962083, 67.89612999987577]]], [[[-110.56925000005242, 67.89720989988817], [-110.56925000005242, 67.89720989988817]]], [[[-109.25044999967665, 67.89497009986323], [-109.25044999967665, 67.89497009986323]]], [[[-113.98139009962743, 67.89626999990995], [-113.98139009962743, 67.89626999990995]]], [[[-113.67040000028993, 67.90917000015722], [-113.67040000028993, 67.90917000015722]]], [[[-114.42722030012813, 67.90885759999951], [-114.42722030012813, 67.90885759999951]]], [[[-109.68759999967415, 67.90026166639458], [-109.68759999967415, 67.90026166639458]]], [[[-114.93714959997925, 67.90846889987056], [-114.93714959997925, 67.90846889987056]]], [[[-114.28114989966072, 67.89719989983507], [-114.28114989966072, 67.89719989983507]]], [[[-100.7009600000556, 67.90162010003742], [-100.7009600000556, 67.90162010003742]]], [[[-109.16025624988089, 67.89915814659503], [-109.16025624988089, 67.89915814659503]]], [[[-110.96392999981626, 67.89636000011463], [-110.96392999981626, 67.89636000011463]]], [[[-100.8519599999677, 67.90458999986298], [-100.8519599999677, 67.90458999986298]]], [[[-113.76982010023049, 67.91085009987432], [-113.76982010023049, 67.91085009987432]]], [[[-108.35589519988038, 67.91602860000037], [-108.35589519988038, 67.91602860000037]]], [[[-100.6577898996019, 67.90563009985118], [-100.6577898996019, 67.90563009985118]]], [[[-102.20180010010837, 67.90811999984363], [-102.20180010010837, 67.90811999984363]]], [[[-102.12900625024206, 67.91345326007705], [-102.12900625024206, 67.91345326007705]]], [[[-113.3713701002896, 67.90225000009802], [-113.3713701002896, 67.90225000009802]]], [[[-109.16014999984402, 67.95945010004813], [-108.86413999957199, 67.87262010006175], [-109.14566009975101, 67.98034009983586], [-109.16014999984402, 67.95945010004813]]], [[[-113.50464000023507, 67.98532999996965], [-113.50464000023507, 67.98532999996965]]], [[[-97.61366989972426, 67.98536989988895], [-97.61366989972426, 67.98536989988895]]], [[[-109.41672989970219, 67.98538999997682], [-109.41672989970219, 67.98538999997682]]], [[[-65.41199000022725, 67.94030000016825], [-65.41199000022725, 67.94030000016825]]], [[[-65.82734000021838, 67.914349999963], [-65.82734000021838, 67.914349999963]]], [[[-114.82165670014312, 67.92430700002234], [-114.82165670014312, 67.92430700002234]]], [[[-114.60350189969492, 67.91858420007196], [-114.60350189969492, 67.91858420007196]]], [[[-114.56987070022284, 67.9237417001025], [-114.56987070022284, 67.9237417001025]]], [[[-114.40625760003516, 67.91719780011799], [-114.40625760003516, 67.91719780011799]]], [[[-101.37001999996444, 67.915699999957], [-101.37001999996444, 67.915699999957]]], [[[-102.09196009982749, 67.91545999994386], [-102.09196009982749, 67.91545999994386]]], [[[-114.5506755001301, 67.9225591000722], [-114.5506755001301, 67.9225591000722]]], [[[-113.7115700996799, 67.92129000010985], [-113.7115700996799, 67.92129000010985]]], [[[-114.35768400019683, 67.9170936998362], [-114.35768400019683, 67.9170936998362]]], [[[-113.64687989988934, 67.91748000015427], [-113.64687989988934, 67.91748000015427]]], [[[-114.49999999973207, 67.9242339999286], [-114.49999999973207, 67.9242339999286]]], [[[-114.60947500013998, 67.92158387611171], [-114.60947500013998, 67.92158387611171]]], [[[-109.10707010019759, 67.92448999990008], [-109.10707010019759, 67.92448999990008]]], [[[-113.1174699000768, 67.91876989988877], [-113.1174699000768, 67.91876989988877]]], [[[-114.22955989993044, 67.917160000133], [-114.22955989993044, 67.917160000133]]], [[[-109.33583750039432, 67.94254696715343], [-109.33583750039432, 67.94254696715343]]], [[[-114.42466879995528, 67.92652950002594], [-114.42466879995528, 67.92652950002594]]], [[[-109.25195009996285, 67.92924999992401], [-109.25195009996285, 67.92924999992401]]], [[[-108.03447990014239, 67.92482999983918], [-108.03447990014239, 67.92482999983918]]], [[[-113.08036999986552, 67.93715000007502], [-113.08036999986552, 67.93715000007502]]], [[[-109.10240010039526, 67.92887009989049], [-109.10240010039526, 67.92887009989049]]], [[[-107.79520989980199, 67.93338999983132], [-107.79520989980199, 67.93338999983132]]], [[[-103.04739009992974, 67.92949999987245], [-103.04739009992974, 67.92949999987245]]], [[[-102.17295156264997, 67.93293531602663], [-102.17295156264997, 67.93293531602663]]], [[[-102.02554999996701, 67.93282000005674], [-102.02554999996701, 67.93282000005674]]], [[[-109.23060010021831, 67.93299010004914], [-109.23060010021831, 67.93299010004914]]], [[[-109.36346009979795, 67.92911989986376], [-109.36346009979795, 67.92911989986376]]], [[[-107.8881000004152, 67.97151000014912], [-107.8881000004152, 67.97151000014912]]], [[[-112.9240599999185, 67.94698010009384], [-112.9240599999185, 67.94698010009384]]], [[[-112.77646010000059, 67.93878989984421], [-112.77646010000059, 67.93878989984421]]], [[[-107.69783989996854, 67.93376009991782], [-107.69783989996854, 67.93376009991782]]], [[[-102.18706642599334, 67.93955312502632], [-102.18706642599334, 67.93955312502632]]], [[[-65.22687999969494, 67.98945010010445], [-65.22687999969494, 67.98945010010445]]], [[[-113.60072010016889, 67.98500010011635], [-113.60072010016889, 67.98500010011635]]], [[[-95.45126009992535, 67.98357010003824], [-95.45126009992535, 67.98357010003824]]], [[[-114.28822009998585, 67.94722009983325], [-114.28822009998585, 67.94722009983325]]], [[[-114.08808000015938, 67.96044009989468], [-114.08808000015938, 67.96044009989468]]], [[[-112.80192009968081, 67.96012009999053], [-112.80192009968081, 67.96012009999053]]], [[[-112.50010000006866, 67.95422542862467], [-112.50010000006866, 67.95422542862467]]], [[[-102.68190000012721, 67.95154010002723], [-102.68190000012721, 67.95154010002723]]], [[[-97.51723000026463, 67.94848000003188], [-97.51723000026463, 67.94848000003188]]], [[[-109.18991010004204, 67.94009010011439], [-109.18991010004204, 67.94009010011439]]], [[[-109.26564990032246, 67.95522009994008], [-109.26564990032246, 67.95522009994008]]], [[[-114.03359999978582, 67.95800009988271], [-114.03359999978582, 67.95800009988271]]], [[[-65.94193010038053, 67.95493999988366], [-65.94193010038053, 67.95493999988366]]], [[[-112.7361700001444, 67.95481999998375], [-112.7361700001444, 67.95481999998375]]], [[[-112.45538989975711, 67.95984999988684], [-112.45538989975711, 67.95984999988684]]], [[[-109.33583750039432, 67.96557823952998], [-109.33583750039432, 67.96557823952998]]], [[[-110.37418990010708, 67.95716999997914], [-110.37418990010708, 67.95716999997914]]], [[[-109.45038010033917, 67.94083000007396], [-109.45038010033917, 67.94083000007396]]], [[[-107.97782000028968, 67.96294999995975], [-107.97782000028968, 67.96294999995975]]], [[[-113.90634999981677, 67.96463341621185], [-113.90634999981677, 67.96463341621185]]], [[[-113.00260990018923, 67.96611010014618], [-113.00260990018923, 67.96611010014618]]], [[[-102.90404000026359, 67.96368990006323], [-102.90404000026359, 67.96368990006323]]], [[[-97.65920000019348, 67.96413989996398], [-97.65920000019348, 67.96413989996398]]], [[[-98.75318999989761, 67.96059999983386], [-98.75318999989761, 67.96059999983386]]], [[[-98.9240199997879, 67.9612800000277], [-98.9240199997879, 67.9612800000277]]], [[[-65.90061000030443, 67.96756990014246], [-65.90061000030443, 67.96756990014246]]], [[[-97.64475999971786, 67.96670999991721], [-97.64475999971786, 67.96670999991721]]], [[[-109.35271000031878, 67.97529999997694], [-109.35271000031878, 67.97529999997694]]], [[[-102.86290999987129, 67.9705601000171], [-102.86290999987129, 67.9705601000171]]], [[[-109.25707989974842, 67.97865999988284], [-109.25707989974842, 67.97865999988284]]], [[[-109.32194999975103, 67.97678010001223], [-109.32194999975103, 67.97678010001223]]], [[[-102.87010989985545, 67.97281989985484], [-102.87010989985545, 67.97281989985484]]], [[[-102.9071800002538, 67.97424990006185], [-102.9071800002538, 67.97424990006185]]], [[[-109.18483999959531, 67.97020999995507], [-109.18483999959531, 67.97020999995507]]], [[[-103.122069999566, 67.97809000007894], [-103.122069999566, 67.97809000007894]]], [[[-98.72786009962672, 67.97359999988892], [-98.72786009962672, 67.97359999988892]]], [[[-109.07802999969978, 67.98511010006331], [-109.07802999969978, 67.98511010006331]]], [[[-103.10734989989322, 67.97974000015127], [-103.10734989989322, 67.97974000015127]]], [[[-112.56853999962047, 67.98207000014469], [-112.56853999962047, 67.98207000014469]]], [[[-108.40856010032344, 67.9887200000947], [-108.40856010032344, 67.9887200000947]]], [[[-109.17470999997023, 67.97777000004817], [-109.17470999997023, 67.97777000004817]]], [[[-114.99057999979169, 68.01487999983851], [-114.99057999979169, 68.01487999983851]]], [[[-65.18326200013888, 68.0280727998451], [-65.18326200013888, 68.0280727998451]]], [[[-113.48113999963896, 68.00153999991429], [-113.48113999963896, 68.00153999991429]]], [[[-65.20530730040491, 68.00002309983327], [-65.20530730040491, 68.00002309983327]]], [[[-65.42808989960002, 67.99990009997403], [-65.42808989960002, 67.99990009997403]]], [[[-109.3464401000971, 67.98673000001429], [-109.3464401000971, 67.98673000001429]]], [[[-109.16025624988089, 68.00745915295738], [-109.16025624988089, 68.00745915295738]]], [[[-103.21894010041855, 67.99291990008271], [-103.21894010041855, 67.99291990008271]]], [[[-109.04042000013757, 68.01867000009862], [-109.04042000013757, 68.01867000009862]]], [[[-98.78896250003774, 68.01026909045717], [-98.78896250003774, 68.01026909045717]]], [[[-65.29838839991554, 68.04122019995569], [-65.29838839991554, 68.04122019995569]]], [[[-110.11135989979445, 68.01437009983825], [-110.11135989979445, 68.01437009983825]]], [[[-107.72624000023374, 68.01711999998017], [-107.72624000023374, 68.01711999998017]]], [[[-108.47777000009118, 68.01997999996702], [-108.47777000009118, 68.01997999996702]]], [[[-98.8051100002391, 68.01894989994503], [-98.8051100002391, 68.01894989994503]]], [[[-65.77194009984107, 67.99985000015997], [-65.77194009984107, 67.99985000015997]]], [[[-109.24716990023136, 68.00170009993877], [-109.24716990023136, 68.00170009993877]]], [[[-66.16930799997051, 68.03583480010263], [-66.16930799997051, 68.03583480010263]]], [[[-96.6583599998839, 68.02340999986308], [-96.6583599998839, 68.02340999986308]]], [[[-109.16005624986434, 68.03283908923093], [-109.16005624986434, 68.03283908923093]]], [[[-108.50497989997858, 68.02729999990345], [-108.50497989997858, 68.02729999990345]]], [[[-113.28837000000026, 68.03220999989267], [-113.28837000000026, 68.03220999989267]]], [[[-110.63711989997884, 68.02799999997487], [-110.63711989997884, 68.02799999997487]]], [[[-110.55520999960989, 68.02804990013851], [-110.55520999960989, 68.02804990013851]]], [[[-98.72658000034686, 68.02447009995565], [-98.72658000034686, 68.02447009995565]]], [[[-110.3905249999808, 68.02238234385263], [-110.3905249999808, 68.02238234385263]]], [[[-107.89005989978634, 68.01274999990122], [-107.89005989978634, 68.01274999990122]]], [[[-98.88218990007385, 68.02132999992662], [-98.88218990007385, 68.02132999992662]]], [[[-109.33583750039432, 68.05941849824258], [-109.33583750039432, 68.05941849824258]]], [[[-99.01937009997576, 68.06073010010392], [-99.01937009997576, 68.06073010010392]]], [[[-98.78913014453437, 68.04004237407979], [-98.78913014453437, 68.04004237407979]]], [[[-79.11310009991664, 68.04828989989433], [-79.11310009991664, 68.04828989989433]]], [[[-96.67228999982328, 68.03421999992648], [-96.67228999982328, 68.03421999992648]]], [[[-98.81175000006961, 68.0409499000492], [-98.81175000006961, 68.0409499000492]]], [[[-109.131170000232, 68.05296989996494], [-109.131170000232, 68.05296989996494]]], [[[-85.98600000044537, 68.05100000007661], [-85.98600000044537, 68.05100000007661]]], [[[-98.82123000031467, 68.05156000000622], [-98.82123000031467, 68.05156000000622]]], [[[-98.43759999989267, 68.04580695472232], [-98.43759999989267, 68.04580695472232]]], [[[-65.53064489979492, 68.05707390015122], [-65.53064489979492, 68.05707390015122]]], [[[-109.46821999958637, 68.05184009989239], [-109.46821999958637, 68.05184009989239]]], [[[-104.30724999958062, 68.06275000012982], [-104.30724999958062, 68.06275000012982]]], [[[-96.66786009993345, 68.05104009988514], [-96.66786009993345, 68.05104009988514]]], [[[-108.50804000021414, 68.04960009986627], [-108.50804000021414, 68.04960009986627]]], [[[-104.32425000008828, 68.06250000011433], [-104.32425000008828, 68.06250000011433]]], [[[-110.02237000027723, 68.1023298998337], [-110.02237000027723, 68.1023298998337]]], [[[-65.57358829960688, 68.07974600007206], [-65.57358829960688, 68.07974600007206]]], [[[-65.61956560028915, 68.07294469984842], [-65.61956560028915, 68.07294469984842]]], [[[-109.2536630003601, 68.06832420002242], [-109.2536630003601, 68.06832420002242]]], [[[-98.90115000027696, 68.0573801001003], [-98.90115000027696, 68.0573801001003]]], [[[-96.63455999971214, 68.06245000012152], [-96.63455999971214, 68.06245000012152]]], [[[-109.16025624988089, 68.07925988101148], [-109.16025624988089, 68.07925988101148]]], [[[-79.13717999985955, 68.0717099999166], [-79.13717999985955, 68.0717099999166]]], [[[-108.94711990034386, 68.07789999994887], [-108.94711990034386, 68.07789999994887]]], [[[-108.89915999986323, 68.0785700000812], [-108.89915999986323, 68.0785700000812]]], [[[-107.37090999990653, 68.08301999992507], [-107.37090999990653, 68.08301999992507]]], [[[-108.28134999992604, 68.10180505800932], [-108.28134999992604, 68.10180505800932]]], [[[-65.57899189960283, 68.14823519996872], [-65.57899189960283, 68.14823519996872]]], [[[-65.86660669977702, 68.11142140013771], [-65.86660669977702, 68.11142140013771]]], [[[-114.19026999958297, 68.14109009983572], [-114.19026999958297, 68.14109009983572]]], [[[-113.9349498997742, 68.10959999991078], [-113.9349498997742, 68.10959999991078]]], [[[-112.93475000030854, 68.09549999986997], [-112.93475000030854, 68.09549999986997]]], [[[-109.52536999959683, 68.08816000002575], [-109.52536999959683, 68.08816000002575]]], [[[-108.47878000021964, 68.0921299999715], [-108.47878000021964, 68.0921299999715]]], [[[-107.41040009969653, 68.08899989999898], [-107.41040009969653, 68.08899989999898]]], [[[-98.99408999960927, 68.07761010013535], [-98.99408999960927, 68.07761010013535]]], [[[-109.21877000029048, 68.10481999995025], [-109.21877000029048, 68.10481999995025]]], [[[-112.84699999956393, 68.11100000006725], [-112.84699999956393, 68.11100000006725]]], [[[-109.49213000026127, 68.10434999988567], [-109.49213000026127, 68.10434999988567]]], [[[-98.64277999970435, 68.10342010008452], [-98.64277999970435, 68.10342010008452]]], [[[-98.35386010013595, 68.1006301001627], [-98.35386010013595, 68.1006301001627]]], [[[-108.63681990028233, 68.10724999996482], [-108.63681990028233, 68.10724999996482]]], [[[-98.65988999981688, 68.1039701000869], [-98.65988999981688, 68.1039701000869]]], [[[-99.03518990015135, 68.11479999996929], [-99.03518990015135, 68.11479999996929]]], [[[-112.79275000024248, 68.1317499998587], [-112.79275000024248, 68.1317499998587]]], [[[-66.12183379969936, 68.13259499999002], [-66.12183379969936, 68.13259499999002]]], [[[-66.25317320033633, 68.10570970004427], [-66.25317320033633, 68.10570970004427]]], [[[-106.74980009985856, 68.12108009994931], [-106.74980009985856, 68.12108009994931]]], [[[-98.34020009963501, 68.12344989987106], [-98.34020009963501, 68.12344989987106]]], [[[-98.5732398998994, 68.12358000005608], [-98.5732398998994, 68.12358000005608]]], [[[-107.21519990029613, 68.13404999992242], [-107.21519990029613, 68.13404999992242]]], [[[-99.01532999974897, 68.12720009998655], [-99.01532999974897, 68.12720009998655]]], [[[-112.9180000000461, 68.14624999993173], [-112.9180000000461, 68.14624999993173]]], [[[-98.6745899996852, 68.13033010006853], [-98.6745899996852, 68.13033010006853]]], [[[-98.6498999999339, 68.13027999983929], [-98.6498999999339, 68.13027999983929]]], [[[-107.19651009956873, 68.13354009997735], [-107.19651009956873, 68.13354009997735]]], [[[-98.37638000012952, 68.12895999995237], [-98.37638000012952, 68.12895999995237]]], [[[-106.82108990044469, 68.13684999988843], [-106.82108990044469, 68.13684999988843]]], [[[-65.59565940038618, 68.16203259996436], [-65.59565940038618, 68.16203259996436]]], [[[-114.16783009995534, 68.13767990016517], [-114.16783009995534, 68.13767990016517]]], [[[-112.7767499998175, 68.18600000006175], [-112.7767499998175, 68.18600000006175]]], [[[-65.88264800024719, 68.1033333000682], [-65.88264800024719, 68.1033333000682]]], [[[-109.85319990018243, 68.11632009990474], [-109.85319990018243, 68.11632009990474]]], [[[-113.90634999981677, 68.15190632434903], [-113.90634999981677, 68.15190632434903]]], [[[-112.88574999984924, 68.15750000004509], [-112.88574999984924, 68.15750000004509]]], [[[-108.63291250008764, 68.13681396468702], [-108.63291250008764, 68.13681396468702]]], [[[-98.35681000044235, 68.14218000011927], [-98.35681000044235, 68.14218000011927]]], [[[-104.49550000010314, 68.13925000005995], [-104.49550000010314, 68.13925000005995]]], [[[-109.1807900996471, 68.14328000005328], [-109.1807900996471, 68.14328000005328]]], [[[-98.34046000021301, 68.13840999997774], [-98.34046000021301, 68.13840999997774]]], [[[-98.57086000040371, 68.14083000007162], [-98.57086000040371, 68.14083000007162]]], [[[-112.28900000012669, 68.15049999993217], [-112.28900000012669, 68.15049999993217]]], [[[-104.58275000035725, 68.17225000010045], [-104.58275000035725, 68.17225000010045]]], [[[-107.51534630019341, 68.1526106999569], [-107.51534630019341, 68.1526106999569]]], [[[-66.16400429982068, 68.1674765001388], [-66.16400429982068, 68.1674765001388]]], [[[-98.75651999985863, 68.16255009995122], [-98.75651999985863, 68.16255009995122]]], [[[-109.25528009992385, 68.16095999992282], [-109.25528009992385, 68.16095999992282]]], [[[-110.31043000011634, 68.17919000013966], [-110.31043000011634, 68.17919000013966]]], [[[-108.63549601711551, 68.20322499999905], [-108.63549601711551, 68.20322499999905]]], [[[-106.78416009982573, 68.18458010006398], [-106.78416009982573, 68.18458010006398]]], [[[-112.10250000042264, 68.17375000007976], [-112.10250000042264, 68.17375000007976]]], [[[-108.74826000040854, 68.17301009999133], [-108.74826000040854, 68.17301009999133]]], [[[-98.5064899997063, 68.16813009993763], [-98.5064899997063, 68.16813009993763]]], [[[-98.56766009985206, 68.16535989998974], [-98.56766009985206, 68.16535989998974]]], [[[-109.16025624988089, 68.18611263258525], [-109.16025624988089, 68.18611263258525]]], [[[-98.3366301003728, 68.17647989993513], [-98.3366301003728, 68.17647989993513]]], [[[-66.67309900009415, 68.17307560014326], [-66.67309900009415, 68.17307560014326]]], [[[-78.80932000032203, 68.17407999993704], [-78.80932000032203, 68.17407999993704]]], [[[-112.0322499997779, 68.18850000010377], [-112.0322499997779, 68.18850000010377]]], [[[-108.77833989994939, 68.18185999984819], [-108.77833989994939, 68.18185999984819]]], [[[-96.36425009993118, 68.18320000012035], [-96.36425009993118, 68.18320000012035]]], [[[-112.39075000023256, 68.18149999998607], [-112.39075000023256, 68.18149999998607]]], [[[-112.44000000003881, 68.18850000010377], [-112.44000000003881, 68.18850000010377]]], [[[-111.7967749997289, 68.1972499998564], [-111.7967749997289, 68.1972499998564]]], [[[-74.15359604212983, 68.20322499999905], [-74.15359604212983, 68.20322499999905]]], [[[-98.65001843202432, 68.20302499993333], [-98.65001843202432, 68.20302499993333]]], [[[-107.41868487977797, 68.20322499999905], [-107.41868487977797, 68.20322499999905]]], [[[-66.97000999981638, 66.06067989997845], [-66.97000999981638, 66.06067989997845]]], [[[-66.92374989960122, 66.05660999982189], [-66.92374989960122, 66.05660999982189]]], [[[-85.12879160037096, 66.05603459982136], [-85.12879160037096, 66.05603459982136]]], [[[-84.94710410022276, 66.05285820014467], [-84.94710410022276, 66.05285820014467]]], [[[-83.75623000032064, 66.14946999998344], [-83.75623000032064, 66.14946999998344]]], [[[-66.35280999997457, 66.16364999986033], [-66.35280999997457, 66.16364999986033]]], [[[-68.2499999996324, 66.17274359999743], [-68.2499999996324, 66.17274359999743]]], [[[-68.28429680042436, 66.16626030011896], [-68.28429680042436, 66.16626030011896]]], [[[-83.70760990008996, 66.17328010016483], [-83.70760990008996, 66.17328010016483]]], [[[-68.29552549982903, 66.17150790016528], [-68.29552549982903, 66.17150790016528]]], [[[-84.67051499996198, 66.14949389994071], [-84.67051499996198, 66.14949389994071]]], [[[-68.26972419962966, 66.17689210007656], [-68.26972419962966, 66.17689210007656]]], [[[-67.32411875039631, 66.1840122717911], [-67.32411875039631, 66.1840122717911]]], [[[-67.22587966286484, 66.18164649679345], [-67.22587966286484, 66.18164649679345]]], [[[-67.34181000002354, 66.18163990011995], [-67.34181000002354, 66.18163990011995]]], [[[-67.23622812468219, 66.18803100051733], [-67.23622812468219, 66.18803100051733]]], [[[-68.69231789966159, 66.1842097001751], [-68.69231789966159, 66.1842097001751]]], [[[-61.818000000372024, 66.27624999998487], [-61.818000000372024, 66.27624999998487]]], [[[-62.12025000044149, 66.27575000002227], [-62.12025000044149, 66.27575000002227]]], [[[-66.73829009958884, 66.28002009993126], [-66.73829009958884, 66.28002009993126]]], [[[-67.1024300000783, 66.27760999999184], [-67.1024300000783, 66.27760999999184]]], [[[-67.385420000082, 66.28145009989925], [-67.385420000082, 66.28145009989925]]], [[[-62.3227499996722, 66.36599999994273], [-62.3227499996722, 66.36599999994273]]], [[[-67.65193989959444, 66.36862989998804], [-67.65193989959444, 66.36862989998804]]], [[[-85.3292656003953, 66.33447340006002], [-85.3292656003953, 66.33447340006002]]], [[[-66.67858990016605, 66.29013989983197], [-66.67858990016605, 66.29013989983197]]], [[[-66.7217498999627, 66.30126990015061], [-66.7217498999627, 66.30126990015061]]], [[[-67.11173989983273, 66.28897999997677], [-67.11173989983273, 66.28897999997677]]], [[[-67.59940999976891, 66.29349989999663], [-67.59940999976891, 66.29349989999663]]], [[[-67.49990000002796, 66.29615533059523], [-67.49990000002796, 66.29615533059523]]], [[[-67.65020000033132, 66.35940990017238], [-67.65020000033132, 66.35940990017238]]], [[[-67.59801010026442, 66.35280999986583], [-67.59801010026442, 66.35280999986583]]], [[[-66.8532200000836, 66.3550698999798], [-66.8532200000836, 66.3550698999798]]], [[[-67.61132000034968, 66.30230000012021], [-67.61132000034968, 66.30230000012021]]], [[[-84.51800000030636, 66.32100000000521], [-84.51800000030636, 66.32100000000521]]], [[[-67.6445300004463, 66.32867999984673], [-67.6445300004463, 66.32867999984673]]], [[[-66.7969749997213, 66.30242394918213], [-66.7969749997213, 66.30242394918213]]], [[[-67.51620990036133, 66.3144599998462], [-67.51620990036133, 66.3144599998462]]], [[[-67.45771009988981, 66.3143999000818], [-67.45771009988981, 66.3143999000818]]], [[[-67.49990000002796, 66.31253347821118], [-67.49990000002796, 66.31253347821118]]], [[[-67.59776000030617, 66.32315009990644], [-67.59776000030617, 66.32315009990644]]], [[[-67.50006009957454, 66.3293998998712], [-67.50006009957454, 66.3293998998712]]], [[[-67.53239000042436, 66.35322999992965], [-67.53239000042436, 66.35322999992965]]], [[[-67.11878000030764, 66.33932000002179], [-67.11878000030764, 66.33932000002179]]], [[[-67.66418989993385, 66.33601000016513], [-67.66418989993385, 66.33601000016513]]], [[[-67.4624200001621, 66.34129990005333], [-67.4624200001621, 66.34129990005333]]], [[[-67.7494301003011, 66.42621990013046], [-67.7494301003011, 66.42621990013046]]], [[[-67.69722999986415, 66.42910989985495], [-67.69722999986415, 66.42910989985495]]], [[[-66.80113999990856, 66.4185498999481], [-66.80113999990856, 66.4185498999481]]], [[[-67.78460999981459, 66.43185999995369], [-67.78460999981459, 66.43185999995369]]], [[[-86.65975000024802, 66.46674999997536], [-86.65975000024802, 66.46674999997536]]], [[[-61.52750000015145, 66.47650000001462], [-61.52750000015145, 66.47650000001462]]], [[[-86.68049999994297, 66.4967499999506], [-86.68049999994297, 66.4967499999506]]], [[[-86.12649999993822, 66.49324999982689], [-86.12649999993822, 66.49324999982689]]], [[[-85.97308159963566, 66.49704120007914], [-85.97308159963566, 66.49704120007914]]], [[[-66.91167999979818, 66.49462999987512], [-66.91167999979818, 66.49462999987512]]], [[[-67.71585499972018, 66.56832770007632], [-67.71585499972018, 66.56832770007632]]], [[[-86.18024999966748, 66.51550000002878], [-86.18024999966748, 66.51550000002878]]], [[[-67.09145000015833, 66.52301999989358], [-67.09145000015833, 66.52301999989358]]], [[[-86.26899999959649, 66.52774999984379], [-86.26899999959649, 66.52774999984379]]], [[[-83.99549999976274, 66.78375000014388], [-83.99549999976274, 66.78375000014388]]], [[[-108.13169559995274, 66.81556719983014], [-108.13169559995274, 66.81556719983014]]], [[[-108.0525108997966, 66.8317087999987], [-108.0525108997966, 66.8317087999987]]], [[[-84.65350000028401, 66.83599999988479], [-84.65350000028401, 66.83599999988479]]], [[[-84.51600000014096, 66.85924999989298], [-84.51600000014096, 66.85924999989298]]], [[[-61.97010039967625, 66.98766669992663], [-61.97010039967625, 66.98766669992663]]], [[[-62.34800000018846, 66.96374999990226], [-62.34800000018846, 66.96374999990226]]], [[[-62.58777919976789, 66.98216009987149], [-62.58777919976789, 66.98216009987149]]], [[[-62.49508380000934, 66.99308499984534], [-62.49508380000934, 66.99308499984534]]], [[[-63.2087873997459, 66.92120470009075], [-63.2087873997459, 66.92120470009075]]], [[[-107.92374999999498, 66.94799999990204], [-107.92374999999498, 66.94799999990204]]], [[[-107.94250000042281, 66.92724999997375], [-107.94250000042281, 66.92724999997375]]], [[[-84.95499999961771, 66.9424999999943], [-84.95499999961771, 66.9424999999943]]], [[[-85.10274999993476, 66.88749999984779], [-85.10274999993476, 66.88749999984779]]], [[[-84.48724999978437, 66.8945000001283], [-84.48724999978437, 66.8945000001283]]], [[[-85.07815755812163, 66.89325683148803], [-85.07815755812163, 66.89325683148803]]], [[[-84.47349999977007, 66.91250000003383], [-84.47349999977007, 66.91250000003383]]], [[[-107.8787499998665, 66.96925000009071], [-107.8787499998665, 66.96925000009071]]], [[[-84.58999999997295, 66.96525000011286], [-84.58999999997295, 66.96525000011286]]], [[[-64.70657000018583, 66.97455990003982], [-64.70657000018583, 66.97455990003982]]], [[[-85.95100000024563, 66.44300000006403], [-85.95100000024563, 66.44300000006403]]], [[[-85.90325000011427, 66.45950000011165], [-85.90325000011427, 66.45950000011165]]], [[[-85.94399999966669, 66.45699999995963], [-85.94399999966669, 66.45699999995963]]], [[[-85.89875000019126, 66.44300000006403], [-85.89875000019126, 66.44300000006403]]], [[[-85.89600000018841, 66.44699999998001], [-85.89600000018841, 66.44699999998001]]], [[[-83.6212500000267, 66.4414999998389], [-83.6212500000267, 66.4414999998389]]], [[[-67.10152989984171, 66.44115999986292], [-67.10152989984171, 66.44115999986292]]], [[[-83.60824999984983, 66.4572499998793], [-83.60824999984983, 66.4572499998793]]], [[[-66.87195303313234, 66.44525202408086], [-66.87195303313234, 66.44525202408086]]], [[[-67.79683533511123, 66.445412499942], [-67.79683533511123, 66.445412499942]]], [[[-67.1485374998829, 66.46831486359919], [-67.1485374998829, 66.46831486359919]]], [[[-66.93953742780023, 66.445412499942], [-66.93953742780023, 66.445412499942]]], [[[-83.24174999963185, 66.36775000017009], [-83.24174999963185, 66.36775000017009]]], [[[-67.59941999981464, 66.37328010017542], [-67.59941999981464, 66.37328010017542]]], [[[-66.97275625025127, 66.4101280771818], [-66.69019999998586, 66.30565999988235], [-66.97275625025127, 66.4101280771818]]], [[[-66.97274010033907, 66.3423499998653], [-66.97274010033907, 66.3423499998653]]], [[[-67.08690000000661, 66.38164990004121], [-67.08690000000661, 66.38164990004121]]], [[[-67.57511009971795, 66.38610989987124], [-67.57511009971795, 66.38610989987124]]], [[[-67.2113000004137, 66.38108010014422], [-67.2113000004137, 66.38108010014422]]], [[[-67.09195990008327, 66.39065990011909], [-67.09195990008327, 66.39065990011909]]], [[[-67.68892999962685, 66.39246999998485], [-67.68892999962685, 66.39246999998485]]], [[[-67.71738000040777, 66.39705999992505], [-67.71738000040777, 66.39705999992505]]], [[[-66.82788009976697, 66.40486009993015], [-66.82788009976697, 66.40486009993015]]], [[[-67.60046009979332, 66.41165010015133], [-67.60046009979332, 66.41165010015133]]], [[[-67.08693009985683, 66.40646000009086], [-67.08693009985683, 66.40646000009086]]], [[[-67.76689010021799, 66.41536000012759], [-67.76689010021799, 66.41536000012759]]], [[[-67.11851009968389, 66.4109300001313], [-67.11851009968389, 66.4109300001313]]], [[[-67.69876990000901, 66.42400990010738], [-67.69876990000901, 66.42400990010738]]], [[[-67.00076010005137, 66.40627000010745], [-67.00076010005137, 66.40627000010745]]], [[[-83.58125000031174, 66.42974999982229], [-83.58125000031174, 66.42974999982229]]], [[[-68.2736268001258, 66.18643709998751], [-68.2736268001258, 66.18643709998751]]], [[[-84.74199999996775, 66.1912500000513], [-84.74199999996775, 66.1912500000513]]], [[[-68.56466029991215, 66.18262789982532], [-68.56466029991215, 66.18262789982532]]], [[[-85.06879939997184, 66.24346609992841], [-85.06879939997184, 66.24346609992841]]], [[[-67.40023010016645, 66.22814999986451], [-67.40023010016645, 66.22814999986451]]], [[[-67.4328799997851, 66.2333398999715], [-67.4328799997851, 66.2333398999715]]], [[[-84.8025000000307, 66.23299999992555], [-84.8025000000307, 66.23299999992555]]], [[[-84.82575000038155, 66.23149999993062], [-84.82575000038155, 66.23149999993062]]], [[[-66.55178000012604, 66.23804999983865], [-66.55178000012604, 66.23804999983865]]], [[[-67.19707000000035, 66.24189989996852], [-67.19707000000035, 66.24189989996852]]], [[[-67.2538800002522, 66.24574999983498], [-67.2538800002522, 66.24574999983498]]], [[[-67.1483900001065, 66.23992000006001], [-67.1483900001065, 66.23992000006001]]], [[[-66.34390999968765, 66.24844989988912], [-66.34390999968765, 66.24844989988912]]], [[[-67.74133989980179, 66.25046989999137], [-67.74133989980179, 66.25046989999137]]], [[[-67.1842101001769, 66.26208999990602], [-67.1842101001769, 66.26208999990602]]], [[[-67.22811584359317, 66.26943124996987], [-67.22811584359317, 66.26943124996987]]], [[[-67.14833749986636, 66.24580439019505], [-67.14833749986636, 66.24580439019505]]], [[[-67.2068800996713, 66.24648999982394], [-67.2068800996713, 66.24648999982394]]], [[[-67.23145009977199, 66.2490799998993], [-67.23145009977199, 66.2490799998993]]], [[[-67.23622812468219, 66.25980601200328], [-67.23622812468219, 66.25980601200328]]], [[[-67.59502809237313, 66.26963124998301], [-67.59502809237313, 66.26963124998301]]], [[[-66.62099375007313, 66.26703911448935], [-66.62099375007313, 66.26703911448935]]], [[[-67.34072000042747, 66.26589009985553], [-67.34072000042747, 66.26589009985553]]], [[[-67.1485374998829, 66.26180422586448], [-67.1485374998829, 66.26180422586448]]], [[[-67.23642812469872, 66.1956737388433], [-67.23642812469872, 66.1956737388433]]], [[[-84.76350000039845, 66.1945000000452], [-84.76350000039845, 66.1945000000452]]], [[[-66.29164999958755, 66.20327999988046], [-66.29164999958755, 66.20327999988046]]], [[[-84.6445298002509, 66.21347109998281], [-84.6445298002509, 66.21347109998281]]], [[[-66.29136009977064, 66.18535999989376], [-66.29136009977064, 66.18535999989376]]], [[[-84.27050000004886, 66.20350000007144], [-84.27050000004886, 66.20350000007144]]], [[[-66.2921813000775, 66.19992660003605], [-66.2921813000775, 66.19992660003605]]], [[[-67.26057000031142, 66.19467000014915], [-67.26057000031142, 66.19467000014915]]], [[[-62.40149999967247, 66.22974999995569], [-62.40149999967247, 66.22974999995569]]], [[[-66.36719989961016, 66.21379000015], [-66.36719989961016, 66.21379000015]]], [[[-67.51267000005105, 66.2129000000243], [-67.51267000005105, 66.2129000000243]]], [[[-66.50793009958109, 66.21970000009576], [-66.50793009958109, 66.21970000009576]]], [[[-67.35317463698861, 66.26943124996987], [-67.35317463698861, 66.26943124996987]]], [[[-67.61293989996219, 66.27852999998429], [-67.61293989996219, 66.27852999998429]]], [[[-67.55982000013277, 66.27471999999278], [-67.55982000013277, 66.27471999999278]]], [[[-67.1485374998829, 66.27597352997033], [-67.1485374998829, 66.27597352997033]]], [[[-66.70121000004305, 66.27564000016415], [-66.70121000004305, 66.27564000016415]]], [[[-66.76582000004167, 66.27760999999184], [-66.76582000004167, 66.27760999999184]]], [[[-82.96864999995205, 66.20044000007485], [-83.22824999986283, 66.3522499998814], [-82.96864999995205, 66.20044000007485]]], [[[-82.85664299999951, 66.3018244999953], [-82.85664299999951, 66.3018244999953]]], [[[-62.08450000040431, 66.05450000003361], [-62.08450000040431, 66.05450000003361]]], [[[-68.26244001970554, 66.09384999997303], [-68.26244001970554, 66.09384999997303]]], [[[-67.10734921320169, 66.09365000002637], [-67.10734921320169, 66.09365000002637]]], [[[-85.07802500002337, 66.04983388033148], [-85.07802500002337, 66.04983388033148]]], [[[-83.6719750002918, 66.06374894674303], [-83.6719750002918, 66.06374894674303]]], [[[-83.54900000011486, 66.04724999983635], [-83.54900000011486, 66.04724999983635]]], [[[-67.22024990031802, 66.07502990004623], [-67.22024990031802, 66.07502990004623]]], [[[-66.92898999992725, 66.07727999997182], [-66.92898999992725, 66.07727999997182]]], [[[-66.95398989958694, 66.07197999993232], [-66.95398989958694, 66.07197999993232]]], [[[-67.20573000008777, 66.07564000010541], [-67.20573000008777, 66.07564000010541]]], [[[-84.51968900012714, 66.08225780007349], [-84.51968900012714, 66.08225780007349]]], [[[-66.98461000012558, 66.0831298999805], [-66.98461000012558, 66.0831298999805]]], [[[-67.21858989991122, 66.08064000003384], [-67.21858989991122, 66.08064000003384]]], [[[-67.14964310860536, 66.09384999997303], [-67.14964310860536, 66.09384999997303]]], [[[-68.32554910015442, 66.12331579994418], [-68.32554910015442, 66.12331579994418]]], [[[-83.70998999990998, 66.12572989987727], [-83.70998999990998, 66.12572989987727]]], [[[-83.66430320001751, 66.09365000002637], [-83.66430320001751, 66.09365000002637]]], [[[-83.73855000029573, 66.11736009993521], [-83.73855000029573, 66.11736009993521]]], [[[-68.25030840025259, 66.12755379989864], [-68.25030840025259, 66.12755379989864]]], [[[-84.4977826997783, 66.15576229996404], [-84.4977826997783, 66.15576229996404]]], [[[-83.69962870026889, 66.15965549986969], [-83.69962870026889, 66.15965549986969]]], [[[-66.30425679997802, 66.16224969986072], [-66.30425679997802, 66.16224969986072]]], [[[-84.6359700997599, 66.14805829987172], [-84.6359700997599, 66.14805829987172]]], [[[-63.19950000009437, 67.09474999996297], [-63.19950000009437, 67.09474999996297]]], [[[-62.74953839999132, 67.12211410003378], [-62.74953839999132, 67.12211410003378]]], [[[-107.82174999964387, 67.16299999989944], [-107.82174999964387, 67.16299999989944]]], [[[-107.7542499999003, 67.1299999998626], [-107.7542499999003, 67.1299999998626]]], [[[-107.70250000033644, 67.14299999991967], [-107.70250000033644, 67.14299999991967]]], [[[-63.14666740035745, 67.14258169990943], [-63.14666740035745, 67.14258169990943]]], [[[-107.72499999995154, 67.1535000001414], [-107.72499999995154, 67.1535000001414]]], [[[-107.75849999957805, 67.1527499999194], [-107.75849999957805, 67.1527499999194]]], [[[-62.57822499957867, 67.21491620859977], [-62.57822499957867, 67.21491620859977]]], [[[-95.6999399995793, 67.2135700999327], [-95.6999399995793, 67.2135700999327]]], [[[-87.2165000002556, 67.19600000009534], [-87.2165000002556, 67.19600000009534]]], [[[-87.24200000011881, 67.16325000008248], [-87.24200000011881, 67.16325000008248]]], [[[-95.62490000037992, 67.21936893373329], [-95.62490000037992, 67.21936893373329]]], [[[-75.97956000002715, 67.24712009997769], [-75.97956000002715, 67.24712009997769]]], [[[-63.54500769983247, 67.23930689983196], [-63.54500769983247, 67.23930689983196]]], [[[-95.57797999955366, 67.23309999987018], [-95.57797999955366, 67.23309999987018]]], [[[-76.30271999962511, 67.2388098998623], [-76.30271999962511, 67.2388098998623]]], [[[-96.0044600001509, 67.25372989989653], [-96.0044600001509, 67.25372989989653]]], [[[-63.15761089993079, 67.34491960001316], [-63.15761089993079, 67.34491960001316]]], [[[-63.38242689955188, 67.34929390012512], [-63.38242689955188, 67.34929390012512]]], [[[-108.16324999959083, 67.37349999984919], [-108.16324999959083, 67.37349999984919]]], [[[-63.91970160026954, 67.40280450008818], [-63.91970160026954, 67.40280450008818]]], [[[-95.76920000018707, 67.3794599000488], [-95.76920000018707, 67.3794599000488]]], [[[-95.6927799003521, 67.37948000004802], [-95.6927799003521, 67.37948000004802]]], [[[-95.7303899996273, 67.38294000011227], [-95.7303899996273, 67.38294000011227]]], [[[-95.5380500001589, 67.38659000001165], [-95.5380500001589, 67.38659000001165]]], [[[-96.03299000039945, 67.3385800000083], [-96.03299000039945, 67.3385800000083]]], [[[-95.75664000022626, 67.35128000013358], [-95.75664000022626, 67.35128000013358]]], [[[-95.5015100998143, 67.34866990007458], [-95.5015100998143, 67.34866990007458]]], [[[-63.704137799815555, 67.36618460009792], [-63.704137799815555, 67.36618460009792]]], [[[-63.697013899999384, 67.37713189997042], [-63.697013899999384, 67.37713189997042]]], [[[-96.06435312535736, 67.36526525254625], [-96.06435312535736, 67.36526525254625]]], [[[-95.680699999605, 67.37839999984529], [-95.680699999605, 67.37839999984529]]], [[[-95.80068125001158, 67.38332563972934], [-95.80068125001158, 67.38332563972934]]], [[[-64.92343010013754, 67.36299989993967], [-64.92343010013754, 67.36299989993967]]], [[[-64.95833009987984, 67.35950999983577], [-64.95833009987984, 67.35950999983577]]], [[[-95.76217000036922, 67.35886010010427], [-95.76217000036922, 67.35886010010427]]], [[[-95.49408989968478, 67.36029000013123], [-95.49408989968478, 67.36029000013123]]], [[[-96.00011000001572, 67.37327999994454], [-96.00011000001572, 67.37327999994454]]], [[[-95.78727989963376, 67.36353010014174], [-95.78727989963376, 67.36353010014174]]], [[[-95.94726999995746, 67.3737400001652], [-95.94726999995746, 67.3737400001652]]], [[[-95.77380010028052, 67.37323989982693], [-95.77380010028052, 67.37323989982693]]], [[[-95.99242999991954, 67.38417000003501], [-95.99242999991954, 67.38417000003501]]], [[[-95.39722000005486, 67.37403999984268], [-95.39722000005486, 67.37403999984268]]], [[[-64.1710700003637, 67.27409000006777], [-64.1710700003637, 67.27409000006777]]], [[[-96.10130000025492, 67.26216989988802], [-96.10130000025492, 67.26216989988802]]], [[[-95.27064999960304, 67.27932000012622], [-95.27064999960304, 67.27932000012622]]], [[[-72.28191000031235, 67.27901999984628], [-72.28191000031235, 67.27901999984628]]], [[[-95.9764624996432, 67.27027119301582], [-95.9764624996432, 67.27027119301582]]], [[[-96.08309010021357, 67.27590999997699], [-96.08309010021357, 67.27590999997699]]], [[[-72.24599374996383, 67.29976372652419], [-72.24599374996383, 67.29976372652419]]], [[[-72.29644010001434, 67.2969100001312], [-72.29644010001434, 67.2969100001312]]], [[[-107.63350000001967, 67.28350000004322], [-107.63350000001967, 67.28350000004322]]], [[[-95.59659989967385, 67.25263000012235], [-95.59659989967385, 67.25263000012235]]], [[[-96.04956999988426, 67.3063901000749], [-96.04956999988426, 67.3063901000749]]], [[[-95.87640009978294, 67.3093901000046], [-95.87640009978294, 67.3093901000046]]], [[[-96.19055999982186, 67.3131399999901], [-96.19055999982186, 67.3131399999901]]], [[[-63.92016789956386, 67.31511669987533], [-63.92016789956386, 67.31511669987533]]], [[[-95.89238999955084, 67.31563990004672], [-95.89238999955084, 67.31563990004672]]], [[[-63.70723749958548, 67.3349875000919], [-63.39825000013782, 67.2797499999115], [-63.694000000118876, 67.35325000015212], [-63.70723749958548, 67.3349875000919]]], [[[-95.99730597533166, 67.32431875006282], [-95.99730597533166, 67.32431875006282]]], [[[-63.89769560039888, 67.34817100010665], [-63.89769560039888, 67.34817100010665]]], [[[-96.30660999976294, 67.58925990005383], [-96.30660999976294, 67.58925990005383]]], [[[-96.27744989961454, 67.60374000012037], [-96.27744989961454, 67.60374000012037]]], [[[-96.02550009998706, 67.61198000007596], [-96.02550009998706, 67.61198000007596]]], [[[-97.4441500001494, 67.61706000015852], [-97.4441500001494, 67.61706000015852]]], [[[-112.88709990002332, 67.68439009997208], [-112.88709990002332, 67.68439009997208]]], [[[-112.86592999991682, 67.68897989985871], [-112.86592999991682, 67.68897989985871]]], [[[-96.15224375017317, 67.61581122578704], [-96.15224375017317, 67.61581122578704]]], [[[-108.41134990018494, 67.64289000010935], [-108.41134990018494, 67.64289000010935]]], [[[-108.35525000019891, 67.64582989995912], [-108.35525000019891, 67.64582989995912]]], [[[-108.32134999964099, 67.63069010011104], [-108.32134999964099, 67.63069010011104]]], [[[-86.63325000030214, 67.64100000008273], [-86.63325000030214, 67.64100000008273]]], [[[-97.38291250030618, 67.63819494795611], [-97.38291250030618, 67.63819494795611]]], [[[-96.27421990011098, 67.65497999992618], [-96.27421990011098, 67.65497999992618]]], [[[-96.08425000041684, 67.66345999989947], [-96.08425000041684, 67.66345999989947]]], [[[-97.24862999960952, 67.6662100000236], [-97.24862999960952, 67.6662100000236]]], [[[-97.28323548039774, 67.6758812499639], [-97.28323548039774, 67.6758812499639]]], [[[-108.89466999998594, 67.67339989994086], [-108.89466999998594, 67.67339989994086]]], [[[-97.22219118751087, 67.6758812499639], [-97.22219118751087, 67.6758812499639]]], [[[-97.27582167537474, 67.6758812499639], [-97.27582167537474, 67.6758812499639]]], [[[-97.79054990033947, 67.69043999986205], [-97.79054990033947, 67.69043999986205]]], [[[-96.31180989958169, 67.51399999987142], [-96.31180989958169, 67.51399999987142]]], [[[-96.29389990030131, 67.51868999983526], [-96.29389990030131, 67.51868999983526]]], [[[-96.32822499982137, 67.56409502487176], [-96.32822499982137, 67.56409502487176]]], [[[-96.28181999955423, 67.50159999993662], [-96.28181999955423, 67.50159999993662]]], [[[-108.44432594125234, 67.50009999988559], [-108.44432594125234, 67.50009999988559]]], [[[-108.23355010017727, 67.57190989994615], [-108.23355010017727, 67.57190989994615]]], [[[-96.20005009982566, 67.56058999983813], [-96.20005009982566, 67.56058999983813]]], [[[-96.088640100448, 67.56809009992821], [-96.088640100448, 67.56809009992821]]], [[[-96.28422990008546, 67.59144010012977], [-96.28422990008546, 67.59144010012977]]], [[[-96.298490000349, 67.56060000016295], [-96.298490000349, 67.56060000016295]]], [[[-96.23251010008482, 67.56933010006938], [-96.23251010008482, 67.56933010006938]]], [[[-86.87396919968978, 67.41328919983737], [-86.87396919968978, 67.41328919983737]]], [[[-77.24375000033304, 67.3987499998937], [-77.24375000033304, 67.3987499998937]]], [[[-108.12036000013092, 67.42294999991678], [-108.12036000013092, 67.42294999991678]]], [[[-107.91953968788647, 67.50009999988559], [-107.91953968788647, 67.50009999988559]]], [[[-63.71310709973677, 67.44717129986135], [-63.71310709973677, 67.44717129986135]]], [[[-107.70075000041629, 67.43806999985075], [-107.70075000041629, 67.43806999985075]]], [[[-63.74846940037206, 67.44435659996297], [-63.74846940037206, 67.44435659996297]]], [[[-63.81318569981487, 67.4240508999353], [-63.81318569981487, 67.4240508999353]]], [[[-107.6938100998248, 67.43049989995346], [-107.6938100998248, 67.43049989995346]]], [[[-86.60149999969742, 67.42075000008442], [-86.60149999969742, 67.42075000008442]]], [[[-95.61249989964139, 67.40484999987905], [-95.61249989964139, 67.40484999987905]]], [[[-96.04945000023365, 67.40950999995924], [-96.04945000023365, 67.40950999995924]]], [[[-63.797070999799494, 67.43987859995643], [-63.797070999799494, 67.43987859995643]]], [[[-63.94306899964825, 67.457851199859], [-63.94306899964825, 67.457851199859]]], [[[-63.80595449983126, 67.45403399985351], [-63.80595449983126, 67.45403399985351]]], [[[-96.59827009961279, 67.44342999996303], [-96.59827009961279, 67.44342999996303]]], [[[-96.17469009970455, 67.44206999982856], [-96.17469009970455, 67.44206999982856]]], [[[-96.20393009960758, 67.43131999996405], [-96.20393009960758, 67.43131999996405]]], [[[-64.08409077299748, 67.50009999988559], [-64.08409077299748, 67.50009999988559]]], [[[-96.04118009984658, 67.48689000002584], [-96.04118009984658, 67.48689000002584]]], [[[-96.07701999968414, 67.48855999992091], [-96.07701999968414, 67.48855999992091]]], [[[-96.31894999961573, 67.49224000008601], [-96.31894999961573, 67.49224000008601]]], [[[-96.07393901182158, 67.50009999988559], [-96.07393901182158, 67.50009999988559]]], [[[-96.2217301001814, 67.45004990010679], [-96.2217301001814, 67.45004990010679]]], [[[-86.48427499977147, 67.46859166657082], [-86.48427499977147, 67.46859166657082]]], [[[-96.57658000039662, 67.46675999989708], [-96.57658000039662, 67.46675999989708]]], [[[-108.1421199999543, 67.48026010015636], [-108.1421199999543, 67.48026010015636]]], [[[-96.29299989977773, 67.45625010008446], [-96.29299989977773, 67.45625010008446]]], [[[-96.57551990032646, 67.477120000011], [-96.57551990032646, 67.477120000011]]], [[[-96.23624000036591, 67.46859009982953], [-96.23624000036591, 67.46859009982953]]], [[[-95.62510000039646, 67.48437164825987], [-95.62510000039646, 67.48437164825987]]], [[[-108.15845242734005, 67.49989999990456], [-108.15845242734005, 67.49989999990456]]], [[[-64.0314699995978, 67.50009999988559], [-63.73150000007622, 67.51000000005013], [-64.02645379986475, 67.56742989993906], [-64.0314699995978, 67.50009999988559]]], [[[-108.08801185988759, 67.50009999988559], [-108.08801185988759, 67.50009999988559]]], [[[-113.41178000037038, 67.76776009984064], [-113.41178000037038, 67.76776009984064]]], [[[-98.79100010008767, 67.76713989990044], [-98.79100010008767, 67.76713989990044]]], [[[-101.75265989973816, 67.76582000000758], [-101.75265989973816, 67.76582000000758]]], [[[-109.02625009971172, 67.76865009994398], [-109.02625009971172, 67.76865009994398]]], [[[-98.821360099724, 67.76896999989462], [-98.821360099724, 67.76896999989462]]], [[[-99.31650624984754, 67.77278947104436], [-99.31650624984754, 67.77278947104436]]], [[[-101.77744375008045, 67.77255972112185], [-101.77744375008045, 67.77255972112185]]], [[[-97.18549000004687, 67.77023989990916], [-97.18549000004687, 67.77023989990916]]], [[[-102.33922989960692, 67.74310010016123], [-102.33922989960692, 67.74310010016123]]], [[[-98.99013010007272, 67.74402000016359], [-98.99013010007272, 67.74402000016359]]], [[[-113.77625000028573, 67.74828000013103], [-113.77625000028573, 67.74828000013103]]], [[[-113.68022989972805, 67.7644698999993], [-113.68022989972805, 67.7644698999993]]], [[[-111.9301999003834, 67.74583999992242], [-111.9301999003834, 67.74583999992242]]], [[[-97.35185989958579, 67.74732989994068], [-97.35185989958579, 67.74732989994068]]], [[[-99.17425990028953, 67.75056990005427], [-99.17425990028953, 67.75056990005427]]], [[[-99.1149099998101, 67.75137999986443], [-99.1149099998101, 67.75137999986443]]], [[[-97.29482187457549, 67.75341140256705], [-97.29482187457549, 67.75341140256705]]], [[[-109.15849000033555, 67.75279989993892], [-109.15849000033555, 67.75279989993892]]], [[[-99.22841562501517, 67.76397458038942], [-99.22841562501517, 67.76397458038942]]], [[[-101.77724999964335, 67.75670999994236], [-101.77724999964335, 67.75670999994236]]], [[[-111.56003000015879, 67.74931009992333], [-111.56003000015879, 67.74931009992333]]], [[[-109.15000009984048, 67.75782000006456], [-109.15000009984048, 67.75782000006456]]], [[[-109.28808009994165, 67.76161999998295], [-109.28808009994165, 67.76161999998295]]], [[[-97.25462000006, 67.75768989988637], [-97.25462000006, 67.75768989988637]]], [[[-101.85115990024897, 67.75364009989588], [-101.85115990024897, 67.75364009989588]]], [[[-99.19050999977443, 67.75846989993003], [-99.19050999977443, 67.75846989993003]]], [[[-101.73629009974164, 67.75867990013077], [-101.73629009974164, 67.75867990013077]]], [[[-101.90720989971929, 67.7591800000314], [-101.90720989971929, 67.7591800000314]]], [[[-109.03038990035861, 67.76767989989737], [-109.03038990035861, 67.76767989989737]]], [[[-101.77744375008045, 67.7639863234834], [-101.77744375008045, 67.7639863234834]]], [[[-101.71047999964574, 67.7631999998792], [-101.71047999964574, 67.7631999998792]]], [[[-98.79779009970602, 67.76242000005067], [-98.79779009970602, 67.76242000005067]]], [[[-102.06376999962458, 67.76334989992237], [-102.06376999962458, 67.76334989992237]]], [[[-101.01157999978426, 67.76307000007014], [-101.01157999978426, 67.76307000007014]]], [[[-98.73771000005466, 67.76451000006792], [-98.73771000005466, 67.76451000006792]]], [[[-98.98462093455616, 67.76377187489469], [-98.98462093455616, 67.76377187489469]]], [[[-99.08125000035, 67.77008000016343], [-99.08125000035, 67.77008000016343]]], [[[-108.98427500023269, 67.75586228349766], [-108.98427500023269, 67.75586228349766]]], [[[-99.00564000033995, 67.76433010010804], [-99.00564000033995, 67.76433010010804]]], [[[-97.13310657052843, 67.76377187489469], [-97.13310657052843, 67.76377187489469]]], [[[-112.83107989979192, 67.69946999986223], [-112.83107989979192, 67.69946999986223]]], [[[-97.55869374993782, 67.70405199383842], [-97.55869374993782, 67.70405199383842]]], [[[-97.06987000027613, 67.69807990013422], [-97.06987000027613, 67.69807990013422]]], [[[-97.44541999967052, 67.69965990006763], [-97.44541999967052, 67.69965990006763]]], [[[-97.19100000009834, 67.69883009999819], [-97.19100000009834, 67.69883009999819]]], [[[-97.26131000011922, 67.69498990006888], [-97.26131000011922, 67.69498990006888]]], [[[-97.59149000038762, 67.69971000011988], [-97.59149000038762, 67.69971000011988]]], [[[-97.50866667507145, 67.6758134256565], [-97.50866667507145, 67.6758134256565]]], [[[-108.88789000041335, 67.69274989993387], [-108.88789000041335, 67.69274989993387]]], [[[-97.11904062494386, 67.70645122090565], [-97.11904062494386, 67.70645122090565]]], [[[-97.27562000000017, 67.70165989991546], [-97.27562000000017, 67.70165989991546]]], [[[-109.55285000043226, 67.71509989987919], [-109.55285000043226, 67.71509989987919]]], [[[-97.54237000027773, 67.71026999984598], [-97.54237000027773, 67.71026999984598]]], [[[-113.20322500039187, 67.71379288690817], [-113.20322500039187, 67.71379288690817]]], [[[-113.05763990038366, 67.71095010009002], [-113.05763990038366, 67.71095010009002]]], [[[-97.30826989961884, 67.72502000008588], [-97.30826989961884, 67.72502000008588]]], [[[-97.89104990011738, 67.71353009988393], [-97.89104990011738, 67.71353009988393]]], [[[-97.91025625009944, 67.71646848503086], [-97.91025625009944, 67.71646848503086]]], [[[-98.90397010031302, 67.7058900001346], [-98.90397010031302, 67.7058900001346]]], [[[-97.4706998997127, 67.71458999987921], [-97.4706998997127, 67.71458999987921]]], [[[-97.52562990034804, 67.70872000012088], [-97.52562990034804, 67.70872000012088]]], [[[-108.00327999996993, 67.71827999998625], [-108.00327999996993, 67.71827999998625]]], [[[-97.41236000026005, 67.71058999984511], [-97.41236000026005, 67.71058999984511]]], [[[-101.43118000035146, 67.70736000011493], [-101.43118000035146, 67.70736000011493]]], [[[-112.83477000021433, 67.71656999990188], [-112.83477000021433, 67.71656999990188]]], [[[-112.9851900001683, 67.722600000115], [-112.9851900001683, 67.722600000115]]], [[[-109.52716999974568, 67.71640010013847], [-109.52716999974568, 67.71640010013847]]], [[[-101.32371009984486, 67.71737000002264], [-101.32371009984486, 67.71737000002264]]], [[[-101.80171000013918, 67.71842010009458], [-101.80171000013918, 67.71842010009458]]], [[[-97.88389000031617, 67.72280999992473], [-97.88389000031617, 67.72280999992473]]], [[[-101.31950010035007, 67.72253989999619], [-101.31950010035007, 67.72253989999619]]], [[[-98.88834000007091, 67.73809010016882], [-98.88834000007091, 67.73809010016882]]], [[[-101.35275990035109, 67.7383101000666], [-101.35275990035109, 67.7383101000666]]], [[[-101.28695990029897, 67.74142009988306], [-101.28695990029897, 67.74142009988306]]], [[[-97.18566999997194, 67.74173000000714], [-97.18566999997194, 67.74173000000714]]], [[[-97.30049990000929, 67.73937999987128], [-97.30049990000929, 67.73937999987128]]], [[[-99.0083200000226, 67.7189601000007], [-99.0083200000226, 67.7189601000007]]], [[[-98.90433999959757, 67.72599990015046], [-98.90433999959757, 67.72599990015046]]], [[[-96.11378009956279, 67.72975009991762], [-96.11378009956279, 67.72975009991762]]], [[[-99.17909999968415, 67.72243989993152], [-99.17909999968415, 67.72243989993152]]], [[[-101.34309990018097, 67.72937000014707], [-101.34309990018097, 67.72937000014707]]], [[[-97.53435999957033, 67.73077989984215], [-97.53435999957033, 67.73077989984215]]], [[[-101.76349999962903, 67.7317400999626], [-101.76349999962903, 67.7317400999626]]], [[[-101.83358989982888, 67.73118000013551], [-101.83358989982888, 67.73118000013551]]], [[[-101.25465999958637, 67.73521990013458], [-101.25465999958637, 67.73521990013458]]], [[[-99.17581990023889, 67.73343989999229], [-99.17581990023889, 67.73343989999229]]], [[[-109.32413999988727, 67.73873000008282], [-109.32413999988727, 67.73873000008282]]], [[[-99.14052500019935, 67.75009009992242], [-99.14052500019935, 67.75009009992242]]], [[[-109.07107989963657, 67.74079999985135], [-109.07107989963657, 67.74079999985135]]], [[[-95.74054009995517, 67.73147999990945], [-95.74054009995517, 67.73147999990945]]], [[[-97.29502187459204, 67.73497261916167], [-97.29502187459204, 67.73497261916167]]], [[[-101.77744375008045, 67.7404956625647], [-101.77744375008045, 67.7404956625647]]], [[[-111.69535000021138, 67.76336999992611], [-111.69535000021138, 67.76336999992611]]], [[[-99.22861562503172, 67.73750421569257], [-99.22861562503172, 67.73750421569257]]], [[[-98.43759999989267, 67.73811913186252], [-98.43759999989267, 67.73811913186252]]], [[[-63.10594080012158, 67.03596749991141], [-63.10594080012158, 67.03596749991141]]], [[[-63.12874999985745, 66.98174999983756], [-63.12874999985745, 66.98174999983756]]], [[[-63.090469799601095, 67.03002279994183], [-63.090469799601095, 67.03002279994183]]], [[[-63.123249999851716, 67.05400000016732], [-63.123249999851716, 67.05400000016732]]], [[[-107.85153214270231, 66.9369749999722], [-107.85153214270231, 66.9369749999722]]], [[[-107.99000000030891, 66.95299999987391], [-107.99000000030891, 66.95299999987391]]], [[[-107.2572500001182, 66.96525000011286], [-107.2572500001182, 66.96525000011286]]], [[[-84.81783879998237, 67.00418889984233], [-84.81783879998237, 67.00418889984233]]], [[[-84.75533479955605, 67.0185862998892], [-84.75533479955605, 67.0185862998892]]], [[[-62.24784850002841, 67.1076598999068], [-62.24784850002841, 67.1076598999068]]], [[[-62.353506099754966, 67.07204180000826], [-62.353506099754966, 67.07204180000826]]], [[[-63.1432986003627, 67.05200249985451], [-63.1432986003627, 67.05200249985451]]], [[[-62.481823000040876, 67.06525310014985], [-62.481823000040876, 67.06525310014985]]], [[[-107.8291500002559, 67.08684999988382], [-107.8291500002559, 67.08684999988382]]], [[[-62.834847200205246, 67.07323859998417], [-62.834847200205246, 67.07323859998417]]], [[[-107.57802499958629, 67.22074999990461], [-107.30074999967347, 67.0934999999147], [-107.57802499958629, 67.22074999990461]]], [[[-62.57802499956213, 67.17722500015546], [-62.85324999997915, 67.05349999993203], [-62.55474999999524, 67.10100000011604], [-62.57802499956213, 67.17722500015546]]], [[[-101.10649009975604, 67.77491990002962], [-101.10649009975604, 67.77491990002962]]], [[[-99.22851989965672, 67.78168989985174], [-99.22851989965672, 67.78168989985174]]], [[[-98.47494009972945, 67.77487000013075], [-98.47494009972945, 67.77487000013075]]], [[[-112.45314009967073, 67.78228999993149], [-112.45314009967073, 67.78228999993149]]], [[[-109.37725000028222, 67.77899999993406], [-109.37725000028222, 67.77899999993406]]], [[[-101.17143990008731, 67.76869989983811], [-101.17143990008731, 67.76869989983811]]], [[[-98.80680009959781, 67.77635989997985], [-98.80680009959781, 67.77635989997985]]], [[[-99.1197601001488, 67.77694000003927], [-99.1197601001488, 67.77694000003927]]], [[[-100.89833750010905, 67.78624894414061], [-100.89833750010905, 67.78624894414061]]], [[[-98.98402989969307, 67.78183999992947], [-98.98402989969307, 67.78183999992947]]], [[[-108.98427500023269, 67.78720276571867], [-108.98427500023269, 67.78720276571867]]], [[[-97.82236562528361, 67.76721992239847], [-97.82236562528361, 67.76721992239847]]], [[[-109.02356000027031, 67.78446989986539], [-109.02356000027031, 67.78446989986539]]], [[[-102.08873010032391, 67.79384000007435], [-102.08873010032391, 67.79384000007435]]], [[[-101.01389989990382, 67.78223009989505], [-101.01389989990382, 67.78223009989505]]], [[[-102.38212010028944, 67.78303989986455], [-102.38212010028944, 67.78303989986455]]], [[[-98.51208989955812, 67.78563000003864], [-98.51208989955812, 67.78563000003864]]], [[[-113.56320000040708, 67.78745010001803], [-113.56320000040708, 67.78745010001803]]], [[[-102.25131999964005, 67.7858300000093], [-102.25131999964005, 67.7858300000093]]], [[[-111.03671000035584, 67.78901009995485], [-111.03671000035584, 67.78901009995485]]], [[[-101.3072601000564, 67.78321000009473], [-101.3072601000564, 67.78321000009473]]], [[[-102.05143999981755, 67.78277010010665], [-102.05143999981755, 67.78277010010665]]], [[[-101.09384999971631, 67.78479989995859], [-101.09384999971631, 67.78479989995859]]], [[[-98.5254906247085, 67.78760125390662], [-98.5254906247085, 67.78760125390662]]], [[[-99.36234010035872, 67.78757990000855], [-99.36234010035872, 67.78757990000855]]], [[[-101.72911999957041, 67.78986999984537], [-101.72911999957041, 67.78986999984537]]], [[[-101.62904990024981, 67.78986000015591], [-101.62904990024981, 67.78986000015591]]], [[[-98.49884010035863, 67.79411010014691], [-98.49884010035863, 67.79411010014691]]], [[[-98.55362999974228, 67.7909499998983], [-98.55362999974228, 67.7909499998983]]], [[[-101.10127989985425, 67.79212010011663], [-101.10127989985425, 67.79212010011663]]], [[[-98.47711000006119, 67.79890009991796], [-98.47711000006119, 67.79890009991796]]], [[[-102.26924999991022, 67.79314990005821], [-102.26924999991022, 67.79314990005821]]], [[[-101.64982990008197, 67.79425989985953], [-101.64982990008197, 67.79425989985953]]], [[[-109.1980599998802, 67.808739999881], [-109.1980599998802, 67.808739999881]]], [[[-102.23243000036844, 67.79592990007207], [-102.23243000036844, 67.79592990007207]]], [[[-102.38719999955929, 67.79945010000343], [-102.38719999955929, 67.79945010000343]]], [[[-96.1749899995672, 67.79835990012737], [-96.1749899995672, 67.79835990012737]]], [[[-102.54103999988594, 67.80974999991362], [-102.54103999988594, 67.80974999991362]]], [[[-95.9764624996432, 67.82162244546157], [-95.9764624996432, 67.82162244546157]]], [[[-74.53134999968333, 67.8014825218283], [-74.22984449996515, 67.76560080001136], [-73.87707720000574, 67.78478380008832], [-73.56625079976415, 67.7737781000925], [-73.78131899967588, 67.98782230011966], [-74.07428250020575, 68.06413790007475], [-74.35261339966647, 68.18411350008579], [-74.66177309986588, 68.0711355000711], [-74.53134999968333, 67.8014825218283]]], [[[-131.3464399999168, 69.93245999992588], [-131.3464399999168, 69.93245999992588]]], [[[-131.2510300000658, 69.94916010010841], [-131.2510300000658, 69.94916010010841]]], [[[-129.97779010029646, 70.07277999997393], [-129.97779010029646, 70.07277999997393]]], [[[-129.96644559996682, 70.07024870014716], [-129.96644559996682, 70.07024870014716]]], [[[-130.46715999959977, 70.11184989986816], [-130.46715999959977, 70.11184989986816]]], [[[-130.24439009988785, 70.08569010000431], [-130.24439009988785, 70.08569010000431]]], [[[-129.89881989986387, 70.15999000004774], [-129.89881989986387, 70.15999000004774]]], [[[-129.88377990023696, 70.12158999990649], [-129.88377990023696, 70.12158999990649]]], [[[-129.85113990005271, 70.15342999993905], [-129.85113990005271, 70.15342999993905]]], [[[-117.74539989983501, 70.70847999986226], [-117.74539989983501, 70.70847999986226]]], [[[-117.70482990020767, 70.63172000008515], [-117.70482990020767, 70.63172000008515]]], [[[-116.33389009970671, 70.61844009992703], [-116.33389009970671, 70.61844009992703]]], [[[-128.19215389963205, 70.54351499996406], [-128.19215389963205, 70.54351499996406]]], [[[-116.62576000019284, 70.52318009987671], [-116.62576000019284, 70.52318009987671]]], [[[-116.71865000019474, 70.54717053763596], [-116.71865000019474, 70.54717053763596]]], [[[-116.24660070024255, 70.53088860011898], [-116.24660070024255, 70.53088860011898]]], [[[-117.28390989989062, 70.54212999998818], [-117.28390989989062, 70.54212999998818]]], [[[-116.83549000015624, 70.53883000011608], [-116.83549000015624, 70.53883000011608]]], [[[-115.77811610039068, 70.54193539989856], [-115.77811610039068, 70.54193539989856]]], [[[-115.78713050023072, 70.5465822001315], [-115.78713050023072, 70.5465822001315]]], [[[-116.29428660018847, 70.56336619991335], [-116.29428660018847, 70.56336619991335]]], [[[-115.63689420036246, 70.5578640999883], [-115.63689420036246, 70.5578640999883]]], [[[-116.85183000033983, 70.55775009985932], [-117.15932000012404, 70.58841000004698], [-116.84804000007132, 70.55109990007394], [-116.85183000033983, 70.55775009985932]]], [[[-115.57708919988539, 70.56627390003113], [-115.57708919988539, 70.56627390003113]]], [[[-115.7511746997552, 70.55757459989505], [-115.7511746997552, 70.55757459989505]]], [[[-117.31725989972931, 70.56674010003861], [-117.31725989972931, 70.56674010003861]]], [[[-116.01552499987156, 70.54131936530149], [-116.01552499987156, 70.54131936530149]]], [[[-116.03303900021513, 70.56497999986748], [-116.03303900021513, 70.56497999986748]]], [[[-128.11475650014162, 70.58258339994113], [-128.11475650014162, 70.58258339994113]]], [[[-128.334097100121, 70.50258389996044], [-128.334097100121, 70.50258389996044]]], [[[-116.91378990018173, 70.51039009998118], [-116.91378990018173, 70.51039009998118]]], [[[-116.08667819994058, 70.50921650007984], [-116.08667819994058, 70.50921650007984]]], [[[-116.68473000044365, 70.49927009986972], [-116.68473000044365, 70.49927009986972]]], [[[-116.71865000019474, 70.51044805245482], [-116.71865000019474, 70.51044805245482]]], [[[-115.69163820032665, 70.50291380003512], [-115.69163820032665, 70.50291380003512]]], [[[-116.14907740021091, 70.512504800005], [-116.14907740021091, 70.512504800005]]], [[[-117.36265999960386, 70.359520099927], [-117.36265999960386, 70.359520099927]]], [[[-117.38019999988673, 70.3626799999391], [-117.38019999988673, 70.3626799999391]]], [[[-116.11173659968824, 70.51746680001614], [-116.11173659968824, 70.51746680001614]]], [[[-116.29830529985026, 70.51743809994458], [-116.29830529985026, 70.51743809994458]]], [[[-116.20436299984978, 70.53046199989619], [-116.20436299984978, 70.53046199989619]]], [[[-116.71885000021129, 70.56286543661439], [-116.41468919998918, 70.51216630000559], [-116.71885000021129, 70.56286543661439]]], [[[-125.0185500995925, 70.0288900999482], [-125.0185500995925, 70.0288900999482]]], [[[-125.0544199995673, 70.16885009996847], [-125.0544199995673, 70.16885009996847]]], [[[-125.10889999994085, 70.07898999991407], [-125.10889999994085, 70.07898999991407]]], [[[-124.60780100009373, 70.0791934000673], [-124.60780100009373, 70.0791934000673]]], [[[-124.32840999966457, 70.12572010012529], [-124.32840999966457, 70.12572010012529]]], [[[-125.15614999958169, 70.13134234946132], [-125.15614999958169, 70.13134234946132]]], [[[-125.04198000015542, 70.15340009992032], [-125.04198000015542, 70.15340009992032]]], [[[-124.84112649965277, 69.95103870005238], [-124.84112649965277, 69.95103870005238]]], [[[-124.43061300040526, 70.00017510004444], [-124.43061300040526, 70.00017510004444]]], [[[-124.9202457000483, 69.97679169993506], [-124.9202457000483, 69.97679169993506]]], [[[-129.8043050999396, 70.22340840013942], [-129.8043050999396, 70.22340840013942]]], [[[-117.25411990016666, 71.40359990011193], [-117.25411990016666, 71.40359990011193]]], [[[-116.01552499987156, 71.3866437708734], [-116.01552499987156, 71.3866437708734]]], [[[-119.150599999883, 71.54687009988646], [-119.150599999883, 71.54687009988646]]], [[[-118.44928999977729, 71.62148009999189], [-118.44928999977729, 71.62148009999189]]], [[[-117.8323100997565, 71.55310010000737], [-117.8323100997565, 71.55310010000737]]], [[[-116.25961010039055, 71.4242999999962], [-116.25961010039055, 71.4242999999962]]], [[[-117.48521010024469, 71.454509900094], [-117.48521010024469, 71.454509900094]]], [[[-117.5136600004143, 71.46772009996944], [-117.5136600004143, 71.46772009996944]]], [[[-117.08737999983359, 71.36210010011587], [-117.08737999983359, 71.36210010011587]]], [[[-138.36562990037237, 69.1985700000468], [-138.36562990037237, 69.1985700000468]]], [[[-138.44122009971693, 69.20757000002556], [-138.44122009971693, 69.20757000002556]]], [[[-138.40329009958927, 69.21382000005953], [-138.40329009958927, 69.21382000005953]]], [[[-130.99252990008387, 69.16690000010553], [-130.99252990008387, 69.16690000010553]]], [[[-130.9881898999944, 69.17485990014006], [-130.9881898999944, 69.17485990014006]]], [[[-136.0491200002428, 68.8477301001308], [-136.0491200002428, 68.8477301001308]]], [[[-135.62905000022062, 68.85964009995239], [-135.62905000022062, 68.85964009995239]]], [[[-133.12977990010253, 68.86994999987259], [-133.12977990010253, 68.86994999987259]]], [[[-132.92360999996689, 68.8616799999352], [-132.92360999996689, 68.8616799999352]]], [[[-136.55018999977761, 68.89706999997104], [-136.55018999977761, 68.89706999997104]]], [[[-135.511069899823, 68.9023301000031], [-135.511069899823, 68.9023301000031]]], [[[-132.96931527730638, 68.90635000009242], [-132.96931527730638, 68.90635000009242]]], [[[-135.56508989988902, 68.85092999986068], [-135.56508989988902, 68.85092999986068]]], [[[-136.01365649989916, 68.93186460004773], [-136.01365649989916, 68.93186460004773]]], [[[-132.91449999961765, 68.87563000004708], [-132.91449999961765, 68.87563000004708]]], [[[-132.89052500044204, 69.0447905604091], [-132.89052500044204, 69.0447905604091]]], [[[-135.72532000041224, 68.92367010009393], [-135.72532000041224, 68.92367010009393]]], [[[-136.021817200182, 68.95144349986792], [-136.021817200182, 68.95144349986792]]], [[[-135.51714000035244, 68.94947990014558], [-135.51714000035244, 68.94947990014558]]], [[[-132.9239499997255, 68.93737989986684], [-132.9239499997255, 68.93737989986684]]], [[[-135.59043989996437, 69.00521999997147], [-135.59043989996437, 69.00521999997147]]], [[[-132.8907249995603, 68.95601890227407], [-132.8907249995603, 68.95601890227407]]], [[[-136.1128290996059, 69.00525950009222], [-136.1128290996059, 69.00525950009222]]], [[[-133.09834999977627, 68.96357000013792], [-133.09834999977627, 68.96357000013792]]], [[[-135.98074000006713, 68.98194990013083], [-135.98074000006713, 68.98194990013083]]], [[[-135.90183449989453, 69.02490089987697], [-135.90183449989453, 69.02490089987697]]], [[[-136.07236469963516, 69.00397109984785], [-136.07236469963516, 69.00397109984785]]], [[[-136.07330000035614, 69.01091999991324], [-136.07330000035614, 69.01091999991324]]], [[[-136.12278000031614, 69.05827999984156], [-136.12278000031614, 69.05827999984156]]], [[[-132.56660000003967, 69.11859989990643], [-132.56660000003967, 69.11859989990643]]], [[[-136.25342610008144, 69.13553560004955], [-136.25342610008144, 69.13553560004955]]], [[[-136.00372000008124, 69.08022989996539], [-136.00372000008124, 69.08022989996539]]], [[[-136.23400100044623, 69.1474972000484], [-136.23400100044623, 69.1474972000484]]], [[[-136.09636999988362, 69.14459989999789], [-136.09636999988362, 69.14459989999789]]], [[[-135.92223979984527, 69.24261700004125], [-135.71448000023435, 69.01650009999902], [-135.92223979984527, 69.24261700004125]]], [[[-136.15799990001264, 69.19072010006829], [-136.15799990001264, 69.19072010006829]]], [[[-136.05770430019953, 69.19822410008189], [-136.05770430019953, 69.19822410008189]]], [[[-135.7508239995751, 69.16040930013679], [-135.7508239995751, 69.16040930013679]]], [[[-131.02292999961617, 69.14225989992377], [-131.02292999961617, 69.14225989992377]]], [[[-130.99777000040993, 69.15012000005218], [-130.99777000040993, 69.15012000005218]]], [[[-139.55713000026336, 69.53505990015573], [-139.55713000026336, 69.53505990015573]]], [[[-139.5265298998162, 69.53226989999992], [-139.5265298998162, 69.53226989999992]]], [[[-139.5049300004377, 69.52706999997258], [-139.5049300004377, 69.52706999997258]]], [[[-139.45781989992764, 69.53276000012058], [-139.45781989992764, 69.53276000012058]]], [[[-139.3575399002578, 69.54706990003574], [-139.3575399002578, 69.54706990003574]]], [[[-139.13265999987726, 69.63755989999437], [-139.13265999987726, 69.63755989999437]]], [[[-133.89888009980604, 69.32004989986793], [-133.89888009980604, 69.32004989986793]]], [[[-130.83183000043, 69.3186599998784], [-130.83183000043, 69.3186599998784]]], [[[-133.74649000011087, 69.31646010008573], [-133.74649000011087, 69.31646010008573]]], [[[-134.1433500996782, 69.26468990014149], [-134.1433500996782, 69.26468990014149]]], [[[-134.03926999998103, 69.28560999997664], [-134.03926999998103, 69.28560999997664]]], [[[-135.7702000997048, 69.31430000003567], [-135.7702000997048, 69.31430000003567]]], [[[-134.07739509981536, 69.29940940013918], [-134.07739509981536, 69.29940940013918]]], [[[-135.26820999984193, 69.2934401000643], [-135.26820999984193, 69.2934401000643]]], [[[-134.08093000010277, 69.29925989991617], [-134.08093000010277, 69.29925989991617]]], [[[-133.94924010019818, 69.34043000008303], [-133.94924010019818, 69.34043000008303]]], [[[-130.87521010004764, 69.30395000011133], [-130.87521010004764, 69.30395000011133]]], [[[-132.23008000041477, 69.23360000011942], [-132.23008000041477, 69.23360000011942]]], [[[-132.40224990043336, 69.21031989988451], [-132.40224990043336, 69.21031989988451]]], [[[-132.28531999977318, 69.25302999985733], [-132.28531999977318, 69.25302999985733]]], [[[-132.39946990029327, 69.25172000011167], [-132.39946990029327, 69.25172000011167]]], [[[-133.90985569977772, 69.29322379989539], [-133.90985569977772, 69.29322379989539]]], [[[-132.18740000011886, 69.24897812274972], [-132.18740000011886, 69.24897812274972]]], [[[-131.96243999965938, 69.27604999998312], [-131.96243999965938, 69.27604999998312]]], [[[-134.19758000009347, 69.59263009996398], [-134.19758000009347, 69.59263009996398]]], [[[-134.0108200998114, 69.60815999999343], [-134.0108200998114, 69.60815999999343]]], [[[-130.78115000037076, 69.62283218495581], [-130.78115000037076, 69.62283218495581]]], [[[-130.72279009992826, 69.60567000004441], [-130.72279009992826, 69.60567000004441]]], [[[-134.06198989999115, 69.61137999991686], [-134.06198989999115, 69.61137999991686]]], [[[-133.59364999986695, 69.5396017466742], [-133.59364999986695, 69.5396017466742]]], [[[-133.8191099999186, 69.54920000013948], [-133.8191099999186, 69.54920000013948]]], [[[-131.02437999996067, 69.54376999985664], [-131.02437999996067, 69.54376999985664]]], [[[-131.40474010040913, 69.55816010004776], [-131.40474010040913, 69.55816010004776]]], [[[-130.78115000037076, 69.57496876982121], [-130.78115000037076, 69.57496876982121]]], [[[-133.89143989958504, 69.54993010007854], [-133.89143989958504, 69.54993010007854]]], [[[-135.53028009998437, 69.61346999996496], [-135.53028009998437, 69.61346999996496]]], [[[-133.8348599003853, 69.32703990004919], [-133.8348599003853, 69.32703990004919]]], [[[-133.89778989988562, 69.32706999985884], [-133.89778989988562, 69.32706999985884]]], [[[-135.31509999963265, 69.36427990000546], [-135.31509999963265, 69.36427990000546]]], [[[-123.78623700039991, 69.33774089996194], [-123.78623700039991, 69.33774089996194]]], [[[-133.81428989971712, 69.33278000005878], [-133.81428989971712, 69.33278000005878]]], [[[-133.78514009965176, 69.33642000008787], [-133.78514009965176, 69.33642000008787]]], [[[-133.90470999981162, 69.33364000012902], [-133.90470999981162, 69.33364000012902]]], [[[-133.8581701004366, 69.3378101000215], [-133.8581701004366, 69.3378101000215]]], [[[-131.99770000015013, 69.33959990001408], [-131.99770000015013, 69.33959990001408]]], [[[-131.82275009999142, 69.35171009997913], [-131.82275009999142, 69.35171009997913]]], [[[-133.65133999965255, 69.3695599998469], [-133.65133999965255, 69.3695599998469]]], [[[-134.0003399997707, 69.35478999994028], [-134.0003399997707, 69.35478999994028]]], [[[-131.48427499979562, 69.35747374192488], [-131.48427499979562, 69.35747374192488]]], [[[-123.89517980020595, 69.364307099995], [-123.89517980020595, 69.364307099995]]], [[[-135.45063999979325, 69.38341990002593], [-135.45063999979325, 69.38341990002593]]], [[[-133.9875299995646, 69.35752999992201], [-133.9875299995646, 69.35752999992201]]], [[[-133.96435010014528, 69.37800999998171], [-133.96435010014528, 69.37800999998171]]], [[[-135.5409699000501, 69.3699899999727], [-135.5409699000501, 69.3699899999727]]], [[[-135.31131000026244, 69.37771010001154], [-135.31131000026244, 69.37771010001154]]], [[[-130.87562000041348, 69.37771010001154], [-130.87562000041348, 69.37771010001154]]], [[[-130.74113989999873, 69.3927699999966], [-130.74113989999873, 69.3927699999966]]], [[[-135.414229899719, 69.45122990015372], [-135.414229899719, 69.45122990015372]]], [[[-135.1551998997206, 69.44768999994963], [-135.1551998997206, 69.44768999994963]]], [[[-133.02295860029903, 69.44853769991754], [-133.02295860029903, 69.44853769991754]]], [[[-135.1974100999876, 69.45007999986214], [-135.1974100999876, 69.45007999986214]]], [[[-131.87129000043018, 69.45199010012594], [-131.87129000043018, 69.45199010012594]]], [[[-135.36444999989632, 69.38986989984807], [-135.36444999989632, 69.38986989984807]]], [[[-135.33511999958162, 69.41691000009217], [-135.33511999958162, 69.41691000009217]]], [[[-131.4165099997382, 69.40508990013758], [-131.4165099997382, 69.40508990013758]]], [[[-132.0117701004429, 69.410719999913], [-132.0117701004429, 69.410719999913]]], [[[-130.7326400003562, 69.43930010001118], [-130.7326400003562, 69.43930010001118]]], [[[-133.0455631000328, 69.42719969998176], [-133.0455631000328, 69.42719969998176]]], [[[-135.42433010042947, 69.44660000007062], [-135.42433010042947, 69.44660000007062]]], [[[-135.34684989962602, 69.42338999986652], [-135.34684989962602, 69.42338999986652]]], [[[-134.5567500000196, 69.43709989993201], [-134.5567500000196, 69.43709989993201]]], [[[-135.35944000033538, 69.43742010006645], [-135.35944000033538, 69.43742010006645]]], [[[-134.60989999969925, 69.43327000015051], [-134.60989999969925, 69.43327000015051]]], [[[-130.72756010018804, 69.43919009995957], [-130.72756010018804, 69.43919009995957]]], [[[-131.39949000003733, 69.46335989985548], [-131.39949000003733, 69.46335989985548]]], [[[-130.78115000037076, 69.44904877987544], [-130.78115000037076, 69.44904877987544]]], [[[-135.27372999993915, 69.44448000006544], [-135.27372999993915, 69.44448000006544]]], [[[-130.9329298996462, 69.51657009987005], [-130.9329298996462, 69.51657009987005]]], [[[-134.81452149983085, 69.47937740009162], [-134.81452149983085, 69.47937740009162]]], [[[-135.74865989966514, 69.50647009984678], [-135.74865989966514, 69.50647009984678]]], [[[-134.65864460014015, 69.4793855000241], [-134.65864460014015, 69.4793855000241]]], [[[-130.59616010010032, 69.4740600000679], [-130.59616010010032, 69.4740600000679]]], [[[-131.36904009970232, 69.4796100000263], [-131.36904009970232, 69.4796100000263]]], [[[-130.78115000037076, 69.48919395345347], [-130.78115000037076, 69.48919395345347]]], [[[-135.29553999999123, 69.46988010009913], [-135.29553999999123, 69.46988010009913]]], [[[-135.40867990038285, 69.50376999998429], [-135.40867990038285, 69.50376999998429]]], [[[-133.59364999986695, 69.51525574153219], [-133.59364999986695, 69.51525574153219]]], [[[-123.27644699960494, 69.50424080010634], [-123.27644699960494, 69.50424080010634]]], [[[-131.30646010000632, 69.4955701001537], [-131.30646010000632, 69.4955701001537]]], [[[-130.7995800002331, 69.49931000007601], [-130.7995800002331, 69.49931000007601]]], [[[-134.69212989973536, 69.52889000002564], [-134.69212989973536, 69.52889000002564]]], [[[-131.32178000030277, 69.5339101000942], [-131.32178000030277, 69.5339101000942]]], [[[-135.27894160031448, 68.64333849983981], [-135.27894160031448, 68.64333849983981]]], [[[-135.14472990033693, 68.64629009984752], [-135.14472990033693, 68.64629009984752]]], [[[-135.329810000445, 68.6889700999864], [-135.329810000445, 68.6889700999864]]], [[[-135.26016999989562, 68.68270000006653], [-135.26016999989562, 68.68270000006653]]], [[[-133.4372100002236, 68.80134000000298], [-133.4372100002236, 68.80134000000298]]], [[[-133.0963098997149, 68.81407990011704], [-133.0963098997149, 68.81407990011704]]], [[[-133.06184990018866, 68.82009999992069], [-133.06184990018866, 68.82009999992069]]], [[[-132.5492599997734, 68.8188400998978], [-132.5492599997734, 68.8188400998978]]], [[[-134.15025990041943, 69.6404598999828], [-134.15025990041943, 69.6404598999828]]], [[[-132.7160798995741, 69.64950999988238], [-132.7160798995741, 69.64950999988238]]], [[[-134.95612999972303, 69.68711009989482], [-134.95612999972303, 69.68711009989482]]], [[[-134.25098009973135, 69.67784999999645], [-134.25098009973135, 69.67784999999645]]], [[[-134.30322009973997, 69.67679010002287], [-134.30322009973997, 69.67679010002287]]], [[[-134.27747999996427, 69.67706000001016], [-134.27747999996427, 69.67706000001016]]], [[[-134.2969750002067, 69.68894567384545], [-134.2969750002067, 69.68894567384545]]], [[[-134.36490000009772, 69.70448990007789], [-134.36490000009772, 69.70448990007789]]], [[[-134.24018009973648, 69.69185999996041], [-134.24018009973648, 69.69185999996041]]], [[[-134.48463999984986, 69.71524009990917], [-134.48463999984986, 69.71524009990917]]], [[[-134.39696989975823, 69.76748000002198], [-134.39696989975823, 69.76748000002198]]], [[[-134.3721099998406, 69.75908989988223], [-134.3721099998406, 69.75908989988223]]], [[[-132.4879401001641, 69.7364200000216], [-132.4879401001641, 69.7364200000216]]], [[[-130.55590010009436, 69.73304009996443], [-130.55590010009436, 69.73304009996443]]], [[[-131.19063989989473, 69.86288010001365], [-131.19063989989473, 69.86288010001365]]], [[[-131.48447499981216, 69.9229128167172], [-131.48447499981216, 69.9229128167172]]], [[[-131.74379000021588, 69.85511009991986], [-131.74379000021588, 69.85511009991986]]], [[[-117.02679998413332, 69.64353207373846], [-117.02679998413332, 69.64353207373846]]], [[[-128.93775990005955, 69.67783999998308], [-128.93775990005955, 69.67783999998308]]], [[[-129.07922409997443, 69.69035640000706], [-129.07922409997443, 69.69035640000706]]], [[[-123.93638429968141, 69.71247910010739], [-123.93638429968141, 69.71247910010739]]], [[[-129.01382120019363, 69.68421859992303], [-129.01382120019363, 69.68421859992303]]], [[[-125.36924999968907, 69.73750000004522], [-125.36924999968907, 69.73750000004522]]], [[[-124.08888990026422, 69.72744950012604], [-124.08888990026422, 69.72744950012604]]], [[[-124.34256820043217, 69.89172579994606], [-124.34256820043217, 69.89172579994606]]], [[[-124.39830709984486, 69.91430149990231], [-124.39830709984486, 69.91430149990231]]], [[[-124.41957659976019, 69.8439629000546], [-124.41957659976019, 69.8439629000546]]], [[[-124.36098579995037, 69.8664070001435], [-124.36098579995037, 69.8664070001435]]], [[[-129.00000010032122, 69.83517999993045], [-129.00000010032122, 69.83517999993045]]], [[[-66.3711241998103, 68.33009989984826], [-66.3711241998103, 68.33009989984826]]], [[[-66.42871109995077, 68.33172060009592], [-66.42871109995077, 68.33172060009592]]], [[[-66.52732469961578, 68.32697939998991], [-66.52732469961578, 68.32697939998991]]], [[[-108.43272999977974, 68.3086000000052], [-108.43272999977974, 68.3086000000052]]], [[[-98.62572999986628, 68.31005999990245], [-98.62572999986628, 68.31005999990245]]], [[[-106.91248999963211, 68.32199009999204], [-106.91248999963211, 68.32199009999204]]], [[[-111.7967749997289, 68.32692697246996], [-111.7967749997289, 68.32692697246996]]], [[[-107.78658999961054, 68.3344900000488], [-107.78658999961054, 68.3344900000488]]], [[[-96.91445009962162, 68.34064000002843], [-96.91445009962162, 68.34064000002843]]], [[[-66.54357030033775, 68.33340239992097], [-66.54357030033775, 68.33340239992097]]], [[[-66.60073149964485, 68.34073290013947], [-66.60073149964485, 68.34073290013947]]], [[[-107.57802499958629, 68.32880425657436], [-107.57802499958629, 68.32880425657436]]], [[[-98.73556990043416, 68.31179999997588], [-98.73556990043416, 68.31179999997588]]], [[[-96.92292990035797, 68.31977989986737], [-96.92292990035797, 68.31977989986737]]], [[[-98.91454989987558, 68.31581999997137], [-98.91454989987558, 68.31581999997137]]], [[[-108.95691999996905, 68.31483000013385], [-108.95691999996905, 68.31483000013385]]], [[[-111.38472999958441, 68.3268999001178], [-111.38472999958441, 68.3268999001178]]], [[[-98.66353000029761, 68.32366990002829], [-98.66353000029761, 68.32366990002829]]], [[[-98.68285990007226, 68.32577010008318], [-98.68285990007226, 68.32577010008318]]], [[[-98.20427999981979, 68.3276200001582], [-98.20427999981979, 68.3276200001582]]], [[[-111.60155989997288, 68.3415999998488], [-111.60155989997288, 68.3415999998488]]], [[[-98.90552010021662, 68.327309999895], [-98.90552010021662, 68.327309999895]]], [[[-107.63798009956419, 68.3371900000034], [-107.63798009956419, 68.3371900000034]]], [[[-105.07700000013648, 68.32724999991262], [-105.07700000013648, 68.32724999991262]]], [[[-113.20322500039187, 68.24475000015316], [-113.20322500039187, 68.24475000015316]]], [[[-66.14898109958787, 68.25507410012901], [-66.14898109958787, 68.25507410012901]]], [[[-96.32822499982137, 68.2237525855876], [-96.32822499982137, 68.2237525855876]]], [[[-78.5456799001845, 68.28063009985645], [-78.5456799001845, 68.28063009985645]]], [[[-106.961389899921, 68.25327009985163], [-106.961389899921, 68.25327009985163]]], [[[-107.22436999973448, 68.24538010015135], [-107.22436999973448, 68.24538010015135]]], [[[-109.50621990032123, 68.24625000000502], [-109.50621990032123, 68.24625000000502]]], [[[-98.66164689969675, 68.24471359990186], [-98.66164689969675, 68.24471359990186]]], [[[-109.01952999980227, 68.24679000006314], [-109.01952999980227, 68.24679000006314]]], [[[-98.58015999982541, 68.27019989996035], [-98.58015999982541, 68.27019989996035]]], [[[-109.08537000003736, 68.25088999994018], [-109.08537000003736, 68.25088999994018]]], [[[-109.05871009997088, 68.24814999999424], [-109.05871009997088, 68.24814999999424]]], [[[-111.84498000014491, 68.26257999984934], [-111.84498000014491, 68.26257999984934]]], [[[-73.26550520021615, 68.26488049997258], [-73.26550520021615, 68.26488049997258]]], [[[-104.99049999971983, 68.26824999987511], [-104.99049999971983, 68.26824999987511]]], [[[-98.51084009955447, 68.2536498999947], [-98.51084009955447, 68.2536498999947]]], [[[-98.81552000024666, 68.25145000000717], [-98.81552000024666, 68.25145000000717]]], [[[-66.71841719966596, 68.26430689984142], [-66.71841719966596, 68.26430689984142]]], [[[-111.45074999974456, 68.26724999996583], [-111.45074999974456, 68.26724999996583]]], [[[-109.46866999984815, 68.26151010006836], [-109.46866999984815, 68.26151010006836]]], [[[-107.11080989979226, 68.26785010012561], [-107.11080989979226, 68.26785010012561]]], [[[-99.92605319995, 68.26928970000074], [-99.92605319995, 68.26928970000074]]], [[[-90.20800000018303, 68.26975000004845], [-90.20800000018303, 68.26975000004845]]], [[[-111.67599999973392, 68.29474999983685], [-111.67599999973392, 68.29474999983685]]], [[[-96.8351037997324, 68.2762259000288], [-96.8351037997324, 68.2762259000288]]], [[[-96.88086999991616, 68.2700199999167], [-96.88086999991616, 68.2700199999167]]], [[[-100.09169540032839, 68.27980649987092], [-100.09169540032839, 68.27980649987092]]], [[[-66.63876960033885, 68.28764059991012], [-66.63876960033885, 68.28764059991012]]], [[[-111.7967749997289, 68.30189999990337], [-111.7967749997289, 68.30189999990337]]], [[[-109.43823999989164, 68.27298989989339], [-109.43823999989164, 68.27298989989339]]], [[[-96.86022990011308, 68.27679999999462], [-96.86022990011308, 68.27679999999462]]], [[[-73.5003000004236, 68.28403999985389], [-73.5003000004236, 68.28403999985389]]], [[[-105.02850000016767, 68.28600000001349], [-105.02850000016767, 68.28600000001349]]], [[[-66.94190849955163, 68.30714829992128], [-66.94190849955163, 68.30714829992128]]], [[[-107.51802009970396, 68.29275010014824], [-107.51802009970396, 68.29275010014824]]], [[[-98.63373999967534, 68.2843800001257], [-98.63373999967534, 68.2843800001257]]], [[[-98.82771989974604, 68.28086009993416], [-98.82771989974604, 68.28086009993416]]], [[[-96.82232990012264, 68.29777989989499], [-96.82232990012264, 68.29777989989499]]], [[[-99.96548840009974, 68.29182739999368], [-99.96548840009974, 68.29182739999368]]], [[[-96.9261999997575, 68.29909990000684], [-96.9261999997575, 68.29909990000684]]], [[[-66.69001580043685, 68.30359239987328], [-66.69001580043685, 68.30359239987328]]], [[[-98.71643990006473, 68.29412999999104], [-98.71643990006473, 68.29412999999104]]], [[[-104.9976500000866, 68.31574999991548], [-104.9976500000866, 68.31574999991548]]], [[[-99.97931000033378, 68.30315819999656], [-99.97931000033378, 68.30315819999656]]], [[[-107.77941009971786, 68.31183000011043], [-107.77941009971786, 68.31183000011043]]], [[[-105.04174999969149, 68.31150000010933], [-105.04174999969149, 68.31150000010933]]], [[[-96.90275000028844, 68.30238999999118], [-96.90275000028844, 68.30238999999118]]], [[[-107.51798849966723, 68.30694430010738], [-107.51798849966723, 68.30694430010738]]], [[[-96.85709010044718, 68.31011990004511], [-96.85709010044718, 68.31011990004511]]], [[[-104.9344999995799, 68.31700000008956], [-104.9344999995799, 68.31700000008956]]], [[[-106.87510000017792, 68.28529105224685], [-106.87510000017792, 68.28529105224685]]], [[[-98.98848990033144, 68.32146989987251], [-98.98848990033144, 68.32146989987251]]], [[[-100.19541249980239, 68.32636215253687], [-100.19541249980239, 68.32636215253687]]], [[[-109.68739999965759, 68.16979088843259], [-109.68739999965759, 68.16979088843259]]], [[[-66.3756716999506, 68.23195180003219], [-66.3756716999506, 68.23195180003219]]], [[[-78.84245000005271, 68.25302999991257], [-79.12690989988108, 68.36656009986602], [-78.84245000005271, 68.25302999991257]]], [[[-77.23654999973756, 67.50009999988559], [-77.06500000014707, 67.24999999998559], [-76.70949999994055, 67.2094999998441], [-76.40670000005017, 67.23295000004217], [-76.0984598998172, 67.24764000008261], [-75.79544999957754, 67.26465999998997], [-75.4996300001746, 67.35057000000089], [-75.19989999995424, 67.43647990001266], [-75.05686989995523, 67.74092999983877], [-75.03438990043163, 68.0428399001382], [-75.2911300004477, 68.25373010008903], [-75.59516010028753, 68.30852000016185], [-75.95791010041995, 68.34069989994707], [-76.27750299961913, 68.33853549999915], [-76.57391999959695, 68.28194999983675], [-76.84945010022379, 68.15062000011974], [-77.0911000000599, 67.95055989989207], [-77.28494990043424, 67.71037000001655], [-77.23654999973756, 67.50009999988559]]], [[[-86.82303749977275, 68.21524999986217], [-86.93299999971566, 67.9340000001496], [-86.69525000003998, 67.739750000158], [-86.38675000012732, 67.84200000011927], [-86.42024999975385, 68.14350000000378], [-86.68275000035362, 68.30024999997292], [-86.82303749977275, 68.21524999986217]]], [[[-111.5288000001361, 68.3369900998907], [-111.5288000001361, 68.3369900998907]]], [[[-105.09949999975156, 68.33099999984304], [-105.09949999975156, 68.33099999984304]]], [[[-98.2246899000431, 68.33743010012884], [-98.2246899000431, 68.33743010012884]]], [[[-98.67774990005388, 68.34506000001258], [-98.67774990005388, 68.34506000001258]]], [[[-98.66387000005624, 68.34745989998508], [-98.66387000005624, 68.34745989998508]]], [[[-105.08700000006522, 68.35325000016337], [-105.08700000006522, 68.35325000016337]]], [[[-100.01116010021056, 68.35165529988437], [-100.01116010021056, 68.35165529988437]]], [[[-99.03347000008142, 68.3485600999799], [-99.03347000008142, 68.3485600999799]]], [[[-100.03523579963124, 68.35059090010198], [-100.03523579963124, 68.35059090010198]]], [[[-66.96899540031369, 68.36296689995153], [-66.96899540031369, 68.36296689995153]]], [[[-106.87510000017792, 68.31324412736623], [-106.87510000017792, 68.31324412736623]]], [[[-98.14817000007501, 68.33002989992463], [-98.14817000007501, 68.33002989992463]]], [[[-98.94070999977588, 68.35135990009174], [-98.94070999977588, 68.35135990009174]]], [[[-108.92389999984323, 68.35853000001032], [-108.92389999984323, 68.35853000001032]]], [[[-98.1971198996943, 68.35379009986988], [-98.1971198996943, 68.35379009986988]]], [[[-100.8458699999581, 68.35804999989753], [-100.8458699999581, 68.35804999989753]]], [[[-98.11008990044651, 68.34886000011909], [-98.11008990044651, 68.34886000011909]]], [[[-98.70250010040394, 68.35750000005278], [-98.70250010040394, 68.35750000005278]]], [[[-99.95536470035975, 68.36351350009213], [-99.95536470035975, 68.36351350009213]]], [[[-98.98502010005436, 68.36172999990667], [-98.98502010005436, 68.36172999990667]]], [[[-100.02927099961941, 68.37253499992491], [-100.02927099961941, 68.37253499992491]]], [[[-110.87126390040733, 68.37705919984217], [-110.87126390040733, 68.37705919984217]]], [[[-98.26515990011134, 68.36969990003153], [-98.26515990011134, 68.36969990003153]]], [[[-98.10779999956588, 68.37173999998278], [-98.10779999956588, 68.37173999998278]]], [[[-100.65244009970831, 68.37477000008197], [-100.65244009970831, 68.37477000008197]]], [[[-98.1909099000341, 68.37292990013151], [-98.1909099000341, 68.37292990013151]]], [[[-100.01889770028278, 68.37585390001516], [-100.01889770028278, 68.37585390001516]]], [[[-66.86924749973605, 68.33622850001119], [-66.86924749973605, 68.33622850001119]]], [[[-98.98225989968144, 68.34370999984237], [-98.98225989968144, 68.34370999984237]]], [[[-111.29422999973525, 68.3874099999906], [-111.29422999973525, 68.3874099999906]]], [[[-108.95147000019205, 68.37549989984859], [-108.95147000019205, 68.37549989984859]]], [[[-98.12991000009194, 68.37339000009374], [-98.12991000009194, 68.37339000009374]]], [[[-97.91025625009944, 68.3805462156935], [-97.91025625009944, 68.3805462156935]]], [[[-97.03135000014457, 68.38218193594764], [-97.03135000014457, 68.38218193594764]]], [[[-98.02035560657924, 68.37900625007539], [-98.02035560657924, 68.37900625007539]]], [[[-66.69791679956766, 68.38872690015897], [-66.69791679956766, 68.38872690015897]]], [[[-111.27991010041985, 68.40711999988024], [-111.27991010041985, 68.40711999988024]]], [[[-98.22032000042773, 68.38431999993514], [-98.22032000042773, 68.38431999993514]]], [[[-100.03595319960704, 68.38961229992451], [-100.03595319960704, 68.38961229992451]]], [[[-106.13766009980641, 68.39084999993408], [-106.13766009980641, 68.39084999993408]]], [[[-98.78913086947482, 68.37140476674398], [-98.78913086947482, 68.37140476674398]]], [[[-97.93533718408597, 68.37900625007539], [-97.93533718408597, 68.37900625007539]]], [[[-98.08603749973108, 68.40766999997204], [-98.08603749973108, 68.40766999997204]]], [[[-85.78135000036312, 68.41225000003246], [-85.78135000036312, 68.41225000003246]]], [[[-106.31900230013582, 68.38890209999263], [-106.31900230013582, 68.38890209999263]]], [[[-97.91025625009944, 68.39300904423081], [-97.91025625009944, 68.39300904423081]]], [[[-99.14052500019935, 68.40467849237675], [-99.14052500019935, 68.40467849237675]]], [[[-100.80053009978398, 68.38908999986396], [-100.80053009978398, 68.38908999986396]]], [[[-98.30476999955195, 68.38878000007189], [-98.30476999955195, 68.38878000007189]]], [[[-97.03115000012804, 68.40631842089297], [-97.03115000012804, 68.40631842089297]]], [[[-98.24364000020046, 68.39183990007307], [-98.24364000020046, 68.39183990007307]]], [[[-66.83532930020878, 68.40868050007825], [-66.83532930020878, 68.40868050007825]]], [[[-98.13678000007623, 68.4116500001069], [-98.13678000007623, 68.4116500001069]]], [[[-100.78257999970934, 68.40782990003035], [-100.78257999970934, 68.40782990003035]]], [[[-100.00763489993159, 68.40328800013678], [-100.00763489993159, 68.40328800013678]]], [[[-98.30463990014262, 68.40411999998179], [-98.30463990014262, 68.40411999998179]]], [[[-81.69645890034491, 68.40309009992794], [-81.69645890034491, 68.40309009992794]]], [[[-97.91025625009944, 68.39807043910528], [-97.91025625009944, 68.39807043910528]]], [[[-98.20900009956384, 68.41084989991909], [-98.20900009956384, 68.41084989991909]]], [[[-97.9979468748987, 68.40804594344633], [-97.9979468748987, 68.40804594344633]]], [[[-97.1147299997642, 68.42151989996637], [-97.1147299997642, 68.42151989996637]]], [[[-97.06424550006022, 68.42996699997572], [-97.06424550006022, 68.42996699997572]]], [[[-111.13932069969161, 68.43406000003982], [-111.13932069969161, 68.43406000003982]]], [[[-97.91025625009944, 68.41966051741711], [-97.91025625009944, 68.41966051741711]]], [[[-98.885630099964, 68.43006009984731], [-98.885630099964, 68.43006009984731]]], [[[-98.00934989957081, 68.4207800001035], [-98.00934989957081, 68.4207800001035]]], [[[-98.21207000041915, 68.42223999998672], [-98.21207000041915, 68.42223999998672]]], [[[-98.24854000015657, 68.43250990012956], [-98.24854000015657, 68.43250990012956]]], [[[-106.0408900003096, 68.43899000007454], [-106.0408900003096, 68.43899000007454]]], [[[-97.15244999982959, 68.43601999995774], [-97.15244999982959, 68.43601999995774]]], [[[-98.34668999996468, 68.42602000013018], [-98.34668999996468, 68.42602000013018]]], [[[-97.52200999967182, 68.42843999987778], [-97.52200999967182, 68.42843999987778]]], [[[-100.57019989958917, 68.42849009993638], [-100.57019989958917, 68.42849009993638]]], [[[-67.14484280008622, 68.4548743999218], [-67.14484280008622, 68.4548743999218]]], [[[-73.97680999990345, 68.43387999996085], [-73.97680999990345, 68.43387999996085]]], [[[-98.09636000023671, 68.43278000002624], [-98.09636000023671, 68.43278000002624]]], [[[-97.91005625008289, 68.436341345116], [-97.91005625008289, 68.436341345116]]], [[[-105.6977199999101, 68.43717990001868], [-105.6977199999101, 68.43717990001868]]], [[[-106.3446979997803, 68.44230969986276], [-106.3446979997803, 68.44230969986276]]], [[[-96.28720009962235, 68.4390601000624], [-96.28720009962235, 68.4390601000624]]], [[[-97.99814687491526, 68.43648133659283], [-97.99814687491526, 68.43648133659283]]], [[[-106.30464510007488, 68.44503429996868], [-106.30464510007488, 68.44503429996868]]], [[[-97.15174989960953, 68.44879000005467], [-97.15174989960953, 68.44879000005467]]], [[[-111.09385000032056, 68.45454373366411], [-111.09385000032056, 68.45454373366411]]], [[[-79.11041999962265, 68.431580000107], [-79.11041999962265, 68.431580000107]]], [[[-100.72255624957909, 68.4563282923349], [-100.72255624957909, 68.4563282923349]]], [[[-106.56259990022147, 68.45186990003499], [-106.56259990022147, 68.45186990003499]]], [[[-73.99384999969578, 68.45698989988496], [-73.99384999969578, 68.45698989988496]]], [[[-98.18822009973168, 68.44819990008874], [-98.18822009973168, 68.44819990008874]]], [[[-98.14036000028247, 68.44540010002231], [-98.14036000028247, 68.44540010002231]]], [[[-68.54974999994427, 70.29374999988234], [-68.54974999994427, 70.29374999988234]]], [[[-68.7310225907206, 70.31259999990436], [-68.7310225907206, 70.31259999990436]]], [[[-68.98897209979017, 70.27596519989282], [-68.98897209979017, 70.27596519989282]]], [[[-68.12187690008923, 70.32859479994946], [-68.12187690008923, 70.32859479994946]]], [[[-68.4045322003945, 70.38884189993894], [-68.4045322003945, 70.38884189993894]]], [[[-68.376879399631, 70.36055020003411], [-68.376879399631, 70.36055020003411]]], [[[-69.74755750022845, 70.71720919990575], [-69.74755750022845, 70.71720919990575]]], [[[-100.79666850019404, 70.86964399990087], [-100.79666850019404, 70.86964399990087]]], [[[-100.83912130038495, 70.92250609986334], [-100.83912130038495, 70.92250609986334]]], [[[-100.31425129978007, 70.78109909997639], [-100.31425129978007, 70.78109909997639]]], [[[-100.63289989983407, 70.79171609996943], [-100.63289989983407, 70.79171609996943]]], [[[-72.17196760017393, 70.81191360000473], [-72.17196760017393, 70.81191360000473]]], [[[-100.46542360015694, 70.81832100012127], [-100.46542360015694, 70.81832100012127]]], [[[-100.54054329968493, 70.79171609996943], [-100.54054329968493, 70.79171609996943]]], [[[-92.58800000029093, 70.74100000000043], [-92.58800000029093, 70.74100000000043]]], [[[-100.52687260024895, 70.75344899987805], [-100.52687260024895, 70.75344899987805]]], [[[-100.44625539982837, 70.75784459990345], [-100.44625539982837, 70.75784459990345]]], [[[-72.01945599974334, 71.03768429998296], [-71.74351420032346, 70.88180019992187], [-71.42472510016577, 70.91958409991605], [-71.76871859966096, 71.04773659998834], [-72.01945599974334, 71.03768429998296]]], [[[-87.54633659974371, 71.00140239990746], [-87.54633659974371, 71.00140239990746]]], [[[-87.1874785002741, 71.01377670002093], [-87.1874785002741, 71.01377670002093]]], [[[-87.64186620039334, 71.05500549998072], [-87.64186620039334, 71.05500549998072]]], [[[-87.7126765000437, 71.05372360003922], [-87.7126765000437, 71.05372360003922]]], [[[-87.71070240010457, 71.0719962999293], [-87.71070240010457, 71.0719962999293]]], [[[-87.43990659978977, 71.06976879991402], [-87.43990659978977, 71.06976879991402]]], [[[-96.04158000016666, 70.59596000007843], [-96.04158000016666, 70.59596000007843]]], [[[-100.17383749992693, 70.6112939000153], [-100.17383749992693, 70.6112939000153]]], [[[-114.92062630035856, 70.60428090014192], [-114.92062630035856, 70.60428090014192]]], [[[-100.17343719985655, 70.64262650004771], [-100.17343719985655, 70.64262650004771]]], [[[-100.4130982997222, 70.70891209987336], [-100.4130982997222, 70.70891209987336]]], [[[-100.47195550031942, 70.70848379996356], [-100.47195550031942, 70.70848379996356]]], [[[-100.586584299904, 70.70774709994615], [-100.586584299904, 70.70774709994615]]], [[[-100.2968072000437, 70.63284559987514], [-100.2968072000437, 70.63284559987514]]], [[[-103.17096999956787, 70.68314009989557], [-103.17096999956787, 70.68314009989557]]], [[[-100.88181030000341, 70.71668090001754], [-100.88181030000341, 70.71668090001754]]], [[[-100.35929720022632, 70.71720209997375], [-100.35929720022632, 70.71720209997375]]], [[[-115.55327199967087, 70.53441319999713], [-115.55327199967087, 70.53441319999713]]], [[[-100.13534740021962, 70.53744410008659], [-100.13534740021962, 70.53744410008659]]], [[[-92.09024999977306, 70.5464999999983], [-92.09024999977306, 70.5464999999983]]], [[[-115.55050719992371, 70.54576370003545], [-115.55050719992371, 70.54576370003545]]], [[[-92.14083989970766, 70.56947790002548], [-92.14083989970766, 70.56947790002548]]], [[[-100.13719220025004, 70.57420699994094], [-100.13719220025004, 70.57420699994094]]], [[[-115.47956059979359, 70.5644989000593], [-115.47956059979359, 70.5644989000593]]], [[[-115.31259999956488, 70.57799285224893], [-115.31259999956488, 70.57799285224893]]], [[[-115.31259999956488, 70.59100628987339], [-115.31259999956488, 70.59100628987339]]], [[[-100.67733010037448, 70.5830562999065], [-100.67733010037448, 70.5830562999065]]], [[[-115.482300899788, 70.5922598999386], [-115.482300899788, 70.5922598999386]]], [[[-101.0779461998751, 70.22892499986217], [-101.0779461998751, 70.22892499986217]]], [[[-91.53390569960905, 70.2271995001027], [-91.53390569960905, 70.2271995001027]]], [[[-91.54757419996919, 70.2409578999982], [-91.54757419996919, 70.2409578999982]]], [[[-91.46903920005408, 70.23596639987565], [-91.46903920005408, 70.23596639987565]]], [[[-101.06009040044741, 70.23108200012543], [-101.06009040044741, 70.23108200012543]]], [[[-112.72605999971248, 70.23609000008865], [-112.72605999971248, 70.23609000008865]]], [[[-113.2025299999077, 70.30415009997763], [-113.2025299999077, 70.30415009997763]]], [[[-111.73894000017833, 70.2804299999732], [-111.73894000017833, 70.2804299999732]]], [[[-112.92866989973336, 70.28593989991396], [-112.92866989973336, 70.28593989991396]]], [[[-101.50601109992476, 70.28038979990001], [-101.50601109992476, 70.28038979990001]]], [[[-111.84138999989293, 70.28713010012446], [-111.84138999989293, 70.28713010012446]]], [[[-111.54379999958003, 70.28521000013139], [-111.54379999958003, 70.28521000013139]]], [[[-112.91767989976765, 70.28988999990904], [-112.91767989976765, 70.28988999990904]]], [[[-111.73718009992542, 70.29475000005367], [-111.73718009992542, 70.29475000005367]]], [[[-91.97200689960972, 70.3087080999445], [-91.97200689960972, 70.3087080999445]]], [[[-101.78484982240546, 70.31259999990436], [-101.78484982240546, 70.31259999990436]]], [[[-100.83349779999398, 70.27850590014481], [-100.83349779999398, 70.27850590014481]]], [[[-113.04486990036058, 70.25869989991897], [-113.04486990036058, 70.25869989991897]]], [[[-112.54950999970848, 70.2388499998558], [-112.54950999970848, 70.2388499998558]]], [[[-111.88860009996209, 70.2759200998598], [-111.88860009996209, 70.2759200998598]]], [[[-112.2641000003131, 70.27839999996758], [-112.2641000003131, 70.27839999996758]]], [[[-111.63666010005603, 70.27710999985958], [-111.63666010005603, 70.27710999985958]]], [[[-78.5355716999764, 70.27503849999981], [-78.5355716999764, 70.27503849999981]]], [[[-112.62253000044758, 70.28345999987839], [-112.62253000044758, 70.28345999987839]]], [[[-91.80775000021416, 70.37749999995312], [-91.80775000021416, 70.37749999995312]]], [[[-100.1736030998249, 70.47261730003028], [-100.1736030998249, 70.47261730003028]]], [[[-100.2427511999927, 70.45543139987508], [-100.2427511999927, 70.45543139987508]]], [[[-100.418174700054, 70.47946709986049], [-100.418174700054, 70.47946709986049]]], [[[-91.97649999957305, 70.4902499998722], [-91.97649999957305, 70.4902499998722]]], [[[-112.4374800999027, 70.49513999988645], [-112.4374800999027, 70.49513999988645]]], [[[-100.17148669955824, 70.4190107001212], [-100.17148669955824, 70.4190107001212]]], [[[-79.47742070011876, 70.42115160011934], [-79.47742070011876, 70.42115160011934]]], [[[-100.27497710018713, 70.4333303000044], [-100.27497710018713, 70.4333303000044]]], [[[-91.92310489995802, 70.42554669986446], [-91.92310489995802, 70.42554669986446]]], [[[-87.02349999956483, 70.43625000008805], [-87.02349999956483, 70.43625000008805]]], [[[-111.51067999989512, 70.32299999986638], [-111.51067999989512, 70.32299999986638]]], [[[-113.19886741128916, 70.31240000011304], [-113.19886741128916, 70.31240000011304]]], [[[-112.15069458487294, 70.31259999990436], [-111.80681999986349, 70.29381009985653], [-112.10402000018902, 70.35587989985127], [-112.15069458487294, 70.31259999990436]]], [[[-100.8787545413256, 70.31259999990436], [-100.8787545413256, 70.31259999990436]]], [[[-111.8418600002462, 70.3356999999909], [-111.8418600002462, 70.3356999999909]]], [[[-91.89317150036868, 70.33730529996339], [-91.89317150036868, 70.33730529996339]]], [[[-111.72957000043644, 70.33630989994798], [-111.72957000043644, 70.33630989994798]]], [[[-78.58072750031451, 70.34180059996599], [-78.58072750031451, 70.34180059996599]]], [[[-111.64546009988553, 70.34045999997647], [-111.64546009988553, 70.34045999997647]]], [[[-111.52561009963017, 70.34352989988672], [-111.52561009963017, 70.34352989988672]]], [[[-100.73121970009552, 70.36249550001676], [-100.73121970009552, 70.36249550001676]]], [[[-100.84049660042368, 70.36488909985515], [-100.84049660042368, 70.36488909985515]]], [[[-78.67758700014839, 70.36088219993363], [-78.67758700014839, 70.36088219993363]]], [[[-100.30497909962317, 70.36736360012978], [-100.30497909962317, 70.36736360012978]]], [[[-102.16379990023451, 70.39065009996308], [-102.16379990023451, 70.39065009996308]]], [[[-102.03835009984032, 70.36669999997011], [-102.03835009984032, 70.36669999997011]]], [[[-102.78204990038775, 70.51956000012267], [-102.78204990038775, 70.51956000012267]]], [[[-100.66289549967202, 70.58630070011523], [-100.35850280025763, 70.48991339999938], [-100.61101669966273, 70.6741909000763], [-100.66289549967202, 70.58630070011523]]], [[[-81.73404000020614, 69.90972989986456], [-81.73404000020614, 69.90972989986456]]], [[[-81.71781999967313, 69.91388999991025], [-81.71781999967313, 69.91388999991025]]], [[[-97.27483740030107, 69.92110849995292], [-97.27483740030107, 69.92110849995292]]], [[[-92.15275000000143, 69.93025000005217], [-92.15275000000143, 69.93025000005217]]], [[[-79.91766000009012, 69.92685999996937], [-79.91766000009012, 69.92685999996937]]], [[[-92.15174999991872, 69.93399999996012], [-92.15174999991872, 69.93399999996012]]], [[[-79.97210000028069, 69.93945000007638], [-79.97210000028069, 69.93945000007638]]], [[[-80.03069999973734, 69.94438009991879], [-80.03069999973734, 69.94438009991879]]], [[[-96.10650999983243, 69.94865000007553], [-96.10650999983243, 69.94865000007553]]], [[[-68.51036850018389, 70.06107809985643], [-68.51036850018389, 70.06107809985643]]], [[[-101.14515310000273, 70.2088889998698], [-101.14515310000273, 70.2088889998698]]], [[[-91.49320049993817, 70.20153040002404], [-91.49320049993817, 70.20153040002404]]], [[[-91.46545570001149, 70.17293289999587], [-91.46545570001149, 70.17293289999587]]], [[[-87.36950000033313, 70.17499999997372], [-87.36950000033313, 70.17499999997372]]], [[[-101.15158020000922, 70.19863329997598], [-101.15158020000922, 70.19863329997598]]], [[[-101.17256999957935, 70.17154989994476], [-101.17256999957935, 70.17154989994476]]], [[[-68.62525000034947, 70.2049999999086], [-68.62525000034947, 70.2049999999086]]], [[[-77.90318880010551, 70.18865269987735], [-77.90318880010551, 70.18865269987735]]], [[[-90.88028760019533, 70.16699400012918], [-90.88028760019533, 70.16699400012918]]], [[[-90.6035050001274, 70.17610679988678], [-90.6035050001274, 70.17610679988678]]], [[[-68.36393499978034, 70.0821805001523], [-68.36393499978034, 70.0821805001523]]], [[[-90.53031290014619, 70.0795642000639], [-90.53031290014619, 70.0795642000639]]], [[[-90.52466959998802, 70.10116419999187], [-90.52466959998802, 70.10116419999187]]], [[[-68.38500000001784, 70.12775000005425], [-68.38500000001784, 70.12775000005425]]], [[[-68.69200000025559, 70.09975000010498], [-68.69200000025559, 70.09975000010498]]], [[[-91.85656869998786, 70.10907209987734], [-91.85656869998786, 70.10907209987734]]], [[[-91.89274629989691, 70.11470740004644], [-91.89274629989691, 70.11470740004644]]], [[[-91.8571695004364, 70.11721799991342], [-91.8571695004364, 70.11721799991342]]], [[[-92.38698089985725, 70.11279510006635], [-92.38698089985725, 70.11279510006635]]], [[[-92.20991220003177, 70.11488989995802], [-92.20991220003177, 70.11488989995802]]], [[[-92.33459199959871, 70.14042619999155], [-92.33459199959871, 70.14042619999155]]], [[[-71.3933621000737, 70.14937419995825], [-71.3933621000737, 70.14937419995825]]], [[[-68.6332500001128, 70.13724999990802], [-68.6332500001128, 70.13724999990802]]], [[[-68.5528073001311, 70.14916340009346], [-68.5528073001311, 70.14916340009346]]], [[[-77.89277680044813, 70.1567877999763], [-77.89277680044813, 70.1567877999763]]], [[[-101.40284139964893, 70.1566321001272], [-101.40284139964893, 70.1566321001272]]], [[[-87.29450000041844, 70.15475000005358], [-87.29450000041844, 70.15475000005358]]], [[[-91.49513169993259, 70.17005059991102], [-91.49513169993259, 70.17005059991102]]], [[[-101.43832499979705, 70.17735649995092], [-101.43832499979705, 70.17735649995092]]], [[[-68.53024999967897, 70.16725000000504], [-68.53024999967897, 70.16725000000504]]], [[[-90.81550679991848, 70.19426199989297], [-90.81550679991848, 70.19426199989297]]], [[[-78.29582950020692, 69.97394249998194], [-78.29582950020692, 69.97394249998194]]], [[[-78.24718229960071, 69.96322379989955], [-78.24718229960071, 69.96322379989955]]], [[[-100.80987010028697, 69.96874009985416], [-100.80987010028697, 69.96874009985416]]], [[[-82.96884999996858, 69.96325000005966], [-82.96884999996858, 69.96325000005966]]], [[[-80.06207000040042, 69.98390999993488], [-80.06207000040042, 69.98390999993488]]], [[[-78.00000000022153, 69.98084100008691], [-78.00000000022153, 69.98084100008691]]], [[[-80.90799999998042, 70.00024999995716], [-80.90799999998042, 70.00024999995716]]], [[[-87.18740000009467, 70.02027577582699], [-86.8860000003201, 69.9872500001055], [-86.58524999992552, 69.98300000008926], [-86.88724999974974, 70.10600000013031], [-87.21625000001036, 70.11375000000315], [-87.18740000009467, 70.02027577582699]]], [[[-112.56906000020246, 70.20788010011941], [-112.56906000020246, 70.20788010011941]]], [[[-77.96851099973274, 70.21084720007258], [-77.96851099973274, 70.21084720007258]]], [[[-78.03185380025897, 70.20830039995076], [-78.03185380025897, 70.20830039995076]]], [[[-101.0045922998365, 70.20597780006743], [-101.0045922998365, 70.20597780006743]]], [[[-91.51562379959768, 70.21951809985508], [-91.51562379959768, 70.21951809985508]]], [[[-101.44656010034834, 70.21431010007382], [-101.44656010034834, 70.21431010007382]]], [[[-78.30823849965665, 70.22344059997452], [-78.30823849965665, 70.22344059997452]]], [[[-77.9332766003293, 70.21593980005228], [-77.9332766003293, 70.21593980005228]]], [[[-71.2730089004271, 71.06434620001409], [-71.2730089004271, 71.06434620001409]]], [[[-104.56192000029637, 71.12526000010149], [-104.56192000029637, 71.12526000010149]]], [[[-72.8744787996298, 71.41639170006964], [-72.8744787996298, 71.41639170006964]]], [[[-73.53199999990125, 71.62099999996643], [-73.53199999990125, 71.62099999996643]]], [[[-73.75890370041229, 71.5789809999136], [-73.75890370041229, 71.5789809999136]]], [[[-73.12509999993523, 71.3358052734091], [-72.83179799983326, 71.43448460008992], [-73.13484350030764, 71.45802219995186], [-73.12509999993523, 71.3358052734091]]], [[[-73.60149999981023, 71.44099999990995], [-73.60149999981023, 71.44099999990995]]], [[[-73.55800000025496, 71.45124999987613], [-73.55800000025496, 71.45124999987613]]], [[[-73.01950000018469, 71.5747500000875], [-72.7107500000268, 71.55524999995176], [-73.00524999967988, 71.61374999994197], [-73.01950000018469, 71.5747500000875]]], [[[-73.39200000000058, 71.61149999999185], [-73.39200000000058, 71.61149999999185]]], [[[-74.5226244998353, 71.71758260002463], [-74.5226244998353, 71.71758260002463]]], [[[-96.74049990040663, 71.27766000006781], [-96.74049990040663, 71.27766000006781]]], [[[-96.52872999980784, 71.29033999995912], [-96.52872999980784, 71.29033999995912]]], [[[-96.67637540029321, 71.29219919992248], [-96.67637540029321, 71.29219919992248]]], [[[-84.83125000038727, 71.33374999987643], [-84.83125000038727, 71.33374999987643]]], [[[-96.80451009978162, 71.33108009995554], [-96.80451009978162, 71.33108009995554]]], [[[-96.34270989989152, 71.31644990012772], [-96.34270989989152, 71.31644990012772]]], [[[-96.80051010034914, 71.31007010014117], [-96.80051010034914, 71.31007010014117]]], [[[-96.7393500999621, 71.33543010002793], [-96.7393500999621, 71.33543010002793]]], [[[-96.30168990000236, 71.29591999989107], [-96.30168990000236, 71.29591999989107]]], [[[-96.70525990000738, 71.29296009997016], [-96.70525990000738, 71.29296009997016]]], [[[-104.42941119977199, 71.29681510002513], [-104.42941119977199, 71.29681510002513]]], [[[-96.7241499001773, 71.31530009990769], [-96.7241499001773, 71.31530009990769]]], [[[-96.6056845999318, 71.30831970001321], [-96.6056845999318, 71.30831970001321]]], [[[-99.01062390024863, 71.32632820001238], [-99.01062390024863, 71.32632820001238]]], [[[-104.44140999971694, 71.33501999988741], [-104.44140999971694, 71.33501999988741]]], [[[-84.86899999969157, 71.39825000001699], [-84.86899999969157, 71.39825000001699]]], [[[-94.12416459987183, 71.80084740002968], [-94.12416459987183, 71.80084740002968]]], [[[-108.16147470041733, 71.78204529992405], [-108.16147470041733, 71.78204529992405]]], [[[-98.38378990017596, 71.77673999999637], [-98.38378990017596, 71.77673999999637]]], [[[-96.61042260040452, 71.78657589997587], [-96.61042260040452, 71.78657589997587]]], [[[-95.39124999969584, 71.79224999987338], [-95.39124999969584, 71.79224999987338]]], [[[-97.03115000012804, 71.72137332008536], [-97.03115000012804, 71.72137332008536]]], [[[-98.43759999989267, 71.74601964022635], [-98.43759999989267, 71.74601964022635]]], [[[-94.56851000019223, 71.76203150011962], [-94.56851000019223, 71.76203150011962]]], [[[-98.43739999987615, 71.76411616889945], [-98.43739999987615, 71.76411616889945]]], [[[-108.08425000024364, 71.86999999989247], [-108.08425000024364, 71.86999999989247]]], [[[-94.15291780002745, 71.98312960000682], [-94.15291780002745, 71.98312960000682]]], [[[-108.17750000009566, 71.9977499999274], [-108.17750000009566, 71.9977499999274]]], [[[-100.98468390029022, 71.99192549992807], [-100.98468390029022, 71.99192549992807]]], [[[-94.83323079966773, 71.99867149998616], [-94.83323079966773, 71.99867149998616]]], [[[-107.7355095000549, 71.99966579994461], [-107.7355095000549, 71.99966579994461]]], [[[-94.4234990997204, 71.98612920001793], [-94.4234990997204, 71.98612920001793]]], [[[-94.2723083003369, 71.98870370009655], [-94.2723083003369, 71.98870370009655]]], [[[-108.17125000025247, 72.04349999989186], [-108.17125000025247, 72.04349999989186]]], [[[-107.38685009977004, 71.81073989998862], [-107.38685009977004, 71.81073989998862]]], [[[-95.39249430021334, 71.7928493999594], [-95.39249430021334, 71.7928493999594]]], [[[-95.50928100043407, 71.82301779997516], [-95.50928100043407, 71.82301779997516]]], [[[-94.15514940024616, 71.84109479993116], [-94.15514940024616, 71.84109479993116]]], [[[-95.20328290021587, 71.83984820001658], [-95.20328290021587, 71.83984820001658]]], [[[-98.34124000018768, 71.66250009990235], [-98.34124000018768, 71.66250009990235]]], [[[-74.78663450015571, 71.68520139989204], [-74.78663450015571, 71.68520139989204]]], [[[-96.89479650001915, 71.66895340013144], [-96.89479650001915, 71.66895340013144]]], [[[-98.29230990033558, 71.66872010000529], [-98.29230990033558, 71.66872010000529]]], [[[-104.44405000011494, 71.70749000010574], [-104.44405000011494, 71.70749000010574]]], [[[-102.65615000001876, 72.85966228896162], [-102.4706760003367, 72.62053620008892], [-102.17833009964949, 72.54379009998628], [-101.89401000013721, 72.42635999992747], [-101.61050999959726, 72.30626000013633], [-101.30059010008867, 72.31216000003832], [-101.01104000000907, 72.2102601001035], [-100.70222999957673, 72.19807989997182], [-100.40765989989045, 72.08796000006541], [-100.13905990013366, 71.93306000008488], [-99.82318010002479, 71.85619990010005], [-99.58425730033834, 71.63959210002595], [-99.3045100002197, 71.47596990007322], [-99.01069009979686, 71.39086000007329], [-98.71852010002208, 71.28767000008104], [-98.4224099995796, 71.34143010013875], [-98.14256999961187, 71.46023000014007], [-98.37065009968302, 71.65659999996686], [-98.19007000039626, 71.9239799999231], [-98.06170010040691, 71.65251989992302], [-97.7603700003412, 71.65758000005157], [-97.45598709974992, 71.6197518998807], [-97.15756789963257, 71.67890669993446], [-96.88845989988766, 71.81216990004025], [-96.5259036995997, 71.8376104000564], [-96.75647010012037, 72.03363990003268], [-96.46014920011503, 72.10830760003383], [-96.7344998999104, 72.30194999987576], [-96.4404700003236, 72.36676000008869], [-96.49397460008018, 72.67173469990489], [-96.80006010008732, 72.6995898999202], [-97.08974000043725, 72.5936599999874], [-97.24896979994215, 72.85101129994179], [-97.5156941003177, 73.01304240008913], [-97.81492000013662, 73.04195999995001], [-98.11388999957548, 73.01652010003295], [-98.39231000023429, 72.9038298999858], [-98.18166989998855, 73.11873999996266], [-97.89392010009514, 73.23237999997822], [-97.60093999959713, 73.33027989988105], [-97.24849999991316, 73.37233000012125], [-97.52730089972717, 73.48570149999283], [-97.22740149970208, 73.56104880009916], [-96.94120180032361, 73.6792511000134], [-97.19843340007263, 73.85796939995171], [-97.51993009975176, 73.88678000006519], [-97.82445010032339, 73.8618499999922], [-98.12628010026829, 73.81756010001271], [-98.42845009997181, 73.79634989996634], [-98.74088989961652, 73.76937000010278], [-99.04271019955296, 73.75367339990017], [-99.36248989982224, 73.7883800001036], [-99.6584101000069, 73.84745010003644], [-99.9634505000125, 73.95148199997085], [-100.26479069983694, 73.9169314999988], [-99.96305989995055, 73.84616999995606], [-100.26204000004647, 73.80642000000131], [-100.56190249997462, 73.86472279989712], [-100.88134779968442, 73.8339981999066], [-100.67553999966002, 73.61088990012203], [-100.42609799986175, 73.41829109992952], [-100.7273400003509, 73.49802010012063], [-101.05808999963338, 73.6002198998976], [-101.37137710013552, 73.55616560003881], [-101.12043000002815, 73.33299999992086], [-100.81321010029372, 73.26624989993805], [-100.50673509976251, 73.31442140011583], [-100.19612000034374, 73.33460010003355], [-99.91741000015504, 73.21810010003065], [-100.2231800998693, 73.26443000000675], [-100.52135010014031, 73.23102999995352], [-100.20812999958532, 73.13828990011797], [-100.4757701000537, 72.98245000002377], [-100.22856999965884, 72.80444000009308], [-100.53226990035982, 72.75994990007787], [-100.8358800997881, 72.75383989988717], [-101.15073010000135, 72.71392990004303], [-101.4489101003181, 72.79695009995261], [-101.72358000028002, 72.92846009994939], [-101.99918999976319, 73.05888009989171], [-102.3032885997367, 73.06369589999872], [-102.58771600031473, 72.94301089989787], [-102.65615000001876, 72.85966228896162]]], [[[-95.84489999971049, 73.12510000010758], [-95.60700000024697, 72.93550000010652], [-95.44449999983291, 72.67475000010074], [-95.18125000029401, 72.52174999998668], [-95.1934999997351, 72.21949999987459], [-94.87124999980816, 72.16025000007414], [-95.16774999962666, 72.1097499999335], [-94.87725000030439, 71.99449999993071], [-94.57325000031477, 72.01475000001436], [-94.25075000014257, 72.0322499999702], [-93.98075000026999, 72.17199999990571], [-93.72225000000103, 72.33125000003882], [-93.44274999979191, 72.44774999993177], [-93.68875000037451, 72.62774999999705], [-93.97849999985931, 72.71425000004577], [-94.28224999960368, 72.71450000003877], [-93.98050000002473, 72.77049999998461], [-93.67300000019479, 72.78549999997895], [-93.36199999962624, 72.80300000000051], [-92.99825000030943, 72.77000000001969], [-92.67624999972942, 72.74650000012248], [-92.36949999973695, 72.71074999999973], [-92.02599999962456, 72.76599999993354], [-91.76275000008566, 72.91474999997689], [-91.49625000005338, 73.09050000005139], [-91.23275000026923, 73.27724999992714], [-90.98075000008872, 73.46050000003407], [-90.67474999993368, 73.60625000007994], [-90.34825000032897, 73.79224999999828], [-90.61375000027853, 73.95600000008346], [-90.92025000002576, 73.99200000006986], [-91.30199999993295, 74.01625000011016], [-91.63400000044169, 74.0294999998812], [-91.9492499997897, 74.01300000009017], [-92.26074999995046, 73.95349999990918], [-92.57715990040006, 74.10172009992982], [-92.88448000001794, 74.13990999993246], [-93.23047999988792, 74.16217000006118], [-93.56419259985827, 74.1766415001152], [-93.86126999991049, 74.1129500999981], [-94.191080099996, 74.13259999991772], [-94.54307010031648, 74.10138009997885], [-94.8522500000334, 74.07025000011495], [-95.16774999962666, 74.0182500000389], [-94.99099999960609, 73.75099999990258], [-95.29049999967269, 73.77975000003042], [-95.60150000024126, 73.73875000001154], [-95.6492500003726, 73.4392500001208], [-95.54125000042356, 73.15449999991255], [-95.84225000016507, 73.14050000009681], [-95.84489999971049, 73.12510000010758]]], [[[-123.74989999983359, 71.52178346229469], [-123.49988559982445, 71.33888369992982], [-123.247563799753, 71.1360596999841], [-122.93791460036874, 71.08343250000992], [-122.62861949980149, 71.17189189991284], [-122.24753730028999, 71.25038929990959], [-121.89296539990914, 71.40233529997242], [-121.57119749974404, 71.46719490002714], [-121.25168179996375, 71.39136130013], [-120.80351350037414, 71.45987299992831], [-120.50143010006065, 71.54544010012867], [-120.40469140027628, 71.84676839999767], [-120.17243409999797, 72.08854199993156], [-119.89201489957269, 72.2322360000831], [-119.57822630019014, 72.2988743999981], [-119.27774989968167, 72.44255999988516], [-119.05132000029585, 72.65694000012722], [-118.75824999999747, 72.7356199000726], [-118.45927999966028, 72.77351990004227], [-118.15180020024614, 72.87107500008742], [-117.8575000002853, 72.93400000012976], [-117.54124999995626, 73.01375000011103], [-117.23025000028603, 73.06149999989736], [-116.92075000029067, 73.14225000004093], [-116.55849999975047, 73.23149999991632], [-116.2424999996667, 73.28075000008084], [-115.90600000013325, 73.32575000008376], [-115.61099999998966, 73.39199999987612], [-115.31599999984607, 73.47000000004434], [-115.5883536001361, 73.64344459989776], [-115.89303009980661, 73.73275449999346], [-116.19124999969506, 73.84000000008733], [-116.54924999965918, 73.97274999997117], [-116.85249999981133, 74.07250000012174], [-117.14899999962984, 74.16424999993068], [-117.45499999978486, 74.22775000004177], [-117.80875000007126, 74.26199999991438], [-118.11300000030613, 74.28175000005736], [-118.41824999972539, 74.24899999990525], [-118.7392500002227, 74.21175000008215], [-118.97546780011213, 74.00574969989144], [-119.20137030039126, 74.22180939988816], [-119.50524999979469, 74.21600000001224], [-119.79250000042018, 74.11974269994403], [-120.09635679997037, 74.27682690003434], [-120.4003219004112, 74.29265599992799], [-120.69449999956201, 74.3902500000903], [-121.01650000014202, 74.4702500000348], [-121.33924999966115, 74.54174999997234], [-121.66999999984193, 74.55424999988931], [-121.97494999968553, 74.51743990000489], [-122.30006180034235, 74.47684640007846], [-122.60535480031767, 74.46404810002954], [-122.912904699765, 74.45856509989774], [-123.23124270012295, 74.45042299996253], [-123.5590390001237, 74.42547779997506], [-123.91794000043632, 74.40702990005569], [-124.23216999961015, 74.39182999993596], [-124.59163819978644, 74.36538609996683], [-124.39839009968554, 74.12113999987923], [-124.15632000029889, 73.92777999992727], [-123.8645598999916, 73.84033010000577], [-124.03097990037055, 73.57975010007875], [-124.30954999963186, 73.46142999987657], [-124.52339999957671, 73.24928999994248], [-124.79338000025611, 73.11831000003353], [-124.51963000029794, 72.98507009998521], [-124.80755989982941, 72.89058989997442], [-125.11325000007604, 72.87974999995733], [-124.96462009993817, 72.6166399000791], [-125.24774999997098, 72.4889999999775], [-125.50499999991197, 72.33324999988243], [-125.76175000026076, 72.13974999995676], [-125.46418810014826, 71.97876719993393], [-125.13380140022794, 71.98224340000661], [-124.85400009968264, 71.85061009994267], [-124.51161079994374, 71.78164820003933], [-124.18289040031532, 71.73564579999034], [-123.8457467003886, 71.58686089990775], [-123.74989999983359, 71.52178346229469]]], [[[-66.80067749958958, 68.48311410004526], [-66.80067749958958, 68.48311410004526]]], [[[-67.0284588002343, 68.48449850009754], [-67.0284588002343, 68.48449850009754]]], [[[-66.70981749989029, 68.54141740007736], [-66.70981749989029, 68.54141740007736]]], [[[-67.13539550031415, 68.5430016998719], [-67.13539550031415, 68.5430016998719]]], [[[-67.21198580035272, 68.54098840010869], [-67.21198580035272, 68.54098840010869]]], [[[-66.70270570038102, 68.565080400066], [-66.70270570038102, 68.565080400066]]], [[[-66.81785069977562, 68.55766579987147], [-66.81785069977562, 68.55766579987147]]], [[[-66.79249200041504, 68.56339099996978], [-66.79249200041504, 68.56339099996978]]], [[[-66.96717630018526, 68.56014369989698], [-66.96717630018526, 68.56014369989698]]], [[[-66.93830290005474, 68.5691053999521], [-66.93830290005474, 68.5691053999521]]], [[[-66.95239440001417, 68.57661959985882], [-66.95239440001417, 68.57661959985882]]], [[[-67.01561830042772, 68.57386909989349], [-67.01561830042772, 68.57386909989349]]], [[[-67.1328729995553, 68.57443589985745], [-67.1328729995553, 68.57443589985745]]], [[[-67.11498669962873, 68.57820510011162], [-67.11498669962873, 68.57820510011162]]], [[[-67.65047819959167, 69.05427040004552], [-67.65047819959167, 69.05427040004552]]], [[[-67.45370860027076, 68.87821350010684], [-67.45370860027076, 68.87821350010684]]], [[[-67.48626800001443, 69.00503170000987], [-67.48626800001443, 69.00503170000987]]], [[[-67.59656139978213, 68.94516079986363], [-67.59656139978213, 68.94516079986363]]], [[[-67.61888529995713, 68.95468750004402], [-67.61888529995713, 68.95468750004402]]], [[[-67.5833293998017, 69.0203506999932], [-67.5833293998017, 69.0203506999932]]], [[[-90.21000000034846, 69.19125000006083], [-90.21000000034846, 69.19125000006083]]], [[[-103.14461000026238, 69.18385879997162], [-103.14461000026238, 69.18385879997162]]], [[[-90.83924999961484, 69.18524999988651], [-90.83924999961484, 69.18524999988651]]], [[[-103.10409960026085, 69.18569989998727], [-103.10409960026085, 69.18569989998727]]], [[[-90.4684999997191, 69.18725000013637], [-90.4684999997191, 69.18725000013637]]], [[[-90.70322499993064, 69.179750000066], [-90.70322499993064, 69.179750000066]]], [[[-90.26249999974976, 69.19199999995814], [-90.26249999974976, 69.19199999995814]]], [[[-113.82446999987202, 69.18896990004433], [-113.82446999987202, 69.18896990004433]]], [[[-90.43675000001274, 69.19699999984373], [-90.43675000001274, 69.19699999984373]]], [[[-113.66330009986487, 69.18873010013327], [-113.66330009986487, 69.18873010013327]]], [[[-103.15256379967063, 69.19680210011882], [-103.15256379967063, 69.19680210011882]]], [[[-90.86224999972043, 69.20075000015929], [-90.86224999972043, 69.20075000015929]]], [[[-90.22075000011463, 69.21349999999534], [-90.22075000011463, 69.21349999999534]]], [[[-113.90614999980023, 69.20178305073347], [-113.90614999980023, 69.20178305073347]]], [[[-90.42425000032637, 69.21375000004966], [-90.42425000032637, 69.21375000004966]]], [[[-90.9409999997207, 69.2147499998773], [-90.9409999997207, 69.2147499998773]]], [[[-113.79433000034373, 69.21197989986345], [-113.79433000034373, 69.21197989986345]]], [[[-113.86492999989453, 69.22308989986388], [-113.86492999989453, 69.22308989986388]]], [[[-114.6705300000467, 69.23444990004775], [-114.6705300000467, 69.23444990004775]]], [[[-90.92950000011706, 69.23925000008535], [-90.92950000011706, 69.23925000008535]]], [[[-82.15626430041681, 69.23720850006737], [-82.15626430041681, 69.23720850006737]]], [[[-113.99096990000561, 69.2434699999432], [-113.99096990000561, 69.2434699999432]]], [[[-102.65615000001876, 68.8634333051749], [-102.65615000001876, 68.8634333051749]]], [[[-79.0613252996644, 68.87462090012244], [-79.0613252996644, 68.87462090012244]]], [[[-105.16870780015648, 69.05842980013156], [-105.16870780015648, 69.05842980013156]]], [[[-85.28374999963307, 69.06424999985224], [-85.28374999963307, 69.06424999985224]]], [[[-99.97053929995559, 69.06340079989162], [-99.97053929995559, 69.06340079989162]]], [[[-67.84215080021129, 68.88931460005941], [-67.84215080021129, 68.88931460005941]]], [[[-74.84685743283558, 68.90635000009242], [-74.84685743283558, 68.90635000009242]]], [[[-95.63183010035166, 68.89823989985678], [-95.63183010035166, 68.89823989985678]]], [[[-98.85833000023895, 68.90635000009242], [-98.85833000023895, 68.90635000009242]]], [[[-106.408068199821, 68.89728130008712], [-106.408068199821, 68.89728130008712]]], [[[-85.15729999973018, 68.90635000009242], [-85.15729999973018, 68.90635000009242]]], [[[-100.09874153478705, 68.90635000009242], [-100.09874153478705, 68.90635000009242]]], [[[-114.3138391904046, 68.90635000009242], [-114.3138391904046, 68.90635000009242]]], [[[-67.85166489960623, 68.86125180000963], [-67.85166489960623, 68.86125180000963]]], [[[-94.57057999977953, 68.8645401001563], [-94.57057999977953, 68.8645401001563]]], [[[-75.1010946998076, 68.87951820012921], [-75.1010946998076, 68.87951820012921]]], [[[-102.39104150024308, 68.87500010014492], [-102.39104150024308, 68.87500010014492]]], [[[-102.73439859995331, 68.87758780001037], [-102.73439859995331, 68.87758780001037]]], [[[-67.63033579969368, 68.91887280005764], [-67.63033579969368, 68.91887280005764]]], [[[-114.48687992085289, 68.90635000009242], [-114.48687992085289, 68.90635000009242]]], [[[-90.04684999965605, 68.90635000009242], [-90.04684999965605, 68.90635000009242]]], [[[-74.76301989968219, 68.92759989989945], [-74.76301989968219, 68.92759989989945]]], [[[-114.42317000042961, 68.92794000007824], [-114.42317000042961, 68.92794000007824]]], [[[-106.24285779983674, 68.92356879990837], [-106.24285779983674, 68.92356879990837]]], [[[-90.03025000007977, 68.92600000002344], [-90.03025000007977, 68.92600000002344]]], [[[-98.9661498996516, 68.93364000003037], [-98.9661498996516, 68.93364000003037]]], [[[-104.37569909996459, 68.93606650015803], [-104.37569909996459, 68.93606650015803]]], [[[-74.92173999958645, 69.03675989984164], [-74.92173999958645, 69.03675989984164]]], [[[-74.88360199994463, 69.04824229989606], [-74.88360199994463, 69.04824229989606]]], [[[-105.92808050027945, 69.05215969997782], [-105.92808050027945, 69.05215969997782]]], [[[-105.00000000005637, 69.04956600013716], [-105.00000000005637, 69.04956600013716]]], [[[-85.3269999998414, 69.04700000004088], [-85.3269999998414, 69.04700000004088]]], [[[-90.14699999962959, 69.04774999995233], [-90.14699999962959, 69.04774999995233]]], [[[-99.97042000009259, 69.0548601000717], [-99.97042000009259, 69.0548601000717]]], [[[-84.94750000034489, 69.05525000014875], [-84.94750000034489, 69.05525000014875]]], [[[-85.17425000000914, 69.06399999993438], [-85.17425000000914, 69.06399999993438]]], [[[-85.45100000021542, 69.0590000000817], [-85.45100000021542, 69.0590000000817]]], [[[-67.92078530022222, 68.89581050008512], [-67.92078530022222, 68.89581050008512]]], [[[-100.15604009997584, 68.94353999988519], [-100.15604009997584, 68.94353999988519]]], [[[-99.51687010024835, 68.95305989986247], [-99.51687010024835, 68.95305989986247]]], [[[-85.33025000033479, 68.9479999998648], [-85.33025000033479, 68.9479999998648]]], [[[-94.41874999966403, 68.96825000002647], [-94.41874999966403, 68.96825000002647]]], [[[-85.26574999994101, 68.9760000000769], [-85.26574999994101, 68.9760000000769]]], [[[-89.79924999983946, 68.98474999986378], [-89.79924999983946, 68.98474999986378]]], [[[-89.9998999995909, 68.98275000009004], [-89.9998999995909, 68.98275000009004]]], [[[-90.10849999958954, 68.9602500001048], [-90.10849999958954, 68.9602500001048]]], [[[-99.57402010025882, 68.97716010011494], [-99.57402010025882, 68.97716010011494]]], [[[-99.53672999975244, 68.96576999988643], [-99.53672999975244, 68.96576999988643]]], [[[-90.1832500001573, 68.97550000011316], [-90.1832500001573, 68.97550000011316]]], [[[-81.14314380016734, 68.98695330006218], [-81.14314380016734, 68.98695330006218]]], [[[-106.34481110036951, 68.98301880009583], [-106.34481110036951, 68.98301880009583]]], [[[-85.31350000007237, 68.99699999986633], [-85.31350000007237, 68.99699999986633]]], [[[-85.41600000001567, 69.00499999992317], [-85.41600000001567, 69.00499999992317]]], [[[-90.148999999795, 68.99450000005898], [-90.148999999795, 68.99450000005898]]], [[[-90.06749999979188, 69.00650000003182], [-90.06749999979188, 69.00650000003182]]], [[[-100.62778989981568, 68.99707990001502], [-100.62778989981568, 68.99707990001502]]], [[[-81.1697195999569, 69.00225360008561], [-81.1697195999569, 69.00225360008561]]], [[[-90.1970000001716, 69.03600000000635], [-90.1970000001716, 69.03600000000635]]], [[[-90.02374999999135, 69.01950000011813], [-90.02374999999135, 69.01950000011813]]], [[[-89.9617500002535, 69.00574999990626], [-89.9617500002535, 69.00574999990626]]], [[[-89.99524999988004, 69.0125000001403], [-89.99524999988004, 69.0125000001403]]], [[[-90.11974999984625, 69.01274999999482], [-90.11974999984625, 69.01274999999482]]], [[[-105.04075459988134, 69.01460240009412], [-105.04075459988134, 69.01460240009412]]], [[[-90.04775000017968, 69.01799999993077], [-90.04775000017968, 69.01799999993077]]], [[[-105.8829275997031, 69.03700649991272], [-105.8829275997031, 69.03700649991272]]], [[[-99.97711660007421, 69.029521999988], [-99.97711660007421, 69.029521999988]]], [[[-85.07822500003991, 69.01775000001412], [-85.07822500003991, 69.01775000001412]]], [[[-74.84184990004839, 69.02941989996515], [-74.84184990004839, 69.02941989996515]]], [[[-85.23600000040005, 69.06524999987492], [-85.23600000040005, 69.06524999987492]]], [[[-100.08533989964332, 69.12473000013246], [-100.08533989964332, 69.12473000013246]]], [[[-67.72565809971842, 69.0796957998576], [-67.72565809971842, 69.0796957998576]]], [[[-74.82728809969835, 69.07932949995003], [-74.82728809969835, 69.07932949995003]]], [[[-85.20974999980109, 69.07424999994797], [-85.20974999980109, 69.07424999994797]]], [[[-100.31931999975328, 69.07043009992654], [-100.31931999975328, 69.07043009992654]]], [[[-85.03674999986609, 69.07399999996167], [-85.03674999986609, 69.07399999996167]]], [[[-113.66254989970311, 69.0943498999241], [-113.66254989970311, 69.0943498999241]]], [[[-105.97944619966644, 69.09338140000142], [-105.97944619966644, 69.09338140000142]]], [[[-90.09825000031387, 69.08650000001045], [-90.09825000031387, 69.08650000001045]]], [[[-85.3582499999556, 69.07924999995998], [-85.3582499999556, 69.07924999995998]]], [[[-90.34000000032039, 69.09149999985489], [-90.34000000032039, 69.09149999985489]]], [[[-105.92287690030005, 69.1018029000141], [-105.92287690030005, 69.1018029000141]]], [[[-67.93456010002657, 69.13231180002622], [-67.93456010002657, 69.13231180002622]]], [[[-75.61862009980236, 69.14543999995523], [-75.61862009980236, 69.14543999995523]]], [[[-106.00000000011678, 69.14257199998548], [-106.00000000011678, 69.14257199998548]]], [[[-96.16068010029755, 69.14125990002296], [-96.16068010029755, 69.14125990002296]]], [[[-89.9998999995909, 69.09277500014478], [-89.9998999995909, 69.09277500014478]]], [[[-89.95450000032763, 69.1200000001165], [-89.95450000032763, 69.1200000001165]]], [[[-90.26500000040568, 69.10425000006386], [-90.26500000040568, 69.10425000006386]]], [[[-106.00003959965116, 69.11725129994088], [-106.00003959965116, 69.11725129994088]]], [[[-105.97195310035332, 69.1250001001073], [-105.97195310035332, 69.1250001001073]]], [[[-90.38349999987565, 69.12700000004568], [-90.38349999987565, 69.12700000004568]]], [[[-90.34725000024628, 69.13350000005804], [-90.34725000024628, 69.13350000005804]]], [[[-90.20474999968967, 69.14449999993657], [-90.20474999968967, 69.14449999993657]]], [[[-90.19124999992063, 69.1534999998881], [-90.19124999992063, 69.1534999998881]]], [[[-90.70322499993064, 69.14474999985444], [-90.70322499993064, 69.14474999985444]]], [[[-96.13005999975893, 69.13936009997596], [-96.13005999975893, 69.13936009997596]]], [[[-99.04207599974215, 69.15726910010477], [-99.04207599974215, 69.15726910010477]]], [[[-101.71761080031995, 69.18499920013721], [-101.71761080031995, 69.18499920013721]]], [[[-99.01499689995003, 69.16733470008403], [-99.01499689995003, 69.16733470008403]]], [[[-99.21415780018424, 69.16758850005307], [-99.21415780018424, 69.16758850005307]]], [[[-90.5434999996338, 69.16850000005999], [-90.5434999996338, 69.16850000005999]]], [[[-106.38559059969752, 69.31434570008695], [-106.38559059969752, 69.31434570008695]]], [[[-102.90568130044112, 69.32083729995077], [-102.90568130044112, 69.32083729995077]]], [[[-102.92945100043835, 69.32604100006434], [-102.92945100043835, 69.32604100006434]]], [[[-114.27008999998614, 69.27667009991], [-114.27008999998614, 69.27667009991]]], [[[-95.76761049956377, 69.28665689993548], [-95.76761049956377, 69.28665689993548]]], [[[-106.66045750020125, 69.28293960014665], [-106.66045750020125, 69.28293960014665]]], [[[-95.77448770044339, 69.29835760004205], [-95.77448770044339, 69.29835760004205]]], [[[-95.62490000037992, 69.31924999998922], [-95.62490000037992, 69.31924999998922]]], [[[-95.69751299961662, 69.29665849998315], [-95.69751299961662, 69.29665849998315]]], [[[-95.7290380998034, 69.30235619999189], [-95.7290380998034, 69.30235619999189]]], [[[-99.89942110004662, 69.31666549987138], [-99.89942110004662, 69.31666549987138]]], [[[-90.83050000001406, 69.23000000003813], [-90.83050000001406, 69.23000000003813]]], [[[-90.85650000036777, 69.24124999999603], [-90.85650000036777, 69.24124999999603]]], [[[-91.06549999968689, 69.25074999997865], [-91.06549999968689, 69.25074999997865]]], [[[-85.4465000002924, 69.27349999993508], [-85.4465000002924, 69.27349999993508]]], [[[-90.3514624997525, 69.25949999989768], [-90.3514624997525, 69.25949999989768]]], [[[-113.91950999982718, 69.24853009985286], [-113.91950999982718, 69.24853009985286]]], [[[-115.0173900002573, 69.24911989998435], [-115.0173900002573, 69.24911989998435]]], [[[-114.2055498996964, 69.26047999996224], [-114.2055498996964, 69.26047999996224]]], [[[-90.70322499993064, 69.27529999988377], [-90.70322499993064, 69.27529999988377]]], [[[-77.34385000007785, 69.22903003650276], [-77.04574319988035, 69.14863689994507], [-76.75263719959695, 69.28762580009592], [-77.016438099967, 69.43572700005403], [-77.3299124003912, 69.41933850004767], [-77.34385000007785, 69.22903003650276]]], [[[-67.50010000004451, 69.51005000007264], [-67.50010000004451, 69.51005000007264]]], [[[-67.73950000008125, 69.59024999992181], [-67.73950000008125, 69.59024999992181]]], [[[-68.44578579998674, 69.61612090007308], [-68.44578579998674, 69.61612090007308]]], [[[-90.83150000009675, 69.57799999997886], [-90.83150000009675, 69.57799999997886]]], [[[-90.88300000031367, 69.58500000014821], [-90.88300000031367, 69.58500000014821]]], [[[-90.64974999966267, 69.58249999999659], [-90.64974999966267, 69.58249999999659]]], [[[-85.41425000009552, 69.58374999991433], [-85.41425000009552, 69.58374999991433]]], [[[-90.44274999961064, 69.58574999987194], [-90.44274999961064, 69.58574999987194]]], [[[-90.53524999962521, 69.57749999990729], [-90.53524999962521, 69.57749999990729]]], [[[-90.45325000002988, 69.58324999997151], [-90.45325000002988, 69.58324999997151]]], [[[-90.86699999988869, 69.59125000009263], [-90.86699999988869, 69.59125000009263]]], [[[-90.46024999971051, 69.58875000014574], [-90.46024999971051, 69.58875000014574]]], [[[-90.42800000041194, 69.59174999995881], [-90.42800000041194, 69.59174999995881]]], [[[-90.57600000007594, 69.58850000014856], [-90.57600000007594, 69.58850000014856]]], [[[-91.14524999976986, 69.5939999999199], [-91.14524999976986, 69.5939999999199]]], [[[-91.18500000013788, 69.59150000008323], [-91.18500000013788, 69.59150000008323]]], [[[-90.58975000009023, 69.59500000006545], [-90.58975000009023, 69.59500000006545]]], [[[-90.6185000004468, 69.6025000001039], [-90.6185000004468, 69.6025000001039]]], [[[-90.82649999968324, 69.59724999994417], [-90.82649999968324, 69.59724999994417]]], [[[-90.97350000016282, 69.59799999999967], [-90.97350000016282, 69.59799999999967]]], [[[-91.13424999975842, 69.60049999999109], [-91.13424999975842, 69.60049999999109]]], [[[-90.90799999968635, 69.5957500001318], [-90.90799999968635, 69.5957500001318]]], [[[-90.45952499998741, 69.60947500002379], [-90.45952499998741, 69.60947500002379]]], [[[-90.54802499967116, 69.60947500002379], [-90.54802499967116, 69.60947500002379]]], [[[-90.98229999999232, 69.60947500002379], [-90.98229999999232, 69.60947500002379]]], [[[-91.05600000024866, 69.60274999986098], [-91.05600000024866, 69.60274999986098]]], [[[-82.05927444874699, 69.60947500002379], [-82.05927444874699, 69.60947500002379]]], [[[-82.35341562534299, 69.60876234448759], [-82.35341562534299, 69.60876234448759]]], [[[-82.49644278605437, 69.60927500003659], [-82.49644278605437, 69.60927500003659]]], [[[-96.76881179958566, 69.61177370015102], [-96.76881179958566, 69.61177370015102]]], [[[-101.34439010011789, 69.52008000010385], [-101.34439010011789, 69.52008000010385]]], [[[-90.30675000004081, 69.52475000008326], [-90.30675000004081, 69.52475000008326]]], [[[-90.26624999983532, 69.53699999993262], [-90.26624999983532, 69.53699999993262]]], [[[-90.48324999981611, 69.53449999994731], [-90.48324999981611, 69.53449999994731]]], [[[-90.55525000038101, 69.54499999992015], [-90.55525000038101, 69.54499999992015]]], [[[-80.83945009963844, 69.55157999990027], [-80.83945009963844, 69.55157999990027]]], [[[-82.4413062501588, 69.5482584169748], [-82.4413062501588, 69.5482584169748]]], [[[-103.12725990023732, 69.54537010006835], [-103.12725990023732, 69.54537010006835]]], [[[-90.25200000022883, 69.5452499998657], [-90.25200000022883, 69.5452499998657]]], [[[-90.52575000018699, 69.55249999993791], [-90.52575000018699, 69.55249999993791]]], [[[-90.91824999986035, 69.5592500001443], [-90.91824999986035, 69.5592500001443]]], [[[-91.06675000001485, 69.54550000002375], [-91.06675000001485, 69.54550000002375]]], [[[-90.27824999992949, 69.56374999993733], [-90.27824999992949, 69.56374999993733]]], [[[-90.35166249976903, 69.53400000014787], [-90.35166249976903, 69.53400000014787]]], [[[-91.23574999961903, 69.55800000012196], [-91.23574999961903, 69.55800000012196]]], [[[-90.86524999996854, 69.564500000153], [-90.86524999996854, 69.564500000153]]], [[[-103.03810999998824, 69.5656399000164], [-103.03810999998824, 69.5656399000164]]], [[[-95.41073939984079, 69.57943580002296], [-95.41073939984079, 69.57943580002296]]], [[[-90.94374999972355, 69.56300000001407], [-90.94374999972355, 69.56300000001407]]], [[[-90.979750000006, 69.57374999984644], [-90.979750000006, 69.57374999984644]]], [[[-90.24324999972973, 69.57625000014005], [-90.24324999972973, 69.57625000014005]]], [[[-90.62324999971676, 69.56750000013302], [-90.62324999971676, 69.56750000013302]]], [[[-91.04123750009447, 69.60927500003659], [-91.04123750009447, 69.60927500003659]]], [[[-96.8411942003906, 69.56733250003954], [-96.8411942003906, 69.56733250003954]]], [[[-90.70302499991408, 69.58249999999659], [-90.70302499991408, 69.58249999999659]]], [[[-90.382250000446, 69.57799999997886], [-90.382250000446, 69.57799999997886]]], [[[-98.39057070014748, 69.34447269987218], [-98.39057070014748, 69.34447269987218]]], [[[-95.76502569974167, 69.34882569984445], [-95.76502569974167, 69.34882569984445]]], [[[-81.99694490025053, 69.37717340007869], [-81.99694490025053, 69.37717340007869]]], [[[-95.78750000035312, 69.3637500000062], [-95.78750000035312, 69.3637500000062]]], [[[-95.91296799971663, 69.36272110014389], [-95.91296799971663, 69.36272110014389]]], [[[-101.25010000028719, 69.367776430159], [-101.25010000028719, 69.367776430159]]], [[[-96.32822499982137, 69.36968246170754], [-96.32822499982137, 69.36968246170754]]], [[[-101.15149940014267, 69.37500010000156], [-101.15149940014267, 69.37500010000156]]], [[[-82.36318729957765, 69.44722890010269], [-82.36318729957765, 69.44722890010269]]], [[[-82.265620500425, 69.45842839996273], [-82.265620500425, 69.45842839996273]]], [[[-90.31525000029465, 69.46325000014066], [-90.31525000029465, 69.46325000014066]]], [[[-101.29135389991676, 69.46116120009675], [-101.29135389991676, 69.46116120009675]]], [[[-82.2049331998287, 69.46052850006336], [-82.2049331998287, 69.46052850006336]]], [[[-90.3514624997525, 69.42725000011602], [-90.3514624997525, 69.42725000011602]]], [[[-81.9141625003821, 69.35858778590088], [-81.58460750027768, 69.3410105999427], [-81.89087979955826, 69.42382459991093], [-81.9141625003821, 69.35858778590088]]], [[[-80.15634999957408, 69.36671451440272], [-80.15634999957408, 69.36671451440272]]], [[[-90.14249999970657, 69.39574999984312], [-90.14249999970657, 69.39574999984312]]], [[[-90.12175000001164, 69.40474999985197], [-90.12175000001164, 69.40474999985197]]], [[[-106.34371630017654, 69.41435790006705], [-106.34371630017654, 69.41435790006705]]], [[[-90.6282500001303, 69.40874999987055], [-90.6282500001303, 69.40874999987055]]], [[[-101.24990000027067, 69.42028578087265], [-101.24990000027067, 69.42028578087265]]], [[[-81.7567932995785, 69.42228679999509], [-81.7567932995785, 69.42228679999509]]], [[[-90.17400000006602, 69.42325000005359], [-90.17400000006602, 69.42325000005359]]], [[[-94.03275000007908, 69.42424999986335], [-94.03275000007908, 69.42424999986335]]], [[[-101.7121662003161, 69.43589880015115], [-101.7121662003161, 69.43589880015115]]], [[[-82.08994375001375, 69.44137815531045], [-82.08994375001375, 69.44137815531045]]], [[[-82.41974469985978, 69.4443567000089], [-82.41974469985978, 69.4443567000089]]], [[[-90.3514624997525, 69.44275000005118], [-90.3514624997525, 69.44275000005118]]], [[[-101.68548320007208, 69.45246100008492], [-101.68548320007208, 69.45246100008492]]], [[[-82.35349269989605, 69.4417626998604], [-82.35349269989605, 69.4417626998604]]], [[[-106.63729829976269, 69.44926050009067], [-106.63729829976269, 69.44926050009067]]], [[[-82.14191000011762, 69.44971699998706], [-82.14191000011762, 69.44971699998706]]], [[[-90.2459999997326, 69.45249999998627], [-90.2459999997326, 69.45249999998627]]], [[[-101.23320769969726, 69.45400150014925], [-101.23320769969726, 69.45400150014925]]], [[[-106.69404329971718, 69.44645179994238], [-106.69404329971718, 69.44645179994238]]], [[[-101.63277719990815, 69.45917329991379], [-101.63277719990815, 69.45917329991379]]], [[[-82.4413062501588, 69.47009087747027], [-82.4413062501588, 69.47009087747027]]], [[[-82.26552499962884, 69.50083846305198], [-81.9651143001036, 69.42544959996752], [-82.26552499962884, 69.50083846305198]]], [[[-78.74989999980941, 69.54671689251703], [-78.44105310017846, 69.51999270011454], [-78.12323179999211, 69.5803751000637], [-78.42965609960866, 69.64376580003379], [-78.74989999980941, 69.54671689251703]]], [[[-80.20234999978526, 69.44528999990938], [-80.20234999978526, 69.44528999990938]]], [[[-80.31014010028332, 69.46365010009], [-80.31014010028332, 69.46365010009]]], [[[-82.23509899987027, 69.46489350014085], [-82.23509899987027, 69.46489350014085]]], [[[-101.24999999982978, 69.4808995001049], [-101.24999999982978, 69.4808995001049]]], [[[-82.35341562534299, 69.46963341295331], [-82.35341562534299, 69.46963341295331]]], [[[-96.32822499982137, 69.42074338229901], [-96.59357599980801, 69.56948739985715], [-96.32822499982137, 69.42074338229901]]], [[[-101.35820369995601, 69.49309710011825], [-101.35820369995601, 69.49309710011825]]], [[[-82.52919687497463, 69.47195821295482], [-82.52919687497463, 69.47195821295482]]], [[[-82.44150625017534, 69.47713420723628], [-82.44150625017534, 69.47713420723628]]], [[[-82.40458869988191, 69.47862080006637], [-82.40458869988191, 69.47862080006637]]], [[[-101.27017429980184, 69.47520030004172], [-101.27017429980184, 69.47520030004172]]], [[[-80.30803009961474, 69.48409000008884], [-80.30803009961474, 69.48409000008884]]], [[[-81.5626000002205, 69.46819414796018], [-81.5626000002205, 69.46819414796018]]], [[[-95.87574430626931, 69.60947500002379], [-95.61800000025842, 69.43624999993317], [-95.3207094003449, 69.51014809990458], [-95.61261499988042, 69.60555530011645], [-95.87574430626931, 69.60947500002379]]], [[[-90.13850000027408, 69.48075000007262], [-90.13850000027408, 69.48075000007262]]], [[[-101.25010000028719, 69.38538470145251], [-100.9513825002067, 69.46280729995338], [-101.2264301004231, 69.5865800000008], [-101.25010000028719, 69.38538470145251]]], [[[-82.35361562535951, 69.47970151003213], [-82.35361562535951, 69.47970151003213]]], [[[-90.19900000033701, 69.4857499999743], [-90.19900000033701, 69.4857499999743]]], [[[-82.44150625017534, 69.48703525263126], [-82.44150625017534, 69.48703525263126]]], [[[-102.96046899985062, 69.5000002000301], [-102.96046899985062, 69.5000002000301]]], [[[-102.85626169960756, 69.50360039986357], [-102.85626169960756, 69.50360039986357]]], [[[-90.29050000026888, 69.49099999993682], [-90.29050000026888, 69.49099999993682]]], [[[-101.31909110009616, 69.50048509994627], [-101.31909110009616, 69.50048509994627]]], [[[-90.30800000036875, 69.50249999986784], [-90.30800000036875, 69.50249999986784]]], [[[-82.09377370015959, 69.50395980001102], [-82.09377370015959, 69.50395980001102]]], [[[-90.32035280031602, 69.51116020002203], [-90.32035280031602, 69.51116020002203]]], [[[-90.19474999976094, 69.50525000002501], [-90.19474999976094, 69.50525000002501]]], [[[-101.35943990036458, 69.51757010005444], [-101.35943990036458, 69.51757010005444]]], [[[-90.45949999987305, 69.52099999993142], [-90.45949999987305, 69.52099999993142]]], [[[-90.35166249976903, 69.50744107146168], [-90.35166249976903, 69.50744107146168]]], [[[-82.44150625017534, 69.50711497238018], [-82.44150625017534, 69.50711497238018]]], [[[-80.29340000035366, 69.5079298999517], [-80.29340000035366, 69.5079298999517]]], [[[-90.70322499993064, 69.54734166679101], [-90.70322499993064, 69.54734166679101]]], [[[-90.90750000009416, 69.53075000005174], [-90.90750000009416, 69.53075000005174]]], [[[-100.6224398995978, 68.73097999989209], [-100.6224398995978, 68.73097999989209]]], [[[-68.53404659986991, 68.75153500011793], [-68.53404659986991, 68.75153500011793]]], [[[-74.73343399988575, 68.7480192000736], [-74.73343399988575, 68.7480192000736]]], [[[-100.546974999964, 68.74127772471553], [-100.546974999964, 68.74127772471553]]], [[[-100.44048999975847, 68.73774000001109], [-100.44048999975847, 68.73774000001109]]], [[[-100.3056998997223, 68.74535010001149], [-100.3056998997223, 68.74535010001149]]], [[[-100.11792989959882, 68.7382598999938], [-100.11792989959882, 68.7382598999938]]], [[[-114.67671989990242, 68.75049990015518], [-114.67671989990242, 68.75049990015518]]], [[[-94.67244000038856, 68.74034009994472], [-94.67244000038856, 68.74034009994472]]], [[[-100.48424010017031, 68.74937989994699], [-100.48424010017031, 68.74937989994699]]], [[[-100.5900601000289, 68.75071989999894], [-100.5900601000289, 68.75071989999894]]], [[[-100.45055009967466, 68.75158009990756], [-100.45055009967466, 68.75158009990756]]], [[[-100.26299009961346, 68.75014989997736], [-100.26299009961346, 68.75014989997736]]], [[[-100.06056990042438, 68.76136989997921], [-100.06056990042438, 68.76136989997921]]], [[[-67.54200000036576, 68.76175000000356], [-67.54200000036576, 68.76175000000356]]], [[[-100.47993999965252, 68.75900000000766], [-100.47993999965252, 68.75900000000766]]], [[[-114.60947500013998, 68.75503889984581], [-114.60947500013998, 68.75503889984581]]], [[[-74.73296000023282, 68.77036010008521], [-74.73296000023282, 68.77036010008521]]], [[[-67.70959279985715, 68.77787069996465], [-67.70959279985715, 68.77787069996465]]], [[[-85.31200000039746, 68.77500000002286], [-85.31200000039746, 68.77500000002286]]], [[[-98.6601300000164, 68.78301000012871], [-98.6601300000164, 68.78301000012871]]], [[[-114.74439009984961, 68.78358009990518], [-114.74439009984961, 68.78358009990518]]], [[[-67.4624488998631, 68.80665449985554], [-67.4624488998631, 68.80665449985554]]], [[[-67.62831810002221, 68.79105830005349], [-67.62831810002221, 68.79105830005349]]], [[[-98.59020999998286, 68.78617990004777], [-98.59020999998286, 68.78617990004777]]], [[[-75.21666540003558, 68.78574890006541], [-75.21666540003558, 68.78574890006541]]], [[[-85.18299999960992, 68.78749999991248], [-85.18299999960992, 68.78749999991248]]], [[[-100.67400010041347, 68.77982010003552], [-100.67400010041347, 68.77982010003552]]], [[[-84.84100000007076, 68.77474999993147], [-84.84100000007076, 68.77474999993147]]], [[[-100.72255624957909, 68.78537374392636], [-100.72255624957909, 68.78537374392636]]], [[[-98.2704999002835, 68.78587000013209], [-98.2704999002835, 68.78587000013209]]], [[[-74.97766000025875, 68.79727990007906], [-74.97766000025875, 68.79727990007906]]], [[[-67.87584100013294, 68.80247589991991], [-67.87584100013294, 68.80247589991991]]], [[[-67.65894009959938, 68.82279290015974], [-67.65894009959938, 68.82279290015974]]], [[[-74.611190000178, 68.79722000006612], [-74.611190000178, 68.79722000006612]]], [[[-85.36775000029213, 68.80874999996392], [-85.36775000029213, 68.80874999996392]]], [[[-98.78896250003774, 68.807250000022], [-98.78896250003774, 68.807250000022]]], [[[-85.38624999957639, 68.81775000001899], [-85.38624999957639, 68.81775000001899]]], [[[-102.73067589966922, 68.80395899998578], [-102.73067589966922, 68.80395899998578]]], [[[-93.48057989974915, 68.60961989985827], [-93.48057989974915, 68.60961989985827]]], [[[-73.84372000017005, 68.61836000011215], [-73.84372000017005, 68.61836000011215]]], [[[-105.68392239996551, 68.62275709989183], [-105.68392239996551, 68.62275709989183]]], [[[-73.95287990032234, 68.62087000004941], [-73.95287990032234, 68.62087000004941]]], [[[-110.45631009967731, 68.60458000014195], [-110.45631009967731, 68.60458000014195]]], [[[-73.75378000018753, 68.61029990005508], [-73.75378000018753, 68.61029990005508]]], [[[-78.80049989978974, 68.60260009983978], [-78.80049989978974, 68.60260009983978]]], [[[-93.51552500030861, 68.60688534374519], [-93.51552500030861, 68.60688534374519]]], [[[-67.40068689977664, 68.63174070000879], [-67.40068689977664, 68.63174070000879]]], [[[-113.95842999999182, 68.62757000011474], [-113.95842999999182, 68.62757000011474]]], [[[-100.72255624957909, 68.62656443222423], [-100.72255624957909, 68.62656443222423]]], [[[-100.84525999986273, 68.63203999984012], [-100.84525999986273, 68.63203999984012]]], [[[-73.96647000021608, 68.63002000008143], [-73.96647000021608, 68.63002000008143]]], [[[-89.97674999969746, 68.64174999990068], [-89.97674999969746, 68.64174999990068]]], [[[-67.8894821000803, 68.63791450013908], [-67.8894821000803, 68.63791450013908]]], [[[-100.78780000023089, 68.6235800001056], [-100.78780000023089, 68.6235800001056]]], [[[-100.78662009993612, 68.63548000000061], [-100.78662009993612, 68.63548000000061]]], [[[-73.92755000005145, 68.63770000005765], [-73.92755000005145, 68.63770000005765]]], [[[-89.94099999966026, 68.65124999994471], [-89.94099999966026, 68.65124999994471]]], [[[-73.86855999970915, 68.6535498999805], [-73.86855999970915, 68.6535498999805]]], [[[-100.4103800003674, 68.65119009997485], [-100.4103800003674, 68.65119009997485]]], [[[-100.546974999964, 68.69685334929066], [-100.546974999964, 68.69685334929066]]], [[[-100.58220989972907, 68.69978989989066], [-100.58220989972907, 68.69978989989066]]], [[[-100.33782990026859, 68.69370999992421], [-100.33782990026859, 68.69370999992421]]], [[[-74.04418999999642, 68.69770999998687], [-74.04418999999642, 68.69770999998687]]], [[[-100.36119999998304, 68.69645989997913], [-100.36119999998304, 68.69645989997913]]], [[[-100.47521010018706, 68.69818999993466], [-100.47521010018706, 68.69818999993466]]], [[[-100.23509009955177, 68.7172499000505], [-100.23509009955177, 68.7172499000505]]], [[[-100.41338999976296, 68.7101001000599], [-100.41338999976296, 68.7101001000599]]], [[[-100.54133000019331, 68.71881999987164], [-100.54133000019331, 68.71881999987164]]], [[[-100.09583999977556, 68.71872000014712], [-100.09583999977556, 68.71872000014712]]], [[[-100.54952999997319, 68.71530000001432], [-100.54952999997319, 68.71530000001432]]], [[[-100.31480010035008, 68.72047990009911], [-100.31480010035008, 68.72047990009911]]], [[[-100.46173999994392, 68.71800010003122], [-100.46173999994392, 68.71800010003122]]], [[[-95.61225009972044, 68.72037999984389], [-95.61225009972044, 68.72037999984389]]], [[[-75.10876990020525, 68.7521301000053], [-75.10876990020525, 68.7521301000053]]], [[[-100.56882009988918, 68.72957010014609], [-100.56882009988918, 68.72957010014609]]], [[[-100.43205999982483, 68.72719999988398], [-100.43205999982483, 68.72719999988398]]], [[[-114.02542990043018, 68.62764990007886], [-114.02542990043018, 68.62764990007886]]], [[[-105.39824999998072, 68.65175000010734], [-105.39824999998072, 68.65175000010734]]], [[[-100.35904009969705, 68.6551900999542], [-100.35904009969705, 68.6551900999542]]], [[[-73.84323010033657, 68.66846], [-73.84323010033657, 68.66846]]], [[[-97.91763989957666, 68.6686999999051], [-97.91763989957666, 68.6686999999051]]], [[[-100.546974999964, 68.67370979270777], [-100.546974999964, 68.67370979270777]]], [[[-73.87198000008183, 68.66917000009852], [-73.87198000008183, 68.66917000009852]]], [[[-100.47749000012362, 68.6690300001427], [-100.47749000012362, 68.6690300001427]]], [[[-100.16479999990936, 68.678119899968], [-100.16479999990936, 68.678119899968]]], [[[-100.546974999964, 68.68864592563568], [-100.546974999964, 68.68864592563568]]], [[[-89.98825000019943, 68.67900000004533], [-89.98825000019943, 68.67900000004533]]], [[[-97.99040999978348, 68.67438999997327], [-97.99040999978348, 68.67438999997327]]], [[[-73.92550010026864, 68.68051000003844], [-73.92550010026864, 68.68051000003844]]], [[[-67.44941599978729, 68.68750270014998], [-67.44941599978729, 68.68750270014998]]], [[[-67.41987239986095, 68.68992570008002], [-67.41987239986095, 68.68992570008002]]], [[[-67.62497409981752, 68.68624590006937], [-67.62497409981752, 68.68624590006937]]], [[[-73.80001989998692, 68.68861000011906], [-73.80001989998692, 68.68861000011906]]], [[[-100.45994999984079, 68.67978989996494], [-100.45994999984079, 68.67978989996494]]], [[[-89.9998999995909, 68.70125000009601], [-89.9998999995909, 68.70125000009601]]], [[[-68.1857500003822, 68.7852499999181], [-67.87852599983847, 68.70381430004586], [-68.16849999962926, 68.781250000086], [-68.1857500003822, 68.7852499999181]]], [[[-89.9998999995909, 68.81310000000808], [-89.9998999995909, 68.81310000000808]]], [[[-74.08210409994355, 68.50469250010471], [-74.08210409994355, 68.50469250010471]]], [[[-112.08103000012918, 68.49972999997323], [-112.08103000012918, 68.49972999997323]]], [[[-97.58714000025242, 68.49815999987453], [-97.58714000025242, 68.49815999987453]]], [[[-98.16755990012413, 68.49960999990631], [-98.16755990012413, 68.49960999990631]]], [[[-97.5717199997856, 68.51067989984057], [-97.5717199997856, 68.51067989984057]]], [[[-74.05536009960018, 68.4831700001003], [-74.05536009960018, 68.4831700001003]]], [[[-100.75026009980355, 68.47477989986312], [-100.75026009980355, 68.47477989986312]]], [[[-98.2951701002676, 68.47438999987796], [-98.2951701002676, 68.47438999987796]]], [[[-98.09528010039938, 68.4775100999384], [-98.09528010039938, 68.4775100999384]]], [[[-97.94001000010671, 68.4778699001477], [-97.94001000010671, 68.4778699001477]]], [[[-112.24188000018219, 68.484809999961], [-112.24188000018219, 68.484809999961]]], [[[-100.76978000044733, 68.47508010012488], [-100.76978000044733, 68.47508010012488]]], [[[-97.24723989982648, 68.48619529992672], [-97.24723989982648, 68.48619529992672]]], [[[-98.26219999975919, 68.48242010014496], [-98.26219999975919, 68.48242010014496]]], [[[-89.97200000042751, 68.47749999993322], [-89.97200000042751, 68.47749999993322]]], [[[-99.3288700999711, 68.4810300000212], [-99.3288700999711, 68.4810300000212]]], [[[-99.2369800003389, 68.4827199998672], [-99.2369800003389, 68.4827199998672]]], [[[-97.99814687491526, 68.48785436247258], [-97.99814687491526, 68.48785436247258]]], [[[-89.9998999995909, 68.49874999994563], [-89.9998999995909, 68.49874999994563]]], [[[-112.10034000042367, 68.49576989987861], [-112.10034000042367, 68.49576989987861]]], [[[-105.71335999958664, 68.49843989984582], [-105.71335999958664, 68.49843989984582]]], [[[-98.0362499004481, 68.49033989992991], [-98.0362499004481, 68.49033989992991]]], [[[-89.96662039982269, 68.49547179996618], [-89.96662039982269, 68.49547179996618]]], [[[-99.14052500019935, 68.50494678320078], [-99.14052500019935, 68.50494678320078]]], [[[-74.14128000034567, 68.49436999998146], [-74.14128000034567, 68.49436999998146]]], [[[-74.38753000027522, 68.50822990009286], [-74.38753000027522, 68.50822990009286]]], [[[-112.28442999988349, 68.47375009998132], [-112.28442999988349, 68.47375009998132]]], [[[-98.1268100002847, 68.47218009993227], [-98.1268100002847, 68.47218009993227]]], [[[-100.8232499997941, 68.47336999999342], [-100.8232499997941, 68.47336999999342]]], [[[-74.17958750040351, 68.2589486613145], [-74.17958750040351, 68.2589486613145]]], [[[-99.11922990009508, 68.46699990002682], [-99.11922990009508, 68.46699990002682]]], [[[-100.72255624957909, 68.43762701083683], [-100.72255624957909, 68.43762701083683]]], [[[-106.58355179986978, 68.46117010011271], [-106.58355179986978, 68.46117010011271]]], [[[-106.17197499985474, 68.44826826523814], [-106.17197499985474, 68.44826826523814]]], [[[-97.94991999962375, 68.44431990006241], [-97.94991999962375, 68.44431990006241]]], [[[-98.08583749971453, 68.46798555511909], [-98.08583749971453, 68.46798555511909]]], [[[-98.23880989995325, 68.45329990005135], [-98.23880989995325, 68.45329990005135]]], [[[-97.9100899997881, 68.46310999988512], [-97.9100899997881, 68.46310999988512]]], [[[-95.6771500004343, 68.45985009984362], [-95.6771500004343, 68.45985009984362]]], [[[-113.52327740043532, 68.46079630015366], [-113.52327740043532, 68.46079630015366]]], [[[-112.29790000041362, 68.46572000011541], [-112.29790000041362, 68.46572000011541]]], [[[-97.91011999992534, 68.44802000006027], [-97.91011999992534, 68.44802000006027]]], [[[-89.99424999979733, 68.46325000015393], [-89.99424999979733, 68.46325000015393]]], [[[-89.94493469965646, 68.45811160002604], [-89.94493469965646, 68.45811160002604]]], [[[-95.83116010035324, 68.45833999997788], [-95.83116010035324, 68.45833999997788]]], [[[-98.01328000019275, 68.45812999995222], [-98.01328000019275, 68.45812999995222]]], [[[-89.90005870027484, 68.46099310001351], [-89.90005870027484, 68.46099310001351]]], [[[-98.21684999982634, 68.46482999989672], [-98.21684999982634, 68.46482999989672]]], [[[-100.67160999964942, 68.4657401001101], [-100.67160999964942, 68.4657401001101]]], [[[-97.94841990023585, 68.46182000009141], [-97.94841990023585, 68.46182000009141]]], [[[-97.59731009977348, 68.46909990008315], [-97.59731009977348, 68.46909990008315]]], [[[-98.52864989984975, 68.45973009998318], [-98.52864989984975, 68.45973009998318]]], [[[-100.8466299998413, 68.46977999996555], [-100.8466299998413, 68.46977999996555]]], [[[-74.3835099998529, 68.47651009996457], [-74.3835099998529, 68.47651009996457]]], [[[-95.62490000037992, 68.50377207616258], [-95.62490000037992, 68.50377207616258]]], [[[-104.90541250037444, 68.59333750000621], [-104.66649999987273, 68.40949999989898], [-104.90541250037444, 68.59333750000621]]], [[[-78.74989999980941, 68.55679941669051], [-78.74989999980941, 68.55679941669051]]], [[[-100.89833750010905, 68.49435436110788], [-100.89833750010905, 68.49435436110788]]], [[[-98.12552010038509, 68.50566010013647], [-98.12552010038509, 68.50566010013647]]], [[[-98.00633990017525, 68.5053799999465], [-98.00633990017525, 68.5053799999465]]], [[[-74.35342010026633, 68.51883000009404], [-74.35342010026633, 68.51883000009404]]], [[[-97.34175999981093, 68.50856990007397], [-97.34175999981093, 68.50856990007397]]], [[[-97.3495500004103, 68.51171000005512], [-97.3495500004103, 68.51171000005512]]], [[[-97.58424999960917, 68.51103999987549], [-97.58424999960917, 68.51103999987549]]], [[[-99.55183999969957, 68.51700009989756], [-99.55183999969957, 68.51700009989756]]], [[[-99.48068000028212, 68.51567990002539], [-99.48068000028212, 68.51567990002539]]], [[[-97.26431000036736, 68.51827000002191], [-97.26431000036736, 68.51827000002191]]], [[[-67.4502413000051, 68.5289049000225], [-67.4502413000051, 68.5289049000225]]], [[[-67.2849070995983, 68.554909999982], [-67.2849070995983, 68.554909999982]]], [[[-74.46945000040292, 68.51748560008451], [-74.46945000040292, 68.51748560008451]]], [[[-110.6621991002169, 68.5000000000935], [-110.96677910016464, 68.52811259993187], [-110.6621991002169, 68.5000000000935]]], [[[-89.9998999995909, 68.51200000002643], [-89.9998999995909, 68.51200000002643]]], [[[-105.10375000032764, 68.53424999985616], [-105.10375000032764, 68.53424999985616]]], [[[-97.38291250030618, 68.51371240911055], [-97.38291250030618, 68.51371240911055]]], [[[-98.00238999978615, 68.515839999994], [-98.00238999978615, 68.515839999994]]], [[[-97.49292989988938, 68.52099009993984], [-97.49292989988938, 68.52099009993984]]], [[[-89.9998999995909, 68.53006666675321], [-89.9998999995909, 68.53006666675321]]], [[[-99.33297000014804, 68.52307000006002], [-99.33297000014804, 68.52307000006002]]], [[[-106.02153999983213, 68.52686000009223], [-106.02153999983213, 68.52686000009223]]], [[[-98.20686999998908, 68.53123989998694], [-98.20686999998908, 68.53123989998694]]], [[[-98.0818700004307, 68.55055000002534], [-98.0818700004307, 68.55055000002534]]], [[[-97.53184990005398, 68.52338000012463], [-97.53184990005398, 68.52338000012463]]], [[[-89.93500000006236, 68.5394999999924], [-89.93500000006236, 68.5394999999924]]], [[[-73.82802500024191, 68.54892525391244], [-73.82802500024191, 68.54892525391244]]], [[[-97.38291250030618, 68.53453692822553], [-97.38291250030618, 68.53453692822553]]], [[[-89.88400000033596, 68.54400000008374], [-89.88400000033596, 68.54400000008374]]], [[[-97.61610990010571, 68.53725989987451], [-97.61610990010571, 68.53725989987451]]], [[[-97.66273000017101, 68.53980990001364], [-97.66273000017101, 68.53980990001364]]], [[[-110.96035700018102, 68.54838110001467], [-110.96035700018102, 68.54838110001467]]], [[[-74.49977370001693, 68.5558331998525], [-74.49977370001693, 68.5558331998525]]], [[[-97.74519575827485, 68.55478750000634], [-97.74519575827485, 68.55478750000634]]], [[[-98.02221194187621, 68.55478750000634], [-98.02221194187621, 68.55478750000634]]], [[[-67.87160309986373, 68.54903550003762], [-67.87160309986373, 68.54903550003762]]], [[[-110.89429269960263, 68.55170130009577], [-110.89429269960263, 68.55170130009577]]], [[[-97.85463336002081, 68.55478750000634], [-97.85463336002081, 68.55478750000634]]], [[[-98.04997230062362, 68.55478750000634], [-98.04997230062362, 68.55478750000634]]], [[[-97.94617336822051, 68.55478750000634], [-97.94617336822051, 68.55478750000634]]], [[[-97.87491474007307, 68.55478750000634], [-97.87491474007307, 68.55478750000634]]], [[[-97.69965000017022, 68.55326990013394], [-97.69965000017022, 68.55326990013394]]], [[[-113.90634999981677, 68.59199763856256], [-113.90634999981677, 68.59199763856256]]], [[[-113.71165000033284, 68.58783990011725], [-113.71165000033284, 68.58783990011725]]], [[[-75.23427499999, 68.72428057074711], [-75.14884999999914, 68.4216001001473], [-74.85983009997328, 68.33355009995151], [-74.95822009998092, 68.61899000006392], [-75.23427499999, 68.72428057074711]]], [[[-110.50438429999807, 68.54843060012425], [-110.50438429999807, 68.54843060012425]]], [[[-100.60709990039521, 68.55688000015827], [-100.60709990039521, 68.55688000015827]]], [[[-110.76035829967184, 68.56205170014145], [-110.76035829967184, 68.56205170014145]]], [[[-73.82849441219867, 68.55478750000634], [-73.82849441219867, 68.55478750000634]]], [[[-93.51572500032516, 68.55769079231061], [-93.51572500032516, 68.55769079231061]]], [[[-98.00590636423598, 68.55478750000634], [-98.00590636423598, 68.55478750000634]]], [[[-97.78999788200412, 68.55478750000634], [-97.78999788200412, 68.55478750000634]]], [[[-67.49990000002796, 68.56443282944049], [-67.49990000002796, 68.56443282944049]]], [[[-68.09414620011925, 68.56568870001526], [-68.09414620011925, 68.56568870001526]]], [[[-110.49966010034306, 68.60700999998927], [-110.49966010034306, 68.60700999998927]]], [[[-110.355020099879, 68.57252999997326], [-110.355020099879, 68.57252999997326]]], [[[-110.30324179979044, 68.57314489988185], [-110.30324179979044, 68.57314489988185]]], [[[-67.65490070005849, 68.57333420000498], [-67.65490070005849, 68.57333420000498]]], [[[-73.82822500025844, 68.5636636156466], [-73.82822500025844, 68.5636636156466]]], [[[-105.20127499997179, 68.56462916676736], [-105.20127499997179, 68.56462916676736]]], [[[-98.0310201002051, 68.56354999984053], [-98.0310201002051, 68.56354999984053]]], [[[-97.82757989994354, 68.56493989999736], [-97.82757989994354, 68.56493989999736]]], [[[-97.92744000010016, 68.56676000007877], [-97.92744000010016, 68.56676000007877]]], [[[-97.73921999971486, 68.57030999995445], [-97.73921999971486, 68.57030999995445]]], [[[-73.87904009974991, 68.57027989985961], [-73.87904009974991, 68.57027989985961]]], [[[-106.08952009968772, 68.57114990010415], [-106.08952009968772, 68.57114990010415]]], [[[-98.1068000003815, 68.57343000005397], [-98.1068000003815, 68.57343000005397]]], [[[-97.86388999956037, 68.56558009992537], [-97.86388999956037, 68.56558009992537]]], [[[-93.53644999990573, 68.57340999994794], [-93.53644999990573, 68.57340999994794]]], [[[-93.51203010020417, 68.57604989993021], [-93.51203010020417, 68.57604989993021]]], [[[-93.4708599999159, 68.57973999997972], [-93.4708599999159, 68.57973999997972]]], [[[-93.55758000044058, 68.57972990012631], [-93.55758000044058, 68.57972990012631]]], [[[-67.64571540022725, 68.58890230013137], [-67.64571540022725, 68.58890230013137]]], [[[-67.82768699977056, 68.58686400015716], [-67.82768699977056, 68.58686400015716]]], [[[-100.03915000007264, 68.58921000006788], [-100.03915000007264, 68.58921000006788]]], [[[-93.51552500030861, 68.58049596560237], [-93.51552500030861, 68.58049596560237]]], [[[-97.75737000009309, 68.58336010000042], [-97.75737000009309, 68.58336010000042]]], [[[-73.87267999969056, 68.58544999996232], [-73.87267999969056, 68.58544999996232]]], [[[-93.51572500032516, 68.59336551617719], [-93.51572500032516, 68.59336551617719]]], [[[-97.80788009998601, 68.59382010001048], [-97.80788009998601, 68.59382010001048]]], [[[-97.73447499956947, 68.59366402149432], [-97.73447499956947, 68.59366402149432]]], [[[-73.90450010032845, 68.6072601001299], [-73.90450010032845, 68.6072601001299]]], [[[-102.17453100034544, 68.60399070006093], [-102.17453100034544, 68.60399070006093]]], [[[-68.00747269998695, 68.62625609994625], [-68.00747269998695, 68.62625609994625]]], [[[-78.74989999980941, 68.6662455720972], [-78.74989999980941, 68.6662455720972]]], [[[-100.72255624957909, 68.60470007623255], [-100.72255624957909, 68.60470007623255]]], [[[-74.88291249984495, 68.60428077783371], [-74.52999990008328, 68.56248990002064], [-74.82259760034124, 68.65413830010733], [-74.88291249984495, 68.60428077783371]]], [[[-101.95302499969556, 68.6266974720552], [-101.6774858000332, 68.74844890016107], [-101.97946079974305, 68.82764099988024], [-102.27066979979318, 68.7141592001541], [-101.96243249960898, 68.62345479994062], [-101.95302499969556, 68.6266974720552]]], [[[-67.70021460029334, 68.85933159993803], [-67.70021460029334, 68.85933159993803]]], [[[-67.77734279984597, 68.82997129994986], [-67.77734279984597, 68.82997129994986]]], [[[-85.4504999997249, 68.82575000002176], [-85.4504999997249, 68.82575000002176]]], [[[-85.23675000023749, 68.83224999985322], [-85.23675000023749, 68.83224999985322]]], [[[-102.6563500000353, 68.8559650627658], [-102.6563500000353, 68.8559650627658]]], [[[-100.75056330007656, 68.84798259992353], [-100.75056330007656, 68.84798259992353]]], [[[-89.9998999995909, 68.84852900216987], [-89.9998999995909, 68.84852900216987]]], [[[-67.7607798000796, 68.8613421000517], [-67.7607798000796, 68.8613421000517]]], [[[-95.60516990024787, 68.8467301000574], [-95.60516990024787, 68.8467301000574]]], [[[-100.68322010036752, 68.84581999997687], [-100.68322010036752, 68.84581999997687]]], [[[-102.43359480035468, 68.84515239989301], [-102.43359480035468, 68.84515239989301]]], [[[-100.75306019974812, 68.84963990015248], [-100.75306019974812, 68.84963990015248]]], [[[-89.9998999995909, 68.8691000000747], [-89.9998999995909, 68.8691000000747]]], [[[-100.59134466752896, 68.90635000009242], [-100.36405010015632, 68.7085900000955], [-100.12687999982745, 68.90845010008925], [-100.40355999971352, 69.04598009987821], [-100.59134466752896, 68.90635000009242]]], [[[-79.38174081850862, 68.90635000009242], [-79.07930049956643, 68.88426940001976], [-78.78384409956296, 68.95491310009949], [-78.53770250023707, 69.13813730008032], [-78.25033900017034, 69.27915110002613], [-78.54021900024982, 69.37813780000658], [-78.8104100996311, 69.23019480003575], [-79.08490550005247, 69.09720600009912], [-79.3682865995814, 68.94043390015186], [-79.38174081850862, 68.90635000009242]]], [[[-95.7054513372222, 68.88507039922041], [-95.95286000037488, 69.0587699001199], [-96.15358119969743, 69.28851390009778], [-96.44699999965096, 69.3954999998649], [-96.73174999962053, 69.49200000010111], [-97.02673149985918, 69.57471990002244], [-97.32160460039246, 69.64900770002654], [-97.58609879983753, 69.80137840007175], [-97.90885160030373, 69.89943659996759], [-98.20429870004907, 69.79555110002546], [-98.13445650040732, 69.49827160008796], [-98.42766889984792, 69.58129879991641], [-98.50998570020965, 69.28720609998719], [-98.79540879973679, 69.17830780005082], [-99.10040259963704, 69.15608069988419], [-99.41124999979503, 69.1477500001458], [-99.27165990026019, 68.87616999994249], [-98.97181479980078, 68.9631455998991], [-98.71424999964151, 68.79947000002755], [-98.4165999002395, 68.7455399999922], [-98.10269999959326, 68.69381999997911], [-97.78494999958932, 68.65551009988476], [-97.48696000014168, 68.55801009993444], [-97.18488999999725, 68.52560999997215], [-96.87265009975779, 68.52859999998938], [-96.57841999983015, 68.46016000013732], [-96.27558999980253, 68.47775990003811], [-95.98748010034602, 68.6165600000381], [-95.71956989982793, 68.75156009995577], [-95.4166399999542, 68.74131999998541], [-95.68942009967986, 68.88148999987403], [-95.7054513372222, 68.88507039922041]]], [[[-67.77525000011843, 69.70325000009055], [-67.77525000011843, 69.70325000009055]]], [[[-81.99999999956492, 69.61610500005297], [-81.99999999956492, 69.61610500005297]]], [[[-97.36954900044287, 69.62702749995135], [-97.36954900044287, 69.62702749995135]]], [[[-92.10927499966219, 69.62849999994691], [-92.10927499966219, 69.62849999994691]]], [[[-82.05844030012362, 69.61362109987651], [-82.05844030012362, 69.61362109987651]]], [[[-82.01926719962769, 69.62889009988936], [-82.01926719962769, 69.62889009988936]]], [[[-91.10100000037716, 69.63825000004091], [-91.10100000037716, 69.63825000004091]]], [[[-91.53524999968563, 69.63099999991407], [-91.53524999968563, 69.63099999991407]]], [[[-90.98000000025125, 69.63000000000122], [-90.98000000025125, 69.63000000000122]]], [[[-82.15105510033992, 69.63698789993046], [-82.15105510033992, 69.63698789993046]]], [[[-91.03050000038546, 69.63649999990697], [-91.03050000038546, 69.63649999990697]]], [[[-97.37875319992939, 69.63403369999479], [-97.37875319992939, 69.63403369999479]]], [[[-82.54945690027593, 69.64388909991608], [-82.54945690027593, 69.64388909991608]]], [[[-68.31049439959786, 69.59073750002338], [-67.98150000033303, 69.52524999984324], [-68.2837500004025, 69.59700000011006], [-68.31049439959786, 69.59073750002338]]], [[[-82.1098199000413, 69.64849119996474], [-82.1098199000413, 69.64849119996474]]], [[[-82.04315079971472, 69.65088909989998], [-82.04315079971472, 69.65088909989998]]], [[[-96.8342666004303, 69.65236180014355], [-96.8342666004303, 69.65236180014355]]], [[[-82.34921409965627, 69.65624259992377], [-82.34921409965627, 69.65624259992377]]], [[[-91.03475000006321, 69.65449999985397], [-91.03475000006321, 69.65449999985397]]], [[[-91.13925000017194, 69.66024999986453], [-91.13925000017194, 69.66024999986453]]], [[[-77.29777000039904, 69.6708098999875], [-77.29777000039904, 69.6708098999875]]], [[[-91.17675000012932, 69.66825000006104], [-91.17675000012932, 69.66825000006104]]], [[[-92.40049999960586, 69.69300000009514], [-92.40049999960586, 69.69300000009514]]], [[[-82.79739770025009, 69.68770770007825], [-82.79739770025009, 69.68770770007825]]], [[[-82.75811430011198, 69.68750850012256], [-82.75811430011198, 69.68750850012256]]], [[[-83.39809550010061, 69.69361339995089], [-83.39809550010061, 69.69361339995089]]], [[[-77.51884009984552, 69.69898000000842], [-77.51884009984552, 69.69898000000842]]], [[[-76.82052000022917, 69.71425010012292], [-76.82052000022917, 69.71425010012292]]], [[[-101.71752010012065, 69.71750990001868], [-101.71752010012065, 69.71750990001868]]], [[[-78.39448909990266, 69.7177914999882], [-78.39448909990266, 69.7177914999882]]], [[[-102.22592009994726, 69.72682989985724], [-102.22592009994726, 69.72682989985724]]], [[[-76.84880989966689, 69.72583990009036], [-76.84880989966689, 69.72583990009036]]], [[[-76.86342999978056, 69.73283989990207], [-76.86342999978056, 69.73283989990207]]], [[[-101.49073989999485, 69.72316990002342], [-101.49073989999485, 69.72316990002342]]], [[[-85.47899999983622, 69.73225000013898], [-85.47899999983622, 69.73225000013898]]], [[[-92.71700000018015, 69.72025000001622], [-92.71700000018015, 69.72025000001622]]], [[[-82.65602000001223, 69.73044000012689], [-82.65602000001223, 69.73044000012689]]], [[[-79.31222009985594, 69.73781009995366], [-79.31222009985594, 69.73781009995366]]], [[[-97.36871319981769, 69.75545040011384], [-97.36871319981769, 69.75545040011384]]], [[[-82.41720999997939, 69.74274990005172], [-82.41720999997939, 69.74274990005172]]], [[[-77.38730000030273, 69.74096990008317], [-77.38730000030273, 69.74096990008317]]], [[[-82.38851999989726, 69.75524999995726], [-82.38851999989726, 69.75524999995726]]], [[[-80.6954599997397, 69.75636999993851], [-80.6954599997397, 69.75636999993851]]], [[[-82.42527009973017, 69.7638999998886], [-82.42527009973017, 69.7638999998886]]], [[[-82.1947600002216, 69.76177999999828], [-82.1947600002216, 69.76177999999828]]], [[[-82.53468009984073, 69.78574010015345], [-82.53468009984073, 69.78574010015345]]], [[[-91.61974999993687, 69.74750000001175], [-91.61974999993687, 69.74750000001175]]], [[[-82.4413062501588, 69.75383354011853], [-82.4413062501588, 69.75383354011853]]], [[[-101.40080999977107, 69.76891999988467], [-101.40080999977107, 69.76891999988467]]], [[[-77.0102999996655, 69.76497989986126], [-77.0102999996655, 69.76497989986126]]], [[[-82.42195009981492, 69.76929989994295], [-82.42195009981492, 69.76929989994295]]], [[[-79.2537698998628, 69.76229989996561], [-79.2537698998628, 69.76229989996561]]], [[[-82.39675999986011, 69.76821999984756], [-82.39675999986011, 69.76821999984756]]], [[[-76.93862010027736, 69.7645000998531], [-76.93862010027736, 69.7645000998531]]], [[[-81.34298009964618, 69.86363999990364], [-81.34298009964618, 69.86363999990364]]], [[[-82.03806010000022, 69.86335010006329], [-82.03806010000022, 69.86335010006329]]], [[[-82.30428999998276, 69.86160000009916], [-82.30428999998276, 69.86160000009916]]], [[[-85.35600000044323, 69.87025000014754], [-85.35600000044323, 69.87025000014754]]], [[[-82.00265000000866, 69.8675200001437], [-82.00265000000866, 69.8675200001437]]], [[[-78.16712789999382, 69.87817609990249], [-78.16712789999382, 69.87817609990249]]], [[[-97.33757970041607, 69.88176280002071], [-97.33757970041607, 69.88176280002071]]], [[[-81.4597499995745, 69.89799999996984], [-81.4597499995745, 69.89799999996984]]], [[[-97.28513709976816, 69.91282669994722], [-97.28513709976816, 69.91282669994722]]], [[[-97.33084199981526, 69.90523460013411], [-97.33084199981526, 69.90523460013411]]], [[[-82.43303999962673, 69.82392000009571], [-82.43303999962673, 69.82392000009571]]], [[[-82.4413062501588, 69.8372015625196], [-82.4413062501588, 69.8372015625196]]], [[[-80.15614999955753, 69.7903757213964], [-80.48067370014728, 69.79166759991563], [-80.78356489970024, 69.71771419988809], [-80.4863500996304, 69.6748599999242], [-80.21261000000499, 69.54247009988015], [-79.90693989984985, 69.5254898998549], [-79.61712999980357, 69.62044990009946], [-79.3292900000725, 69.70845000004257], [-79.627219900431, 69.81647000003997], [-79.91923259980965, 69.74235190000735], [-80.15614999955753, 69.7903757213964]]], [[[-76.79630009964585, 69.81944990014262], [-76.79630009964585, 69.81944990014262]]], [[[-80.72099999978587, 69.78474999984573], [-80.72099999978587, 69.78474999984573]]], [[[-82.61728749980698, 69.72750000013326], [-82.61728749980698, 69.72750000013326]]], [[[-82.96884999996858, 69.76472445466396], [-83.28337350030529, 69.79079619985724], [-82.96884999996858, 69.76472445466396]]], [[[-83.71184929964737, 69.75025931989094], [-83.71184929964737, 69.75025931989094]]], [[[-82.42428990031294, 69.80404999996364], [-82.42428990031294, 69.80404999996364]]], [[[-82.48482000022611, 69.79153009986891], [-82.48482000022611, 69.79153009986891]]], [[[-83.28745350010375, 69.7940254998544], [-83.28745350010375, 69.7940254998544]]], [[[-91.66675000023078, 69.76975000007387], [-91.66675000023078, 69.76975000007387]]], [[[-91.4061500002373, 69.82375000008979], [-91.4061500002373, 69.82375000008979]]], [[[-82.32290990010294, 69.8039399998802], [-82.32290990010294, 69.8039399998802]]], [[[-77.31349010015452, 69.80153989998203], [-77.31349010015452, 69.80153989998203]]], [[[-82.33604999973488, 69.81265989999956], [-82.33604999973488, 69.81265989999956]]], [[[-77.4324898997907, 69.81298010014103], [-77.4324898997907, 69.81298010014103]]], [[[-77.25823009980631, 69.81070000008245], [-77.25823009980631, 69.81070000008245]]], [[[-82.76663000022205, 69.81885000013872], [-82.76663000022205, 69.81885000013872]]], [[[-82.61728749980698, 69.80990517923128], [-82.61728749980698, 69.80990517923128]]], [[[-97.20647330030593, 69.82378990000271], [-97.20647330030593, 69.82378990000271]]], [[[-82.38785000042576, 69.81253010003533], [-82.38785000042576, 69.81253010003533]]], [[[-97.30753890004797, 69.83059770011529], [-97.30753890004797, 69.83059770011529]]], [[[-91.33749999972488, 69.82024999987736], [-91.33749999972488, 69.82024999987736]]], [[[-91.69749999985443, 69.81975000003877], [-91.69749999985443, 69.81975000003877]]], [[[-91.49499999972542, 69.83950000004408], [-91.49499999972542, 69.83950000004408]]], [[[-77.38666009978313, 69.8528700001329], [-77.38666009978313, 69.8528700001329]]], [[[-82.37399999995402, 69.83825000009267], [-82.37399999995402, 69.83825000009267]]], [[[-91.84399999984353, 69.83274999985734], [-91.84399999984353, 69.83274999985734]]], [[[-97.33972540013404, 69.86463300014881], [-97.33972540013404, 69.86463300014881]]], [[[-84.78465799962407, 69.85531569997866], [-84.78465799962407, 69.85531569997866]]], [[[-92.3340278001081, 69.8602356999741], [-92.3340278001081, 69.8602356999741]]], [[[-84.59986039990989, 69.85726240004975], [-84.59986039990989, 69.85726240004975]]], [[[-82.29934990013071, 69.85358990011088], [-82.29934990013071, 69.85358990011088]]], [[[-78.02675989984711, 69.89214740012015], [-78.02675989984711, 69.89214740012015]]], [[[-78.18155260036352, 69.85180890000944], [-78.18155260036352, 69.85180890000944]]], [[[-82.32766009969721, 69.85567009996777], [-82.32766009969721, 69.85567009996777]]], [[[-82.03178000030682, 69.8562300999325], [-82.03178000030682, 69.8562300999325]]], [[[-84.64137119974443, 69.86522950010385], [-84.64137119974443, 69.86522950010385]]], [[[-82.61708749979046, 69.87524999985052], [-82.61708749979046, 69.87524999985052]]], [[[-91.40635000025385, 69.87399999988973], [-91.40635000025385, 69.87399999988973]]], [[[-97.41929049998208, 69.8823532999865], [-97.41929049998208, 69.8823532999865]]], [[[-97.28243339983338, 69.89291930010879], [-97.28243339983338, 69.89291930010879]]], [[[-116.82859310551068, 69.64499999999457], [-116.55550000040067, 69.51874999997591], [-116.28574999987502, 69.3737500001023], [-115.98874999956602, 69.32899999998035], [-115.6805600001731, 69.27954010011946], [-115.37361000016406, 69.26069000000628], [-115.05839000005497, 69.26365010003566], [-114.74775989966926, 69.27233990004397], [-114.44143010012566, 69.27717999987964], [-114.13704989987012, 69.25110989993489], [-113.82375989960624, 69.22786989989952], [-113.50224990036932, 69.18320999987755], [-113.62223000003401, 68.90708999984876], [-113.41654999973183, 68.68505000012618], [-113.13664000034218, 68.55507999990145], [-112.81413009983726, 68.48112999991567], [-112.51024999978523, 68.50449999994662], [-112.19125000035166, 68.5192500000589], [-111.87024999985434, 68.53150000011219], [-111.53124999966498, 68.55325000008662], [-111.22491999979707, 68.52977010004551], [-110.91502010037995, 68.55801009993444], [-110.60886990011278, 68.60781010013152], [-110.29270999990845, 68.59757999988912], [-109.88098989974094, 68.62935000011481], [-109.54119870028026, 68.66592370012724], [-109.23498999992516, 68.70564000013515], [-108.88576999969904, 68.76070989989088], [-108.59982580005197, 68.86185060006764], [-108.29469809997043, 68.9436674999242], [-107.99094000011713, 68.94547010012117], [-107.51126010022287, 68.98150989995688], [-107.20071160010262, 69.08276459995723], [-106.93402329971207, 69.2226691999461], [-106.72317800000093, 69.44374970004384], [-106.42093399977924, 69.45030349995898], [-106.28150049995463, 69.18337990015091], [-105.98131560006088, 69.16284179998311], [-105.64522070029639, 69.16835160013449], [-105.34396339970132, 69.10435739984442], [-105.04099960010372, 69.05805190013051], [-104.77331540043974, 68.86820230002975], [-104.46072889962095, 68.900755199998], [-104.15658750031402, 68.87265380015121], [-103.84762930031768, 68.84362079996791], [-103.54260870007924, 68.83424929990608], [-103.2271104998115, 68.8358862998934], [-102.92423549957805, 68.80184209984222], [-102.62965770043148, 68.88386160010033], [-102.32614890013753, 68.94739449986099], [-102.02596329955786, 69.0033474998891], [-101.75103849993914, 69.12887949993599], [-102.04353839971381, 69.22964950006588], [-102.19646799972082, 69.50812879986991], [-102.49220120030773, 69.44689399998157], [-102.80228220008614, 69.39748469987984], [-103.04404799966187, 69.2017580000468], [-103.01589999990306, 69.50351000002031], [-103.30812990023931, 69.58351990009747], [-103.00133999977683, 69.59619010001623], [-102.69986010024762, 69.55444000006749], [-102.47947449997966, 69.77058429986693], [-102.20504990027743, 69.9250099999615], [-101.93585519963287, 69.76142010014094], [-101.64314010034705, 69.65022009994689], [-101.45303010029953, 69.8876300001517], [-101.24088000033315, 69.66834989999315], [-100.91676219991126, 69.68288360015099], [-100.91398999984277, 69.99398989998522], [-101.16334799997546, 70.1700234000902], [-101.4683624997548, 70.14301780013308], [-101.72562619990218, 70.30379529999449], [-102.03721739972553, 70.31685619998419], [-102.33319749957333, 70.41698239993332], [-102.6337499002498, 70.49238989990339], [-102.9067798996094, 70.62932000009467], [-103.20182010026028, 70.56450999999981], [-103.51062490034545, 70.59889539992632], [-103.7802853999227, 70.74183150008618], [-104.0524606999002, 70.87493509991921], [-104.33210930032193, 70.99710769987492], [-104.43747999970631, 71.27940009992767], [-104.33332000025452, 71.56860999997117], [-104.5624001004084, 71.77682989998459], [-104.8350000995977, 71.92260000003772], [-104.97778640042185, 72.1995760998626], [-105.22659990021978, 72.40535000002544], [-105.36514000034153, 72.6857300001243], [-105.55001990010875, 72.93716989999466], [-105.83584729990424, 73.04819450003339], [-106.14354659996312, 73.07270539989848], [-106.42347000042018, 73.19418009988587], [-106.7157700996043, 73.27214990006152], [-107.02167799998485, 73.2775217001227], [-107.34076290009423, 73.25832349998514], [-107.64566650015678, 73.32539389992309], [-107.94596770043877, 73.35045199997462], [-108.21088780014318, 73.18809419998976], [-108.09003330014387, 72.91152289998848], [-107.92144000020818, 72.63922989992439], [-107.768999799673, 72.37083229989057], [-107.62306999992062, 72.10785999995896], [-107.35712999975497, 71.93456010000399], [-107.60098989981879, 71.75233009997565], [-107.88951999972417, 71.63402999997628], [-108.18476990040001, 71.71110009999748], [-108.30449999981946, 71.99500000003114], [-108.5169999998772, 72.21624999987203], [-108.56700000041921, 72.51925000003216], [-108.86550000040313, 72.58600000000013], [-109.11825000042109, 72.76325000010277], [-109.53025000035974, 72.8315000001257], [-109.81724999984169, 72.92125000011202], [-110.1152500002334, 72.99024999991907], [-110.41799999989507, 73.01124999992776], [-110.72099999980198, 72.961000000092], [-110.39825000028284, 72.83325000012773], [-110.09425000029321, 72.75149999996441], [-109.75324999993843, 72.72649999986919], [-110.05850000025602, 72.730750000088], [-109.82387149976725, 72.52949310004577], [-110.13299989996722, 72.5437167000143], [-110.43787389964285, 72.53426059993875], [-110.74499279999327, 72.54490210002008], [-111.0352499999656, 72.40675000010182], [-111.3357500001149, 72.33975000001143], [-111.64160019990811, 72.29492140001331], [-111.9599254001716, 72.30495350000768], [-111.63237399978196, 72.41170729999662], [-111.35309389996785, 72.54286179992366], [-111.54900000001011, 72.80575000008135], [-111.85225000016229, 72.85250000000563], [-112.19825000003229, 72.89500000009654], [-112.58300000018758, 72.96874999997996], [-112.89075000026278, 73.00150000005708], [-113.22074999970778, 72.99074999999212], [-113.49449999966592, 72.8294999999096], [-113.72050000039107, 72.61900000008633], [-114.028000000221, 72.65725000011822], [-114.35775000031909, 72.55774999990452], [-114.18200000038121, 72.80699999987674], [-113.95675000039185, 73.02375000003916], [-114.13525000033258, 73.2892500001228], [-114.44375000024522, 73.37275000006858], [-114.74374999990401, 73.35924999999773], [-115.04275000037843, 73.29650000001163], [-115.38099999983203, 73.23200000003276], [-115.68450000022945, 73.19025000012446], [-115.99974999957746, 73.13574999990762], [-116.31175000022874, 73.09600000005813], [-116.66800000027271, 73.02700000006452], [-116.97175000001707, 72.96400000008961], [-117.31800000013232, 72.92575000012886], [-117.61624999987096, 72.78075000007529], [-117.92124999994329, 72.68975000010992], [-118.24848570000277, 72.59618409997782], [-118.54480220005985, 72.46399100013512], [-118.26310830012787, 72.35272829996384], [-118.5190809999394, 72.1921655000466], [-118.86627439998627, 72.01805700011113], [-119.10741009966213, 71.82857999997972], [-118.89183009988865, 71.59090010002713], [-118.59243010027947, 71.66697990010874], [-118.3026199001959, 71.58535010003207], [-118.00658000039793, 71.67467000010261], [-117.69918000012711, 71.67526999986063], [-117.99946000016841, 71.55472999996319], [-118.30620000011514, 71.47222999987177], [-117.98552989961772, 71.37833009994026], [-117.65952000017077, 71.38678009992134], [-117.35700999981033, 71.46858999997905], [-117.0291701000773, 71.44069000002055], [-116.70711010012116, 71.46371010002234], [-116.38645540034096, 71.49569079995571], [-116.0838969996513, 71.51308340006908], [-115.78492880043625, 71.54914329990022], [-115.46524450035186, 71.54806279999158], [-115.15799449986885, 71.5212630000843], [-115.47341359988256, 71.4829731001264], [-115.77900420003341, 71.50056359987767], [-116.0794198995815, 71.44781789998339], [-115.71780140031296, 71.39670060008733], [-116.06466000005004, 71.36122010004007], [-116.41427989969796, 71.346520000026], [-116.74940999986416, 71.29908989999748], [-117.09239000029284, 71.24059010007795], [-117.39642989985414, 71.1979000999583], [-117.75438009991389, 71.17279990014258], [-118.05679009981691, 71.11624999987004], [-118.35573010001687, 71.03458009994189], [-118.13167000036802, 70.82751999999948], [-117.83933779988723, 70.75312659997971], [-117.55954000007657, 70.61240999997457], [-117.2564799998952, 70.61614989989674], [-116.95643000000767, 70.61517999998385], [-116.65333999968907, 70.61242999999938], [-116.34701010043247, 70.64110999998331], [-116.04253889994035, 70.58922829986565], [-115.7158884001862, 70.6082442000605], [-115.4105178001434, 70.6114554001179], [-115.1009293996359, 70.60943990005225], [-114.78731050009534, 70.63796350011863], [-114.48368920018511, 70.64539099986078], [-114.17364069965707, 70.674854900114], [-113.87026800041687, 70.71232319996369], [-113.56418190033511, 70.64782940007686], [-113.24896989972363, 70.65824009993284], [-112.93603300024847, 70.58228689995528], [-112.62629999972629, 70.5556699000618], [-112.30555429970951, 70.52985749991038], [-112.01438999982791, 70.42490009991917], [-111.71156999984608, 70.3644900000504], [-112.02921000024514, 70.27300000011354], [-112.33535000014224, 70.25667010000814], [-112.66071009963517, 70.21255009990172], [-112.97254999984153, 70.25389009991866], [-113.27732990009285, 70.28148009988814], [-113.59905009971637, 70.274059900004], [-113.90034989960753, 70.2788001000965], [-114.21756999959504, 70.32099999992064], [-114.55139010005713, 70.31934000000905], [-114.88400000004994, 70.28899999998012], [-115.18650000036466, 70.27725000006417], [-115.51400000005206, 70.25449999985157], [-115.84825000007318, 70.23125000007543], [-116.21066890005646, 70.2014617998538], [-116.52839959975651, 70.17601570002294], [-116.87549999991695, 70.13300000004895], [-117.20191000000828, 70.08248989996908], [-117.24874999957028, 69.78400000000536], [-116.96075000000565, 69.67624999995537], [-116.82859310551068, 69.64499999999457]]], [[[-93.51572500032516, 61.852224999817324], [-93.51572500032516, 61.852224999817324]]], [[[-66.63396999969216, 61.96465999980161], [-66.63396999969216, 61.96465999980161]]], [[[-72.56807689231833, 61.97093271114755], [-72.56807689231833, 61.97093271114755]]], [[[-92.83229989967246, 61.956460099974294], [-92.83229989967246, 61.956460099974294]]], [[[-92.470370000309, 61.95911999979545], [-92.470370000309, 61.95911999979545]]], [[[-92.89040000014822, 61.96648989994456], [-92.89040000014822, 61.96648989994456]]], [[[-93.0708898995973, 61.98033000016543], [-93.0708898995973, 61.98033000016543]]], [[[-72.09848000027831, 61.888380000104284], [-72.09848000027831, 61.888380000104284]]], [[[-64.9263921995655, 61.89793739991266], [-64.9263921995655, 61.89793739991266]]], [[[-65.23062760038039, 61.891762199922915], [-65.23062760038039, 61.891762199922915]]], [[[-72.15055000040762, 61.876789899848774], [-72.15055000040762, 61.876789899848774]]], [[[-64.93257620018474, 61.88638289998897], [-64.93257620018474, 61.88638289998897]]], [[[-66.23940999957892, 61.85364010003665], [-66.23940999957892, 61.85364010003665]]], [[[-65.25877710032572, 61.854585899868006], [-65.25877710032572, 61.854585899868006]]], [[[-93.25888033730836, 61.8750999999323], [-93.25888033730836, 61.8750999999323]]], [[[-72.12299769866652, 61.8750999999323], [-72.12299769866652, 61.8750999999323]]], [[[-64.96000510035525, 61.87505299991543], [-64.96000510035525, 61.87505299991543]]], [[[-64.92676239978564, 61.90370879996802], [-64.92676239978564, 61.90370879996802]]], [[[-64.9426197998458, 61.917971599920854], [-64.9426197998458, 61.917971599920854]]], [[[-65.01083489987803, 61.92208319994184], [-65.01083489987803, 61.92208319994184]]], [[[-93.36553689956347, 61.89823089983364], [-93.36553689956347, 61.89823089983364]]], [[[-93.31899999966316, 61.94224999990541], [-93.31899999966316, 61.94224999990541]]], [[[-66.51398999974047, 61.90213989979388], [-66.51398999974047, 61.90213989979388]]], [[[-72.40817989967888, 61.94676999999184], [-72.40817989967888, 61.94676999999184]]], [[[-72.12686999988645, 61.90956989984911], [-72.12686999988645, 61.90956989984911]]], [[[-92.98818124961706, 61.91734586742103], [-92.98818124961706, 61.91734586742103]]], [[[-93.18373839998551, 61.936166300120064], [-93.18373839998551, 61.936166300120064]]], [[[-66.5785799996476, 61.92249000017081], [-66.5785799996476, 61.92249000017081]]], [[[-66.56245999957204, 61.92718999995705], [-66.56245999957204, 61.92718999995705]]], [[[-93.16396250014702, 61.93432201831845], [-93.16396250014702, 61.93432201831845]]], [[[-92.81239999998542, 61.947088527827034], [-92.81239999998542, 61.947088527827034]]], [[[-92.81239999998542, 61.93192665574038], [-92.81239999998542, 61.93192665574038]]], [[[-65.03904182642452, 61.91537184630904], [-64.79878869995572, 61.735301700185396], [-65.03904182642452, 61.91537184630904]]], [[[-92.65368999983988, 62.46930999990799], [-92.65368999983988, 62.46930999990799]]], [[[-92.65303000041413, 62.430429900192294], [-92.65303000041413, 62.430429900192294]]], [[[-72.23663990013412, 61.986570000142535], [-72.23663990013412, 61.986570000142535]]], [[[-93.08806999974303, 61.99975999993036], [-93.08806999974303, 61.99975999993036]]], [[[-92.91050999961055, 61.96727989997683], [-92.91050999961055, 61.96727989997683]]], [[[-72.20239989981759, 61.99191000015495], [-72.20239989981759, 61.99191000015495]]], [[[-92.91858990002683, 61.99312000000567], [-92.91858990002683, 61.99312000000567]]], [[[-72.25745999986226, 62.00312000020632], [-72.25745999986226, 62.00312000020632]]], [[[-72.33886000030627, 62.00010999979185], [-72.33886000030627, 62.00010999979185]]], [[[-66.86801010007657, 62.00021000015795], [-66.86801010007657, 62.00021000015795]]], [[[-65.83635000011016, 62.0005799999591], [-65.83635000011016, 62.0005799999591]]], [[[-66.73941989994188, 61.994450000082416], [-66.73941989994188, 61.994450000082416]]], [[[-92.8889199996665, 61.999749899955944], [-92.8889199996665, 61.999749899955944]]], [[[-72.30971999996235, 62.00017990002622], [-72.30971999996235, 62.00017990002622]]], [[[-93.10249000012715, 62.00027009981115], [-93.10249000012715, 62.00027009981115]]], [[[-66.71172989994248, 62.0007900001813], [-66.71172989994248, 62.0007900001813]]], [[[-65.82232990004613, 62.00201999983813], [-65.82232990004613, 62.00201999983813]]], [[[-65.83243989957971, 62.04634999986694], [-65.83243989957971, 62.04634999986694]]], [[[-72.35496000029036, 62.046750100034], [-72.35496000029036, 62.046750100034]]], [[[-65.93958010041077, 62.04898989983453], [-65.93958010041077, 62.04898989983453]]], [[[-65.92216990039825, 62.06075009998231], [-65.92216990039825, 62.06075009998231]]], [[[-65.98603000027242, 62.066549900075195], [-65.98603000027242, 62.066549900075195]]], [[[-92.67357000004677, 62.064389999821415], [-92.67357000004677, 62.064389999821415]]], [[[-72.39895989972482, 62.05500999990031], [-72.39895989972482, 62.05500999990031]]], [[[-67.22253999972632, 62.06230009983914], [-67.22253999972632, 62.06230009983914]]], [[[-93.37054000006304, 62.02743999990961], [-93.37054000006304, 62.02743999990961]]], [[[-65.92170990009073, 62.01621000007199], [-65.92170990009073, 62.01621000007199]]], [[[-66.00014000013684, 62.0226000001833], [-66.00014000013684, 62.0226000001833]]], [[[-65.82274009955093, 62.01225000019563], [-65.82274009955093, 62.01225000019563]]], [[[-65.93860990014097, 62.01073009992442], [-65.93860990014097, 62.01073009992442]]], [[[-66.9250299997794, 62.01823000014219], [-66.9250299997794, 62.01823000014219]]], [[[-72.36396000013639, 62.005710099852756], [-72.36396000013639, 62.005710099852756]]], [[[-65.79158000013544, 62.0347800000071], [-65.79158000013544, 62.0347800000071]]], [[[-93.12982989971088, 62.03196989989849], [-93.12982989971088, 62.03196989989849]]], [[[-65.81127000037152, 62.02976990005949], [-65.81127000037152, 62.02976990005949]]], [[[-66.98671999989584, 62.03244999987116], [-66.98671999989584, 62.03244999987116]]], [[[-92.95062999987442, 62.02972009985139], [-92.95062999987442, 62.02972009985139]]], [[[-67.01862000028835, 62.036490000116544], [-67.01862000028835, 62.036490000116544]]], [[[-66.97441009989329, 62.03726000014806], [-66.97441009989329, 62.03726000014806]]], [[[-65.91806874976645, 62.06365030446681], [-65.91806874976645, 62.06365030446681]]], [[[-66.0339801001333, 62.027679999977124], [-66.0339801001333, 62.027679999977124]]], [[[-92.63661875035376, 62.03730532447794], [-92.63661875035376, 62.03730532447794]]], [[[-67.37153010003858, 62.10123989986089], [-67.37153010003858, 62.10123989986089]]], [[[-67.46149989983402, 62.08231010020829], [-67.46149989983402, 62.08231010020829]]], [[[-92.92158990027494, 62.09597000013614], [-92.92158990027494, 62.09597000013614]]], [[[-92.8528600997209, 62.08567989992552], [-92.8528600997209, 62.08567989992552]]], [[[-67.39118000037872, 62.09098009979254], [-67.39118000037872, 62.09098009979254]]], [[[-67.41881990043639, 62.094880099906604], [-67.41881990043639, 62.094880099906604]]], [[[-67.51055000023504, 62.09462000003215], [-67.51055000023504, 62.09462000003215]]], [[[-67.50010000004451, 62.104230374465416], [-67.50010000004451, 62.104230374465416]]], [[[-72.44284289959472, 62.11047730018912], [-72.44284289959472, 62.11047730018912]]], [[[-67.28794010035668, 62.121340099796974], [-67.28794010035668, 62.121340099796974]]], [[[-67.30268999984239, 62.12113990017661], [-67.30268999984239, 62.12113990017661]]], [[[-67.37413999968805, 62.12379010013679], [-67.37413999968805, 62.12379010013679]]], [[[-65.95381009992576, 62.11128000009888], [-65.95381009992576, 62.11128000009888]]], [[[-92.73422009961052, 62.11235990003916], [-92.73422009961052, 62.11235990003916]]], [[[-67.4474099997741, 62.11234989980227], [-67.4474099997741, 62.11234989980227]]], [[[-67.40253000019452, 62.11401010000656], [-67.40253000019452, 62.11401010000656]]], [[[-67.38208000007525, 62.07743990014324], [-67.38208000007525, 62.07743990014324]]], [[[-65.9178687497499, 62.078499961682745], [-65.9178687497499, 62.078499961682745]]], [[[-92.87421010036377, 62.06957999999037], [-92.87421010036377, 62.06957999999037]]], [[[-67.35866990017783, 62.076520000122095], [-67.35866990017783, 62.076520000122095]]], [[[-65.96645390012617, 62.0784124001603], [-65.96645390012617, 62.0784124001603]]], [[[-67.31912000043766, 62.08129000016844], [-67.31912000043766, 62.08129000016844]]], [[[-93.12942000024337, 62.191479999932206], [-93.12942000024337, 62.191479999932206]]], [[[-92.67118332815215, 62.226662499894694], [-92.67118332815215, 62.226662499894694]]], [[[-92.90544010038646, 62.19880000005829], [-92.90544010038646, 62.19880000005829]]], [[[-93.00729989977287, 62.13513009993741], [-93.00729989977287, 62.13513009993741]]], [[[-93.07627187534773, 62.14373490501654], [-93.07627187534773, 62.14373490501654]]], [[[-93.12591989979174, 62.13954000008955], [-93.12591989979174, 62.13954000008955]]], [[[-93.09533010032595, 62.145709900190376], [-93.09533010032595, 62.145709900190376]]], [[[-93.19768999991587, 62.164410000005454], [-93.19768999991587, 62.164410000005454]]], [[[-93.01933999976299, 62.16148010005657], [-93.01933999976299, 62.16148010005657]]], [[[-92.87853119989964, 62.304043100106455], [-92.87853119989964, 62.304043100106455]]], [[[-92.74902160012279, 62.367567400157164], [-92.74902160012279, 62.367567400157164]]], [[[-92.73185930009441, 62.27576990006884], [-92.73185930009441, 62.27576990006884]]], [[[-64.74902130019022, 62.57498029993908], [-64.74902130019022, 62.57498029993908]]], [[[-92.60449989969679, 62.594529899861634], [-92.60449989969679, 62.594529899861634]]], [[[-92.22697810005035, 62.578224999913445], [-92.22697810005035, 62.578224999913445]]], [[[-69.51025009959491, 62.59581999990112], [-69.51025009959491, 62.59581999990112]]], [[[-70.75197689977132, 62.597540299960194], [-70.75197689977132, 62.597540299960194]]], [[[-70.10074999976129, 62.609439899887704], [-70.10074999976129, 62.609439899887704]]], [[[-73.98475139986583, 62.5891079001327], [-73.98475139986583, 62.5891079001327]]], [[[-69.49190010009848, 62.594229999949896], [-69.49190010009848, 62.594229999949896]]], [[[-91.6694700000964, 62.59081999986353], [-91.6694700000964, 62.59081999986353]]], [[[-92.56832000010058, 62.56347000020219], [-92.56832000010058, 62.56347000020219]]], [[[-64.91624999992055, 62.61874999991525], [-64.91624999992055, 62.61874999991525]]], [[[-69.56974990014918, 62.65993000017755], [-69.56974990014918, 62.65993000017755]]], [[[-91.7557400003593, 62.65121009979957], [-91.7557400003593, 62.65121009979957]]], [[[-91.6491799000977, 62.64652000005881], [-91.6491799000977, 62.64652000005881]]], [[[-91.64748009983225, 62.61055999986848], [-91.64748009983225, 62.61055999986848]]], [[[-91.75791250041544, 62.612860804616034], [-91.75791250041544, 62.612860804616034]]], [[[-91.75791250041544, 62.622078676479234], [-91.75791250041544, 62.622078676479234]]], [[[-91.68710999993837, 62.624999900074144], [-91.68710999993837, 62.624999900074144]]], [[[-91.70736000004109, 62.61265990017644], [-91.70736000004109, 62.61265990017644]]], [[[-91.63705990035294, 62.64398010010769], [-91.63705990035294, 62.64398010010769]]], [[[-70.12418990036994, 62.62742009983794], [-70.12418990036994, 62.62742009983794]]], [[[-70.8096702996803, 62.629898800165726], [-70.8096702996803, 62.629898800165726]]], [[[-91.7242500000456, 62.63354010007867], [-91.7242500000456, 62.63354010007867]]], [[[-91.75791250041544, 62.64474896795497], [-91.75791250041544, 62.64474896795497]]], [[[-91.96111989957619, 62.661840000048265], [-91.96111989957619, 62.661840000048265]]], [[[-91.23385999995679, 62.67376000012264], [-91.23385999995679, 62.67376000012264]]], [[[-91.12273990039604, 62.69091009980379], [-91.12273990039604, 62.69091009980379]]], [[[-69.59842990018552, 62.675419999927584], [-69.59842990018552, 62.675419999927584]]], [[[-69.58800999984523, 62.68301010011961], [-69.58800999984523, 62.68301010011961]]], [[[-69.56761009966766, 62.6934500999065], [-69.56761009966766, 62.6934500999065]]], [[[-74.60861000005444, 62.70379010002265], [-74.60861000005444, 62.70379010002265]]], [[[-74.53114999966681, 62.71506331021849], [-74.22784000013849, 62.608950099805675], [-73.92474430000941, 62.61424339986993], [-74.23617999966042, 62.67358990012526], [-74.53114999966681, 62.71506331021849]]], [[[-69.56674989990105, 62.70649989985237], [-69.56674989990105, 62.70649989985237]]], [[[-66.97873000017825, 62.717149899931606], [-66.97873000017825, 62.717149899931606]]], [[[-69.64803000040746, 62.729429999937736], [-69.64803000040746, 62.729429999937736]]], [[[-69.60947500011582, 62.737060764049325], [-69.60947500011582, 62.737060764049325]]], [[[-92.33057989985932, 62.7321401001088], [-92.33057989985932, 62.7321401001088]]], [[[-92.30578989965059, 62.71871990005618], [-92.30578989965059, 62.71871990005618]]], [[[-69.55227990018652, 62.737389899968555], [-69.55227990018652, 62.737389899968555]]], [[[-92.1485799000783, 62.73947010016222], [-92.1485799000783, 62.73947010016222]]], [[[-70.00818000032483, 62.74547000001988], [-70.00818000032483, 62.74547000001988]]], [[[-70.86917140009677, 62.76194199996561], [-70.86917140009677, 62.76194199996561]]], [[[-70.84491180026609, 62.763531599930545], [-70.84491180026609, 62.763531599930545]]], [[[-70.94987239985865, 62.75225340020093], [-70.94987239985865, 62.75225340020093]]], [[[-70.8699699996894, 62.748259700095275], [-70.8699699996894, 62.748259700095275]]], [[[-92.28525625020869, 62.76781397539852], [-92.28525625020869, 62.76781397539852]]], [[[-70.25434460011527, 62.75389659994426], [-70.25434460011527, 62.75389659994426]]], [[[-70.97585080022137, 62.799367899896566], [-70.97585080022137, 62.799367899896566]]], [[[-69.79297390003384, 62.80205960003378], [-69.79297390003384, 62.80205960003378]]], [[[-91.2447799996023, 62.79928000014866], [-91.2447799996023, 62.79928000014866]]], [[[-64.63175000019619, 62.8307499998368], [-64.63175000019619, 62.8307499998368]]], [[[-92.34556010043441, 62.83544009992796], [-92.34556010043441, 62.83544009992796]]], [[[-66.34288000036602, 62.837859999898114], [-66.34288000036602, 62.837859999898114]]], [[[-71.15376800015518, 62.8081925000588], [-71.15376800015518, 62.8081925000588]]], [[[-91.8335299995615, 62.8084599998704], [-91.8335299995615, 62.8084599998704]]], [[[-70.38212730014949, 62.81608289999778], [-70.38212730014949, 62.81608289999778]]], [[[-71.17746940034304, 62.81101680015061], [-71.17746940034304, 62.81101680015061]]], [[[-92.23406550041824, 62.813609999985154], [-92.23406550041824, 62.813609999985154]]], [[[-71.02813180023784, 62.82250149996629], [-71.02813180023784, 62.82250149996629]]], [[[-91.93369375004708, 62.81624348443216], [-91.93369375004708, 62.81624348443216]]], [[[-92.28841010042393, 62.769539999797935], [-92.28841010042393, 62.769539999797935]]], [[[-92.12102000038654, 62.76628990003145], [-92.12102000038654, 62.76628990003145]]], [[[-70.26611719978007, 62.767622700152664], [-70.26611719978007, 62.767622700152664]]], [[[-71.04983119971216, 62.760994299945466], [-71.04983119971216, 62.760994299945466]]], [[[-65.4795598996797, 62.77238009998288], [-65.4795598996797, 62.77238009998288]]], [[[-70.9424064997357, 62.76997030008238], [-70.9424064997357, 62.76997030008238]]], [[[-70.99374930016779, 62.7788735001762], [-70.99374930016779, 62.7788735001762]]], [[[-92.06159509956406, 62.77998499992801], [-92.06159509956406, 62.77998499992801]]], [[[-71.02543470022543, 62.78028630000885], [-71.02543470022543, 62.78028630000885]]], [[[-92.10927499966219, 62.792481633191166], [-92.10927499966219, 62.792481633191166]]], [[[-69.71893640003032, 62.75569470002706], [-69.71893640003032, 62.75569470002706]]], [[[-69.78525624974746, 62.77064319559718], [-69.78525624974746, 62.77064319559718]]], [[[-65.50121010022252, 62.797080099912996], [-65.50121010022252, 62.797080099912996]]], [[[-69.9756799998827, 62.79149000010172], [-69.9756799998827, 62.79149000010172]]], [[[-92.01714989985335, 62.79683770010884], [-92.01714989985335, 62.79683770010884]]], [[[-70.99873889988694, 62.79566670015349], [-70.99873889988694, 62.79566670015349]]], [[[-92.28525625020869, 62.77672322848032], [-92.28525625020869, 62.77672322848032]]], [[[-92.17936989988492, 62.79594000009463], [-92.17936989988492, 62.79594000009463]]], [[[-71.0487697997798, 62.79810730012374], [-71.0487697997798, 62.79810730012374]]], [[[-64.92775000042248, 62.88725000000984], [-64.92775000042248, 62.88725000000984]]], [[[-71.20527280007066, 62.864532700038055], [-71.20527280007066, 62.864532700038055]]], [[[-70.95233859960538, 62.86452950016812], [-70.95233859960538, 62.86452950016812]]], [[[-64.90599999974654, 62.86749999992239], [-64.90599999974654, 62.86749999992239]]], [[[-65.05349999981834, 62.87399999988267], [-65.05349999981834, 62.87399999988267]]], [[[-65.7422875001348, 62.87217736752943], [-65.7422875001348, 62.87217736752943]]], [[[-70.62826430010112, 62.86726049989573], [-70.62826430010112, 62.86726049989573]]], [[[-67.23911000006369, 62.88480009997056], [-67.23911000006369, 62.88480009997056]]], [[[-70.51286729991313, 62.87336499980955], [-70.51286729991313, 62.87336499980955]]], [[[-65.07999999976424, 62.87124999999381], [-65.07999999976424, 62.87124999999381]]], [[[-70.66416249970231, 62.86509052856517], [-70.66416249970231, 62.86509052856517]]], [[[-69.89342590013116, 62.87611279998726], [-69.89342590013116, 62.87611279998726]]], [[[-70.72912600023997, 62.88355270017131], [-70.72912600023997, 62.88355270017131]]], [[[-70.62115070036799, 62.87357289997643], [-70.62115070036799, 62.87357289997643]]], [[[-65.73546010005792, 62.88114989998079], [-65.73546010005792, 62.88114989998079]]], [[[-65.69655009993905, 62.87268010013632], [-65.69655009993905, 62.87268010013632]]], [[[-66.41323999971732, 62.87808000017788], [-66.41323999971732, 62.87808000017788]]], [[[-66.65373000024844, 62.87843999986822], [-66.65373000024844, 62.87843999986822]]], [[[-90.82896000015619, 62.89672999986894], [-90.82896000015619, 62.89672999986894]]], [[[-65.03916249981158, 62.89474999982315], [-65.03916249981158, 62.89474999982315]]], [[[-65.11350000028908, 62.892500000010244], [-65.11350000028908, 62.892500000010244]]], [[[-71.01552499984737, 62.89055670627013], [-71.01552499984737, 62.89055670627013]]], [[[-66.3093399996582, 62.892250099883114], [-66.3093399996582, 62.892250099883114]]], [[[-66.32292010040452, 62.89712010002701], [-66.32292010040452, 62.89712010002701]]], [[[-69.85513310010467, 62.896632400142146], [-69.85513310010467, 62.896632400142146]]], [[[-66.32915010015621, 62.90260989997503], [-66.32915010015621, 62.90260989997503]]], [[[-66.56993999965168, 62.9424099000848], [-66.56993999965168, 62.9424099000848]]], [[[-66.7969749997213, 62.94117816995828], [-66.7969749997213, 62.94117816995828]]], [[[-66.79677499970474, 62.94758067085103], [-66.79677499970474, 62.94758067085103]]], [[[-66.65558990006045, 62.91122999997706], [-66.65558990006045, 62.91122999997706]]], [[[-66.39019989971575, 62.90401000006571], [-66.39019989971575, 62.90401000006571]]], [[[-65.83269999958371, 62.918399899805344], [-65.83269999958371, 62.918399899805344]]], [[[-71.08948190030866, 62.908621999821435], [-71.08948190030866, 62.908621999821435]]], [[[-66.66381989997757, 62.90651000016923], [-66.66381989997757, 62.90651000016923]]], [[[-66.50631999969002, 62.91762999993637], [-66.50631999969002, 62.91762999993637]]], [[[-66.0001801000328, 62.90648990008206], [-66.0001801000328, 62.90648990008206]]], [[[-66.06195999994962, 62.920079999878865], [-66.06195999994962, 62.920079999878865]]], [[[-66.68815989992449, 62.91816989984229], [-66.68815989992449, 62.91816989984229]]], [[[-66.40232774804115, 62.92978749988694], [-66.40232774804115, 62.92978749988694]]], [[[-71.01552499984737, 62.92585580314333], [-71.01552499984737, 62.92585580314333]]], [[[-65.63816999997911, 62.84678990010668], [-65.63816999997911, 62.84678990010668]]], [[[-66.37573010032554, 62.84614999985409], [-66.37573010032554, 62.84614999985409]]], [[[-67.15990999980163, 62.85142000004007], [-67.15990999980163, 62.85142000004007]]], [[[-70.44506979970703, 62.850940899991265], [-70.44506979970703, 62.850940899991265]]], [[[-70.8058964996296, 62.84128170006498], [-70.8058964996296, 62.84128170006498]]], [[[-70.56048890024763, 62.83682210001585], [-70.56048890024763, 62.83682210001585]]], [[[-64.89750000039102, 62.86299999985898], [-64.89750000039102, 62.86299999985898]]], [[[-64.92599999960402, 62.865249999971304], [-64.92599999960402, 62.865249999971304]]], [[[-71.01572499986392, 62.90539614688736], [-71.01572499986392, 62.90539614688736]]], [[[-66.4454124995597, 62.86176849877927], [-66.4454124995597, 62.86176849877927]]], [[[-71.4540073999389, 63.05667910002147], [-71.4540073999389, 63.05667910002147]]], [[[-71.05998810028674, 63.036005200044194], [-71.05998810028674, 63.036005200044194]]], [[[-71.38660130019368, 63.044985699967484], [-71.38660130019368, 63.044985699967484]]], [[[-67.00227000005903, 63.06971999989173], [-67.00227000005903, 63.06971999989173]]], [[[-71.52332119975074, 63.08118979990706], [-71.52332119975074, 63.08118979990706]]], [[[-71.39645079997295, 63.00182890003812], [-71.39645079997295, 63.00182890003812]]], [[[-70.90915419976899, 63.009303800054575], [-70.90915419976899, 63.009303800054575]]], [[[-66.58264009996589, 63.020049999862074], [-66.58264009996589, 63.020049999862074]]], [[[-71.36708750000898, 63.00244383202598], [-71.36708750000898, 63.00244383202598]]], [[[-66.91860009972416, 63.01669999987913], [-66.91860009972416, 63.01669999987913]]], [[[-66.51798000002555, 62.992059999850824], [-66.51798000002555, 62.992059999850824]]], [[[-65.70978059973297, 63.025976800147944], [-65.70978059973297, 63.025976800147944]]], [[[-66.93229010036234, 63.0302001001032], [-66.93229010036234, 63.0302001001032]]], [[[-71.44936460022505, 63.08550010006389], [-71.44936460022505, 63.08550010006389]]], [[[-65.0929999999411, 62.96900000018569], [-65.0929999999411, 62.96900000018569]]], [[[-70.95613239974757, 62.967235999938616], [-70.95613239974757, 62.967235999938616]]], [[[-66.79691000032228, 62.96495009981564], [-66.79691000032228, 62.96495009981564]]], [[[-67.52109990027168, 62.96209999979876], [-67.52109990027168, 62.96209999979876]]], [[[-66.80243989985392, 62.9661899001944], [-66.80243989985392, 62.9661899001944]]], [[[-66.53319255434045, 62.973293293218234], [-66.53319255434045, 62.973293293218234]]], [[[-66.50106999992956, 62.952859899813774], [-66.50106999992956, 62.952859899813774]]], [[[-65.97974989968071, 62.972969900174895], [-65.97974989968071, 62.972969900174895]]], [[[-66.7969749997213, 62.953136788953266], [-66.7969749997213, 62.953136788953266]]], [[[-82.72820999964964, 62.97514000015704], [-82.72820999964964, 62.97514000015704]]], [[[-66.49001010025496, 62.9769798998155], [-66.49001010025496, 62.9769798998155]]], [[[-66.78579999980767, 62.98549999992127], [-66.78579999980767, 62.98549999992127]]], [[[-66.5962001000094, 62.971660000183185], [-66.5962001000094, 62.971660000183185]]], [[[-66.54107989997726, 62.97839010017099], [-66.54107989997726, 62.97839010017099]]], [[[-71.26917049982939, 62.98827990019467], [-71.26917049982939, 62.98827990019467]]], [[[-66.90165999977795, 63.001600000201435], [-66.90165999977795, 63.001600000201435]]], [[[-66.62119375008965, 63.015954930702605], [-66.62119375008965, 63.015954930702605]]], [[[-64.44032839964673, 62.34203869997638], [-64.44032839964673, 62.34203869997638]]], [[[-64.53279720027318, 62.32757910001573], [-64.53279720027318, 62.32757910001573]]], [[[-77.91914999959842, 62.47182000016847], [-77.91914999959842, 62.47182000016847]]], [[[-92.39605990024431, 62.47355009995683], [-92.39605990024431, 62.47355009995683]]], [[[-77.7417400998651, 62.479270000019476], [-77.7417400998651, 62.479270000019476]]], [[[-64.39729470028409, 62.48241030014446], [-64.39729470028409, 62.48241030014446]]], [[[-65.0292500002831, 62.48575000013111], [-65.0292500002831, 62.48575000013111]]], [[[-78.03293009964867, 62.48490010005188], [-78.03293009964867, 62.48490010005188]]], [[[-65.05624999982119, 62.48850000006425], [-65.05624999982119, 62.48850000006425]]], [[[-78.02763999999223, 62.48798000015073], [-78.02763999999223, 62.48798000015073]]], [[[-78.15163000032051, 62.4413001001513], [-78.15163000032051, 62.4413001001513]]], [[[-92.5645399998778, 62.44297010003545], [-92.5645399998778, 62.44297010003545]]], [[[-64.28653760004818, 62.449248799922835], [-64.28653760004818, 62.449248799922835]]], [[[-77.96487010003845, 62.4532100998202], [-77.96487010003845, 62.4532100998202]]], [[[-92.4608374998238, 62.469346500190014], [-92.4608374998238, 62.469346500190014]]], [[[-64.36445759984505, 62.42974529995061], [-64.36445759984505, 62.42974529995061]]], [[[-64.35547209970602, 62.42531320005066], [-64.35547209970602, 62.42531320005066]]], [[[-64.33583750037015, 62.42661871586682], [-64.33583750037015, 62.42661871586682]]], [[[-78.04697500040108, 62.42830107587255], [-78.04697500040108, 62.42830107587255]]], [[[-92.48627000027655, 62.4350300001642], [-92.48627000027655, 62.4350300001642]]], [[[-92.58921000043593, 62.45609010006118], [-92.58921000043593, 62.45609010006118]]], [[[-64.33583750037015, 62.43570522999559], [-64.33583750037015, 62.43570522999559]]], [[[-64.50125779980539, 62.37730879997191], [-64.50125779980539, 62.37730879997191]]], [[[-80.26097513859511, 61.8750999999323], [-79.99779410002564, 61.724510699987654], [-79.71525470035834, 61.593521700152856], [-79.49737819978182, 61.83567379987656], [-79.32228260007057, 62.086702199960754], [-79.44947159994025, 62.361313799958296], [-79.76946820023151, 62.37813690000222], [-80.05097520027873, 62.25614840013648], [-80.25371199990991, 62.02113930009436], [-80.26097513859511, 61.8750999999323]]], [[[-73.02106099367076, 62.19456546595192], [-73.02106099367076, 62.19456546595192]]], [[[-67.8073799000534, 62.181679999911594], [-67.8073799000534, 62.181679999911594]]], [[[-67.91241010021587, 62.18394989982947], [-67.91241010021587, 62.18394989982947]]], [[[-67.79690010004997, 62.169939899977784], [-67.79690010004997, 62.169939899977784]]], [[[-92.46091979987686, 62.211973400111525], [-92.46091979987686, 62.211973400111525]]], [[[-68.58756000042132, 62.254750100003875], [-68.58756000042132, 62.254750100003875]]], [[[-73.12509999993523, 62.2685142619209], [-73.12509999993523, 62.2685142619209]]], [[[-68.3192900003774, 62.227599999904044], [-68.3192900003774, 62.227599999904044]]], [[[-72.80204759964369, 62.22030459988222], [-72.80204759964369, 62.22030459988222]]], [[[-74.81052000017958, 62.225429900094305], [-74.81052000017958, 62.225429900094305]]], [[[-66.09371999970175, 62.24106000018596], [-66.09371999970175, 62.24106000018596]]], [[[-68.33179310014981, 62.243599400004385], [-68.33179310014981, 62.243599400004385]]], [[[-66.0590500001132, 62.23623999994409], [-66.0590500001132, 62.23623999994409]]], [[[-92.50956939988319, 62.19172030002266], [-92.50956939988319, 62.19172030002266]]], [[[-67.96129000041327, 62.13173999987382], [-67.96129000041327, 62.13173999987382]]], [[[-67.88974009982316, 62.13041999987677], [-67.88974009982316, 62.13041999987677]]], [[[-79.267604099867, 62.12895849997066], [-79.267604099867, 62.12895849997066]]], [[[-67.50010000004451, 62.13046384632587], [-67.50010000004451, 62.13046384632587]]], [[[-72.882082916339, 62.143718980514485], [-72.882082916339, 62.143718980514485]]], [[[-65.91806874976645, 62.14856537594784], [-65.91806874976645, 62.14856537594784]]], [[[-68.06357000024855, 62.14692989987007], [-68.06357000024855, 62.14692989987007]]], [[[-67.94322010011399, 62.14824009997467], [-67.94322010011399, 62.14824009997467]]], [[[-92.46103749984034, 62.13242862011726], [-92.46103749984034, 62.13242862011726]]], [[[-65.9178687497499, 62.15843591459884], [-65.9178687497499, 62.15843591459884]]], [[[-67.91537999971544, 62.14700000001019], [-67.91537999971544, 62.14700000001019]]], [[[-67.7772398996268, 62.15532000005357], [-67.7772398996268, 62.15532000005357]]], [[[-92.46103749984034, 62.155481081111404], [-92.46103749984034, 62.155481081111404]]], [[[-67.59916999956938, 62.1616900999076], [-67.59916999956938, 62.1616900999076]]], [[[-68.04734999971555, 62.15845999999204], [-68.04734999971555, 62.15845999999204]]], [[[-68.079070099896, 62.15815989987218], [-68.079070099896, 62.15815989987218]]], [[[-68.02744374983774, 62.16360101512101], [-68.02744374983774, 62.16360101512101]]], [[[-67.81059990040957, 62.16250989980478], [-67.81059990040957, 62.16250989980478]]], [[[-73.0598332003099, 62.31282150017268], [-73.0598332003099, 62.31282150017268]]], [[[-64.59956983952108, 62.33577152008171], [-64.59956983952108, 62.33577152008171]]], [[[-64.65645159989275, 62.342157999983485], [-64.65645159989275, 62.342157999983485]]], [[[-92.19716562537633, 62.3241699999289], [-92.19716562537633, 62.3241699999289]]], [[[-68.74608999974346, 62.32625009985669], [-68.74608999974346, 62.32625009985669]]], [[[-68.77026990014382, 62.32808999982737], [-68.77026990014382, 62.32808999982737]]], [[[-64.63570519974716, 62.329838999966924], [-64.63570519974716, 62.329838999966924]]], [[[-78.10797680836488, 62.35439148417833], [-78.10797680836488, 62.35439148417833]]], [[[-64.75187779996159, 62.35347599986516], [-64.75187779996159, 62.35347599986516]]], [[[-92.25370000004112, 62.353140100158654], [-92.25370000004112, 62.353140100158654]]], [[[-68.79816990020552, 62.352179899877854], [-68.79816990020552, 62.352179899877854]]], [[[-64.59950995243435, 62.356747783625245], [-64.59950995243435, 62.356747783625245]]], [[[-78.00000009993452, 62.40965989980611], [-78.00000009993452, 62.40965989980611]]], [[[-92.24643000002376, 62.35718999988304], [-92.24643000002376, 62.35718999988304]]], [[[-64.7562162998645, 62.38831820000063], [-64.7562162998645, 62.38831820000063]]], [[[-92.48775009957296, 62.38028990002694], [-92.48775009957296, 62.38028990002694]]], [[[-64.7770550001089, 62.362482899856204], [-64.7770550001089, 62.362482899856204]]], [[[-92.13960000003675, 62.35771989998624], [-92.13960000003675, 62.35771989998624]]], [[[-64.73426680043195, 62.36301699986174], [-64.73426680043195, 62.36301699986174]]], [[[-92.37342999974757, 62.36651990000418], [-92.37342999974757, 62.36651990000418]]], [[[-68.9236399998302, 62.36560009999784], [-68.9236399998302, 62.36560009999784]]], [[[-78.09051009982944, 62.38230990010267], [-78.09051009982944, 62.38230990010267]]], [[[-78.03514917465736, 62.37233692800502], [-78.03514917465736, 62.37233692800502]]], [[[-64.68739999963344, 62.36538119668756], [-64.68739999963344, 62.36538119668756]]], [[[-64.66238210043039, 62.34857030002126], [-64.66238210043039, 62.34857030002126]]], [[[-73.52767189979438, 62.394299899844704], [-73.52767189979438, 62.394299899844704]]], [[[-92.19179010042795, 62.402930000095616], [-92.19179010042795, 62.402930000095616]]], [[[-64.86338125017994, 62.49424901965476], [-64.58307739972534, 62.36444430017526], [-64.82730919962181, 62.53963409984095], [-64.86338125017994, 62.49424901965476]]], [[[-66.09365000027985, 62.277191031391524], [-66.09365000027985, 62.277191031391524]]], [[[-75.54431890024547, 62.27595239416579], [-75.54431890024547, 62.27595239416579]]], [[[-92.19716562537633, 62.29688590805344], [-92.19716562537633, 62.29688590805344]]], [[[-64.96643559958677, 62.49986660017404], [-64.96643559958677, 62.49986660017404]]], [[[-92.12733989993859, 62.5331501000876], [-92.12733989993859, 62.5331501000876]]], [[[-91.92458000012991, 62.53441999986822], [-91.92458000012991, 62.53441999986822]]], [[[-70.59420609993344, 62.53679339998684], [-70.59420609993344, 62.53679339998684]]], [[[-64.92092360017052, 62.52670230009471], [-64.92092360017052, 62.52670230009471]]], [[[-65.14625000007817, 62.53399999986211], [-65.14625000007817, 62.53399999986211]]], [[[-70.55556860016274, 62.53172429997455], [-70.55556860016274, 62.53172429997455]]], [[[-92.39365999975882, 62.48301010020434], [-92.39365999975882, 62.48301010020434]]], [[[-64.94093800002202, 62.499999999834856], [-64.94093800002202, 62.499999999834856]]], [[[-64.16009720044073, 62.51090399980644], [-64.16009720044073, 62.51090399980644]]], [[[-78.01242000044024, 62.507379900190074], [-78.01242000044024, 62.507379900190074]]], [[[-65.03896249979505, 62.5252499998254], [-65.03896249979505, 62.5252499998254]]], [[[-64.84998239981357, 62.50822219983359], [-64.84998239981357, 62.50822219983359]]], [[[-77.97015000022314, 62.511850000151796], [-77.97015000022314, 62.511850000151796]]], [[[-92.00371990040449, 62.51991010004066], [-92.00371990040449, 62.51991010004066]]], [[[-77.86832999979708, 62.518460100097755], [-77.86832999979708, 62.518460100097755]]], [[[-69.3223299999706, 62.51491009990471], [-69.3223299999706, 62.51491009990471]]], [[[-64.98474999974681, 62.51700000010351], [-64.98474999974681, 62.51700000010351]]], [[[-64.89130499990111, 62.51622510013118], [-64.89130499990111, 62.51622510013118]]], [[[-64.25906570021998, 62.52320560011292], [-64.25906570021998, 62.52320560011292]]], [[[-65.10600000011796, 62.51825000002741], [-65.10600000011796, 62.51825000002741]]], [[[-64.43674359974192, 62.519147600162604], [-64.43674359974192, 62.519147600162604]]], [[[-92.10947499967874, 62.52585418902494], [-92.10947499967874, 62.52585418902494]]], [[[-66.48653999994058, 62.53208000018486], [-66.48653999994058, 62.53208000018486]]], [[[-64.42392812520252, 62.532770754820014], [-64.42392812520252, 62.532770754820014]]], [[[-64.33583750037015, 62.551282955772564], [-64.33583750037015, 62.551282955772564]]], [[[-64.16005624984018, 62.523803336870486], [-64.16005624984018, 62.523803336870486]]], [[[-92.2517200996802, 62.542569999883476], [-92.2517200996802, 62.542569999883476]]], [[[-70.58448069971573, 62.54250820001587], [-70.58448069971573, 62.54250820001587]]], [[[-70.12600000027756, 62.55782009990557], [-70.12600000027756, 62.55782009990557]]], [[[-69.96303999955596, 62.549569999851286], [-69.96303999955596, 62.549569999851286]]], [[[-70.59293560005071, 62.55661290015793], [-70.59293560005071, 62.55661290015793]]], [[[-92.23243999980994, 62.55999000013375], [-92.23243999980994, 62.55999000013375]]], [[[-77.8287840310846, 62.578224999913445], [-77.8287840310846, 62.578224999913445]]], [[[-78.04697500040108, 62.55615962838711], [-78.04697500040108, 62.55615962838711]]], [[[-70.72236233742912, 62.578224999913445], [-70.41186249994615, 62.531813500121736], [-70.56758559997533, 62.78976820011947], [-70.86659399969766, 62.84807489984055], [-71.16612689966323, 62.8980500998704], [-70.87677209961461, 62.787528199817515], [-70.72236233742912, 62.578224999913445]]], [[[-82.96884999996858, 62.860358440574515], [-83.26751999983182, 62.920550000029266], [-83.55237820008075, 62.817997300044446], [-83.73304009995725, 62.57761010017992], [-83.73125000014116, 62.276610000198694], [-83.42807000030918, 62.24718000018157], [-83.13382990033577, 62.168590100002945], [-82.8038401003625, 62.27973000011966], [-82.52162999972217, 62.43457999997619], [-82.25217010023604, 62.592050099848784], [-81.95625990009715, 62.70950999989259], [-82.11534990018426, 62.96851010004055], [-82.41431000018869, 62.931550000026235], [-82.71735989971302, 62.93893010015182], [-82.96884999996858, 62.860358440574515]]], [[[-87.97212990029001, 64.20072000007701], [-87.97212990029001, 64.20072000007701]]], [[[-75.10447000001174, 64.45711000007557], [-75.10447000001174, 64.45711000007557]]], [[[-74.27387019991289, 64.4580874998544], [-74.27387019991289, 64.4580874998544]]], [[[-74.06599599985053, 64.44180019988735], [-74.06599599985053, 64.44180019988735]]], [[[-75.58583750015163, 64.44259030633702], [-75.58583750015163, 64.44259030633702]]], [[[-73.94295890003633, 64.44947929986296], [-73.94295890003633, 64.44947929986296]]], [[[-73.86459640001195, 64.42846710013248], [-73.86459640001195, 64.42846710013248]]], [[[-73.90326560043073, 64.42966850011217], [-73.90326560043073, 64.42966850011217]]], [[[-75.64128010014932, 64.43656999989004], [-75.64128010014932, 64.43656999989004]]], [[[-75.58089090009014, 64.43656330018744], [-75.58089090009014, 64.43656330018744]]], [[[-73.84199079984197, 64.46606270008574], [-73.84199079984197, 64.46606270008574]]], [[[-75.12045989977968, 64.45709999995755], [-75.12045989977968, 64.45709999995755]]], [[[-74.07543940003598, 64.47058309998609], [-74.07543940003598, 64.47058309998609]]], [[[-74.28069139981767, 64.4703319001314], [-74.28069139981767, 64.4703319001314]]], [[[-75.13001990039066, 64.47218010015938], [-75.13001990039066, 64.47218010015938]]], [[[-73.47666250009684, 64.47402988391804], [-73.47666250009684, 64.47402988391804]]], [[[-74.2629007004003, 64.48870450005961], [-74.2629007004003, 64.48870450005961]]], [[[-74.37445360018009, 64.48939460017678], [-74.37445360018009, 64.48939460017678]]], [[[-75.49175009977488, 64.48240989990855], [-75.49175009977488, 64.48240989990855]]], [[[-74.53114999966681, 64.4835057118415], [-74.53114999966681, 64.4835057118415]]], [[[-65.00000000033432, 64.45930200001807], [-65.00000000033432, 64.45930200001807]]], [[[-65.14743660000833, 64.51505299990909], [-65.14743660000833, 64.51505299990909]]], [[[-75.72785103333744, 64.51161875007608], [-75.72785103333744, 64.51161875007608]]], [[[-74.07312790006264, 64.43881920007918], [-74.07312790006264, 64.43881920007918]]], [[[-74.48670429959449, 64.49126750005682], [-74.48670429959449, 64.49126750005682]]], [[[-75.65429010037192, 64.48561010006839], [-75.65429010037192, 64.48561010006839]]], [[[-74.12685960021125, 64.50089709987193], [-74.12685960021125, 64.50089709987193]]], [[[-74.50837050003084, 64.499506000125], [-74.50837050003084, 64.499506000125]]], [[[-75.58942190030612, 64.50089080004548], [-75.58942190030612, 64.50089080004548]]], [[[-74.17958750040351, 64.53250806467842], [-74.17958750040351, 64.53250806467842]]], [[[-73.31435640013854, 64.64690070004019], [-73.31435640013854, 64.64690070004019]]], [[[-74.12480290018173, 64.63644440007468], [-74.12480290018173, 64.63644440007468]]], [[[-65.25544139965591, 64.67485819996368], [-65.25544139965591, 64.67485819996368]]], [[[-65.5199355999993, 64.68747080012176], [-65.5199355999993, 64.68747080012176]]], [[[-65.4613893000337, 64.69450570015697], [-65.4613893000337, 64.69450570015697]]], [[[-87.49330999983803, 64.7010701001383], [-87.49330999983803, 64.7010701001383]]], [[[-65.46531999983193, 64.70907950000468], [-65.46531999983193, 64.70907950000468]]], [[[-74.77218140044663, 64.76445969997575], [-74.77218140044663, 64.76445969997575]]], [[[-65.49655140032817, 64.73666239983187], [-65.49655140032817, 64.73666239983187]]], [[[-65.45708939984023, 64.73366230006314], [-65.45708939984023, 64.73366230006314]]], [[[-74.79037730024427, 64.74469849994168], [-74.79037730024427, 64.74469849994168]]], [[[-75.76161874978327, 64.51905363061879], [-75.76161874978327, 64.51905363061879]]], [[[-75.70800989963963, 64.52219010012135], [-75.70800989963963, 64.52219010012135]]], [[[-74.47743030011206, 64.52817779981477], [-74.47743030011206, 64.52817779981477]]], [[[-78.09056000034516, 64.5158701000287], [-78.09056000034516, 64.5158701000287]]], [[[-74.3579030995726, 64.524368600085], [-74.3579030995726, 64.524368600085]]], [[[-74.49065299983437, 64.51890080001411], [-74.49065299983437, 64.51890080001411]]], [[[-74.50117990030482, 64.52469930017226], [-74.50117990030482, 64.52469930017226]]], [[[-75.45281210006692, 64.5231580999308], [-75.45281210006692, 64.5231580999308]]], [[[-75.71499999988585, 64.5357499999728], [-75.71499999988585, 64.5357499999728]]], [[[-64.97999929979095, 64.59042430002373], [-64.97999929979095, 64.59042430002373]]], [[[-75.76161874978327, 64.56739659231847], [-75.76161874978327, 64.56739659231847]]], [[[-74.45737409985378, 64.5729865001481], [-74.45737409985378, 64.5729865001481]]], [[[-74.13543360008495, 64.60208209990233], [-74.13543360008495, 64.60208209990233]]], [[[-73.22810220034317, 64.57043270012005], [-73.22810220034317, 64.57043270012005]]], [[[-74.2868048000421, 64.59187940014968], [-74.2868048000421, 64.59187940014968]]], [[[-64.9614455004043, 64.54639589993423], [-64.9614455004043, 64.54639589993423]]], [[[-74.04215659957042, 64.54409069984818], [-74.04215659957042, 64.54409069984818]]], [[[-74.46343730042352, 64.54572900004754], [-74.46343730042352, 64.54572900004754]]], [[[-74.35222700012679, 64.53591269993927], [-74.35222700012679, 64.53591269993927]]], [[[-75.71175000029078, 64.54024999986198], [-75.71175000029078, 64.54024999986198]]], [[[-75.7618187497998, 64.54146958609999], [-75.7618187497998, 64.54146958609999]]], [[[-65.26123119976555, 64.55034749990975], [-65.26123119976555, 64.55034749990975]]], [[[-75.69150000018804, 64.55499999999199], [-75.69150000018804, 64.55499999999199]]], [[[-75.7618187497998, 64.55719416319906], [-75.7618187497998, 64.55719416319906]]], [[[-65.03916249981158, 64.55348514272673], [-65.03916249981158, 64.55348514272673]]], [[[-75.7039999998744, 64.56225000000464], [-75.7039999998744, 64.56225000000464]]], [[[-65.00000000033432, 64.60680399998643], [-65.00000000033432, 64.60680399998643]]], [[[-65.406546863579, 64.68759999996597], [-65.66800770024463, 64.52131939994142], [-65.35242460019937, 64.5596746998127], [-65.406546863579, 64.68759999996597]]], [[[-63.26411410000396, 64.87426999999944], [-63.26411410000396, 64.87426999999944]]], [[[-63.671279800071446, 64.95339250010203], [-63.671279800071446, 64.95339250010203]]], [[[-63.281149999885336, 64.91100185772275], [-63.281149999885336, 64.91100185772275]]], [[[-63.98447500022508, 65.08983796718042], [-63.98447500022508, 65.08983796718042]]], [[[-63.98257149978243, 65.0935906999886], [-63.98257149978243, 65.0935906999886]]], [[[-64.44086229986111, 65.15733740005014], [-64.44086229986111, 65.15733740005014]]], [[[-63.43326790016793, 65.17394769989366], [-63.43326790016793, 65.17394769989366]]], [[[-64.19710099978121, 65.19131140005013], [-64.19710099978121, 65.19131140005013]]], [[[-63.33924429993931, 65.01345529997356], [-63.33924429993931, 65.01345529997356]]], [[[-63.06074999962337, 65.2585000001621], [-63.06074999962337, 65.2585000001621]]], [[[-63.05025000010243, 65.27549999988916], [-63.05025000010243, 65.27549999988916]]], [[[-63.196249999601, 65.32299999992148], [-63.196249999601, 65.32299999992148]]], [[[-63.28134999990189, 65.34900000000545], [-63.28134999990189, 65.34900000000545]]], [[[-63.115250000088395, 65.29250000006198], [-63.115250000088395, 65.29250000006198]]], [[[-63.281149999885336, 65.25990000011446], [-63.281149999885336, 65.25990000011446]]], [[[-63.12049999984887, 65.30975000007035], [-63.12049999984887, 65.30975000007035]]], [[[-63.32700000030871, 65.30825000013037], [-63.32700000030871, 65.30825000013037]]], [[[-63.366749999778406, 65.31524999995894], [-63.366749999778406, 65.31524999995894]]], [[[-65.4664720002506, 64.75000000000216], [-65.4664720002506, 64.75000000000216]]], [[[-74.79141759964895, 64.781788300081], [-74.79141759964895, 64.781788300081]]], [[[-65.50000000036454, 64.78072310017691], [-65.50000000036454, 64.78072310017691]]], [[[-65.60332290022724, 64.81143929992882], [-65.60332290022724, 64.81143929992882]]], [[[-74.70358589982419, 64.82559509999852], [-74.70358589982419, 64.82559509999852]]], [[[-65.48688709992278, 64.79663870012575], [-65.48688709992278, 64.79663870012575]]], [[[-87.04063999981457, 64.95646010015233], [-87.04063999981457, 64.95646010015233]]], [[[-66.27068830021783, 64.97187959984511], [-66.27068830021783, 64.97187959984511]]], [[[-66.19743830022328, 64.979949599893], [-66.19743830022328, 64.979949599893]]], [[[-66.65763000012184, 64.91990989982857], [-66.65763000012184, 64.91990989982857]]], [[[-66.35031530027715, 64.91919629982809], [-66.35031530027715, 64.91919629982809]]], [[[-66.20164120033238, 64.89715480003683], [-66.20164120033238, 64.89715480003683]]], [[[-66.67227999976143, 64.92475000000185], [-66.67227999976143, 64.92475000000185]]], [[[-66.31106130020167, 64.92235739986283], [-66.31106130020167, 64.92235739986283]]], [[[-66.2327185002315, 64.93728729998494], [-66.2327185002315, 64.93728729998494]]], [[[-66.29590210042475, 64.94452019982437], [-66.29590210042475, 64.94452019982437]]], [[[-66.43856059973007, 64.939127799817], [-66.43856059973007, 64.939127799817]]], [[[-66.6761999997263, 64.94566010014289], [-66.6761999997263, 64.94566010014289]]], [[[-66.43481519991708, 65.02985270002334], [-66.43481519991708, 65.02985270002334]]], [[[-66.6751851001863, 65.11582449992872], [-66.6751851001863, 65.11582449992872]]], [[[-66.59485149969753, 65.05901339999484], [-66.59485149969753, 65.05901339999484]]], [[[-66.68107329995553, 65.07372270018448], [-66.68107329995553, 65.07372270018448]]], [[[-86.91688999968585, 65.16971990011169], [-86.91688999968585, 65.16971990011169]]], [[[-66.71734569997484, 65.15625370006951], [-66.71734569997484, 65.15625370006951]]], [[[-66.65654499965032, 65.1913093999832], [-66.65654499965032, 65.1913093999832]]], [[[-66.70827240029658, 65.18118090000324], [-66.70827240029658, 65.18118090000324]]], [[[-66.75003969968742, 65.1127161001567], [-66.75003969968742, 65.1127161001567]]], [[[-66.89612690044727, 65.15049859981859], [-66.89612690044727, 65.15049859981859]]], [[[-65.00989999980564, 65.25567000008371], [-65.00989999980564, 65.25567000008371]]], [[[-75.79913489965278, 65.23414630006809], [-75.79913489965278, 65.23414630006809]]], [[[-67.02965790022165, 65.22523090004222], [-67.02965790022165, 65.22523090004222]]], [[[-66.75488199995452, 65.25000000017512], [-66.75488199995452, 65.25000000017512]]], [[[-66.99493149990796, 65.26846479988346], [-66.99493149990796, 65.26846479988346]]], [[[-75.8909111998065, 65.33080869983083], [-75.8909111998065, 65.33080869983083]]], [[[-75.86656089977652, 65.33778949986086], [-75.86656089977652, 65.33778949986086]]], [[[-75.81632300019444, 65.33429550017927], [-75.81632300019444, 65.33429550017927]]], [[[-75.90511439988161, 65.33589699992392], [-75.90511439988161, 65.33589699992392]]], [[[-67.03675839982299, 65.33632480014275], [-67.03675839982299, 65.33632480014275]]], [[[-66.82973160033109, 65.35434810006582], [-66.82973160033109, 65.35434810006582]]], [[[-66.88466562541889, 65.29248425141749], [-66.88466562541889, 65.29248425141749]]], [[[-66.88486562543542, 65.22947813331338], [-66.88486562543542, 65.22947813331338]]], [[[-66.97275625025127, 65.26568626946447], [-66.97275625025127, 65.26568626946447]]], [[[-66.86461400028035, 65.25000000017512], [-66.86461400028035, 65.25000000017512]]], [[[-76.03487990003852, 65.27960000003324], [-76.03487990003852, 65.27960000003324]]], [[[-76.03837660036679, 65.28336839983847], [-76.03837660036679, 65.28336839983847]]], [[[-76.02089999958343, 65.28122989994839], [-76.02089999958343, 65.28122989994839]]], [[[-67.05344209992586, 65.2612602000208], [-67.05344209992586, 65.2612602000208]]], [[[-67.01997630006052, 65.3022849001742], [-67.01997630006052, 65.3022849001742]]], [[[-67.04553609987387, 65.314785799932], [-67.04553609987387, 65.314785799932]]], [[[-67.14846144940927, 65.33116227544566], [-67.14846144940927, 65.33116227544566]]], [[[-75.73802990041565, 65.21408999983355], [-75.73802990041565, 65.21408999983355]]], [[[-66.7969749997213, 65.18279918702137], [-66.7969749997213, 65.18279918702137]]], [[[-73.36513919980565, 64.12369170017853], [-73.36513919980565, 64.12369170017853]]], [[[-72.92425009988025, 64.1726790999995], [-72.92425009988025, 64.1726790999995]]], [[[-73.60355789998896, 64.16518790007346], [-73.60355789998896, 64.16518790007346]]], [[[-72.93816680026184, 64.1626084000353], [-72.93816680026184, 64.1626084000353]]], [[[-64.62160200012944, 64.13553729989924], [-64.62160200012944, 64.13553729989924]]], [[[-64.65148189965376, 64.1325381001154], [-64.65148189965376, 64.1325381001154]]], [[[-73.70523530005019, 64.13266660008453], [-73.70523530005019, 64.13266660008453]]], [[[-73.37317690006483, 64.13153950003576], [-73.37317690006483, 64.13153950003576]]], [[[-76.51957319961711, 64.138557699858], [-76.51957319961711, 64.138557699858]]], [[[-73.26346209978173, 64.14135100011617], [-73.26346209978173, 64.14135100011617]]], [[[-73.85837730041793, 64.13567089991643], [-73.85837730041793, 64.13567089991643]]], [[[-73.82802500024191, 64.14516292443497], [-73.82802500024191, 64.14516292443497]]], [[[-73.2194998999448, 64.14608780013909], [-73.2194998999448, 64.14608780013909]]], [[[-74.00611770043953, 64.15257780010302], [-74.00611770043953, 64.15257780010302]]], [[[-73.54953639973643, 64.15488270018155], [-73.54953639973643, 64.15488270018155]]], [[[-64.50000000030411, 64.15758000001996], [-64.50000000030411, 64.15758000001996]]], [[[-72.93568739977202, 64.15305789993616], [-72.93568739977202, 64.15305789993616]]], [[[-64.7983727000291, 64.15844040002133], [-64.7983727000291, 64.15844040002133]]], [[[-73.6980486996238, 64.170738900087], [-73.6980486996238, 64.170738900087]]], [[[-73.62602110011844, 64.1789644999072], [-73.62602110011844, 64.1789644999072]]], [[[-64.6469364000616, 64.18315700001645], [-64.6469364000616, 64.18315700001645]]], [[[-76.6405249997381, 64.18466127464318], [-76.6405249997381, 64.18466127464318]]], [[[-73.7278772999555, 64.1761700999379], [-73.7278772999555, 64.1761700999379]]], [[[-73.70552690037795, 64.18739340010461], [-73.70552690037795, 64.18739340010461]]], [[[-73.01421190017808, 64.17912030011048], [-73.01421190017808, 64.17912030011048]]], [[[-73.67842279957314, 64.18313960014054], [-73.67842279957314, 64.18313960014054]]], [[[-76.74065929985542, 64.18350800002356], [-76.74065929985542, 64.18350800002356]]], [[[-73.55813199960113, 64.18839319997898], [-73.55813199960113, 64.18839319997898]]], [[[-76.70839729996297, 64.18693479980811], [-76.70839729996297, 64.18693479980811]]], [[[-76.78199180027572, 64.18713379985593], [-76.78199180027572, 64.18713379985593]]], [[[-73.65224374971194, 64.1741898258073], [-73.65224374971194, 64.1741898258073]]], [[[-64.68739999963344, 64.31205131049433], [-64.68739999963344, 64.31205131049433]]], [[[-75.75072999983153, 64.28284990011883], [-75.75072999983153, 64.28284990011883]]], [[[-75.78384989980349, 64.28829989995481], [-75.78384989980349, 64.28829989995481]]], [[[-64.771408999615, 64.28606289983756], [-64.771408999615, 64.28606289983756]]], [[[-65.11691089982962, 64.28971760015607], [-65.11691089982962, 64.28971760015607]]], [[[-73.95333910023098, 64.30509929982243], [-73.95333910023098, 64.30509929982243]]], [[[-76.21191000015455, 64.28807009984835], [-76.21191000015455, 64.28807009984835]]], [[[-73.5876992997796, 64.30132419984312], [-73.5876992997796, 64.30132419984312]]], [[[-73.47666250009684, 64.29264308935753], [-73.47666250009684, 64.29264308935753]]], [[[-64.76118290001746, 64.3094706001819], [-64.76118290001746, 64.3094706001819]]], [[[-75.23427499999, 64.30750000016329], [-75.23427499999, 64.30750000016329]]], [[[-75.77170140010801, 64.3039962001223], [-75.77170140010801, 64.3039962001223]]], [[[-64.76765829974184, 64.3314071000234], [-64.76765829974184, 64.3314071000234]]], [[[-75.30924999979035, 64.33174999987034], [-75.30924999979035, 64.33174999987034]]], [[[-64.91955999979005, 64.31507639987846], [-64.91955999979005, 64.31507639987846]]], [[[-73.98915950033867, 64.30399709985149], [-73.98915950033867, 64.30399709985149]]], [[[-73.95953259963605, 64.31042940014274], [-73.95953259963605, 64.31042940014274]]], [[[-73.39612930024015, 64.31277090011176], [-73.39612930024015, 64.31277090011176]]], [[[-73.42114310043054, 64.32368459989564], [-73.42114310043054, 64.32368459989564]]], [[[-73.96854539957653, 64.31814230007429], [-73.96854539957653, 64.31814230007429]]], [[[-75.24450000004965, 64.30774999984848], [-75.24450000004965, 64.30774999984848]]], [[[-75.99547220001456, 64.31969980007909], [-75.99547220001456, 64.31969980007909]]], [[[-75.97101999959034, 64.31992000016903], [-75.97101999959034, 64.31992000016903]]], [[[-76.20853990029758, 64.33221990005255], [-76.20853990029758, 64.33221990005255]]], [[[-75.33024999973054, 64.34025000011158], [-75.33024999973054, 64.34025000011158]]], [[[-76.17293010032678, 64.34095000012071], [-76.17293010032678, 64.34095000012071]]], [[[-76.1328298998301, 64.34125999984201], [-76.1328298998301, 64.34125999984201]]], [[[-81.68675989981675, 64.34940000014109], [-81.68675989981675, 64.34940000014109]]], [[[-77.50520999976882, 64.34622990000733], [-77.50520999976882, 64.34622990000733]]], [[[-64.74785920001281, 64.34975790012197], [-64.74785920001281, 64.34975790012197]]], [[[-75.68900000043043, 64.33603749987918], [-75.68900000043043, 64.33603749987918]]], [[[-64.90832268284686, 64.33603749987918], [-64.90832268284686, 64.33603749987918]]], [[[-73.45177751202996, 64.33583750002606], [-73.45177751202996, 64.33583750002606]]], [[[-73.52797510006738, 64.34564169980924], [-73.52797510006738, 64.34564169980924]]], [[[-73.86050760031698, 64.34056820007969], [-73.86050760031698, 64.34056820007969]]], [[[-76.2889624995765, 64.32856742085868], [-76.2889624995765, 64.32856742085868]]], [[[-74.85834790041574, 64.35415649982842], [-74.85834790041574, 64.35415649982842]]], [[[-75.82092199985166, 64.35778040002442], [-75.82092199985166, 64.35778040002442]]], [[[-75.7960720999798, 64.35874780011953], [-75.7960720999798, 64.35874780011953]]], [[[-75.07779840028701, 64.36329829981285], [-75.07779840028701, 64.36329829981285]]], [[[-75.76161874978327, 64.36489127597784], [-75.76161874978327, 64.36489127597784]]], [[[-75.45774999994485, 64.36549999986785], [-75.45774999994485, 64.36549999986785]]], [[[-64.76419119980048, 64.36121760006043], [-64.76419119980048, 64.36121760006043]]], [[[-75.09676610023743, 64.36483770009193], [-75.09676610023743, 64.36483770009193]]], [[[-75.84573010021504, 64.36711989986352], [-75.84573010021504, 64.36711989986352]]], [[[-75.67291339971713, 64.36933309994494], [-75.67291339971713, 64.36933309994494]]], [[[-77.91965990042168, 64.40177999982343], [-77.91965990042168, 64.40177999982343]]], [[[-73.6837082001423, 64.40492629982568], [-73.6837082001423, 64.40492629982568]]], [[[-73.79433459999596, 64.41088599981049], [-73.79433459999596, 64.41088599981049]]], [[[-73.75417919982168, 64.41873300001146], [-73.75417919982168, 64.41873300001146]]], [[[-73.84952050011302, 64.41203900000316], [-73.84952050011302, 64.41203900000316]]], [[[-75.70817000008452, 64.41349990014439], [-75.70817000008452, 64.41349990014439]]], [[[-73.48963060019963, 64.38996650013404], [-73.48963060019963, 64.38996650013404]]], [[[-77.92755989972758, 64.38702990009712], [-77.92755989972758, 64.38702990009712]]], [[[-74.8827124998284, 64.38455072614157], [-74.8827124998284, 64.38455072614157]]], [[[-73.50948949987881, 64.38603960000498], [-73.50948949987881, 64.38603960000498]]], [[[-75.95153000026912, 64.38705999993435], [-75.95153000026912, 64.38705999993435]]], [[[-74.78505999960105, 64.39587000016887], [-74.78505999960105, 64.39587000016887]]], [[[-73.80085210016445, 64.39470039988015], [-73.80085210016445, 64.39470039988015]]], [[[-74.92158999979861, 64.40136989996002], [-74.92158999979861, 64.40136989996002]]], [[[-75.5799231001188, 64.39615449984863], [-75.5799231001188, 64.39615449984863]]], [[[-65.09837019967647, 64.3750793001376], [-65.09837019967647, 64.3750793001376]]], [[[-81.69486010036182, 64.36650000002889], [-81.69486010036182, 64.36650000002889]]], [[[-64.75143029971122, 64.36954869990805], [-64.75143029971122, 64.36954869990805]]], [[[-64.8345517004117, 64.37434460012705], [-64.8345517004117, 64.37434460012705]]], [[[-73.81251949992296, 64.37225710015554], [-73.81251949992296, 64.37225710015554]]], [[[-74.7526501001819, 64.38610000012807], [-74.7526501001819, 64.38610000012807]]], [[[-74.85998020037242, 64.38071709991104], [-74.85998020037242, 64.38071709991104]]], [[[-73.79169780029531, 64.38381869990474], [-73.79169780029531, 64.38381869990474]]], [[[-75.14855179974897, 64.39333720018519], [-75.14855179974897, 64.39333720018519]]], [[[-65.09107889970541, 64.25798589999754], [-65.09107889970541, 64.25798589999754]]], [[[-77.23191990040522, 64.25905009998726], [-77.23191990040522, 64.25905009998726]]], [[[-64.8206049001799, 64.26252440015222], [-64.8206049001799, 64.26252440015222]]], [[[-73.86672590041042, 64.26396870014293], [-73.86672590041042, 64.26396870014293]]], [[[-73.94271780029891, 64.26770160004835], [-73.94271780029891, 64.26770160004835]]], [[[-75.21993780002056, 64.2724853998837], [-75.21993780002056, 64.2724853998837]]], [[[-77.15544999976751, 64.2668499001836], [-77.15544999976751, 64.2668499001836]]], [[[-74.19429820010515, 64.27174669999188], [-74.19429820010515, 64.27174669999188]]], [[[-73.11125880025834, 64.24386050001965], [-73.11125880025834, 64.24386050001965]]], [[[-64.65464939976975, 64.2500000001487], [-64.65464939976975, 64.2500000001487]]], [[[-73.8026522997393, 64.25691280013866], [-73.8026522997393, 64.25691280013866]]], [[[-77.1826523996206, 64.25407810012273], [-77.1826523996206, 64.25407810012273]]], [[[-76.40173010038518, 64.25760009988919], [-76.40173010038518, 64.25760009988919]]], [[[-73.5629169999295, 64.26217299982854], [-73.5629169999295, 64.26217299982854]]], [[[-76.5405442001433, 64.26028389996453], [-76.5405442001433, 64.26028389996453]]], [[[-64.89841090017396, 64.18145550004101], [-64.89841090017396, 64.18145550004101]]], [[[-64.67614009994232, 64.19133030013683], [-64.67614009994232, 64.19133030013683]]], [[[-73.74144540010792, 64.18428740010965], [-73.74144540010792, 64.18428740010965]]], [[[-73.65244374972848, 64.18127063694739], [-73.65244374972848, 64.18127063694739]]], [[[-73.17525570007555, 64.18765040010857], [-73.17525570007555, 64.18765040010857]]], [[[-64.94766770022689, 64.1755248000064], [-64.94766770022689, 64.1755248000064]]], [[[-73.1248999999187, 64.1538173582834], [-73.1248999999187, 64.1538173582834]]], [[[-65.03916249981158, 64.16253361936167], [-65.03916249981158, 64.16253361936167]]], [[[-73.30088124956687, 64.13318010465387], [-73.30088124956687, 64.13318010465387]]], [[[-74.02933730000454, 64.20058209999698], [-74.02933730000454, 64.20058209999698]]], [[[-76.63285939963592, 64.19605110019393], [-76.63285939963592, 64.19605110019393]]], [[[-73.55944950023786, 64.20630760009111], [-73.55944950023786, 64.20630760009111]]], [[[-73.52220169960157, 64.20169450000989], [-73.52220169960157, 64.20169450000989]]], [[[-73.82822500025844, 64.19954350688332], [-73.82822500025844, 64.19954350688332]]], [[[-73.87841749988438, 64.20104259988827], [-73.87841749988438, 64.20104259988827]]], [[[-73.74431599983599, 64.20671239985279], [-73.74431599983599, 64.20671239985279]]], [[[-64.82409559976207, 64.20498230005971], [-64.82409559976207, 64.20498230005971]]], [[[-73.51855929972074, 64.21163069983865], [-73.51855929972074, 64.21163069983865]]], [[[-73.76623659956753, 64.21224090006771], [-73.76623659956753, 64.21224090006771]]], [[[-64.85574089992376, 64.2074406999504], [-64.85574089992376, 64.2074406999504]]], [[[-73.60308509958693, 64.20575139993215], [-73.60308509958693, 64.20575139993215]]], [[[-73.23049779969512, 64.21154589990265], [-73.23049779969512, 64.21154589990265]]], [[[-81.43020000005008, 64.2250598999395], [-81.43020000005008, 64.2250598999395]]], [[[-76.5000000001309, 64.22544999980802], [-76.5000000001309, 64.22544999980802]]], [[[-73.64859299999054, 64.21404079986563], [-73.64859299999054, 64.21404079986563]]], [[[-73.82822500025844, 64.2108411426764], [-73.82822500025844, 64.2108411426764]]], [[[-73.47653149967726, 64.19840199980904], [-73.47653149967726, 64.19840199980904]]], [[[-73.6218860003554, 64.21784769983287], [-73.6218860003554, 64.21784769983287]]], [[[-64.60004330018482, 64.23860896062726], [-64.60004330018482, 64.23860896062726]]], [[[-64.78473504961244, 64.2333699454328], [-64.78473504961244, 64.2333699454328]]], [[[-73.32366370016852, 64.21170409993108], [-73.32366370016852, 64.21170409993108]]], [[[-73.5552991003689, 64.22542069993644], [-73.5552991003689, 64.22542069993644]]], [[[-74.04726480026329, 64.2243358999072], [-74.04726480026329, 64.2243358999072]]], [[[-73.8024898996073, 64.22383390002732], [-73.8024898996073, 64.22383390002732]]], [[[-74.10215639971686, 64.22187969988573], [-74.10215639971686, 64.22187969988573]]], [[[-73.83955830039314, 64.2232571000242], [-73.83955830039314, 64.2232571000242]]], [[[-73.8794822999401, 64.22244410009316], [-73.8794822999401, 64.22244410009316]]], [[[-73.54212609993968, 64.22432219982785], [-73.54212609993968, 64.22432219982785]]], [[[-76.82405000020673, 64.22121000012815], [-76.82405000020673, 64.22121000012815]]], [[[-73.72184450017161, 64.22936540016063], [-73.72184450017161, 64.22936540016063]]], [[[-64.68759999964999, 64.2428109283329], [-64.68759999964999, 64.2428109283329]]], [[[-74.02028310030585, 64.22777640003211], [-74.02028310030585, 64.22777640003211]]], [[[-73.78638500021165, 64.23011089980953], [-73.78638500021165, 64.23011089980953]]], [[[-73.82822500025844, 64.22077094605481], [-73.82822500025844, 64.22077094605481]]], [[[-73.86802009964698, 64.23507809994196], [-73.86802009964698, 64.23507809994196]]], [[[-73.65224374971194, 64.24306936809369], [-73.65224374971194, 64.24306936809369]]], [[[-65.11121820041568, 64.23387589996179], [-65.11121820041568, 64.23387589996179]]], [[[-73.32524250006017, 64.24284629983339], [-73.32524250006017, 64.24284629983339]]], [[[-73.37193279987164, 64.23607359991145], [-73.37193279987164, 64.23607359991145]]], [[[-76.64072499975465, 64.22584081067144], [-76.64072499975465, 64.22584081067144]]], [[[-73.70617420032053, 64.2343015000785], [-73.70617420032053, 64.2343015000785]]], [[[-73.70517670024927, 64.2487697999307], [-73.70517670024927, 64.2487697999307]]], [[[-74.03329309963013, 64.26074490011995], [-74.03329309963013, 64.26074490011995]]], [[[-73.15215320039941, 64.24174939987225], [-73.15215320039941, 64.24174939987225]]], [[[-73.82822500025844, 64.2452955635798], [-73.82822500025844, 64.2452955635798]]], [[[-64.5739136001721, 64.27186120008317], [-64.5739136001721, 64.27186120008317]]], [[[-64.68756239976544, 64.27840329998662], [-64.68756239976544, 64.27840329998662]]], [[[-64.54451500001069, 64.29224249991333], [-64.54451500001069, 64.29224249991333]]], [[[-73.95115829974156, 64.27343280001068], [-73.95115829974156, 64.27343280001068]]], [[[-75.68914000017251, 64.26780000010409], [-75.68914000017251, 64.26780000010409]]], [[[-76.70662799973894, 64.2744848001922], [-76.70662799973894, 64.2744848001922]]], [[[-73.82822500025844, 64.26684988417205], [-73.82822500025844, 64.26684988417205]]], [[[-73.47646250008029, 64.25412585898651], [-73.47646250008029, 64.25412585898651]]], [[[-73.65224374971194, 64.28505535571577], [-73.65224374971194, 64.28505535571577]]], [[[-73.61482880044906, 64.28039709986324], [-73.61482880044906, 64.28039709986324]]], [[[-65.03896249979505, 64.34151288655244], [-65.03896249979505, 64.34151288655244]]], [[[-73.82815687741719, 64.33433930768396], [-73.82815687741719, 64.33433930768396]]], [[[-73.88361079978074, 64.42043209996709], [-73.88361079978074, 64.42043209996709]]], [[[-75.61650009998633, 64.41339999980575], [-75.61650009998633, 64.41339999980575]]], [[[-75.159578099737, 64.40866750001372], [-75.159578099737, 64.40866750001372]]], [[[-75.55586999961574, 64.42821000018695], [-75.55586999961574, 64.42821000018695]]], [[[-74.20543180026058, 64.4265945999993], [-74.20543180026058, 64.4265945999993]]], [[[-74.41483399958695, 64.42600689985858], [-74.41483399958695, 64.42600689985858]]], [[[-75.09369000010832, 64.4220799999161], [-75.09369000010832, 64.4220799999161]]], [[[-74.17958750040351, 64.45242437526856], [-74.17958750040351, 64.45242437526856]]], [[[-63.98430160022242, 63.70190090004372], [-63.98430160022242, 63.70190090004372]]], [[[-92.58786999969627, 63.78828000008619], [-92.58786999969627, 63.78828000008619]]], [[[-73.15818880023204, 63.81771629987221], [-73.15818880023204, 63.81771629987221]]], [[[-93.37601999997729, 63.82480990009757], [-93.37601999997729, 63.82480990009757]]], [[[-72.77353749977364, 63.8249973607428], [-72.77353749977364, 63.8249973607428]]], [[[-92.76393989958828, 63.826520000137315], [-92.76393989958828, 63.826520000137315]]], [[[-72.63980830020655, 63.8289271001753], [-72.63980830020655, 63.8289271001753]]], [[[-72.75356780009068, 63.82651810006366], [-72.75356780009068, 63.82651810006366]]], [[[-72.82297839966259, 63.82796490009801], [-72.82297839966259, 63.82796490009801]]], [[[-72.70275000026348, 63.84600000004829], [-72.70275000026348, 63.84600000004829]]], [[[-72.9617419997287, 63.75975330017465], [-72.9617419997287, 63.75975330017465]]], [[[-92.0328100999457, 63.767459999912724], [-92.0328100999457, 63.767459999912724]]], [[[-64.17161930039698, 63.78564469991965], [-64.17161930039698, 63.78564469991965]]], [[[-64.37091219997734, 63.76785860016263], [-64.37091219997734, 63.76785860016263]]], [[[-65.22948110034618, 63.779075099838195], [-65.22948110034618, 63.779075099838195]]], [[[-72.33388437477966, 63.77882963333172], [-72.33388437477966, 63.77882963333172]]], [[[-64.44737049977147, 63.78907929987329], [-64.44737049977147, 63.78907929987329]]], [[[-72.59755625012544, 63.786784328019685], [-72.59755625012544, 63.786784328019685]]], [[[-64.49867839975643, 63.78809149982728], [-64.49867839975643, 63.78809149982728]]], [[[-72.65684610002475, 63.78429399993023], [-72.65684610002475, 63.78429399993023]]], [[[-64.46377159976743, 63.800253800134186], [-64.46377159976743, 63.800253800134186]]], [[[-72.77353749977364, 63.801747007659706], [-72.77353749977364, 63.801747007659706]]], [[[-72.47378839957368, 63.79988720010999], [-72.47378839957368, 63.79988720010999]]], [[[-72.81010240023261, 63.81472029981136], [-72.81010240023261, 63.81472029981136]]], [[[-64.13671260012097, 63.80429749998736], [-64.13671260012097, 63.80429749998736]]], [[[-72.65086903890762, 63.80869374993673], [-72.65086903890762, 63.80869374993673]]], [[[-72.77353749977364, 63.818019297206504], [-72.77353749977364, 63.818019297206504]]], [[[-93.72994989957739, 63.98612989995582], [-93.72994989957739, 63.98612989995582]]], [[[-93.38690000033812, 63.98463999996399], [-93.38690000033812, 63.98463999996399]]], [[[-73.42064559995147, 63.96911410009554], [-73.42064559995147, 63.96911410009554]]], [[[-93.66603999979883, 63.967899900178274], [-93.66603999979883, 63.967899900178274]]], [[[-64.36485039988115, 63.984366900086926], [-64.36485039988115, 63.984366900086926]]], [[[-77.56032989976364, 63.95425000014819], [-77.56032989976364, 63.95425000014819]]], [[[-93.6806600999125, 63.94635000017507], [-93.6806600999125, 63.94635000017507]]], [[[-93.6945800998061, 63.9455099998369], [-93.6945800998061, 63.9455099998369]]], [[[-93.64238000026747, 63.95137999994801], [-93.64238000026747, 63.95137999994801]]], [[[-89.48949999959886, 63.95475000013213], [-89.48949999959886, 63.95475000013213]]], [[[-72.94911875028706, 63.96042421858338], [-72.94911875028706, 63.96042421858338]]], [[[-77.61190009972674, 63.933109900148295], [-77.61190009972674, 63.933109900148295]]], [[[-77.61077009994771, 63.93337999989738], [-77.61077009994771, 63.93337999989738]]], [[[-93.65738999975716, 63.92202999984742], [-93.65738999975716, 63.92202999984742]]], [[[-77.78839390022829, 63.92976859987352], [-77.78839390022829, 63.92976859987352]]], [[[-93.2228400996877, 63.93305999999482], [-93.2228400996877, 63.93305999999482]]], [[[-77.6200499995649, 63.939360000160825], [-77.6200499995649, 63.939360000160825]]], [[[-93.45118999977129, 63.92691000019382], [-93.45118999977129, 63.92691000019382]]], [[[-93.51552500030861, 63.93383034070834], [-93.51552500030861, 63.93383034070834]]], [[[-64.59806700027156, 64.09366799984693], [-64.59806700027156, 64.09366799984693]]], [[[-73.78533819969927, 64.11645280008051], [-73.78533819969927, 64.11645280008051]]], [[[-64.78907609983246, 64.10561089994012], [-64.78907609983246, 64.10561089994012]]], [[[-64.67513379997452, 64.11053930010236], [-64.67513379997452, 64.11053930010236]]], [[[-93.60788989999267, 64.07774990016397], [-93.60788989999267, 64.07774990016397]]], [[[-73.00576900043696, 64.0854211999122], [-73.00576900043696, 64.0854211999122]]], [[[-73.31978280027472, 64.08087109990313], [-73.31978280027472, 64.08087109990313]]], [[[-72.96678610023615, 64.07127490012391], [-72.96678610023615, 64.07127490012391]]], [[[-73.03634259968491, 64.08369729994425], [-73.03634259968491, 64.08369729994425]]], [[[-73.12509999993523, 64.08618710677396], [-73.12509999993523, 64.08618710677396]]], [[[-73.41485869960357, 64.08913480002062], [-73.41485869960357, 64.08913480002062]]], [[[-73.65224374971194, 64.0869859691237], [-73.65224374971194, 64.0869859691237]]], [[[-73.65224374971194, 64.10208531888699], [-73.65224374971194, 64.10208531888699]]], [[[-73.18545169982288, 64.0985497000462], [-73.18545169982288, 64.0985497000462]]], [[[-73.18465370030484, 64.10499799984896], [-73.18465370030484, 64.10499799984896]]], [[[-86.21110999979433, 64.10807990000049], [-86.21110999979433, 64.10807990000049]]], [[[-73.55199689967269, 64.10931310007888], [-73.55199689967269, 64.10931310007888]]], [[[-73.7558549000847, 64.12088340019228], [-73.7558549000847, 64.12088340019228]]], [[[-73.0644603998805, 64.04744359997474], [-73.0644603998805, 64.04744359997474]]], [[[-73.59229039965221, 64.04946239986951], [-73.59229039965221, 64.04946239986951]]], [[[-73.45071240025884, 64.05023180010629], [-73.45071240025884, 64.05023180010629]]], [[[-73.1565954000221, 64.05063379993406], [-73.1565954000221, 64.05063379993406]]], [[[-89.8494999997284, 64.052749999841], [-89.8494999997284, 64.052749999841]]], [[[-73.51223370035818, 64.05586260004378], [-73.51223370035818, 64.05586260004378]]], [[[-89.8465000003786, 64.05225000012601], [-89.8465000003786, 64.05225000012601]]], [[[-73.17740440016658, 64.05786259993671], [-73.17740440016658, 64.05786259993671]]], [[[-72.97154060006568, 64.05495250009058], [-72.97154060006568, 64.05495250009058]]], [[[-73.30002369983036, 64.06531809989796], [-73.30002369983036, 64.06531809989796]]], [[[-73.15151589960425, 64.06319750017289], [-73.15151589960425, 64.06319750017289]]], [[[-73.32563729974606, 64.06023370003479], [-73.32563729974606, 64.06023370003479]]], [[[-73.1684654004199, 64.06559140017164], [-73.1684654004199, 64.06559140017164]]], [[[-73.40865909973941, 64.07293769993716], [-73.40865909973941, 64.07293769993716]]], [[[-73.30088124956687, 64.08950663847665], [-73.30088124956687, 64.08950663847665]]], [[[-65.03916249981158, 64.0875227775572], [-65.03916249981158, 64.0875227775572]]], [[[-72.8492250001382, 63.984475000181035], [-72.8492250001382, 63.984475000181035]]], [[[-77.5635941996397, 63.98438890006812], [-77.5635941996397, 63.98438890006812]]], [[[-78.04677500038453, 64.01549999997296], [-78.04677500038453, 64.01549999997296]]], [[[-77.95681824502535, 63.98439104392421], [-77.64813329996201, 63.948690899916336], [-77.9397401000711, 64.01948989991467], [-77.95681824502535, 63.98439104392421]]], [[[-72.8709511999507, 64.00471470003988], [-72.8709511999507, 64.00471470003988]]], [[[-64.28084609988515, 64.00000000018635], [-64.28084609988515, 64.00000000018635]]], [[[-64.37948550006342, 64.01139180011519], [-64.37948550006342, 64.01139180011519]]], [[[-64.42361049978268, 64.00827319999391], [-64.42361049978268, 64.00827319999391]]], [[[-83.19872519987874, 64.00039049988952], [-83.19872519987874, 64.00039049988952]]], [[[-64.8409162004193, 64.00685399980574], [-64.8409162004193, 64.00685399980574]]], [[[-93.46471999967757, 64.00705000000275], [-93.46471999967757, 64.00705000000275]]], [[[-77.96749999977939, 64.0142500001579], [-77.96749999977939, 64.0142500001579]]], [[[-72.87413840012087, 64.02000429985748], [-72.87413840012087, 64.02000429985748]]], [[[-77.98250000012166, 64.02025000017211], [-77.98250000012166, 64.02025000017211]]], [[[-64.2570463000377, 64.02714830012555], [-64.2570463000377, 64.02714830012555]]], [[[-64.36171639973874, 64.01867709997612], [-64.36171639973874, 64.01867709997612]]], [[[-73.58703449975697, 64.02355739999325], [-73.58703449975697, 64.02355739999325]]], [[[-72.9647197001982, 64.02011190010202], [-72.9647197001982, 64.02011190010202]]], [[[-81.78702009971944, 64.0271400998622], [-81.78702009971944, 64.0271400998622]]], [[[-93.515548638577, 64.0279656376464], [-93.515548638577, 64.0279656376464]]], [[[-64.85160580016073, 64.0354570001031], [-64.85160580016073, 64.0354570001031]]], [[[-73.0752954000355, 64.03793579986201], [-73.0752954000355, 64.03793579986201]]], [[[-64.83050669987503, 64.03975890017804], [-64.83050669987503, 64.03975890017804]]], [[[-77.69857000030972, 64.04182990010793], [-77.69857000030972, 64.04182990010793]]], [[[-77.55929000010927, 64.03846010000987], [-77.55929000010927, 64.03846010000987]]], [[[-72.90434499984603, 64.04447110009698], [-72.90434499984603, 64.04447110009698]]], [[[-72.94996690005244, 64.0445225000003], [-72.94996690005244, 64.0445225000003]]], [[[-73.60792420005498, 64.04898190004631], [-73.60792420005498, 64.04898190004631]]], [[[-73.01971030028429, 64.04108090017411], [-73.01971030028429, 64.04108090017411]]], [[[-73.12509999993523, 64.0487336396933], [-73.12509999993523, 64.0487336396933]]], [[[-93.46803999959282, 63.857159899911046], [-93.46803999959282, 63.857159899911046]]], [[[-72.76374999991862, 63.8529999998823], [-72.76374999991862, 63.8529999998823]]], [[[-64.27505110032665, 63.86278700004292], [-64.27505110032665, 63.86278700004292]]], [[[-72.69468810028886, 63.86718150017372], [-72.69468810028886, 63.86718150017372]]], [[[-72.87074999978495, 63.86675000003189], [-72.87074999978495, 63.86675000003189]]], [[[-72.85942609962139, 63.85153809993654], [-72.85942609962139, 63.85153809993654]]], [[[-72.687250000329, 63.85174999991119], [-72.687250000329, 63.85174999991119]]], [[[-64.55004829966569, 63.85020310007219], [-64.55004829966569, 63.85020310007219]]], [[[-92.81260000000195, 63.85572575284397], [-92.81260000000195, 63.85572575284397]]], [[[-64.3360375003867, 63.81691015336362], [-64.3360375003867, 63.81691015336362]]], [[[-93.47282999994407, 63.866089999973745], [-93.47282999994407, 63.866089999973745]]], [[[-92.91785999999387, 63.86659009986809], [-92.91785999999387, 63.86659009986809]]], [[[-72.8878333001706, 63.871389799852906], [-72.8878333001706, 63.871389799852906]]], [[[-93.08605000038446, 63.872210000103856], [-93.08605000038446, 63.872210000103856]]], [[[-64.27304050004088, 63.877963600126556], [-64.27304050004088, 63.877963600126556]]], [[[-72.77353749977364, 63.87174990549566], [-72.77353749977364, 63.87174990549566]]], [[[-64.43308619979247, 63.888247800186804], [-64.43308619979247, 63.888247800186804]]], [[[-72.70188999992286, 63.8815211001357], [-72.70188999992286, 63.8815211001357]]], [[[-93.03563010032917, 63.900879999819814], [-93.03563010032917, 63.900879999819814]]], [[[-72.67975000015788, 63.87850000002731], [-72.67975000015788, 63.87850000002731]]], [[[-72.94911875028706, 63.88650000018363], [-72.94911875028706, 63.88650000018363]]], [[[-72.80880609983659, 63.89670400018207], [-72.80880609983659, 63.89670400018207]]], [[[-72.84679819960152, 63.893943699804865], [-72.84679819960152, 63.893943699804865]]], [[[-72.89731039975561, 63.891239900028246], [-72.89731039975561, 63.891239900028246]]], [[[-73.2033006001892, 63.88986630002066], [-73.2033006001892, 63.88986630002066]]], [[[-73.1248999999187, 63.89540580598125], [-73.1248999999187, 63.89540580598125]]], [[[-64.16025624985673, 63.89770164165501], [-64.16025624985673, 63.89770164165501]]], [[[-73.1248999999187, 63.90748022743751], [-73.1248999999187, 63.90748022743751]]], [[[-72.86981949966082, 63.91324649999137], [-72.86981949966082, 63.91324649999137]]], [[[-72.7342499997246, 63.90449999982877], [-72.7342499997246, 63.90449999982877]]], [[[-73.03482919984093, 63.911645200035885], [-73.03482919984093, 63.911645200035885]]], [[[-72.64476740032518, 63.90055740008281], [-72.64476740032518, 63.90055740008281]]], [[[-72.79485639984304, 63.90763960002383], [-72.79485639984304, 63.90763960002383]]], [[[-93.55086000024411, 63.91197990004104], [-93.55086000024411, 63.91197990004104]]], [[[-93.16416250016354, 63.923809999993765], [-93.16416250016354, 63.923809999993765]]], [[[-72.5679666995757, 63.71462410010313], [-72.5679666995757, 63.71462410010313]]], [[[-68.51612300009612, 63.7188157998249], [-68.51612300009612, 63.7188157998249]]], [[[-68.78982690031053, 63.7197984999089], [-68.78982690031053, 63.7197984999089]]], [[[-72.3635158002964, 63.71614489985211], [-72.3635158002964, 63.71614489985211]]], [[[-72.91596509971157, 63.71432169991469], [-72.91596509971157, 63.71432169991469]]], [[[-72.12974640003631, 63.71602640008339], [-72.12974640003631, 63.71602640008339]]], [[[-68.49897369958822, 63.723627899896265], [-68.49897369958822, 63.723627899896265]]], [[[-72.98248570043685, 63.72013000004857], [-72.98248570043685, 63.72013000004857]]], [[[-72.59755625012544, 63.69951034807927], [-72.59755625012544, 63.69951034807927]]], [[[-91.91601999960159, 63.69295990019611], [-91.91601999960159, 63.69295990019611]]], [[[-68.84808699972153, 63.70145539991375], [-68.84808699972153, 63.70145539991375]]], [[[-92.06851009975418, 63.70118990019758], [-92.06851009975418, 63.70118990019758]]], [[[-64.24988149992662, 63.699624800173176], [-64.24988149992662, 63.699624800173176]]], [[[-73.07787440033415, 63.70070970005718], [-73.07787440033415, 63.70070970005718]]], [[[-72.81516800011977, 63.69696310013822], [-72.81516800011977, 63.69696310013822]]], [[[-68.86535909992878, 63.703977300175985], [-68.86535909992878, 63.703977300175985]]], [[[-72.55419730044282, 63.70031580005288], [-72.55419730044282, 63.70031580005288]]], [[[-64.22122659971761, 63.70649340008091], [-64.22122659971761, 63.70649340008091]]], [[[-73.04441169965654, 63.70089930007508], [-73.04441169965654, 63.70089930007508]]], [[[-68.8623405997757, 63.7128411999437], [-68.8623405997757, 63.7128411999437]]], [[[-72.38407350033339, 63.71229649981137], [-72.38407350033339, 63.71229649981137]]], [[[-72.15512290041256, 63.71051440000938], [-72.15512290041256, 63.71051440000938]]], [[[-72.87997700031, 63.709446600086], [-72.87997700031, 63.709446600086]]], [[[-72.77333749975709, 63.71677265979177], [-72.77333749975709, 63.71677265979177]]], [[[-71.92630100032586, 63.69160350006267], [-71.92630100032586, 63.69160350006267]]], [[[-71.91415980034043, 63.69185560007354], [-71.91415980034043, 63.69185560007354]]], [[[-92.05554000000154, 63.69240989987589], [-92.05554000000154, 63.69240989987589]]], [[[-72.42197499961203, 63.69714041183791], [-72.42197499961203, 63.69714041183791]]], [[[-64.33583750037015, 63.69608102274133], [-64.33583750037015, 63.69608102274133]]], [[[-64.57576549958819, 63.735080499944075], [-64.57576549958819, 63.735080499944075]]], [[[-72.90830240026945, 63.724317899917196], [-72.90830240026945, 63.724317899917196]]], [[[-72.77353749977364, 63.73351991358609], [-72.77353749977364, 63.73351991358609]]], [[[-72.3340843747962, 63.72454464820746], [-72.3340843747962, 63.72454464820746]]], [[[-72.44241420018496, 63.73727380017925], [-72.44241420018496, 63.73727380017925]]], [[[-72.70157389984236, 63.73229929995067], [-72.70157389984236, 63.73229929995067]]], [[[-72.86713160019356, 63.7344612998917], [-72.86713160019356, 63.7344612998917]]], [[[-92.1614500999848, 63.73628010010824], [-92.1614500999848, 63.73628010010824]]], [[[-64.21014799981374, 63.75000020001761], [-64.21014799981374, 63.75000020001761]]], [[[-72.9493187503036, 63.74519175684125], [-72.9493187503036, 63.74519175684125]]], [[[-73.01718950003628, 63.7437679000461], [-73.01718950003628, 63.7437679000461]]], [[[-72.91114250039699, 63.74841120019702], [-72.91114250039699, 63.74841120019702]]], [[[-72.98343880037687, 63.747265099893006], [-72.98343880037687, 63.747265099893006]]], [[[-72.42197499961203, 63.748938098415344], [-72.42197499961203, 63.748938098415344]]], [[[-72.39998850036953, 63.74009769982872], [-72.39998850036953, 63.74009769982872]]], [[[-64.33583750037015, 63.7351248147167], [-64.33583750037015, 63.7351248147167]]], [[[-72.96642710021094, 63.750864200088614], [-72.96642710021094, 63.750864200088614]]], [[[-73.65224374971194, 64.11929525858362], [-73.65224374971194, 64.11929525858362]]], [[[-65.05766840012896, 64.12106839995724], [-65.05766840012896, 64.12106839995724]]], [[[-64.74489389988749, 64.11267299981841], [-64.74489389988749, 64.11267299981841]]], [[[-73.2471754002372, 64.12071770004984], [-73.2471754002372, 64.12071770004984]]], [[[-73.60515209969951, 64.12125620000509], [-73.60515209969951, 64.12125620000509]]], [[[-73.59000940017772, 64.12191750016274], [-73.59000940017772, 64.12191750016274]]], [[[-64.50000000030411, 64.1351400000493], [-64.50000000030411, 64.1351400000493]]], [[[-64.62588429963156, 64.11408489994926], [-64.62588429963156, 64.11408489994926]]], [[[-73.1248999999187, 64.10549322181285], [-73.1248999999187, 64.10549322181285]]], [[[-73.52362289995806, 64.11695050015595], [-73.52362289995806, 64.11695050015595]]], [[[-73.02085060014637, 64.09303859999166], [-73.02085060014637, 64.09303859999166]]], [[[-62.932250000224656, 65.4932499999986], [-62.932250000224656, 65.4932499999986]]], [[[-62.92875000038436, 65.52274999997043], [-62.92875000038436, 65.52274999997043]]], [[[-62.57822499957867, 65.65294499991718], [-62.57822499957867, 65.65294499991718]]], [[[-62.50275000018614, 65.5552499999918], [-62.50275000018614, 65.5552499999918]]], [[[-62.953749999757044, 65.55474999999917], [-62.953749999757044, 65.55474999999917]]], [[[-62.876749999676925, 65.5572500001384], [-62.876749999676925, 65.5572500001384]]], [[[-62.44374999979807, 65.62174999993351], [-62.44374999979807, 65.62174999993351]]], [[[-62.387662500156225, 65.64830833325742], [-62.387662500156225, 65.64830833325742]]], [[[-63.45250000035762, 65.34925000004174], [-63.45250000035762, 65.34925000004174]]], [[[-74.660189900026, 65.3619101001733], [-74.660189900026, 65.3619101001733]]], [[[-75.86385580026649, 65.34036940012729], [-75.86385580026649, 65.34036940012729]]], [[[-66.90041549983447, 65.36613160006], [-66.90041549983447, 65.36613160006]]], [[[-66.9725562502347, 65.37704644716896], [-66.9725562502347, 65.37704644716896]]], [[[-66.97262669971256, 65.34581370008274], [-66.97262669971256, 65.34581370008274]]], [[[-64.76397000044155, 65.38472990015326], [-64.76397000044155, 65.38472990015326]]], [[[-67.02820139966774, 65.39072249988592], [-67.02820139966774, 65.39072249988592]]], [[[-64.83561989969246, 65.4006298999951], [-64.83561989969246, 65.4006298999951]]], [[[-66.95525256795703, 65.39072500018695], [-66.95525256795703, 65.39072500018695]]], [[[-66.86441919971267, 65.39534380018351], [-66.86441919971267, 65.39534380018351]]], [[[-74.8827124998284, 65.39592991114773], [-74.8827124998284, 65.39592991114773]]], [[[-66.85081539961254, 65.39072259988298], [-66.85081539961254, 65.39072259988298]]], [[[-74.47294052661023, 65.39072500018695], [-74.47294052661023, 65.39072500018695]]], [[[-74.49783009967832, 65.39355000017402], [-74.49783009967832, 65.39355000017402]]], [[[-88.43399999988901, 65.4422499998634], [-88.43399999988901, 65.4422499998634]]], [[[-66.9281984000073, 65.432907600084], [-66.9281984000073, 65.432907600084]]], [[[-88.3732499995808, 65.41875000003716], [-88.3732499995808, 65.41875000003716]]], [[[-63.27049999967826, 65.42600000002969], [-63.27049999967826, 65.42600000002969]]], [[[-74.61904062538093, 65.42917620765358], [-74.61904062538093, 65.42917620765358]]], [[[-76.99097009989086, 65.42564989986678], [-76.99097009989086, 65.42564989986678]]], [[[-66.86750129968955, 65.43379850010305], [-66.86750129968955, 65.43379850010305]]], [[[-74.67835000016295, 65.42984010006391], [-74.67835000016295, 65.42984010006391]]], [[[-74.61924062539747, 65.40992316132514], [-74.61924062539747, 65.40992316132514]]], [[[-75.19100510030151, 65.41372809986895], [-75.19100510030151, 65.41372809986895]]], [[[-74.60501010036802, 65.40473990017679], [-74.60501010036802, 65.40473990017679]]], [[[-66.79677499970474, 65.39631964923615], [-66.79677499970474, 65.39631964923615]]], [[[-66.86868230042053, 65.41344029993955], [-66.86868230042053, 65.41344029993955]]], [[[-75.20406500014151, 65.41948559991862], [-75.20406500014151, 65.41948559991862]]], [[[-66.97275625025127, 65.45241059810384], [-66.97275625025127, 65.45241059810384]]], [[[-67.01507150040585, 65.49434160005892], [-67.01507150040585, 65.49434160005892]]], [[[-74.24963000009909, 65.4927701000891], [-74.24963000009909, 65.4927701000891]]], [[[-67.25771430004065, 65.47931230002146], [-67.25771430004065, 65.47931230002146]]], [[[-74.5146756761954, 65.47841562482488], [-74.5146756761954, 65.47841562482488]]], [[[-67.01959229992096, 65.4814046999193], [-67.01959229992096, 65.4814046999193]]], [[[-67.21610210017349, 65.48694460010258], [-67.21610210017349, 65.48694460010258]]], [[[-67.2689744997691, 65.48733900017893], [-67.2689744997691, 65.48733900017893]]], [[[-67.38743560039062, 65.52336869994485], [-67.38743560039062, 65.52336869994485]]], [[[-67.964799899688, 65.51666010000926], [-67.964799899688, 65.51666010000926]]], [[[-67.14833749986636, 65.52778143534742], [-67.14833749986636, 65.52778143534742]]], [[[-74.12847000013964, 65.5345700999711], [-74.12847000013964, 65.5345700999711]]], [[[-67.22679299977715, 65.49999999989387], [-67.22679299977715, 65.49999999989387]]], [[[-67.01942010006753, 65.49999999989387], [-67.01942010006753, 65.49999999989387]]], [[[-67.14838979978221, 65.51174100002221], [-67.14838979978221, 65.51174100002221]]], [[[-73.94741009987985, 65.5047800999143], [-73.94741009987985, 65.5047800999143]]], [[[-67.06064687506708, 65.51212627043576], [-67.06064687506708, 65.51212627043576]]], [[[-67.12314619976235, 65.51193030006428], [-67.12314619976235, 65.51193030006428]]], [[[-86.9435400003179, 65.50663000017461], [-86.9435400003179, 65.50663000017461]]], [[[-77.35346000001927, 65.5073100000652], [-77.35346000001927, 65.5073100000652]]], [[[-67.2092938000762, 65.52014729989139], [-67.2092938000762, 65.52014729989139]]], [[[-63.28134999990189, 65.43759999990914], [-63.28134999990189, 65.43759999990914]]], [[[-66.82066030030263, 65.43974760009402], [-66.82066030030263, 65.43974760009402]]], [[[-74.5434000000062, 65.45430010003768], [-74.5434000000062, 65.45430010003768]]], [[[-66.92938330032494, 65.44962010006944], [-66.92938330032494, 65.44962010006944]]], [[[-66.99999999955685, 65.45427270012662], [-66.99999999955685, 65.45427270012662]]], [[[-66.84847999996109, 65.44173629986278], [-66.84847999996109, 65.44173629986278]]], [[[-66.90873760042439, 65.43275190007733], [-66.90873760042439, 65.43275190007733]]], [[[-88.42150000020267, 65.48224999989067], [-88.42150000020267, 65.48224999989067]]], [[[-66.97262669971256, 65.46447960005075], [-66.97262669971256, 65.46447960005075]]], [[[-76.50895110018445, 65.46640950011309], [-76.50895110018445, 65.46640950011309]]], [[[-66.939293100416, 65.472494500107], [-66.939293100416, 65.472494500107]]], [[[-73.93205580039626, 65.46522040016386], [-73.93205580039626, 65.46522040016386]]], [[[-67.61001420026953, 65.7881713999123], [-67.61001420026953, 65.7881713999123]]], [[[-67.43749169982381, 65.79361379998278], [-67.43749169982381, 65.79361379998278]]], [[[-65.83003210020793, 65.80013889981811], [-65.83003210020793, 65.80013889981811]]], [[[-67.32414886821286, 65.79336468389411], [-67.32414886821286, 65.79336468389411]]], [[[-67.26662289989979, 65.76938349985242], [-67.26662289989979, 65.76938349985242]]], [[[-67.7467841997683, 65.76798940001004], [-67.7467841997683, 65.76798940001004]]], [[[-67.37177999967254, 65.76868730001331], [-67.37177999967254, 65.76868730001331]]], [[[-67.41220937522868, 65.7704404466625], [-67.41220937522868, 65.7704404466625]]], [[[-67.23642812469872, 65.77066677220368], [-67.23642812469872, 65.77066677220368]]], [[[-67.3749105996916, 65.78474829999854], [-67.3749105996916, 65.78474829999854]]], [[[-67.41200937521215, 65.78528351062099], [-67.41200937521215, 65.78528351062099]]], [[[-84.13600000015391, 65.78825000011916], [-84.13600000015391, 65.78825000011916]]], [[[-67.48276469976376, 65.7856910998668], [-67.48276469976376, 65.7856910998668]]], [[[-67.51493019993346, 65.77953470011511], [-67.51493019993346, 65.77953470011511]]], [[[-83.44123570013008, 65.786704500005], [-83.44123570013008, 65.786704500005]]], [[[-67.49990000002796, 65.79494407289853], [-67.49990000002796, 65.79494407289853]]], [[[-67.45366480021414, 65.78881900011568], [-67.45366480021414, 65.78881900011568]]], [[[-67.99999999961729, 65.79141800000426], [-67.99999999961729, 65.79141800000426]]], [[[-67.30013737408049, 65.7422875001434], [-67.30013737408049, 65.7422875001434]]], [[[-67.54089771271491, 65.7422875001434], [-67.54089771271491, 65.7422875001434]]], [[[-67.78840000008313, 65.7499999998364], [-67.78840000008313, 65.7499999998364]]], [[[-67.23642812469872, 65.69359535344653], [-67.23642812469872, 65.69359535344653]]], [[[-85.00054000041968, 65.68748999994678], [-85.00054000041968, 65.68748999994678]]], [[[-67.37802709975398, 65.69215840006792], [-67.37802709975398, 65.69215840006792]]], [[[-86.4770399999142, 65.69803999984097], [-86.4770399999142, 65.69803999984097]]], [[[-65.77149009957928, 65.71673000003776], [-65.77149009957928, 65.71673000003776]]], [[[-67.60959410043196, 65.69864759997157], [-67.60959410043196, 65.69864759997157]]], [[[-67.27531290012442, 65.69683959990573], [-67.27531290012442, 65.69683959990573]]], [[[-67.26044100043998, 65.70344269999747], [-67.26044100043998, 65.70344269999747]]], [[[-67.21544219956242, 65.70078570000032], [-67.21544219956242, 65.70078570000032]]], [[[-67.32431875041287, 65.70798518067093], [-67.32431875041287, 65.70798518067093]]], [[[-85.09174990021032, 65.70463999992987], [-85.09174990021032, 65.70463999992987]]], [[[-83.93725000011047, 65.7087499999341], [-83.93725000011047, 65.7087499999341]]], [[[-67.75008870015165, 65.70847409995868], [-67.75008870015165, 65.70847409995868]]], [[[-67.77534410044109, 65.7045711999783], [-67.77534410044109, 65.7045711999783]]], [[[-86.46629000014802, 65.7079799998819], [-86.46629000014802, 65.7079799998819]]], [[[-67.95172680000323, 65.70941329988264], [-67.95172680000323, 65.70941329988264]]], [[[-67.82078879987287, 65.71733919989366], [-67.82078879987287, 65.71733919989366]]], [[[-85.07802500002337, 65.71533531761901], [-85.07802500002337, 65.71533531761901]]], [[[-67.76688269989668, 65.71352240017809], [-67.76688269989668, 65.71352240017809]]], [[[-67.68258269966199, 65.71982200001983], [-67.68258269966199, 65.71982200001983]]], [[[-67.47772968751205, 65.71841296649063], [-67.47772968751205, 65.71841296649063]]], [[[-65.85214085027911, 65.7422875001434], [-65.85214085027911, 65.7422875001434]]], [[[-67.45368116751862, 65.7422875001434], [-67.45368116751862, 65.7422875001434]]], [[[-67.32431875041287, 65.7375666042381], [-67.32431875041287, 65.7375666042381]]], [[[-67.60132359997029, 65.74222989993733], [-67.60132359997029, 65.74222989993733]]], [[[-67.66589608183106, 65.7422875001434], [-67.66589608183106, 65.7422875001434]]], [[[-67.57725210017357, 65.7422682998427], [-67.57725210017357, 65.7422682998427]]], [[[-67.35172091672051, 65.7422875001434], [-67.35172091672051, 65.7422875001434]]], [[[-65.87098010012704, 65.75635000005549], [-65.87098010012704, 65.75635000005549]]], [[[-67.83937860014282, 65.75328440013051], [-67.83937860014282, 65.75328440013051]]], [[[-67.50010000004451, 65.75317662279161], [-67.50010000004451, 65.75317662279161]]], [[[-67.28037343710663, 65.7527943733892], [-67.28037343710663, 65.7527943733892]]], [[[-67.34163949978263, 65.75572889998841], [-67.34163949978263, 65.75572889998841]]], [[[-65.82997812493407, 65.7750315392816], [-65.82997812493407, 65.7750315392816]]], [[[-67.596223449979, 65.75521987130455], [-67.596223449979, 65.75521987130455]]], [[[-67.49389859995652, 65.76181930004874], [-67.49389859995652, 65.76181930004874]]], [[[-67.76357187537376, 65.77399315511613], [-67.76357187537376, 65.77399315511613]]], [[[-67.41200937521215, 65.75301181218963], [-67.41200937521215, 65.75301181218963]]], [[[-67.2801734370901, 65.76414800727895], [-67.2801734370901, 65.76414800727895]]], [[[-67.29981410005415, 65.76721570004499], [-67.29981410005415, 65.76721570004499]]], [[[-67.72109709969605, 65.76661240017135], [-67.72109709969605, 65.76661240017135]]], [[[-67.6756812496596, 65.78352010284485], [-67.6756812496596, 65.78352010284485]]], [[[-67.28564400020227, 65.66867710005889], [-67.28564400020227, 65.66867710005889]]], [[[-67.30959080036283, 65.65893249990644], [-67.30959080036283, 65.65893249990644]]], [[[-67.51730019999471, 65.6667601998235], [-67.51730019999471, 65.6667601998235]]], [[[-67.236878166283, 65.65439687481917], [-67.236878166283, 65.65439687481917]]], [[[-67.1485374998829, 65.62412284555823], [-67.1485374998829, 65.62412284555823]]], [[[-83.40224999988052, 65.62475000013002], [-83.40224999988052, 65.62475000013002]]], [[[-73.63096999986702, 65.62947999982364], [-73.63096999986702, 65.62947999982364]]], [[[-63.48275000038909, 65.63974999995985], [-63.48275000038909, 65.63974999995985]]], [[[-83.4492700002659, 65.63592999988053], [-83.4492700002659, 65.63592999988053]]], [[[-83.18470000007883, 65.63912999984792], [-83.18470000007883, 65.63912999984792]]], [[[-83.47050000035983, 65.64224999988006], [-83.47050000035983, 65.64224999988006]]], [[[-73.67567000041984, 65.63897010009413], [-73.67567000041984, 65.63897010009413]]], [[[-73.7108398998876, 65.66677009991857], [-73.7108398998876, 65.66677009991857]]], [[[-83.85400000018718, 65.68474999987447], [-83.85400000018718, 65.68474999987447]]], [[[-65.55031999967538, 65.55376000010929], [-65.55031999967538, 65.55376000010929]]], [[[-67.1197988003326, 65.53794939988462], [-67.1197988003326, 65.53794939988462]]], [[[-67.2760640003981, 65.54134739992257], [-67.2760640003981, 65.54134739992257]]], [[[-67.15134265554589, 65.56650625002872], [-67.15134265554589, 65.56650625002872]]], [[[-67.19571979978898, 65.54698940008284], [-67.19571979978898, 65.54698940008284]]], [[[-62.985250000116466, 65.54200000010233], [-62.985250000116466, 65.54200000010233]]], [[[-67.25220730036223, 65.53894319986887], [-67.25220730036223, 65.53894319986887]]], [[[-84.61075999971362, 65.53951000013184], [-84.61075999971362, 65.53951000013184]]], [[[-67.38789700027337, 65.53236739988652], [-67.38789700027337, 65.53236739988652]]], [[[-63.2657500004083, 65.55349999998268], [-63.2657500004083, 65.55349999998268]]], [[[-65.58453999990044, 65.53758009996838], [-65.58453999990044, 65.53758009996838]]], [[[-65.50465300044843, 65.54412989996254], [-65.50465300044843, 65.54412989996254]]], [[[-63.089750000225195, 65.57150000004037], [-63.089750000225195, 65.57150000004037]]], [[[-67.27768160032348, 65.56634990009417], [-67.27768160032348, 65.56634990009417]]], [[[-67.25101300007347, 65.56648919993383], [-67.25101300007347, 65.56648919993383]]], [[[-63.20374999977215, 65.58899999993596], [-63.20374999977215, 65.58899999993596]]], [[[-83.09900010033964, 65.58625000002611], [-83.09900010033964, 65.58625000002611]]], [[[-67.14833749986636, 65.59242777116249], [-67.14833749986636, 65.59242777116249]]], [[[-67.16452970023626, 65.613268599999], [-67.16452970023626, 65.613268599999]]], [[[-63.16475000013989, 65.60099999982263], [-63.16475000013989, 65.60099999982263]]], [[[-63.09849999982596, 65.60874999982812], [-63.09849999982596, 65.60874999982812]]], [[[-67.20657320013595, 65.60869360015823], [-67.20657320013595, 65.60869360015823]]], [[[-83.3700399998666, 65.61294009999959], [-83.3700399998666, 65.61294009999959]]], [[[-83.43725000008025, 65.61575000009194], [-83.43725000008025, 65.61575000009194]]], [[[-67.23642812469872, 65.63145890130234], [-67.23642812469872, 65.63145890130234]]], [[[-84.51488000040764, 65.63876989987841], [-84.51488000040764, 65.63876989987841]]], [[[-85.07822500003991, 65.73166778079835], [-84.80746009997426, 65.57827989999174], [-84.72579000037882, 65.86899009999952], [-84.9838783997711, 66.02367719998308], [-85.09528009961386, 65.74100999994666], [-85.07822500003991, 65.73166778079835]]], [[[-67.05203010011451, 63.09330999998061], [-67.05203010011451, 63.09330999998061]]], [[[-70.93825149959419, 63.12414059994737], [-70.93825149959419, 63.12414059994737]]], [[[-77.62157989966404, 63.15028010016819], [-77.62157989966404, 63.15028010016819]]], [[[-68.05589000015237, 63.16135999992411], [-68.05589000015237, 63.16135999992411]]], [[[-77.6039699996723, 63.15585009986087], [-77.6039699996723, 63.15585009986087]]], [[[-64.87183469973576, 63.18474080003597], [-64.87183469973576, 63.18474080003597]]], [[[-77.4992801002041, 63.20213000008207], [-77.4992801002041, 63.20213000008207]]], [[[-64.93591710030339, 63.195940699975026], [-64.93591710030339, 63.195940699975026]]], [[[-67.0270299004175, 63.19556999989504], [-67.0270299004175, 63.19556999989504]]], [[[-67.72388989993063, 63.19638000018334], [-67.72388989993063, 63.19638000018334]]], [[[-68.02411000030877, 63.19760000004776], [-68.02411000030877, 63.19760000004776]]], [[[-68.12736000008952, 63.21183000011366], [-68.12736000008952, 63.21183000011366]]], [[[-67.8516625002061, 63.212314171178804], [-67.8516625002061, 63.212314171178804]]], [[[-64.55927759987789, 63.23112450008439], [-64.55927759987789, 63.23112450008439]]], [[[-64.68759999964999, 63.19340548302775], [-64.68759999964999, 63.19340548302775]]], [[[-67.06724009962073, 63.22555010007558], [-67.06724009962073, 63.22555010007558]]], [[[-71.79857930039101, 63.233231799971115], [-71.79857930039101, 63.233231799971115]]], [[[-67.87729010036553, 63.229259999951935], [-67.87729010036553, 63.229259999951935]]], [[[-71.77489499963458, 63.23180069985203], [-71.77489499963458, 63.23180069985203]]], [[[-71.69328099982863, 63.17103589981118], [-71.69328099982863, 63.17103589981118]]], [[[-67.70506010035947, 63.161410099829205], [-67.70506010035947, 63.161410099829205]]], [[[-77.58815000007071, 63.162529899805094], [-77.58815000007071, 63.162529899805094]]], [[[-71.66547100017863, 63.1665443001701], [-71.66547100017863, 63.1665443001701]]], [[[-64.8672551000954, 63.181434299979216], [-64.8672551000954, 63.181434299979216]]], [[[-66.97272359110077, 63.18256322534174], [-66.97272359110077, 63.18256322534174]]], [[[-67.85146250018957, 63.21801490830733], [-67.85146250018957, 63.21801490830733]]], [[[-67.72156999981107, 63.09479009996608], [-67.72156999981107, 63.09479009996608]]], [[[-77.7762800000443, 63.11099000001817], [-77.7762800000443, 63.11099000001817]]], [[[-77.48918990043768, 63.24300009999705], [-77.48918990043768, 63.24300009999705]]], [[[-91.62373000017622, 63.58698009983171], [-91.62373000017622, 63.58698009983171]]], [[[-91.19460000003355, 63.497669999951825], [-91.19460000003355, 63.497669999951825]]], [[[-91.29821999971016, 63.507639899844385], [-91.29821999971016, 63.507639899844385]]], [[[-91.23056874972389, 63.495306057126584], [-91.23056874972389, 63.495306057126584]]], [[[-90.98419010026589, 63.477080000039415], [-90.98419010026589, 63.477080000039415]]], [[[-63.999961200240165, 63.516606600176985], [-63.999961200240165, 63.516606600176985]]], [[[-72.18200339976336, 63.515617499886524], [-72.18200339976336, 63.515617499886524]]], [[[-72.08206320042613, 63.51758339996801], [-72.08206320042613, 63.51758339996801]]], [[[-91.05478750009225, 63.47792738593825], [-91.05478750009225, 63.47792738593825]]], [[[-71.9545704999218, 63.487410299827054], [-71.9545704999218, 63.487410299827054]]], [[[-71.54306874965717, 63.48968877119811], [-71.54306874965717, 63.48968877119811]]], [[[-72.07041250034874, 63.4978765432279], [-72.07041250034874, 63.4978765432279]]], [[[-71.6355120004003, 63.49255359989951], [-71.6355120004003, 63.49255359989951]]], [[[-71.47791489970407, 63.492858100091865], [-71.47791489970407, 63.492858100091865]]], [[[-67.54183999963388, 63.492410000085194], [-67.54183999963388, 63.492410000085194]]], [[[-90.70302499991408, 63.502770493153214], [-90.70302499991408, 63.502770493153214]]], [[[-90.68161999991797, 63.49629990003782], [-90.68161999991797, 63.49629990003782]]], [[[-72.07021250033219, 63.50457341923859], [-72.07021250033219, 63.50457341923859]]], [[[-68.554787499631, 63.50000019987082], [-68.554787499631, 63.50000019987082]]], [[[-72.01820959986303, 63.50321319986627], [-72.01820959986303, 63.50321319986627]]], [[[-71.6698051001333, 63.50308520012912], [-71.6698051001333, 63.50308520012912]]], [[[-68.44495699993259, 63.50603330012733], [-68.44495699993259, 63.50603330012733]]], [[[-72.25973419998836, 63.50599109997668], [-72.25973419998836, 63.50599109997668]]], [[[-78.41874000044812, 63.509069899994245], [-78.41874000044812, 63.509069899994245]]], [[[-64.19866340002903, 63.51708509992444], [-64.19866340002903, 63.51708509992444]]], [[[-64.40778309985974, 63.510483100030335], [-64.40778309985974, 63.510483100030335]]], [[[-68.5364532997038, 63.51544220017431], [-68.5364532997038, 63.51544220017431]]], [[[-68.58423480015888, 63.507768499856276], [-68.58423480015888, 63.507768499856276]]], [[[-67.53656999978193, 63.505919999940836], [-67.53656999978193, 63.505919999940836]]], [[[-68.554787499631, 63.51480217886055], [-68.554787499631, 63.51480217886055]]], [[[-91.40635000025385, 63.522695054496744], [-91.40635000025385, 63.522695054496744]]], [[[-71.60774769984543, 63.518910599848134], [-71.60774769984543, 63.518910599848134]]], [[[-71.77830919958548, 63.526817999836865], [-71.77830919958548, 63.526817999836865]]], [[[-64.9855029999573, 63.49999999999147], [-64.9855029999573, 63.49999999999147]]], [[[-67.54124999963, 63.52643000005165], [-67.54124999963, 63.52643000005165]]], [[[-68.5418743000668, 63.53613590014659], [-68.5418743000668, 63.53613590014659]]], [[[-71.7007265998228, 63.52812430017886], [-71.7007265998228, 63.52812430017886]]], [[[-71.54286874964063, 63.514924828710186], [-71.54286874964063, 63.514924828710186]]], [[[-91.31845937543802, 63.54088803825694], [-91.31845937543802, 63.54088803825694]]], [[[-91.11401999974717, 63.53015000000948], [-91.11401999974717, 63.53015000000948]]], [[[-71.36708750000898, 63.53615141924315], [-71.36708750000898, 63.53615141924315]]], [[[-72.18915180023062, 63.53034770010422], [-72.18915180023062, 63.53034770010422]]], [[[-71.77821380029894, 63.53782479997762], [-71.77821380029894, 63.53782479997762]]], [[[-71.41689999969331, 63.55446599997606], [-71.41689999969331, 63.55446599997606]]], [[[-71.27554469984541, 63.53754450015418], [-71.27554469984541, 63.53754450015418]]], [[[-72.25949400036285, 63.53836510005253], [-72.25949400036285, 63.53836510005253]]], [[[-67.5865898998041, 63.536859899975724], [-67.5865898998041, 63.536859899975724]]], [[[-72.22124440031835, 63.54236340007342], [-72.22124440031835, 63.54236340007342]]], [[[-67.67588124967614, 63.55045131573566], [-67.67588124967614, 63.55045131573566]]], [[[-67.61116999966353, 63.550150000064896], [-67.61116999966353, 63.550150000064896]]], [[[-63.984275000208555, 63.585091719394285], [-63.984275000208555, 63.585091719394285]]], [[[-64.25047999978973, 63.555294700196995], [-64.25047999978973, 63.555294700196995]]], [[[-91.31845937543802, 63.56817024971263], [-91.31845937543802, 63.56817024971263]]], [[[-71.83359739984711, 63.56094779999879], [-71.83359739984711, 63.56094779999879]]], [[[-91.17820010018681, 63.57537000018236], [-91.17820010018681, 63.57537000018236]]], [[[-72.34446330028145, 63.5622314998219], [-72.34446330028145, 63.5622314998219]]], [[[-72.24599374996383, 63.58100999149862], [-72.24599374996383, 63.58100999149862]]], [[[-72.30852170037396, 63.565912599806786], [-72.30852170037396, 63.565912599806786]]], [[[-72.30860030026636, 63.57116040012038], [-72.30860030026636, 63.57116040012038]]], [[[-68.09832359975239, 63.57205120015519], [-68.09832359975239, 63.57205120015519]]], [[[-90.54174999971364, 63.575499999962716], [-90.54174999971364, 63.575499999962716]]], [[[-64.17597564712965, 63.63291249989168], [-64.17597564712965, 63.63291249989168]]], [[[-91.40635000025385, 63.5453961044442], [-91.40635000025385, 63.5453961044442]]], [[[-72.2853915002477, 63.57968130015471], [-72.2853915002477, 63.57968130015471]]], [[[-72.45811330002404, 63.575295300127074], [-72.45811330002404, 63.575295300127074]]], [[[-72.16075359990225, 63.579445200073515], [-72.16075359990225, 63.579445200073515]]], [[[-67.67588124967614, 63.55525075318689], [-67.67588124967614, 63.55525075318689]]], [[[-71.73540230012014, 63.586012800144246], [-71.73540230012014, 63.586012800144246]]], [[[-68.1447768000244, 63.58581210001241], [-68.1447768000244, 63.58581210001241]]], [[[-71.8432499996959, 63.59303430007922], [-71.8432499996959, 63.59303430007922]]], [[[-68.20302500035116, 63.59767463797505], [-68.20302500035116, 63.59767463797505]]], [[[-68.67107779980891, 63.59902859993631], [-68.67107779980891, 63.59902859993631]]], [[[-90.69713298499985, 63.28134999984876], [-90.69713298499985, 63.28134999984876]]], [[[-77.47956000011779, 63.26313009981183], [-77.47956000011779, 63.26313009981183]]], [[[-71.81717840002078, 63.2653960000217], [-71.81717840002078, 63.2653960000217]]], [[[-64.706857000241, 63.26793219983819], [-64.706857000241, 63.26793219983819]]], [[[-71.8525906002735, 63.2690000000664], [-71.8525906002735, 63.2690000000664]]], [[[-83.69341000042517, 63.269230100189844], [-83.69341000042517, 63.269230100189844]]], [[[-71.87267200007213, 63.27251509993663], [-71.87267200007213, 63.27251509993663]]], [[[-68.12070000016752, 63.28201000009134], [-68.12070000016752, 63.28201000009134]]], [[[-64.78010550004903, 63.28314420003058], [-64.78010550004903, 63.28314420003058]]], [[[-67.88581000009955, 63.28766000008251], [-67.88581000009955, 63.28766000008251]]], [[[-64.57747110027542, 63.297298299829414], [-64.57747110027542, 63.297298299829414]]], [[[-71.87913489973931, 63.29160180018853], [-71.87913489973931, 63.29160180018853]]], [[[-71.81258700011087, 63.291535999899686], [-71.81258700011087, 63.291535999899686]]], [[[-67.9212899998, 63.29649990013841], [-67.9212899998, 63.29649990013841]]], [[[-68.13801989973102, 63.29183990006003], [-68.13801989973102, 63.29183990006003]]], [[[-71.89443124980224, 63.31433742340277], [-71.89443124980224, 63.31433742340277]]], [[[-71.84977050023744, 63.30004410010196], [-71.84977050023744, 63.30004410010196]]], [[[-90.83197999959746, 63.41664000019523], [-90.83197999959746, 63.41664000019523]]], [[[-67.85146250018957, 63.30490879328527], [-67.85146250018957, 63.30490879328527]]], [[[-68.20302500035116, 63.30679553108999], [-68.20302500035116, 63.30679553108999]]], [[[-68.15690989990095, 63.306529999974316], [-68.15690989990095, 63.306529999974316]]], [[[-71.93549660024019, 63.317914400179646], [-71.93549660024019, 63.317914400179646]]], [[[-67.41525461283787, 63.28134999984876], [-67.41525461283787, 63.28134999984876]]], [[[-68.04753999968634, 63.31211000015618], [-68.04753999968634, 63.31211000015618]]], [[[-67.98650999989398, 63.31705990017244], [-67.98650999989398, 63.31705990017244]]], [[[-67.94236000006039, 63.31124000008595], [-67.94236000006039, 63.31124000008595]]], [[[-67.85146250018957, 63.345069536897356], [-67.85146250018957, 63.345069536897356]]], [[[-68.09025000011951, 63.328629899951636], [-68.09025000011951, 63.328629899951636]]], [[[-68.11011989966933, 63.330029999970655], [-68.11011989966933, 63.330029999970655]]], [[[-67.91620990020583, 63.34072009981976], [-67.91620990020583, 63.34072009981976]]], [[[-71.81134799965358, 63.3387434999363], [-71.81134799965358, 63.3387434999363]]], [[[-68.31707000010397, 63.33910000007879], [-68.31707000010397, 63.33910000007879]]], [[[-67.85146250018957, 63.328449999948205], [-67.85146250018957, 63.328449999948205]]], [[[-68.20322000034484, 63.33889999984291], [-68.20322000034484, 63.33889999984291]]], [[[-72.07041250034874, 63.40535496966407], [-72.07041250034874, 63.40535496966407]]], [[[-76.88638989999019, 63.39108010009139], [-76.88638989999019, 63.39108010009139]]], [[[-90.61795999977332, 63.38737999987637], [-90.61795999977332, 63.38737999987637]]], [[[-90.62877010042527, 63.39459999993638], [-90.62877010042527, 63.39459999993638]]], [[[-65.03299959972004, 63.39157289997663], [-65.03299959972004, 63.39157289997663]]], [[[-67.97563000043144, 63.39897010009478], [-67.97563000043144, 63.39897010009478]]], [[[-71.82878759972868, 63.35628570015807], [-71.82878759972868, 63.35628570015807]]], [[[-90.52336009974722, 63.35966999995892], [-90.52336009974722, 63.35966999995892]]], [[[-68.32741999983708, 63.35911000019103], [-68.32741999983708, 63.35911000019103]]], [[[-71.9007463002484, 63.360427799874884], [-71.9007463002484, 63.360427799874884]]], [[[-71.85731940020105, 63.3612697001923], [-71.85731940020105, 63.3612697001923]]], [[[-67.49990000002796, 63.37942874347479], [-67.49990000002796, 63.37942874347479]]], [[[-67.48007990038253, 63.351060099806084], [-67.48007990038253, 63.351060099806084]]], [[[-67.53805000026365, 63.35372010001835], [-67.53805000026365, 63.35372010001835]]], [[[-67.53388990038626, 63.368260000124074], [-67.53388990038626, 63.368260000124074]]], [[[-67.88078000044709, 63.358859900080574], [-67.88078000044709, 63.358859900080574]]], [[[-67.60006000004724, 63.37890000004014], [-67.60006000004724, 63.37890000004014]]], [[[-68.20302500035116, 63.28216309995853], [-68.20302500035116, 63.28216309995853]]], [[[-68.1155276912044, 63.28134999984876], [-68.1155276912044, 63.28134999984876]]], [[[-67.89395593477404, 63.28134999984876], [-67.89395593477404, 63.28134999984876]]], [[[-68.05003571897163, 63.28134999984876], [-68.05003571897163, 63.28134999984876]]], [[[-78.30344314714294, 63.28134999984876], [-78.02136990034457, 63.142459999974264], [-77.71817310022016, 63.133150099798826], [-77.87609000025921, 63.42244009990564], [-78.18266010003963, 63.48567999982075], [-78.50241010020898, 63.4367199998422], [-78.30344314714294, 63.28134999984876]]], [[[-63.910352700157055, 63.412681000013094], [-63.910352700157055, 63.412681000013094]]], [[[-90.6569400002124, 63.42705000013146], [-90.6569400002124, 63.42705000013146]]], [[[-63.984275000208555, 63.42296620220215], [-63.984275000208555, 63.42296620220215]]], [[[-67.52658999994468, 63.421770099902545], [-67.52658999994468, 63.421770099902545]]], [[[-67.92221989984951, 63.423640000164895], [-67.92221989984951, 63.423640000164895]]], [[[-67.53496010021517, 63.425569900194745], [-67.53496010021517, 63.425569900194745]]], [[[-76.59018010002592, 63.429610000139405], [-76.59018010002592, 63.429610000139405]]], [[[-72.14253339977783, 63.42882960010669], [-72.14253339977783, 63.42882960010669]]], [[[-67.93582999983472, 63.426049999864766], [-67.93582999983472, 63.426049999864766]]], [[[-67.93605999998847, 63.435259899824395], [-67.93605999998847, 63.435259899824395]]], [[[-68.01038989982037, 63.44985999993339], [-68.01038989982037, 63.44985999993339]]], [[[-90.58853990023225, 63.445620000082585], [-90.58853990023225, 63.445620000082585]]], [[[-72.1118770001152, 63.4438278999258], [-72.1118770001152, 63.4438278999258]]], [[[-68.43257000022415, 63.45803990010217], [-68.43257000022415, 63.45803990010217]]], [[[-68.08196009964095, 63.44598999996137], [-68.08196009964095, 63.44598999996137]]], [[[-72.13363356478092, 63.457131249929056], [-72.13363356478092, 63.457131249929056]]], [[[-72.15903511557718, 63.457131249929056], [-72.15903511557718, 63.457131249929056]]], [[[-78.42367999968889, 63.45439999986263], [-78.42367999968889, 63.45439999986263]]], [[[-77.82525989980081, 63.457369900118834], [-77.82525989980081, 63.457369900118834]]], [[[-72.05354543433344, 63.457131249929056], [-72.05354543433344, 63.457131249929056]]], [[[-71.99480780039885, 63.464197700031946], [-71.99480780039885, 63.464197700031946]]], [[[-67.97155158076957, 63.457131249929056], [-67.97155158076957, 63.457131249929056]]], [[[-77.8975198997584, 63.464869999920325], [-77.8975198997584, 63.464869999920325]]], [[[-68.47929009984854, 63.46639999994525], [-68.47929009984854, 63.46639999994525]]], [[[-90.9031590998928, 63.46583360006101], [-90.9031590998928, 63.46583360006101]]], [[[-68.45973010020712, 63.47284999981013], [-68.45973010020712, 63.47284999981013]]], [[[-64.46131078631915, 63.63291249989168], [-64.2994212998368, 63.37773439988494], [-64.00825959967962, 63.28174130008089], [-64.26953420031546, 63.438096900077234], [-64.46131078631915, 63.63291249989168]]], [[[-90.70319999981628, 63.44866000018525], [-90.70319999981628, 63.44866000018525]]], [[[-64.92278925009867, 63.552553409471514], [-64.92278925009867, 63.552553409471514]]], [[[-78.46226560019237, 63.51747930004185], [-78.46226560019237, 63.51747930004185]]], [[[-71.52360759973129, 63.484628799877584], [-71.52360759973129, 63.484628799877584]]], [[[-71.67406819994285, 63.48615750019748], [-71.67406819994285, 63.48615750019748]]], [[[-71.43702720009671, 63.485315500173435], [-71.43702720009671, 63.485315500173435]]], [[[-90.5656899996275, 63.48580009988574], [-90.5656899996275, 63.48580009988574]]], [[[-72.07021250033219, 63.49077621656165], [-72.07021250033219, 63.49077621656165]]], [[[-71.59925750021134, 63.48427120008859], [-71.59925750021134, 63.48427120008859]]], [[[-64.10413700015947, 63.50000019987082], [-64.10413700015947, 63.50000019987082]]], [[[-68.02724374982121, 63.53041872352005], [-68.02724374982121, 63.53041872352005]]], [[[-77.34385000007785, 63.572514961207105], [-77.06200009961195, 63.45325990016768], [-76.76985989965009, 63.379140000196635], [-76.94165000005141, 63.63456010002873], [-77.24356010007524, 63.67597000006426], [-77.34385000007785, 63.572514961207105]]], [[[-66.97275625025127, 63.07165622661167], [-66.97275625025127, 63.07165622661167]]], [[[-71.40879380019878, 63.59600409996701], [-71.40879380019878, 63.59600409996701]]], [[[-92.32447000036954, 63.60567009983282], [-92.32447000036954, 63.60567009983282]]], [[[-64.05443609997951, 63.60640249989686], [-64.05443609997951, 63.60640249989686]]], [[[-68.73056875016097, 63.58647844276936], [-68.73056875016097, 63.58647844276936]]], [[[-71.71865000017058, 63.61451012435822], [-71.71865000017058, 63.61451012435822]]], [[[-71.36728750002554, 63.60994055211502], [-71.36728750002554, 63.60994055211502]]], [[[-72.24599374996383, 63.61329463472626], [-72.24599374996383, 63.61329463472626]]], [[[-91.61991010038177, 63.606519999834845], [-91.61991010038177, 63.606519999834845]]], [[[-72.543494100208, 63.610819400163976], [-72.543494100208, 63.610819400163976]]], [[[-91.24491009990994, 63.61086999988641], [-91.24491009990994, 63.61086999988641]]], [[[-71.96656380038058, 63.611821299999306], [-71.96656380038058, 63.611821299999306]]], [[[-64.2876721003868, 63.625080100128436], [-64.2876721003868, 63.625080100128436]]], [[[-68.26401719993468, 63.6196778001582], [-68.26401719993468, 63.6196778001582]]], [[[-72.07035255846478, 63.620119602795974], [-72.07035255846478, 63.620119602795974]]], [[[-72.24599374996383, 63.620840316868666], [-72.24599374996383, 63.620840316868666]]], [[[-91.45544000022652, 63.61890990015758], [-91.45544000022652, 63.61890990015758]]], [[[-72.59350389957314, 63.61780789980358], [-72.59350389957314, 63.61780789980358]]], [[[-72.62222090031774, 63.618286000111695], [-72.62222090031774, 63.618286000111695]]], [[[-72.5780055004365, 63.624201000009705], [-72.5780055004365, 63.624201000009705]]], [[[-68.65138508845729, 63.63291249989168], [-68.65138508845729, 63.63291249989168]]], [[[-82.24473010033938, 63.629499999810996], [-82.24473010033938, 63.629499999810996]]], [[[-72.77353749977364, 63.6494978062556], [-72.77353749977364, 63.6494978062556]]], [[[-91.40635000025385, 63.65135204785877], [-91.40635000025385, 63.65135204785877]]], [[[-72.03441750008915, 63.65061180002788], [-72.03441750008915, 63.65061180002788]]], [[[-72.25923900009474, 63.6544335999387], [-72.25923900009474, 63.6544335999387]]], [[[-64.03481185013402, 63.63291249989168], [-64.03481185013402, 63.63291249989168]]], [[[-71.98837376539836, 63.63291249989168], [-71.98837376539836, 63.63291249989168]]], [[[-64.25213413150276, 63.63291249989168], [-64.25213413150276, 63.63291249989168]]], [[[-91.5667351140625, 63.63291249989168], [-91.5667351140625, 63.63291249989168]]], [[[-92.050579999771, 63.63404999991492], [-92.050579999771, 63.63404999991492]]], [[[-77.45707999969588, 63.62603990016873], [-77.45707999969588, 63.62603990016873]]], [[[-68.73036875014442, 63.6569974868891], [-68.73036875014442, 63.6569974868891]]], [[[-72.79266199975856, 63.63789440006961], [-72.79266199975856, 63.63789440006961]]], [[[-72.76143109962396, 63.639841900122526], [-72.76143109962396, 63.639841900122526]]], [[[-71.69610179965231, 63.642335499864835], [-71.69610179965231, 63.642335499864835]]], [[[-72.11165079983508, 63.63874569990567], [-72.11165079983508, 63.63874569990567]]], [[[-64.46187889976945, 63.6492455000345], [-64.46187889976945, 63.6492455000345]]], [[[-64.12703710041895, 63.663795200123786], [-64.12703710041895, 63.663795200123786]]], [[[-64.27524230044666, 63.65791459993127], [-64.27524230044666, 63.65791459993127]]], [[[-91.5976100001719, 63.65093989997826], [-91.5976100001719, 63.65093989997826]]], [[[-64.3192193997409, 63.66917609993153], [-64.3192193997409, 63.66917609993153]]], [[[-64.44790389962422, 63.66457149997484], [-64.44790389962422, 63.66457149997484]]], [[[-68.79722710034854, 63.65987790000505], [-68.79722710034854, 63.65987790000505]]], [[[-72.24619374998039, 63.65646512749418], [-72.24619374998039, 63.65646512749418]]], [[[-77.4532598995771, 63.668459999930604], [-77.4532598995771, 63.668459999930604]]], [[[-72.85162869959905, 63.65721110008763], [-72.85162869959905, 63.65721110008763]]], [[[-72.83633119969255, 63.65391120011447], [-72.83633119969255, 63.65391120011447]]], [[[-71.65831279998997, 63.660024599800224], [-71.65831279998997, 63.660024599800224]]], [[[-72.52637005313936, 63.63291249989168], [-72.52637005313936, 63.63291249989168]]], [[[-68.6998698080831, 63.63291249989168], [-68.6998698080831, 63.63291249989168]]], [[[-71.843472966041, 63.63291249989168], [-71.843472966041, 63.63291249989168]]], [[[-71.9825218746346, 63.66028308625468], [-71.9825218746346, 63.66028308625468]]], [[[-91.53518009997674, 63.67270010011561], [-91.53518009997674, 63.67270010011561]]], [[[-73.01297949964317, 63.66388039984297], [-73.01297949964317, 63.66388039984297]]], [[[-72.0988955995563, 63.65653509988292], [-72.0988955995563, 63.65653509988292]]], [[[-71.57239429971796, 63.66043339981747], [-71.57239429971796, 63.66043339981747]]], [[[-72.03614439983178, 63.66165450009534], [-72.03614439983178, 63.66165450009534]]], [[[-64.28985090032805, 63.673614200177404], [-64.28985090032805, 63.673614200177404]]], [[[-72.51037999975954, 63.660665099800724], [-72.51037999975954, 63.660665099800724]]], [[[-64.20032649962353, 63.670651100077336], [-64.20032649962353, 63.670651100077336]]], [[[-64.25667209961958, 63.67190409986652], [-64.25667209961958, 63.67190409986652]]], [[[-71.71885000018713, 63.67053235187851], [-71.71885000018713, 63.67053235187851]]], [[[-72.59755625012544, 63.64275209162812], [-72.59755625012544, 63.64275209162812]]], [[[-64.3360375003867, 63.68084175685833], [-64.3360375003867, 63.68084175685833]]], [[[-72.28720549974196, 63.669169399874185], [-72.28720549974196, 63.669169399874185]]], [[[-77.39974999976036, 63.69648010015238], [-77.39974999976036, 63.69648010015238]]], [[[-64.22300189978942, 63.683314700067626], [-64.22300189978942, 63.683314700067626]]], [[[-77.23668010004522, 63.6837599998424], [-77.23668010004522, 63.6837599998424]]], [[[-72.89011030034546, 63.681833300107805], [-72.89011030034546, 63.681833300107805]]], [[[-72.87173469976173, 63.68092249993834], [-72.87173469976173, 63.68092249993834]]], [[[-77.31843999972803, 63.689629900074515], [-77.31843999972803, 63.689629900074515]]], [[[-72.99579390001128, 63.678865599995014], [-72.99579390001128, 63.678865599995014]]], [[[-72.75652750011852, 63.68736119997822], [-72.75652750011852, 63.68736119997822]]], [[[-71.73147350025873, 63.68526099997734], [-71.73147350025873, 63.68526099997734]]], [[[-77.34365000006132, 63.69147785365879], [-77.34365000006132, 63.69147785365879]]], [[[-72.10452970006763, 63.69359530019053], [-72.10452970006763, 63.69359530019053]]], [[[-68.8184593749768, 63.68919541015369], [-68.8184593749768, 63.68919541015369]]], [[[-72.88376169962004, 63.68967229998509], [-72.88376169962004, 63.68967229998509]]], [[[-64.16013960002383, 63.74033100010365], [-64.16013960002383, 63.74033100010365]]], [[[-72.59755625012544, 63.720589482163646], [-72.59755625012544, 63.720589482163646]]], [[[-64.68759999964999, 63.77151538675049], [-64.39498230019883, 63.67925920008938], [-64.620556000016, 63.87795259996622], [-64.68759999964999, 63.77151538675049]]], [[[-82.96864999995205, 64.90132572605417], [-83.26319999983386, 64.99360989981847], [-83.51756000002987, 65.15862000017476], [-83.84032010020609, 65.16219000002472], [-84.13930990031044, 65.21706990012181], [-84.3757898995667, 65.40870000006556], [-84.69583009959025, 65.3589101001817], [-85.00170989977038, 65.42262010015796], [-85.27874990040486, 65.54129000016846], [-85.35247989990013, 65.83250000011739], [-85.6561599999356, 65.88418000017234], [-85.93268009970109, 65.75963999999594], [-86.09317000019101, 65.50315999996586], [-86.14310999956025, 65.20092010007531], [-86.15668010026081, 64.89845999999025], [-86.3475200003413, 64.63906989998056], [-86.34643999989265, 64.33599990017225], [-86.17095989968023, 64.09135999999461], [-86.468449900434, 64.01870989995282], [-86.76750990028457, 63.955420100118594], [-87.03755990038584, 63.82363999994189], [-86.91533999978223, 63.547380000118636], [-86.62151010021196, 63.65165000004886], [-86.29842000032289, 63.636879999906036], [-85.99585999973371, 63.685090000164585], [-85.69239000037182, 63.69264000008286], [-85.65535999986945, 63.391190099862406], [-85.51079999977131, 63.12598999982946], [-85.21023000020011, 63.10998000011032], [-84.91931990018772, 63.1843100998849], [-84.6314500997454, 63.29292010015577], [-84.40504000012677, 63.50844000009493], [-84.1123299996785, 63.59242010009384], [-83.83300679959538, 63.71277949982126], [-83.5989535002645, 63.90216529994076], [-83.37328850017344, 64.11096819986666], [-83.0785736998612, 64.17373869997787], [-82.85121129980314, 63.97473460018887], [-82.53038000022124, 63.95649000009069], [-82.41063989985776, 63.669660000023626], [-82.06395009985076, 63.686069899890555], [-81.7588200003691, 63.632369900100336], [-81.46095990000649, 63.54795009981026], [-81.16551000021242, 63.47570009991804], [-80.83114989997516, 63.52940990006981], [-80.55615000030035, 63.653890000085795], [-80.25851999980449, 63.73297989983799], [-80.54342989989466, 63.854509900081574], [-80.76954990027039, 64.06131999996144], [-81.06782010042483, 64.00828000013843], [-81.37628999958893, 64.06216990002477], [-81.67293000004781, 64.01262999994387], [-81.986130099613, 63.98346990011748], [-81.69007010001057, 64.09285989992563], [-81.73592999986838, 64.39009000010533], [-81.95771000015463, 64.59827990018873], [-82.25385989955744, 64.71857999990443], [-82.55663999996764, 64.74102990017451], [-82.8447099998525, 64.85617010018672], [-82.96864999995205, 64.90132572605417]]], [[[-65.7422875001348, 65.86543020613384], [-65.7422875001348, 65.86543020613384]]], [[[-67.27688299983251, 65.86923639999674], [-67.27688299983251, 65.86923639999674]]], [[[-67.72053249955682, 65.87499150017206], [-67.72053249955682, 65.87499150017206]]], [[[-67.28860069985706, 65.87503929996323], [-67.28860069985706, 65.87503929996323]]], [[[-67.26272979998609, 65.8750561998196], [-67.26272979998609, 65.8750561998196]]], [[[-67.67376750033787, 65.8784470999776], [-67.67376750033787, 65.8784470999776]]], [[[-67.28204619987866, 65.87959449991524], [-67.28204619987866, 65.87959449991524]]], [[[-89.61399999956504, 65.83224999996237], [-89.61399999956504, 65.83224999996237]]], [[[-85.44621999990991, 65.8304101000517], [-85.44621999990991, 65.8304101000517]]], [[[-67.53723579962947, 65.79770659996902], [-67.53723579962947, 65.79770659996902]]], [[[-85.42560990024407, 65.80002000014359], [-85.42560990024407, 65.80002000014359]]], [[[-67.41200937521215, 65.79228409396018], [-67.41200937521215, 65.79228409396018]]], [[[-67.74999999960218, 65.80423090017867], [-67.74999999960218, 65.80423090017867]]], [[[-67.96005780020265, 65.79787169995402], [-67.96005780020265, 65.79787169995402]]], [[[-67.23624365835006, 65.79597272631605], [-67.23624365835006, 65.79597272631605]]], [[[-65.81308149985435, 65.81309270014407], [-65.81308149985435, 65.81309270014407]]], [[[-67.67588124967614, 65.79787724501631], [-67.67588124967614, 65.79787724501631]]], [[[-67.32422480010888, 65.82119600006979], [-67.32422480010888, 65.82119600006979]]], [[[-67.55619619986989, 65.81244819987224], [-67.55619619986989, 65.81244819987224]]], [[[-67.90352209962451, 65.812500000162], [-67.90352209962451, 65.812500000162]]], [[[-84.68771010017632, 65.81289999994034], [-84.68771010017632, 65.81289999994034]]], [[[-67.54787009998033, 65.81652590006185], [-67.54787009998033, 65.81652590006185]]], [[[-84.60862999985187, 65.81142989997346], [-84.60862999985187, 65.81142989997346]]], [[[-65.83017812495062, 65.82576571253995], [-65.83017812495062, 65.82576571253995]]], [[[-67.28037343710663, 65.81471460938226], [-67.28037343710663, 65.81471460938226]]], [[[-65.8300449003024, 65.8298738000885], [-65.8300449003024, 65.8298738000885]]], [[[-67.99999999961729, 65.82501099991185], [-67.99999999961729, 65.82501099991185]]], [[[-67.6386098997047, 65.82219149999972], [-67.6386098997047, 65.82219149999972]]], [[[-68.02744374983774, 65.82676807292226], [-68.02744374983774, 65.82676807292226]]], [[[-84.12099999981166, 65.83399999995562], [-84.12099999981166, 65.83399999995562]]], [[[-83.26099999965189, 65.82875000010297], [-83.56375000021187, 65.85174999985324], [-83.26425000014525, 65.82174999991973], [-83.26099999965189, 65.82875000010297]]], [[[-89.91025000003658, 65.83149999997539], [-89.91025000003658, 65.83149999997539]]], [[[-68.02724374982121, 65.84091190572097], [-68.02724374982121, 65.84091190572097]]], [[[-84.66198999959379, 65.84884000017529], [-84.66198999959379, 65.84884000017529]]], [[[-84.69902000009617, 65.84683999998126], [-84.69902000009617, 65.84683999998126]]], [[[-67.89301599964449, 65.84891849983131], [-67.89301599964449, 65.84891849983131]]], [[[-65.77787750033842, 65.854587500176], [-65.77787750033842, 65.854587500176]]], [[[-68.07928009995828, 65.85316999984036], [-68.07928009995828, 65.85316999984036]]], [[[-83.61408010017976, 65.86433009993429], [-83.61408010017976, 65.86433009993429]]], [[[-68.10469999974255, 65.8584301001563], [-68.10469999974255, 65.8584301001563]]], [[[-68.07829009992132, 65.86338999981753], [-68.07829009992132, 65.86338999981753]]], [[[-67.93942539985989, 65.86325450001301], [-67.93942539985989, 65.86325450001301]]], [[[-67.6756812496596, 65.86797302703184], [-67.6756812496596, 65.86797302703184]]], [[[-67.72523799988086, 65.86481970012801], [-67.72523799988086, 65.86481970012801]]], [[[-62.318499999994444, 65.87525000004382], [-62.318499999994444, 65.87525000004382]]], [[[-62.23000000031069, 65.90074999985029], [-62.23000000031069, 65.90074999985029]]], [[[-67.31305980024099, 65.8870276999553], [-67.31305980024099, 65.8870276999553]]], [[[-67.64941910024474, 65.8850198998507], [-67.64941910024474, 65.8850198998507]]], [[[-68.07976980036575, 65.88389790005739], [-68.07976980036575, 65.88389790005739]]], [[[-83.56725000005218, 65.8899999998368], [-83.56725000005218, 65.8899999998368]]], [[[-68.02724374982121, 65.8885390279838], [-68.02724374982121, 65.8885390279838]]], [[[-65.52582360034253, 65.859264699923], [-65.52582360034253, 65.859264699923]]], [[[-84.72497009993415, 65.89942000006373], [-84.72497009993415, 65.89942000006373]]], [[[-67.51379040043297, 65.88988970001226], [-67.51379040043297, 65.88988970001226]]], [[[-67.41200937521215, 65.89485921331556], [-67.41200937521215, 65.89485921331556]]], [[[-67.53257089956301, 65.89785929982736], [-67.53257089956301, 65.89785929982736]]], [[[-67.40746510002371, 65.90683780009326], [-67.40746510002371, 65.90683780009326]]], [[[-67.32427610019981, 65.91353129994275], [-67.32427610019981, 65.91353129994275]]], [[[-62.12799999995956, 65.96875000007257], [-62.12799999995956, 65.96875000007257]]], [[[-68.17404599966574, 65.99999999989079], [-68.17404599966574, 65.99999999989079]]], [[[-67.09051769981038, 65.99330529986035], [-67.09051769981038, 65.99330529986035]]], [[[-62.2227500003848, 65.95724999989481], [-62.2227500003848, 65.95724999989481]]], [[[-62.18624999961185, 65.97425000015758], [-62.18624999961185, 65.97425000015758]]], [[[-67.14840500017512, 65.98495650001858], [-67.14840500017512, 65.98495650001858]]], [[[-84.78518999990163, 65.97743000006353], [-84.78518999990163, 65.97743000006353]]], [[[-67.06460230009519, 65.9909638001426], [-67.06460230009519, 65.9909638001426]]], [[[-84.7945520998589, 66.03289889992955], [-84.7945520998589, 66.03289889992955]]], [[[-84.93261920015262, 66.04587150008902], [-84.93261920015262, 66.04587150008902]]], [[[-83.89299999981942, 66.0345000000277], [-83.89299999981942, 66.0345000000277]]], [[[-68.0208755999586, 66.006117600115], [-68.0208755999586, 66.006117600115]]], [[[-67.1485374998829, 66.00111279961057], [-67.1485374998829, 66.00111279961057]]], [[[-67.08465869977945, 65.99999999989079], [-67.08465869977945, 65.99999999989079]]], [[[-83.51150000015751, 65.99499999990898], [-83.51150000015751, 65.99499999990898]]], [[[-65.7229208996892, 65.92463520003378], [-65.7229208996892, 65.92463520003378]]], [[[-65.9573880995839, 65.95015230016361], [-65.9573880995839, 65.95015230016361]]], [[[-68.11427000039929, 65.95207999985698], [-68.11427000039929, 65.95207999985698]]], [[[-65.9178687497499, 65.94983510850231], [-65.9178687497499, 65.94983510850231]]], [[[-67.99293399981443, 65.95043309985519], [-67.99293399981443, 65.95043309985519]]], [[[-68.16514989986378, 65.93932000007501], [-68.16514989986378, 65.93932000007501]]], [[[-68.11319009966364, 65.93801000016748], [-68.11319009966364, 65.93801000016748]]], [[[-84.80945010009391, 65.93608000006633], [-84.80945010009391, 65.93608000006633]]], [[[-65.9178687497499, 65.9431601754569], [-65.9178687497499, 65.9431601754569]]], [[[-84.83500999962027, 65.9450100001063], [-84.83500999962027, 65.9450100001063]]], [[[-84.26333999963634, 65.93793990009762], [-84.26333999963634, 65.93793990009762]]], [[[-68.24597990039541, 65.93871989988675], [-68.24597990039541, 65.93871989988675]]], [[[-67.23635270035084, 65.90963379986984], [-67.23635270035084, 65.90963379986984]]], [[[-84.76249000026999, 65.90330000005896], [-84.76249000026999, 65.90330000005896]]], [[[-67.74002300912113, 65.91806874990871], [-67.74002300912113, 65.91806874990871]]], [[[-67.3869527855698, 65.91806874990871], [-67.3869527855698, 65.91806874990871]]], [[[-68.00370353793805, 65.91806874990871], [-68.00370353793805, 65.91806874990871]]], [[[-68.05790049982681, 65.92723229997284], [-68.05790049982681, 65.92723229997284]]], [[[-84.75030009991805, 65.92447989998593], [-84.75030009991805, 65.92447989998593]]], [[[-65.94390510043158, 65.95182810001586], [-65.94390510043158, 65.95182810001586]]], [[[-67.14838789984537, 65.92659409996963], [-67.14838789984537, 65.92659409996963]]], [[[-68.00820000029547, 65.96370009990937], [-68.00820000029547, 65.96370009990937]]], [[[-66.97275625025127, 65.963263797407], [-66.97275625025127, 65.963263797407]]], [[[-83.67177500027526, 65.64255499991334], [-83.36824999976348, 65.63299999982782], [-83.64250000021214, 65.77149999994606], [-83.86850000003894, 65.9937499998495], [-84.16700000002284, 66.07999999986068], [-84.07550000009098, 65.79350000016733], [-83.76500000001292, 65.79025000017549], [-83.67177500027526, 65.64255499991334]]], [[[-77.34385000007785, 65.1693204897425], [-77.64989999956329, 65.12933010009688], [-77.95445600011992, 65.04787140002837], [-78.09989999994981, 64.78019999990978], [-78.01234009978731, 64.48680000019309], [-77.75169999989787, 64.33438999995062], [-77.44445010002619, 64.32014000010125], [-77.14090429992233, 64.28561510006571], [-76.83785359999908, 64.23515239989277], [-76.53195159975333, 64.30352720008764], [-76.2286899996559, 64.2947100001539], [-75.93734009975175, 64.40427999997237], [-75.63847780023062, 64.44663500002613], [-75.339610000325, 64.50201999996835], [-75.03277999996658, 64.44639990014714], [-74.71890999974455, 64.39204999993757], [-74.47011279987743, 64.56404090004153], [-74.75120989955883, 64.68664399994546], [-74.45541259968482, 64.6093871998522], [-74.16100420034296, 64.67191879982387], [-74.02713560021006, 64.40164189985593], [-73.72221190034303, 64.41555759997703], [-73.42496569966242, 64.50163479987269], [-73.21107059979877, 64.28868229987675], [-72.90548050000956, 64.17154060015442], [-72.6857499997558, 63.95799999983116], [-72.43467560028783, 63.790751899931415], [-72.1393842998538, 63.734903599995896], [-71.8385539002413, 63.71287029994753], [-71.53795099987283, 63.68764619984445], [-71.24100490027752, 63.60361489991714], [-71.51768330026405, 63.45567820009151], [-71.85540309966393, 63.436111399886215], [-71.60923340013763, 63.2453565000053], [-71.36280090027161, 63.0413025001069], [-71.06225520012885, 63.086017599819286], [-70.79667160026399, 62.94489719993687], [-70.49986520037345, 62.873974900151666], [-70.21926940014646, 62.7598823998899], [-69.93377250042545, 62.861844899858035], [-69.64184999998616, 62.77896010020358], [-69.4364600001122, 62.56026010017059], [-69.15426009984193, 62.44280000009917], [-68.85871000016444, 62.35454999979519], [-68.56815990000216, 62.26824999992773], [-68.26277999970124, 62.22935999986082], [-67.96207000038794, 62.212599999962926], [-67.65868999964113, 62.164439999860654], [-67.34887990031139, 62.15624010014437], [-67.05265999969005, 62.040820000044825], [-66.74770999984644, 62.01494010003324], [-66.45825990022429, 61.900100099918724], [-66.14850989998368, 61.87252009990322], [-66.03988989989354, 62.15466999988262], [-66.27817999995571, 62.33772989985427], [-66.52802000013726, 62.51964000006078], [-66.8103301003367, 62.67251999988061], [-67.10265000018633, 62.740629899927235], [-67.33675989966831, 62.942019999939326], [-67.63884999961721, 62.9198000999336], [-67.87233000042197, 63.10887000002402], [-68.16458989999713, 63.19180999995236], [-68.40680000002419, 63.37737000003423], [-68.67402589989148, 63.524050299991714], [-68.90531720042225, 63.71517329986807], [-68.60150839965432, 63.75149799987683], [-68.3160377999099, 63.6390775000837], [-68.01975069991545, 63.54044140019056], [-67.74174000044617, 63.398380000046544], [-67.82152999981379, 63.69220999984878], [-67.5717199997695, 63.52468999992036], [-67.29916009957785, 63.385860100026896], [-67.0051899999412, 63.28226990005643], [-66.72165000011658, 63.165929999996756], [-66.52712999965941, 63.40861999993649], [-66.48091009995152, 63.10209999986236], [-66.20289999965854, 62.984889999831175], [-65.8977800996486, 62.988750099915656], [-65.60252989983378, 62.918740000188194], [-65.29729000017325, 62.94220999991419], [-65.25874999995023, 62.64149999979458], [-64.9725000003057, 62.52775000009847], [-65.07274999983836, 62.81249999984354], [-64.76475000041623, 62.83975000005944], [-64.9340664001382, 63.09752720018434], [-65.00258040020817, 63.39307309999431], [-65.0980486001098, 63.68021690008355], [-64.83306780034331, 63.50396260002405], [-64.64858090003817, 63.26184100010158], [-64.50059560040549, 63.53079580010488], [-64.69755479994689, 63.75715030013284], [-64.98053079970687, 63.86291530008212], [-64.67458959967709, 63.952055500036195], [-64.97425709961156, 64.00990280001956], [-65.23075820015133, 64.17279369989431], [-65.53721520024085, 64.24437099996052], [-65.23213869963892, 64.29106089988402], [-65.4933311996477, 64.46340030002764], [-65.5660571997606, 64.76056290006234], [-65.84509050002681, 64.88159359990759], [-66.12299999978774, 64.74916999993343], [-66.42300000034486, 64.70774999991373], [-66.15568000015493, 64.84860009989019], [-66.45846990028657, 64.92828000007653], [-66.70380759995965, 64.75483360011991], [-66.76471690031381, 65.0658741001146], [-67.07143220018351, 65.0651040000472], [-67.20309760033537, 65.33976190009327], [-67.5174748998596, 65.35288240004374], [-67.21336020027955, 65.35998610016959], [-67.46439820001218, 65.54229849989682], [-67.75140980033773, 65.63448380006626], [-68.01449989975606, 65.47377989983926], [-67.90006969971448, 65.75242410006427], [-68.21333999992419, 65.77796990009723], [-68.34051420004957, 66.05633979983321], [-68.04438010021597, 65.99410999994795], [-68.33483489990638, 66.11830230014151], [-68.64320450037239, 66.18345360007544], [-68.94687289985129, 66.18395810013044], [-68.63899910025187, 66.20129999995143], [-68.3385527995936, 66.17800250001424], [-68.04204179990445, 66.11134869998757], [-67.83232680000967, 65.89546609985514], [-67.52719550037877, 65.91413530018254], [-67.2073657001678, 65.91345259998069], [-67.41313009988588, 66.13391010000616], [-67.69707009974357, 66.23577990002916], [-67.8953258997183, 66.4653085001642], [-67.58372999990938, 66.41431010014875], [-67.30836999977316, 66.28446010000509], [-67.47359009976586, 66.54497990001417], [-67.78496559971644, 66.57346840013548], [-67.48601000027156, 66.60443009995475], [-67.195510000051, 66.52950010005948], [-66.88831999984247, 66.55864989999297], [-67.17330009967883, 66.66608000017416], [-66.86190009997549, 66.58949999996835], [-66.64890990004697, 66.36631990006958], [-66.35900000044161, 66.21954009999864], [-66.06479310040447, 66.11937510005838], [-65.7606142997407, 66.17310980004451], [-65.51196820009763, 66.34742999999736], [-65.7347752002308, 66.13881510013647], [-65.48139230026425, 65.97335150002822], [-65.14893680000752, 66.0378220999707], [-64.84016609997055, 66.10192979987335], [-64.61142409963848, 66.298343400106], [-64.82513849978947, 66.05998090007485], [-65.11022489996836, 65.96492500013626], [-65.40156900034903, 65.87189930010001], [-65.16926989966395, 65.66444989992516], [-64.86068999999667, 65.72786999994632], [-65.16136990035804, 65.63666999986908], [-64.8575800001437, 65.64566990003462], [-65.11366989955708, 65.48679990008169], [-64.81901999982918, 65.40901999990776], [-64.51987989989969, 65.45938000005948], [-64.80971989979618, 65.36320999983008], [-64.62819449974269, 65.12206809981383], [-64.40964709958273, 65.34270810012322], [-64.11111250008736, 65.24874909985128], [-63.81464510013053, 65.18426019994972], [-63.593698899921286, 64.97658210009915], [-63.330939400290454, 65.13257320012886], [-63.53899999987594, 65.35449999989197], [-63.337000000237445, 65.58199999983968], [-63.63049999980781, 65.64525000014379], [-63.519499999610666, 65.92750000015343], [-63.302499999629894, 65.70774999999304], [-63.011000000224925, 65.6112500000669], [-62.70900000040072, 65.61449999985004], [-62.85275000038694, 65.8889999998944], [-62.56749999992684, 65.79424999992318], [-62.785249999745055, 66.00075000013712], [-62.46700000014894, 66.00924999988017], [-62.16575000016217, 66.00174999986021], [-62.42300000010315, 66.15725000009594], [-62.72700000009277, 66.19925000002348], [-62.414499999849326, 66.26449999990379], [-62.685750000049865, 66.39324999990382], [-62.37275000021421, 66.40850000003088], [-62.08600000007921, 66.31250000011651], [-61.7860000004204, 66.31399999984126], [-61.48825000027395, 66.35750000007975], [-61.79300000010103, 66.40049999989438], [-61.98400550011258, 66.63618890004683], [-61.66374999996654, 66.60574999983848], [-61.355999999891374, 66.55974999995], [-61.53280150032716, 66.80885680006824], [-61.83875000006696, 66.84349999986], [-62.063945599879354, 67.0534407998666], [-62.34524169975237, 66.92377739983856], [-62.64857450031922, 66.94761200007392], [-62.82683100022409, 66.70074040000185], [-62.97050000001945, 66.96424999993354], [-63.26300000040545, 66.89349999987904], [-63.56025000006139, 66.81450000005897], [-63.28925000010609, 66.95575000004683], [-63.06250000044184, 67.15925000016878], [-63.35425000009206, 67.2442500000476], [-63.60425000010717, 67.04900000012765], [-63.8627500003761, 67.21700000000213], [-64.16271999989767, 67.18350999996397], [-64.47072009993111, 67.1355900001432], [-64.71403000017402, 66.95990000002755], [-64.46324000013848, 67.16404000003114], [-64.14100989969171, 67.21179010012476], [-64.44948009979143, 67.23091009993799], [-64.76263999974765, 67.19873999991243], [-64.38337999955233, 67.25220000011808], [-64.70408010018697, 67.33081999999969], [-65.00163999975132, 67.36959999998427], [-64.69637000024058, 67.3528998999058], [-64.39458989991306, 67.32011999997641], [-64.08976000033137, 67.31812999990821], [-64.38525990035416, 67.45661989983233], [-64.08452990005107, 67.50980000008205], [-64.30393999998905, 67.72333990014477], [-64.60386000018025, 67.67475999996256], [-64.91631009990799, 67.7869800000859], [-65.19004009977466, 67.64976999991475], [-64.99422999999186, 67.88451010008494], [-65.29680999977421, 67.93144989993739], [-65.56049989981618, 67.7812301001357], [-65.89264999982574, 67.83274000011107], [-66.1644499998472, 67.98008999984779], [-66.38178000043916, 67.77289010004262], [-66.68318769967405, 67.86376729989107], [-66.37709499966991, 67.92201499996685], [-66.59604749959881, 68.14513969994266], [-66.88730339979162, 68.06232329988758], [-67.08686839996986, 68.28769170001925], [-67.3863721999101, 68.36518749990118], [-67.67180910025498, 68.24589849984525], [-67.41179709971725, 68.4052644999942], [-67.07112119983887, 68.37266180005457], [-66.77226539962881, 68.43562999984594], [-67.07521820025408, 68.47892930014878], [-67.38129699972752, 68.49480520004042], [-67.67303839980552, 68.57087999998757], [-67.92934110022826, 68.41250250001575], [-68.19058319981715, 68.57237949985513], [-68.50092410017355, 68.57594310010977], [-68.80029890024237, 68.60035339994664], [-68.49302460033094, 68.6457777001312], [-68.18053210012178, 68.65350749989972], [-68.47246730004423, 68.7309769001573], [-68.77102679994097, 68.76497460003054], [-69.07078770041049, 68.80309030012423], [-69.37508390010211, 68.81629899992694], [-69.07147439956314, 68.86252149990572], [-68.77309880007641, 68.80632519998764], [-68.46201970015214, 68.84595479992998], [-68.12924999975176, 68.81424999984488], [-67.82999999993041, 68.78149999991363], [-68.13416760039922, 68.83681070001869], [-68.4504713999323, 68.88697029991644], [-68.14953300036477, 68.8755366000119], [-68.45657989984687, 68.97555480006282], [-68.14875000001705, 68.98524999998057], [-67.7692499996222, 69.01149999993204], [-68.06324999968311, 69.1122499998572], [-68.36661750037274, 69.1657177998538], [-68.67004959981278, 69.1109929999899], [-68.94976689979421, 68.9886398001496], [-68.68080949991173, 69.15424819994155], [-68.98411040040453, 69.21855630006543], [-68.66363210010174, 69.23402319990082], [-68.30994680007538, 69.21608690011712], [-68.60303539999173, 69.2838679000022], [-68.9027726002091, 69.32756979999584], [-69.22961159974753, 69.26882860010826], [-68.89367519963008, 69.35668460008144], [-68.41299719958991, 69.2984503000257], [-68.07327189964016, 69.28373170015763], [-67.77430329977649, 69.20294119995404], [-67.47449999972388, 69.16824999990703], [-67.17424999981982, 69.19574999993416], [-66.86250000031211, 69.1554999998791], [-67.0304999998336, 69.40699999989658], [-67.37549999962087, 69.4734999998549], [-67.68300000034913, 69.48275000008569], [-67.99836169981282, 69.46743019990556], [-68.30291550039532, 69.52502159986334], [-68.63530299998165, 69.58576209988988], [-68.9433453001722, 69.55849149996567], [-69.2396853001571, 69.50908079987764], [-69.5667476999269, 69.53854969997417], [-69.87526989990516, 69.51190069988328], [-69.55990770007986, 69.55792160011225], [-69.23395110037367, 69.53880620012059], [-68.91140890004436, 69.60525689995177], [-68.54875569967203, 69.6375799999788], [-68.24474999987191, 69.6790000000218], [-67.90474999959986, 69.7832499998691], [-67.56499999957305, 69.74549999984505], [-67.2609999995834, 69.72400000004082], [-67.28451570003575, 70.02313729989619], [-67.55378010006488, 70.1659714000719], [-67.85009100002449, 70.27214890012355], [-68.15842269967033, 70.31794899991736], [-68.34225000030001, 70.06900000003982], [-68.64124999987614, 69.98699999999131], [-68.95074999987146, 69.95199999986865], [-69.24460699981722, 69.8703688998768], [-69.53298480024765, 69.7849854999376], [-69.82762539971742, 69.72599780009108], [-69.5288777000737, 69.8288332999823], [-69.22579989977498, 69.93758009988541], [-68.88124999996249, 70.01949999989682], [-69.10140750001351, 70.2249921998486], [-69.4029273000127, 70.1801550000764], [-69.71792079980439, 70.11849099995476], [-70.07981470008113, 69.95745389998369], [-70.38401759984903, 69.84262289989019], [-70.1006431002425, 69.97948690012699], [-69.83691850007773, 70.12536480009828], [-69.52705489978462, 70.22887000007346], [-69.2087499996499, 70.27949999990278], [-68.90299999974012, 70.29750000007205], [-68.64325000004153, 70.45424999998227], [-68.32591630000151, 70.49886939995126], [-68.61959670014558, 70.62565820006932], [-68.94395609976817, 70.695647699919], [-69.23239210024923, 70.77981470004886], [-69.57030200023121, 70.76601649993471], [-69.86057740007118, 70.68645989987182], [-70.16077810043245, 70.61555760013212], [-70.4343453004168, 70.49089299986393], [-70.18102859999848, 70.65919839990444], [-69.8561772002813, 70.79470820007387], [-70.17698349974881, 70.81104669986966], [-70.48369390020694, 70.74744589993767], [-70.79522080041887, 70.66398400006182], [-71.07616119977877, 70.52317900011005], [-71.23965829961547, 70.25691139998713], [-71.47383269993149, 70.06760839994114], [-71.26457060006022, 70.28666149991737], [-71.38013600022803, 70.56952370005894], [-71.66398879972277, 70.43829170009217], [-71.9799354003528, 70.40061969986637], [-71.66575159973743, 70.52316999994588], [-71.37333770017646, 70.60712719992968], [-71.08013759957042, 70.68103889989239], [-70.75505510016157, 70.76693520000842], [-70.59820119995439, 71.03656560005712], [-70.89712490022352, 71.0933877001062], [-71.19732899980983, 71.01729910008655], [-71.49848659998479, 70.8729121999597], [-71.80112889972871, 70.8274490999939], [-72.10147410039164, 70.78370859989087], [-72.43780960043026, 70.6449708998556], [-72.18456439962033, 70.83316049987012], [-72.48825909997413, 70.8335448998962], [-72.84728790000898, 70.80147980004084], [-72.52773650028097, 70.84610910008087], [-72.24230779975802, 70.96730850003352], [-71.87855880026613, 71.11401749987543], [-71.52960469956749, 71.06248569991732], [-71.23681610012511, 71.21548409999531], [-71.44874999985711, 71.4345000001284], [-71.81150879988606, 71.53800430001652], [-72.15202999999102, 71.58571820011885], [-72.4525282996295, 71.63268009985845], [-72.73973950022128, 71.52295379999508], [-72.97334000013994, 71.29577130008154], [-73.21925839955877, 71.11855090009837], [-73.4216540998934, 71.34545190010982], [-73.64077950036167, 71.11600689996426], [-73.47597330003445, 71.37745229997937], [-73.68425000014133, 71.59500000001381], [-73.94761910011722, 71.42820120006505], [-74.16623859996018, 71.21551359999907], [-73.97246140024178, 71.46235710012367], [-73.74524999979646, 71.68475000001304], [-74.04768230037642, 71.71849310008858], [-74.34960340027091, 71.68018719993664], [-74.63610099986222, 71.55806449992754], [-74.79411219964992, 71.29546609996979], [-75.08169520036137, 71.19760780011825], [-74.79762499958471, 71.3383510998677], [-75.05077029965018, 71.5084013001046], [-74.75681849959419, 71.57648309998457], [-75.0692665996721, 71.58080990002284], [-75.36650340038159, 71.51226240002893], [-75.07673730039195, 71.623954000052], [-75.37963449979269, 71.66678360004222], [-74.99904960043597, 71.71787399996307], [-74.69406109969759, 71.74163739991776], [-74.3854999999726, 71.8055000000619], [-74.1169999997749, 71.96249999990329], [-74.45126719983874, 72.09027829994261], [-74.76016379966111, 72.10264819994025], [-75.0833455995744, 72.11267679995751], [-75.36954800018694, 71.99919229991494], [-75.62000000011365, 71.83350000002679], [-75.91701249958152, 71.69924920006298], [-75.66624999967179, 71.88099999991496], [-75.34199999957943, 72.0317500000893], [-75.63549430023764, 72.12272330012736], [-75.93287979997442, 72.05671110009749], [-76.24988290022692, 71.9237798000366], [-75.98202540027327, 72.08626029991167], [-75.64481679976224, 72.14440519991669], [-75.26740290035785, 72.115521199893], [-74.96525000008577, 72.23474999998561], [-75.17700000030608, 72.45175000005682], [-75.53200000002211, 72.54650000000441], [-75.843686399706, 72.58560740011116], [-76.13850040007675, 72.46469959999772], [-76.46975769955972, 72.62697470001396], [-76.77489420043611, 72.72515039992643], [-77.07902040024841, 72.74204729992427], [-77.37957550036232, 72.75381679988372], [-77.70197219966674, 72.73135919989828], [-78.01655529962927, 72.68319120003714], [-78.33315149988901, 72.60285380012915], [-78.17672030014216, 72.3349124001293], [-77.87375109987309, 72.29449380007681], [-77.55850000008886, 72.20349999988838], [-77.22975000007348, 72.19425000008096], [-77.54987680038536, 72.18206920009877], [-77.9142329999239, 72.26749840009484], [-78.22081200021215, 72.30084449993176], [-78.51764549957988, 72.2328366000867], [-78.80285549985702, 72.3410494000232], [-78.55551499996977, 72.14438430001341], [-78.28500529959825, 71.98706600011413], [-77.97942950009003, 71.91718359987728], [-77.68821860010308, 71.82112609999892], [-77.99752230024255, 71.89347729992127], [-78.2987445000662, 71.95398880005128], [-78.02436929961976, 71.81290589999865], [-78.3145569996335, 71.89237060006852], [-78.52292580041319, 72.1142318998716], [-78.85699970009588, 72.18238960001652], [-78.63607220011592, 71.94654580000876], [-78.96532969975779, 71.95884379990804], [-78.9674132998385, 72.26122760013598], [-79.2843604000145, 72.39500339988693], [-79.56574629997493, 72.27808330002483], [-79.79101539994386, 72.47961610001893], [-80.08121659983968, 72.37043690006966], [-79.80337150030147, 72.16395939987343], [-80.09450619979614, 72.24098159995243], [-80.40590630011079, 72.18616069999871], [-80.64983320012172, 72.00035689986842], [-80.95898260023809, 71.88489680001818], [-80.75366500008445, 72.10557039995179], [-80.58136320043269, 72.3706798001082], [-80.88018869956989, 72.44744339998282], [-81.15176919984492, 72.29222829994718], [-80.90434049976986, 72.46273279996545], [-80.62053449980645, 72.56043840010247], [-80.35425000022096, 72.70400000000393], [-80.6015000002332, 72.91549999998075], [-80.77509350000842, 73.18978770000902], [-81.07526589984498, 73.23679679993378], [-81.21282710041172, 73.51742929989845], [-81.47600000024472, 73.69325000007257], [-81.77498020005365, 73.72754699987455], [-82.15109840003493, 73.73136800008946], [-82.45333740023375, 73.7228036001158], [-82.80297449992439, 73.73638609997037], [-83.1134999995801, 73.65775000001936], [-83.49026439996607, 73.60759419991354], [-83.80049999980486, 73.55075000010409], [-83.60125000016923, 73.32100000009166], [-83.89475640023599, 73.44620269994687], [-84.2979809000979, 73.45625979992803], [-84.59851899959504, 73.41227469996024], [-84.33872790017558, 73.24341759987801], [-84.65475730032196, 73.30681760002612], [-84.96925000012253, 73.35324999998025], [-84.74300000005047, 73.14124999994809], [-84.41825000036592, 73.1122500001145], [-84.1192499998915, 73.06375000003814], [-83.8157500003924, 73.03999999995797], [-84.14205340010389, 73.03382840004537], [-84.45153210014556, 73.06299489997801], [-84.76410510018394, 73.08312610011178], [-85.14404259988507, 73.14613510005233], [-85.44980490042605, 73.11908680012341], [-85.14824360005734, 73.01219169989501], [-84.81116539989127, 72.93872409995508], [-84.49855209963262, 72.88247859990719], [-84.13280539966244, 72.79314339990118], [-84.44200000030895, 72.84499999986977], [-84.77050000007908, 72.8820000000661], [-85.09825000001175, 72.94350000012336], [-85.44574999955664, 72.9772500000212], [-85.66825000044143, 72.77000000001969], [-85.54042260023868, 72.49335719993914], [-85.24614560016836, 72.39923910010006], [-84.94451769960281, 72.42594780010168], [-84.6459799003084, 72.37422820012424], [-84.9451363998817, 72.2907449998797], [-84.64506250031606, 72.24081249999536], [-84.35950000022311, 72.13750000000651], [-84.66625000021561, 72.14175000010911], [-84.97579089960753, 72.25171939996865], [-85.29175000029473, 72.26449999996773], [-85.516791200371, 72.05728009996231], [-85.82124999962063, 72.02149999999048], [-85.54649999957978, 71.8952499999109], [-85.31450000015506, 71.68924999989909], [-84.97874999956076, 71.65500000010896], [-84.67350000014149, 71.67825000010116], [-84.73225000028428, 71.3812500000774], [-84.8152499999623, 71.06425000012301], [-85.11975000044244, 71.08325000007933], [-85.40700000016963, 71.17449999994727], [-85.70699999982844, 71.14575000008378], [-86.00524999956708, 71.07624999992437], [-86.31176669989377, 71.00940500001802], [-86.61360470023456, 70.97491160012557], [-86.31775640030693, 71.05017000014287], [-86.01875000023445, 71.1429999998949], [-85.72349999984561, 71.20299999986432], [-85.41649999960785, 71.21874999994144], [-85.11700000043957, 71.30225000004086], [-85.35325000044038, 71.48925000012412], [-85.64400000000788, 71.59350000004643], [-85.92525000013718, 71.72199999986452], [-86.20300000042614, 71.85550000006127], [-86.42275000040978, 72.07075000010414], [-86.26899999959649, 72.37425000010381], [-86.53749999979418, 72.5799999999515], [-86.70049999980041, 72.83575000001275], [-86.42800000017024, 72.97674999990586], [-86.19275000025216, 73.16525000011353], [-85.93825000031403, 73.35549999996172], [-85.64099999975977, 73.46849999994737], [-85.33450000001254, 73.5614999998881], [-85.0132500001683, 73.65175000001392], [-85.2750000000323, 73.82149999993813], [-85.60200000012752, 73.82875000009062], [-85.92150000005161, 73.84650000007477], [-86.24850000014683, 73.85300000007567], [-86.5572500003047, 73.85624999993135], [-86.88975000040566, 73.81825000001139], [-87.21625000001036, 73.79200000008552], [-87.51474999999425, 73.74600000001286], [-87.82000000031185, 73.69024999992037], [-88.11499999955711, 73.6187500001005], [-88.41075000043648, 73.5182500000831], [-88.69499999991555, 73.40824999993427], [-88.98799999989373, 73.28300000001514], [-89.24675000040794, 73.10175000002418], [-89.40274999983525, 72.83974999994568], [-89.62974999974476, 72.63874999996608], [-89.87125000040434, 72.45400000008914], [-89.79400000007898, 72.16274999998986], [-90.02074999974324, 71.96324999987773], [-89.77099999997338, 71.77000000013419], [-90.02924999999708, 71.60375000008091], [-89.85177609979134, 71.3429666001072], [-89.51300000019495, 71.3047499999975], [-89.19075000026803, 71.29000000010357], [-88.88349999978502, 71.27224999995258], [-88.57800000012048, 71.24224999994794], [-88.25449999986557, 71.23350000006836], [-87.94299999970484, 71.26350000009307], [-87.66374999974096, 71.12249999987526], [-87.36225000040726, 71.05125000007764], [-87.04499999999551, 71.01000000003589], [-87.35925000015914, 70.951499999953], [-87.68825000041977, 70.95700000004928], [-88.02600000028117, 70.93649999989526], [-88.33925000036207, 70.96949999987112], [-88.63799999969294, 71.05074999986157], [-88.94050000000766, 71.04524999986084], [-89.27449999978349, 71.07074999993395], [-89.250000000003, 70.76774999998038], [-88.95375000042976, 70.60424999993474], [-88.67350000038319, 70.46349999992711], [-88.37100000006845, 70.43949999990527], [-88.05549999957687, 70.369250000008], [-87.74999999991236, 70.24774999996411], [-87.42749999974016, 70.32250000012202], [-87.11850000023533, 70.2969999999972], [-86.83025000042542, 70.39124999990038], [-86.50975000041863, 70.43574999991806], [-86.37500000027843, 70.16375000009887], [-86.04900000026592, 70.06575000008306], [-85.72750000017642, 70.00325000001536], [-85.40399999992151, 70.00325000001536], [-85.74824999987135, 70.07350000013655], [-85.42049999993868, 70.09875000003626], [-85.11824999986922, 70.08674999995195], [-84.79574999969702, 70.11100000002473], [-84.50700000029492, 70.01074999993327], [-84.19000000012844, 69.98825000010127], [-83.8727499997167, 69.96925000003309], [-83.56324999972135, 69.96525000013824], [-83.26199999973458, 70.02575000008957], [-82.9492500001442, 69.99925000001265], [-82.66124999968123, 69.91375000014091], [-82.35899999961177, 69.86900000000237], [-82.05475000027519, 69.8664999998862], [-81.73875000019143, 69.93699999999734], [-82.03200000041487, 70.04525000002958], [-82.33750000007939, 70.12924999998188], [-82.65774999984092, 70.19899999986622], [-82.96549999991612, 70.2884999998577], [-82.6645000001746, 70.22274999999509], [-82.34875000033608, 70.16100000003587], [-82.0562499999501, 70.09374999986167], [-81.77499999982082, 69.98175000014145], [-81.4553071998772, 69.93241659994699], [-81.14749999957628, 69.82500000003148], [-80.83600000031385, 69.73075000001222], [-81.08249999959031, 69.92274999992651], [-81.37374999964834, 70.02375000008925], [-81.69925000006866, 70.0782499999645], [-81.3969999999992, 70.09750000013919], [-81.06049999956743, 70.09849999997178], [-80.74350000029928, 70.06549999986333], [-80.43874999957389, 70.01300000010481], [-80.1283524002517, 70.00996380003826], [-79.83159999988952, 69.96209990008956], [-79.54073999981884, 69.87865999995894], [-79.22163990021485, 69.89390010010055], [-78.91095999992471, 69.89681010007102], [-78.75649769976982, 70.1587483999265], [-79.00252650034047, 70.34215339987504], [-79.34725899980243, 70.37346360009371], [-79.05930160014518, 70.4861318999337], [-78.75939079960081, 70.4403236000454], [-78.43198340004953, 70.3567177000365], [-78.16411680016205, 70.20029610009189], [-77.86518480035802, 70.26748649999632], [-77.68279069978038, 70.02697670001875], [-77.58252000036863, 69.74410000008018], [-77.3127201002256, 69.87546009994763], [-77.00990989996517, 69.93937010006445], [-77.2981898999123, 69.84445010010431], [-76.99210990028963, 69.86183999988626], [-76.87328999996723, 69.58585010007], [-76.55883010035262, 69.63214000005264], [-76.23943009998766, 69.667279999891], [-76.55138010041021, 69.61558999987608], [-76.32599000006745, 69.4168898999478], [-76.01442989991925, 69.38818990005053], [-75.72380990004808, 69.29992990000174], [-75.88867989962509, 69.04764990004482], [-76.20995009988513, 69.0451599999615], [-76.54400000017667, 69.03710990013916], [-76.65880990012253, 68.75121000013195], [-76.33276999964006, 68.69132010016075], [-76.01278000016951, 68.78032999993991], [-75.6541199998813, 68.8695100000539], [-75.36803109960827, 68.96493200012065], [-75.05355999979872, 68.94615989994219], [-74.76748720003054, 69.07715049989143], [-75.04077999972989, 68.95179010010843], [-74.73447999999921, 68.93868009994718], [-74.44555999981948, 68.84149000005412], [-74.72993759959479, 68.73717960010886], [-74.46642000001758, 68.59157000009057], [-74.17265009982346, 68.52238999994346], [-73.93519990029742, 68.71290990015729], [-73.95219989990677, 68.41021000009216], [-73.66613009961333, 68.30514000001229], [-73.36125000037693, 68.32644989989157], [-73.07664000014941, 68.21933000013327], [-72.8970699998058, 67.96832190009113], [-72.63806170040974, 67.80075529994612], [-72.44871999978032, 67.54798010003893], [-72.26183000008893, 67.31296010000565], [-72.5213598999665, 67.08104990016984], [-72.82169999999523, 67.00666009997684], [-72.99953989989888, 66.76473009982614], [-73.29488999955983, 66.66129000005719], [-73.5487800003009, 66.49941000006847], [-73.83006999971482, 66.38874010015986], [-74.11373009980136, 66.28397999994868], [-74.40675000015803, 66.19205000003677], [-74.17964010035666, 65.9562798998802], [-73.897949899687, 65.8152699999752], [-73.62815000044228, 65.65938999985296], [-73.91728990011872, 65.53282989983057], [-74.23519999966922, 65.4807998999576], [-74.50311999990876, 65.34114989988407], [-74.80527989985355, 65.37687000008692], [-75.10906000034646, 65.38462989986407], [-75.38841999991519, 65.2632198999739], [-75.6861600000159, 65.30485999986986], [-75.99616010021474, 65.25709989982413], [-76.3001767001725, 65.32387530013624], [-76.60592299992162, 65.38828439986659], [-76.90631000009303, 65.42739009993856], [-77.20851999997954, 65.44808989998343], [-77.4969499000015, 65.33819000009899], [-77.34385000007785, 65.1693204897425]]], [[[-82.4324812996223, 42.444132499990296], [-82.4324812996223, 42.444132499990296]]], [[[-82.4507714003539, 42.482572500054516], [-82.4507714003539, 42.482572500054516]]], [[[-80.15907220031214, 42.583397000198346], [-80.15907220031214, 42.583397000198346]]], [[[-80.13266259962991, 42.568835099798264], [-80.13266259962991, 42.568835099798264]]], [[[-80.29812920003151, 42.62233450016342], [-80.29812920003151, 42.62233450016342]]], [[[-80.42643939978375, 42.59412389972028], [-80.42643939978375, 42.59412389972028]]], [[[-66.01753830016676, 43.41354620005292], [-66.01753830016676, 43.41354620005292]]], [[[-65.64919389966869, 43.419707899717], [-65.64919389966869, 43.419707899717]]], [[[-65.98731700041031, 43.50550840021211], [-65.98731700041031, 43.50550840021211]]], [[[-65.74722179956508, 43.45656120017307], [-65.74722179956508, 43.45656120017307]]], [[[-65.98414059978649, 43.48288680020967], [-65.98414059978649, 43.48288680020967]]], [[[-65.70729759969379, 43.485900399993085], [-65.70729759969379, 43.485900399993085]]], [[[-65.70647490009871, 43.46938340005605], [-65.70647490009871, 43.46938340005605]]], [[[-65.30602619985463, 43.605859000196574], [-65.30602619985463, 43.605859000196574]]], [[[-66.04359519981058, 43.6467621002925], [-66.04359519981058, 43.6467621002925]]], [[[-66.0159561001518, 43.637349099838076], [-66.0159561001518, 43.637349099838076]]], [[[-66.04386689975985, 43.667128200132865], [-66.04386689975985, 43.667128200132865]]], [[[-66.02588130006177, 43.66749490022771], [-66.02588130006177, 43.66749490022771]]], [[[-79.40491549961448, 43.627862899958785], [-79.40491549961448, 43.627862899958785]]], [[[-65.30238729981015, 43.6300201999816], [-65.30238729981015, 43.6300201999816]]], [[[-65.36060200016334, 43.51798620005985], [-65.36060200016334, 43.51798620005985]]], [[[-65.76569399958456, 43.53006480019563], [-65.76569399958456, 43.53006480019563]]], [[[-65.44004199972657, 43.50848669989979], [-65.44004199972657, 43.50848669989979]]], [[[-65.39066779974748, 43.48431770004339], [-65.39066779974748, 43.48431770004339]]], [[[-65.60388040008246, 43.54146349998908], [-65.60388040008246, 43.54146349998908]]], [[[-64.96945879972542, 43.742020800299635], [-64.96945879972542, 43.742020800299635]]], [[[-66.09365000027985, 43.737629148557616], [-66.09365000027985, 43.737629148557616]]], [[[-65.85468029955241, 43.73521179982657], [-65.85468029955241, 43.73521179982657]]], [[[-65.94523299996604, 43.74999999999595], [-65.94523299996604, 43.74999999999595]]], [[[-65.94198090010985, 43.71131419997895], [-65.94198090010985, 43.71131419997895]]], [[[-65.8855858999597, 43.72063210020259], [-65.8855858999597, 43.72063210020259]]], [[[-65.88943230005505, 43.707267399815514], [-65.88943230005505, 43.707267399815514]]], [[[-65.91806874976645, 43.69805712128747], [-65.91806874976645, 43.69805712128747]]], [[[-65.89912460004952, 43.71754209996953], [-65.89912460004952, 43.71754209996953]]], [[[-76.63903660000848, 43.93090139992354], [-76.63903660000848, 43.93090139992354]]], [[[-76.81286829975939, 43.94665400011723], [-76.81286829975939, 43.94665400011723]]], [[[-76.84344389955548, 43.955921499756116], [-76.84344389955548, 43.955921499756116]]], [[[-77.75139310036252, 43.97261069982299], [-77.75139310036252, 43.97261069982299]]], [[[-64.80586569962924, 43.91474039999698], [-64.80586569962924, 43.91474039999698]]], [[[-64.76994080030117, 43.88941090021096], [-64.76994080030117, 43.88941090021096]]], [[[-77.53166790016893, 43.91360850000936], [-77.53166790016893, 43.91360850000936]]], [[[-64.63019669988223, 44.04290410003173], [-64.63019669988223, 44.04290410003173]]], [[[-77.62718620001229, 44.02509609990178], [-77.62718620001229, 44.02509609990178]]], [[[-76.98937579956899, 43.98762689994539], [-76.98937579956899, 43.98762689994539]]], [[[-66.09385000029641, 43.7517405596738], [-66.09385000029641, 43.7517405596738]]], [[[-65.88661919969168, 43.76164890022082], [-65.88661919969168, 43.76164890022082]]], [[[-65.9178687497499, 43.7181915895918], [-65.9178687497499, 43.7181915895918]]], [[[-65.91806874976645, 43.75657562167254], [-65.91806874976645, 43.75657562167254]]], [[[-65.86023469973512, 43.76265760032209], [-65.86023469973512, 43.76265760032209]]], [[[-65.85099770006262, 43.761989800127886], [-65.85099770006262, 43.761989800127886]]], [[[-66.08475509972881, 43.763319299864165], [-66.08475509972881, 43.763319299864165]]], [[[-65.17293610040822, 43.68758200015662], [-65.17293610040822, 43.68758200015662]]], [[[-65.82666369996349, 43.68882319977984], [-65.82666369996349, 43.68882319977984]]], [[[-65.88538390029333, 43.699188200214806], [-65.88538390029333, 43.699188200214806]]], [[[-80.37642579964664, 42.659898899860664], [-80.37642579964664, 42.659898899860664]]], [[[-76.52554829971197, 44.149621499765495], [-76.52554829971197, 44.149621499765495]]], [[[-64.36207810009968, 44.24179400011415], [-64.36207810009968, 44.24179400011415]]], [[[-64.27872019993434, 44.23585300010064], [-64.27872019993434, 44.23585300010064]]], [[[-76.33410739975695, 44.18898560011636], [-76.33410739975695, 44.18898560011636]]], [[[-76.55598530023951, 44.15156939984116], [-76.55598530023951, 44.15156939984116]]], [[[-76.47166700042416, 44.19845969974112], [-76.47166700042416, 44.19845969974112]]], [[[-64.33591984533898, 44.19986128866203], [-64.33591984533898, 44.19986128866203]]], [[[-64.3486186996899, 44.21751140031757], [-64.3486186996899, 44.21751140031757]]], [[[-64.3749007997889, 44.233287400269056], [-64.3749007997889, 44.233287400269056]]], [[[-64.37258920010257, 44.22923730026903], [-64.37258920010257, 44.22923730026903]]], [[[-64.3360375003867, 44.23203797252814], [-64.3360375003867, 44.23203797252814]]], [[[-64.1976133997176, 44.312491999950936], [-64.1976133997176, 44.312491999950936]]], [[[-76.17674949975964, 44.31175500019503], [-76.17674949975964, 44.31175500019503]]], [[[-76.10170060005244, 44.317146600242985], [-76.10170060005244, 44.317146600242985]]], [[[-76.08232139983667, 44.33053320028329], [-76.08232139983667, 44.33053320028329]]], [[[-76.06318650005569, 44.33553400005728], [-76.06318650005569, 44.33553400005728]]], [[[-64.20420156226464, 44.346226150281474], [-64.20420156226464, 44.346226150281474]]], [[[-64.20400156224811, 44.35223006298923], [-64.20400156224811, 44.35223006298923]]], [[[-64.2261742184686, 44.35179677914191], [-64.2261742184686, 44.35179677914191]]], [[[-64.33002969981885, 44.34209630020383], [-64.33002969981885, 44.34209630020383]]], [[[-76.15544189959817, 44.28821020013938], [-76.15544189959817, 44.28821020013938]]], [[[-64.34372200014413, 44.24999999988588], [-64.34372200014413, 44.24999999988588]]], [[[-76.18079510037091, 44.25214300006824], [-76.18079510037091, 44.25214300006824]]], [[[-64.36844799988043, 44.24999999988588], [-64.36844799988043, 44.24999999988588]]], [[[-76.35516969965873, 44.25151490019442], [-76.35516969965873, 44.25151490019442]]], [[[-66.38950400001798, 44.24999999988588], [-66.38950400001798, 44.24999999988588]]], [[[-76.18680169989122, 44.294914000181656], [-76.18680169989122, 44.294914000181656]]], [[[-76.15917159955495, 44.30630900022791], [-76.15917159955495, 44.30630900022791]]], [[[-64.13215739962206, 44.42126140026865], [-64.13215739962206, 44.42126140026865]]], [[[-64.32535289976981, 44.42666070005614], [-64.32535289976981, 44.42666070005614]]], [[[-64.33583750037015, 44.42149897268784], [-64.33583750037015, 44.42149897268784]]], [[[-64.30171790035281, 44.42745889993606], [-64.30171790035281, 44.42745889993606]]], [[[-64.29849889982158, 44.464493199958824], [-64.29849889982158, 44.464493199958824]]], [[[-64.28849060035793, 44.47771019974192], [-64.28849060035793, 44.47771019974192]]], [[[-63.87510160017414, 44.48330620019394], [-63.87510160017414, 44.48330620019394]]], [[[-63.862752399776234, 44.49365250024081], [-63.862752399776234, 44.49365250024081]]], [[[-64.26567949978691, 44.48447770019531], [-64.26567949978691, 44.48447770019531]]], [[[-64.28561350042047, 44.467654999971536], [-64.28561350042047, 44.467654999971536]]], [[[-63.750959700121236, 44.47102449999047], [-63.750959700121236, 44.47102449999047]]], [[[-64.13955180013659, 44.471623700114655], [-64.13955180013659, 44.471623700114655]]], [[[-63.73826660037803, 44.44887929968604], [-63.73826660037803, 44.44887929968604]]], [[[-63.66520549991807, 44.450742499751556], [-63.66520549991807, 44.450742499751556]]], [[[-64.09527720037984, 44.436337899712754], [-64.09527720037984, 44.436337899712754]]], [[[-63.7270632002267, 44.44331140002522], [-63.7270632002267, 44.44331140002522]]], [[[-64.30358299961371, 44.43999939975813], [-64.30358299961371, 44.43999939975813]]], [[[-63.76765440009476, 44.452187799749446], [-63.76765440009476, 44.452187799749446]]], [[[-64.31469629964035, 44.45135940003414], [-64.31469629964035, 44.45135940003414]]], [[[-64.24241740002749, 44.453703799731585], [-64.24241740002749, 44.453703799731585]]], [[[-63.74383499990613, 44.45645729998277], [-63.74383499990613, 44.45645729998277]]], [[[-64.16009989987816, 44.46989390018599], [-64.16009989987816, 44.46989390018599]]], [[[-64.2917556997346, 44.51518820008722], [-64.2917556997346, 44.51518820008722]]], [[[-63.952925700322865, 44.544318599684274], [-63.952925700322865, 44.544318599684274]]], [[[-64.30613299960001, 44.55725139989321], [-64.30613299960001, 44.55725139989321]]], [[[-64.2832726003845, 44.544808000143306], [-64.2832726003845, 44.544808000143306]]], [[[-64.21180939979574, 44.56169569970566], [-64.21180939979574, 44.56169569970566]]], [[[-64.22635699957777, 44.526738899890475], [-64.22635699957777, 44.526738899890475]]], [[[-63.92068130022345, 44.5795249999641], [-63.92068130022345, 44.5795249999641]]], [[[-66.75762500028466, 44.58513870006914], [-66.75762500028466, 44.58513870006914]]], [[[-62.84667570023357, 44.690908900137806], [-62.84667570023357, 44.690908900137806]]], [[[-62.84183879973965, 44.689365500081024], [-62.84183879973965, 44.689365500081024]]], [[[-62.90500170005382, 44.684667099736636], [-62.90500170005382, 44.684667099736636]]], [[[-66.69840719976274, 44.690032900221915], [-66.69840719976274, 44.690032900221915]]], [[[-66.81051600039653, 44.60849139983172], [-66.81051600039653, 44.60849139983172]]], [[[-66.76776870011615, 44.59211480021889], [-66.76776870011615, 44.59211480021889]]], [[[-63.946122499961426, 44.59433349971347], [-63.946122499961426, 44.59433349971347]]], [[[-63.50398980020447, 44.60951530013106], [-63.50398980020447, 44.60951530013106]]], [[[-66.7137737001645, 44.65393760025195], [-66.7137737001645, 44.65393760025195]]], [[[-66.81323769987469, 44.625000000254545], [-66.81323769987469, 44.625000000254545]]], [[[-65.71525940039629, 44.63042500025685], [-65.71525940039629, 44.63042500025685]]], [[[-63.52061049965984, 44.620578399955924], [-63.52061049965984, 44.620578399955924]]], [[[-66.69289980033403, 44.62307330025924], [-66.69289980033403, 44.62307330025924]]], [[[-63.89932080007155, 44.665517999953806], [-63.89932080007155, 44.665517999953806]]], [[[-66.74001450021834, 44.68074610005817], [-66.74001450021834, 44.68074610005817]]], [[[-63.77780759961036, 44.49615089979238], [-63.77780759961036, 44.49615089979238]]], [[[-64.03115099975557, 44.50000000009548], [-64.03115099975557, 44.50000000009548]]], [[[-66.28648659023395, 44.326955000173676], [-66.28648659023395, 44.326955000173676]]], [[[-64.2795962001685, 44.39152309999269], [-64.2795962001685, 44.39152309999269]]], [[[-64.2480573997753, 44.38031519989583], [-64.2480573997753, 44.38031519989583]]], [[[-76.73081049986374, 44.09765619982112], [-76.73081049986374, 44.09765619982112]]], [[[-64.5249294998933, 44.12499999971243], [-64.5249294998933, 44.12499999971243]]], [[[-76.81261719997622, 44.12828370013918], [-76.81261719997622, 44.12828370013918]]], [[[-76.51355190006548, 44.15873440026615], [-76.21833240017548, 44.21427360019127], [-76.51355190006548, 44.15873440026615]]], [[[-62.666115625292804, 44.75719081121945], [-62.666115625292804, 44.75719081121945]]], [[[-62.753806250092076, 44.73225273532827], [-62.753806250092076, 44.73225273532827]]], [[[-62.71352999956265, 44.749999999690836], [-62.71352999956265, 44.749999999690836]]], [[[-62.620558100156295, 44.792569399983705], [-62.620558100156295, 44.792569399983705]]], [[[-62.59905920016182, 44.79067470025988], [-62.59905920016182, 44.79067470025988]]], [[[-62.620328799790116, 44.81244999993617], [-62.620328799790116, 44.81244999993617]]], [[[-62.54678040011943, 44.80827129984901], [-62.54678040011943, 44.80827129984901]]], [[[-62.674477000226936, 44.764038999893174], [-62.674477000226936, 44.764038999893174]]], [[[-62.69429489989823, 44.778673400286365], [-62.69429489989823, 44.778673400286365]]], [[[-62.314353125114664, 44.91058737836749], [-62.314353125114664, 44.91058737836749]]], [[[-62.13861780005528, 44.88507789994055], [-62.13861780005528, 44.88507789994055]]], [[[-80.20053390002987, 44.90373370023893], [-80.20053390002987, 44.90373370023893]]], [[[-79.90742939993298, 44.899030900180385], [-79.90742939993298, 44.899030900180385]]], [[[-62.32947920041379, 44.90578410015912], [-62.32947920041379, 44.90578410015912]]], [[[-79.85801570013253, 44.90946139990657], [-79.85801570013253, 44.90946139990657]]], [[[-62.17080846203608, 44.91220937484382], [-62.17080846203608, 44.91220937484382]]], [[[-62.29762820042509, 44.90470140003383], [-62.29762820042509, 44.90470140003383]]], [[[-62.513584199942215, 44.833750100048476], [-62.513584199942215, 44.833750100048476]]], [[[-79.82270499962546, 44.83616860028122], [-79.82270499962546, 44.83616860028122]]], [[[-62.540846600069756, 44.82900649992226], [-62.540846600069756, 44.82900649992226]]], [[[-62.522943339950636, 44.8243187500332], [-62.522943339950636, 44.8243187500332]]], [[[-79.69759190037617, 44.828657099952366], [-79.69759190037617, 44.828657099952366]]], [[[-79.8229731000254, 44.87655570009952], [-79.8229731000254, 44.87655570009952]]], [[[-79.84438530001853, 44.880574500310495], [-79.84438530001853, 44.880574500310495]]], [[[-80.98378409978076, 44.888980899837854], [-80.98378409978076, 44.888980899837854]]], [[[-79.83595349986106, 44.89289050002185], [-79.83595349986106, 44.89289050002185]]], [[[-62.543141299750644, 44.83428539991605], [-62.543141299750644, 44.83428539991605]]], [[[-80.99703829982683, 44.82494759974577], [-80.99703829982683, 44.82494759974577]]], [[[-62.46283529999897, 44.8241443000468], [-62.46283529999897, 44.8241443000468]]], [[[-80.9271555996405, 44.83430440008625], [-80.9271555996405, 44.83430440008625]]], [[[-62.54466610011391, 44.84734849978911], [-62.54466610011391, 44.84734849978911]]], [[[-62.42451480042068, 44.84051809986131], [-62.42451480042068, 44.84051809986131]]], [[[-62.37502939978917, 44.85418680003564], [-62.37502939978917, 44.85418680003564]]], [[[-79.69991579979538, 44.85407780018367], [-79.69991579979538, 44.85407780018367]]], [[[-80.138194799747, 44.87685590000475], [-80.138194799747, 44.87685590000475]]], [[[-79.84783860004046, 44.85147380011792], [-79.84783860004046, 44.85147380011792]]], [[[-79.88632450012383, 44.884731799848076], [-79.88632450012383, 44.884731799848076]]], [[[-81.08462060037927, 44.98098769980391], [-81.08462060037927, 44.98098769980391]]], [[[-81.44121810021618, 44.98341179999077], [-81.44121810021618, 44.98341179999077]]], [[[-79.96428760018972, 44.99364999975689], [-79.96428760018972, 44.99364999975689]]], [[[-61.97182800010481, 45.00000000029697], [-61.97182800010481, 45.00000000029697]]], [[[-66.93794600029065, 45.00000000029697], [-66.93794600029065, 45.00000000029697]]], [[[-79.95894810037919, 44.997103800205956], [-79.95894810037919, 44.997103800205956]]], [[[-79.97492290036547, 45.00420920001585], [-79.97492290036547, 45.00420920001585]]], [[[-66.84128919991073, 45.02664319970427], [-66.84128919991073, 45.02664319970427]]], [[[-80.012363500123, 45.02492990001963], [-80.012363500123, 45.02492990001963]]], [[[-79.99318809979742, 45.00577989973648], [-79.99318809979742, 45.00577989973648]]], [[[-79.98062170023854, 45.00559150016667], [-79.98062170023854, 45.00559150016667]]], [[[-61.966349699803075, 45.01356910007234], [-61.966349699803075, 45.01356910007234]]], [[[-79.99117530043583, 45.01466970009771], [-79.99117530043583, 45.01466970009771]]], [[[-81.41987519985733, 44.94943909998431], [-81.41987519985733, 44.94943909998431]]], [[[-66.7081066000412, 44.979092599891786], [-66.7081066000412, 44.979092599891786]]], [[[-80.02649329975458, 45.04887519984846], [-80.02649329975458, 45.04887519984846]]], [[[-67.06472620023075, 45.06456050030586], [-67.06472620023075, 45.06456050030586]]], [[[-61.713344800128304, 45.08886620025981], [-61.713344800128304, 45.08886620025981]]], [[[-80.07550999989502, 45.09298000026106], [-80.07550999989502, 45.09298000026106]]], [[[-80.10863760022558, 45.11099920030901], [-80.10863760022558, 45.11099920030901]]], [[[-61.54301590026645, 45.09889089981874], [-61.54301590026645, 45.09889089981874]]], [[[-80.07966689997338, 45.10536469995976], [-80.07966689997338, 45.10536469995976]]], [[[-67.03218449999314, 45.09697819997777], [-67.03218449999314, 45.09697819997777]]], [[[-66.8218901002148, 45.03219940015212], [-66.8218901002148, 45.03219940015212]]], [[[-66.91402320041958, 45.0311894998323], [-66.91402320041958, 45.0311894998323]]], [[[-66.96279000002774, 45.02315749979657], [-66.96279000002774, 45.02315749979657]]], [[[-66.92321670007274, 45.04905960025836], [-66.92321670007274, 45.04905960025836]]], [[[-79.89722189995342, 44.92784660003609], [-79.89722189995342, 44.92784660003609]]], [[[-62.27615410022065, 44.9176364999765], [-62.27615410022065, 44.9176364999765]]], [[[-62.16165320007128, 44.923392099697494], [-62.16165320007128, 44.923392099697494]]], [[[-79.8433057002185, 44.92287180007045], [-79.8433057002185, 44.92287180007045]]], [[[-79.92445499973132, 44.92672090012027], [-79.92445499973132, 44.92672090012027]]], [[[-62.26658320035032, 44.92676780015331], [-62.26658320035032, 44.92676780015331]]], [[[-79.91216919973122, 44.928886800071176], [-79.91216919973122, 44.928886800071176]]], [[[-79.87824760008061, 44.92937640030847], [-79.87824760008061, 44.92937640030847]]], [[[-66.97275625025127, 44.859529428263166], [-66.97275625025127, 44.859529428263166]]], [[[-80.01712950018478, 44.8975658997874], [-80.01712950018478, 44.8975658997874]]], [[[-79.93277930029538, 44.931159499741035], [-79.93277930029538, 44.931159499741035]]], [[[-66.93681149995204, 44.954427199899705], [-66.93681149995204, 44.954427199899705]]], [[[-66.97275625025127, 44.92255275238789], [-66.97275625025127, 44.92255275238789]]], [[[-79.90537860003826, 44.93600699990066], [-79.90537860003826, 44.93600699990066]]], [[[-62.094826562193326, 44.93385502082737], [-62.094826562193326, 44.93385502082737]]], [[[-62.02541260022732, 44.93749999970518], [-62.02541260022732, 44.93749999970518]]], [[[-79.88094259983188, 44.94580620012768], [-79.88094259983188, 44.94580620012768]]], [[[-62.08470559962001, 44.944001299689916], [-62.08470559962001, 44.944001299689916]]], [[[-66.73523949993572, 44.93816100012149], [-66.73523949993572, 44.93816100012149]]], [[[-62.07761929968836, 44.94905200007727], [-62.07761929968836, 44.94905200007727]]], [[[-66.73665749959484, 44.95161610031389], [-66.73665749959484, 44.95161610031389]]], [[[-66.9726294997613, 44.944709000311896], [-66.9726294997613, 44.944709000311896]]], [[[-65.60626109997708, 44.699158699949514], [-65.60626109997708, 44.699158699949514]]], [[[-63.10193389983106, 44.70041839984679], [-63.10193389983106, 44.70041839984679]]], [[[-63.123610100313144, 44.70038060031372], [-63.123610100313144, 44.70038060031372]]], [[[-66.7252135000677, 44.700309600065914], [-66.7252135000677, 44.700309600065914]]], [[[-63.12366629981563, 44.699627099962335], [-63.12366629981563, 44.699627099962335]]], [[[-66.88717444034438, 44.64833750005227], [-66.88717444034438, 44.64833750005227]]], [[[-62.79936800000539, 44.71200170016374], [-62.79936800000539, 44.71200170016374]]], [[[-63.10556875027023, 44.70662737877857], [-63.10556875027023, 44.70662737877857]]], [[[-81.3007089001782, 44.72635569981051], [-81.3007089001782, 44.72635569981051]]], [[[-66.72423090035205, 44.73558760029153], [-66.72423090035205, 44.73558760029153]]], [[[-62.80256159977366, 44.736331199761466], [-62.80256159977366, 44.736331199761466]]], [[[-81.31084669987487, 44.72563959980138], [-81.31084669987487, 44.72563959980138]]], [[[-81.3087354002424, 44.741332800203956], [-81.3087354002424, 44.741332800203956]]], [[[-62.78589240027609, 44.74434879972227], [-62.78589240027609, 44.74434879972227]]], [[[-81.31692729991333, 44.7492909998306], [-81.31692729991333, 44.7492909998306]]], [[[-79.73085689982605, 44.801901199974125], [-79.73085689982605, 44.801901199974125]]], [[[-79.75688339958232, 44.78790999972916], [-79.75688339958232, 44.78790999972916]]], [[[-80.24732309986256, 44.84222930017057], [-80.24732309986256, 44.84222930017057]]], [[[-80.02608910009755, 45.14839589978597], [-80.02608910009755, 45.14839589978597]]], [[[-61.52333749997562, 45.15298811812014], [-61.52333749997562, 45.15298811812014]]], [[[-80.07203620031828, 45.142732599960105], [-80.07203620031828, 45.142732599960105]]], [[[-80.03538350032008, 45.181782899918055], [-80.03538350032008, 45.181782899918055]]], [[[-61.13709269959429, 45.196180299743276], [-61.13709269959429, 45.196180299743276]]], [[[-80.08768610032757, 45.18223300004367], [-80.08768610032757, 45.18223300004367]]], [[[-80.15725180032149, 45.19154270017713], [-80.15725180032149, 45.19154270017713]]], [[[-80.08370080002807, 45.196011899766006], [-80.08370080002807, 45.196011899766006]]], [[[-80.13773619991298, 45.193401400316155], [-80.13773619991298, 45.193401400316155]]], [[[-80.09000570040983, 45.16031179970641], [-80.09000570040983, 45.16031179970641]]], [[[-80.10291850022374, 45.160044700028315], [-80.10291850022374, 45.160044700028315]]], [[[-80.10563799972776, 45.165062300207744], [-80.10563799972776, 45.165062300207744]]], [[[-80.14595610007133, 45.17183790030705], [-80.14595610007133, 45.17183790030705]]], [[[-80.04397070003854, 45.169731299931456], [-80.04397070003854, 45.169731299931456]]], [[[-80.09893609968596, 45.17257560009511], [-80.09893609968596, 45.17257560009511]]], [[[-80.13408889972227, 45.17488079981831], [-80.13408889972227, 45.17488079981831]]], [[[-80.07834899958634, 45.18000920004054], [-80.07834899958634, 45.18000920004054]]], [[[-61.17412589989572, 45.21311370000604], [-61.17412589989572, 45.21311370000604]]], [[[-66.10677819992922, 45.2104556001988], [-66.10677819992922, 45.2104556001988]]], [[[-80.14924010000159, 45.20805720030435], [-80.14924010000159, 45.20805720030435]]], [[[-81.72363660012094, 45.283042599739545], [-81.72363660012094, 45.283042599739545]]], [[[-81.72489239997238, 45.2888154999966], [-81.72489239997238, 45.2888154999966]]], [[[-81.6969081002078, 45.28941610016961], [-81.6969081002078, 45.28941610016961]]], [[[-81.63974599989047, 45.301586100058955], [-81.63974599989047, 45.301586100058955]]], [[[-80.30164889992601, 45.30554689984957], [-80.30164889992601, 45.30554689984957]]], [[[-80.24371619960513, 45.30280539981222], [-80.24371619960513, 45.30280539981222]]], [[[-81.77669119961573, 45.31286280013904], [-81.77669119961573, 45.31286280013904]]], [[[-60.96184069959881, 45.343059200125495], [-60.96184069959881, 45.343059200125495]]], [[[-60.94924130042796, 45.30695860009611], [-60.94924130042796, 45.30695860009611]]], [[[-80.07510270015194, 45.29650900022994], [-80.07510270015194, 45.29650900022994]]], [[[-81.57724629969942, 45.313779100042694], [-81.57724629969942, 45.313779100042694]]], [[[-80.22502400037592, 45.31486719972214], [-80.22502400037592, 45.31486719972214]]], [[[-80.23489470039594, 45.321364900046035], [-80.23489470039594, 45.321364900046035]]], [[[-80.16188920026215, 45.36804430017543], [-80.16188920026215, 45.36804430017543]]], [[[-80.32803649996862, 45.42013200006336], [-80.32803649996862, 45.42013200006336]]], [[[-64.09291549985348, 45.383315000002305], [-64.09291549985348, 45.383315000002305]]], [[[-80.15191240022395, 45.391533599883964], [-80.15191240022395, 45.391533599883964]]], [[[-80.16113319967862, 45.39397030016202], [-80.16113319967862, 45.39397030016202]]], [[[-80.14832779974512, 45.38193539987239], [-80.14832779974512, 45.38193539987239]]], [[[-80.08818850021822, 45.385724300027526], [-80.08818850021822, 45.385724300027526]]], [[[-80.17153580026319, 45.37430310001458], [-80.17153580026319, 45.37430310001458]]], [[[-80.42785069980748, 45.376822499954926], [-80.42785069980748, 45.376822499954926]]], [[[-80.31740019996793, 45.37834350031093], [-80.31740019996793, 45.37834350031093]]], [[[-80.13308819985197, 45.38045439988862], [-80.13308819985197, 45.38045439988862]]], [[[-81.7942262995887, 45.40333009994441], [-81.7942262995887, 45.40333009994441]]], [[[-80.36010129989326, 45.40824639989518], [-80.36010129989326, 45.40824639989518]]], [[[-60.98800360044614, 45.34519869990912], [-60.98800360044614, 45.34519869990912]]], [[[-61.02252260042195, 45.35158760001419], [-61.02252260042195, 45.35158760001419]]], [[[-80.2672494001375, 45.350106900246494], [-80.2672494001375, 45.350106900246494]]], [[[-80.2957062999798, 45.35425209996927], [-80.2957062999798, 45.35425209996927]]], [[[-80.15282749963083, 45.2233014997822], [-80.15282749963083, 45.2233014997822]]], [[[-80.14503719989247, 45.22108209968425], [-80.14503719989247, 45.22108209968425]]], [[[-61.057739300319355, 45.225540100242526], [-61.057739300319355, 45.225540100242526]]], [[[-80.19072410039624, 45.22858649969675], [-80.19072410039624, 45.22858649969675]]], [[[-81.70651479973884, 45.26333600029413], [-81.70651479973884, 45.26333600029413]]], [[[-61.04190549990006, 45.248907299967804], [-61.04190549990006, 45.248907299967804]]], [[[-65.00000000033432, 45.254464999927116], [-65.00000000033432, 45.254464999927116]]], [[[-61.14966620033551, 45.24998210025251], [-61.14966620033551, 45.24998210025251]]], [[[-60.99619375019891, 45.262912798597284], [-60.99619375019891, 45.262912798597284]]], [[[-80.15729109981854, 45.25026940015689], [-80.15729109981854, 45.25026940015689]]], [[[-61.163830499765574, 45.23879680004765], [-61.163830499765574, 45.23879680004765]]], [[[-61.217827200228044, 45.23788259987141], [-61.217827200228044, 45.23788259987141]]], [[[-80.16325450025515, 45.23824769985154], [-80.16325450025515, 45.23824769985154]]], [[[-80.14606379998907, 45.275270199934155], [-80.14606379998907, 45.275270199934155]]], [[[-80.27467370017796, 45.26039480027101], [-80.27467370017796, 45.26039480027101]]], [[[-80.22675680025334, 45.28853699998605], [-80.22675680025334, 45.28853699998605]]], [[[-80.48534110022517, 45.45717950024843], [-80.48534110022517, 45.45717950024843]]], [[[-80.4750782002437, 45.45552869978497], [-80.4750782002437, 45.45552869978497]]], [[[-80.43217030005513, 45.46289549998769], [-80.43217030005513, 45.46289549998769]]], [[[-80.43349170027851, 45.487875600264964], [-80.43349170027851, 45.487875600264964]]], [[[-80.46960499967784, 45.49182310002842], [-80.46960499967784, 45.49182310002842]]], [[[-80.47707429992415, 45.49561039988195], [-80.47707429992415, 45.49561039988195]]], [[[-61.05896500032058, 45.50000000029108], [-61.05896500032058, 45.50000000029108]]], [[[-80.4354695003783, 45.467185999785464], [-80.4354695003783, 45.467185999785464]]], [[[-80.45947669966529, 45.48747249986927], [-80.45947669966529, 45.48747249986927]]], [[[-80.47559639970355, 45.50822780029833], [-80.47559639970355, 45.50822780029833]]], [[[-61.0906545002892, 45.50447249989812], [-61.0906545002892, 45.50447249989812]]], [[[-80.48114169995243, 45.52987510008043], [-80.48114169995243, 45.52987510008043]]], [[[-80.46278800029533, 45.533839300276234], [-80.46278800029533, 45.533839300276234]]], [[[-60.95894729973051, 45.49600910014818], [-60.95894729973051, 45.49600910014818]]], [[[-80.4815694004356, 45.51737619986272], [-80.4815694004356, 45.51737619986272]]], [[[-61.09339480028361, 45.52055210024459], [-61.09339480028361, 45.52055210024459]]], [[[-61.17197499983056, 45.52093877920577], [-61.17197499983056, 45.52093877920577]]], [[[-80.48269929960334, 45.52179260004572], [-80.48269929960334, 45.52179260004572]]], [[[-80.44970199990475, 45.529514299807154], [-80.44970199990475, 45.529514299807154]]], [[[-80.47277879967893, 45.53644589991434], [-80.47277879967893, 45.53644589991434]]], [[[-81.83542100024104, 45.47258319999759], [-81.83542100024104, 45.47258319999759]]], [[[-61.5584511002279, 45.1251337997038], [-61.5584511002279, 45.1251337997038]]], [[[-61.612325200417025, 45.14078439973615], [-61.612325200417025, 45.14078439973615]]], [[[-80.113046500199, 45.13743409994708], [-80.113046500199, 45.13743409994708]]], [[[-80.10865450023101, 45.12178199996955], [-80.10865450023101, 45.12178199996955]]], [[[-80.06490339999426, 45.122335299969166], [-80.06490339999426, 45.122335299969166]]], [[[-80.05976760036093, 45.12870820020789], [-80.05976760036093, 45.12870820020789]]], [[[-80.0778530999051, 45.13338939999885], [-80.0778530999051, 45.13338939999885]]], [[[-80.00464310009352, 45.12980839985575], [-80.00464310009352, 45.12980839985575]]], [[[-80.06568920039074, 45.1339694001846], [-80.06568920039074, 45.1339694001846]]], [[[-64.26918060006346, 45.141322800140195], [-64.26918060006346, 45.141322800140195]]], [[[-80.08696500019114, 45.15579419983202], [-80.08696500019114, 45.15579419983202]]], [[[-61.25433329966348, 46.36797099972303], [-61.25433329966348, 46.36797099972303]]], [[[-63.786349700308314, 46.52229530011141], [-63.786349700308314, 46.52229530011141]]], [[[-63.75009999981791, 46.53975449996238], [-63.75009999981791, 46.53975449996238]]], [[[-63.78620279970821, 46.37499999970375], [-63.78620279970821, 46.37499999970375]]], [[[-72.39945909981641, 46.4108291996992], [-72.39945909981641, 46.4108291996992]]], [[[-64.58347720033244, 46.37494599975957], [-64.58347720033244, 46.37494599975957]]], [[[-63.68504160035533, 46.558542000282486], [-63.68504160035533, 46.558542000282486]]], [[[-63.83230679967648, 46.59257070016721], [-63.83230679967648, 46.59257070016721]]], [[[-83.50305599998016, 45.906248999802685], [-83.50305599998016, 45.906248999802685]]], [[[-81.59891169973685, 46.04241779974337], [-81.59891169973685, 46.04241779974337]]], [[[-82.2970265998878, 46.01423929981284], [-82.2970265998878, 46.01423929981284]]], [[[-82.11276679997466, 46.02164719984131], [-82.11276679997466, 46.02164719984131]]], [[[-62.50000000018327, 46.025780999970884], [-62.50000000018327, 46.025780999970884]]], [[[-82.02892279984954, 46.00760190013189], [-82.02892279984954, 46.00760190013189]]], [[[-62.51546919958159, 46.03969510023698], [-62.51546919958159, 46.03969510023698]]], [[[-82.07569370010157, 46.00814250030812], [-82.07569370010157, 46.00814250030812]]], [[[-83.73009370038552, 46.24479969979882], [-83.73009370038552, 46.24479969979882]]], [[[-83.69739670029989, 46.26310410025798], [-83.69739670029989, 46.26310410025798]]], [[[-83.689702600247, 46.25126579997168], [-83.689702600247, 46.25126579997168]]], [[[-64.53580899989255, 46.2500000002366], [-64.53580899989255, 46.2500000002366]]], [[[-82.76223499988103, 46.17147889969854], [-82.76223499988103, 46.17147889969854]]], [[[-60.41401289994376, 46.18755330002023], [-60.41401289994376, 46.18755330002023]]], [[[-82.34305889992334, 46.17683549995674], [-82.34305889992334, 46.17683549995674]]], [[[-82.34720049989576, 46.18015459999875], [-82.34720049989576, 46.18015459999875]]], [[[-82.33754060033696, 46.179472500305586], [-82.33754060033696, 46.179472500305586]]], [[[-82.2988644002455, 46.18265189977058], [-82.2988644002455, 46.18265189977058]]], [[[-62.4324657997802, 46.19601240024001], [-62.4324657997802, 46.19601240024001]]], [[[-83.64405229980288, 46.20367099981636], [-83.64405229980288, 46.20367099981636]]], [[[-82.6719409998962, 46.19958390023243], [-82.6719409998962, 46.19958390023243]]], [[[-82.40781199975008, 46.15427259999408], [-82.40781199975008, 46.15427259999408]]], [[[-82.41109300020561, 46.15800309995632], [-82.41109300020561, 46.15800309995632]]], [[[-82.83914190036172, 46.158816200031715], [-82.83914190036172, 46.158816200031715]]], [[[-82.62297520009639, 46.160781500205594], [-82.62297520009639, 46.160781500205594]]], [[[-83.43628139971, 46.16889120020702], [-83.43628139971, 46.16889120020702]]], [[[-82.25669189957608, 46.092158400120944], [-82.25669189957608, 46.092158400120944]]], [[[-83.0134437001789, 46.1125085999995], [-83.0134437001789, 46.1125085999995]]], [[[-82.46914670000199, 46.122998100041734], [-82.46914670000199, 46.122998100041734]]], [[[-81.73530409959247, 46.09982750024678], [-81.73530409959247, 46.09982750024678]]], [[[-73.04965059983336, 46.10784690003662], [-73.04965059983336, 46.10784690003662]]], [[[-82.31735049989737, 46.11970399992529], [-82.31735049989737, 46.11970399992529]]], [[[-82.24998519983572, 46.10820639977576], [-82.24998519983572, 46.10820639977576]]], [[[-72.93768890012394, 46.12500000008382], [-72.93768890012394, 46.12500000008382]]], [[[-73.02829580039023, 46.11345220012712], [-73.02829580039023, 46.11345220012712]]], [[[-63.175207399753425, 46.12500679976906], [-63.175207399753425, 46.12500679976906]]], [[[-72.98498630026907, 46.12500000008382], [-72.98498630026907, 46.12500000008382]]], [[[-73.08222080002167, 46.12500700027419], [-73.08222080002167, 46.12500700027419]]], [[[-82.29318500038933, 46.12136510012393], [-82.29318500038933, 46.12136510012393]]], [[[-82.20970880018594, 46.12732330017373], [-82.20970880018594, 46.12732330017373]]], [[[-73.00226459975008, 46.125157200270365], [-73.00226459975008, 46.125157200270365]]], [[[-83.78794080024298, 46.13727869994056], [-83.78794080024298, 46.13727869994056]]], [[[-83.80261230016058, 46.14856550011219], [-83.80261230016058, 46.14856550011219]]], [[[-83.79692899981944, 46.15092360011616], [-83.79692899981944, 46.15092360011616]]], [[[-63.0677566001247, 46.13713869987783], [-63.0677566001247, 46.13713869987783]]], [[[-83.35224329970312, 46.13503599989821], [-83.35224329970312, 46.13503599989821]]], [[[-73.07016069994008, 46.12500700027419], [-73.07016069994008, 46.12500700027419]]], [[[-82.22207820010132, 46.131996499988865], [-82.22207820010132, 46.131996499988865]]], [[[-82.72409489997808, 46.13214260002626], [-82.72409489997808, 46.13214260002626]]], [[[-82.28051670043621, 46.13798259974478], [-82.28051670043621, 46.13798259974478]]], [[[-82.65190150021735, 46.135003800044515], [-82.65190150021735, 46.135003800044515]]], [[[-82.81906130006368, 46.13765879982801], [-82.81906130006368, 46.13765879982801]]], [[[-73.0323564998848, 46.14322659998714], [-73.0323564998848, 46.14322659998714]]], [[[-82.66093669964947, 46.14019709985253], [-82.66093669964947, 46.14019709985253]]], [[[-82.51720650032874, 46.14121920029427], [-82.51720650032874, 46.14121920029427]]], [[[-82.64250609971249, 46.14016040010134], [-82.64250609971249, 46.14016040010134]]], [[[-82.51138359999584, 46.13659869984863], [-82.51138359999584, 46.13659869984863]]], [[[-82.63069819985029, 46.14416170008441], [-82.63069819985029, 46.14416170008441]]], [[[-82.5420492999166, 46.14197540000611], [-82.5420492999166, 46.14197540000611]]], [[[-73.00576709960181, 46.13507650011789], [-73.00576709960181, 46.13507650011789]]], [[[-83.29450100000165, 46.14222990015523], [-83.29450100000165, 46.14222990015523]]], [[[-72.99999999991941, 46.163742000177805], [-72.99999999991941, 46.163742000177805]]], [[[-83.612091000172, 46.148405099894205], [-83.612091000172, 46.148405099894205]]], [[[-82.820419600384, 46.14698719979848], [-82.820419600384, 46.14698719979848]]], [[[-82.77058549981034, 46.15424100017078], [-82.77058549981034, 46.15424100017078]]], [[[-81.80174979968767, 46.068005499700135], [-81.80174979968767, 46.068005499700135]]], [[[-81.84978499965037, 46.07003699997399], [-81.84978499965037, 46.07003699997399]]], [[[-83.90295730012777, 46.07706740014364], [-83.90295730012777, 46.07706740014364]]], [[[-81.64259049996627, 46.073842900257986], [-81.64259049996627, 46.073842900257986]]], [[[-81.96106370036777, 46.07773110023698], [-81.96106370036777, 46.07773110023698]]], [[[-81.58952229997809, 46.04927869970175], [-81.58952229997809, 46.04927869970175]]], [[[-81.65737509957476, 46.05530169983214], [-81.65737509957476, 46.05530169983214]]], [[[-73.16408809958492, 46.05387290003285], [-73.16408809958492, 46.05387290003285]]], [[[-81.70253950038338, 46.05914090028808], [-81.70253950038338, 46.05914090028808]]], [[[-82.36303389966645, 46.042954399692974], [-82.36303389966645, 46.042954399692974]]], [[[-81.60437490025696, 46.06827429988655], [-81.60437490025696, 46.06827429988655]]], [[[-81.64099309955837, 46.06499230021214], [-81.64099309955837, 46.06499230021214]]], [[[-82.13224819972368, 46.06112289999556], [-82.13224819972368, 46.06112289999556]]], [[[-82.43391240031153, 46.069383000209115], [-82.43391240031153, 46.069383000209115]]], [[[-82.17321140003573, 46.04524889984205], [-82.17321140003573, 46.04524889984205]]], [[[-81.72781459982869, 46.037474699709406], [-81.72781459982869, 46.037474699709406]]], [[[-83.89114340041777, 46.07988580016449], [-83.89114340041777, 46.07988580016449]]], [[[-82.29511079971228, 46.08778480009572], [-82.29511079971228, 46.08778480009572]]], [[[-82.01999720027197, 46.079050299973474], [-82.01999720027197, 46.079050299973474]]], [[[-81.97241000002295, 46.07878210024208], [-81.97241000002295, 46.07878210024208]]], [[[-72.99999999991941, 46.086126999844446], [-72.99999999991941, 46.086126999844446]]], [[[-72.99999999991941, 46.07175400009165], [-72.99999999991941, 46.07175400009165]]], [[[-82.21987889970698, 46.07675520015116], [-82.21987889970698, 46.07675520015116]]], [[[-73.07595130044862, 46.08530530027059], [-73.07595130044862, 46.08530530027059]]], [[[-82.2643873003895, 46.08302529982115], [-82.2643873003895, 46.08302529982115]]], [[[-81.64103380042727, 46.08399789968905], [-81.64103380042727, 46.08399789968905]]], [[[-73.1248999999187, 46.11794942445681], [-73.1248999999187, 46.11794942445681]]], [[[-81.7691631001425, 46.08528530022387], [-81.7691631001425, 46.08528530022387]]], [[[-81.74940290016023, 46.08888469978786], [-81.74940290016023, 46.08888469978786]]], [[[-73.1248999999187, 46.088548750479184], [-73.1248999999187, 46.088548750479184]]], [[[-73.0350097001276, 46.08057219974696], [-73.0350097001276, 46.08057219974696]]], [[[-81.80548960030148, 46.090803399876826], [-81.80548960030148, 46.090803399876826]]], [[[-81.78353600005967, 46.093933400127995], [-81.78353600005967, 46.093933400127995]]], [[[-72.94728540018326, 46.09613790028268], [-72.94728540018326, 46.09613790028268]]], [[[-73.00716790011653, 46.09395330014687], [-73.00716790011653, 46.09395330014687]]], [[[-81.66484949955692, 46.09356959993517], [-81.66484949955692, 46.09356959993517]]], [[[-59.87055469986675, 46.10655599994661], [-59.87055469986675, 46.10655599994661]]], [[[-72.9615452004095, 46.08753160001888], [-72.9615452004095, 46.08753160001888]]], [[[-73.12498299975937, 46.105181499809994], [-73.12498299975937, 46.105181499809994]]], [[[-60.46865000038913, 46.24559352736682], [-60.46865000038913, 46.24559352736682]]], [[[-83.49326359981528, 45.89461370029319], [-83.49326359981528, 45.89461370029319]]], [[[-59.765725000082455, 45.998446129371935], [-59.765725000082455, 45.998446129371935]]], [[[-83.79291150030689, 46.28927760015176], [-83.79291150030689, 46.28927760015176]]], [[[-83.72386510020907, 46.26957760000615], [-83.72386510020907, 46.26957760000615]]], [[[-72.6249579996148, 46.28393380024354], [-72.6249579996148, 46.28393380024354]]], [[[-83.73033589966086, 46.280546700263336], [-83.73033589966086, 46.280546700263336]]], [[[-83.01011579958072, 45.75220450002888], [-83.01011579958072, 45.75220450002888]]], [[[-61.089507599606385, 45.753238799975016], [-61.089507599606385, 45.753238799975016]]], [[[-82.93150529985925, 45.76320359999583], [-82.93150529985925, 45.76320359999583]]], [[[-61.067362299781244, 45.7595967999385], [-61.067362299781244, 45.7595967999385]]], [[[-80.65917080032627, 45.73702779970581], [-80.65917080032627, 45.73702779970581]]], [[[-61.09830100041181, 45.74999999968588], [-61.09830100041181, 45.74999999968588]]], [[[-60.762754799707686, 45.768731200009036], [-60.762754799707686, 45.768731200009036]]], [[[-80.63738110040296, 45.76639499971572], [-80.63738110040296, 45.76639499971572]]], [[[-80.68071950022514, 45.7855886001201], [-80.68071950022514, 45.7855886001201]]], [[[-61.05841899979932, 45.793173199850486], [-61.05841899979932, 45.793173199850486]]], [[[-61.01148540027627, 45.81250000000945], [-61.01148540027627, 45.81250000000945]]], [[[-62.57802499956213, 45.82228491018642], [-62.57802499956213, 45.82228491018642]]], [[[-80.74214670000183, 45.82194630017292], [-80.74214670000183, 45.82194630017292]]], [[[-83.13496099965273, 45.838781499840515], [-83.13496099965273, 45.838781499840515]]], [[[-81.47048259987196, 45.827678399726686], [-81.47048259987196, 45.827678399726686]]], [[[-80.7278035001846, 45.8373230998272], [-80.7278035001846, 45.8373230998272]]], [[[-63.40471419966725, 45.83846379969371], [-63.40471419966725, 45.83846379969371]]], [[[-80.54654660028135, 45.62424330019659], [-80.54654660028135, 45.62424330019659]]], [[[-60.866589699756474, 45.66195050006279], [-60.866589699756474, 45.66195050006279]]], [[[-82.92778710013474, 45.65461299985962], [-82.92778710013474, 45.65461299985962]]], [[[-61.9086549003189, 45.637239499994045], [-61.9086549003189, 45.637239499994045]]], [[[-61.68093239979942, 45.63634749980571], [-61.68093239979942, 45.63634749980571]]], [[[-80.5963677004362, 45.659500199729926], [-80.5963677004362, 45.659500199729926]]], [[[-62.50000000018327, 45.626735000042814], [-62.50000000018327, 45.626735000042814]]], [[[-62.45511510029384, 45.63583809985024], [-62.45511510029384, 45.63583809985024]]], [[[-82.92955300023542, 45.71184390008511], [-82.92955300023542, 45.71184390008511]]], [[[-60.78153260029862, 45.71288939988596], [-60.78153260029862, 45.71288939988596]]], [[[-80.64263379960086, 45.72164249994973], [-80.64263379960086, 45.72164249994973]]], [[[-82.97684279973491, 45.67769970011951], [-82.97684279973491, 45.67769970011951]]], [[[-62.399215399750304, 45.66389400007079], [-62.399215399750304, 45.66389400007079]]], [[[-60.84821479985867, 45.67620979975518], [-60.84821479985867, 45.67620979975518]]], [[[-80.61786790029288, 45.687266499981455], [-80.61786790029288, 45.687266499981455]]], [[[-61.900567799905616, 45.70092700027102], [-61.900567799905616, 45.70092700027102]]], [[[-60.80142680017519, 45.5998720998109], [-60.80142680017519, 45.5998720998109]]], [[[-80.55984020043576, 45.61988159984719], [-80.55984020043576, 45.61988159984719]]], [[[-61.00000000009264, 45.619347000123255], [-61.00000000009264, 45.619347000123255]]], [[[-80.52898479968319, 45.61455539977232], [-80.52898479968319, 45.61455539977232]]], [[[-61.00000000009264, 45.60395799986521], [-61.00000000009264, 45.60395799986521]]], [[[-80.40788720029663, 45.60205829999098], [-80.40788720029663, 45.60205829999098]]], [[[-80.53145149979153, 45.60837459976156], [-80.53145149979153, 45.60837459976156]]], [[[-80.42330729957813, 45.61128690018832], [-80.42330729957813, 45.61128690018832]]], [[[-60.99619375019891, 45.5852844092562], [-60.99619375019891, 45.5852844092562]]], [[[-61.17177499981403, 45.53078269117871], [-61.17177499981403, 45.53078269117871]]], [[[-61.203546100048115, 45.564181799731585], [-61.203546100048115, 45.564181799731585]]], [[[-80.47107769955127, 45.562301500006974], [-80.47107769955127, 45.562301500006974]]], [[[-80.42951559962583, 45.574832900119006], [-80.42951559962583, 45.574832900119006]]], [[[-80.44329959997532, 45.55344539973694], [-80.44329959997532, 45.55344539973694]]], [[[-80.4653275995873, 45.548199400045796], [-80.4653275995873, 45.548199400045796]]], [[[-80.48432739993608, 45.548880800099], [-80.48432739993608, 45.548880800099]]], [[[-80.44490520020511, 45.550713099860026], [-80.44490520020511, 45.550713099860026]]], [[[-80.41808019967088, 45.55571480019247], [-80.41808019967088, 45.55571480019247]]], [[[-80.51536600041275, 45.555514600199515], [-80.51536600041275, 45.555514600199515]]], [[[-81.69278819993939, 45.56035160012993], [-81.69278819993939, 45.56035160012993]]], [[[-80.41810459971066, 45.56200100012515], [-80.41810459971066, 45.56200100012515]]], [[[-80.43242380013673, 45.55900280029588], [-80.43242380013673, 45.55900280029588]]], [[[-81.48630230033456, 45.56005579985981], [-81.48630230033456, 45.56005579985981]]], [[[-81.60699410016457, 45.56858269992878], [-81.60699410016457, 45.56858269992878]]], [[[-80.45783899993543, 45.56877790013597], [-80.45783899993543, 45.56877790013597]]], [[[-61.185096799881855, 45.57399369997364], [-61.185096799881855, 45.57399369997364]]], [[[-61.21119730015629, 45.56876199968918], [-61.21119730015629, 45.56876199968918]]], [[[-60.92305220021535, 45.58389340014068], [-60.92305220021535, 45.58389340014068]]], [[[-61.21480670042516, 45.58164499982253], [-61.21480670042516, 45.58164499982253]]], [[[-81.65371710044903, 45.62467239982303], [-81.65371710044903, 45.62467239982303]]], [[[-80.57432949955586, 45.627335399727414], [-80.57432949955586, 45.627335399727414]]], [[[-80.57059150006417, 45.62958820020108], [-80.57059150006417, 45.62958820020108]]], [[[-83.22614639969063, 45.89094099975487], [-82.93295430037882, 45.821602299786065], [-82.63383720001558, 45.75606190016089], [-82.33599269979617, 45.6918038997692], [-82.06542779974706, 45.55437669982852], [-81.7835460001054, 45.69394289986725], [-81.90281929991467, 45.97144950025263], [-82.1769342000328, 45.8474294000058], [-82.47458449975913, 45.943381999737305], [-82.75771360029131, 45.83345410005291], [-83.04301510026833, 45.95684340022733], [-83.22614639969063, 45.89094099975487]]], [[[-81.0642001000356, 45.927035499837714], [-81.0642001000356, 45.927035499837714]]], [[[-81.57644360019582, 45.93262170017963], [-81.57644360019582, 45.93262170017963]]], [[[-81.6773855001266, 45.92949979969212], [-81.6773855001266, 45.92949979969212]]], [[[-81.21052540015981, 45.942278200080224], [-81.21052540015981, 45.942278200080224]]], [[[-60.969466700166635, 45.91038749973167], [-60.969466700166635, 45.91038749973167]]], [[[-81.32665749982965, 45.90953599977847], [-81.32665749982965, 45.90953599977847]]], [[[-80.74648619972967, 45.91411149970478], [-80.74648619972967, 45.91411149970478]]], [[[-80.86930420044611, 45.91438559976453], [-80.86930420044611, 45.91438559976453]]], [[[-81.85533909979576, 45.9127601000631], [-81.85533909979576, 45.9127601000631]]], [[[-80.90358929978318, 45.899812400098654], [-80.90358929978318, 45.899812400098654]]], [[[-80.80237639969074, 45.89170469989725], [-80.80237639969074, 45.89170469989725]]], [[[-80.92397380014181, 45.88611490007413], [-80.92397380014181, 45.88611490007413]]], [[[-81.63459330025168, 45.89039920015885], [-81.63459330025168, 45.89039920015885]]], [[[-80.78757029980424, 45.893845699776726], [-80.78757029980424, 45.893845699776726]]], [[[-80.77047239999858, 45.909818300306576], [-80.77047239999858, 45.909818300306576]]], [[[-82.78033859957986, 45.909637100209], [-82.78033859957986, 45.909637100209]]], [[[-80.76024439956589, 45.90785629984829], [-80.76024439956589, 45.90785629984829]]], [[[-80.78203719957526, 45.9103611000187], [-80.78203719957526, 45.9103611000187]]], [[[-61.087259199993554, 45.87499999988532], [-61.087259199993554, 45.87499999988532]]], [[[-81.62450859997143, 45.879535900017714], [-81.62450859997143, 45.879535900017714]]], [[[-80.92110800011233, 45.879639600253704], [-80.92110800011233, 45.879639600253704]]], [[[-82.77964739986766, 45.92086110022893], [-82.77964739986766, 45.92086110022893]]], [[[-80.89707690024888, 45.91929700005659], [-80.89707690024888, 45.91929700005659]]], [[[-80.95465610003073, 45.92372170029007], [-80.95465610003073, 45.92372170029007]]], [[[-80.82021360039882, 45.91966140014171], [-80.82021360039882, 45.91966140014171]]], [[[-81.70077309992111, 45.9257117998623], [-81.70077309992111, 45.9257117998623]]], [[[-81.79035620013954, 45.92997120006989], [-81.79035620013954, 45.92997120006989]]], [[[-81.06196280000641, 45.93073669986209], [-81.06196280000641, 45.93073669986209]]], [[[-60.56243939994171, 45.95129260028844], [-60.56243939994171, 45.95129260028844]]], [[[-80.81331629971473, 45.93719270008345], [-80.81331629971473, 45.93719270008345]]], [[[-80.97800570019038, 45.943850199912724], [-80.97800570019038, 45.943850199912724]]], [[[-61.0796091003216, 45.947111100208474], [-61.0796091003216, 45.947111100208474]]], [[[-81.26453250041833, 45.9520873002871], [-81.26453250041833, 45.9520873002871]]], [[[-61.115381599563406, 45.94737540016853], [-61.115381599563406, 45.94737540016853]]], [[[-81.2319980998907, 45.952068199725346], [-81.2319980998907, 45.952068199725346]]], [[[-82.73852789988268, 45.91848980024295], [-82.73852789988268, 45.91848980024295]]], [[[-81.88308810024472, 45.905611700139154], [-81.88308810024472, 45.905611700139154]]], [[[-81.62333609999799, 45.940417500040056], [-81.62333609999799, 45.940417500040056]]], [[[-80.76364279994758, 45.954411700149215], [-80.76364279994758, 45.954411700149215]]], [[[-81.3638695996199, 45.96518299994656], [-81.3638695996199, 45.96518299994656]]], [[[-83.01450780044702, 45.96504640027759], [-83.01450780044702, 45.96504640027759]]], [[[-81.53756849962573, 45.967136500245296], [-81.53756849962573, 45.967136500245296]]], [[[-82.90668540012462, 45.974537700051975], [-82.90668540012462, 45.974537700051975]]], [[[-81.19430860032418, 45.967807799720745], [-81.19430860032418, 45.967807799720745]]], [[[-81.39606139976615, 45.97984550014569], [-81.39606139976615, 45.97984550014569]]], [[[-61.5711600004386, 46.00000000024039], [-61.5711600004386, 46.00000000024039]]], [[[-82.98024969997581, 45.97832680005293], [-82.98024969997581, 45.97832680005293]]], [[[-61.596009199624554, 45.98592480016071], [-61.596009199624554, 45.98592480016071]]], [[[-81.8960910001833, 45.981957999773584], [-81.8960910001833, 45.981957999773584]]], [[[-81.92444640027996, 45.98289929994724], [-81.92444640027996, 45.98289929994724]]], [[[-81.40588069998225, 45.984531499825316], [-81.40588069998225, 45.984531499825316]]], [[[-81.23902640009605, 45.982230300061325], [-81.23902640009605, 45.982230300061325]]], [[[-81.94854860000152, 45.989493600087705], [-81.94854860000152, 45.989493600087705]]], [[[-81.89901220021468, 45.992538700057196], [-81.89901220021468, 45.992538700057196]]], [[[-81.77155840035545, 45.98624669969684], [-81.77155840035545, 45.98624669969684]]], [[[-81.51926739992179, 45.99207829988147], [-81.51926739992179, 45.99207829988147]]], [[[-82.27296119965186, 46.02151179986259], [-82.27296119965186, 46.02151179986259]]], [[[-126.63158700014264, 49.724306399868084], [-126.63158700014264, 49.724306399868084]]], [[[-126.97874120669364, 49.74619375014308], [-126.97874120669364, 49.74619375014308]]], [[[-126.92419959985791, 49.74617660024964], [-126.67084329990524, 49.58063930007028], [-126.7639627996993, 49.868212799792936], [-126.92419959985791, 49.74617660024964]]], [[[-126.85398159989853, 49.78113950021483], [-126.85398159989853, 49.78113950021483]]], [[[-126.95810781281416, 49.80471406188403], [-126.95810781281416, 49.80471406188403]]], [[[-126.9841874003088, 49.85348080001184], [-126.9841874003088, 49.85348080001184]]], [[[-126.92520969969937, 49.84443419972734], [-126.92520969969937, 49.84443419972734]]], [[[-127.06449310002314, 49.84157299989253], [-127.06449310002314, 49.84157299989253]]], [[[-126.23582040000775, 49.4486379001819], [-126.23582040000775, 49.4486379001819]]], [[[-126.05556019977682, 49.17789559995734], [-126.05556019977682, 49.17789559995734]]], [[[-126.08903124670174, 49.218849999814225], [-126.08903124670174, 49.218849999814225]]], [[[-126.03525624955309, 49.31095862928828], [-126.03525624955309, 49.31095862928828]]], [[[-126.06655220029067, 49.27043939989476], [-126.06655220029067, 49.27043939989476]]], [[[-126.27109849975486, 49.34903010006579], [-126.27109849975486, 49.34903010006579]]], [[[-126.18249569956491, 49.3798926998462], [-126.18249569956491, 49.3798926998462]]], [[[-126.09954906610297, 49.394631250220804], [-126.09954906610297, 49.394631250220804]]], [[[-126.21103750008305, 49.27556411458974], [-126.21103750008305, 49.27556411458974]]], [[[-126.55303260021064, 49.62003600000986], [-126.55303260021064, 49.62003600000986]]], [[[-126.5624000002281, 49.62601692992594], [-126.5624000002281, 49.62601692992594]]], [[[-126.58141229973575, 49.62059120027573], [-126.58141229973575, 49.62059120027573]]], [[[-126.587737299922, 49.63386629974982], [-126.587737299922, 49.63386629974982]]], [[[-126.57145660022525, 49.63841940021067], [-126.57145660022525, 49.63841940021067]]], [[[-126.56260000024464, 49.641641801094], [-126.56260000024464, 49.641641801094]]], [[[-126.38681874971469, 49.64103917493423], [-126.38681874971469, 49.64103917493423]]], [[[-126.58134230031385, 49.66144889974763], [-126.58134230031385, 49.66144889974763]]], [[[-126.61396189975798, 49.6909399997653], [-126.61396189975798, 49.6909399997653]]], [[[-125.74805156713701, 49.13095937523506], [-125.74805156713701, 49.13095937523506]]], [[[-125.94139595405997, 49.13095937523506], [-125.94139595405997, 49.13095937523506]]], [[[-58.34697610018592, 49.07034009971011], [-58.34697610018592, 49.07034009971011]]], [[[-123.7080038002843, 49.07899830013976], [-123.7080038002843, 49.07899830013976]]], [[[-58.227205599934884, 49.1096595999684], [-58.227205599934884, 49.1096595999684]]], [[[-123.74995460033487, 49.10952510020439], [-123.74995460033487, 49.10952510020439]]], [[[-123.20026669964517, 49.107363600015205], [-123.20026669964517, 49.107363600015205]]], [[[-123.21612309988039, 49.11707710017227], [-123.21612309988039, 49.11707710017227]]], [[[-125.77138437508906, 49.11366838713894], [-125.77138437508906, 49.11366838713894]]], [[[-123.76868649970973, 49.119904499711716], [-123.76868649970973, 49.119904499711716]]], [[[-123.7681069004002, 49.12440950000028], [-123.7681069004002, 49.12440950000028]]], [[[-123.2025912000373, 49.12599629985276], [-123.2025912000373, 49.12599629985276]]], [[[-123.68580429970817, 49.13656170019937], [-123.68580429970817, 49.13656170019937]]], [[[-125.32364630024861, 49.03177549971043], [-125.32364630024861, 49.03177549971043]]], [[[-125.33204662793011, 49.02221542680483], [-125.33204662793011, 49.02221542680483]]], [[[-123.69800989991633, 49.06799719972163], [-123.69800989991633, 49.06799719972163]]], [[[-125.5777348996344, 48.96822099982705], [-125.5777348996344, 48.96822099982705]]], [[[-123.57733699974159, 48.95703700020662], [-123.57733699974159, 48.95703700020662]]], [[[-123.60061029969597, 48.96581510025044], [-123.60061029969597, 48.96581510025044]]], [[[-125.36282059999543, 48.975511200086736], [-125.36282059999543, 48.975511200086736]]], [[[-125.06845937478239, 48.985567856892146], [-125.06845937478239, 48.985567856892146]]], [[[-123.6082433996495, 48.985805399982404], [-123.6082433996495, 48.985805399982404]]], [[[-125.34912910006906, 48.98589929971956], [-125.34912910006906, 48.98589929971956]]], [[[-125.33569589992287, 48.9991601998524], [-125.33569589992287, 48.9991601998524]]], [[[-123.61765850020853, 49.00000000026325], [-123.61765850020853, 49.00000000026325]]], [[[-123.6622093750343, 48.98442847625403], [-123.6622093750343, 48.98442847625403]]], [[[-123.64339214019903, 49.04306874979548], [-123.64339214019903, 49.04306874979548]]], [[[-125.34026560012879, 48.854413999884365], [-125.34026560012879, 48.854413999884365]]], [[[-125.359578599898, 48.8646516000759], [-125.359578599898, 48.8646516000759]]], [[[-125.31564760034752, 48.864908799779194], [-125.31564760034752, 48.864908799779194]]], [[[-125.17306130043822, 48.86726420011465], [-125.17306130043822, 48.86726420011465]]], [[[-125.38182339981896, 48.88559819997213], [-125.38182339981896, 48.88559819997213]]], [[[-125.31751823592548, 48.86728749975686], [-125.31751823592548, 48.86728749975686]]], [[[-125.34873190008472, 48.87539999991496], [-125.34873190008472, 48.87539999991496]]], [[[-125.32675139979172, 48.87689410012135], [-125.32675139979172, 48.87689410012135]]], [[[-125.28818593772029, 48.922134407338056], [-125.28818593772029, 48.922134407338056]]], [[[-125.24424062531236, 48.91638978255908], [-125.24424062531236, 48.91638978255908]]], [[[-125.33197249985116, 48.914989400000536], [-125.33197249985116, 48.914989400000536]]], [[[-125.28818593772029, 48.91629208691731], [-125.28818593772029, 48.91629208691731]]], [[[-125.33213125012817, 48.92508440983267], [-125.33213125012817, 48.92508440983267]]], [[[-88.16170510001123, 48.92869110016219], [-88.16170510001123, 48.92869110016219]]], [[[-125.02913170027723, 48.919027099733036], [-125.02913170027723, 48.919027099733036]]], [[[-125.15614999958169, 48.87508480383907], [-125.15614999958169, 48.87508480383907]]], [[[-123.3985374996885, 48.87694274228791], [-123.3985374996885, 48.87694274228791]]], [[[-125.37499999994004, 48.88747769997845], [-125.37499999994004, 48.88747769997845]]], [[[-123.31761679985591, 48.88647960016527], [-123.31761679985591, 48.88647960016527]]], [[[-88.1170828998502, 48.892622000197115], [-88.1170828998502, 48.892622000197115]]], [[[-125.33195279979698, 48.90050519987699], [-125.33195279979698, 48.90050519987699]]], [[[-123.6620463002675, 48.89640490006931], [-123.6620463002675, 48.89640490006931]]], [[[-88.19623289988357, 48.91604139974718], [-88.19623289988357, 48.91604139974718]]], [[[-125.33193125011164, 48.909944371270036], [-125.33193125011164, 48.909944371270036]]], [[[-88.09942349999137, 48.932877400178064], [-88.09942349999137, 48.932877400178064]]], [[[-125.06831169983454, 48.9534346000057], [-125.06831169983454, 48.9534346000057]]], [[[-125.24419548586766, 48.82748463650151], [-125.24419548586766, 48.82748463650151]]], [[[-125.21703489989609, 48.8317438999414], [-125.21703489989609, 48.8317438999414]]], [[[-87.49608300030542, 48.75115869995105], [-87.49608300030542, 48.75115869995105]]], [[[-87.87839159960573, 48.7493252000803], [-87.87839159960573, 48.7493252000803]]], [[[-69.03754200036616, 48.75000000020908], [-69.03754200036616, 48.75000000020908]]], [[[-87.90188690021627, 48.75225339986906], [-87.90188690021627, 48.75225339986906]]], [[[-87.55789110013563, 48.751993500053686], [-87.55789110013563, 48.751993500053686]]], [[[-88.37473270039828, 48.75601349992718], [-88.37473270039828, 48.75601349992718]]], [[[-87.45673249960888, 48.75702310013734], [-87.45673249960888, 48.75702310013734]]], [[[-87.77973459963441, 48.76828650024778], [-87.77973459963441, 48.76828650024778]]], [[[-87.57355839961366, 48.76785469982063], [-87.57355839961366, 48.76785469982063]]], [[[-87.44097079977091, 48.7725457999669], [-87.44097079977091, 48.7725457999669]]], [[[-87.55129000005188, 48.76579979972554], [-87.55129000005188, 48.76579979972554]]], [[[-87.52568550006998, 48.79477300020178], [-87.52568550006998, 48.79477300020178]]], [[[-123.3105473002167, 48.82213380010156], [-123.3105473002167, 48.82213380010156]]], [[[-123.04681969967889, 48.7841924999337], [-123.04681969967889, 48.7841924999337]]], [[[-87.75664360019053, 48.75618969971903], [-87.75664360019053, 48.75618969971903]]], [[[-87.60173689987133, 48.80306210015238], [-87.60173689987133, 48.80306210015238]]], [[[-123.06117180000398, 48.797788999777794], [-123.06117180000398, 48.797788999777794]]], [[[-86.71881370017287, 48.79297590002688], [-86.71881370017287, 48.79297590002688]]], [[[-87.50917929988074, 48.803056799862404], [-87.50917929988074, 48.803056799862404]]], [[[-87.52192540022568, 48.818411599924225], [-87.52192540022568, 48.818411599924225]]], [[[-87.44030279994921, 48.819891900270484], [-87.44030279994921, 48.819891900270484]]], [[[-87.50518410014679, 48.825275300010226], [-87.50518410014679, 48.825275300010226]]], [[[-123.22273179971147, 48.8222021999541], [-123.22273179971147, 48.8222021999541]]], [[[-87.51792690008139, 48.82720249973529], [-87.51792690008139, 48.82720249973529]]], [[[-123.39833749967198, 48.82747144505404], [-123.39833749967198, 48.82747144505404]]], [[[-125.19694660013778, 48.84878370024167], [-125.19694660013778, 48.84878370024167]]], [[[-123.3106468748727, 48.85267083601807], [-123.3106468748727, 48.85267083601807]]], [[[-125.17233340005507, 48.85476789973163], [-125.17233340005507, 48.85476789973163]]], [[[-87.6114995002233, 48.85409080026858], [-87.6114995002233, 48.85409080026858]]], [[[-87.60544309990027, 48.84910920021448], [-87.60544309990027, 48.84910920021448]]], [[[-125.24410510007871, 48.93237050006472], [-125.24410510007871, 48.93237050006472]]], [[[-123.38555170007967, 48.867255599719975], [-123.38555170007967, 48.867255599719975]]], [[[-125.27106610015707, 48.9380999997552], [-125.27106610015707, 48.9380999997552]]], [[[-123.5743183001625, 48.956511899739645], [-123.5743183001625, 48.956511899739645]]], [[[-125.22597759980341, 48.94428809996038], [-125.22597759980341, 48.94428809996038]]], [[[-125.40961199441237, 48.95517812509568], [-125.40961199441237, 48.95517812509568]]], [[[-123.6622093750343, 48.972725084327855], [-123.6622093750343, 48.972725084327855]]], [[[-125.18967840034422, 48.96561310023221], [-125.18967840034422, 48.96561310023221]]], [[[-124.24745389992155, 49.51089719982977], [-124.24745389992155, 49.51089719982977]]], [[[-123.4552448000455, 49.50603210014471], [-123.4552448000455, 49.50603210014471]]], [[[-55.6714650995733, 49.43750000001992], [-55.6714650995733, 49.43750000001992]]], [[[-122.8718750995804, 49.440032199831045], [-122.8718750995804, 49.440032199831045]]], [[[-124.28750320007761, 49.44835219993587], [-124.28750320007761, 49.44835219993587]]], [[[-123.78597519988509, 49.452823600076144], [-123.78597519988509, 49.452823600076144]]], [[[-55.65128340017823, 49.477393200060845], [-55.65128340017823, 49.477393200060845]]], [[[-55.72255624955495, 49.47750710461064], [-55.72255624955495, 49.47750710461064]]], [[[-124.27737219972931, 49.457855399922956], [-124.27737219972931, 49.457855399922956]]], [[[-124.20733020039533, 49.48586289996847], [-124.20733020039533, 49.48586289996847]]], [[[-123.39833749967198, 49.52728670568638], [-123.39833749967198, 49.52728670568638]]], [[[-123.9553303996408, 49.47849920012341], [-123.9553303996408, 49.47849920012341]]], [[[-124.21101900005722, 49.499999999787825], [-124.21101900005722, 49.499999999787825]]], [[[-124.64877090004116, 49.54024439996457], [-124.64877090004116, 49.54024439996457]]], [[[-124.00022709979983, 49.50909839975864], [-124.00022709979983, 49.50909839975864]]], [[[-55.63479449974473, 49.539331400016906], [-55.63479449974473, 49.539331400016906]]], [[[-125.75827630039701, 49.13855470010489], [-125.75827630039701, 49.13855470010489]]], [[[-125.94005069997253, 49.1585943000809], [-125.94005069997253, 49.1585943000809]]], [[[-123.92039030000252, 49.17474430021042], [-123.92039030000252, 49.17474430021042]]], [[[-125.88624220015534, 49.184808799761726], [-125.88624220015534, 49.184808799761726]]], [[[-58.35930470041774, 49.19146169983736], [-58.35930470041774, 49.19146169983736]]], [[[-123.74989999983359, 49.16351359040206], [-123.74989999983359, 49.16351359040206]]], [[[-125.83623503465063, 49.13075937524784], [-125.83623503465063, 49.13075937524784]]], [[[-126.03505625043485, 49.2065708400868], [-126.03505625043485, 49.2065708400868]]], [[[-123.92525760038397, 49.18504820027601], [-123.92525760038397, 49.18504820027601]]], [[[-125.87229870033387, 49.192875499797886], [-125.87229870033387, 49.192875499797886]]], [[[-125.9057060998243, 49.23868939972186], [-125.9057060998243, 49.23868939972186]]], [[[-125.96072677640441, 49.218849999814225], [-125.96072677640441, 49.218849999814225]]], [[[-58.34731425480496, 49.21865000006326], [-58.34731425480496, 49.21865000006326]]], [[[-58.28313929991527, 49.21882740014208], [-58.28313929991527, 49.21882740014208]]], [[[-58.32947160042479, 49.232303800273456], [-58.32947160042479, 49.232303800273456]]], [[[-125.97067199976208, 49.29817869995439], [-125.97067199976208, 49.29817869995439]]], [[[-124.15068089976468, 49.338178299953555], [-124.15068089976468, 49.338178299953555]]], [[[-124.15942590024089, 49.35036600020033], [-124.15942590024089, 49.35036600020033]]], [[[-123.48602150029436, 49.35813699975552], [-123.48602150029436, 49.35813699975552]]], [[[-123.45717160009166, 49.370276800008796], [-123.45717160009166, 49.370276800008796]]], [[[-123.39848489973535, 49.38975679991671], [-123.39848489973535, 49.38975679991671]]], [[[-123.47337909966915, 49.39211569996451], [-123.47337909966915, 49.39211569996451]]], [[[-123.26669509998463, 49.43145300011614], [-123.26669509998463, 49.43145300011614]]], [[[-63.98447500022508, 49.91757820167743], [-64.29599079995506, 49.94060319995522], [-64.08345280026248, 49.71336619993583], [-63.797060299966134, 49.616605799778476], [-63.5742479000598, 49.40660680008127], [-63.28648659993414, 49.31977619970744], [-62.99530690023362, 49.209482799802174], [-62.683176800173015, 49.1505566998968], [-62.37925160020216, 49.09698689990221], [-62.06937019979168, 49.07167899981012], [-61.74192439995694, 49.0884042002104], [-61.89506379970192, 49.35159519988021], [-62.21240390023834, 49.409555000119894], [-62.47785519982141, 49.55868659995521], [-62.762700699688864, 49.65862440018599], [-63.051680499818744, 49.753726500140715], [-63.380013800119904, 49.82669999987635], [-63.69523859992756, 49.862270300014316], [-63.98447500022508, 49.91757820167743]]], [[[-123.96857739968989, 49.52859869983401], [-123.96857739968989, 49.52859869983401]]], [[[-123.30467070039273, 49.51290579978902], [-123.30467070039273, 49.51290579978902]]], [[[-124.76616514975319, 49.55626877121228], [-124.76616514975319, 49.55626877121228]]], [[[-55.63473789959361, 49.54916989972316], [-55.63473789959361, 49.54916989972316]]], [[[-55.63488739991814, 49.54923350003188], [-55.63488739991814, 49.54923350003188]]], [[[-55.89853750010143, 49.53039085624537], [-55.89853750010143, 49.53039085624537]]], [[[-55.75012209968714, 49.593722300196845], [-55.75012209968714, 49.593722300196845]]], [[[-55.676963341576005, 49.629496833633624], [-55.676963341576005, 49.629496833633624]]], [[[-55.89833750008491, 49.61615719742074], [-55.89833750008491, 49.61615719742074]]], [[[-124.04807379997824, 49.616856900257], [-124.04807379997824, 49.616856900257]]], [[[-55.64730440784865, 49.62078501768742], [-55.64730440784865, 49.62078501768742]]], [[[-124.85273959984565, 49.62120220006432], [-124.85273959984565, 49.62120220006432]]], [[[-55.81158299976173, 49.65372900027643], [-55.81158299976173, 49.65372900027643]]], [[[-124.21047180028505, 49.722627300271824], [-124.21047180028505, 49.722627300271824]]], [[[-124.31636784522736, 49.57041250025168], [-124.55012309971667, 49.76023489989151], [-124.31636784522736, 49.57041250025168]]], [[[-56.72243380025898, 49.74064060025062], [-56.72243380025898, 49.74064060025062]]], [[[-124.21491629959488, 49.7267089997875], [-124.21491629959488, 49.7267089997875]]], [[[-124.1014712001787, 49.750014800095734], [-124.1014712001787, 49.750014800095734]]], [[[-56.86295360041733, 49.77898509975541], [-56.86295360041733, 49.77898509975541]]], [[[-123.9853208997429, 49.77946599974197], [-123.9853208997429, 49.77946599974197]]], [[[-124.0794343997719, 49.809749000125315], [-124.0794343997719, 49.809749000125315]]], [[[-67.00737579955515, 49.824699500084854], [-67.00737579955515, 49.824699500084854]]], [[[-56.792443023661505, 49.799218201102455], [-56.792443023661505, 49.799218201102455]]], [[[-124.80458750031839, 49.93654961672437], [-124.80458750031839, 49.93654961672437]]], [[[-125.00466349995946, 49.948078200147805], [-125.00466349995946, 49.948078200147805]]], [[[-124.67158919971088, 49.85381119991113], [-124.67158919971088, 49.85381119991113]]], [[[-129.07439250043902, 50.85805539987239], [-129.07439250043902, 50.85805539987239]]], [[[-128.90590179978685, 50.81590159991697], [-128.90590179978685, 50.81590159991697]]], [[[-128.60594979980866, 50.81023759997023], [-128.60594979980866, 50.81023759997023]]], [[[-128.67197500031594, 50.80401106919691], [-128.67197500031594, 50.80401106919691]]], [[[-127.42298220032013, 50.0097479001717], [-127.42298220032013, 50.0097479001717]]], [[[-127.22746550019062, 50.00109579990625], [-127.22746550019062, 50.00109579990625]]], [[[-127.38284388969583, 50.00986562486422], [-127.38284388969583, 50.00986562486422]]], [[[-127.40894009961647, 50.00973500018988], [-127.40894009961647, 50.00973500018988]]], [[[-127.23830930024212, 50.07356950003611], [-127.23830930024212, 50.07356950003611]]], [[[-127.18948910028189, 50.04580739994749], [-127.18948910028189, 50.04580739994749]]], [[[-127.35358439994438, 50.014269699801105], [-127.35358439994438, 50.014269699801105]]], [[[-127.21144115092986, 50.00986562486422], [-127.21144115092986, 50.00986562486422]]], [[[-127.41338179977586, 50.024035499786095], [-127.41338179977586, 50.024035499786095]]], [[[-127.29679230042123, 50.03939140019825], [-127.29679230042123, 50.03939140019825]]], [[[-127.1921659998785, 50.04333929993707], [-127.1921659998785, 50.04333929993707]]], [[[-127.30967031207744, 49.99114706259891], [-127.30967031207744, 49.99114706259891]]], [[[-124.80478750033494, 49.997851416776115], [-124.80478750033494, 49.997851416776115]]], [[[-124.80460730008558, 50.00160000024669], [-124.80460730008558, 50.00160000024669]]], [[[-125.23024610028448, 50.066976900220375], [-125.23024610028448, 50.066976900220375]]], [[[-124.84179219978733, 50.07807429985218], [-124.84179219978733, 50.07807429985218]]], [[[-125.07399090026472, 50.06856880002201], [-125.07399090026472, 50.06856880002201]]], [[[-124.8098966002414, 50.0082823999039], [-124.8098966002414, 50.0082823999039]]], [[[-124.93100849990898, 50.03246829980937], [-124.93100849990898, 50.03246829980937]]], [[[-124.90386159977078, 49.99678470019088], [-124.90386159977078, 49.99678470019088]]], [[[-66.39456080000859, 50.08777759991238], [-66.39456080000859, 50.08777759991238]]], [[[-127.55218880014827, 50.087542400175984], [-127.55218880014827, 50.087542400175984]]], [[[-127.52948279977056, 50.097691399714634], [-127.52948279977056, 50.097691399714634]]], [[[-127.5619756002157, 50.09771989984036], [-127.5619756002157, 50.09771989984036]]], [[[-127.54395519978354, 50.09763010020364], [-127.54395519978354, 50.09763010020364]]], [[[-124.81259829962806, 50.10859369989022], [-124.81259829962806, 50.10859369989022]]], [[[-66.36127329955748, 50.13279989974992], [-66.36127329955748, 50.13279989974992]]], [[[-127.63490000044563, 50.12850699989504], [-127.63490000044563, 50.12850699989504]]], [[[-124.71699929963117, 50.13934240002089], [-124.71699929963117, 50.13934240002089]]], [[[-125.18643480034724, 50.133924699734806], [-125.18643480034724, 50.133924699734806]]], [[[-124.6851428001563, 50.1452513998599], [-124.6851428001563, 50.1452513998599]]], [[[-124.71066960035769, 50.14317780023373], [-124.71066960035769, 50.14317780023373]]], [[[-61.81464060034841, 50.11731809998348], [-61.81464060034841, 50.11731809998348]]], [[[-125.08101409983585, 50.11510230000676], [-125.08101409983585, 50.11510230000676]]], [[[-66.38771219969101, 50.10491750014499], [-66.38771219969101, 50.10491750014499]]], [[[-124.77866709968201, 50.09763299985801], [-124.77866709968201, 50.09763299985801]]], [[[-127.5101932891494, 50.09775625002962], [-127.5101932891494, 50.09775625002962]]], [[[-127.64006289955614, 50.12160530004567], [-127.64006289955614, 50.12160530004567]]], [[[-124.73386989961882, 50.121318999896445], [-124.73386989961882, 50.121318999896445]]], [[[-66.29381070027245, 50.15375440003188], [-66.29381070027245, 50.15375440003188]]], [[[-66.35765050001783, 50.16861010015957], [-66.35765050001783, 50.16861010015957]]], [[[-125.16512600003661, 50.16066989998062], [-125.16512600003661, 50.16066989998062]]], [[[-125.06825937476584, 50.16867158122214], [-125.06825937476584, 50.16867158122214]]], [[[-66.30385980031798, 50.17277590026968], [-66.30385980031798, 50.17277590026968]]], [[[-61.174045300353484, 50.16997559974236], [-61.174045300353484, 50.16997559974236]]], [[[-60.02939687542823, 50.188848868895356], [-60.02939687542823, 50.188848868895356]]], [[[-60.48742550039461, 50.19101470007173], [-60.48742550039461, 50.19101470007173]]], [[[-127.46717600021036, 50.17515410017088], [-127.46717600021036, 50.17515410017088]]], [[[-61.26589349986588, 50.174004099976564], [-61.26589349986588, 50.174004099976564]]], [[[-61.0920092271113, 50.18564687523151], [-61.0920092271113, 50.18564687523151]]], [[[-125.01086149992409, 50.17919460027632], [-125.01086149992409, 50.17919460027632]]], [[[-60.04866800023049, 50.1870025999221], [-60.04866800023049, 50.1870025999221]]], [[[-60.11708750022752, 50.18818632829097], [-60.11708750022752, 50.18818632829097]]], [[[-55.74858458726428, 50.23228630033921], [-55.74858458726428, 50.23228630033921]]], [[[-55.826434399891376, 50.199725500171674], [-55.826434399891376, 50.199725500171674]]], [[[-60.01261669985711, 50.19418120002216], [-60.01261669985711, 50.19418120002216]]], [[[-125.0270951997652, 50.19236849992241], [-125.0270951997652, 50.19236849992241]]], [[[-60.61816749980806, 50.19868600001891], [-60.61816749980806, 50.19868600001891]]], [[[-63.20826770009951, 50.197824300028884], [-63.20826770009951, 50.197824300028884]]], [[[-60.27313099967415, 50.19994590019814], [-60.27313099967415, 50.19994590019814]]], [[[-60.864357812076875, 50.194232267216414], [-60.864357812076875, 50.194232267216414]]], [[[-63.34214890000256, 50.200015399967604], [-63.34214890000256, 50.200015399967604]]], [[[-60.51279531281358, 50.20790554491232], [-60.51279531281358, 50.20790554491232]]], [[[-60.424814400125186, 50.2037571001301], [-60.424814400125186, 50.2037571001301]]], [[[-60.054432999651766, 50.21009739999491], [-60.054432999651766, 50.21009739999491]]], [[[-63.38558360012153, 50.20879940020051], [-63.38558360012153, 50.20879940020051]]], [[[-60.76505930000833, 50.21200879971094], [-60.76505930000833, 50.21200879971094]]], [[[-60.02939687542823, 50.19816979460455], [-60.02939687542823, 50.19816979460455]]], [[[-63.682921299603706, 50.21138830022833], [-63.682921299603706, 50.21138830022833]]], [[[-63.565324399845046, 50.212569499996654], [-63.565324399845046, 50.212569499996654]]], [[[-60.682488299777376, 50.210704099905094], [-60.682488299777376, 50.210704099905094]]], [[[-64.13312729985454, 50.21380209984284], [-64.13312729985454, 50.21380209984284]]], [[[-60.716789699943604, 50.21136320014637], [-60.716789699943604, 50.21136320014637]]], [[[-63.8341238004421, 50.20407639998988], [-63.8341238004421, 50.20407639998988]]], [[[-63.75744930041361, 50.2247095000628], [-63.75744930041361, 50.2247095000628]]], [[[-124.80478750033494, 50.2132932943565], [-124.80478750033494, 50.2132932943565]]], [[[-60.26769530017817, 50.21034819995492], [-60.26769530017817, 50.21034819995492]]], [[[-60.46865000038913, 50.21566896330739], [-60.46865000038913, 50.21566896330739]]], [[[-61.89822430014524, 50.210946899795], [-61.89822430014524, 50.210946899795]]], [[[-60.26461880029876, 50.218987300027656], [-60.26461880029876, 50.218987300027656]]], [[[-60.406026400062515, 50.21808070016257], [-60.406026400062515, 50.21808070016257]]], [[[-60.29306874987571, 50.21555165808752], [-60.29306874987571, 50.21555165808752]]], [[[-60.51279531281358, 50.22321941777626], [-60.51279531281358, 50.22321941777626]]], [[[-63.541319699671185, 50.22030249991689], [-63.541319699671185, 50.22030249991689]]], [[[-63.984275000208555, 50.22783099067371], [-63.984275000208555, 50.22783099067371]]], [[[-60.11370050036512, 50.224009799869506], [-60.11370050036512, 50.224009799869506]]], [[[-61.90163370039757, 50.223640100003216], [-61.90163370039757, 50.223640100003216]]], [[[-60.49055812611465, 50.22959218758793], [-60.49055812611465, 50.22959218758793]]], [[[-125.52012960020026, 50.360638900138504], [-125.52012960020026, 50.360638900138504]]], [[[-125.35721750034456, 50.354684299773126], [-125.35721750034456, 50.354684299773126]]], [[[-125.15634999959823, 50.39133829242586], [-125.15634999959823, 50.39133829242586]]], [[[-59.718917400057805, 50.38345999999805], [-59.718917400057805, 50.38345999999805]]], [[[-125.85927499990491, 50.397702555838016], [-125.85927499990491, 50.397702555838016]]], [[[-125.19483369970744, 50.401928100140914], [-125.19483369970744, 50.401928100140914]]], [[[-59.63432449963314, 50.329931900160766], [-59.63432449963314, 50.329931900160766]]], [[[-128.03280360011496, 50.439876200220816], [-128.03280360011496, 50.439876200220816]]], [[[-59.45790781231223, 50.48600708273856], [-59.45790781231223, 50.48600708273856]]], [[[-59.464707651177875, 50.49326406246902], [-59.464707651177875, 50.49326406246902]]], [[[-127.85085020043928, 50.47033010021983], [-127.85085020043928, 50.47033010021983]]], [[[-59.45790781231223, 50.47636589667783], [-59.45790781231223, 50.47636589667783]]], [[[-128.04665859971124, 50.48280899978007], [-128.04665859971124, 50.48280899978007]]], [[[-59.474043000204304, 50.485557200131325], [-59.474043000204304, 50.485557200131325]]], [[[-127.86399270036966, 50.494624200163784], [-127.86399270036966, 50.494624200163784]]], [[[-59.45790781231223, 50.495071448914835], [-59.45790781231223, 50.495071448914835]]], [[[-59.841595599559824, 50.3750000000895], [-59.841595599559824, 50.3750000000895]]], [[[-125.14977800043809, 50.402986300166376], [-125.14977800043809, 50.402986300166376]]], [[[-125.50771249974329, 50.43733192070606], [-125.50771249974329, 50.43733192070606]]], [[[-59.797254699643496, 50.413515900047244], [-59.797254699643496, 50.413515900047244]]], [[[-125.50791249975984, 50.368439788074504], [-125.50791249975984, 50.368439788074504]]], [[[-125.97903249973714, 50.44352639975949], [-125.97903249973714, 50.44352639975949]]], [[[-125.33193125011164, 50.455054891153004], [-125.33193125011164, 50.455054891153004]]], [[[-125.85927499990491, 50.4675997255386], [-125.85927499990491, 50.4675997255386]]], [[[-125.26165010038441, 50.31224710015172], [-125.26165010038441, 50.31224710015172]]], [[[-124.78888560043058, 50.314531499925195], [-124.78888560043058, 50.314531499925195]]], [[[-124.74403310007847, 50.31873010022687], [-124.74403310007847, 50.31873010022687]]], [[[-125.06839529974982, 50.11637129987915], [-125.06839529974982, 50.11637129987915]]], [[[-125.33193125011164, 50.13338126111111], [-125.33193125011164, 50.13338126111111]]], [[[-125.07835765577659, 50.273537499918234], [-125.07835765577659, 50.273537499918234]]], [[[-124.9805687499666, 50.247758242856904], [-124.9805687499666, 50.247758242856904]]], [[[-63.85226710028661, 50.19378869979626], [-63.85226710028661, 50.19378869979626]]], [[[-63.64133759968724, 50.2245249001654], [-63.64133759968724, 50.2245249001654]]], [[[-63.15002419975832, 50.23194310024139], [-63.15002419975832, 50.23194310024139]]], [[[-125.13477749973421, 50.2277401998043], [-125.13477749973421, 50.2277401998043]]], [[[-60.23962989961142, 50.23193320020173], [-60.23962989961142, 50.23193320020173]]], [[[-63.6885113997341, 50.23116460024148], [-63.6885113997341, 50.23116460024148]]], [[[-127.77687510011033, 50.23038350014803], [-127.77687510011033, 50.23038350014803]]], [[[-60.48637751051281, 50.22959218758793], [-60.48637751051281, 50.22959218758793]]], [[[-125.12964929984818, 50.23030800008663], [-125.12964929984818, 50.23030800008663]]], [[[-124.80478750033494, 50.230178515317185], [-124.80478750033494, 50.230178515317185]]], [[[-60.00000000003221, 50.23800600025638], [-60.00000000003221, 50.23800600025638]]], [[[-59.98534953955688, 50.23496076084337], [-59.98534953955688, 50.23496076084337]]], [[[-65.59267440020669, 50.268448300247755], [-65.59267440020669, 50.268448300247755]]], [[[-64.00000000027391, 50.24804900014984], [-64.00000000027391, 50.24804900014984]]], [[[-60.013547899768845, 50.24517540013808], [-60.013547899768845, 50.24517540013808]]], [[[-63.05840249966503, 50.25008200025008], [-63.05840249966503, 50.25008200025008]]], [[[-60.20516566183365, 50.260710913692435], [-60.20516566183365, 50.260710913692435]]], [[[-125.0332349996792, 50.25575439987142], [-125.0332349996792, 50.25575439987142]]], [[[-62.62499999974166, 50.266263699779294], [-62.62499999974166, 50.266263699779294]]], [[[-59.6914324998108, 50.3048764999444], [-59.6914324998108, 50.3048764999444]]], [[[-59.6571109998401, 50.30777979971067], [-59.6571109998401, 50.30777979971067]]], [[[-59.73815869989432, 50.28754610025475], [-59.73815869989432, 50.28754610025475]]], [[[-62.995798399966596, 50.287246000159556], [-62.995798399966596, 50.287246000159556]]], [[[-60.30502190013285, 50.28922650027473], [-60.30502190013285, 50.28922650027473]]], [[[-59.80204310009523, 50.28982129984851], [-59.80204310009523, 50.28982129984851]]], [[[-59.809470312473834, 50.292469305428135], [-59.809470312473834, 50.292469305428135]]], [[[-125.04988959975677, 50.27342459984634], [-125.04988959975677, 50.27342459984634]]], [[[-63.76937729963943, 50.2730170999896], [-63.76937729963943, 50.2730170999896]]], [[[-59.74371800038689, 50.27527089996693], [-59.74371800038689, 50.27527089996693]]], [[[-62.89754010016614, 50.27846169992844], [-62.89754010016614, 50.27846169992844]]], [[[-64.00000000027391, 50.28350499975089], [-64.00000000027391, 50.28350499975089]]], [[[-125.06082720009363, 50.281999700039094], [-125.06082720009363, 50.281999700039094]]], [[[-59.91716379826477, 50.273537499918234], [-59.91716379826477, 50.273537499918234]]], [[[-63.8318371002588, 50.27197910003934], [-63.8318371002588, 50.27197910003934]]], [[[-125.15634160035032, 50.23673269998819], [-125.15634160035032, 50.23673269998819]]], [[[-127.81877029983471, 50.30074520004171], [-127.81877029983471, 50.30074520004171]]], [[[-125.22409519988848, 50.3015128000427], [-125.22409519988848, 50.3015128000427]]], [[[-124.85474439970959, 50.30753580016243], [-124.85474439970959, 50.30753580016243]]], [[[-125.01666790000188, 50.281363099706866], [-125.01666790000188, 50.281363099706866]]], [[[-59.765725000082455, 50.308602941850076], [-59.765725000082455, 50.308602941850076]]], [[[-125.3321082999693, 50.388274200028356], [-125.3321082999693, 50.388274200028356]]], [[[-59.18166439994246, 50.60609739994243], [-59.18166439994246, 50.60609739994243]]], [[[-59.17945329658359, 50.62510000011175], [-59.17945329658359, 50.62510000011175]]], [[[-57.30458749983302, 50.629592778769414], [-57.30458749983302, 50.629592778769414]]], [[[-126.43484379961299, 50.57388859997079], [-126.43484379961299, 50.57388859997079]]], [[[-126.86523989969014, 50.58117339996639], [-126.86523989969014, 50.58117339996639]]], [[[-126.86181689984271, 50.583161599896684], [-126.86181689984271, 50.583161599896684]]], [[[-126.84270519995226, 50.58220599982949], [-126.84270519995226, 50.58220599982949]]], [[[-126.51850978868309, 50.58286683438544], [-126.51850978868309, 50.58286683438544]]], [[[-126.78240690041669, 50.58322290002309], [-126.78240690041669, 50.58322290002309]]], [[[-126.91416250040625, 50.57700916688112], [-126.91416250040625, 50.57700916688112]]], [[[-126.84084699975277, 50.587011300206576], [-126.84084699975277, 50.587011300206576]]], [[[-126.79385099965681, 50.584718299931126], [-126.79385099965681, 50.584718299931126]]], [[[-59.46409319993027, 50.586844100131], [-59.46409319993027, 50.586844100131]]], [[[-126.65029062504394, 50.595204835886804], [-126.65029062504394, 50.595204835886804]]], [[[-126.68327559985681, 50.59702490022513], [-126.68327559985681, 50.59702490022513]]], [[[-126.80077940001605, 50.59244029985959], [-126.80077940001605, 50.59244029985959]]], [[[-126.31160729985685, 50.59310969998333], [-126.31160729985685, 50.59310969998333]]], [[[-59.2285627998794, 50.60156289981109], [-59.2285627998794, 50.60156289981109]]], [[[-127.02227439989696, 50.59825829992809], [-127.02227439989696, 50.59825829992809]]], [[[-126.33549309991801, 50.59854310009104], [-126.33549309991801, 50.59854310009104]]], [[[-126.65049062506046, 50.60330511673426], [-126.65049062506046, 50.60330511673426]]], [[[-59.290397600334806, 50.60408069989282], [-59.290397600334806, 50.60408069989282]]], [[[-126.60654531265253, 50.60269286296449], [-126.60654531265253, 50.60269286296449]]], [[[-126.65049062506046, 50.60815090768554], [-126.65049062506046, 50.60815090768554]]], [[[-126.5624000002281, 50.60957246894927], [-126.5624000002281, 50.60957246894927]]], [[[-59.22262679985558, 50.61199869997582], [-59.22262679985558, 50.61199869997582]]], [[[-59.23818125027267, 50.611859505662025], [-59.23818125027267, 50.611859505662025]]], [[[-59.450595400135356, 50.61322229986567], [-59.450595400135356, 50.61322229986567]]], [[[-126.73882339976082, 50.62509030009181], [-126.73882339976082, 50.62509030009181]]], [[[-126.33905343240944, 50.6248999998656], [-126.33905343240944, 50.6248999998656]]], [[[-126.65811709993878, 50.62503339993447], [-126.65811709993878, 50.62503339993447]]], [[[-126.60654531265253, 50.61849620562999], [-126.60654531265253, 50.61849620562999]]], [[[-126.60382876591089, 50.62510000011175], [-126.60382876591089, 50.62510000011175]]], [[[-126.57885599986433, 50.62490519989766], [-126.57885599986433, 50.62490519989766]]], [[[-59.270107900086394, 50.624999999809866], [-59.270107900086394, 50.624999999809866]]], [[[-126.16874679998685, 50.73858420007735], [-126.16874679998685, 50.73858420007735]]], [[[-59.10634531215063, 50.74113267584176], [-59.10634531215063, 50.74113267584176]]], [[[-58.990986599956656, 50.726477399891536], [-58.990986599956656, 50.726477399891536]]], [[[-127.40105320044235, 50.724354900274506], [-127.40105320044235, 50.724354900274506]]], [[[-59.093467299596085, 50.733349199994365], [-59.093467299596085, 50.733349199994365]]], [[[-126.65038759997547, 50.74083440019917], [-126.65038759997547, 50.74083440019917]]], [[[-59.15049062457508, 50.7480601067854], [-59.15049062457508, 50.7480601067854]]], [[[-59.10654531216716, 50.753991255242006], [-59.10654531216716, 50.753991255242006]]], [[[-59.13409900000874, 50.749999999970804], [-59.13409900000874, 50.749999999970804]]], [[[-59.12500000042849, 50.75486660001042], [-59.12500000042849, 50.75486660001042]]], [[[-59.12581880043693, 50.72042550025605], [-59.12581880043693, 50.72042550025605]]], [[[-59.23818125027267, 50.68270546142948], [-59.23818125027267, 50.68270546142948]]], [[[-59.28212656268059, 50.69721290129739], [-59.28212656268059, 50.69721290129739]]], [[[-59.2623709998018, 50.69859509987931], [-59.2623709998018, 50.69859509987931]]], [[[-126.84382600008449, 50.70136529993521], [-126.84382600008449, 50.70136529993521]]], [[[-126.65046670022952, 50.712891399795815], [-126.65046670022952, 50.712891399795815]]], [[[-59.23838125028921, 50.69401701132758], [-59.23838125028921, 50.69401701132758]]], [[[-59.21215070001278, 50.71284350010307], [-59.21215070001278, 50.71284350010307]]], [[[-59.247852407518614, 50.71294687034132], [-59.247852407518614, 50.71294687034132]]], [[[-127.37941989990496, 50.709917700162244], [-127.37941989990496, 50.709917700162244]]], [[[-126.69035550019038, 50.71298679978507], [-126.69035550019038, 50.71298679978507]]], [[[-59.19423593786476, 50.71587483220054], [-59.19423593786476, 50.71587483220054]]], [[[-59.251973499851424, 50.712866999944204], [-59.251973499851424, 50.712866999944204]]], [[[-56.10820460002866, 50.72535489978702], [-56.10820460002866, 50.72535489978702]]], [[[-126.65049062506046, 50.72880247124788], [-126.65049062506046, 50.72880247124788]]], [[[-59.2499999999869, 50.722956299957076], [-59.2499999999869, 50.722956299957076]]], [[[-126.69423593745184, 50.72531983280534], [-126.69423593745184, 50.72531983280534]]], [[[-59.29579139971101, 50.651407200248144], [-59.29579139971101, 50.651407200248144]]], [[[-59.205822500027494, 50.64420799993688], [-59.205822500027494, 50.64420799993688]]], [[[-59.41402989960177, 50.65162809980755], [-59.41402989960177, 50.65162809980755]]], [[[-59.15029062455854, 50.63823618957696], [-59.15029062455854, 50.63823618957696]]], [[[-59.19443593788129, 50.63637046779064], [-59.19443593788129, 50.63637046779064]]], [[[-59.218276499683085, 50.636414500098404], [-59.218276499683085, 50.636414500098404]]], [[[-59.159905199619665, 50.632961599730784], [-59.159905199619665, 50.632961599730784]]], [[[-126.66409359960883, 50.63312290007548], [-126.66409359960883, 50.63312290007548]]], [[[-59.2499999999869, 50.64197330022561], [-59.2499999999869, 50.64197330022561]]], [[[-126.69423593745184, 50.646097689489764], [-126.69423593745184, 50.646097689489764]]], [[[-126.42231300028881, 50.64035359992307], [-126.42231300028881, 50.64035359992307]]], [[[-59.28232656269712, 50.64007685115099], [-59.28232656269712, 50.64007685115099]]], [[[-59.2499999999869, 50.64390010018784], [-59.2499999999869, 50.64390010018784]]], [[[-59.278622199722946, 50.643621999812126], [-59.278622199722946, 50.643621999812126]]], [[[-126.65045850040757, 50.656378799803335], [-126.65045850040757, 50.656378799803335]]], [[[-59.405802500307416, 50.624999999809866], [-59.405802500307416, 50.624999999809866]]], [[[-59.22430837869379, 50.62510000011175], [-59.22430837869379, 50.62510000011175]]], [[[-59.23838125028921, 50.63863653158223], [-59.23838125028921, 50.63863653158223]]], [[[-127.08974375002134, 50.630274259942944], [-127.08974375002134, 50.630274259942944]]], [[[-59.15029062455854, 50.655895196649524], [-59.15029062455854, 50.655895196649524]]], [[[-126.26238540025098, 50.64942299974525], [-126.26238540025098, 50.64942299974525]]], [[[-126.69423593745184, 50.653002555192174], [-126.69423593745184, 50.653002555192174]]], [[[-59.28212656268059, 50.64823272628661], [-59.28212656268059, 50.64823272628661]]], [[[-59.21503400012234, 50.66299969972921], [-59.21503400012234, 50.66299969972921]]], [[[-59.31034160011577, 50.667947400144776], [-59.31034160011577, 50.667947400144776]]], [[[-59.2646607273076, 50.669045312562226], [-59.2646607273076, 50.669045312562226]]], [[[-59.24663203901862, 50.668922012161225], [-59.24663203901862, 50.668922012161225]]], [[[-59.28232656269712, 50.66420847838914], [-59.28232656269712, 50.66420847838914]]], [[[-126.62326590027595, 50.67258349994286], [-126.62326590027595, 50.67258349994286]]], [[[-59.306028500077524, 50.67502769974147], [-59.306028500077524, 50.67502769974147]]], [[[-126.21096309981459, 50.712806000259256], [-126.21096309981459, 50.712806000259256]]], [[[-126.64919060024928, 50.85063100003623], [-126.64919060024928, 50.85063100003623]]], [[[-58.73387409974633, 50.837073800216324], [-58.73387409974633, 50.837073800216324]]], [[[-58.87056710015052, 50.927138400255096], [-58.87056710015052, 50.927138400255096]]], [[[-58.93056406251898, 50.93670988962], [-58.93056406251898, 50.93670988962]]], [[[-58.85059340026961, 50.945427299863766], [-58.85059340026961, 50.945427299863766]]], [[[-57.11638470038878, 50.91919540005921], [-57.11638470038878, 50.91919540005921]]], [[[-58.93753099970557, 50.91931400007112], [-58.93753099970557, 50.91931400007112]]], [[[-57.18428479987841, 50.92281010008555], [-57.18428479987841, 50.92281010008555]]], [[[-126.85327950002865, 50.92314460009724], [-126.85327950002865, 50.92314460009724]]], [[[-127.21195870000946, 50.874185999872815], [-127.21195870000946, 50.874185999872815]]], [[[-127.48545156260741, 50.884582479527886], [-127.48545156260741, 50.884582479527886]]], [[[-126.91400230024837, 50.84953289999534], [-126.91400230024837, 50.84953289999534]]], [[[-126.56250960008266, 50.870222400152144], [-126.56250960008266, 50.870222400152144]]], [[[-57.1289050999169, 50.884869600086745], [-57.1289050999169, 50.884869600086745]]], [[[-127.48545156260741, 50.87354696586641], [-127.48545156260741, 50.87354696586641]]], [[[-127.2255582995873, 50.87877339972896], [-127.2255582995873, 50.87877339972896]]], [[[-126.85777009998054, 50.890444799977494], [-126.85777009998054, 50.890444799977494]]], [[[-127.48003240019747, 50.88869579997809], [-127.48003240019747, 50.88869579997809]]], [[[-127.58475440006403, 50.899778999952936], [-127.58475440006403, 50.899778999952936]]], [[[-127.26571999964668, 50.90360589991987], [-127.26571999964668, 50.90360589991987]]], [[[-127.74002300017018, 50.907619299919716], [-127.74002300017018, 50.907619299919716]]], [[[-127.24435260043336, 50.891198199832345], [-127.24435260043336, 50.891198199832345]]], [[[-127.53222870255742, 50.88877187491921], [-127.53222870255742, 50.88877187491921]]], [[[-127.529337747005, 50.90491777567688], [-127.529337747005, 50.90491777567688]]], [[[-127.28624169969866, 50.90246080021122], [-127.28624169969866, 50.90246080021122]]], [[[-126.84844200035846, 50.901856999730896], [-126.84844200035846, 50.901856999730896]]], [[[-127.53678840002264, 50.905087100231825], [-127.53678840002264, 50.905087100231825]]], [[[-127.96884999999274, 50.9032991174425], [-127.96884999999274, 50.9032991174425]]], [[[-127.79286875034455, 50.91898112021938], [-127.79286875034455, 50.91898112021938]]], [[[-127.44150625019952, 50.91415461862627], [-127.44150625019952, 50.91415461862627]]], [[[-58.81611790031312, 50.98828959999171], [-58.81611790031312, 50.98828959999171]]], [[[-58.81399800021012, 50.999999999958725], [-58.81399800021012, 50.999999999958725]]], [[[-127.52930610025585, 51.004350200237134], [-127.52930610025585, 51.004350200237134]]], [[[-58.729651000119745, 51.05141059990667], [-58.729651000119745, 51.05141059990667]]], [[[-58.71103749959764, 51.05379423923666], [-58.71103749959764, 51.05379423923666]]], [[[-127.54274889979921, 51.09475469991941], [-127.54274889979921, 51.09475469991941]]], [[[-55.72255624955495, 51.10239551802914], [-55.72255624955495, 51.10239551802914]]], [[[-58.61015960013928, 51.103441399998786], [-58.61015960013928, 51.103441399998786]]], [[[-58.4842107002648, 51.13395950016013], [-58.4842107002648, 51.13395950016013]]], [[[-58.475631599756944, 51.138300699852856], [-58.475631599756944, 51.138300699852856]]], [[[-58.51586710001014, 51.12499999999117], [-58.51586710001014, 51.12499999999117]]], [[[-58.57900156235738, 51.126782425669404], [-58.57900156235738, 51.126782425669404]]], [[[-127.63905749970027, 51.07834349989941], [-127.63905749970027, 51.07834349989941]]], [[[-58.57920156237392, 51.08652258707393], [-58.57920156237392, 51.08652258707393]]], [[[-58.6229468747653, 51.08183224599335], [-58.6229468747653, 51.08183224599335]]], [[[-58.59747929959226, 51.07887330008008], [-58.59747929959226, 51.07887330008008]]], [[[-127.61708749981462, 51.08445775056462], [-127.61708749981462, 51.08445775056462]]], [[[-127.60136089984972, 51.08571380016265], [-127.60136089984972, 51.08571380016265]]], [[[-56.87808900022912, 51.09355170012024], [-56.87808900022912, 51.09355170012024]]], [[[-58.5717003000698, 51.09008860004314], [-58.5717003000698, 51.09008860004314]]], [[[-58.61076490024908, 51.0861700000466], [-58.61076490024908, 51.0861700000466]]], [[[-58.710837499581096, 51.09984386168433], [-58.710837499581096, 51.09984386168433]]], [[[-58.639893100323434, 51.09463730009506], [-58.639893100323434, 51.09463730009506]]], [[[-58.91926439980011, 51.04083820002421], [-58.91926439980011, 51.04083820002421]]], [[[-58.74999999995668, 51.03317090007178], [-58.74999999995668, 51.03317090007178]]], [[[-58.92722000033051, 50.999999999958725], [-58.92722000033051, 50.999999999958725]]], [[[-58.82499599967342, 50.999999999958725], [-58.82499599967342, 50.999999999958725]]], [[[-127.52925459984061, 51.01455609987043], [-127.52925459984061, 51.01455609987043]]], [[[-58.79848957856986, 51.020607812608375], [-58.79848957856986, 51.020607812608375]]], [[[-58.79497746764289, 51.02044715179169], [-58.79497746764289, 51.02044715179169]]], [[[-58.81476270007888, 51.01095720009485], [-58.81476270007888, 51.01095720009485]]], [[[-58.93056406251898, 51.030739041092815], [-58.93056406251898, 51.030739041092815]]], [[[-127.5390248996529, 51.044302100182925], [-127.5390248996529, 51.044302100182925]]], [[[-58.652190399657485, 51.062500000237286], [-58.652190399657485, 51.062500000237286]]], [[[-58.80222704985216, 51.06455312502974], [-58.80222704985216, 51.06455312502974]]], [[[-127.61116209991114, 51.0645173000996], [-127.61116209991114, 51.0645173000996]]], [[[-55.63572944113961, 50.96718826560126], [-55.63572944113961, 50.96718826560126]]], [[[-127.72951252449639, 50.976662500058715], [-127.72951252449639, 50.976662500058715]]], [[[-58.79720419989106, 50.96871219985347], [-58.79720419989106, 50.96871219985347]]], [[[-58.87607840006419, 50.99082309985598], [-58.87607840006419, 50.99082309985598]]], [[[-127.48616169970411, 50.76925310000913], [-127.48616169970411, 50.76925310000913]]], [[[-126.60654531265253, 50.75570507385101], [-126.60654531265253, 50.75570507385101]]], [[[-126.69427330018114, 50.76587059984511], [-126.69427330018114, 50.76587059984511]]], [[[-126.60654531265253, 50.7640210635656], [-126.60654531265253, 50.7640210635656]]], [[[-59.14666830561755, 50.75673593721378], [-59.14666830561755, 50.75673593721378]]], [[[-127.08030839963916, 50.7626489997428], [-127.08030839963916, 50.7626489997428]]], [[[-126.64279480024223, 50.766739999765754], [-126.64279480024223, 50.766739999765754]]], [[[-126.49232239976111, 50.784564800231145], [-126.49232239976111, 50.784564800231145]]], [[[-58.84985850021378, 50.76769579971276], [-58.84985850021378, 50.76769579971276]]], [[[-126.58881960005778, 50.76467139972896], [-126.58881960005778, 50.76467139972896]]], [[[-127.08974375002134, 50.771795764191225], [-127.08974375002134, 50.771795764191225]]], [[[-126.76023429989174, 50.76826180006087], [-126.76023429989174, 50.76826180006087]]], [[[-126.6354091996242, 50.769403999890294], [-126.6354091996242, 50.769403999890294]]], [[[-126.61883260026278, 50.77020019983526], [-126.61883260026278, 50.77020019983526]]], [[[-59.117004805753616, 50.75673593721378], [-59.117004805753616, 50.75673593721378]]], [[[-58.98925600005337, 50.780376400201135], [-58.98925600005337, 50.780376400201135]]], [[[-55.486864224618145, 50.80409081295633], [-55.486864224618145, 50.80409081295633]]], [[[-126.60634531263602, 50.670806949938765], [-126.30121929959058, 50.64992429999616], [-126.59788560002603, 50.70340049971025], [-126.60634531263602, 50.670806949938765]]], [[[-126.94376455370812, 50.800881250249525], [-126.94376455370812, 50.800881250249525]]], [[[-126.9139625003897, 50.792887222894514], [-126.9139625003897, 50.792887222894514]]], [[[-126.49558150018831, 50.80085200010073], [-126.49558150018831, 50.80085200010073]]], [[[-57.20663689996681, 50.80252820015807], [-57.20663689996681, 50.80252820015807]]], [[[-127.46729259973762, 50.80545790008863], [-127.46729259973762, 50.80545790008863]]], [[[-126.93091890026675, 50.81012650002809], [-126.93091890026675, 50.81012650002809]]], [[[-127.54834830018774, 50.810055300146274], [-127.54834830018774, 50.810055300146274]]], [[[-58.88661875011106, 50.79600016804305], [-58.88661875011106, 50.79600016804305]]], [[[-126.73818124985974, 50.84108175463301], [-126.73818124985974, 50.84108175463301]]], [[[-57.163356899621256, 50.81639690026932], [-57.163356899621256, 50.81639690026932]]], [[[-57.260516699966416, 50.80002910021228], [-57.260516699966416, 50.80002910021228]]], [[[-126.95526559984907, 50.82243729983033], [-126.95526559984907, 50.82243729983033]]], [[[-126.56260000024464, 50.8212369131115], [-126.56260000024464, 50.8212369131115]]], [[[-127.51416159961194, 50.83080460006718], [-127.51416159961194, 50.83080460006718]]], [[[-57.313366041605306, 50.82762574666025], [-57.313366041605306, 50.82762574666025]]], [[[-127.52919687499877, 50.83330756761297], [-127.52919687499877, 50.83330756761297]]], [[[-58.87918770012956, 50.832000899993446], [-58.87918770012956, 50.832000899993446]]], [[[-127.52924989985506, 50.83829020000855], [-127.52924989985506, 50.83829020000855]]], [[[-126.93156810014617, 50.83785720008048], [-126.93156810014617, 50.83785720008048]]], [[[-127.57666210020191, 50.8321318999632], [-127.57666210020191, 50.8321318999632]]], [[[-127.61728749983115, 50.82968515694189], [-127.61728749983115, 50.82968515694189]]], [[[-127.7930687503611, 50.86366002737689], [-127.7930687503611, 50.86366002737689]]], [[[-59.52647960010612, 50.51943829998444], [-59.52647960010612, 50.51943829998444]]], [[[-126.21103750008305, 50.556083634826024], [-126.21103750008305, 50.556083634826024]]], [[[-59.48479769995607, 50.55042070010176], [-59.48479769995607, 50.55042070010176]]], [[[-59.443835525520065, 50.537209374716866], [-59.443835525520065, 50.537209374716866]]], [[[-59.49324700019357, 50.52993829985166], [-59.49324700019357, 50.52993829985166]]], [[[-59.49299799977324, 50.49999999988076], [-59.49299799977324, 50.49999999988076]]], [[[-127.61728749983115, 50.50696993265816], [-127.61728749983115, 50.50696993265816]]], [[[-126.50514939968562, 50.559864400074446], [-126.50514939968562, 50.559864400074446]]], [[[-126.47455973856034, 50.56670824707003], [-126.47455973856034, 50.56670824707003]]], [[[-126.67770989976616, 50.57175510020951], [-126.67770989976616, 50.57175510020951]]], [[[-59.38553590023655, 50.565717999809436], [-59.38553590023655, 50.565717999809436]]], [[[-126.47456469995569, 50.51468989992546], [-126.47456469995569, 50.51468989992546]]], [[[-59.41401180034542, 50.5825529999464], [-59.41401180034542, 50.5825529999464]]], [[[-126.73825568695912, 50.558018784850525], [-126.73825568695912, 50.558018784850525]]], [[[-126.65049062506046, 50.58627531024104], [-126.65049062506046, 50.58627531024104]]], [[[-59.32607187508849, 50.63740605441047], [-59.32607187508849, 50.63740605441047]]], [[[-127.83518049976449, 51.635524200021415], [-127.83518049976449, 51.635524200021415]]], [[[-128.0820272002316, 51.69073790010851], [-128.0820272002316, 51.69073790010851]]], [[[-127.3528948998447, 51.70610230023837], [-127.3528948998447, 51.70610230023837]]], [[[-79.12533010016456, 51.719780099905286], [-79.12533010016456, 51.719780099905286]]], [[[-56.437354399752806, 51.72440249980789], [-56.437354399752806, 51.72440249980789]]], [[[-127.9997679001329, 51.7300162001631], [-127.9997679001329, 51.7300162001631]]], [[[-128.14463124962438, 51.75077660244963], [-128.14463124962438, 51.75077660244963]]], [[[-79.10166009968913, 51.76270989983615], [-79.10166009968913, 51.76270989983615]]], [[[-79.10166249998757, 51.735033752968214], [-79.10166249998757, 51.735033752968214]]], [[[-79.24962429969241, 51.76965590010925], [-79.24962429969241, 51.76965590010925]]], [[[-78.9504898995734, 51.881269999890705], [-78.9504898995734, 51.881269999890705]]], [[[-78.96418999997032, 51.88047999986311], [-78.96418999997032, 51.88047999986311]]], [[[-128.07034149999413, 51.76748000018493], [-128.07034149999413, 51.76748000018493]]], [[[-128.1150595998033, 51.767672299979104], [-128.1150595998033, 51.767672299979104]]], [[[-128.21695827378363, 51.81162343757494], [-128.21695827378363, 51.81162343757494]]], [[[-128.14463124962438, 51.81839843892479], [-128.14463124962438, 51.81839843892479]]], [[[-128.22937573715998, 51.85556874993558], [-128.22937573715998, 51.85556874993558]]], [[[-128.1348434003247, 51.855432099884794], [-128.1348434003247, 51.855432099884794]]], [[[-128.26700498133056, 51.85536875025829], [-128.26700498133056, 51.85536875025829]]], [[[-128.12589969969417, 51.82091059998711], [-128.12589969969417, 51.82091059998711]]], [[[-79.1016086235284, 51.80894202909579], [-79.1016086235284, 51.80894202909579]]], [[[-128.2059769757981, 51.81162343757494], [-128.2059769757981, 51.81162343757494]]], [[[-128.02125950041736, 51.823026999984364], [-128.02125950041736, 51.823026999984364]]], [[[-128.2529214997333, 51.817713300102234], [-128.2529214997333, 51.817713300102234]]], [[[-128.1361929995632, 51.82067279974886], [-128.1361929995632, 51.82067279974886]]], [[[-128.24522750029172, 51.826754199732214], [-128.24522750029172, 51.826754199732214]]], [[[-128.0246892996132, 51.826715700172656], [-128.0246892996132, 51.826715700172656]]], [[[-128.21502249956777, 51.855563099928325], [-128.21502249956777, 51.855563099928325]]], [[[-128.0244375997554, 51.800134299738346], [-128.0244375997554, 51.800134299738346]]], [[[-128.17250340011563, 51.794058600025835], [-128.17250340011563, 51.794058600025835]]], [[[-128.20538859994826, 51.794105600072605], [-128.20538859994826, 51.794105600072605]]], [[[-128.05654062479204, 51.762116857466516], [-128.05654062479204, 51.762116857466516]]], [[[-128.2476837997057, 51.80725929990047], [-128.2476837997057, 51.80725929990047]]], [[[-127.89360469981835, 51.86072160009313], [-127.89360469981835, 51.86072160009313]]], [[[-78.95804990001899, 51.9062598999436], [-78.95804990001899, 51.9062598999436]]], [[[-79.0102899000276, 51.90561000026376], [-79.0102899000276, 51.90561000026376]]], [[[-128.47818660040258, 51.90814919988614], [-128.47818660040258, 51.90814919988614]]], [[[-128.20323260014723, 51.91961979991497], [-128.20323260014723, 51.91961979991497]]], [[[-128.21019629980552, 51.91976499981947], [-128.21019629980552, 51.91976499981947]]], [[[-128.43267650002485, 51.90423400018907], [-128.43267650002485, 51.90423400018907]]], [[[-128.12255320037636, 51.682379199934225], [-128.12255320037636, 51.682379199934225]]], [[[-79.07753009980449, 51.6404500000371], [-79.07753009980449, 51.6404500000371]]], [[[-128.12181009960028, 51.68865999986116], [-128.12181009960028, 51.68865999986116]]], [[[-128.07921300033033, 51.67972879995573], [-128.07921300033033, 51.67972879995573]]], [[[-131.22080312536468, 52.09211866427198], [-131.22080312536468, 52.09211866427198]]], [[[-131.1481094996363, 52.09774849988651], [-131.1481094996363, 52.09774849988651]]], [[[-128.28294630020787, 52.097284200178215], [-128.28294630020787, 52.097284200178215]]], [[[-79.00261580006622, 52.08862069991147], [-79.00261580006622, 52.08862069991147]]], [[[-128.28899729985943, 52.096844099833554], [-128.28899729985943, 52.096844099833554]]], [[[-127.86480479984439, 52.103304299744174], [-127.86480479984439, 52.103304299744174]]], [[[-127.90246330034708, 51.9275569002061], [-127.90246330034708, 51.9275569002061]]], [[[-128.232321875322, 51.93223024073003], [-128.232321875322, 51.93223024073003]]], [[[-128.46974260022523, 51.928952600241146], [-128.46974260022523, 51.928952600241146]]], [[[-128.21331499984203, 51.94344250010252], [-128.21331499984203, 51.94344250010252]]], [[[-128.23390020000483, 51.943425400161196], [-128.23390020000483, 51.943425400161196]]], [[[-128.24803021972366, 51.943459375191615], [-128.24803021972366, 51.943459375191615]]], [[[-78.86526368417849, 51.94344301752543], [-78.86526368417849, 51.94344301752543]]], [[[-128.30187597357403, 51.9433995151202], [-128.30187597357403, 51.9433995151202]]], [[[-79.30888009984919, 51.93129999971968], [-79.30888009984919, 51.93129999971968]]], [[[-79.2262200002168, 51.94609000007521], [-79.2262200002168, 51.94609000007521]]], [[[-127.90293880018653, 51.95160469971653], [-127.90293880018653, 51.95160469971653]]], [[[-78.8564100998423, 51.96108999974593], [-78.8564100998423, 51.96108999974593]]], [[[-128.28294350015915, 51.95264429978751], [-128.28294350015915, 51.95264429978751]]], [[[-128.2323836138365, 51.95331359423526], [-128.2323836138365, 51.95331359423526]]], [[[-128.46127324509902, 51.943373429645746], [-128.46127324509902, 51.943373429645746]]], [[[-127.89419230042213, 51.96287869993207], [-127.89419230042213, 51.96287869993207]]], [[[-128.1883765629141, 51.98241848517515], [-128.1883765629141, 51.98241848517515]]], [[[-55.84598839968502, 51.98813209971491], [-55.84598839968502, 51.98813209971491]]], [[[-128.2166545003855, 51.98727820009468], [-128.2166545003855, 51.98727820009468]]], [[[-128.25595780000373, 51.98732670018076], [-128.25595780000373, 51.98732670018076]]], [[[-55.88459199973185, 51.99526620002268], [-55.88459199973185, 51.99526620002268]]], [[[-55.85957589985432, 51.995698499968945], [-55.85957589985432, 51.995698499968945]]], [[[-128.1883765629141, 52.00892401192521], [-128.1883765629141, 52.00892401192521]]], [[[-79.22952990037331, 51.998690000238305], [-79.22952990037331, 51.998690000238305]]], [[[-79.51377356852628, 52.03115000000786], [-79.51377356852628, 52.03115000000786]]], [[[-128.23002309998466, 52.00170690020853], [-128.23002309998466, 52.00170690020853]]], [[[-79.60341990025925, 52.004479999778376], [-79.60341990025925, 52.004479999778376]]], [[[-128.26503699981677, 52.0313048000107], [-128.26503699981677, 52.0313048000107]]], [[[-128.3248601166182, 52.031350000262094], [-128.3248601166182, 52.031350000262094]]], [[[-127.95490900018272, 52.03133619977588], [-127.95490900018272, 52.03133619977588]]], [[[-78.75483999994849, 52.02608990024523], [-78.75483999994849, 52.02608990024523]]], [[[-128.28153310024732, 52.01350509994821], [-128.28153310024732, 52.01350509994821]]], [[[-128.27646718774642, 52.01672659606594], [-128.27646718774642, 52.01672659606594]]], [[[-128.32762080028473, 52.038863100186376], [-128.32762080028473, 52.038863100186376]]], [[[-128.41155720022167, 52.041909499799], [-128.41155720022167, 52.041909499799]]], [[[-78.71923989998614, 52.047960000125975], [-78.71923989998614, 52.047960000125975]]], [[[-128.3085874487584, 52.03115000000786], [-128.3085874487584, 52.03115000000786]]], [[[-128.1446277003807, 52.053716200228166], [-128.1446277003807, 52.053716200228166]]], [[[-128.32041250015433, 52.04957512893124], [-128.32041250015433, 52.04957512893124]]], [[[-78.84096010013654, 52.049470000207556], [-78.84096010013654, 52.049470000207556]]], [[[-128.2516747998157, 52.06164620012324], [-128.2516747998157, 52.06164620012324]]], [[[-127.85510249980418, 52.05399250001638], [-127.85510249980418, 52.05399250001638]]], [[[-128.4137910004145, 52.05620860014387], [-128.4137910004145, 52.05620860014387]]], [[[-55.74015869981802, 52.07457729974584], [-55.74015869981802, 52.07457729974584]]], [[[-128.0901718997226, 52.062156100200845], [-128.0901718997226, 52.062156100200845]]], [[[-128.30763940004522, 52.06388650018118], [-128.30763940004522, 52.06388650018118]]], [[[-128.32641098070113, 52.07529531264951], [-128.32641098070113, 52.07529531264951]]], [[[-128.27646718774642, 52.08473800393173], [-128.27646718774642, 52.08473800393173]]], [[[-128.3201461604524, 52.07529531264951], [-128.3201461604524, 52.07529531264951]]], [[[-78.95313010029571, 52.06904000018441], [-78.95313010029571, 52.06904000018441]]], [[[-129.39938419993558, 52.560666399753096], [-129.39938419993558, 52.560666399753096]]], [[[-78.78102009994025, 52.560920000118095], [-78.78102009994025, 52.560920000118095]]], [[[-56.07122250039216, 52.54832999972301], [-56.07122250039216, 52.54832999972301]]], [[[-56.07431874973308, 52.55422042885241], [-56.07431874973308, 52.55422042885241]]], [[[-55.98196749725483, 52.558693750217046], [-55.98196749725483, 52.558693750217046]]], [[[-129.41050639777512, 52.558693750217046], [-129.41050639777512, 52.558693750217046]]], [[[-129.17219902400836, 52.55849375012648], [-129.17219902400836, 52.55849375012648]]], [[[-128.42390410003415, 52.51353070007676], [-128.42390410003415, 52.51353070007676]]], [[[-129.31577850039744, 52.51434970009293], [-129.31577850039744, 52.51434970009293]]], [[[-129.09395370022966, 52.5195166999449], [-129.09395370022966, 52.5195166999449]]], [[[-131.50004759979126, 52.51844279978227], [-131.50004759979126, 52.51844279978227]]], [[[-55.99999999979051, 52.53144999987025], [-55.99999999979051, 52.53144999987025]]], [[[-129.41288609964147, 52.520200300247154], [-129.41288609964147, 52.520200300247154]]], [[[-55.898503900414866, 52.52775060023217], [-55.898503900414866, 52.52775060023217]]], [[[-56.01656930034027, 52.533201299884276], [-56.01656930034027, 52.533201299884276]]], [[[-78.73591649531343, 52.537838418948304], [-78.73591649531343, 52.537838418948304]]], [[[-55.96662309990062, 52.53373609988717], [-55.96662309990062, 52.53373609988717]]], [[[-55.82749869958549, 52.55863850025832], [-55.82749869958549, 52.55863850025832]]], [[[-131.620933300077, 52.53663430000312], [-131.620933300077, 52.53663430000312]]], [[[-56.169009199939815, 52.543159500225016], [-56.169009199939815, 52.543159500225016]]], [[[-55.78099209985971, 52.54903079997361], [-55.78099209985971, 52.54903079997361]]], [[[-78.7963500002824, 52.540450000113076], [-78.7963500002824, 52.540450000113076]]], [[[-129.15505959239215, 52.55849375012648], [-129.15505959239215, 52.55849375012648]]], [[[-79.61698990034849, 52.57248999976243], [-79.61698990034849, 52.57248999976243]]], [[[-131.4399731721026, 52.55849375012648], [-131.4399731721026, 52.55849375012648]]], [[[-78.60928990010039, 52.49441000008324], [-78.60928990010039, 52.49441000008324]]], [[[-78.74438999975797, 52.49628999998886], [-78.74438999975797, 52.49628999998886]]], [[[-129.0474933996736, 52.49900090019187], [-129.0474933996736, 52.49900090019187]]], [[[-55.80149349978293, 52.50726049981253], [-55.80149349978293, 52.50726049981253]]], [[[-127.23986680018005, 52.510482900214825], [-127.23986680018005, 52.510482900214825]]], [[[-79.16850989972838, 52.55076999996739], [-79.16850989972838, 52.55076999996739]]], [[[-55.722756249571475, 52.58242529739632], [-55.722756249571475, 52.58242529739632]]], [[[-55.79659900021131, 52.562483900164644], [-55.79659900021131, 52.562483900164644]]], [[[-131.55518430007854, 52.56879150006588], [-131.55518430007854, 52.56879150006588]]], [[[-129.14434629958515, 52.561251699931994], [-129.14434629958515, 52.561251699931994]]], [[[-78.76737990010481, 52.56464989991273], [-78.76737990010481, 52.56464989991273]]], [[[-79.14464999989347, 52.56333999990297], [-79.14464999989347, 52.56333999990297]]], [[[-79.10166249998757, 52.57749956322354], [-79.10166249998757, 52.57749956322354]]], [[[-129.15534640020786, 52.57273650009379], [-129.15534640020786, 52.57273650009379]]], [[[-79.19766999987675, 52.57262010002405], [-79.19766999987675, 52.57262010002405]]], [[[-131.57336639995677, 52.57759740005839], [-131.57336639995677, 52.57759740005839]]], [[[-131.41959239975236, 52.58196400003463], [-131.41959239975236, 52.58196400003463]]], [[[-78.75009999982596, 52.58785627300352], [-78.75009999982596, 52.58785627300352]]], [[[-78.74740000005181, 52.59347999987705], [-78.74740000005181, 52.59347999987705]]], [[[-55.81117120035739, 52.7274375997499], [-55.81117120035739, 52.7274375997499]]], [[[-55.81061429967846, 52.7390991002339], [-55.81061429967846, 52.7390991002339]]], [[[-55.87542359990602, 52.7117633997339], [-55.87542359990602, 52.7117633997339]]], [[[-55.85441079987136, 52.728995299975885], [-55.85441079987136, 52.728995299975885]]], [[[-80.70539989968098, 52.69152999989062], [-80.70539989968098, 52.69152999989062]]], [[[-56.1621917001957, 52.6787469999679], [-56.1621917001957, 52.6787469999679]]], [[[-78.8336173680222, 52.69543372796754], [-78.8336173680222, 52.69543372796754]]], [[[-129.0411638001131, 52.69362060023114], [-129.0411638001131, 52.69362060023114]]], [[[-129.24657150039144, 52.69713839985152], [-129.24657150039144, 52.69713839985152]]], [[[-55.9626361997016, 52.71532220014609], [-55.9626361997016, 52.71532220014609]]], [[[-55.89853750010143, 52.71384103476634], [-55.89853750010143, 52.71384103476634]]], [[[-129.3009635997161, 52.72265170011692], [-129.3009635997161, 52.72265170011692]]], [[[-78.85748959364112, 52.7273075596351], [-78.85748959364112, 52.7273075596351]]], [[[-55.88949463175174, 52.734350082528486], [-55.88949463175174, 52.734350082528486]]], [[[-78.88368000000415, 52.73437009990717], [-78.88368000000415, 52.73437009990717]]], [[[-56.014502199616395, 52.73442639989388], [-56.014502199616395, 52.73442639989388]]], [[[-131.7667783752234, 52.734275000099785], [-131.7667783752234, 52.734275000099785]]], [[[-55.97397583475566, 52.73447499987205], [-55.97397583475566, 52.73447499987205]]], [[[-55.91186417083473, 52.73447499987205], [-55.91186417083473, 52.73447499987205]]], [[[-55.75139710012945, 52.59930960020582], [-55.75139710012945, 52.59930960020582]]], [[[-55.78245719998582, 52.59543139995261], [-55.78245719998582, 52.59543139995261]]], [[[-55.75006690000956, 52.612402299872144], [-55.75006690000956, 52.612402299872144]]], [[[-78.87446000005008, 52.63733990001475], [-78.87446000005008, 52.63733990001475]]], [[[-129.44451923122435, 52.6465843750214], [-129.44451923122435, 52.6465843750214]]], [[[-78.85810999982074, 52.644480000063595], [-78.85810999982074, 52.644480000063595]]], [[[-131.4213390004475, 52.62355379990462], [-131.4213390004475, 52.62355379990462]]], [[[-78.78490000000917, 52.6258300000274], [-78.78490000000917, 52.6258300000274]]], [[[-79.12843000025879, 52.61831010007717], [-79.12843000025879, 52.61831010007717]]], [[[-128.51337059982703, 52.629051199950304], [-128.51337059982703, 52.629051199950304]]], [[[-55.98642812491726, 52.63740827894621], [-55.98642812491726, 52.63740827894621]]], [[[-79.2123801004021, 52.634850000004036], [-79.2123801004021, 52.634850000004036]]], [[[-128.79485280008421, 52.636058300229884], [-128.79485280008421, 52.636058300229884]]], [[[-55.70998215053576, 52.54133082880972], [-55.70998215053576, 52.54133082880972]]], [[[-128.496193749786, 52.55522706324064], [-128.496193749786, 52.55522706324064]]], [[[-131.48427499979562, 52.587673557312314], [-131.48427499979562, 52.587673557312314]]], [[[-131.48447499981216, 52.61132937811193], [-131.48447499981216, 52.61132937811193]]], [[[-78.76956009962127, 52.59632989980923], [-78.76956009962127, 52.59632989980923]]], [[[-55.84997610028297, 52.603342800138584], [-55.84997610028297, 52.603342800138584]]], [[[-78.75009999982596, 52.60829600025698], [-78.75009999982596, 52.60829600025698]]], [[[-129.18185790038603, 52.6107799998033], [-129.18185790038603, 52.6107799998033]]], [[[-128.77035549974116, 52.604637399874136], [-128.77035549974116, 52.604637399874136]]], [[[-128.75966562511522, 52.65862177907607], [-128.75966562511522, 52.65862177907607]]], [[[-131.68656520018666, 52.64600639994558], [-131.68656520018666, 52.64600639994558]]], [[[-131.5044523908706, 52.73447499987205], [-131.5044523908706, 52.73447499987205]]], [[[-129.41903950004888, 52.66194329977646], [-129.41903950004888, 52.66194329977646]]], [[[-128.44540399985354, 52.734340199796385], [-128.44540399985354, 52.734340199796385]]], [[[-128.80590970028405, 52.65181859984647], [-128.80590970028405, 52.65181859984647]]], [[[-129.41896599989232, 52.66979210023329], [-129.41896599989232, 52.66979210023329]]], [[[-128.33367922810535, 52.73447499987205], [-128.33367922810535, 52.73447499987205]]], [[[-129.14078950016773, 52.91494269995058], [-129.14078950016773, 52.91494269995058]]], [[[-131.6161534381121, 52.910256249976435], [-131.6161534381121, 52.910256249976435]]], [[[-55.81064687528561, 52.90267553356644], [-55.81064687528561, 52.90267553356644]]], [[[-79.02547275514091, 52.910056250208484], [-79.02547275514091, 52.910056250208484]]], [[[-55.830977599796405, 52.91264879978132], [-55.830977599796405, 52.91264879978132]]], [[[-79.04019499999059, 52.9315577999845], [-79.04019499999059, 52.9315577999845]]], [[[-55.93152840020195, 52.744642099755254], [-55.93152840020195, 52.744642099755254]]], [[[-55.986415599707264, 52.7380915000034], [-55.986415599707264, 52.7380915000034]]], [[[-129.37508140012287, 52.74821479972964], [-129.37508140012287, 52.74821479972964]]], [[[-79.16700999976646, 52.74306009973157], [-79.16700999976646, 52.74306009973157]]], [[[-78.86509989974263, 52.751589999827516], [-78.86509989974263, 52.751589999827516]]], [[[-78.87003000044727, 52.75450010026022], [-78.87003000044727, 52.75450010026022]]], [[[-129.0687255997417, 52.75751629980949], [-129.0687255997417, 52.75751629980949]]], [[[-55.942482812509354, 52.77041256410161], [-55.942482812509354, 52.77041256410161]]], [[[-131.97382260023517, 52.7639552000132], [-131.97382260023517, 52.7639552000132]]], [[[-55.858456014207064, 52.73447499987205], [-55.858456014207064, 52.73447499987205]]], [[[-131.66005625032557, 52.775822371030515], [-131.66005625032557, 52.775822371030515]]], [[[-128.5437141998195, 52.73441849982942], [-128.5437141998195, 52.73441849982942]]], [[[-131.56099530042889, 52.76165930016021], [-131.56099530042889, 52.76165930016021]]], [[[-78.92588125035593, 52.774853432620915], [-78.92588125035593, 52.774853432620915]]], [[[-55.9288655996637, 52.77558499981367], [-55.9288655996637, 52.77558499981367]]], [[[-129.35813449992997, 52.771909399829795], [-129.35813449992997, 52.771909399829795]]], [[[-55.99999999979051, 52.779373000050576], [-55.99999999979051, 52.779373000050576]]], [[[-55.942294600185974, 52.777985399969545], [-55.942294600185974, 52.777985399969545]]], [[[-129.3641894081513, 52.7782203127272], [-129.3641894081513, 52.7782203127272]]], [[[-55.89833750008491, 52.787759522487335], [-55.89833750008491, 52.787759522487335]]], [[[-129.35205660022726, 52.79930259994597], [-129.35205660022726, 52.79930259994597]]], [[[-55.898372500244996, 52.81884750006385], [-55.898372500244996, 52.81884750006385]]], [[[-79.18360239959544, 52.81716550023065], [-79.18360239959544, 52.81716550023065]]], [[[-55.886037283022794, 52.82236562480479], [-55.886037283022794, 52.82236562480479]]], [[[-79.13410919979063, 52.81893929979147], [-79.13410919979063, 52.81893929979147]]], [[[-78.8664999995714, 52.81811989974403], [-78.8664999995714, 52.81811989974403]]], [[[-79.17135870003943, 52.817602099825606], [-79.17135870003943, 52.817602099825606]]], [[[-79.15079960042722, 52.81609900005932], [-79.15079960042722, 52.81609900005932]]], [[[-55.84994850493577, 52.82236562480479], [-55.84994850493577, 52.82236562480479]]], [[[-78.84613920036323, 52.81085889975148], [-78.84613920036323, 52.81085889975148]]], [[[-129.35728120012305, 52.79072750014739], [-129.35728120012305, 52.79072750014739]]], [[[-129.35205079980548, 52.778338300013424], [-129.35205079980548, 52.778338300013424]]], [[[-128.76217499969115, 52.795172399808216], [-128.76217499969115, 52.795172399808216]]], [[[-55.89833750008491, 52.80027601777574], [-55.89833750008491, 52.80027601777574]]], [[[-55.85640869977563, 52.799834499955075], [-55.85640869977563, 52.799834499955075]]], [[[-55.835455296347554, 52.82236562480479], [-55.835455296347554, 52.82236562480479]]], [[[-55.86443652395657, 52.82236562480479], [-55.86443652395657, 52.82236562480479]]], [[[-78.89453829976267, 52.820533199804835], [-78.89453829976267, 52.820533199804835]]], [[[-79.23785920006192, 52.81806940000876], [-79.23785920006192, 52.81806940000876]]], [[[-55.90748209994558, 52.82580779995525], [-55.90748209994558, 52.82580779995525]]], [[[-55.87529730037034, 52.83374460014017], [-55.87529730037034, 52.83374460014017]]], [[[-78.77492989960633, 52.830399999916665], [-78.77492989960633, 52.830399999916665]]], [[[-129.37237899555873, 52.82236562480479], [-129.37237899555873, 52.82236562480479]]], [[[-131.83598599955855, 52.82333899996297], [-131.83598599955855, 52.82333899996297]]], [[[-78.78758586928389, 52.850296865704195], [-78.78758586928389, 52.850296865704195]]], [[[-79.20235830015805, 52.85960400025716], [-79.20235830015805, 52.85960400025716]]], [[[-131.52751140040888, 52.873132200079304], [-131.52751140040888, 52.873132200079304]]], [[[-79.27207760038745, 52.872459700099384], [-79.27207760038745, 52.872459700099384]]], [[[-132.45864109981153, 53.03098729978512], [-132.45864109981153, 53.03098729978512]]], [[[-132.43871319963708, 53.02646829987561], [-132.43871319963708, 53.02646829987561]]], [[[-132.43019149967924, 53.005495400044445], [-132.43019149967924, 53.005495400044445]]], [[[-132.42325759983385, 53.01927320011646], [-132.42325759983385, 53.01927320011646]]], [[[-55.770401661549236, 52.96894659294277], [-55.770401661549236, 52.96894659294277]]], [[[-82.26494365219777, 52.955422169562105], [-82.26494365219777, 52.955422169562105]]], [[[-78.92588125035593, 52.96334923780113], [-78.92588125035593, 52.96334923780113]]], [[[-79.00551744916376, 52.910256249976435], [-79.00551744916376, 52.910256249976435]]], [[[-79.01835249978983, 52.93724129990718], [-79.01835249978983, 52.93724129990718]]], [[[-78.92568125033938, 52.94092148885898], [-78.92568125033938, 52.94092148885898]]], [[[-82.26473125183706, 52.95467210879859], [-82.26473125183706, 52.95467210879859]]], [[[-79.02192180016273, 52.94218820025764], [-79.02192180016273, 52.94218820025764]]], [[[-128.67177500029942, 52.96349996546648], [-128.67177500029942, 52.96349996546648]]], [[[-78.9819378003413, 52.94032209983789], [-78.9819378003413, 52.94032209983789]]], [[[-55.874930900023834, 52.950100600001385], [-55.874930900023834, 52.950100600001385]]], [[[-131.83583749995722, 53.03989646668259], [-131.83583749995722, 53.03989646668259]]], [[[-132.33460429995193, 52.967582899938535], [-132.33460429995193, 52.967582899938535]]], [[[-78.92568125033938, 52.97130443315173], [-78.92568125033938, 52.97130443315173]]], [[[-79.01844769965038, 53.041615600032046], [-79.01844769965038, 53.041615600032046]]], [[[-131.74794389992118, 53.043638600088656], [-131.74794389992118, 53.043638600088656]]], [[[-79.05239210033955, 53.04254310020587], [-79.05239210033955, 53.04254310020587]]], [[[-129.59482656267872, 53.05852263074984], [-129.59482656267872, 53.05852263074984]]], [[[-129.69768169989152, 53.04935959994224], [-129.69768169989152, 53.04935959994224]]], [[[-82.23407079987417, 53.05320440007996], [-82.23407079987417, 53.05320440007996]]], [[[-79.07322780021089, 53.05290689978557], [-79.07322780021089, 53.05290689978557]]], [[[-129.66188639961118, 53.05279189996473], [-129.66188639961118, 53.05279189996473]]], [[[-129.1993187501092, 53.07737683542527], [-129.1993187501092, 53.07737683542527]]], [[[-55.81064687528561, 52.955605236252836], [-55.81064687528561, 52.955605236252836]]], [[[-132.36318124975048, 53.00731215936995], [-132.36318124975048, 53.00731215936995]]], [[[-129.63877187508666, 52.978993669390654], [-129.63877187508666, 52.978993669390654]]], [[[-129.52485365906148, 52.99814687506053], [-129.52485365906148, 52.99814687506053]]], [[[-78.8674275002208, 53.006523600012294], [-78.8674275002208, 53.006523600012294]]], [[[-129.59482656267872, 53.00902638334337], [-129.59482656267872, 53.00902638334337]]], [[[-56.04572330002957, 53.015870599945245], [-56.04572330002957, 53.015870599945245]]], [[[-79.01627630003046, 53.01427420020213], [-79.01627630003046, 53.01427420020213]]], [[[-79.01203890012286, 53.01784480007583], [-79.01203890012286, 53.01784480007583]]], [[[-129.59482656267872, 53.037267797192236], [-129.59482656267872, 53.037267797192236]]], [[[-129.6826423003392, 53.064217000223515], [-129.6826423003392, 53.064217000223515]]], [[[-129.7264624998859, 53.071821071919146], [-129.7264624998859, 53.071821071919146]]], [[[-55.7599464358587, 53.398935093997714], [-55.7599464358587, 53.398935093997714]]], [[[-55.77234359371637, 53.33922865519487], [-55.77234359371637, 53.33922865519487]]], [[[-55.8626078001765, 53.383126600052826], [-55.8626078001765, 53.383126600052826]]], [[[-55.83516112054988, 53.50867030972112], [-55.83516112054988, 53.50867030972112]]], [[[-133.17861890000503, 53.93626804537227], [-133.17861890000503, 53.93626804537227]]], [[[-56.560469080769906, 53.93553498231339], [-56.560469080769906, 53.93553498231339]]], [[[-58.99694739977052, 53.92752010008672], [-58.99694739977052, 53.92752010008672]]], [[[-58.93198880044106, 53.92330670004549], [-58.93198880044106, 53.92330670004549]]], [[[-130.15821530038386, 53.934487200252285], [-130.15821530038386, 53.934487200252285]]], [[[-132.66611168861337, 53.19893717005151], [-132.66611168861337, 53.19893717005151]]], [[[-132.9784156252579, 53.5210780417531], [-132.9784156252579, 53.5210780417531]]], [[[-79.0454577800826, 53.41851554376862], [-79.0454577800826, 53.41851554376862]]], [[[-55.89833750008491, 53.39698803266944], [-55.89833750008491, 53.39698803266944]]], [[[-60.15815669994646, 53.39744980006063], [-60.15815669994646, 53.39744980006063]]], [[[-79.09096200008848, 53.39577380023649], [-79.09096200008848, 53.39577380023649]]], [[[-78.98960389092363, 53.4093731580004], [-78.98960389092363, 53.4093731580004]]], [[[-79.0747500996644, 53.4056399997648], [-79.0747500996644, 53.4056399997648]]], [[[-78.98423396158115, 53.343191741441885], [-78.98423396158115, 53.343191741441885]]], [[[-79.0314799996516, 53.33037000001615], [-79.0314799996516, 53.33037000001615]]], [[[-130.20154990033237, 53.34478480023972], [-130.20154990033237, 53.34478480023972]]], [[[-60.1682955003664, 53.34213499982375], [-60.1682955003664, 53.34213499982375]]], [[[-60.18857729993186, 53.34168560018316], [-60.18857729993186, 53.34168560018316]]], [[[-79.03582200028917, 53.3544469000146], [-79.03582200028917, 53.3544469000146]]], [[[-78.98712249976712, 53.352782499963865], [-78.98712249976712, 53.352782499963865]]], [[[-60.18777509989157, 53.36097669999725], [-60.18777509989157, 53.36097669999725]]], [[[-60.37345119985132, 53.35428930024964], [-60.37345119985132, 53.35428930024964]]], [[[-60.364889900359124, 53.36232040005777], [-60.364889900359124, 53.36232040005777]]], [[[-79.05899349956229, 53.385539700180125], [-79.05899349956229, 53.385539700180125]]], [[[-129.27097630031136, 53.389986299906056], [-129.27097630031136, 53.389986299906056]]], [[[-79.04075839998059, 53.39321180018338], [-79.04075839998059, 53.39321180018338]]], [[[-132.6464013002136, 53.290529499737765], [-132.6464013002136, 53.290529499737765]]], [[[-132.42926209999135, 53.31863909980603], [-132.42926209999135, 53.31863909980603]]], [[[-78.99862832404709, 53.32631259502883], [-78.99862832404709, 53.32631259502883]]], [[[-132.4655455995943, 53.3276514999754], [-132.4655455995943, 53.3276514999754]]], [[[-129.45872420008226, 53.35910240018528], [-129.45872420008226, 53.35910240018528]]], [[[-129.06020832308832, 53.43759999989568], [-129.06020832308832, 53.43759999989568]]], [[[-78.96086000000932, 53.55440000020832], [-78.96086000000932, 53.55440000020832]]], [[[-130.14382560017427, 53.549507800184166], [-130.14382560017427, 53.549507800184166]]], [[[-79.10146249997103, 53.552954500125026], [-79.10146249997103, 53.552954500125026]]], [[[-79.11773999986873, 53.54851000001279], [-79.11773999986873, 53.54851000001279]]], [[[-79.08061999985297, 53.55125999979505], [-79.08061999985297, 53.55125999979505]]], [[[-55.985291599775984, 53.55899789993765], [-55.985291599775984, 53.55899789993765]]], [[[-130.07202510016262, 53.557328099841826], [-130.07202510016262, 53.557328099841826]]], [[[-129.9747451995555, 53.553458500061524], [-129.9747451995555, 53.553458500061524]]], [[[-79.10748999969474, 53.55643009980576], [-79.10748999969474, 53.55643009980576]]], [[[-78.96470032120511, 53.56395614719075], [-78.96470032120511, 53.56395614719075]]], [[[-79.10146249997103, 53.560845948213355], [-79.10146249997103, 53.560845948213355]]], [[[-79.15914990003222, 53.556080099852885], [-79.15914990003222, 53.556080099852885]]], [[[-130.14579979982636, 53.55999710005816], [-130.14579979982636, 53.55999710005816]]], [[[-129.92563539981566, 53.5725913000033], [-129.92563539981566, 53.5725913000033]]], [[[-78.99516990003475, 53.56587009974147], [-78.99516990003475, 53.56587009974147]]], [[[-129.95642740017044, 53.569903899967834], [-129.95642740017044, 53.569903899967834]]], [[[-79.0009200997117, 53.571610000147935], [-79.0009200997117, 53.571610000147935]]], [[[-130.1683208999692, 53.580615300072296], [-130.1683208999692, 53.580615300072296]]], [[[-78.96940787058632, 53.580941240771644], [-78.96940787058632, 53.580941240771644]]], [[[-57.29716939996464, 53.58082839996885], [-57.29716939996464, 53.58082839996885]]], [[[-79.11921010001771, 53.59300009994455], [-79.11921010001771, 53.59300009994455]]], [[[-130.54806999959905, 53.59293469992471], [-130.54806999959905, 53.59293469992471]]], [[[-79.08464009998828, 53.423989999769226], [-79.08464009998828, 53.423989999769226]]], [[[-79.09439814588177, 53.43740000000367], [-79.09439814588177, 53.43740000000367]]], [[[-79.17069010014313, 53.44787999980755], [-79.17069010014313, 53.44787999980755]]], [[[-79.10146249997103, 53.44745061061243], [-79.10146249997103, 53.44745061061243]]], [[[-79.15614229644355, 53.43759999989568], [-79.15614229644355, 53.43759999989568]]], [[[-79.158169900041, 53.43973999993359], [-79.158169900041, 53.43973999993359]]], [[[-130.4175193000186, 53.50576459994598], [-130.4175193000186, 53.50576459994598]]], [[[-79.24415999963439, 53.508430000154966], [-79.24415999963439, 53.508430000154966]]], [[[-57.5066708002478, 53.51703909996432], [-57.5066708002478, 53.51703909996432]]], [[[-130.36414509970868, 53.51486240002178], [-130.36414509970868, 53.51486240002178]]], [[[-79.14590009993441, 53.494769999893535], [-79.14590009993441, 53.494769999893535]]], [[[-128.73371659966233, 53.517296399903245], [-128.73371659966233, 53.517296399903245]]], [[[-56.07411874971653, 53.5083004584897], [-56.07411874971653, 53.5083004584897]]], [[[-55.88721605503356, 53.493141073823125], [-55.88721605503356, 53.493141073823125]]], [[[-56.02232739980185, 53.48277380022902], [-56.02232739980185, 53.48277380022902]]], [[[-129.95742879982836, 53.46570440006742], [-129.95742879982836, 53.46570440006742]]], [[[-130.43453809957023, 53.484183499776755], [-130.43453809957023, 53.484183499776755]]], [[[-130.41717189993867, 53.48134369991716], [-130.41717189993867, 53.48134369991716]]], [[[-130.60556874985733, 53.47454045302165], [-130.60556874985733, 53.47454045302165]]], [[[-130.45248999986873, 53.48866839977021], [-130.45248999986873, 53.48866839977021]]], [[[-130.42978750022564, 53.48938620541387], [-130.42978750022564, 53.48938620541387]]], [[[-130.40695360041272, 53.49911070015156], [-130.40695360041272, 53.49911070015156]]], [[[-79.71055000043322, 53.49194990001253], [-79.71055000043322, 53.49194990001253]]], [[[-129.95899770028555, 53.49521942890954], [-129.95899770028555, 53.49521942890954]]], [[[-129.9901343752317, 53.53486548175251], [-129.9901343752317, 53.53486548175251]]], [[[-130.51761970041207, 53.534623300093386], [-130.51761970041207, 53.534623300093386]]], [[[-55.96916439970342, 53.5330874000986], [-55.96916439970342, 53.5330874000986]]], [[[-56.196266900081795, 53.53476529997164], [-56.196266900081795, 53.53476529997164]]], [[[-129.9901343752317, 53.55321320601384], [-129.9901343752317, 53.55321320601384]]], [[[-79.04460000037736, 53.548630100157816], [-79.04460000037736, 53.548630100157816]]], [[[-129.18027881033856, 53.43759999989568], [-128.89450749955282, 53.55840910002678], [-129.17359360009647, 53.44408350019981], [-129.18027881033856, 53.43759999989568]]], [[[-130.07822500006407, 53.55198628049804], [-130.07822500006407, 53.55198628049804]]], [[[-55.971398871836094, 53.67122789351149], [-55.971398871836094, 53.67122789351149]]], [[[-55.92811867565779, 53.67907057153554], [-55.92811867565779, 53.67907057153554]]], [[[-55.89833750008491, 53.65867869669609], [-55.89833750008491, 53.65867869669609]]], [[[-55.9297447233401, 53.599724184934665], [-55.9297447233401, 53.599724184934665]]], [[[-132.50156999991648, 53.66256009978215], [-132.50156999991648, 53.66256009978215]]], [[[-79.053030000311, 53.664829899844115], [-79.053030000311, 53.664829899844115]]], [[[-132.47566349981085, 53.66569329986309], [-132.47566349981085, 53.66569329986309]]], [[[-132.33411889977972, 53.672532400215374], [-132.33411889977972, 53.672532400215374]]], [[[-79.11988010038755, 53.63617999980163], [-79.11988010038755, 53.63617999980163]]], [[[-128.85584480024175, 53.64750760000878], [-128.85584480024175, 53.64750760000878]]], [[[-56.33739589993659, 53.64980419974538], [-56.33739589993659, 53.64980419974538]]], [[[-56.31856710019035, 53.658975000104455], [-56.31856710019035, 53.658975000104455]]], [[[-56.513771874710514, 53.64763868275929], [-56.513771874710514, 53.64763868275929]]], [[[-130.58100650042087, 53.59847209978774], [-130.58100650042087, 53.59847209978774]]], [[[-57.50431400003133, 53.60534530012055], [-57.50431400003133, 53.60534530012055]]], [[[-79.10146249997103, 53.60300483446152], [-79.10146249997103, 53.60300483446152]]], [[[-132.9412620004027, 53.60869930024102], [-132.9412620004027, 53.60869930024102]]], [[[-128.86275520015928, 53.615660900162], [-128.86275520015928, 53.615660900162]]], [[[-130.56405375129717, 53.61338125022224], [-130.56405375129717, 53.61338125022224]]], [[[-56.30163520006605, 53.62396859989643], [-56.30163520006605, 53.62396859989643]]], [[[-79.10146249997103, 53.63288629307694], [-79.10146249997103, 53.63288629307694]]], [[[-79.10841000030983, 53.63227999998251], [-79.10841000030983, 53.63227999998251]]], [[[-132.36338124976703, 53.642605942062254], [-132.36338124976703, 53.642605942062254]]], [[[-56.29647834482076, 53.69351873247936], [-56.29647834482076, 53.69351873247936]]], [[[-132.49103570002308, 53.68416960009792], [-132.49103570002308, 53.68416960009792]]], [[[-79.10146249997103, 53.677934726021256], [-79.10146249997103, 53.677934726021256]]], [[[-79.14207999981566, 53.68033999988533], [-79.14207999981566, 53.68033999988533]]], [[[-132.5892754002056, 53.68379649995245], [-132.5892754002056, 53.68379649995245]]], [[[-129.73996999968927, 53.68730290018665], [-129.73996999968927, 53.68730290018665]]], [[[-56.51462709960708, 53.69461549996229], [-56.51462709960708, 53.69461549996229]]], [[[-56.54313589961493, 53.69716860011328], [-56.54313589961493, 53.69716860011328]]], [[[-79.16487999990471, 53.70169000021345], [-79.16487999990471, 53.70169000021345]]], [[[-57.11379289999566, 53.6436150001996], [-57.11379289999566, 53.6436150001996]]], [[[-130.25400624969572, 53.60039079219848], [-130.25400624969572, 53.60039079219848]]], [[[-79.14124010017782, 53.70915000002647], [-79.14124010017782, 53.70915000002647]]], [[[-60.06657400021122, 53.70114050022099], [-60.06657400021122, 53.70114050022099]]], [[[-132.41059279971708, 53.71259399989114], [-132.41059279971708, 53.71259399989114]]], [[[-59.12319459960814, 53.72378960019327], [-59.12319459960814, 53.72378960019327]]], [[[-60.020428599586474, 53.717807999788576], [-60.020428599586474, 53.717807999788576]]], [[[-79.11403050032774, 53.716081000165566], [-79.11403050032774, 53.716081000165566]]], [[[-57.102868000040274, 53.726895300110414], [-57.102868000040274, 53.726895300110414]]], [[[-79.15696869979253, 53.72683659979745], [-79.15696869979253, 53.72683659979745]]], [[[-79.13200010013227, 53.73245000002059], [-79.13200010013227, 53.73245000002059]]], [[[-56.89573360034365, 53.737478200129026], [-56.89573360034365, 53.737478200129026]]], [[[-128.97231435025142, 53.73849362229561], [-128.97231435025142, 53.73849362229561]]], [[[-56.85288580014252, 53.73922409987868], [-56.85288580014252, 53.73922409987868]]], [[[-79.08083080660239, 53.73526123745236], [-79.08083080660239, 53.73526123745236]]], [[[-128.8445842995777, 53.726861699854226], [-128.8445842995777, 53.726861699854226]]], [[[-79.14279010008146, 53.73274009981373], [-79.14279010008146, 53.73274009981373]]], [[[-130.38584218781776, 53.73232235161794], [-130.38584218781776, 53.73232235161794]]], [[[-130.36212260033867, 53.741099500035936], [-130.36212260033867, 53.741099500035936]]], [[[-56.79038189673426, 53.75349308625882], [-56.79038189673426, 53.75349308625882]]], [[[-79.10146249997103, 53.751693312066635], [-79.10146249997103, 53.751693312066635]]], [[[-132.26273279979517, 53.751466299753496], [-132.26273279979517, 53.751466299753496]]], [[[-56.804327000048495, 53.75073929973138], [-56.804327000048495, 53.75073929973138]]], [[[-56.644225300220405, 53.758875299924846], [-56.644225300220405, 53.758875299924846]]], [[[-128.9733646002945, 53.760942700152114], [-128.9733646002945, 53.760942700152114]]], [[[-59.99239269969364, 53.75983539987994], [-59.99239269969364, 53.75983539987994]]], [[[-130.38584218781776, 53.75272869753942], [-130.38584218781776, 53.75272869753942]]], [[[-56.58735469961951, 53.771072699886524], [-56.58735469961951, 53.771072699886524]]], [[[-130.51747812502495, 53.78050861827887], [-130.51747812502495, 53.78050861827887]]], [[[-56.63716827907881, 53.77310772912115], [-56.63716827907881, 53.77310772912115]]], [[[-130.5021849002009, 53.77851070024578], [-130.5021849002009, 53.77851070024578]]], [[[-130.51758410017734, 53.78469029997068], [-130.51758410017734, 53.78469029997068]]], [[[-56.840647800397, 53.78203879982307], [-56.840647800397, 53.78203879982307]]], [[[-130.46470282881998, 53.788962500004345], [-130.46470282881998, 53.788962500004345]]], [[[-56.379687100394406, 53.78914470005966], [-56.379687100394406, 53.78914470005966]]], [[[-57.0117045296751, 53.789162500218026], [-57.0117045296751, 53.789162500218026]]], [[[-130.48494159998168, 53.79133709979968], [-130.48494159998168, 53.79133709979968]]], [[[-79.12953360034825, 53.791740399848265], [-79.12953360034825, 53.791740399848265]]], [[[-130.4808238197373, 53.789162500218026], [-130.4808238197373, 53.789162500218026]]], [[[-56.60890247245701, 53.789162500218026], [-56.60890247245701, 53.789162500218026]]], [[[-130.31797244329988, 53.78899536631], [-130.31797244329988, 53.78899536631]]], [[[-130.473593700427, 53.79982820018578], [-130.473593700427, 53.79982820018578]]], [[[-56.37982039960279, 53.794535100051725], [-56.37982039960279, 53.794535100051725]]], [[[-130.37649309995737, 53.798087799969295], [-130.37649309995737, 53.798087799969295]]], [[[-56.4364735001071, 53.79973440021668], [-56.4364735001071, 53.79973440021668]]], [[[-56.44968939958272, 53.80022609973385], [-56.44968939958272, 53.80022609973385]]], [[[-130.4736145000191, 53.80733380001192], [-130.4736145000191, 53.80733380001192]]], [[[-130.49036760036756, 53.801392000247695], [-130.49036760036756, 53.801392000247695]]], [[[-56.426937120696486, 53.789162500218026], [-56.426937120696486, 53.789162500218026]]], [[[-56.38075902139539, 53.82914242713755], [-56.38075902139539, 53.82914242713755]]], [[[-130.42958750020912, 53.8135803851996], [-130.42958750020912, 53.8135803851996]]], [[[-130.39619009986615, 53.811909800036254], [-130.39619009986615, 53.811909800036254]]], [[[-56.97807105477039, 53.858700728807065], [-56.97807105477039, 53.858700728807065]]], [[[-79.13132000000373, 53.864380100130234], [-79.13132000000373, 53.864380100130234]]], [[[-79.0651465002194, 53.904683800077784], [-79.0651465002194, 53.904683800077784]]], [[[-58.92365060024463, 53.91226799985528], [-58.92365060024463, 53.91226799985528]]], [[[-79.8787900998672, 53.887910000178714], [-79.8787900998672, 53.887910000178714]]], [[[-79.10166249998757, 53.90499871176258], [-79.10166249998757, 53.90499871176258]]], [[[-130.55740720005326, 53.86482059980995], [-130.55740720005326, 53.86482059980995]]], [[[-79.10166249998757, 53.87086999153436], [-79.10166249998757, 53.87086999153436]]], [[[-130.6495140622652, 53.89262640806424], [-130.6495140622652, 53.89262640806424]]], [[[-56.86156960019507, 53.82948080008364], [-56.86156960019507, 53.82948080008364]]], [[[-132.2042297357442, 53.789162500218026], [-132.2042297357442, 53.789162500218026]]], [[[-79.17024009988134, 53.80707999995896], [-79.17024009988134, 53.80707999995896]]], [[[-130.38584218781776, 53.81464308170933], [-130.38584218781776, 53.81464308170933]]], [[[-130.59337706634952, 53.788962500004345], [-130.59337706634952, 53.788962500004345]]], [[[-130.3416968753933, 53.8225481100763], [-130.3416968753933, 53.8225481100763]]], [[[-78.95599442169826, 53.81884120466641], [-78.95599442169826, 53.81884120466641]]], [[[-56.86729039980943, 53.82190779984131], [-56.86729039980943, 53.82190779984131]]], [[[-79.19165000018737, 53.822520000097185], [-79.19165000018737, 53.822520000097185]]], [[[-78.94992914152866, 53.830204930717905], [-78.94992914152866, 53.830204930717905]]], [[[-79.10146249997103, 53.82819933893156], [-79.10146249997103, 53.82819933893156]]], [[[-78.94960997729471, 53.83209238252564], [-78.94960997729471, 53.83209238252564]]], [[[-128.7261960999364, 53.862164400081284], [-128.7261960999364, 53.862164400081284]]], [[[-56.898639241554314, 53.85267268941436], [-56.898639241554314, 53.85267268941436]]], [[[-56.92019113676065, 53.854501567315495], [-56.92019113676065, 53.854501567315495]]], [[[-130.49793259993768, 53.84531600003849], [-130.49793259993768, 53.84531600003849]]], [[[-130.60556874985733, 53.85569875275424], [-130.60556874985733, 53.85569875275424]]], [[[-130.58674799991434, 53.84522629976144], [-130.58674799991434, 53.84522629976144]]], [[[-57.060990878012674, 53.850807174850736], [-57.060990878012674, 53.850807174850736]]], [[[-132.539162500297, 53.13624400016878], [-132.539162500297, 53.13624400016878]]], [[[-55.75014619968958, 53.10203300017438], [-55.75014619968958, 53.10203300017438]]], [[[-81.5626000002205, 52.87239560884026], [-81.24335010025466, 52.82371999973992], [-80.93304000043442, 52.73428010015151], [-80.86182990017693, 53.02987000011954], [-81.11620989956614, 53.203090100245824], [-81.42461999967841, 53.19547000025213], [-81.72312999970804, 53.16329010021588], [-82.0074400003599, 53.052589900139935], [-81.70149999958102, 52.90784990023604], [-81.5626000002205, 52.87239560884026]]], [[[-129.0562600217004, 52.734275000099785], [-128.76165210024573, 52.67096709973709], [-128.6811453000786, 52.96434710001225], [-128.74151799988263, 52.664569600045155], [-128.53374750043838, 52.88145240009508], [-128.6684422002897, 53.16125970013608], [-128.9406977997721, 53.29026039990063], [-129.15028939989293, 53.0725799001433], [-129.06759450042475, 52.78279600024473], [-129.0562600217004, 52.734275000099785]]], [[[-129.75226130007385, 53.11148649989643], [-129.75226130007385, 53.11148649989643]]], [[[-129.5288122003453, 53.119044699996095], [-129.5288122003453, 53.119044699996095]]], [[[-55.773090700080296, 53.11146830017864], [-55.773090700080296, 53.11146830017864]]], [[[-79.01709399960264, 53.10954539990053], [-79.01709399960264, 53.10954539990053]]], [[[-129.5508620002726, 53.12218090004455], [-129.5508620002726, 53.12218090004455]]], [[[-129.7265970998548, 53.14167970022545], [-129.7265970998548, 53.14167970022545]]], [[[-132.3632893916393, 53.14621037401625], [-132.3632893916393, 53.14621037401625]]], [[[-129.89007969998457, 53.16207299980164], [-129.89007969998457, 53.16207299980164]]], [[[-129.80467759984688, 53.162293699879115], [-129.80467759984688, 53.162293699879115]]], [[[-78.94734056339246, 53.15757473135032], [-78.94734056339246, 53.15757473135032]]], [[[-129.7351729996653, 53.1562621997764], [-129.7351729996653, 53.1562621997764]]], [[[-129.77040781229385, 53.17084933677134], [-129.77040781229385, 53.17084933677134]]], [[[-55.810474123866584, 53.094857941847934], [-55.810474123866584, 53.094857941847934]]], [[[-82.25603350004984, 53.06637190003462], [-82.25603350004984, 53.06637190003462]]], [[[-129.1179936997026, 53.07959129973397], [-129.1179936997026, 53.07959129973397]]], [[[-129.52890859406688, 53.115362608811715], [-129.52890859406688, 53.115362608811715]]], [[[-129.74382827102107, 53.08603749973179], [-129.74382827102107, 53.08603749973179]]], [[[-129.75211212134622, 53.12998281252196], [-129.75211212134622, 53.12998281252196]]], [[[-78.99540409981246, 53.090855999731225], [-78.99540409981246, 53.090855999731225]]], [[[-55.778381600135646, 53.09812169975291], [-55.778381600135646, 53.09812169975291]]], [[[-79.8087100002871, 53.169260000242474], [-79.8087100002871, 53.169260000242474]]], [[[-55.75006759979717, 53.204344300214295], [-55.75006759979717, 53.204344300214295]]], [[[-55.72990260008324, 53.19000479997307], [-55.72990260008324, 53.19000479997307]]], [[[-55.71853769991182, 53.253971600016364], [-55.71853769991182, 53.253971600016364]]], [[[-55.71499140000345, 53.221265400011056], [-55.71499140000345, 53.221265400011056]]], [[[-55.747464768092364, 53.27936804928382], [-55.747464768092364, 53.27936804928382]]], [[[-55.722756249571475, 53.244980842096346], [-55.722756249571475, 53.244980842096346]]], [[[-55.75036689958522, 53.21955940018162], [-55.75036689958522, 53.21955940018162]]], [[[-55.78084770016938, 53.296456099774126], [-55.78084770016938, 53.296456099774126]]], [[[-55.78975319994247, 53.30684079982044], [-55.78975319994247, 53.30684079982044]]], [[[-132.0189456003873, 53.19949260021287], [-132.0189456003873, 53.19949260021287]]], [[[-128.67177500029942, 53.17183166598692], [-128.67177500029942, 53.17183166598692]]], [[[-132.12249070033215, 53.17194270021157], [-132.12249070033215, 53.17194270021157]]], [[[-129.77350530041153, 53.178088200214354], [-129.77350530041153, 53.178088200214354]]], [[[-79.08372309974625, 53.19524339985156], [-79.08372309974625, 53.19524339985156]]], [[[-82.2274699998277, 53.193999900091626], [-82.2274699998277, 53.193999900091626]]], [[[-78.99267310007619, 53.2081755002416], [-78.99267310007619, 53.2081755002416]]], [[[-132.20175440013105, 53.21113129980945], [-132.20175440013105, 53.21113129980945]]], [[[-129.56622699958953, 53.210950399887295], [-129.56622699958953, 53.210950399887295]]], [[[-78.96775650029447, 53.209309299768215], [-78.96775650029447, 53.209309299768215]]], [[[-79.02144000043819, 53.214390000239234], [-79.02144000043819, 53.214390000239234]]], [[[-129.28231526701884, 53.08603749973179], [-129.28231526701884, 53.08603749973179]]], [[[-132.04668209988077, 53.21972490010479], [-132.04668209988077, 53.21972490010479]]], [[[-79.03855869983593, 53.21894110005622], [-79.03855869983593, 53.21894110005622]]], [[[-132.16217800008997, 53.21523160003948], [-132.16217800008997, 53.21523160003948]]], [[[-79.02078729982412, 53.21993309990282], [-79.02078729982412, 53.21993309990282]]], [[[-132.08483900007616, 53.2464460000779], [-132.08483900007616, 53.2464460000779]]], [[[-78.97523000016473, 53.25280989985178], [-78.97523000016473, 53.25280989985178]]], [[[-78.93744589991393, 53.22681949984178], [-78.93744589991393, 53.22681949984178]]], [[[-132.1158473003783, 53.23319940023025], [-132.1158473003783, 53.23319940023025]]], [[[-129.3748999997243, 53.275594573209176], [-129.3748999997243, 53.275594573209176]]], [[[-79.02251610040187, 53.29820579996336], [-79.02251610040187, 53.29820579996336]]], [[[-79.67306999966905, 53.302210000040525], [-79.67306999966905, 53.302210000040525]]], [[[-78.96164176607184, 53.31115935458707], [-78.96164176607184, 53.31115935458707]]], [[[-79.98496010042847, 53.243650000051794], [-79.98496010042847, 53.243650000051794]]], [[[-129.37504761628168, 53.29720846689461], [-129.37504761628168, 53.29720846689461]]], [[[-130.54883548818862, 53.56943593774144], [-130.3050945996286, 53.391916100116745], [-130.0318114002247, 53.24724640008717], [-130.16374110000453, 53.53371040019747], [-130.4543394998847, 53.63110209997771], [-130.54883548818862, 53.56943593774144]]], [[[-130.06081456828622, 53.61338125022224], [-129.78355360005813, 53.45963590016848], [-129.59280570003915, 53.217490400120084], [-129.59203179962526, 53.52889090013771], [-129.8320444003801, 53.71223510026039], [-130.09810630013317, 53.8636640999998], [-129.89548709985417, 53.63741419994379], [-130.06081456828622, 53.61338125022224]]], [[[-132.9784156252579, 53.597014466931476], [-132.71689209966016, 53.44852130024767], [-132.43294510012976, 53.34806620012917], [-132.73976640030466, 53.33736319993364], [-132.477619199558, 53.1898791997854], [-132.1772091998204, 53.162309399879824], [-131.93837409996019, 53.35052859982621], [-131.9178100003251, 53.65023640005013], [-131.759434699878, 53.912135699868976], [-131.64329559963716, 54.19063409988803], [-131.93902230001467, 54.0364606000543], [-132.13219460027187, 53.80321639992535], [-132.3731261003073, 53.61993350007531], [-132.67474760037643, 53.65999930020769], [-132.388207900341, 53.753161100022396], [-132.1081674997081, 53.87371759983011], [-132.30334670009046, 54.10947699994107], [-132.58309909994495, 53.9884890001708], [-132.84854589986676, 54.137022600026086], [-133.11877710004234, 54.00048940021862], [-132.99343440038956, 53.719794800126195], [-132.9784156252579, 53.597014466931476]]], [[[-126.91894599964978, 52.214780000082605], [-126.91894599964978, 52.214780000082605]]], [[[-128.4296651001558, 52.22153789987651], [-128.4296651001558, 52.22153789987651]]], [[[-131.0605181997614, 52.25370649989394], [-131.0605181997614, 52.25370649989394]]], [[[-128.21858429990638, 52.25232789975665], [-128.21858429990638, 52.25232789975665]]], [[[-128.02947200025443, 52.25319809978091], [-128.02947200025443, 52.25319809978091]]], [[[-128.20472550043644, 52.24171610005811], [-128.20472550043644, 52.24171610005811]]], [[[-55.662634500430265, 52.24774639974028], [-55.662634500430265, 52.24774639974028]]], [[[-78.46819190020774, 52.24440440005606], [-78.46819190020774, 52.24440440005606]]], [[[-78.45583750036096, 52.24302959996317], [-78.45583750036096, 52.24302959996317]]], [[[-79.45322500014917, 52.239819894874294], [-79.45322500014917, 52.239819894874294]]], [[[-55.67157399964024, 52.25000000002062], [-55.67157399964024, 52.25000000002062]]], [[[-128.16948189958953, 52.264066199845935], [-128.16948189958953, 52.264066199845935]]], [[[-55.65589353086013, 52.27153856087724], [-55.65589353086013, 52.27153856087724]]], [[[-55.71240669989432, 52.2634403001122], [-55.71240669989432, 52.2634403001122]]], [[[-128.14463124962438, 52.23799624902332], [-128.14463124962438, 52.23799624902332]]], [[[-128.4082649995712, 52.27202330022462], [-128.4082649995712, 52.27202330022462]]], [[[-128.67197500031594, 52.27829649733307], [-128.67197500031594, 52.27829649733307]]], [[[-128.36415781254573, 52.28038794399851], [-128.36415781254573, 52.28038794399851]]], [[[-128.209700100087, 52.278359599995184], [-128.209700100087, 52.278359599995184]]], [[[-128.4777320995812, 52.36067460023624], [-128.4777320995812, 52.36067460023624]]], [[[-55.89833750008491, 52.336716456149034], [-55.89833750008491, 52.336716456149034]]], [[[-128.47049769979859, 52.3331945001544], [-128.47049769979859, 52.3331945001544]]], [[[-128.35802379957877, 52.35830469993353], [-128.35802379957877, 52.35830469993353]]], [[[-131.20422360019037, 52.34756050021629], [-131.20422360019037, 52.34756050021629]]], [[[-131.1780353003767, 52.35519429990828], [-131.1780353003767, 52.35519429990828]]], [[[-55.75117580015921, 52.37105690014414], [-55.75117580015921, 52.37105690014414]]], [[[-131.3790867168044, 52.38291249993358], [-131.3790867168044, 52.38291249993358]]], [[[-131.27077420015456, 52.38690850008686], [-131.27077420015456, 52.38690850008686]]], [[[-128.75966562511522, 52.37736443149292], [-128.75966562511522, 52.37736443149292]]], [[[-128.46897439962183, 52.37092889994055], [-128.46897439962183, 52.37092889994055]]], [[[-79.16153999989797, 52.37039010019405], [-79.16153999989797, 52.37039010019405]]], [[[-78.53558555289639, 52.402506518112084], [-78.53558555289639, 52.402506518112084]]], [[[-131.40377330026269, 52.414384400189164], [-131.40377330026269, 52.414384400189164]]], [[[-81.5605872646393, 52.40113123027345], [-81.5605872646393, 52.40113123027345]]], [[[-78.78908000026505, 52.400520099814706], [-78.78908000026505, 52.400520099814706]]], [[[-80.24349000022332, 52.40827000025002], [-80.24349000022332, 52.40827000025002]]], [[[-128.45302230006274, 52.38289509998819], [-128.45302230006274, 52.38289509998819]]], [[[-79.05667999993915, 52.298359900166396], [-79.05667999993915, 52.298359900166396]]], [[[-81.47785368910485, 52.28835400124245], [-81.47785368910485, 52.28835400124245]]], [[[-128.403493809942, 52.295021874990674], [-128.403493809942, 52.295021874990674]]], [[[-55.77246720010284, 52.3121195998279], [-55.77246720010284, 52.3121195998279]]], [[[-79.13260999961634, 52.311759999922735], [-79.13260999961634, 52.311759999922735]]], [[[-81.50992435233336, 52.3154208620632], [-81.50992435233336, 52.3154208620632]]], [[[-55.78580370020196, 52.314659200133015], [-55.78580370020196, 52.314659200133015]]], [[[-131.27343759986908, 52.321213999891526], [-131.27343759986908, 52.321213999891526]]], [[[-128.4081031249536, 52.357870443964806], [-128.4081031249536, 52.357870443964806]]], [[[-128.14199398818968, 52.38271250018963], [-128.14199398818968, 52.38271250018963]]], [[[-131.30863679968647, 52.43993039977092], [-131.30863679968647, 52.43993039977092]]], [[[-128.67178479552925, 52.480714226108454], [-128.67178479552925, 52.480714226108454]]], [[[-128.45046049980687, 52.134317899718354], [-128.45046049980687, 52.134317899718354]]], [[[-128.3203158998203, 52.12443250010714], [-128.3203158998203, 52.12443250010714]]], [[[-131.00702890011073, 52.123884100203064], [-131.00702890011073, 52.123884100203064]]], [[[-128.33224169997027, 52.126820899767395], [-128.33224169997027, 52.126820899767395]]], [[[-128.4083031249702, 52.1391973275843], [-128.4083031249702, 52.1391973275843]]], [[[-79.10146249997103, 52.095695725357515], [-79.10146249997103, 52.095695725357515]]], [[[-128.36435781256228, 52.087284237115696], [-128.36435781256228, 52.087284237115696]]], [[[-128.3669427004193, 52.11918140004775], [-128.3669427004193, 52.11918140004775]]], [[[-131.08896718724264, 51.981622995805864], [-131.08896718724264, 51.981622995805864]]], [[[-128.23250839971095, 52.016468799998336], [-128.23250839971095, 52.016468799998336]]], [[[-127.96884999999274, 52.16734943939558], [-127.96884999999274, 52.16734943939558]]], [[[-79.10556990018226, 52.141949900177224], [-79.10556990018226, 52.141949900177224]]], [[[-128.5382413001893, 52.15108509985603], [-128.5382413001893, 52.15108509985603]]], [[[-131.23296770041213, 52.188540400205326], [-131.23296770041213, 52.188540400205326]]], [[[-55.714399100312434, 52.189709800208725], [-55.714399100312434, 52.189709800208725]]], [[[-79.0572199000013, 52.190739900122985], [-79.0572199000013, 52.190739900122985]]], [[[-128.39151859975644, 52.194626000163005], [-128.39151859975644, 52.194626000163005]]], [[[-127.85607420026048, 52.199056799861054], [-127.85607420026048, 52.199056799861054]]], [[[-128.13094940029913, 52.19702299976131], [-128.13094940029913, 52.19702299976131]]], [[[-128.14463124962438, 52.20083127628555], [-128.14463124962438, 52.20083127628555]]], [[[-79.0470399998605, 52.20389999993608], [-79.0470399998605, 52.20389999993608]]], [[[-128.09074189963502, 52.214288700007664], [-128.09074189963502, 52.214288700007664]]], [[[-128.05667327362013, 52.16741843722185], [-128.05667327362013, 52.16741843722185]]], [[[-55.68508239955551, 52.16634259990402], [-55.68508239955551, 52.16634259990402]]], [[[-78.96069989956443, 52.15835999984554], [-78.96069989956443, 52.15835999984554]]], [[[-79.10146249997103, 52.1691371730666], [-79.10146249997103, 52.1691371730666]]], [[[-55.639997062169975, 52.171222458944094], [-55.639997062169975, 52.171222458944094]]], [[[-55.649749700205454, 52.17195379991779], [-55.649749700205454, 52.17195379991779]]], [[[-128.3299558998989, 52.16440720008384], [-128.3299558998989, 52.16440720008384]]], [[[-128.496193749786, 52.18902012702978], [-128.496193749786, 52.18902012702978]]], [[[-128.07009619973445, 52.17042299991879], [-128.07009619973445, 52.17042299991879]]], [[[-128.1012512003124, 52.175439600112625], [-128.1012512003124, 52.175439600112625]]], [[[-128.28757840368164, 52.2069312502461], [-128.28757840368164, 52.2069312502461]]], [[[-81.42453620033713, 52.175720299890976], [-81.42453620033713, 52.175720299890976]]], [[[-128.46027816059754, 52.20713125018938], [-128.46027816059754, 52.20713125018938]]], [[[-128.38978767376472, 52.20713125018938], [-128.38978767376472, 52.20713125018938]]], [[[-127.8932550539502, 52.031350000262094], [-127.60777739973587, 52.147071700097456], [-127.3165085000226, 52.26224039987638], [-127.62572760042183, 52.260814700156786], [-127.87821929976134, 52.0976245997654], [-127.8932550539502, 52.031350000262094]]], [[[-128.09282852254663, 52.2069312502461], [-128.09282852254663, 52.2069312502461]]], [[[-78.85368000021792, 52.4249100002113], [-78.85368000021792, 52.4249100002113]]], [[[-78.58196999970984, 52.41837999978506], [-78.58196999970984, 52.41837999978506]]], [[[-129.0014845995659, 52.432995999969485], [-129.0014845995659, 52.432995999969485]]], [[[-78.74989999980941, 52.420539623712074], [-78.74989999980941, 52.420539623712074]]], [[[-128.77763299979281, 52.44147140009335], [-128.77763299979281, 52.44147140009335]]], [[[-131.31716830026403, 52.44800859980098], [-131.31716830026403, 52.44800859980098]]], [[[-128.98993609992007, 52.44316339984563], [-128.98993609992007, 52.44316339984563]]], [[[-128.27256119970338, 52.45126570009907], [-128.27256119970338, 52.45126570009907]]], [[[-78.60048990027092, 52.44783999987518], [-78.60048990027092, 52.44783999987518]]], [[[-78.64172009964832, 52.45329000004448], [-78.64172009964832, 52.45329000004448]]], [[[-128.71572031270733, 52.48022345053264], [-128.71572031270733, 52.48022345053264]]], [[[-128.74364250025823, 52.478119200117455], [-128.74364250025823, 52.478119200117455]]], [[[-128.72824599971923, 52.47490189972361], [-128.72824599971923, 52.47490189972361]]], [[[-129.02107370013096, 52.48380610012211], [-129.02107370013096, 52.48380610012211]]], [[[-128.03616740008684, 52.51082760020017], [-128.03616740008684, 52.51082760020017]]], [[[-131.3673006999025, 52.46566589994813], [-131.3673006999025, 52.46566589994813]]], [[[-78.66528009962059, 52.459899900147526], [-78.66528009962059, 52.459899900147526]]], [[[-78.71767990003677, 52.45260000014822], [-78.71767990003677, 52.45260000014822]]], [[[-78.61211000013647, 52.45782000018738], [-78.61211000013647, 52.45782000018738]]], [[[-55.712355799553706, 52.4669216001293], [-55.712355799553706, 52.4669216001293]]], [[[-78.62023000044869, 52.46284999974028], [-78.62023000044869, 52.46284999974028]]], [[[-131.3393693001284, 52.46730940018809], [-131.3393693001284, 52.46730940018809]]], [[[-128.77930114342766, 52.470803125057905], [-128.77930114342766, 52.470803125057905]]], [[[-128.3122928753379, 52.491418658143964], [-128.3122928753379, 52.491418658143964]]], [[[-128.67197500031594, 52.49206165947635], [-128.67197500031594, 52.49206165947635]]], [[[-129.1370943997224, 52.55852720024552], [-129.27636580035065, 52.82692090021033], [-129.1370943997224, 52.55852720024552]]], [[[-132.10842699963752, 52.73444270004295], [-131.856329100159, 52.5653321001307], [-131.5931219996665, 52.4202634998906], [-131.3905948003473, 52.19523560024328], [-131.08548000007323, 52.1661076998758], [-131.35151849961144, 52.323613799802196], [-131.5696648999134, 52.53398240003414], [-131.81673909962453, 52.713269000232906], [-131.93925790026591, 52.988800800149995], [-131.63302519962136, 53.02918140015011], [-131.85381899974433, 53.23636680001068], [-132.14421669982036, 53.15981419999041], [-132.44192240044686, 53.09767160016312], [-132.15097270000183, 52.99562130003354], [-131.9467558001759, 52.761824499759605], [-132.10842699963752, 52.73444270004295]]], [[[-58.47106390009915, 51.13672199973512], [-58.47106390009915, 51.13672199973512]]], [[[-58.6106158616586, 51.1524437498878], [-58.6106158616586, 51.1524437498878]]], [[[-58.51562320022399, 51.15238459994254], [-58.51562320022399, 51.15238459994254]]], [[[-58.45570182659512, 51.1524437498878], [-58.45570182659512, 51.1524437498878]]], [[[-55.678353331764576, 51.18581326644527], [-55.678353331764576, 51.18581326644527]]], [[[-58.42783809960628, 51.187499999836874], [-58.42783809960628, 51.187499999836874]]], [[[-58.43263749992864, 51.17444420017064], [-58.43263749992864, 51.17444420017064]]], [[[-58.42821549982344, 51.160724899936874], [-58.42821549982344, 51.160724899936874]]], [[[-78.87815709475531, 51.1682338104417], [-78.87815709475531, 51.1682338104417]]], [[[-55.72271189974591, 51.17085049986507], [-55.72271189974591, 51.17085049986507]]], [[[-58.53505624994946, 51.16956652535835], [-58.53505624994946, 51.16956652535835]]], [[[-58.4854774999869, 51.175666399756274], [-58.4854774999869, 51.175666399756274]]], [[[-55.69706594341198, 51.18352244306615], [-55.69706594341198, 51.18352244306615]]], [[[-55.91579259969192, 51.228834099837826], [-55.91579259969192, 51.228834099837826]]], [[[-58.45553869972604, 51.21826320009204], [-58.45553869972604, 51.21826320009204]]], [[[-58.53525624996599, 51.21286541066306], [-58.53525624996599, 51.21286541066306]]], [[[-55.94547409999752, 51.210878200227455], [-55.94547409999752, 51.210878200227455]]], [[[-79.51650191194426, 51.224796782093904], [-79.51650191194426, 51.224796782093904]]], [[[-78.94257990022176, 51.21705989987821], [-78.94257990022176, 51.21705989987821]]], [[[-58.34261559964337, 51.22584779996978], [-58.34261559964337, 51.22584779996978]]], [[[-55.95397600018819, 51.26137880007364], [-55.95397600018819, 51.26137880007364]]], [[[-78.95030000021391, 51.23628989996512], [-78.95030000021391, 51.23628989996512]]], [[[-127.3351741998492, 51.19072649992447], [-127.3351741998492, 51.19072649992447]]], [[[-58.609398400106876, 51.19304969995555], [-58.609398400106876, 51.19304969995555]]], [[[-58.44736562515018, 51.19370885575007], [-58.44736562515018, 51.19370885575007]]], [[[-58.53525624996599, 51.179085783948715], [-58.53525624996599, 51.179085783948715]]], [[[-55.947368300182035, 51.20407899978091], [-55.947368300182035, 51.20407899978091]]], [[[-55.97306679987525, 51.20564389986477], [-55.97306679987525, 51.20564389986477]]], [[[-58.62500000039829, 51.19609660023515], [-58.62500000039829, 51.19609660023515]]], [[[-58.49999999994158, 51.20215100026979], [-58.49999999994158, 51.20215100026979]]], [[[-58.62500000039829, 51.20200229980815], [-58.62500000039829, 51.20200229980815]]], [[[-58.35947500033435, 51.20946593847015], [-58.35947500033435, 51.20946593847015]]], [[[-58.535094022310524, 51.20828799362016], [-58.535094022310524, 51.20828799362016]]], [[[-58.35615899971875, 51.19723999994608], [-58.35615899971875, 51.19723999994608]]], [[[-56.0046038997576, 51.20173899978051], [-56.0046038997576, 51.20173899978051]]], [[[-58.391933000045384, 51.240162300139616], [-58.391933000045384, 51.240162300139616]]], [[[-58.27243750015397, 51.29265380020624], [-58.27243750015397, 51.29265380020624]]], [[[-127.68440739992012, 51.290137700248124], [-127.68440739992012, 51.290137700248124]]], [[[-78.92286999960719, 51.28334999972333], [-78.92286999960719, 51.28334999972333]]], [[[-127.74638319994251, 51.31306469994475], [-127.74638319994251, 51.31306469994475]]], [[[-127.60584179979317, 51.31523510022907], [-127.60584179979317, 51.31523510022907]]], [[[-127.67041320008236, 51.30684940016689], [-127.67041320008236, 51.30684940016689]]], [[[-78.9380444096585, 51.29490662495417], [-78.9380444096585, 51.29490662495417]]], [[[-127.77237980017289, 51.30561599979697], [-127.77237980017289, 51.30561599979697]]], [[[-57.77121779997034, 51.36413459987631], [-57.77121779997034, 51.36413459987631]]], [[[-57.846458599585155, 51.37499999974637], [-57.846458599585155, 51.37499999974637]]], [[[-57.81427750017056, 51.37499999974637], [-57.81427750017056, 51.37499999974637]]], [[[-57.87709120018097, 51.37499999974637], [-57.87709120018097, 51.37499999974637]]], [[[-57.18327079955202, 51.37837050008599], [-57.18327079955202, 51.37837050008599]]], [[[-57.67331690029555, 51.38013599983143], [-57.67331690029555, 51.38013599983143]]], [[[-127.11849659983403, 51.379570999756716], [-127.11849659983403, 51.379570999756716]]], [[[-57.69464689994862, 51.35438449978972], [-57.69464689994862, 51.35438449978972]]], [[[-56.03803570018607, 51.34722260021636], [-56.03803570018607, 51.34722260021636]]], [[[-57.72668769958383, 51.358849900016544], [-57.72668769958383, 51.358849900016544]]], [[[-57.78818593723488, 51.348112410322194], [-57.78818593723488, 51.348112410322194]]], [[[-57.919889699940974, 51.31698699980066], [-57.919889699940974, 51.31698699980066]]], [[[-78.8816207298946, 51.33033217105519], [-78.8816207298946, 51.33033217105519]]], [[[-127.57561849948858, 51.32822499980033], [-127.57561849948858, 51.32822499980033]]], [[[-58.26495021383906, 51.32802499999671], [-58.26495021383906, 51.32802499999671]]], [[[-127.55768380013116, 51.332681700057314], [-127.55768380013116, 51.332681700057314]]], [[[-57.926843500164836, 51.33623210005949], [-57.926843500164836, 51.33623210005949]]], [[[-127.80371620025109, 51.25859430012362], [-127.80371620025109, 51.25859430012362]]], [[[-58.19373410025907, 51.26440140021028], [-58.19373410025907, 51.26440140021028]]], [[[-58.53505624994946, 51.22308606810178], [-58.53505624994946, 51.22308606810178]]], [[[-58.33132707244077, 51.24013437497843], [-58.33132707244077, 51.24013437497843]]], [[[-79.69462069472617, 51.26321745322015], [-79.69462069472617, 51.26321745322015]]], [[[-58.20090999995379, 51.26282829986837], [-58.20090999995379, 51.26282829986837]]], [[[-58.359275000317815, 51.26142028707017], [-58.359275000317815, 51.26142028707017]]], [[[-55.954192079150005, 51.2707901968336], [-55.954192079150005, 51.2707901968336]]], [[[-127.81003940021351, 51.27127549997473], [-127.81003940021351, 51.27127549997473]]], [[[-58.249999999926466, 51.27212180003841], [-58.249999999926466, 51.27212180003841]]], [[[-58.39743950026051, 51.26603899986267], [-58.39743950026051, 51.26603899986267]]], [[[-58.2608938002067, 51.284388999938066], [-58.2608938002067, 51.284388999938066]]], [[[-127.6542171001258, 51.28377009982764], [-127.6542171001258, 51.28377009982764]]], [[[-127.44130625018295, 51.30370918959138], [-127.44130625018295, 51.30370918959138]]], [[[-58.44736562515018, 51.27684326702122], [-58.44736562515018, 51.27684326702122]]], [[[-57.75878630041767, 51.40407399982736], [-57.75878630041767, 51.40407399982736]]], [[[-57.70868619970523, 51.40767569988361], [-57.70868619970523, 51.40767569988361]]], [[[-127.65139149970527, 51.409002199842654], [-127.65139149970527, 51.409002199842654]]], [[[-127.70497812463043, 51.528995199733764], [-127.70497812463043, 51.528995199733764]]], [[[-79.50033009973805, 51.584470099907286], [-79.50033009973805, 51.584470099907286]]], [[[-127.56477679969817, 51.58178730025092], [-127.56477679969817, 51.58178730025092]]], [[[-78.82619989966949, 51.58993009991413], [-78.82619989966949, 51.58993009991413]]], [[[-55.832798400435685, 51.605051299879456], [-55.832798400435685, 51.605051299879456]]], [[[-127.81551359970595, 51.60062819994624], [-127.81551359970595, 51.60062819994624]]], [[[-127.8551102001628, 51.601596699956374], [-127.8551102001628, 51.601596699956374]]], [[[-127.80586409994321, 51.6117882997548], [-127.80586409994321, 51.6117882997548]]], [[[-127.6991208996705, 51.61869290010548], [-127.6991208996705, 51.61869290010548]]], [[[-127.839960599783, 51.62087900021757], [-127.839960599783, 51.62087900021757]]], [[[-127.73004599980766, 51.61827560024127], [-127.73004599980766, 51.61827560024127]]], [[[-127.76391700005327, 51.618906500057186], [-127.76391700005327, 51.618906500057186]]], [[[-127.66242959996285, 51.4219525997614], [-127.66242959996285, 51.4219525997614]]], [[[-57.91982187534039, 51.43339792763922], [-57.91982187534039, 51.43339792763922]]], [[[-127.67784940010537, 51.415949499716504], [-127.67784940010537, 51.415949499716504]]], [[[-57.91982187534039, 51.41727358854678], [-57.91982187534039, 51.41727358854678]]], [[[-57.625000000337856, 51.42052659979966], [-57.625000000337856, 51.42052659979966]]], [[[-57.747523819866714, 51.416115625124256], [-57.747523819866714, 51.416115625124256]]], [[[-127.6763533997301, 51.47616369997007], [-127.6763533997301, 51.47616369997007]]], [[[-127.7619404998157, 51.48011019997701], [-127.7619404998157, 51.48011019997701]]], [[[-78.69268000037708, 51.48037999986204], [-78.69268000037708, 51.48037999986204]]], [[[-127.67579589987488, 51.48301840006292], [-127.67579589987488, 51.48301840006292]]], [[[-127.74526489982173, 51.46640069992549], [-127.74526489982173, 51.46640069992549]]], [[[-127.70515530025222, 51.45878830022153], [-127.70515530025222, 51.45878830022153]]], [[[-127.71346059965138, 51.46091179990134], [-127.71346059965138, 51.46091179990134]]], [[[-57.74404062481043, 51.46675866684963], [-57.74404062481043, 51.46675866684963]]], [[[-57.284428800004164, 51.4600181001393], [-57.284428800004164, 51.4600181001393]]], [[[-127.7305038001411, 51.46294129979254], [-127.7305038001411, 51.46294129979254]]], [[[-127.6552738000726, 51.48639950024946], [-127.6552738000726, 51.48639950024946]]], [[[-127.70512030009213, 51.476350299967635], [-127.70512030009213, 51.476350299967635]]], [[[-127.66563840012404, 51.44810249972707], [-127.66563840012404, 51.44810249972707]]], [[[-127.6819352003256, 51.446362100152484], [-127.6819352003256, 51.446362100152484]]], [[[-128.10769569978763, 51.49015649985717], [-128.10769569978763, 51.49015649985717]]], [[[-127.68746699979408, 51.506385400038575], [-127.68746699979408, 51.506385400038575]]], [[[-127.64817349989724, 51.51027349992184], [-127.64817349989724, 51.51027349992184]]], [[[-127.61708749981462, 51.5452279777411], [-127.61708749981462, 51.5452279777411]]], [[[-57.76306030038487, 51.38850730022269], [-57.76306030038487, 51.38850730022269]]], [[[-57.128806250201364, 51.3812032989431], [-57.128806250201364, 51.3812032989431]]], [[[-57.800707200044, 51.39619449971112], [-57.800707200044, 51.39619449971112]]], [[[-57.66696800043116, 51.38928539980267], [-57.66696800043116, 51.38928539980267]]], [[[-57.68160570033788, 51.38975739996595], [-57.68160570033788, 51.38975739996595]]], [[[-128.11388224982565, 51.679787500234646], [-127.93825810026583, 51.43387609977623], [-128.10702100033052, 51.68516640026977], [-128.11388224982565, 51.679787500234646]]], [[[-63.870821700072156, 46.624949999769306], [-63.870821700072156, 46.624949999769306]]], [[[-84.74019170028399, 46.68945240016419], [-84.74019170028399, 46.68945240016419]]], [[[-84.65617279996965, 46.809362900130495], [-84.65617279996965, 46.809362900130495]]], [[[-84.6661858003172, 46.8355419001514], [-84.6661858003172, 46.8355419001514]]], [[[-63.75009999981791, 46.598642799749896], [-63.75009999981791, 46.598642799749896]]], [[[-60.337737300410446, 46.68593249985412], [-60.337737300410446, 46.68593249985412]]], [[[-64.75790890013297, 46.693652600036444], [-64.75790890013297, 46.693652600036444]]], [[[-84.58104510004576, 46.76903869993407], [-84.58104510004576, 46.76903869993407]]], [[[-64.05015140017895, 46.78687509998966], [-64.05015140017895, 46.78687509998966]]], [[[-64.01614700011366, 46.752330399843785], [-64.01614700011366, 46.752330399843785]]], [[[-63.984275000208555, 46.7358589360112], [-63.984275000208555, 46.7358589360112]]], [[[-64.8443730002776, 46.749999999771426], [-64.8443730002776, 46.749999999771426]]], [[[-64.91040250012189, 46.831741499712614], [-64.91040250012189, 46.831741499712614]]], [[[-64.0382776996205, 46.81383519987763], [-64.0382776996205, 46.81383519987763]]], [[[-70.55887170007259, 47.089542600204986], [-70.55887170007259, 47.089542600204986]]], [[[-65.1174085000217, 47.08231439989952], [-65.1174085000217, 47.08231439989952]]], [[[-65.00757150011387, 47.1092817001404], [-65.00757150011387, 47.1092817001404]]], [[[-65.04249510039533, 47.1772898001347], [-65.04249510039533, 47.1772898001347]]], [[[-55.82087420018521, 46.851127100032976], [-55.82087420018521, 46.851127100032976]]], [[[-56.09510259974456, 46.87736889979464], [-56.09510259974456, 46.87736889979464]]], [[[-55.80828140003843, 46.8589619998266], [-55.80828140003843, 46.8589619998266]]], [[[-70.80358830006664, 46.96173160001179], [-70.80358830006664, 46.96173160001179]]], [[[-84.54958859970564, 46.87687489976216], [-84.54958859970564, 46.87687489976216]]], [[[-71.01572499986392, 46.9355346414996], [-71.01572499986392, 46.9355346414996]]], [[[-70.76049569996744, 47.00043240007076], [-70.76049569996744, 47.00043240007076]]], [[[-70.65803010010961, 47.033122399868674], [-70.65803010010961, 47.033122399868674]]], [[[-70.61007370036366, 47.04622289994337], [-70.61007370036366, 47.04622289994337]]], [[[-70.6221659996583, 47.05633979992169], [-70.6221659996583, 47.05633979992169]]], [[[-70.49999999976835, 47.1143639997996], [-70.49999999976835, 47.1143639997996]]], [[[-65.09093679970219, 47.22521170006298], [-65.09093679970219, 47.22521170006298]]], [[[-70.43340110008629, 47.231001600041786], [-70.43340110008629, 47.231001600041786]]], [[[-55.95277699991385, 47.24999999984257], [-55.95277699991385, 47.24999999984257]]], [[[-84.7595485998228, 47.321371699947775], [-84.7595485998228, 47.321371699947775]]], [[[-85.82597260027444, 47.355017600020055], [-85.82597260027444, 47.355017600020055]]], [[[-64.93388010032807, 47.31345340002618], [-64.93388010032807, 47.31345340002618]]], [[[-55.77840280037635, 47.37499999990978], [-55.77840280037635, 47.37499999990978]]], [[[-55.9490561995666, 47.25596889971604], [-55.9490561995666, 47.25596889971604]]], [[[-61.704896300289704, 47.267401600177706], [-61.704896300289704, 47.267401600177706]]], [[[-55.89853750010143, 47.25898420283109], [-55.89853750010143, 47.25898420283109]]], [[[-60.15346519986612, 47.20998820026713], [-60.15346519986612, 47.20998820026713]]], [[[-65.00000000033432, 47.25247499970558], [-65.00000000033432, 47.25247499970558]]], [[[-57.73459149966169, 47.64659329983236], [-57.73459149966169, 47.64659329983236]]], [[[-57.87500000035297, 47.653417199733305], [-57.87500000035297, 47.653417199733305]]], [[[-56.166544200342315, 47.65191690024628], [-56.166544200342315, 47.65191690024628]]], [[[-57.74785340006637, 47.65111100000027], [-57.74785340006637, 47.65111100000027]]], [[[-58.21697020007921, 47.6598713000957], [-58.21697020007921, 47.6598713000957]]], [[[-58.32775589997881, 47.65935980013132], [-58.32775589997881, 47.65935980013132]]], [[[-84.80911860019451, 47.44070260009094], [-84.80911860019451, 47.44070260009094]]], [[[-55.65224479965318, 47.40456830008963], [-55.65224479965318, 47.40456830008963]]], [[[-84.82420079997854, 47.41359350023567], [-84.82420079997854, 47.41359350023567]]], [[[-84.94749949998327, 47.448354600076364], [-84.94749949998327, 47.448354600076364]]], [[[-64.87499999987762, 47.50001289981104], [-64.87499999987762, 47.50001289981104]]], [[[-56.195250999818555, 47.50000000019153], [-56.195250999818555, 47.50000000019153]]], [[[-55.8533224998878, 47.50856439975668], [-55.8533224998878, 47.50856439975668]]], [[[-57.39267812466536, 47.5049424583557], [-57.39267812466536, 47.5049424583557]]], [[[-57.38934850020014, 47.51190400012701], [-57.38934850020014, 47.51190400012701]]], [[[-70.39269220025476, 47.420692299770224], [-70.39269220025476, 47.420692299770224]]], [[[-61.874900000137224, 47.21969481201837], [-61.748307399869496, 47.49252549994335], [-61.452099199804756, 47.599822499742615], [-61.74258310041881, 47.5024642998667], [-61.981277499851025, 47.28249100015606], [-61.874900000137224, 47.21969481201837]]], [[[-55.87500000023211, 47.51802690011032], [-55.87500000023211, 47.51802690011032]]], [[[-55.631270099864665, 47.51591169976762], [-55.631270099864665, 47.51591169976762]]], [[[-57.39250980194068, 47.51651991561721], [-57.39250980194068, 47.51651991561721]]], [[[-55.86842689973745, 47.52407500023982], [-55.86842689973745, 47.52407500023982]]], [[[-57.32982459964346, 47.53397049987262], [-57.32982459964346, 47.53397049987262]]], [[[-85.00789050026629, 47.570962900016646], [-85.00789050026629, 47.570962900016646]]], [[[-64.87229650026713, 47.513845699773555], [-64.87229650026713, 47.513845699773555]]], [[[-61.554089100397135, 47.55858369993116], [-61.554089100397135, 47.55858369993116]]], [[[-55.97077749996754, 47.56564590011259], [-55.97077749996754, 47.56564590011259]]], [[[-58.993397269445786, 47.57545710362887], [-58.993397269445786, 47.57545710362887]]], [[[-57.60898439976965, 47.58621359978085], [-57.60898439976965, 47.58621359978085]]], [[[-57.2892179002435, 47.587507999942375], [-57.2892179002435, 47.587507999942375]]], [[[-61.49123619970435, 47.596882399804635], [-61.49123619970435, 47.596882399804635]]], [[[-69.87742309965746, 47.60576009994227], [-69.87742309965746, 47.60576009994227]]], [[[-58.83633246547115, 47.59774897812231], [-58.83633246547115, 47.59774897812231]]], [[[-57.619216100363, 47.60071269993817], [-57.619216100363, 47.60071269993817]]], [[[-57.67113329975742, 47.60122319983338], [-57.67113329975742, 47.60122319983338]]], [[[-56.1656137999312, 47.63214219983546], [-56.1656137999312, 47.63214219983546]]], [[[-57.587880199748106, 47.60541709990721], [-57.587880199748106, 47.60541709990721]]], [[[-57.625462000295215, 47.610673499700326], [-57.625462000295215, 47.610673499700326]]], [[[-57.392530096679586, 47.61302175419953], [-57.392530096679586, 47.61302175419953]]], [[[-56.2499000002465, 47.62236883750104], [-56.2499000002465, 47.62236883750104]]], [[[-57.57978270043709, 47.624344299819576], [-57.57978270043709, 47.624344299819576]]], [[[-56.199125200076985, 47.62499999986287], [-56.199125200076985, 47.62499999986287]]], [[[-57.701094258761394, 47.636818750205286], [-57.701094258761394, 47.636818750205286]]], [[[-57.510240322504586, 47.636818750205286], [-57.510240322504586, 47.636818750205286]]], [[[-64.87499999987762, 47.825087800128344], [-64.87499999987762, 47.825087800128344]]], [[[-69.68759490021624, 47.91388030006199], [-69.68759490021624, 47.91388030006199]]], [[[-69.76808888232259, 47.81260000019197], [-69.76808888232259, 47.81260000019197]]], [[[-69.67949409959655, 47.92415130011357], [-69.67949409959655, 47.92415130011357]]], [[[-64.78050070038356, 47.78110970020354], [-64.78050070038356, 47.78110970020354]]], [[[-55.828456600122415, 47.782697699983444], [-55.828456600122415, 47.782697699983444]]], [[[-69.68963959965187, 47.751950900019885], [-69.68963959965187, 47.751950900019885]]], [[[-69.75237330019465, 47.70896629997559], [-69.75237330019465, 47.70896629997559]]], [[[-56.125000000247226, 47.73370660016688], [-56.125000000247226, 47.73370660016688]]], [[[-69.71457419987524, 47.737749700236755], [-69.71457419987524, 47.737749700236755]]], [[[-64.78482770005421, 47.74681290000153], [-64.78482770005421, 47.74681290000153]]], [[[-55.89833750008491, 47.76210009441152], [-55.89833750008491, 47.76210009441152]]], [[[-61.49430139967579, 47.776731399860644], [-61.49430139967579, 47.776731399860644]]], [[[-61.4215336000544, 47.799150399915966], [-61.4215336000544, 47.799150399915966]]], [[[-64.70624749960895, 47.812499999983444], [-64.70624749960895, 47.812499999983444]]], [[[-64.79142609980224, 47.812499999983444], [-64.79142609980224, 47.812499999983444]]], [[[-85.95767109975128, 48.04516860004078], [-85.95767109975128, 48.04516860004078]]], [[[-69.26072519966895, 48.13584680022806], [-69.26072519966895, 48.13584680022806]]], [[[-89.28553150011868, 48.10388599983079], [-89.28553150011868, 48.10388599983079]]], [[[-89.20949520009897, 48.14546999975094], [-89.20949520009897, 48.14546999975094]]], [[[-89.36118940009634, 48.08118820015857], [-89.36118940009634, 48.08118820015857]]], [[[-69.68722539978369, 48.10290719994388], [-69.68722539978369, 48.10290719994388]]], [[[-86.06901229985627, 48.11244759983442], [-86.06901229985627, 48.11244759983442]]], [[[-69.33009549991891, 48.0998903997816], [-69.33009549991891, 48.0998903997816]]], [[[-70.02533200027015, 48.250000000246466], [-70.02533200027015, 48.250000000246466]]], [[[-58.844769899862094, 48.20163109975698], [-58.844769899862094, 48.20163109975698]]], [[[-89.24894469963141, 48.21054459978643], [-89.24894469963141, 48.21054459978643]]], [[[-89.1750367995739, 48.222440300085005], [-89.1750367995739, 48.222440300085005]]], [[[-66.14548900043047, 48.00000000023844], [-66.14548900043047, 48.00000000023844]]], [[[-64.56765200038366, 47.95565160020696], [-64.56765200038366, 47.95565160020696]]], [[[-69.40680770044324, 48.03972880018342], [-69.40680770044324, 48.03972880018342]]], [[[-89.24197500012532, 48.378859399744314], [-89.24197500012532, 48.378859399744314]]], [[[-88.5768391998053, 48.39439700002678], [-88.5768391998053, 48.39439700002678]]], [[[-68.87752129983063, 48.401307299951405], [-68.87752129983063, 48.401307299951405]]], [[[-88.62144739972261, 48.41385439982945], [-88.62144739972261, 48.41385439982945]]], [[[-68.89423579957133, 48.41452020013087], [-68.89423579957133, 48.41452020013087]]], [[[-88.48372220002267, 48.41349649975606], [-88.48372220002267, 48.41349649975606]]], [[[-123.24770369978208, 48.42777800020522], [-123.24770369978208, 48.42777800020522]]], [[[-88.6457349003277, 48.417120299879464], [-88.6457349003277, 48.417120299879464]]], [[[-88.47935779989346, 48.461634599835534], [-88.47935779989346, 48.461634599835534]]], [[[-86.23875420008729, 48.45835810009139], [-86.23875420008729, 48.45835810009139]]], [[[-88.46021839955293, 48.494164699889296], [-88.46021839955293, 48.494164699889296]]], [[[-88.38014830008981, 48.46174329993374], [-88.38014830008981, 48.46174329993374]]], [[[-68.54297959976878, 48.48469050012794], [-68.54297959976878, 48.48469050012794]]], [[[-88.38237349981212, 48.47430240013374], [-88.38237349981212, 48.47430240013374]]], [[[-88.38343910026676, 48.480566299997726], [-88.38343910026676, 48.480566299997726]]], [[[-88.3220662997687, 48.533558999971675], [-88.3220662997687, 48.533558999971675]]], [[[-88.315540299741, 48.5395648002197], [-88.315540299741, 48.5395648002197]]], [[[-88.36890100016885, 48.51300809986877], [-88.36890100016885, 48.51300809986877]]], [[[-88.3076257001168, 48.5206069001004], [-88.3076257001168, 48.5206069001004]]], [[[-88.86954110014464, 48.52504159989396], [-88.86954110014464, 48.52504159989396]]], [[[-88.43664970029546, 48.52882470023326], [-88.43664970029546, 48.52882470023326]]], [[[-88.38068199997988, 48.528617800262616], [-88.38068199997988, 48.528617800262616]]], [[[-88.36302010010961, 48.5271381998173], [-88.36302010010961, 48.5271381998173]]], [[[-88.39569059989437, 48.48760570004696], [-88.39569059989437, 48.48760570004696]]], [[[-64.15271599977096, 48.5000000001783], [-64.15271599977096, 48.5000000001783]]], [[[-58.4189607000336, 48.50769229982486], [-58.4189607000336, 48.50769229982486]]], [[[-88.46036629997792, 48.50379309979264], [-88.46036629997792, 48.50379309979264]]], [[[-88.4053659001704, 48.50227980010486], [-88.4053659001704, 48.50227980010486]]], [[[-88.3627944001911, 48.51515450027812], [-88.3627944001911, 48.51515450027812]]], [[[-123.24592230014947, 48.4350683999062], [-123.24592230014947, 48.4350683999062]]], [[[-88.51071480013778, 48.43927620012584], [-88.51071480013778, 48.43927620012584]]], [[[-88.48564939981915, 48.42162640004553], [-88.48564939981915, 48.42162640004553]]], [[[-86.24121439998623, 48.45302239998947], [-86.24121439998623, 48.45302239998947]]], [[[-58.4883423001915, 48.458610699962236], [-58.4883423001915, 48.458610699962236]]], [[[-123.27309879977628, 48.56249999993527], [-123.27309879977628, 48.56249999993527]]], [[[-88.34341330003852, 48.566750800246304], [-88.34341330003852, 48.566750800246304]]], [[[-86.34170849962933, 48.610130200193275], [-86.34170849962933, 48.610130200193275]]], [[[-123.35086159978832, 48.593147599725555], [-123.35086159978832, 48.593147599725555]]], [[[-88.08606479982663, 48.65080639990251], [-88.08606479982663, 48.65080639990251]]], [[[-88.06505530020232, 48.6483273000486], [-88.06505530020232, 48.6483273000486]]], [[[-88.17935979988448, 48.61259180000358], [-88.17935979988448, 48.61259180000358]]], [[[-123.33027030006477, 48.64079069980404], [-123.33027030006477, 48.64079069980404]]], [[[-88.1555765002922, 48.63903370026901], [-88.1555765002922, 48.63903370026901]]], [[[-87.98046359992686, 48.714338900001486], [-87.98046359992686, 48.714338900001486]]], [[[-87.96900180028237, 48.71515629985879], [-87.96900180028237, 48.71515629985879]]], [[[-86.56399369985499, 48.7228901002433], [-86.56399369985499, 48.7228901002433]]], [[[-86.43315889998112, 48.71893599971629], [-86.43315889998112, 48.71893599971629]]], [[[-87.99957680000385, 48.730760599762014], [-87.99957680000385, 48.730760599762014]]], [[[-123.36202439968208, 48.72990739972247], [-123.36202439968208, 48.72990739972247]]], [[[-58.70382469980599, 48.73149739978229], [-58.70382469980599, 48.73149739978229]]], [[[-123.33638539990169, 48.664556500199204], [-123.33638539990169, 48.664556500199204]]], [[[-123.28046010006756, 48.66272409994609], [-123.28046010006756, 48.66272409994609]]], [[[-88.08126589986587, 48.66751530016409], [-88.08126589986587, 48.66751530016409]]], [[[-87.02879019983257, 48.66380039982764], [-87.02879019983257, 48.66380039982764]]], [[[-87.05870580020292, 48.6503220001127], [-87.05870580020292, 48.6503220001127]]], [[[-88.12375770041484, 48.64874580001414], [-88.12375770041484, 48.64874580001414]]], [[[-88.05971560006746, 48.66758329974331], [-88.05971560006746, 48.66758329974331]]], [[[-123.31512479959592, 48.668022599958206], [-123.31512479959592, 48.668022599958206]]], [[[-87.01927900019939, 48.6692674002272], [-87.01927900019939, 48.6692674002272]]], [[[-123.32206109973974, 48.679794100132455], [-123.32206109973974, 48.679794100132455]]], [[[-86.93744040001285, 48.68000679969025], [-86.93744040001285, 48.68000679969025]]], [[[-86.61626409975115, 48.68458670024668], [-86.61626409975115, 48.68458670024668]]], [[[-123.42257599987325, 48.70158609978118], [-123.42257599987325, 48.70158609978118]]], [[[-123.31052579993872, 48.730329299700955], [-123.31052579993872, 48.730329299700955]]], [[[-87.07622590010726, 48.669708000007645], [-87.07622590010726, 48.669708000007645]]], [[[-123.36832469979126, 48.68750000023725], [-123.36832469979126, 48.68750000023725]]], [[[-88.49832419998167, 48.692650299722295], [-88.49832419998167, 48.692650299722295]]], [[[-86.98715109991424, 48.692476200039344], [-86.98715109991424, 48.692476200039344]]], [[[-87.99398989967248, 48.68960670003428], [-87.99398989967248, 48.68960670003428]]], [[[-87.96113349982791, 48.69623270027716], [-87.96113349982791, 48.69623270027716]]], [[[-86.65915509993427, 48.71255859986075], [-86.65915509993427, 48.71255859986075]]], [[[-88.34982709958891, 48.54803460018738], [-88.34982709958891, 48.54803460018738]]], [[[-88.30776789983301, 48.52852260004763], [-88.30776789983301, 48.52852260004763]]], [[[-88.34604139955563, 48.55615620001522], [-88.34604139955563, 48.55615620001522]]], [[[-59.228030999926126, 48.564174599793226], [-59.228030999926126, 48.564174599793226]]], [[[-89.14611050035126, 48.357479800260066], [-89.14611050035126, 48.357479800260066]]], [[[-88.64906580040062, 48.339463400278376], [-88.64906580040062, 48.339463400278376]]], [[[-89.1311615000626, 48.36487409982155], [-89.1311615000626, 48.36487409982155]]], [[[-89.24835010025326, 48.37163940009269], [-89.24835010025326, 48.37163940009269]]], [[[-88.65690400010655, 48.37012359999643], [-88.65690400010655, 48.37012359999643]]], [[[-56.07431874973308, 47.62881597721519], [-56.07431874973308, 47.62881597721519]]], [[[-58.03158399993637, 47.67342509973197], [-58.03158399993637, 47.67342509973197]]], [[[-85.82914939975024, 47.691778500273074], [-85.82914939975024, 47.691778500273074]]], [[[-55.970584199586376, 47.7052340997422], [-55.970584199586376, 47.7052340997422]]], [[[-85.95930959988004, 47.73119079990981], [-85.63118480035297, 47.727747499688505], [-85.93691980019413, 47.747450300148685], [-85.95930959988004, 47.73119079990981]]], [[[-61.17177499981403, 45.56576902789799], [-60.88403360006684, 45.654136399990435], [-60.58253000028547, 45.62182880009289], [-60.2816729997608, 45.70446320031027], [-60.02867289978458, 45.876098199714704], [-59.86217720017327, 46.14243410024629], [-60.1559331001237, 46.24963400001026], [-60.44879560037122, 46.14424910026748], [-60.71363680014592, 45.99519179976493], [-60.41030100010434, 46.01079690008158], [-60.66123909999087, 45.836525899961465], [-60.96073180034748, 45.766715399749735], [-60.77886639963703, 46.01923230015165], [-61.07200580018102, 45.94101909975111], [-60.80250970038558, 46.07818709994115], [-60.53417829959368, 46.21267709976139], [-60.43335469970097, 46.503452800004084], [-60.318519699927755, 46.78332509976874], [-60.51694709968133, 47.01473550003435], [-60.77325820025028, 46.84982639999977], [-60.99984519970793, 46.65079140029111], [-61.16282310025989, 46.396322900305776], [-61.41106449988428, 46.19470109998026], [-61.51324339972424, 45.90803699972895], [-61.38165929980052, 45.63595019980004], [-61.17177499981403, 45.56576902789799]]], [[[-62.770758223969736, 46.441251258652024], [-63.09025779988901, 46.419106199904355], [-63.38806739966128, 46.49894989987699], [-63.68602029958602, 46.55014299986023], [-63.95222939997647, 46.6971241000764], [-63.99008140028632, 47.03516510013208], [-64.23923589966782, 46.864959899922376], [-64.08004479958535, 46.61012440026496], [-63.85957959960006, 46.39881369980846], [-63.62090490022202, 46.21427350000438], [-63.32118809984644, 46.14860039982176], [-63.05490319961232, 46.2924680001681], [-62.908848299575155, 46.02228340023517], [-62.6103313995858, 45.96552480020835], [-62.4310146998978, 46.21065399970683], [-62.17028509995829, 46.360519799876286], [-62.490936072628365, 46.47333368090847], [-62.770758223969736, 46.441251258652024]]], [[[-86.52918790014833, 48.72999810022227], [-86.52918790014833, 48.72999810022227]]], [[[-86.41767760027592, 48.7357676999948], [-86.41767760027592, 48.7357676999948]]], [[[-123.2225937996192, 48.741787099720824], [-123.2225937996192, 48.741787099720824]]], [[[-88.09020709958666, 48.801113999728045], [-87.78891009974423, 48.754645800003914], [-88.08980470015345, 48.80363400002838], [-88.09020709958666, 48.801113999728045]]], [[[-123.54776421983988, 48.86728749975686], [-123.54776421983988, 48.86728749975686]]], [[[-125.85947499992142, 49.1012091547822], [-125.58901929997657, 48.95662909974192], [-125.29046489981569, 49.02361100012499], [-124.9935213002318, 48.97744100017926], [-124.83687920031078, 49.23773669970314], [-124.98266650030965, 48.96324309976749], [-124.88422719986087, 48.67552000011724], [-124.6008793002682, 48.5636155997098], [-124.30415569989403, 48.50235040023704], [-124.01123100029625, 48.410759499739946], [-123.70650240013586, 48.38264749996882], [-123.39927190028104, 48.42042990021774], [-123.53491370022459, 48.693908000186084], [-123.72247710040918, 48.92963319995757], [-123.9279351997682, 49.15512539971505], [-124.1855653002621, 49.31249999969624], [-124.48338719976725, 49.368161500133], [-124.77691690033586, 49.46873910013839], [-124.91354919977968, 49.73979610018477], [-125.17291110032608, 49.90607969997097], [-125.38593600037738, 50.1226193000411], [-125.56797939956641, 50.36347730005237], [-125.90693860007221, 50.38865159986103], [-126.20387779970783, 50.46417890023996], [-126.50496740011071, 50.485465099860484], [-126.81101600002094, 50.543550099946316], [-127.11452580013982, 50.59031539988694], [-127.41054770039442, 50.695021899904766], [-127.70033480030048, 50.819933600031156], [-128.00425949990972, 50.858724799842705], [-128.30064130030144, 50.795408700113924], [-128.175017300404, 50.518001199878796], [-127.87411709989726, 50.48924500008785], [-127.5708259003112, 50.534375300138834], [-127.86347290011196, 50.614331899726544], [-127.56224649976603, 50.57285320011927], [-127.85535270037374, 50.46765819994797], [-127.84829240038135, 50.16480870005811], [-127.54550479993684, 50.1277093999957], [-127.24458180018824, 50.12450210004457], [-127.08875929977623, 49.86076559975718], [-126.80200310036743, 49.94898109989936], [-126.59611640041331, 49.70410830002879], [-126.2875142000691, 49.64921210010213], [-126.56881900012567, 49.53168920013676], [-126.30259820007696, 49.36731259970861], [-126.00198100032581, 49.320117199814675], [-125.76635710002688, 49.1292559998644], [-125.85947499992142, 49.1012091547822]]], [[[-59.40110770251168, 47.91803948475086], [-59.31007120002875, 47.62893999990448], [-59.00506029979876, 47.58252180028688], [-58.70526460039177, 47.613250799939514], [-58.404591699703076, 47.656357000177245], [-58.10226709993917, 47.69508930026601], [-57.8048191996295, 47.63310900000083], [-57.49658309959452, 47.63941709992744], [-57.176575800368234, 47.61809109985151], [-56.877226599590045, 47.55319970019772], [-56.58151939984072, 47.6187192001944], [-56.321521100407715, 47.7801957000679], [-56.020045599928444, 47.804147199938804], [-55.71335199976275, 47.89574209969296], [-55.92797430022197, 47.67787530018947], [-55.62471510042297, 47.68492449989848], [-55.916390600091724, 47.57489709995754], [-55.61497539992422, 47.559134100134195], [-55.36525899984094, 47.72594839989823], [-55.075505499621464, 47.63861710011137], [-54.77742590041075, 47.68402759977802], [-55.01997600019643, 47.50241909973705], [-55.2933125999524, 47.35500559980622], [-55.4999999997603, 47.131422999901424], [-55.811977900058956, 47.0791884002046], [-55.55950710002455, 46.90517129987358], [-55.24754750020486, 46.931093599775146], [-55.10961640035359, 47.1976197000986], [-54.86785029984224, 47.377904799788624], [-54.56829769982247, 47.43418759994846], [-54.33793600020222, 47.62818379969403], [-54.17141839966429, 47.880474099744625], [-53.939799300293075, 47.67795729984982], [-53.93097669974935, 47.377219699688816], [-54.076381400082184, 47.1133845003003], [-54.197694700239836, 46.830915399739474], [-53.89851670038849, 46.89713700001908], [-53.68315009990232, 47.11319660002302], [-53.66566599998297, 46.79698619998792], [-53.36693349983388, 46.75830019987347], [-53.084230400172366, 46.65462710013998], [-52.916985599937206, 46.906098099946064], [-52.84491990018569, 47.202380400235484], [-52.70465550004576, 47.46964650018206], [-52.76387259988178, 47.76668810026091], [-52.957252899653156, 47.534138900075114], [-53.263921499704495, 47.54346119968996], [-53.13058570024809, 47.81537060016645], [-52.952852900187565, 48.058549500012106], [-53.25087819983262, 48.021872500045944], [-53.46624170023276, 47.803618500185856], [-53.60941999979577, 47.53712559981366], [-53.85590289964081, 47.70952330014405], [-53.67847230002838, 47.95346760022177], [-53.94575799984582, 48.09714440006007], [-53.64185939988883, 48.174096600243594], [-53.38374850039362, 48.33363239987634], [-53.0927799002933, 48.422945099949935], [-53.34191219960917, 48.60061100014253], [-53.588310000250715, 48.427435099852936], [-53.883145199963856, 48.366260300010914], [-54.18613809958677, 48.37913600011339], [-53.90358059976482, 48.484111899741755], [-53.65582879993656, 48.65715989990988], [-53.957968800401154, 48.67694449971539], [-53.81721460014079, 48.944730200201526], [-53.5740667002796, 49.12876010006733], [-53.77681410003113, 49.39043199981348], [-54.06840229962395, 49.48140250021734], [-54.36386209975076, 49.427278299760594], [-54.66565489956144, 49.45060740021079], [-54.92020630020179, 49.281782099930275], [-55.221614000335016, 49.23735409973789], [-55.16731850044609, 49.5349456001686], [-55.39835620028395, 49.32368619995294], [-55.69709500031816, 49.38216879979231], [-55.983651700072, 49.49849700016286], [-55.87403459966089, 49.78251559993493], [-55.591927199813746, 49.89046069993648], [-55.883135500076264, 49.971278899895225], [-56.192118199825366, 49.92969780012711], [-56.4934241280234, 49.89382042336709], [-56.72776700018443, 49.692828199869666], [-56.76162340011173, 49.992013800125065], [-56.52298289959656, 50.22370440009887], [-56.33584046342887, 50.45969778737916], [-56.11669599981197, 50.67620239997455], [-56.39779899962815, 50.80897270017158], [-56.09154629979043, 50.81153689998619], [-55.82239519977651, 50.96262360021228], [-56.01291749958999, 51.1989437000903], [-55.73241199981199, 51.32415539988106], [-55.46769419981123, 51.46724490016772], [-55.745906999558166, 51.582246299898664], [-56.074659099834676, 51.54470319973368], [-56.407085299741766, 51.42277149995042], [-56.7190629997161, 51.31087779988907], [-56.894937499864135, 51.066964099709814], [-57.06575140014787, 50.814597800212425], [-57.35097770035583, 50.70469649986634], [-57.48741159968264, 50.43730630004567], [-57.61755130025766, 50.163995999749964], [-57.79565970031152, 49.914191500084414], [-57.96496300978316, 49.66236291875718], [-57.72526390040121, 49.47684150002863], [-58.019863799900406, 49.55514779995959], [-58.24158699971126, 49.33242130027557], [-57.9512214000336, 49.235331500233215], [-58.198539699855225, 49.06182299982568], [-58.50096589997609, 49.006215999714136], [-58.65460139972663, 48.73182600017211], [-58.907548599712385, 48.55808970023076], [-59.212363999587105, 48.54869839981292], [-58.9136798000542, 48.51922970012753], [-58.596975100376106, 48.546141499722005], [-58.2940876000855, 48.5263584998967], [-58.57813279984946, 48.40816709974189], [-58.827441399828054, 48.23973660014691], [-59.10194550043293, 48.089585800275394], [-59.37879591971155, 47.927795519238636], [-59.40110770251168, 47.91803948475086]]], [[[-130.14548709986926, 53.955867399877405], [-130.14548709986926, 53.955867399877405]]], [[[-57.2122339997699, 54.07324939995881], [-57.2122339997699, 54.07324939995881]]], [[[-57.19749329993103, 54.08343489983333], [-57.19749329993103, 54.08343489983333]]], [[[-130.69345937467313, 53.89010329792235], [-130.4074740995597, 53.980751200164626], [-130.71313270038092, 53.94461760022573], [-130.69345937467313, 53.89010329792235]]], [[[-58.85751310044532, 53.988200700239304], [-58.85751310044532, 53.988200700239304]]], [[[-79.07547706849459, 53.989295667531024], [-79.07547706849459, 53.989295667531024]]], [[[-58.88540440032346, 53.99349939999611], [-58.88540440032346, 53.99349939999611]]], [[[-79.08170000030161, 53.99209000010033], [-79.08170000030161, 53.99209000010033]]], [[[-130.63963089991725, 54.00888906266795], [-130.63963089991725, 54.00888906266795]]], [[[-130.25400624969572, 54.00590767695152], [-130.25400624969572, 54.00590767695152]]], [[[-128.6541029997721, 54.00603089993296], [-128.6541029997721, 54.00603089993296]]], [[[-79.44385010009741, 54.00410999982548], [-79.44385010009741, 54.00410999982548]]], [[[-79.18935312478685, 54.02766958315138], [-79.18935312478685, 54.02766958315138]]], [[[-79.12767010008858, 54.01394999997239], [-79.12767010008858, 54.01394999997239]]], [[[-130.681984700374, 54.00884520021565], [-130.681984700374, 54.00884520021565]]], [[[-59.57672429993489, 54.02292939983436], [-59.57672429993489, 54.02292939983436]]], [[[-79.49410009998637, 54.02140000021172], [-79.49410009998637, 54.02140000021172]]], [[[-130.70582129970705, 54.03269069986985], [-130.70582129970705, 54.03269069986985]]], [[[-130.26568459991753, 54.033689099779544], [-130.26568459991753, 54.033689099779544]]], [[[-79.11998396270238, 54.044958196885894], [-79.11998396270238, 54.044958196885894]]], [[[-79.1895531248034, 54.04865951547085], [-79.1895531248034, 54.04865951547085]]], [[[-58.56666169994684, 54.05354659978676], [-58.56666169994684, 54.05354659978676]]], [[[-130.22068489982635, 54.03253650012709], [-130.22068489982635, 54.03253650012709]]], [[[-79.1721301004419, 54.05177999976019], [-79.1721301004419, 54.05177999976019]]], [[[-79.11905286789354, 54.046921890620375], [-79.11905286789354, 54.046921890620375]]], [[[-79.2036000997658, 54.04892009996119], [-79.2036000997658, 54.04892009996119]]], [[[-79.1262658805859, 54.061335354893544], [-79.1262658805859, 54.061335354893544]]], [[[-130.2915973999083, 54.04601559991168], [-130.2915973999083, 54.04601559991168]]], [[[-130.25380624967917, 54.056079974213006], [-130.25380624967917, 54.056079974213006]]], [[[-130.60556874985733, 54.06746526493359], [-130.60556874985733, 54.06746526493359]]], [[[-79.28966989968784, 54.06260009992184], [-79.28966989968784, 54.06260009992184]]], [[[-79.2539100002162, 54.06375999998673], [-79.2539100002162, 54.06375999998673]]], [[[-79.16424461521603, 54.07854160206143], [-79.16424461521603, 54.07854160206143]]], [[[-130.6495140622652, 54.09018818714616], [-130.6495140622652, 54.09018818714616]]], [[[-79.27742009967274, 54.095480000206706], [-79.27742009967274, 54.095480000206706]]], [[[-79.06821182146341, 54.10337570949362], [-79.06821182146341, 54.10337570949362]]], [[[-79.35390000035616, 54.090400099894424], [-79.35390000035616, 54.090400099894424]]], [[[-79.32458990041995, 54.093070099965466], [-79.32458990041995, 54.093070099965466]]], [[[-79.17700808448701, 54.10100672518842], [-79.17700808448701, 54.10100672518842]]], [[[-79.15563181710523, 54.10285721714705], [-79.15563181710523, 54.10285721714705]]], [[[-57.14616870026492, 54.15579650017427], [-57.14616870026492, 54.15579650017427]]], [[[-79.50086999980022, 54.14766009983846], [-79.50086999980022, 54.14766009983846]]], [[[-79.29398009996436, 54.14862000025064], [-79.29398009996436, 54.14862000025064]]], [[[-79.2969198996137, 54.162100099916664], [-79.2969198996137, 54.162100099916664]]], [[[-79.27744374961922, 54.16549741250421], [-79.27744374961922, 54.16549741250421]]], [[[-57.61225190034308, 54.17144279989861], [-57.61225190034308, 54.17144279989861]]], [[[-79.23155020156582, 54.17003217525294], [-79.23155020156582, 54.17003217525294]]], [[[-57.599301600357634, 54.17457099997651], [-57.599301600357634, 54.17457099997651]]], [[[-79.45322500014917, 54.17523779347388], [-79.45322500014917, 54.17523779347388]]], [[[-79.3525999000865, 54.178120100253146], [-79.3525999000865, 54.178120100253146]]], [[[-79.24753990011112, 54.17868989979298], [-79.24753990011112, 54.17868989979298]]], [[[-132.97860110041458, 54.180574900089546], [-132.97860110041458, 54.180574900089546]]], [[[-57.59641909974869, 54.18753469980096], [-57.59641909974869, 54.18753469980096]]], [[[-79.49549000034341, 54.18754999998547], [-79.49549000034341, 54.18754999998547]]], [[[-130.29378459999575, 54.19645770020613], [-130.29378459999575, 54.19645770020613]]], [[[-133.06630625007367, 54.25097495085969], [-133.06630625007367, 54.25097495085969]]], [[[-79.15506999994678, 54.13195999989359], [-79.15506999994678, 54.13195999989359]]], [[[-79.18935312478685, 54.128931632715165], [-79.18935312478685, 54.128931632715165]]], [[[-130.7927705996996, 54.126772600106406], [-130.7927705996996, 54.126772600106406]]], [[[-130.63130780040078, 54.11928979988076], [-130.63130780040078, 54.11928979988076]]], [[[-79.25287990028328, 54.11932989980766], [-79.25287990028328, 54.11932989980766]]], [[[-130.2013196001413, 54.11389629983362], [-130.2013196001413, 54.11389629983362]]], [[[-79.1015569614164, 54.10876894511447], [-79.1015569614164, 54.10876894511447]]], [[[-79.24324999996338, 54.10997010025583], [-79.24324999996338, 54.10997010025583]]], [[[-130.75258330034956, 54.1199307000911], [-130.75258330034956, 54.1199307000911]]], [[[-58.42103439978155, 54.11532289981184], [-58.42103439978155, 54.11532289981184]]], [[[-130.6495140622652, 54.1006955045828], [-130.6495140622652, 54.1006955045828]]], [[[-130.67681789988018, 54.103455400176315], [-130.67681789988018, 54.103455400176315]]], [[[-130.664944299933, 54.100293699985], [-130.664944299933, 54.100293699985]]], [[[-79.45302500013264, 54.10696031187863], [-79.45302500013264, 54.10696031187863]]], [[[-130.15270237990939, 54.14072500003443], [-130.15270237990939, 54.14072500003443]]], [[[-79.24927735146507, 54.13805041985196], [-79.24927735146507, 54.13805041985196]]], [[[-79.19117722853143, 54.14052500011841], [-79.19117722853143, 54.14052500011841]]], [[[-130.81015329958626, 54.14071559987445], [-130.81015329958626, 54.14071559987445]]], [[[-79.162665073316, 54.14052500011841], [-79.162665073316, 54.14052500011841]]], [[[-79.47940487915538, 54.14052500011841], [-79.47940487915538, 54.14052500011841]]], [[[-79.08945360835219, 54.14910120373291], [-79.08945360835219, 54.14910120373291]]], [[[-79.18282009993364, 54.14596999983053], [-79.18282009993364, 54.14596999983053]]], [[[-130.81928412108715, 54.14072500003443], [-130.81928412108715, 54.14072500003443]]], [[[-79.14306999985261, 54.14663999983595], [-79.14306999985261, 54.14663999983595]]], [[[-130.27667153303486, 54.14072500003443], [-130.27667153303486, 54.14072500003443]]], [[[-130.77514316998338, 54.14072500003443], [-130.77514316998338, 54.14072500003443]]], [[[-78.75134589664971, 52.84062799013164], [-78.76489009981894, 52.53908999997566], [-78.51095000003448, 52.36206010008312], [-78.23403349978526, 52.2314340001629], [-78.54855720044625, 52.234428599992135], [-78.72765010015259, 51.97238989993062], [-78.97448010004027, 51.79904009984937], [-78.74740000005181, 51.60253999978696], [-78.87587989964604, 51.32723010006789], [-79.09521009982942, 51.532969999841576], [-79.37644000015422, 51.644070099984916], [-79.60597990029132, 51.439050100192574], [-79.77261989987996, 51.18809000001579], [-80.07230999963038, 51.27208989981176], [-80.36550219955346, 51.335696700012605], [-80.52477999963725, 51.590009999722064], [-80.72142999995619, 51.82384009992943], [-80.97295999978341, 51.99457000010065], [-81.2688100999349, 52.07908000009032], [-81.56198620025147, 52.228180499861445], [-81.69563010029076, 52.54085999997942], [-81.93199009989641, 52.727559999938876], [-82.18137919970422, 52.90605669977685], [-82.25147000001601, 53.202810000089634], [-82.16086999970942, 53.49160009988349], [-82.11193999957031, 53.81256010011874], [-82.27865989981191, 54.09141009993618], [-82.43446999987974, 54.35068990015985], [-82.29110990016785, 54.617169900138144], [-82.22428010022011, 54.91191990010792], [-82.44397989965073, 55.11852000021388], [-82.73674000004068, 55.20128009990296], [-83.03688989977432, 55.21199999994075], [-83.3536000998369, 55.196179899976194], [-83.64901989978074, 55.26096000000901], [-83.95985989961741, 55.284299999945844], [-84.27069009973265, 55.265459900125556], [-84.5869699995876, 55.236270000224266], [-84.89832259968495, 55.25424390009204], [-85.20040479984925, 55.343102799749424], [-85.49908759980694, 55.4517425999505], [-85.77313640008984, 55.5936484998716], [-86.0621343003744, 55.67587290004766], [-86.353475500095, 55.75348330012045], [-86.64760169997857, 55.83056599990837], [-86.93934810007944, 55.91467800007443], [-87.25101870019411, 55.94220420021227], [-87.55954590019525, 56.01326059977655], [-87.7766933999524, 56.266647099989385], [-87.99353439992454, 56.474666799980646], [-88.299099900248, 56.54881999977041], [-88.5833300999599, 56.67189999998947], [-88.84305010041957, 56.846560000088715], [-89.15074999965475, 56.86596999990556], [-89.45441009959873, 56.92569000000317], [-89.78787999993216, 56.97529999984698], [-90.0792301001606, 57.05321000008705], [-90.39660999965736, 57.15933989987163], [-90.70684989973142, 57.22608999988867], [-91.00801819973972, 57.26327490007039], [-91.32046689989224, 57.21214060017381], [-91.65071989995559, 57.13275010002761], [-91.95787010030546, 57.06077999985116], [-92.25336260000694, 57.00615840021181], [-92.55965069975505, 57.00239470021586], [-92.4322185995998, 57.309749199989575], [-92.56436990028548, 57.59650000016405], [-92.74136989965298, 57.84991000014991], [-92.85082659958192, 58.13625310017421], [-93.04573009981702, 58.372379899963086], [-93.15193990023695, 58.65386010010166], [-93.45739000028406, 58.7253199999856], [-93.75257500037559, 58.79153620015401], [-94.05353529997141, 58.76509100011851], [-94.35707980021307, 58.70850279988476], [-94.60610950024541, 58.88019590019859], [-94.85574999987368, 59.061499999949305], [-94.70374999987888, 59.33050000010113], [-94.8042499996568, 59.61374999993429], [-94.82500000025003, 59.9142500001477], [-94.70850000004715, 60.20625000005336], [-94.77625000003599, 60.50174999985614], [-94.50324999991527, 60.637499999821756], [-94.28224999960368, 60.873749999814166], [-94.05395710031982, 61.081994300097435], [-93.84225000004422, 61.310749999829895], [-93.71225000007229, 61.59425000014671], [-93.41675000033652, 61.69175000000784], [-93.6647500001862, 61.87025000000135], [-93.374043600351, 61.94611180003248], [-93.06886009961896, 62.04531990016651], [-92.80223789996197, 62.184840700138636], [-93.06955100019219, 62.32656919987393], [-92.76368249992002, 62.29738889992026], [-92.4933359003664, 62.16362429991364], [-92.71903640008087, 62.36257249982057], [-92.41473990035195, 62.39496990011931], [-92.11062000042472, 62.36943999983983], [-92.412539999883, 62.42246000008653], [-92.64756999969306, 62.61408010001662], [-92.35060000041959, 62.5434400001765], [-92.03948009991345, 62.52681990002639], [-92.294469999685, 62.70268010003364], [-91.98884000032416, 62.84420009984845], [-91.68844999977969, 62.814600000158464], [-91.37950999965099, 62.80397010006609], [-91.09704009994229, 62.90559990017091], [-90.78993000038669, 62.923380100120994], [-90.68068949979383, 63.2040989998191], [-90.91920999976008, 63.386850000142886], [-91.20605000030677, 63.488600099846956], [-91.50451009982069, 63.54958999998712], [-91.75785000012955, 63.711629899861876], [-92.0536000998236, 63.62972000019086], [-92.34378010037703, 63.5410499998406], [-92.48804000028821, 63.80815999986539], [-92.79635000023003, 63.82912010013431], [-93.10054009990344, 63.86837010008419], [-93.3889900000169, 63.967630000182595], [-93.68969989961718, 63.93619990019577], [-93.99812999982093, 63.9117700001212], [-93.70324009989352, 63.98908000016369], [-93.39698999978023, 63.998299999876224], [-93.10193000026051, 63.932559999879075], [-92.79360009994018, 63.88794990015985], [-92.48136000027472, 63.82526990005575], [-92.18189010005833, 63.74842990005236], [-91.87689000027301, 63.735130000093825], [-91.57678990044379, 63.71021000004404], [-91.28220000009203, 63.650460100014435], [-90.98114000007605, 63.585140000055524], [-90.68131810040548, 63.50746360003076], [-90.3930000002122, 63.60825000000978], [-90.095500000311, 63.69850000011033], [-90.19374999967823, 63.98349999990224], [-89.89575000018483, 63.931749999875784], [-89.79225000015883, 64.22300000006781], [-89.55924999975308, 63.998250000025614], [-89.25424999968075, 63.96599999986868], [-88.95674999977956, 64.00775000015147], [-88.65749999995822, 63.98349999990224], [-88.37100000006845, 64.07550000016171], [-88.08017009984799, 64.17156990000571], [-87.85206999968536, 64.37129999986153], [-87.60498010011798, 64.54848000001647], [-87.3539400998372, 64.73803999986758], [-87.13139009962201, 64.94401009998062], [-87.00631009969766, 65.21794009996339], [-87.3217500002018, 65.26900000000056], [-87.68774999992925, 65.29075000004333], [-88.00074999976492, 65.28349999987672], [-88.30574999983723, 65.28099999995383], [-88.6059999997413, 65.31550000008798], [-88.9079999995655, 65.32574999981705], [-89.21800000005138, 65.44575000006836], [-89.49825000009795, 65.61499999983067], [-89.78349999965972, 65.73925000016919], [-90.08924999956952, 65.81824999988159], [-90.40086829976835, 65.86524359994733], [-90.09000000030528, 65.89250000005717], [-89.7960000002444, 65.83099999983062], [-89.48799999992394, 65.88425000018343], [-89.19175000035071, 65.78300000001265], [-88.90074999963963, 65.69399999993831], [-88.56150000010334, 65.6527499999359], [-88.28724999965466, 65.46449999984829], [-87.96574999956516, 65.33799999987747], [-87.65999999965538, 65.33050000017553], [-87.35624999991103, 65.3212499999159], [-87.065259900431, 65.40089000009334], [-86.80886989993232, 65.5571501000781], [-86.53061999976416, 65.67503000013917], [-86.3266099999145, 65.89791990007714], [-86.04425000009765, 66.01450000006759], [-86.22699999971613, 66.25824999998666], [-86.5381006996314, 66.30550459990059], [-86.73825000000303, 66.5299999999167], [-86.43100000041836, 66.52899999994837], [-86.12349999969011, 66.50525000003303], [-85.81574999961492, 66.50000000010613], [-85.5170000002841, 66.56849999992984], [-85.28374999963307, 66.3682499999465], [-84.99624999966063, 66.26574999986785], [-84.69450000008167, 66.20849999985705], [-84.39199999976694, 66.15975000001515], [-84.13075000039346, 66.3114999999587], [-83.84456989955953, 66.19661000016691], [-83.96650000005924, 66.48599999986344], [-84.1927500001313, 66.69350000003837], [-84.4789999997758, 66.81400000014834], [-84.78175000033578, 66.94700000011885], [-85.07324999974075, 66.84224999995456], [-84.79525000010482, 66.97075000009205], [-84.48649999994693, 66.98150000015167], [-84.19124999955808, 66.83250000006598], [-83.88924999973388, 66.8049999998884], [-83.75225000008132, 66.53649999988494], [-83.48850000005191, 66.39250000007186], [-83.18725000006515, 66.41374999982811], [-82.91049999985889, 66.55299999988549], [-82.56974999974936, 66.56774999991732], [-82.31575000030175, 66.7284999999646], [-82.0400000001782, 66.86975000012512], [-81.75749999972093, 66.98449999991304], [-81.45449999981402, 67.01500000017505], [-81.32999999984783, 67.29625000008234], [-81.38299999973965, 67.59849999989518], [-81.66925000028246, 67.72774999989784], [-81.9444999999155, 67.85324999996266], [-82.14874999996468, 68.07799999988421], [-82.38150000012516, 68.27274999985964], [-82.07549999997012, 68.29949999986849], [-82.39800000014233, 68.37150000006943], [-82.1357411001783, 68.51867070008782], [-81.84190910034691, 68.45031710001585], [-81.51856349982809, 68.54684689999311], [-81.22596490035652, 68.65666289988971], [-81.45741029968778, 68.86160640008632], [-81.78892599956221, 68.90924640006115], [-81.49599109959436, 69.02134839991933], [-81.70598709969656, 69.26796359994788], [-82.01332079980783, 69.26949029988948], [-82.29871380038307, 69.36698159990448], [-82.59213550009832, 69.46787530010512], [-82.89889999979782, 69.50566130003558], [-83.21596880013529, 69.54680990010466], [-82.90985529964072, 69.51562400009612], [-82.60830479971669, 69.51257930001218], [-82.32174849971314, 69.62449610008444], [-82.67461140018173, 69.70815630009511], [-82.98101840004253, 69.68876669995639], [-83.28313750030374, 69.70373220014488], [-83.61241379988788, 69.69398719994578], [-83.95569210027973, 69.74980310009602], [-84.24952470018573, 69.8371125999347], [-84.5512896998333, 69.8624567998663], [-84.85696869959797, 69.85144680003496], [-85.15625000031707, 69.7912500000903], [-85.46100000014414, 69.85375000007325], [-85.34675000035195, 69.57325000009801], [-85.45674999956807, 69.29250000008882], [-85.17024999967832, 69.19525000014823], [-84.88700000028194, 69.0755000000427], [-84.5804999996364, 69.01950000011813], [-84.88749999987415, 69.0104999998798], [-85.16075000024009, 68.87475000002632], [-84.85375000000236, 68.82425000004932], [-85.15024999982084, 68.75950000008152], [-85.45949999957092, 68.78449999989203], [-85.71899999992257, 68.62724999994269], [-85.78474999974598, 68.33174999994117], [-85.87249999959229, 68.04399999997023], [-86.16849999981861, 67.91099999987871], [-86.43150000001054, 67.75624999991867], [-86.47799999981393, 67.45174999996782], [-86.78775000005453, 67.41774999985022], [-87.07574999961919, 67.32875000014705], [-87.27800000040126, 67.09624999997767], [-87.44900000017084, 67.34674999988147], [-87.72699999980676, 67.49124999990275], [-88.0069999996081, 67.63075000015563], [-88.24724999993971, 67.82325000000594], [-88.26699999955193, 68.13775000003115], [-87.97725000006713, 68.23249999994682], [-87.87400000028637, 68.52149999993617], [-88.01449999977922, 68.79324999991374], [-88.29649999974596, 68.94525000005133], [-88.59825000022323, 69.0382499999058], [-88.87550000002167, 69.16699999987149], [-89.17775000009117, 69.27075000001886], [-89.46774999982122, 69.12625000003202], [-89.72900000009304, 68.97775000006052], [-89.73300000042384, 68.67400000007973], [-89.94700000015649, 68.44999999995078], [-90.16500000021998, 68.2367500001313], [-90.43050000016956, 68.40299999994005], [-90.4684999997191, 68.7097499999358], [-90.58800000017008, 68.991749999928], [-90.8665000002965, 69.15725000001098], [-91.14575000026038, 69.26950000008], [-90.81225000007673, 69.25650000003259], [-90.56124999997891, 69.43200000003688], [-90.86100000029079, 69.4645000000128], [-91.17074999963306, 69.453250000067], [-91.46250000018159, 69.52850000006781], [-91.17500000020914, 69.61925000012909], [-91.47599999995066, 69.65674999993261], [-91.75275000015692, 69.52050000007817], [-92.06074999957904, 69.54750000013185], [-92.34224999995358, 69.6607499998879], [-92.65025000027403, 69.6627499998842], [-92.95875000018667, 69.6844999999878], [-92.65500000044231, 69.68650000003328], [-92.39300000033303, 69.8342500000821], [-92.11250000004121, 69.957750000039], [-92.38699999983682, 70.08474999998198], [-92.09250000018375, 70.16125000001176], [-91.79025000011426, 70.14175000007538], [-92.06325000023497, 70.3064999998907], [-92.24925000034682, 70.5512500001236], [-92.52999999998559, 70.68699999985161], [-92.818750000286, 70.8172499999873], [-92.84800000023476, 71.11874999989712], [-93.01499999967353, 71.37274999990628], [-93.29475000012792, 71.49775000005815], [-93.63399999966423, 71.58875000002148], [-93.89424999985333, 71.74550000007022], [-94.20950000009965, 71.79575000007486], [-94.51874999984975, 71.7664999999958], [-94.7470000000872, 71.99224999999946], [-95.05125000032209, 71.96450000010294], [-94.75989360020854, 71.84791119990818], [-95.06264119957177, 71.84917920010945], [-95.36099999966439, 71.73350000000308], [-95.66725000006467, 71.6532500000715], [-95.39324999986125, 71.51124999986969], [-95.595499999745, 71.2859999999021], [-95.88599999996559, 71.40800000004465], [-96.19148010014993, 71.3800001000736], [-96.40817990023075, 71.1697998999007], [-96.53792989995742, 70.88462989998935], [-96.29794999967555, 70.6692501001427], [-95.96735009989389, 70.68433000010343], [-95.70227000035588, 70.52333000000262], [-95.99860010000806, 70.57265989991943], [-96.29365010038036, 70.49474999997666], [-96.53693989992047, 70.31894009990742], [-96.39086999981468, 70.05345009994606], [-96.10543009999509, 69.95644000015314], [-95.85325000017653, 69.77724999986408], [-95.54424999977336, 69.73600000000783], [-95.25350000020585, 69.65724999997204], [-94.9572499997343, 69.60300000012643], [-94.65175000006978, 69.67650000014984], [-94.38499999979224, 69.5077500001451], [-94.08899999956596, 69.44275000005118], [-93.79049999958205, 69.4922499998477], [-93.4760000000715, 69.50624999990018], [-93.63124999966136, 69.24724999996354], [-93.90950000044084, 69.36725000002474], [-94.21924999978314, 69.33524999986845], [-94.1882499999142, 69.03524999984874], [-94.49175000031164, 68.9690000000785], [-94.28049989997054, 68.74823009997033], [-93.96680000023915, 68.81011999997884], [-93.71775000007801, 68.97975000015221], [-93.70090009996949, 68.67915000011314], [-93.39199000026501, 68.62838009993239], [-93.68246010006136, 68.52405999995105], [-93.98095009999952, 68.45791000012552], [-94.2083000000004, 68.26033000015504], [-94.51803000014952, 68.15756989985613], [-94.81405999961473, 68.03695989983821], [-95.11797009980397, 68.08091000011665], [-95.4209699999979, 68.06549009989564], [-95.57441000029146, 67.79712009998185], [-95.35110009990606, 67.58024989985616], [-95.19059999994441, 67.31573010003952], [-95.49070000006064, 67.2448399999053], [-95.78425990019248, 67.17220010013915], [-95.52316000031982, 67.33054990013419], [-95.82296990029482, 67.31149000010305], [-96.10928999997252, 67.22133010009644], [-96.30979990026887, 67.44630000001776], [-96.61709990008225, 67.4350100998311], [-96.34819999956449, 67.5682000998978], [-96.1094799999433, 67.75372000009871], [-96.04497989983653, 68.04809000008866], [-95.87056000030557, 68.29418009988926], [-96.16107999971933, 68.21873989999692], [-96.49251000031568, 68.11076010001689], [-96.80387990016878, 68.09446999993854], [-96.5093099999085, 68.1708700000481], [-96.79885989966378, 68.25807990001378], [-97.07105000028386, 68.39596999993012], [-97.35640989973753, 68.50845990015738], [-97.65679009966223, 68.52238000003535], [-97.96570999998644, 68.54016000001626], [-97.69911000039507, 68.39335010013792], [-98.00105999999055, 68.37254000001768], [-98.32670000015295, 68.37404990004711], [-98.6358816003807, 68.38194399998079], [-98.38747999970008, 68.20148010011825], [-98.21956010025755, 67.94155009989633], [-97.91757999991351, 67.92731009994], [-97.62723989981349, 68.02102010001556], [-97.35979999968598, 67.88458999989209], [-97.07663999980298, 67.7469998999751], [-97.34565999968434, 67.59601010005078], [-97.6501200996945, 67.65175000011955], [-97.9469798999371, 67.71312999984002], [-98.19717999968174, 67.88060000010863], [-98.46283989975188, 68.03761990007325], [-98.40963000040911, 67.74089990008173], [-98.70714000035603, 67.78082000015334], [-99.01607000043899, 67.71460999994427], [-99.31614999956543, 67.76926999990648], [-99.61717989973116, 67.79321000012656], [-99.93063999958734, 67.80808999988326], [-100.23202000016877, 67.85517989983502], [-100.5441300004249, 67.82006999984497], [-100.84766009977423, 67.79902010007224], [-101.14501000017461, 67.75293999992941], [-101.4450800001536, 67.70497010008634], [-101.7627299997001, 67.7308600999564], [-102.06322999984941, 67.738540100149], [-102.3653200997983, 67.74844989993446], [-102.67313999958239, 67.80580989988802], [-102.95100010008753, 67.92120990000959], [-103.25294999997003, 67.98473999986388], [-103.52624999966639, 68.1090000000238], [-103.83350000014937, 68.02149999984044], [-104.14025000014186, 68.0184999998709], [-104.44499999996894, 68.02449999989595], [-104.63874999959886, 68.257000000105], [-104.94425000016169, 68.25324999997919], [-105.2304999998062, 68.34724999995562], [-105.41924999992091, 68.58525000016355], [-105.62536940036453, 68.81607310015212], [-105.92696799968213, 68.89005310001663], [-106.23295419991776, 68.92887600006294], [-106.53456680037739, 68.85351549998708], [-106.84963890006148, 68.79531820001064], [-107.14549990037061, 68.73668990000505], [-107.44793000007812, 68.68443989999558], [-107.89411000005887, 68.6474299000293], [-108.2193300998097, 68.63481000004802], [-108.49021000040139, 68.48674009999469], [-108.72952009973946, 68.29296009987415], [-108.4305799001135, 68.32161000006722], [-108.16104000026145, 68.17472999998277], [-107.85401990021923, 68.17225989999797], [-107.60290000018382, 68.35413989983468], [-107.29100009970297, 68.31957990003463], [-106.99428990039621, 68.36879010002333], [-106.68806999984615, 68.37858010015805], [-106.40772989967488, 68.5091899999624], [-106.08798579964032, 68.59050150002872], [-105.7896800998625, 68.63270999986155], [-105.9763799001571, 68.39221999995203], [-106.2771400003104, 68.3620499999411], [-106.56543000030327, 68.25084989993346], [-106.83881000036556, 68.12629000013314], [-107.15464999971745, 68.13060999992493], [-107.4550800004449, 68.05694009983822], [-107.74814999984494, 67.98748990012163], [-107.98742979990678, 67.80070769986378], [-107.740980000285, 67.61625010013734], [-107.62525000001108, 67.32575000001901], [-107.37849999959103, 67.14575000001504], [-107.17649999995254, 66.92374999997278], [-107.49049999987088, 66.89500000005508], [-107.77799999984335, 66.77199999986561], [-107.53850000024747, 66.58349999992191], [-107.2587499997931, 66.44049999986562], [-107.53675000032733, 66.55575000004397], [-107.79449999986049, 66.7147500000342], [-108.08448269983482, 66.80348550002323], [-108.33425000025872, 66.99275000002076], [-108.60625000029674, 67.1525000000104], [-108.31924999991647, 67.041999999979], [-108.0145000000894, 67.0634999998805], [-108.12900000012685, 67.34900000007448], [-108.43200000003377, 67.39650000014646], [-108.63451000020852, 67.62838989992906], [-108.78249999982678, 67.35599999992425], [-108.94872000018917, 67.60886999999295], [-109.21922999969969, 67.74376009986173], [-109.52618999975448, 67.69976990016858], [-109.78404010035638, 67.8552999000126], [-110.05075009955263, 68.011729899967], [-110.34899000043086, 67.94595000012364], [-110.64619009957109, 67.88014000010632], [-110.94690000006968, 67.77749000001234], [-111.24382000001273, 67.82435009995571], [-111.57275009966614, 67.74480000012205], [-111.90491000029547, 67.75454009993798], [-112.21675000021484, 67.73175000016809], [-112.53499999981098, 67.67925000006254], [-112.876250000411, 67.67725000006787], [-113.17874999982742, 67.70675000010303], [-113.47875000038452, 67.693499999963], [-113.78574999972395, 67.69849999995941], [-114.09049999955103, 67.72600000001181], [-114.407328799689, 67.76135629992575], [-114.710103699752, 67.82129890010363], [-115.03769149987697, 67.80964499999183], [-115.36608629974079, 67.87623720002824], [-115.09174999993941, 68.0072500000607], [-114.83375000016099, 68.16199999985301], [-114.54176000031124, 68.24706989984587], [-114.22865009968542, 68.23337009998195], [-113.9357300003602, 68.35214990007715], [-114.17449009987733, 68.53586000012518], [-114.45546990024388, 68.65700999989437], [-114.74745999980662, 68.74728999986554], [-115.02503109970841, 68.87674210003277], [-115.33369999996248, 68.91974999990094], [-115.63364000024514, 68.97897999995452], [-115.94497010023959, 68.94459989985481], [-116.25322000019396, 68.98460010011125], [-115.99068989974397, 68.83804999997986], [-116.3294401000124, 68.87761999992965], [-116.6320798997449, 68.87373999986646], [-116.95326059995486, 68.94516089999694], [-117.26347000042837, 68.92528000007488], [-117.57951010040811, 68.98001819991703], [-117.87899999981768, 68.99899999993482], [-118.18199999972458, 69.07449999996662], [-118.48550000012203, 69.14674999996244], [-118.78575000002606, 69.24475000001213], [-119.0872500002581, 69.27700000008286], [-119.39524999968025, 69.30275000015612], [-119.69725000040273, 69.33025000001217], [-120.02274999992476, 69.35850000001963], [-120.36900000004, 69.43224999984427], [-120.660250000098, 69.54450000003845], [-120.94091250023487, 69.66456750007313], [-121.27716239981007, 69.7244332001182], [-121.59679349986672, 69.77315589992297], [-121.94555900016978, 69.81597010014819], [-122.26446759961647, 69.81911819998878], [-122.59556289961604, 69.80855749999046], [-122.89742939990758, 69.80771269999447], [-123.15965759994675, 69.60678850002212], [-123.41341199999569, 69.44637769996773], [-123.70075760023207, 69.33542319995077], [-123.99900229991053, 69.36846910002488], [-124.33421019957022, 69.33847989984731], [-124.20125250011861, 69.62907289996967], [-124.49094709960151, 69.71082729996614], [-124.46735400030433, 70.01116789986618], [-124.71667520005309, 70.17832780007569], [-124.42857629956893, 70.052417599855], [-124.75061010015979, 70.06251999985754], [-125.05570990036522, 70.0264300999027], [-124.75010020023487, 69.97637319989103], [-125.03025000039801, 69.86100000007106], [-125.28100000025056, 69.69300000009514], [-125.5212446996237, 69.50352870005895], [-125.20637729994172, 69.45468640007155], [-125.48174999956112, 69.33000000008569], [-125.80624999989872, 69.3722499998499], [-126.11074010004612, 69.46511010006286], [-126.42864710040888, 69.60470090010756], [-126.70427089981143, 69.7430466998754], [-126.89101999964882, 69.99192999996511], [-127.1918699996025, 70.24578010000893], [-127.46297750004953, 70.38692470008299], [-127.75888999987555, 70.48994009988193], [-128.05674230016658, 70.54748210011097], [-127.94849989971958, 70.26458009990881], [-127.64764010004448, 70.25198999998501], [-127.33737989984162, 70.21774000004743], [-127.65220010024197, 70.21189989996292], [-127.95693009997753, 70.17387990003826], [-128.25739000023088, 70.14080999991036], [-128.47169989987194, 69.90767000013238], [-128.7617698999222, 69.78787990000949], [-129.0411700002852, 69.67583999985784], [-129.34443989991755, 69.83633989997026], [-129.70153990025645, 69.77345000009264], [-130.0158999997379, 69.72239989997217], [-130.31636999974995, 69.68565999990507], [-130.59928989972047, 69.49437990004812], [-130.85572000011513, 69.31115989987934], [-131.0776700999937, 69.51929000004704], [-131.31423009961588, 69.31668010005511], [-131.59609989956198, 69.44170999988508], [-131.89601000031874, 69.4018999998834], [-132.10814010019362, 69.18566999990543], [-132.40305000021252, 69.11926990001359], [-132.70006010028027, 69.06980000006524], [-132.4582698997665, 68.86610990012079], [-132.75428999979724, 68.81247000003562], [-133.06012000007297, 68.80755000013185], [-133.370359900147, 68.83637999985501], [-133.08749999955268, 68.70399999986651], [-133.3934999997077, 68.76175000000356], [-133.23261989980446, 69.01551989992295], [-132.93161999977596, 68.98069000012279], [-132.7650799997464, 69.23176989999219], [-132.45494989985121, 69.21852010000133], [-132.1799998997938, 69.34726989993206], [-131.92723000029568, 69.51913009995741], [-131.58719990017337, 69.54812999994307], [-131.27547999961757, 69.57707990004772], [-130.95375000027266, 69.61130010015295], [-130.63062990024633, 69.67895000012423], [-130.34741999984763, 69.81732009985998], [-130.04052990040006, 69.87559990000898], [-129.73217999998823, 69.94717989984983], [-129.43426990029522, 70.03984999999679], [-129.67109999996714, 70.23136989990037], [-129.91538999991425, 70.05517000001055], [-130.218759999717, 70.05501009989489], [-130.52743000040726, 70.0871099999402], [-130.83312000004258, 70.08963999998612], [-131.09550000009347, 69.8930599000945], [-131.4002399998748, 69.93178000001082], [-131.6879199000593, 69.84217999988252], [-131.982329900199, 69.74484989989614], [-132.2916299001778, 69.69335009985457], [-132.6127199999015, 69.69314989994385], [-132.91804999968667, 69.64281999998133], [-133.0281100000756, 69.35848010004928], [-133.33713999971766, 69.38268000010831], [-133.65042990026853, 69.36673990007117], [-133.94123010038908, 69.26753010009082], [-133.76399000021075, 69.51660989991504], [-134.0650701000312, 69.54097999988949], [-134.3588800004083, 69.64785999984808], [-134.62160000021777, 69.49118000005784], [-134.93471010026957, 69.47331000009238], [-135.24739999987253, 69.43187010006129], [-135.5336398997583, 69.3228599999926], [-135.83398999983277, 69.299680099921], [-135.59144990009284, 69.12252999990025], [-135.34654990005035, 68.91927340001794], [-135.1750300003101, 68.66479000012126], [-135.47860519957828, 68.70851009988912], [-135.77815999957215, 68.79050990002905], [-136.08798000013294, 68.8461998998591], [-136.4132501001125, 68.88573999989906], [-136.72372000034034, 68.856799999927], [-137.01727989957385, 68.92274000014106], [-137.3241201003023, 68.96244000011325], [-137.65209990006448, 69.02582999986497], [-137.94813009985398, 69.09262000010848], [-138.26524300028535, 69.19994420013607], [-138.58365989967476, 69.24575009990666], [-138.88814010038772, 69.38597989998911], [-139.1891814001744, 69.50054140000691], [-139.48966999980442, 69.53104989999474], [-139.78443010035983, 69.59520989999828], [-140.1230516996088, 69.60673929996594], [-140.49393999963414, 69.59729010006605], [-140.814370099932, 69.61296009987203], [-141.00074169983924, 69.12702500012522], [-141.00090090017218, 68.49837630001811], [-141.0010471997994, 67.8606861001089], [-141.0011416998723, 67.3064332999675], [-141.0012583002979, 66.71791389995897], [-141.001322200159, 66.17914440017815], [-141.0013300002306, 65.62987440001139], [-141.00131109967703, 64.99176169998492], [-141.00130720009037, 64.42280060017816], [-141.00134139985155, 63.81954359988627], [-141.00137970042204, 63.22500809988524], [-141.00143830022293, 62.67600669992597], [-141.00154720028988, 62.12820529986013], [-141.00165689985744, 61.59704059991075], [-141.00178480019096, 61.24898769998688], [-141.00191780026037, 60.883172799921155], [-141.00197999961063, 60.306369200121246], [-140.52042440033512, 60.21981889999481], [-139.98109419973716, 60.181965599942004], [-139.69298139962058, 60.335224400031045], [-139.07481859983025, 60.35250469987587], [-139.05367059975208, 59.99483689981993], [-138.70737750026615, 59.90632530017496], [-138.06600320012146, 59.48298040006632], [-137.60735640039061, 59.24380329991018], [-137.52611440013035, 58.906372199953054], [-137.17564640012438, 59.032143099812004], [-136.87673670009897, 59.136154399964056], [-136.48970279980915, 59.25977529998409], [-136.23850420016834, 59.524326399925584], [-135.95264530004906, 59.6621663997928], [-135.479160800395, 59.79804139990143], [-135.1575897004474, 59.62571939981463], [-135.03052559963987, 59.34634779993526], [-134.70071579959162, 59.249010799881624], [-134.38187690042784, 59.0387633001754], [-133.9723572001926, 58.767311900026606], [-133.70711830007195, 58.612274200114015], [-133.37730310025054, 58.43054830022602], [-133.17231109986153, 58.15367559988508], [-132.86936749978142, 57.839713099922115], [-132.6608643999684, 57.616736900087204], [-132.36979140036075, 57.34974670017803], [-132.04519139956568, 57.04505919990199], [-131.90107169972092, 56.75367500011964], [-131.58106719964505, 56.61223189976514], [-131.17346669970868, 56.4495238999864], [-130.78198080007473, 56.366844199879], [-130.4678700001526, 56.243053299897596], [-130.1037985997968, 56.12279810012874], [-130.06845060034084, 55.81816930017241], [-130.07498549997806, 55.5047249998994], [-130.07552280031578, 55.201453900137864], [-129.7963784997215, 55.35089050011726], [-129.50304419979517, 55.4559501999989], [-129.75319020029846, 55.28982470014663], [-129.97128510018518, 55.07998450000056], [-130.17661879994535, 54.847492299895116], [-129.98394750000355, 54.61295780021051], [-130.2867183001556, 54.70253060011377], [-130.1403921996325, 54.43335929986592], [-130.38427880032145, 54.611901000162305], [-130.27165039975426, 54.333161900223104], [-130.01685689955158, 54.174223899869126], [-130.0504470999141, 53.872091200167105], [-129.794426500135, 53.71563609998031], [-129.5390695002293, 53.504404499743245], [-129.27121409963846, 53.36349599985188], [-129.19462740004752, 53.658150699781054], [-128.98149089959352, 53.87123099999132], [-128.69848840043096, 53.974584400243955], [-128.7985844996908, 53.68246199982032], [-128.5947609002626, 53.45967430008818], [-128.2819538001595, 53.47363019989726], [-128.00001589983003, 53.350923099891425], [-128.2832018996523, 53.45319559980787], [-128.58513240041623, 53.43062609977278], [-128.87195130043523, 53.52932669979467], [-128.7682170997332, 53.22525660024437], [-128.4750632003805, 53.14300849973067], [-128.44728130003259, 52.827043399924165], [-128.15322349967138, 52.88871589994773], [-127.87844429989222, 52.75674720000577], [-128.17100280036613, 52.67625520022031], [-128.29344879974025, 52.401243199850846], [-128.07163149960675, 52.61379080022628], [-128.00792289970695, 52.31810499984451], [-127.74747399993754, 52.4717658001324], [-127.8876235001627, 52.204249399979936], [-127.60354520017543, 52.302292000172166], [-127.63277170019639, 52.606967400052696], [-127.38449359990103, 52.421096699772505], [-127.13415189961647, 52.593786400093116], [-126.98608640019185, 52.33200389977299], [-126.7505094997486, 52.11413829973384], [-127.0003813002912, 52.29850929997442], [-127.31262190031826, 52.234122199760726], [-127.56804539980949, 52.07206430018996], [-127.84019180008599, 51.915459599943084], [-127.75602370038277, 51.62441679974718], [-127.45811609980287, 51.68521199997334], [-127.30830730009349, 51.42494770022628], [-127.62236820039823, 51.437944999846216], [-127.33840129959103, 51.33760950008257], [-127.63488380022778, 51.27949889975971], [-127.3268387997015, 51.198404400000605], [-127.02522729967812, 51.17104820002681], [-127.32333830039788, 51.12688630000793], [-127.02378520001652, 51.08229429991907], [-126.72068209956612, 51.134236700269575], [-127.01673499978288, 51.059852999755165], [-127.32304660035716, 51.041348299976974], [-127.08705999987235, 50.84392009982659], [-126.80362320030423, 50.95472500022938], [-126.51380689976158, 51.03246830001831], [-126.22900399980152, 50.92392359975547], [-126.52988659961687, 50.90542460012852], [-126.23342810016786, 50.8341884998328], [-125.9550652000218, 50.70513229986782], [-125.65192509976148, 50.77366389976446], [-125.63675430003929, 51.080974099748005], [-125.61260620000002, 50.776036599848084], [-125.90706929955616, 50.66729110025815], [-126.2093598001702, 50.63745109976266], [-125.9189831997236, 50.54900049974989], [-125.63453320022796, 50.438016200087226], [-125.46669559994018, 50.68953009987492], [-125.22121150002864, 50.50788789983164], [-124.92910929970158, 50.58978130009231], [-124.86896299960367, 50.88982520003338], [-124.86968830026238, 50.58806089981273], [-125.06920680004825, 50.35926879993939], [-124.7600592998687, 50.345677600195906], [-124.46344030022452, 50.453742300255826], [-124.73597590008943, 50.32541670010405], [-124.71301770039064, 50.019143400073006], [-124.49794999994222, 49.795640800232164], [-124.19028600008073, 49.779980199844864], [-123.90366300016736, 49.87887440009718], [-123.9508293998929, 50.17775190011261], [-123.8681696002978, 49.87960360002423], [-123.66998809998022, 49.65053239990265], [-123.94898989992268, 49.76198669991152], [-123.8704514998842, 49.4679418000499], [-123.57165340026148, 49.40232929973758], [-123.32362259987562, 49.58014609977629], [-123.15259679959279, 49.32617350004628], [-122.87668060036188, 49.44753619990218], [-123.13575730017861, 49.295356100054626], [-123.03501519994003, 49.002080900067334], [-122.0980519003711, 49.00241779990246], [-121.75955890034494, 48.99730419971972], [-121.33484720014683, 49.000915299771634], [-120.66956719956247, 49.000098900028654], [-120.00245980021305, 48.999318599762105], [-119.26558810042843, 49.00008309991088], [-118.68933060012122, 49.00006390003027], [-117.99211249979653, 49.00029500027809], [-117.13489890027324, 48.99880500014739], [-116.49957649989202, 48.99987400025627], [-115.86145940023768, 49.00098999971711], [-115.2625530997785, 48.999633100013284], [-114.75952470016078, 49.000400299963786], [-114.36192469961645, 49.00110940024093], [-113.69477899969661, 48.99750000012414], [-112.92394440021616, 48.99847220025794], [-112.43936110024242, 48.99852779975781], [-111.57569439987509, 48.99666670017269], [-111.08958330006335, 48.99763890011436], [-110.61911110039026, 48.9987778002034], [-110.07988889974732, 48.99952779987835], [-109.67411110038705, 49.000027800049935], [-109.05566670031476, 48.999666700091765], [-108.69072220038488, 48.99933330015117], [-108.1103610997401, 48.999666700091765], [-107.41552780011928, 48.99936109972106], [-106.80791280010449, 48.99992940017778], [-106.22941669990593, 48.99936109972106], [-105.56080559982266, 48.999666700091765], [-105.11949999960905, 48.99925000005596], [-104.544111100113, 48.99925000005596], [-103.80690300011909, 48.9993259999022], [-103.37768699976269, 48.99906099972256], [-102.77986110040077, 48.99919440018476], [-102.27508380040081, 48.99883330006016], [-101.75427779970084, 48.99916669982062], [-101.17002779966464, 48.99949999981097], [-100.61316669961596, 48.99941669999616], [-100.10974999962343, 48.99927780026368], [-99.54072220001166, 48.99938889986641], [-99.00222219994139, 48.99994440005198], [-98.47288890008443, 49.000194399847764], [-97.95282190024957, 49.000491800147024], [-97.30568870024437, 49.00048400003919], [-96.80128230025218, 49.00017119974777], [-96.16228599966635, 48.999667700167606], [-95.63320399991687, 48.99925069987854], [-95.28532090034435, 48.99897649988904], [-95.15342249966562, 49.3844900997466], [-94.85405560027974, 49.32433330026555], [-94.68344440034826, 48.88411110026659], [-94.45238890039305, 48.69238889989077], [-94.13916669957693, 48.646000000054904], [-93.83344440011724, 48.62561110016553], [-93.54769440006494, 48.52933329970882], [-93.25466669963667, 48.6428055997316], [-92.95477780001896, 48.63155559991809], [-92.65786109958793, 48.54622220018997], [-92.43672219997046, 48.308888900176704], [-92.08355559976557, 48.35372220006902], [-91.81544440030433, 48.21180559971486], [-91.54166669989608, 48.053861099981276], [-91.2348888997405, 48.09613889976014], [-90.92641669999095, 48.229805600198915], [-90.6414999996541, 48.10352780001302], [-90.33808330003295, 48.09613889976014], [-90.02936110003816, 48.087583299942054], [-89.73397220034346, 48.02208330005751], [-89.43520099987359, 48.06332290016644], [-89.23871429979859, 48.304381800034925], [-89.01025370032254, 48.50681760014281], [-88.75491750000893, 48.34548199980666], [-88.6171517000514, 48.6180841997161], [-88.41551469973774, 48.84180709997751], [-88.52676709958027, 48.54402529996366], [-88.22452060024546, 48.61942559987688], [-88.22607340019782, 48.92649300021928], [-87.9157583003547, 48.929351400023826], [-87.59407460017948, 48.863669100236834], [-87.292377700017, 48.79444480015138], [-86.99027530033521, 48.80534170014179], [-86.6880222001797, 48.799387600067284], [-86.38958360004547, 48.73568859995245], [-86.24129030044124, 48.472924299819276], [-86.09815100033796, 48.20484209992759], [-85.88372520005895, 47.98860479988779], [-85.58983639975214, 47.92188409970359], [-85.29052560015573, 47.95475789969145], [-84.9875725003915, 47.96303210018153], [-84.99950299962873, 47.65635580026962], [-84.77035899961376, 47.453666999998184], [-84.6949526997809, 47.16285240004482], [-84.5164403003943, 46.9197937997628], [-84.53569920002386, 46.615001200073394], [-84.25480560019533, 46.50080560003382], [-84.08580559969285, 46.21013889978811], [-83.7826268997231, 46.21000310012421], [-83.48257360032355, 46.24639499987705], [-83.17861240036767, 46.200375199859565], [-82.87470420011526, 46.180197899754035], [-82.56957700039531, 46.1686425998089], [-82.25864200012407, 46.18978919982565], [-81.9722325998223, 46.09095570000323], [-81.67220149959005, 46.06537469975179], [-81.37656310001171, 45.994572699769144], [-81.07349390018351, 45.94135349995644], [-80.76765179960091, 45.939563100187044], [-80.598360099956, 45.69152949981572], [-80.3926430998439, 45.46730540007078], [-80.09849949959326, 45.4052394999334], [-79.96582880019682, 45.12809599968313], [-79.79559079996024, 44.873425399766056], [-80.09972669978099, 44.81331439971187], [-80.04268830017324, 44.50420619995632], [-80.3506346998173, 44.53824439978663], [-80.62753740014713, 44.66016780002719], [-80.92469069975601, 44.59320420025541], [-81.00754140033212, 44.88511560023183], [-81.2773230997092, 45.0200344997342], [-81.48569219962786, 45.23834609992664], [-81.35387619961355, 44.96628289983654], [-81.29404179997218, 44.672272699798334], [-81.45808449968155, 44.41922079973057], [-81.64416469958533, 44.171508300053226], [-81.72314700032479, 43.88194420012103], [-81.70832329974692, 43.58158329977916], [-81.80306379958974, 43.28662010006861], [-82.0643453001853, 43.136881699886274], [-82.38510299989764, 43.01425360026348], [-82.48395700041077, 42.717937999813344], [-82.41154769955465, 42.41424200002735], [-82.726544600368, 42.29665680023516], [-83.06346529981361, 42.31787240011465], [-82.98036469960354, 42.00853169968969], [-82.67985709970692, 42.03626499973553], [-82.36693830038642, 42.13343220021711], [-82.05937529990898, 42.25719890020565], [-81.76856590014162, 42.41450250017819], [-81.50368009991139, 42.57681329978783], [-81.20962289962478, 42.66012709995624], [-80.90830459982865, 42.66001310012956], [-80.61248789993776, 42.57963970014535], [-80.30455109969083, 42.562933999816366], [-80.10349889993218, 42.790728000163014], [-79.80332279993496, 42.83399570023192], [-79.49921220026587, 42.84495959977918], [-79.19654220007183, 42.86815210017505], [-79.04952779959824, 43.13513889971686], [-79.3500799002374, 43.18071679996987], [-79.65439839970765, 43.22268179986948], [-79.60162029986067, 43.52767299971949], [-79.32165769961958, 43.64486030012895], [-79.05991239974115, 43.807726399863476], [-78.75387609956378, 43.867980000204156], [-78.44716380006716, 43.909249000262214], [-78.14549030011948, 43.95740259981022], [-77.84238399987005, 43.994489199808044], [-77.53261759998561, 44.00872290032234], [-77.24179419997456, 43.9045121001459], [-76.93944469980929, 43.91421380028991], [-77.12523490018314, 44.16116390018854], [-77.4326235996477, 44.11943270015047], [-77.13579369982932, 44.167107400114425], [-76.83577789970298, 44.14894739975123], [-76.54075170019414, 44.21996850011076], [-76.2514085998038, 44.305907099969836], [-75.94972220004864, 44.34897219977888], [-75.69933329958411, 44.56572220012134], [-75.42363889978672, 44.756083299836085], [-75.13999999994093, 44.89694439972065], [-74.85616670017605, 45.00449999970288], [-74.46383300022134, 44.997188999699695], [-74.15015330000742, 44.991368900130894], [-73.84141139995845, 45.002132800082265], [-73.42789140025339, 45.00940889999133], [-73.06536170026631, 45.015961699908466], [-72.63467610012255, 45.0146877998586], [-72.31195419990549, 45.00378860015018], [-71.94575330004956, 45.008370000151174], [-71.50101939992837, 45.01344579984175], [-71.34768310025288, 45.272018600016835], [-71.04663329970865, 45.31308610010506], [-70.76821499956068, 45.42850109976815], [-70.5649488999877, 45.65480809987084], [-70.3077981001052, 45.85884969996406], [-70.24953280034701, 46.15551859998815], [-70.08911500043845, 46.41092890009797], [-69.58700570042556, 47.10460489981046], [-69.2244699996924, 47.45983969986958], [-68.98039950039002, 47.22011379989357], [-68.67495410032848, 47.242326999874805], [-68.37785649986047, 47.287374599794624], [-68.07394750010745, 47.25930259977264], [-67.82111059976384, 47.08341600029877], [-67.78829119972917, 46.60129319976691], [-67.78197589955137, 46.26275839988171], [-67.78125749975067, 45.94345140002204], [-67.69131469971941, 45.65353469986537], [-67.42092870005744, 45.51179069989637], [-67.42797219975739, 45.201777799932074], [-67.13137260013009, 45.13986330024158], [-66.83773870037842, 45.07089499990079], [-66.53885389985605, 45.13547219979289], [-66.24201040044258, 45.180757600032756], [-65.93534039991772, 45.21075440015524], [-65.62864709978933, 45.295848100139764], [-65.35874419971412, 45.431949599880234], [-65.06152369983381, 45.53349369995132], [-64.76382080015433, 45.61720809981726], [-64.57117270010305, 45.84983549999783], [-64.66180949989526, 45.55753850010483], [-64.92669270040108, 45.410901400181665], [-64.58569709999455, 45.40255350003078], [-64.27978349980354, 45.383537500011535], [-63.97743780041023, 45.3998030997103], [-63.675984700320896, 45.39149250014828], [-63.37625650032434, 45.36303129980918], [-63.67520230004777, 45.315236200040644], [-64.00267810001974, 45.24404089994645], [-64.27522869995325, 45.11759930014303], [-64.49187550033062, 45.333908000023406], [-64.76129150004711, 45.17051159994747], [-65.04434139971394, 45.05281530025806], [-65.31552370017972, 44.91546809981781], [-65.60486660024576, 44.78365330012315], [-65.87713640029618, 44.63948529977224], [-66.14234679956783, 44.46730340032008], [-65.86253880028545, 44.58839119975355], [-66.08677530031001, 44.37395940025574], [-66.21390950025243, 44.09797780029717], [-66.17036590006653, 43.79928819997468], [-65.87319360019109, 43.75232500005065], [-65.69941730044208, 43.494398800277], [-65.39788780043445, 43.54768039987114], [-65.15945829980647, 43.73749520016573], [-64.88940859974247, 43.86850890030676], [-64.64213729977654, 44.05005549995281], [-64.40492090027792, 44.23448860003199], [-64.30653639975645, 44.52551100022951], [-64.00702680029272, 44.50672019995343], [-63.709255800229876, 44.45662340022104], [-63.44079520014055, 44.60007470017581], [-63.166074200412005, 44.73110080014138], [-62.86378369979795, 44.729889599970534], [-62.583438499890825, 44.83735119984358], [-62.29010489975211, 44.922415200298516], [-61.98043989990032, 44.97684620014962], [-61.70356399990867, 45.09428660020623], [-61.40713190014925, 45.1633533998521], [-61.122024500053975, 45.27803879970975], [-61.41995589970069, 45.350277699782815], [-61.44229479994429, 45.65154399994038], [-61.74186640023062, 45.63223909975842], [-61.909649400017116, 45.882015700260425], [-62.181387300401276, 45.75145129992618], [-62.456527400142484, 45.62918249973362], [-62.75430699977753, 45.733419299876985], [-63.05147019971915, 45.79624229982153], [-63.36623799959233, 45.740791100295844], [-63.64229170035052, 45.87104149973978], [-63.92908000015766, 45.98339179980031], [-64.17188179980111, 46.1651938999526], [-64.4744638998446, 46.23644879980128], [-64.66749680043435, 46.46664549983426], [-64.85661120034743, 46.70169089970583], [-64.81802040039508, 47.01107180003512], [-65.11691730032602, 47.06617980028943], [-64.95891829965989, 47.325857699885134], [-64.82865080026099, 47.597610900252576], [-65.07051179969727, 47.77712349970079], [-65.3723779999515, 47.74277989981681], [-65.653383699646, 47.622417999700396], [-65.80455090028698, 47.88411969989854], [-66.10648610013818, 47.94360029989511], [-66.37909430004771, 48.071785499697214], [-66.68266489994164, 48.00577900004658], [-66.39767669999635, 48.1097946002102], [-66.09442519965766, 48.092865900103476], [-65.78988249955712, 48.12003669996841], [-65.48962360004356, 48.0422305001367], [-65.17813709976488, 48.04124609977487], [-64.90603430011903, 48.18461050021809], [-64.64881329959205, 48.35304979985808], [-64.34197170018669, 48.419093299893376], [-64.28134189985339, 48.71905360025274], [-64.56660130028463, 48.81668500009262], [-64.25422670036325, 48.80493190012478], [-64.44994190032278, 49.03799039983324], [-64.74638509966586, 49.141290599796214], [-65.04831760007963, 49.22427349994257], [-65.34928840008283, 49.24953929991413], [-65.65181839963645, 49.24241769986826], [-65.96565719957204, 49.22753980014005], [-66.28747009994298, 49.18369919986937], [-66.59267480001742, 49.11440679985987], [-66.89052829955932, 49.0373198998705], [-67.21242329965904, 48.93309979985848], [-67.52303800022582, 48.853460999792304], [-67.80867669991274, 48.75557980016365], [-68.12574409977667, 48.63219709993396], [-68.42651630023686, 48.52871349970441], [-68.72656579976275, 48.379500399997966], [-69.04594160041229, 48.23064509969146], [-69.29743239955714, 48.05601509995876], [-69.55038410010248, 47.87670109981633], [-69.74925539965875, 47.651139999779794], [-70.0176045996697, 47.48784190019324], [-70.22962090006608, 47.271390799749774], [-70.45406800022754, 47.06338329979824], [-70.72817860011041, 46.93815400030531], [-71.02381879991259, 46.834241700082124], [-71.30804850016119, 46.736432899726616], [-71.60121289992121, 46.660622499819965], [-71.90596289974829, 46.63052779985152], [-72.18821979991996, 46.51520830014039], [-72.45762490037711, 46.36618410011793], [-72.716783000135, 46.17239870030099], [-73.00585559982697, 46.06586249999427], [-72.78084219991379, 46.26976039982036], [-72.48646499996003, 46.379931400172914], [-72.21719580023235, 46.545509999756845], [-71.92790240003342, 46.6460141002909], [-71.62803830020573, 46.69406680006531], [-71.3206163001936, 46.749932699911184], [-71.06474350022819, 46.924864699719805], [-70.78184159980104, 47.07053300026296], [-70.5673783999618, 47.28225539996733], [-70.32640990011647, 47.463589500220564], [-70.09780800013782, 47.66036319986475], [-69.86741769995554, 47.85973889973518], [-69.71748000008772, 48.119788499918066], [-69.99346309955278, 48.23874169987912], [-70.28588339961013, 48.30819799996474], [-70.58366730037878, 48.35402479997368], [-70.88119559990636, 48.41392189983298], [-71.18121429979443, 48.45244129998601], [-70.87533569976353, 48.440822799804785], [-70.57839229960564, 48.38337119977626], [-70.2812280998391, 48.3292752997134], [-69.98366640005094, 48.25556810004494], [-69.7004558995776, 48.13530240021027], [-69.42496299998331, 48.30059830014452], [-69.24655609964199, 48.543223700183034], [-69.04984739980915, 48.77297539971028], [-68.76960350022166, 48.89952230010065], [-68.52448570004532, 49.073574199955296], [-68.21940159969607, 49.09654789985222], [-67.96824650007457, 49.28076410006883], [-67.65896919962468, 49.30295670006779], [-67.35791319980669, 49.33657580024814], [-67.2109410003885, 49.621692699869264], [-67.01487820002471, 49.84958349991608], [-66.77247740023924, 50.03024309972049], [-66.48625609997146, 50.13759080008708], [-66.15473730001095, 50.1906093998535], [-65.86102430000524, 50.262329499762245], [-65.53550850001571, 50.27361830024298], [-65.22902850035996, 50.28890870012383], [-64.92822360032513, 50.27184470003204], [-64.62655040041474, 50.277986999988585], [-64.27235569992675, 50.270467599739696], [-63.95983439972958, 50.30117950000506], [-63.65883629992489, 50.25350679970465], [-63.3576113000525, 50.23499319996311], [-63.057342299881874, 50.27684750026409], [-62.74861690008803, 50.29984709976116], [-62.44936060038159, 50.25444509989307], [-62.12872450021937, 50.22945429971022], [-61.825615999995804, 50.20355110021527], [-61.470012600106806, 50.16046939976742], [-61.16943800026305, 50.18088029972601], [-60.869761200070414, 50.224991899966106], [-60.566970600151166, 50.211068100102395], [-60.295137799943745, 50.341195200030995], [-59.99359200000528, 50.27840000006228], [-59.732351900066234, 50.43934599993584], [-59.46623979976016, 50.59066289976472], [-59.20200209987142, 50.73830089974284], [-58.955859000359006, 50.91358659997184], [-58.718964900214665, 51.10077410018003], [-58.48680439969644, 51.29599019995243], [-58.18574869991574, 51.27145580014449], [-57.93237320027048, 51.43362189972502], [-57.67775990031715, 51.620029999895465], [-57.41963700022808, 51.46159910010683], [-57.10845020038608, 51.41511330025984], [-56.81670380028519, 51.49489230025308], [-56.55599449957616, 51.66304960002826], [-56.27089199979076, 51.77763480015142], [-55.990779399761834, 51.90409499991159], [-55.742666600258545, 52.084675800000156], [-55.97077009964623, 52.28035960024833], [-56.236771600272824, 52.44952130026497], [-55.944505099876956, 52.37478300003205], [-55.64304410000301, 52.3587926002107], [-55.914508899964396, 52.50866430026135], [-56.22246420011629, 52.536882800062635], [-56.522003600291264, 52.596909999888084], [-56.224706299844044, 52.54450650019393], [-55.91208349990124, 52.56073230025127], [-56.19131849979651, 52.67596930024405], [-55.89359409983903, 52.61436229984253], [-56.14007509974724, 52.79890200020763], [-55.83462709996126, 52.841812599882594], [-56.106539799923304, 52.97318019988244], [-55.82952899992543, 53.09922349979745], [-55.91734659979351, 53.39074149992614], [-56.19191960028234, 53.51925260013511], [-56.49061569979783, 53.552030600214806], [-56.71896812953725, 53.74939391626355], [-57.0208148004172, 53.713854000113955], [-57.23843430017746, 53.49764770023736], [-57.15984559987298, 53.787615000158745], [-57.319825499826656, 54.0428373999533], [-57.59104459977804, 54.18148969982628], [-57.92184590004977, 54.21650509977693], [-58.23771190023923, 54.21952260012092], [-57.95001649962449, 54.0985965002023], [-58.2623305998081, 54.06672659990417], [-58.55901600022313, 54.015359500254064], [-58.85497279956911, 53.94805040000946], [-59.06130629998597, 53.71892100024846], [-59.361575099832294, 53.652889100174605], [-59.66651439984256, 53.52445729974183], [-59.952030299830135, 53.42639079999281], [-60.24569870027863, 53.3555229001753], [-60.12307050010701, 53.634123700051724], [-59.86377389989525, 53.78879970007528], [-59.56129389967201, 53.822151500208236], [-59.262860000421654, 53.9105327999723], [-58.960653200334214, 53.97899550015532], [-58.66497319977505, 54.03558410017873], [-58.40970280015768, 54.194501999950305], [-58.70164499975284, 54.121456500022624], [-59.00475229982718, 54.06284899990014], [-59.31280939976204, 54.01136110016572], [-59.024773499925374, 54.11139339985054], [-58.7222207002315, 54.143128200178325], [-58.41919359994909, 54.24122730013383], [-58.126825100344284, 54.311763400031005], [-57.82919419973653, 54.37097330012922], [-57.52569439966341, 54.42769890023046], [-57.73025769974433, 54.6516328000168], [-58.01757730004143, 54.74421509978904], [-58.328510299764524, 54.79568540000956], [-58.636743400324775, 54.79908649997093], [-58.93738449975409, 54.83820999974076], [-58.99841189982202, 55.142402899972886], [-59.28400889971345, 55.02308090021014], [-59.58377219958309, 54.9917624001394], [-59.817371999714155, 54.7962505998262], [-59.60719800023504, 55.01062370006089], [-59.89214569963575, 55.10830579998808], [-60.209861100128194, 55.07276149978204], [-60.520687099721144, 55.08809720001912], [-60.82279059983914, 55.02696729978546], [-60.56473779978325, 55.182066000060594], [-60.35350560017081, 55.39823540016136], [-60.49180040003285, 55.66497199999232], [-60.79022819972243, 55.73017940001195], [-61.106154899973966, 55.840058099758956], [-61.4108033003424, 55.90424769996491], [-61.10661110040785, 55.89152240011779], [-61.40615289998293, 55.96168829989838], [-61.59657900011096, 56.202433800190285], [-61.90752130009219, 56.21260020014672], [-61.612182800376495, 56.27098829982603], [-61.91958950028271, 56.34126929987984], [-62.20169160006969, 56.45927069989286], [-61.89767680033576, 56.497226499959865], [-62.183456499589674, 56.60316869993081], [-62.46057200003054, 56.74041110008312], [-62.15016170032686, 56.70143959999531], [-61.835625099858376, 56.62586730012814], [-61.66028120041269, 56.86937899992778], [-61.379456200430845, 56.98140650007516], [-61.620744699943295, 57.16063030004382], [-61.91758760018047, 57.21936330016606], [-62.10619240020591, 57.4560472999767], [-62.422593799897975, 57.44733869979023], [-62.1269952001783, 57.53325410012945], [-62.16618010004548, 57.83441750023064], [-62.449116900021416, 57.962774000219504], [-62.69732860044424, 58.13561789981822], [-63.00049210002108, 58.08432539979406], [-63.31777780038051, 57.97570620003356], [-63.048223799673444, 58.109058899935775], [-62.754324799894896, 58.170202800013016], [-62.59374820030197, 58.42989539995775], [-62.89452079961415, 58.46703970018766], [-63.17854019976316, 58.364015899909276], [-63.4846738000622, 58.34800249980129], [-63.19581019970925, 58.50312220008491], [-62.906567600137954, 58.598531100159725], [-63.04971669996265, 58.862812000036286], [-63.31802189959267, 59.02184330021377], [-63.62157630016706, 59.04148819998302], [-63.94449879957695, 59.06558840003805], [-63.63799520028038, 59.065281599860505], [-63.36345830038787, 59.19056689979722], [-63.63226330018407, 59.35404690006], [-63.916251400333636, 59.23319240017834], [-63.74164649995644, 59.48619789997514], [-64.00645519958248, 59.630971500218244], [-64.26904889985627, 59.78048350013076], [-63.96264150024518, 59.7421526997743], [-64.20911560019368, 59.93450169979602], [-64.51646109967622, 59.89362189986928], [-64.36877199974555, 60.16499279993789], [-64.65324369984349, 60.271845800122506], [-64.95620199995491, 60.24707480006235], [-65.13152000007264, 60.00215999984003], [-65.37309000015411, 59.82420000020413], [-65.40108999977492, 59.520549999946745], [-65.10210009995757, 59.42021990000117], [-65.40464999988968, 59.47850000012095], [-65.51746009999444, 59.198559999925436], [-65.36531999964623, 58.92898000008795], [-65.65628000017435, 59.054440100114945], [-65.9332899997733, 58.92745000007057], [-65.92694989980544, 58.62398989996239], [-66.20876989984711, 58.773480100026525], [-66.50292989974157, 58.71446990001061], [-66.7148999997829, 58.498969999911424], [-67.01112989955165, 58.44168999988936], [-67.29210999995551, 58.32656009981542], [-67.58275999996391, 58.22654999991915], [-67.76395999967878, 58.472140000119225], [-68.0634399996539, 58.511029899832984], [-68.33537000027002, 58.643020000099334], [-68.53509000025893, 58.87298009992194], [-68.83744999993326, 58.89879989979023], [-69.14314010017989, 58.90343000006872], [-69.4330098998893, 58.82291999994411], [-69.70172999990801, 58.68787009983915], [-70.00061999987925, 58.73836989979861], [-69.85297000001962, 59.001920000004816], [-69.62205000014522, 58.7961700997999], [-69.48699000038364, 59.06486000008444], [-69.23742010025185, 59.23358999977719], [-69.52159989998472, 59.33128989997602], [-69.51113010002702, 59.63449000005936], [-69.67346009966346, 59.89108999993852], [-69.96751009995306, 59.967190100217], [-70.26832000001076, 59.98383999989596], [-70.6061199003879, 59.98707000010903], [-70.90823000042828, 60.052419999832885], [-70.60190989999478, 60.00579989979626], [-70.29842000025441, 60.00900010012018], [-69.99181000000401, 60.01166989997519], [-69.68578010032304, 60.068379900140044], [-69.68979009980131, 60.37071999985276], [-69.67540999988717, 60.674030000187145], [-69.40586989971081, 60.814230100075456], [-69.54934689988555, 61.078710400073355], [-69.79443990027187, 60.89985010019174], [-70.10576000022056, 60.87895989982381], [-70.32395989968927, 61.08939010014368], [-70.62050000030206, 61.03925000003858], [-70.91949999987813, 61.07675000005851], [-71.21774999961679, 61.13475000012617], [-71.51075010020627, 61.21079000020581], [-71.78469010013524, 61.349569899954815], [-71.57076000011146, 61.57496999979088], [-71.8638000002726, 61.701129900157106], [-72.14439000007782, 61.59337989988501], [-72.23205010012373, 61.88114000007072], [-72.53159990009475, 61.932659999928205], [-72.75237909989939, 62.14349520008093], [-73.05726390001968, 62.18214550013928], [-73.31943940039274, 62.34166300017123], [-73.61318870042078, 62.40502870001961], [-73.9134435997364, 62.42944010002864], [-74.19970999992302, 62.33364999995764], [-74.49060009984393, 62.24471000003461], [-74.7709198998864, 62.134430000106626], [-75.04409999964514, 62.26815000019595], [-75.34552000040955, 62.31864000015723], [-75.63099910001318, 62.22515359998821], [-75.91236249987068, 62.34628879988191], [-76.21814999995199, 62.39802999993976], [-76.52167999958832, 62.44633989996291], [-76.81410989994112, 62.523200000018626], [-77.11750010015967, 62.53326009999793], [-77.41738309964262, 62.55185430004985], [-77.71613999983147, 62.471459899964216], [-78.00496999959951, 62.37741990015733], [-78.15159000013753, 62.09300990007636], [-78.05156999986033, 61.809280099809214], [-77.78211010037423, 61.67424999997466], [-77.50497999961505, 61.551620000018254], [-77.80059999989975, 61.46189999999823], [-77.80760999962612, 61.15887000012124], [-78.03061990043587, 60.95007000012997], [-77.77396000021176, 60.78729999991926], [-77.56888990029192, 60.561219899851245], [-77.53912000037249, 60.26083989987932], [-77.33893000003027, 60.01848999994371], [-77.47590000044391, 59.750110000074706], [-77.22489989973478, 59.57653990010592], [-77.52863009971198, 59.58163990019738], [-77.80819999963, 59.707190000114736], [-77.54836000041804, 59.52225009987792], [-77.85947010030443, 59.51799000006134], [-77.99419999974182, 59.24683000005729], [-78.2211899996056, 59.04649000015837], [-78.47563989960202, 58.88730000019166], [-78.46128009981666, 58.57998999991375], [-78.18154879959155, 58.46853070007941], [-77.90906009986931, 58.337660099876075], [-77.62024010014702, 58.24517010014307], [-77.36018009992871, 58.08840000004185], [-77.0597500003866, 58.00155999992411], [-76.91205989973271, 57.73693000004718], [-76.75173009968768, 57.4701300001018], [-76.59504000008604, 57.2113000002002], [-76.55145000011909, 56.91403000002359], [-76.54798999956344, 56.6039699997847], [-76.54811000011235, 56.299989999828014], [-76.28310010032055, 56.44603990024161], [-76.06473140022342, 56.2313934998149], [-76.38473009987749, 56.11215989995635], [-76.68439000006467, 56.08896999991723], [-76.91675000023781, 55.87850999974746], [-77.16616000024905, 55.693400000066376], [-77.40321010002901, 55.49878009987632], [-77.673519900097, 55.358550000129554], [-77.93876010007989, 55.21128009974576], [-78.2200699998723, 55.1036798997428], [-78.50442990014156, 55.00057000014181], [-78.80010000036798, 54.90751999978065], [-79.09370000039578, 54.81937009976906], [-79.39005010013942, 54.76320999979147], [-79.67421010010516, 54.66163009984621], [-79.47466009999553, 54.43257000020762], [-79.17114010040494, 54.469610100085184], [-79.46490999970074, 54.39965999987606], [-79.25163010027963, 54.18539999987309], [-79.00234000020599, 54.01513009995361], [-79.0631900997863, 53.71612000007754], [-79.04856999967264, 53.415459900163434], [-78.95290010014196, 53.12995010014365], [-78.83125909995856, 52.851497500234224], [-78.75134589664971, 52.84062799013164]]]]}}]}