{"type": "FeatureCollection", "features": [{"type": "Feature", "properties": {"code": "FLK", "name": "Falkland Islands", "tier": "country"}, "geometry": {"type": "MultiPolygon", "coordinates": [[[[-59.17804210936748, -52.895423894711996], [-59.19218671397408, -52.909808517913746], [-59.17804210936748, -52.895423894711996]]], [[[-59.07925375411537, -52.44622444445287], [-59.07925375411537, -52.44622444445287]]], [[[-58.98202920422722, -52.44403243252435], [-58.98202920422722, -52.44403243252435]]], [[[-59.00166072515367, -52.44569098207097], [-59.00166072515367, -52.44569098207097]]], [[[-58.891702732618455, -52.44398839402487], [-58.912093084264086, -52.44854409784915], [-58.891702732618455, -52.44398839402487]]], [[[-59.03700609506848, -52.430917030460876], [-59.05943607841613, -52.42508605239772], [-59.08444784073083, -52.42396535153779], [-59.105020136296844, -52.42263717846396], [-59.12413302055097, -52.43013916317915], [-59.150212409438495, -52.43612822366492], [-59.12587385717461, -52.44810222151017], [-59.10727767961805, -52.43797538431522], [-59.08602357684407, -52.43444616352497], [-59.06035404427104, -52.429680969786546], [-59.03930013244525, -52.43312123631665], [-59.03700609506848, -52.430917030460876]], [[-59.12993855804689, -52.43302631668212], [-59.12993855804689, -52.43302631668212]]], [[[-59.791411208278646, -52.36498069405991], [-59.770304134439584, -52.383114028740636], [-59.74879545053852, -52.37592031352227], [-59.73564776527252, -52.35928577916957], [-59.753459145185616, -52.34831519239577], [-59.7324385692757, -52.335828610979206], [-59.713527279587026, -52.32680229764236], [-59.68983702316291, -52.315346234660296], [-59.7086195309447, -52.306001387873664], [-59.728375798377556, -52.31102756674386], [-59.748203825756036, -52.31777089619203], [-59.76585747415089, -52.332503265633136], [-59.78154412805037, -52.34534917313351], [-59.80196448202008, -52.35067204165625], [-59.791411208278646, -52.36498069405991]], [[-59.794999381004686, -52.363424871770235], [-59.794999381004686, -52.363424871770235]], [[-59.759251523767205, -52.360758612573704], [-59.759251523767205, -52.360758612573704]]], [[[-59.71805885873522, -52.366198419980435], [-59.71805885873522, -52.366198419980435]]], [[[-59.70616442845807, -52.361314181931505], [-59.70616442845807, -52.361314181931505]]], [[[-59.678403154882915, -52.37629946570365], [-59.65060275546955, -52.37148716305228], [-59.66438943760954, -52.35626703652463], [-59.6854615964632, -52.36815383463153], [-59.7065681439459, -52.37580767321674], [-59.73134778301426, -52.37355223532171], [-59.725773491504185, -52.39556736196732], [-59.70114684674519, -52.39486037737004], [-59.68538018664742, -52.37963086415027], [-59.678403154882915, -52.37629946570365]]], [[[-59.39521174131664, -52.35136867457419], [-59.39521174131664, -52.35136867457419]]], [[[-59.38958902500235, -52.34519293295892], [-59.38958902500235, -52.34519293295892]]], [[[-59.393896200800384, -52.340935497856606], [-59.393896200800384, -52.340935497856606]]], [[[-59.48495623801284, -52.28720835296065], [-59.48495623801284, -52.28720835296065]]], [[[-59.507679226516814, -52.28732046690959], [-59.507679226516814, -52.28732046690959]]], [[[-59.01226084462962, -52.26845339117267], [-59.01226084462962, -52.26845339117267]]], [[[-59.674973590936474, -52.26488048278736], [-59.674973590936474, -52.26488048278736]]], [[[-59.5368286778147, -52.27128641767513], [-59.55780995243407, -52.264154110723155], [-59.549166124870226, -52.28257931012109], [-59.53057731630571, -52.27360019342319], [-59.5368286778147, -52.27128641767513]]], [[[-60.61539416808148, -52.24922944568243], [-60.61539416808148, -52.24922944568243]]], [[[-59.30519775005723, -52.24832428783725], [-59.30519775005723, -52.24832428783725]]], [[[-59.31691409636204, -52.252899379128564], [-59.31691409636204, -52.252899379128564]]], [[[-59.29594212070867, -52.2489599511195], [-59.29594212070867, -52.2489599511195]]], [[[-59.31033042840642, -52.2372600973203], [-59.31033042840642, -52.2372600973203]]], [[[-59.62780905973324, -52.23932876635968], [-59.62780905973324, -52.23932876635968]]], [[[-59.587133101399445, -52.22791411009439], [-59.587133101399445, -52.22791411009439]]], [[[-60.470134142322365, -52.227941831540306], [-60.49636959593221, -52.23000909696202], [-60.47466501966181, -52.23154465452393], [-60.470134142322365, -52.227941831540306]]], [[[-60.38532011532658, -52.21608108808334], [-60.38532011532658, -52.21608108808334]]], [[[-58.86201674852549, -52.20938320075226], [-58.86201674852549, -52.20938320075226]]], [[[-60.504493821837116, -52.20912300515545], [-60.504493821837116, -52.20912300515545]]], [[[-59.68733016228066, -52.20986376429909], [-59.68733016228066, -52.20986376429909]]], [[[-60.466764583024315, -52.21091963557501], [-60.466764583024315, -52.21091963557501]]], [[[-60.64507839765258, -52.20480933762633], [-60.64507839765258, -52.20480933762633]]], [[[-58.87530935730035, -52.20382294541736], [-58.87530935730035, -52.20382294541736]]], [[[-59.635588434359875, -52.204183938297206], [-59.635588434359875, -52.204183938297206]]], [[[-60.651685313023336, -52.203955148642194], [-60.651685313023336, -52.203955148642194]]], [[[-59.26306466129029, -52.201709360617656], [-59.26306466129029, -52.201709360617656]]], [[[-60.4170877519212, -52.20220597803967], [-60.44273526524438, -52.21147616991993], [-60.4170877519212, -52.20220597803967]]], [[[-60.69053490179164, -52.19573810852904], [-60.69053490179164, -52.19573810852904]]], [[[-58.80332869297382, -52.19703206842604], [-58.80332869297382, -52.19703206842604]]], [[[-60.742727015482444, -52.196097434612966], [-60.742727015482444, -52.196097434612966]]], [[[-60.76967647177719, -52.192683836815604], [-60.76967647177719, -52.192683836815604]]], [[[-59.74281235542736, -52.18962956510222], [-59.735907960869326, -52.208568313058606], [-59.753904091938125, -52.228767772721994], [-59.73953104858094, -52.24303186026947], [-59.76010615138165, -52.24967333972165], [-59.76108254281576, -52.27114438912787], [-59.750171171155955, -52.28821264129277], [-59.730384901398565, -52.27452403692649], [-59.7120483930824, -52.258931249948546], [-59.6937843465206, -52.250420590596434], [-59.689409270725264, -52.22901893253112], [-59.67064237818829, -52.22190513578505], [-59.694395271044186, -52.21851408359407], [-59.686431320714235, -52.196595367926534], [-59.69238704528402, -52.176318533847564], [-59.71538338829873, -52.16973986627926], [-59.748782993433224, -52.174948076796056], [-59.7709296214947, -52.1731005652415], [-59.77809947521524, -52.15039766601336], [-59.796487566475264, -52.161381938058014], [-59.7882671050445, -52.181724391255784], [-59.766450678003366, -52.180886957955636], [-59.74308184999029, -52.189449902060176], [-59.74281235542736, -52.18962956510222]], [[-59.73903943154613, -52.22834695064569], [-59.73903943154613, -52.22834695064569]]], [[[-59.03327650787804, -52.189047414737786], [-59.03327650787804, -52.189047414737786]]], [[[-58.83080696216746, -52.19070736790184], [-58.83080696216746, -52.19070736790184]]], [[[-59.253458478467394, -52.18967114727104], [-59.253458478467394, -52.18967114727104]]], [[[-58.992955313871164, -52.18629746484686], [-58.992955313871164, -52.18629746484686]]], [[[-58.87755268899417, -52.19231468540903], [-58.87755268899417, -52.19231468540903]]], [[[-60.70261469730707, -52.18527019227787], [-60.70261469730707, -52.18527019227787]]], [[[-60.475121370806505, -52.18235768593354], [-60.475121370806505, -52.18235768593354]]], [[[-59.029634822234584, -52.167615754347935], [-59.029634822234584, -52.167615754347935]]], [[[-60.91825780748184, -52.16789033702452], [-60.91825780748184, -52.16789033702452]]], [[[-59.37580234286213, -52.16227253337149], [-59.37580234286213, -52.16227253337149]]], [[[-59.82435060232041, -52.16160379735152], [-59.82435060232041, -52.16160379735152]]], [[[-58.60101126431118, -52.15805124142014], [-58.60101126431118, -52.15805124142014]]], [[[-59.83650663181186, -52.15378678823026], [-59.83650663181186, -52.15378678823026]]], [[[-58.70466420696732, -52.15830424347729], [-58.70466420696732, -52.15830424347729]]], [[[-59.83237438184676, -52.15046302195384], [-59.83237438184676, -52.15046302195384]]], [[[-58.70854047218813, -52.152121571500516], [-58.70854047218813, -52.152121571500516]]], [[[-58.8687516562685, -52.210200983407105], [-58.88418355358891, -52.22311487863112], [-58.90505166154611, -52.21591098718562], [-58.92724759167305, -52.22861205890388], [-58.94881628022273, -52.22452998826486], [-58.969705266990445, -52.23717245895165], [-58.990686190705446, -52.223177251884465], [-59.00354139717206, -52.24105372455995], [-58.96316458482096, -52.24406746681757], [-58.94183205491845, -52.239729323708104], [-58.917894937263895, -52.23737001811702], [-58.888174038185184, -52.231337971844766], [-58.86556018094302, -52.22596895939637], [-58.848135848559764, -52.21447675326334], [-58.83004392059547, -52.20448404926714], [-58.84602428146002, -52.186575293388785], [-58.84057543826543, -52.16262545545055], [-58.82491562855097, -52.14990411900442], [-58.84166569817057, -52.161648800838066], [-58.85532026481201, -52.17709991017307], [-58.853968581144784, -52.19722611854752], [-58.8687516562685, -52.210200983407105]], [[-58.84549967941359, -52.19553572442845], [-58.84549967941359, -52.19553572442845]], [[-58.84643273415702, -52.19344328161753], [-58.84643273415702, -52.19344328161753]]], [[[-58.851070988236586, -52.14235669217226], [-58.851070988236586, -52.14235669217226]]], [[[-58.98763648074896, -52.13604506283622], [-59.00970503258611, -52.14083122311132], [-58.98763648074896, -52.13604506283622]]], [[[-60.76846286898274, -52.138200142078745], [-60.76846286898274, -52.138200142078745]]], [[[-58.82568112645362, -52.13360189109858], [-58.82568112645362, -52.13360189109858]]], [[[-59.01452031792485, -52.13158041869809], [-59.01452031792485, -52.13158041869809]]], [[[-60.78467833578105, -52.13177806558957], [-60.78467833578105, -52.13177806558957]]], [[[-59.87193481516033, -52.1308663282872], [-59.87193481516033, -52.1308663282872]]], [[[-58.71052027469352, -52.12687329963438], [-58.73190315937455, -52.127152882698226], [-58.71174229919262, -52.1368793379969], [-58.71052027469352, -52.12687329963438]]], [[[-59.856000071865196, -52.13644930468064], [-59.856000071865196, -52.13644930468064]]], [[[-59.79313607875298, -52.124507239134005], [-59.79313607875298, -52.124507239134005]]], [[[-58.91580617894863, -52.12287316516779], [-58.91580617894863, -52.12287316516779]]], [[[-58.620187837710375, -52.11408125595602], [-58.62595723205504, -52.133925074031424], [-58.61085746572911, -52.151385549565816], [-58.61722339751793, -52.13034076125382], [-58.620187837710375, -52.11408125595602]]], [[[-60.272825171858926, -52.10662085340971], [-60.272825171858926, -52.10662085340971]]], [[[-58.6853156904225, -52.10554726146273], [-58.6853156904225, -52.10554726146273]]], [[[-59.744558806520786, -52.10187618757743], [-59.744558806520786, -52.10187618757743]]], [[[-59.00076732260493, -52.08179831628121], [-59.00076732260493, -52.08179831628121]]], [[[-59.08268208989642, -52.07143470635657], [-59.08268208989642, -52.07143470635657]]], [[[-58.53265631947909, -52.06334864130292], [-58.53265631947909, -52.06334864130292]]], [[[-59.717276692874975, -52.04528943517215], [-59.73890994783011, -52.060408501238726], [-59.74887756216333, -52.07945146779559], [-59.73135901195417, -52.09347167679988], [-59.720260959164875, -52.07473504976571], [-59.718873132346516, -52.049987342996076], [-59.717276692874975, -52.04528943517215]]], [[[-58.608150413898784, -52.03637699030622], [-58.608150413898784, -52.03637699030622]]], [[[-59.091672260082476, -52.036184256076126], [-59.091672260082476, -52.036184256076126]]], [[[-58.454860994142905, -52.03220807083346], [-58.454860994142905, -52.03220807083346]]], [[[-59.687785636164335, -52.03139634127916], [-59.687785636164335, -52.03139634127916]]], [[[-59.65185899314582, -52.02950110672907], [-59.65185899314582, -52.02950110672907]]], [[[-59.089094691967716, -52.02619699109789], [-59.089094691967716, -52.02619699109789]]], [[[-59.85179886918945, -52.034011017531896], [-59.85179886918945, -52.034011017531896]]], [[[-60.951183603978734, -52.01694504624544], [-60.951183603978734, -52.01694504624544]]], [[[-59.67897670809015, -52.01647860659995], [-59.67897670809015, -52.01647860659995]]], [[[-59.82680482754586, -52.01742253937903], [-59.82680482754586, -52.01742253937903]]], [[[-60.963851822274535, -52.02250942470681], [-60.963851822274535, -52.02250942470681]]], [[[-59.673504003397795, -52.01423685397572], [-59.673504003397795, -52.01423685397572]]], [[[-59.82367107599072, -52.00915049500446], [-59.82367107599072, -52.00915049500446]]], [[[-59.139007330813456, -52.0069546231278], [-59.139007330813456, -52.0069546231278]]], [[[-59.25176834752659, -52.00600507587859], [-59.25176834752659, -52.00600507587859]]], [[[-60.99056876055499, -52.01517333003676], [-60.99056876055499, -52.01517333003676]]], [[[-58.390178088183006, -52.00987221758561], [-58.390178088183006, -52.00987221758561]]], [[[-61.09533735982063, -52.003100903513314], [-61.09533735982063, -52.003100903513314]]], [[[-58.603470577650114, -52.003416278823806], [-58.603470577650114, -52.003416278823806]]], [[[-59.79615789181116, -52.002600338416926], [-59.79615789181116, -52.002600338416926]]], [[[-59.584667296329314, -51.99807911094774], [-59.584667296329314, -51.99807911094774]]], [[[-58.528647061498475, -51.996835593555204], [-58.528647061498475, -51.996835593555204]]], [[[-58.35613580167893, -51.996394419024966], [-58.35613580167893, -51.996394419024966]]], [[[-58.38586722788892, -51.995373901365156], [-58.369288399606376, -52.00861905032269], [-58.35180950159213, -52.018995819161546], [-58.35817981968552, -51.99941386347871], [-58.38096649733404, -52.0000850558294], [-58.38586722788892, -51.995373901365156]]], [[[-58.52474535571031, -51.99393493023365], [-58.52474535571031, -51.99393493023365]]], [[[-58.60599445739496, -51.990370443553445], [-58.60599445739496, -51.990370443553445]]], [[[-58.4220195024231, -51.98858662114367], [-58.434236589276736, -52.00478857812334], [-58.45374546912245, -51.993930368476754], [-58.47389229312898, -51.990352810608385], [-58.493478722842724, -52.00058404185603], [-58.51399364554271, -52.006518185806556], [-58.53363972900081, -52.01073096832664], [-58.55287262255263, -52.022509249254654], [-58.53437118917839, -52.03591677921344], [-58.51729916479144, -52.04941738655873], [-58.50552035750695, -52.068224808551236], [-58.48034963550862, -52.07032286583228], [-58.45898762963799, -52.08180480801229], [-58.45026098864071, -52.1018910132874], [-58.429269537794255, -52.10255194168491], [-58.43596058249, -52.07877343280961], [-58.454671505778435, -52.062886500236004], [-58.430827904140756, -52.0601733953049], [-58.43436782751428, -52.04001850049764], [-58.46521021698783, -52.0404126538412], [-58.445794677706715, -52.03335938810034], [-58.459971565516184, -52.01810776790478], [-58.43465802543568, -52.01275559886648], [-58.412320856296446, -52.018059255374396], [-58.40684253713414, -51.99860459025507], [-58.4220195024231, -51.98858662114367]], [[-58.54775345402186, -52.02599030841867], [-58.54775345402186, -52.02599030841867]], [[-58.52155493309772, -52.03679702284768], [-58.52155493309772, -52.03679702284768]]], [[[-59.65925026752939, -51.987408810596094], [-59.65925026752939, -51.987408810596094]]], [[[-58.46734757555947, -51.98747197338423], [-58.46734757555947, -51.98747197338423]]], [[[-58.48458820950049, -51.98575780549368], [-58.48458820950049, -51.98575780549368]]], [[[-60.962053218017616, -51.98341876463036], [-60.962053218017616, -51.98341876463036]]], [[[-58.490930806147844, -51.98027808271371], [-58.490930806147844, -51.98027808271371]]], [[[-60.57353039842508, -51.97992410792153], [-60.57353039842508, -51.97992410792153]]], [[[-60.56400053730482, -51.97582387798093], [-60.56400053730482, -51.97582387798093]]], [[[-58.61480461363453, -51.973757752998324], [-58.61480461363453, -51.973757752998324]]], [[[-58.60505894632115, -51.97176680927885], [-58.60505894632115, -51.97176680927885]]], [[[-58.5001378352398, -51.97358230080886], [-58.5001378352398, -51.97358230080886]]], [[[-58.48759230188779, -51.97217008613626], [-58.47016358319945, -51.98482948795936], [-58.44346572534465, -51.9870112359348], [-58.46616011514129, -51.976259525767205], [-58.48759230188779, -51.97217008613626]], [[-58.46621661074647, -51.97807633318871], [-58.46621661074647, -51.97807633318871]]], [[[-59.60938447441822, -51.968876848540845], [-59.60938447441822, -51.968876848540845]]], [[[-58.61953884006152, -51.96717338323373], [-58.61953884006152, -51.96717338323373]]], [[[-60.85762153081896, -52.013380120934755], [-60.871356235247845, -51.99614606645082], [-60.85762578553431, -51.98048239678832], [-60.88021328108505, -51.96356766528913], [-60.88760863473186, -51.98236385834156], [-60.90771475383082, -51.981632661342076], [-60.92700598523567, -51.990696345995275], [-60.95036968127192, -51.99598965082396], [-60.92468927066324, -51.994062133071], [-60.90492523947114, -52.0071346370741], [-60.880205999819225, -52.007052086819044], [-60.85762153081896, -52.0132902894137], [-60.85762153081896, -52.013380120934755]]], [[[-58.5075538483822, -51.9617038366809], [-58.5075538483822, -51.9617038366809]]], [[[-59.6358696842197, -51.96060585687951], [-59.6358696842197, -51.96060585687951]]], [[[-58.68562501263261, -51.95606252243448], [-58.68562501263261, -51.95606252243448]]], [[[-58.45229798856002, -51.95221932995139], [-58.49320993008848, -51.95440213063995], [-58.47162299451105, -51.956787139976825], [-58.45229798856002, -51.95221932995139]]], [[[-58.43342705287466, -51.951000989948], [-58.43342705287466, -51.951000989948]]], [[[-58.66684706660783, -51.94981607358682], [-58.66684706660783, -51.94981607358682]]], [[[-58.77856080920225, -51.94726412149174], [-58.77856080920225, -51.94726412149174]]], [[[-58.76583824459101, -51.945603992875476], [-58.76583824459101, -51.945603992875476]]], [[[-58.566952485301215, -51.94603235939587], [-58.566952485301215, -51.94603235939587]]], [[[-58.690663122251465, -51.94317424323026], [-58.690663122251465, -51.94317424323026]]], [[[-58.67231047233406, -51.938611170413935], [-58.65014840447975, -51.94486551461017], [-58.67231047233406, -51.938611170413935]]], [[[-59.693195002616335, -51.933812026676776], [-59.714203472325096, -51.941197686590385], [-59.707723496613085, -51.96383882664776], [-59.69964216876866, -51.983326915409236], [-59.672827810659726, -51.98440454275669], [-59.68416132028733, -51.9620719353743], [-59.6881440849873, -51.94011672565131], [-59.693195002616335, -51.933812026676776]]], [[[-60.876803894140096, -51.9390412037302], [-60.876803894140096, -51.9390412037302]]], [[[-58.713572616432884, -51.92960722723126], [-58.713572616432884, -51.92960722723126]]], [[[-58.720154003510174, -51.93022262578569], [-58.720154003510174, -51.93022262578569]]], [[[-59.50408596567763, -51.92574859495551], [-59.50408596567763, -51.92574859495551]]], [[[-58.70204979389257, -51.92540005918124], [-58.70204979389257, -51.92540005918124]]], [[[-58.731638577472836, -51.92235061240302], [-58.731638577472836, -51.92235061240302]]], [[[-58.85818171456907, -51.92259063099817], [-58.85818171456907, -51.92259063099817]]], [[[-59.64497863553777, -51.91940661239056], [-59.64497863553777, -51.91940661239056]]], [[[-59.651890223635576, -51.913091474010855], [-59.651890223635576, -51.913091474010855]]], [[[-59.66856835785734, -51.91066926880973], [-59.66856835785734, -51.91066926880973]]], [[[-59.65545313124585, -51.90707846430115], [-59.65545313124585, -51.90707846430115]]], [[[-58.78807944138259, -51.906656852689935], [-58.78807944138259, -51.906656852689935]]], [[[-58.61179104682901, -51.903294136027625], [-58.61179104682901, -51.903294136027625]]], [[[-58.56375557095765, -51.90623576743542], [-58.56375557095765, -51.90623576743542]]], [[[-58.533728332356304, -51.903564420125406], [-58.510446002272715, -51.91299532621099], [-58.529634506420734, -51.904525985849546], [-58.533728332356304, -51.903564420125406]]], [[[-58.589093323440466, -51.90238924136065], [-58.589093323440466, -51.90238924136065]]], [[[-58.52294275991625, -51.898078819697105], [-58.52294275991625, -51.898078819697105]]], [[[-58.54242426922059, -51.897309812750905], [-58.54242426922059, -51.897309812750905]]], [[[-58.84635623700245, -51.89386033498073], [-58.84635623700245, -51.89386033498073]]], [[[-59.980326896904785, -51.89237706217142], [-59.980326896904785, -51.89237706217142]]], [[[-61.16509859781394, -51.90587644135144], [-61.19256006746048, -51.90913239535661], [-61.16631935028505, -51.90633893332273], [-61.147369768155954, -51.89835419190837], [-61.16509859781394, -51.90587644135144]]], [[[-58.88247096476812, -51.890136625438686], [-58.88247096476812, -51.890136625438686]]], [[[-58.852953590228935, -51.88885170132943], [-58.852953590228935, -51.88885170132943]]], [[[-58.89579497948472, -51.89097423419099], [-58.89579497948472, -51.89097423419099]]], [[[-60.151455944376266, -51.88689733939157], [-60.151455944376266, -51.88689733939157]]], [[[-59.667136667991656, -51.88607297727947], [-59.68601304269464, -51.89727112554317], [-59.6656767303233, -51.89618455013402], [-59.667136667991656, -51.88607297727947]]], [[[-61.13938142997182, -51.88981353023189], [-61.13938142997182, -51.88981353023189]]], [[[-58.30380122081016, -51.88258542638437], [-58.30380122081016, -51.88258542638437]]], [[[-58.30824296843764, -51.881906689589584], [-58.30824296843764, -51.881906689589584]]], [[[-59.63191200918294, -51.87867442163008], [-59.63191200918294, -51.87867442163008]]], [[[-59.647822890980365, -51.87416415992277], [-59.647822890980365, -51.87416415992277]]], [[[-58.29984863388688, -51.879890480754966], [-58.29984863388688, -51.879890480754966]]], [[[-61.208233957213, -51.901809371874606], [-61.17254524929507, -51.88744352205714], [-61.20091453050105, -51.88936603942278], [-61.208233957213, -51.901809371874606]]], [[[-61.22377518317887, -51.870803636412745], [-61.22377518317887, -51.870803636412745]]], [[[-61.2070268680813, -51.87130683329201], [-61.2070268680813, -51.87130683329201]]], [[[-58.200379875044405, -51.86998699419712], [-58.200379875044405, -51.86998699419712]]], [[[-60.87536470369355, -51.86945686540673], [-60.87536470369355, -51.86945686540673]]], [[[-60.509113390258506, -51.869764871725295], [-60.509113390258506, -51.869764871725295]]], [[[-60.17431473287468, -51.87014042713679], [-60.17431473287468, -51.87014042713679]]], [[[-58.9075983500756, -51.869845492006334], [-58.9075983500756, -51.869845492006334]]], [[[-58.275559383688176, -51.86734898280298], [-58.275559383688176, -51.86734898280298]]], [[[-58.92647174209122, -51.867362317169466], [-58.92647174209122, -51.867362317169466]]], [[[-58.26106843645988, -51.86641426126397], [-58.26106843645988, -51.86641426126397]]], [[[-60.87634311282761, -51.86573183997319], [-60.87634311282761, -51.86573183997319]]], [[[-61.15895007321967, -51.86593738221313], [-61.15895007321967, -51.86593738221313]]], [[[-60.522641104966965, -51.86175846196551], [-60.522641104966965, -51.86175846196551]]], [[[-58.93886849198691, -51.86248658855163], [-58.93886849198691, -51.86248658855163]]], [[[-58.25955428406513, -51.858191168050325], [-58.25955428406513, -51.858191168050325]]], [[[-60.18204445453182, -51.85899851129989], [-60.18204445453182, -51.85899851129989]]], [[[-58.97546395875139, -51.85848531364576], [-58.97546395875139, -51.85848531364576]]], [[[-59.59102743819591, -51.86302777082983], [-59.618262706107146, -51.8629554845279], [-59.596307320932, -51.87326514290419], [-59.59102743819591, -51.86302777082983]]], [[[-60.98623592487445, -51.86312883129091], [-60.98623592487445, -51.86312883129091]]], [[[-58.249764051895454, -51.854509742485845], [-58.249764051895454, -51.854509742485845]]], [[[-58.1900717080116, -51.854907141694866], [-58.1900717080116, -51.854907141694866]]], [[[-60.97912199653905, -51.85558772073756], [-60.97912199653905, -51.85558772073756]]], [[[-60.501218304912754, -51.85567755225861], [-60.501218304912754, -51.85567755225861]]], [[[-60.45980176288748, -51.85262573687584], [-60.45980176288748, -51.85262573687584]]], [[[-58.94124569370132, -51.8511443940406], [-58.94124569370132, -51.8511443940406]]], [[[-58.971656997145374, -51.847592715370126], [-58.971656997145374, -51.847592715370126]]], [[[-58.95710007989368, -51.84525955215531], [-58.95710007989368, -51.84525955215531]]], [[[-61.18713754209426, -51.84929100483765], [-61.20348714209132, -51.86311304059399], [-61.179803728302886, -51.85974918349223], [-61.18713754209426, -51.84929100483765]]], [[[-58.9474938970709, -51.844097620030766], [-58.9474938970709, -51.844097620030766]]], [[[-60.52870841712905, -51.84408761925607], [-60.52870841712905, -51.84408761925607]]], [[[-59.762172802720954, -51.84346204447468], [-59.762172802720954, -51.84346204447468]]], [[[-58.939545737438095, -51.83682872354933], [-58.939545737438095, -51.83682872354933]]], [[[-61.21214445754248, -51.838239359152226], [-61.21214445754248, -51.838239359152226]]], [[[-58.950455179123935, -51.83546703910724], [-58.950455179123935, -51.83546703910724]]], [[[-59.752799269501224, -51.83482751587684], [-59.752799269501224, -51.83482751587684]]], [[[-58.30694602585356, -51.82659959772792], [-58.30694602585356, -51.82659959772792]]], [[[-59.50639737282091, -51.8245522461296], [-59.50639737282091, -51.8245522461296]]], [[[-61.149832744059495, -51.82605016919672], [-61.149832744059495, -51.82605016919672]]], [[[-61.19292020501092, -51.82747124420496], [-61.19292020501092, -51.82747124420496]]], [[[-60.49416319692409, -51.83353741592805], [-60.496858142553435, -51.85473765487984], [-60.47480704820913, -51.85032433050725], [-60.47731154048705, -51.82755537352972], [-60.49416319692409, -51.83353741592805]]], [[[-59.480594145679675, -51.820422013864516], [-59.480594145679675, -51.820422013864516]]], [[[-60.55215277730963, -51.819026291697696], [-60.55215277730963, -51.819026291697696]]], [[[-61.14149054074079, -51.81253491159367], [-61.14149054074079, -51.81253491159367]]], [[[-59.4825134171798, -51.80966082927881], [-59.4825134171798, -51.80966082927881]]], [[[-61.319487773824676, -51.808157467193666], [-61.319487773824676, -51.808157467193666]]], [[[-59.02119574737566, -51.8088337476579], [-59.02119574737566, -51.8088337476579]]], [[[-61.19129358776274, -51.804881160734624], [-61.19129358776274, -51.804881160734624]]], [[[-59.03096527618692, -51.80313348147581], [-59.03096527618692, -51.80313348147581]]], [[[-58.185093427589095, -51.802336840809744], [-58.215432269278836, -51.803218575787696], [-58.174944220239695, -51.80784612728354], [-58.185093427589095, -51.802336840809744]]], [[[-61.05759390938073, -51.80662085691881], [-61.05759390938073, -51.80662085691881]]], [[[-61.20136436798316, -51.804564206354485], [-61.20136436798316, -51.804564206354485]]], [[[-61.07397741551347, -51.799629350348766], [-61.07397741551347, -51.799629350348766]]], [[[-61.330494657270265, -51.8360526985154], [-61.31032210758633, -51.85014782560455], [-61.29021272069076, -51.86350763256792], [-61.26410916326421, -51.86767339390133], [-61.241027111854805, -51.878226843094865], [-61.219504391778855, -51.86704799457209], [-61.20432799670914, -51.85015975635355], [-61.228640691706744, -51.84873034736637], [-61.2628470479396, -51.86187303224517], [-61.23934452535826, -51.849909912435805], [-61.25409123801575, -51.83181131728844], [-61.23051921443579, -51.82405843594239], [-61.21035574440293, -51.829927750309025], [-61.22031800744401, -51.80941940706617], [-61.23962029233678, -51.79639480151076], [-61.25017036407587, -51.81408231217824], [-61.26840743486366, -51.83232293587287], [-61.29176985887182, -51.81756644175573], [-61.30467673600822, -51.800868656888724], [-61.297176341328395, -51.825380555915785], [-61.31888404284081, -51.82050991541138], [-61.34616773555649, -51.82548030048548], [-61.330494657270265, -51.8360526985154]]], [[[-61.07793079197148, -51.79637550176983], [-61.07793079197148, -51.79637550176983]]], [[[-61.11450195860783, -51.800069559891995], [-61.11450195860783, -51.800069559891995]]], [[[-58.0828156791934, -51.791945421713194], [-58.0828156791934, -51.791945421713194]]], [[[-60.53146003381573, -51.789191962778546], [-60.53146003381573, -51.789191962778546]]], [[[-58.07167657059182, -51.78673519349621], [-58.04769155448952, -51.78871148695782], [-58.07122741298684, -51.78673519349621], [-58.07167657059182, -51.78673519349621]]], [[[-58.07751561945571, -51.78664536197516], [-58.07751561945571, -51.78664536197516]]], [[[-59.35550462997264, -51.78767754720559], [-59.35550462997264, -51.78767754720559]]], [[[-61.14850437360195, -51.78450545934692], [-61.14850437360195, -51.78450545934692]]], [[[-61.10253225934133, -51.78143258970141], [-61.10253225934133, -51.78143258970141]]], [[[-60.317871381052896, -51.7789622228745], [-60.317871381052896, -51.7789622228745]]], [[[-59.357979207652136, -51.78178937172862], [-59.357979207652136, -51.78178937172862]]], [[[-61.03805985214552, -51.77688214944277], [-61.05878610700768, -51.781743315528956], [-61.03601697457822, -51.77872439743169], [-61.03805985214552, -51.77688214944277]]], [[[-60.96663379218967, -51.7782443602415], [-60.96663379218967, -51.7782443602415]]], [[[-59.01610710752607, -51.775828822223616], [-59.01610710752607, -51.775828822223616]]], [[[-58.19347863862572, -51.77537273425713], [-58.19347863862572, -51.77537273425713]]], [[[-61.08188421229255, -51.77492059396508], [-61.08188421229255, -51.77492059396508]]], [[[-60.422703976504465, -51.77348328962927], [-60.422703976504465, -51.77348328962927]]], [[[-59.624910940468396, -51.77222485880077], [-59.64439718698202, -51.77894116861171], [-59.665837444529075, -51.792304747797004], [-59.63876464534519, -51.78699644180625], [-59.624910940468396, -51.77222485880077]]], [[[-60.32752572550157, -51.78053681854834], [-60.32752572550157, -51.78053681854834]]], [[[-61.050220311805106, -51.83955612783387], [-61.0738566166811, -51.83035015145498], [-61.09468691469135, -51.8271593779383], [-61.117219515638, -51.837155152347634], [-61.102994137229985, -51.823082570864926], [-61.12343300140577, -51.81952369865468], [-61.143586536458656, -51.83197115423303], [-61.166065953460304, -51.831608319105385], [-61.160242037347984, -51.852262199939275], [-61.12744458412777, -51.84103957609534], [-61.10284395015583, -51.84624945340801], [-61.12494800912975, -51.85498934104555], [-61.137992835549994, -51.872524296034385], [-61.11755155890671, -51.880008647804516], [-61.13265239987709, -51.89485304346857], [-61.11624647972707, -51.909445051158116], [-61.10255212930167, -51.92835958671236], [-61.08234872196408, -51.91739943934374], [-61.06694165112867, -51.93542829224572], [-61.03868687440752, -51.92563332286704], [-61.069979912829695, -51.9380671809007], [-61.04816598598239, -51.94945832657248], [-61.03051251303964, -51.964999179702545], [-61.01235461505212, -51.974256739025066], [-60.99465113823561, -51.98862978238225], [-60.97515217143814, -51.982216566228544], [-60.960787242744914, -51.96752691939548], [-60.93585333733904, -51.95560283769828], [-60.91490943403619, -51.958073116799085], [-60.89459299162547, -51.94983633831464], [-60.92283539896698, -51.943173365969244], [-60.89787780751561, -51.93657487230354], [-60.8809589528899, -51.91806177135879], [-60.89864769172266, -51.90482048234941], [-60.872055280633504, -51.89017373357666], [-60.897851972180774, -51.883777799463644], [-60.88784650403778, -51.866033003656355], [-60.8849658422659, -51.84460888771076], [-60.881807615130356, -51.82150955426067], [-60.86072405188435, -51.80506143785925], [-60.865286291302766, -51.78132889745757], [-60.88412582104604, -51.76528923375304], [-60.90915175112514, -51.771833775870505], [-60.90327133940747, -51.79814897250054], [-60.88070823171148, -51.80146756293732], [-60.8880326588108, -51.821109874173146], [-60.90660607144571, -51.836381583644595], [-60.90309965944016, -51.85684536203132], [-60.91482719082211, -51.83827137917683], [-60.93463122511366, -51.85152161624785], [-60.95496126506907, -51.86659138024913], [-60.97580963465521, -51.86330182714977], [-61.00536420505824, -51.87195512913195], [-61.04200730709215, -51.88421634221112], [-61.028800450575034, -51.86535189825696], [-61.01105376865672, -51.84844944841109], [-60.990220926589586, -51.83727191577981], [-60.96480382585423, -51.828708006688146], [-60.94287164423122, -51.818176225840034], [-60.95050732351467, -51.799311606433605], [-60.975768271801485, -51.79963952657573], [-60.977077671491145, -51.77871966022258], [-60.999071700010916, -51.78611707543274], [-61.0228833254871, -51.778785981150236], [-61.03261333369272, -51.79688615536719], [-61.0416863173117, -51.81530161716847], [-61.06283370129148, -51.824012028838354], [-61.050220311805106, -51.83955612783387]]], [[[-60.38923129553331, -51.762317512294715], [-60.38923129553331, -51.762317512294715]]], [[[-59.58812247629572, -51.77981816638044], [-59.62536097533433, -51.79028020498333], [-59.619692115094324, -51.812920204601596], [-59.60061502308662, -51.80626907527892], [-59.578108893488775, -51.803815113231735], [-59.5543924946885, -51.7952127801106], [-59.551985466101996, -51.76926471718696], [-59.57388839107227, -51.777431490247864], [-59.58812247629572, -51.77981816638044]]], [[[-60.37823737361816, -51.75700859222127], [-60.37823737361816, -51.75700859222127]]], [[[-60.222692340515096, -51.75691112853002], [-60.21441933115352, -51.77968087504223], [-60.222692340515096, -51.75691112853002]]], [[[-60.2576467152262, -51.75663172091839], [-60.2576467152262, -51.75663172091839]]], [[[-60.22143469922156, -51.75170090031298], [-60.22143469922156, -51.75170090031298]]], [[[-59.01961351953162, -51.75082846430121], [-59.01961351953162, -51.75082846430121]]], [[[-57.84382453208991, -51.737765171537944], [-57.84382453208991, -51.737765171537944]]], [[[-61.25436073257862, -51.73701169211057], [-61.25436073257862, -51.73701169211057]]], [[[-59.01782057360799, -51.73147959685207], [-59.01782057360799, -51.73147959685207]]], [[[-59.510019583271514, -51.73028476744207], [-59.52654121414025, -51.743386221056426], [-59.504794967974874, -51.73396391212816], [-59.510019583271514, -51.73028476744207]]], [[[-61.29412194899146, -51.72677002145758], [-61.29412194899146, -51.72677002145758]]], [[[-61.27385921688233, -51.729823591362276], [-61.27385921688233, -51.729823591362276]]], [[[-59.198570541886, -51.71964977684348], [-59.198570541886, -51.71964977684348]]], [[[-61.27787847563752, -51.71076018462526], [-61.27787847563752, -51.71076018462526]]], [[[-60.09471260089197, -51.691723622073425], [-60.09471260089197, -51.691723622073425]]], [[[-59.0751844914862, -51.68989681387717], [-59.0751844914862, -51.68989681387717]]], [[[-60.115253841420326, -51.687471362810584], [-60.115253841420326, -51.687471362810584]]], [[[-59.063769572042645, -51.68205993479546], [-59.063769572042645, -51.68205993479546]]], [[[-61.31028256504919, -51.751431405750054], [-61.29420773414654, -51.76399001029034], [-61.27861524324385, -51.7509390869065], [-61.29913277579544, -51.7435608837111], [-61.30064395646866, -51.7214096061665], [-61.27996054483805, -51.721922058148664], [-61.292994361633134, -51.7057315494244], [-61.26998176735941, -51.6982262749807], [-61.25041156697313, -51.7148267716085], [-61.23296438194228, -51.701244052638685], [-61.211504912380406, -51.70287518778065], [-61.23696622706751, -51.689831107032205], [-61.25472698902422, -51.68004434004342], [-61.273700432651026, -51.69293481240004], [-61.29420272279333, -51.69384940080033], [-61.31591667479006, -51.6976265355342], [-61.31338085333067, -51.719849485298084], [-61.310325770150655, -51.73979997830469], [-61.31028256504919, -51.751431405750054]]], [[[-57.72340888725671, -51.673441679388134], [-57.72340888725671, -51.673441679388134]]], [[[-57.74509161972958, -51.67116439769558], [-57.74509161972958, -51.67116439769558]]], [[[-59.551247514193335, -51.66936943407177], [-59.551247514193335, -51.66936943407177]]], [[[-61.239329568059134, -51.66765938930757], [-61.239329568059134, -51.66765938930757]]], [[[-60.261358932649784, -51.66072797511242], [-60.261358932649784, -51.66072797511242]]], [[[-59.538225979051276, -51.65910219126215], [-59.538225979051276, -51.65910219126215]]], [[[-61.23329695156718, -51.64866414574624], [-61.23329695156718, -51.64866414574624]]], [[[-60.29927862481401, -51.64998543232173], [-60.29927862481401, -51.64998543232173]]], [[[-60.3415852357964, -51.63200127586498], [-60.36089901280752, -51.63748099864489], [-60.34075499603608, -51.64214469329181], [-60.3415852357964, -51.63200127586498]]], [[[-57.757086584111335, -51.62216384705647], [-57.757086584111335, -51.62216384705647]]], [[[-59.132274177592194, -51.62041042173837], [-59.132274177592194, -51.62041042173837]]], [[[-60.4348743930758, -51.6166841242765], [-60.458602547172745, -51.60524205360662], [-60.43762671157123, -51.62134430987959], [-60.418161870224935, -51.62737622456268], [-60.4348743930758, -51.6166841242765]]], [[[-60.69695697828081, -51.604151749838536], [-60.686452743426344, -51.622842057494665], [-60.68917049784051, -51.64657569447252], [-60.69314712171388, -51.66779825971548], [-60.666683580257654, -51.66740086050646], [-60.67557883080883, -51.64610482465923], [-60.68267560869265, -51.62490458570733], [-60.69695697828081, -51.604151749838536]]], [[[-57.78753946972455, -51.605994173279555], [-57.78753946972455, -51.605994173279555]]], [[[-59.14816400512717, -51.60521556032597], [-59.14816400512717, -51.60521556032597]]], [[[-59.21604031638668, -51.5926991081742], [-59.21604031638668, -51.5926991081742]]], [[[-59.192604816541404, -51.58284729228603], [-59.192604816541404, -51.58284729228603]]], [[[-60.31681173755487, -51.577427442565806], [-60.31681173755487, -51.577427442565806]]], [[[-60.75566275450382, -51.57563111918756], [-60.77528708189021, -51.57001752638712], [-60.798208945450824, -51.570066609137086], [-60.78025189635741, -51.58232444476164], [-60.75754921644443, -51.584344776722844], [-60.733596044914464, -51.58781412445336], [-60.75149265072872, -51.57508576991978], [-60.75566275450382, -51.57563111918756]], [[-60.79975906554449, -51.576577683749406], [-60.79975906554449, -51.576577683749406]]], [[[-60.83920606901734, -51.57203785834821], [-60.83920606901734, -51.57203785834821]]], [[[-60.88581340792996, -51.55743580602086], [-60.859629756578954, -51.566544099393184], [-60.88581340792996, -51.55743580602086]]], [[[-58.07152708532641, -51.551245458010726], [-58.095076629094365, -51.55330184539679], [-58.07557546914484, -51.56142510631469], [-58.049222199390044, -51.562878464525625], [-58.07152708532641, -51.551245458010726]]], [[[-60.49901409905715, -51.562515717124086], [-60.48254887606731, -51.551063908857714], [-60.505974287411334, -51.55557039834292], [-60.49901409905715, -51.562515717124086]]], [[[-58.27411014860371, -51.539112895249275], [-58.27411014860371, -51.539112895249275]]], [[[-58.08618681756121, -51.537590014108275], [-58.08618681756121, -51.537590014108275]]], [[[-59.15374706924655, -51.53686386135922], [-59.15374706924655, -51.53686386135922]]], [[[-58.347920428361476, -51.529968721904254], [-58.347920428361476, -51.529968721904254]]], [[[-58.34514302020284, -51.52524638236298], [-58.34514302020284, -51.52524638236298]]], [[[-60.518784139486854, -51.48825417433511], [-60.518784139486854, -51.48825417433511]]], [[[-60.514708297400716, -51.48267896170114], [-60.514708297400716, -51.48267896170114]]], [[[-59.06857766384121, -51.482613035540965], [-59.08864816614562, -51.486743706436414], [-59.05924027377279, -51.48522183414542], [-59.06857766384121, -51.482613035540965]]], [[[-60.56173913403529, -51.47830954423881], [-60.56173913403529, -51.47830954423881]]], [[[-58.53632186662037, -51.47441437404461], [-58.53632186662037, -51.47441437404461]]], [[[-58.51053934283732, -51.46769780105535], [-58.51053934283732, -51.46769780105535]]], [[[-58.39129291139449, -51.465874150998616], [-58.39129291139449, -51.465874150998616]]], [[[-60.720269135236606, -51.4726841961417], [-60.699568935024786, -51.48301161905215], [-60.71609495219843, -51.46749067974582], [-60.720269135236606, -51.4726841961417]]], [[[-58.48364532943464, -51.45540548907559], [-58.48364532943464, -51.45540548907559]]], [[[-59.806639405607086, -51.439310075437845], [-59.806639405607086, -51.439310075437845]]], [[[-59.734949641010644, -51.436883790973525], [-59.734949641010644, -51.436883790973525]]], [[[-59.774253387770955, -51.438009229042564], [-59.774253387770955, -51.438009229042564]]], [[[-59.7103738773867, -51.43736988126426], [-59.7103738773867, -51.43736988126426]]], [[[-59.754041295549996, -51.43531428341305], [-59.754041295549996, -51.43531428341305]]], [[[-60.11405322208827, -51.43033034465731], [-60.11405322208827, -51.43033034465731]]], [[[-59.70945134977461, -51.42900019774629], [-59.70945134977461, -51.42900019774629]]], [[[-59.67287763908138, -51.428980283922726], [-59.67287763908138, -51.428980283922726]]], [[[-58.52618160733283, -51.42960743777388], [-58.52618160733283, -51.42960743777388]]], [[[-59.677899080742804, -51.42232362785626], [-59.677899080742804, -51.42232362785626]]], [[[-58.306679338525555, -51.423010786356144], [-58.306679338525555, -51.423010786356144]]], [[[-60.15590435918682, -51.41353185023365], [-60.11948785365536, -51.42317093034205], [-60.142319973420854, -51.41622337454544], [-60.15590435918682, -51.41353185023365]]], [[[-59.64600678536772, -51.41039353692156], [-59.64600678536772, -51.41039353692156]]], [[[-59.60306170386798, -51.40527406134947], [-59.63815231720412, -51.409638741602635], [-59.619365598569686, -51.42095150400894], [-59.59847538363647, -51.426544305724974], [-59.60306170386798, -51.40527406134947]]], [[[-60.2066884690575, -51.40285483883571], [-60.2066884690575, -51.40285483883571]]], [[[-60.09029041618368, -51.40241476088164], [-60.09029041618368, -51.40241476088164]]], [[[-59.78592604648105, -51.39420013323604], [-59.78592604648105, -51.39420013323604]]], [[[-59.815801343486385, -51.39376632769762], [-59.815801343486385, -51.39376632769762]]], [[[-58.31237907835106, -51.395383295075305], [-58.31237907835106, -51.395383295075305]]], [[[-59.74841612290504, -51.39339722015427], [-59.74841612290504, -51.39339722015427]]], [[[-59.71613046372141, -51.38967478264044], [-59.73947700930637, -51.40656911782264], [-59.72284256267983, -51.42259939483495], [-59.691130807607635, -51.41127101718388], [-59.68783546458616, -51.39048835444282], [-59.70867883378469, -51.38982286428836], [-59.71613046372141, -51.38967478264044]]], [[[-59.7576978946297, -51.38882905922446], [-59.7576978946297, -51.38882905922446]]], [[[-59.986165945768676, -51.38782389363121], [-59.986165945768676, -51.38782389363121]]], [[[-59.646131356422245, -51.38555906904412], [-59.67106486706035, -51.38954766752914], [-59.64165539561776, -51.387943727476625], [-59.646131356422245, -51.38555906904412]]], [[[-59.91501938115056, -51.383895168205754], [-59.91501938115056, -51.383895168205754]]], [[[-59.97860500911776, -51.38306001578417], [-59.97860500911776, -51.38306001578417]]], [[[-59.76230579548053, -51.38195435994953], [-59.76230579548053, -51.38195435994953]]], [[[-59.99507663611274, -51.3794443847907], [-59.99507663611274, -51.3794443847907]]], [[[-59.749370056459156, -51.38905105010713], [-59.71595273065361, -51.38473913709993], [-59.68669870985093, -51.384646629933115], [-59.71916192665037, -51.38132650428963], [-59.75174304732093, -51.388146725659794], [-59.749370056459156, -51.38905105010713]]], [[[-59.87337018952206, -51.37607622911048], [-59.87337018952206, -51.37607622911048]]], [[[-60.00911965390145, -51.37804497812789], [-60.00911965390145, -51.37804497812789]]], [[[-59.71792902411528, -51.37404918610309], [-59.71792902411528, -51.37404918610309]]], [[[-59.75679817580226, -51.373669946195605], [-59.75679817580226, -51.373669946195605]]], [[[-59.706715348332864, -51.37149337405981], [-59.706715348332864, -51.37149337405981]]], [[[-59.96194915732417, -51.37651788613425], [-59.96194915732417, -51.37651788613425]]], [[[-59.911288916699164, -51.37570852518451], [-59.911288916699164, -51.37570852518451]]], [[[-59.66834202453299, -51.38195435994953], [-59.62890212687341, -51.38352145504234], [-59.595801316817756, -51.378856883134404], [-59.620413574497206, -51.37712683682065], [-59.59641048681948, -51.373426111515414], [-59.622539353224056, -51.36905094799397], [-59.65338928714198, -51.36861902856657], [-59.66834202453299, -51.38195435994953]]], [[[-59.935680630976606, -51.3674016535503], [-59.935680630976606, -51.3674016535503]]], [[[-59.83569814812324, -51.36668300138251], [-59.858245859889735, -51.371264408952584], [-59.83422996420205, -51.37920480482603], [-59.83569814812324, -51.36668300138251]]], [[[-59.91273201095697, -51.36771273028222], [-59.91273201095697, -51.36771273028222]]], [[[-59.891260698372605, -51.365923688169744], [-59.891260698372605, -51.365923688169744]]], [[[-59.79118417314555, -51.364484673175184], [-59.79118417314555, -51.364484673175184]]], [[[-59.76957004247885, -51.36356311055022], [-59.76957004247885, -51.36356311055022]]], [[[-59.77232622092248, -51.366633918632544], [-59.77232622092248, -51.366633918632544]]], [[[-59.8962607348667, -51.3631512365356], [-59.8962607348667, -51.3631512365356]]], [[[-59.720713801265674, -51.36344906662714], [-59.720713801265674, -51.36344906662714]]], [[[-59.65814702416242, -51.3582828769097], [-59.65814702416242, -51.3582828769097]]], [[[-60.40280278556298, -51.35571140575854], [-60.37994417251673, -51.37211951906073], [-60.40280278556298, -51.35571140575854]]], [[[-59.65536470334263, -51.34952136478978], [-59.65536470334263, -51.34952136478978]]], [[[-59.83471000139241, -51.3499743384798], [-59.83471000139241, -51.3499743384798]]], [[[-59.86854192072133, -51.342621422331035], [-59.86854192072133, -51.342621422331035]]], [[[-59.62519113761505, -51.339334544877545], [-59.62519113761505, -51.339334544877545]]], [[[-59.64988340149273, -51.33914792954255], [-59.64988340149273, -51.33914792954255]]], [[[-59.85191449218246, -51.33627674218883], [-59.85191449218246, -51.33627674218883]]], [[[-60.628012163187805, -52.25619472215021], [-60.62651538055974, -52.23562698834121], [-60.60766795546829, -52.248811255389], [-60.59003413317072, -52.23386500972896], [-60.56904031371977, -52.23180292014666], [-60.5452306620806, -52.22435120248383], [-60.51747272209707, -52.20961883304267], [-60.53247730560997, -52.19261786679232], [-60.5514140358664, -52.18392614078084], [-60.527611665493055, -52.190659557180254], [-60.50498157892366, -52.18688540513364], [-60.49060669331851, -52.172610702728605], [-60.50828508047215, -52.162930303629594], [-60.5352712062745, -52.16721572335621], [-60.540049646653245, -52.14225115768039], [-60.56499622847957, -52.15338166912488], [-60.56775538961034, -52.13279323195758], [-60.58781703157916, -52.134786544281496], [-60.56983686665956, -52.12593936763005], [-60.547429867549, -52.11911524244874], [-60.528923346061276, -52.13200439891392], [-60.51718585776729, -52.15173601531427], [-60.49287265834471, -52.16190864553067], [-60.47498241267226, -52.14899229397611], [-60.47853751266052, -52.171126201753964], [-60.45921873526174, -52.17813113041649], [-60.449628167683954, -52.15231316529122], [-60.42402092063821, -52.14829706467549], [-60.41218938997093, -52.16549322148654], [-60.38998187999971, -52.1715116702141], [-60.369613986234356, -52.17629607596729], [-60.380349817978754, -52.15832687680967], [-60.39136286418238, -52.13999431616787], [-60.41755515655382, -52.12454443499814], [-60.455579505949004, -52.11563400783234], [-60.48609327347185, -52.116351519560965], [-60.465265694970356, -52.10648601840222], [-60.44452715845472, -52.11448734004841], [-60.424032149578295, -52.119780644877096], [-60.40104519325553, -52.12436942143921], [-60.38128401316129, -52.116188436750974], [-60.39776660591809, -52.10250799091142], [-60.35549104997318, -52.10341595599169], [-60.32879108669181, -52.101474314337565], [-60.34810047739836, -52.11465787957661], [-60.36804175916501, -52.10935641622109], [-60.37880531235527, -52.12792539868826], [-60.37984977923901, -52.15441973200359], [-60.35909650473974, -52.15328771447747], [-60.3385750025825, -52.15450544039811], [-60.32083415444964, -52.136762837743106], [-60.30168109164384, -52.117060785036756], [-60.28714733408117, -52.0987641043676], [-60.266225976384135, -52.0897651615723], [-60.25695929354799, -52.04781278856035], [-60.256151687119996, -52.027700177730765], [-60.26967422598892, -52.07922662581484], [-60.27385314623672, -52.0411649051033], [-60.284742586373, -52.017595973868254], [-60.311386492679844, -52.008396226042066], [-60.33044367086393, -51.996355205460645], [-60.34998957112185, -52.00656643515873], [-60.33420641851808, -51.99238796827956], [-60.32821297172757, -51.968645602555284], [-60.34859235761121, -51.958820016769494], [-60.36620073934131, -51.941633071198396], [-60.339160661990945, -51.94093275378441], [-60.32827122185449, -51.959883695667884], [-60.322725090421045, -51.93715868946384], [-60.3196206393813, -51.959883695667884], [-60.3293289353785, -51.985891149157624], [-60.312416046127225, -52.00209986104653], [-60.291009475400756, -52.008200245946455], [-60.26644844976039, -51.997791106178795], [-60.24780463693446, -51.989724954948485], [-60.22830777556385, -51.978920609124145], [-60.208360879327074, -51.96770412610675], [-60.233662576384916, -51.98271002551115], [-60.21007601220447, -51.9798230474604], [-60.18941835914859, -51.97974962071919], [-60.17163277070722, -51.96734234369222], [-60.190532656003654, -51.98274757227978], [-60.20652266673852, -51.996491794990106], [-60.237806318468245, -52.00802760099219], [-60.19809438218931, -52.00803260137951], [-60.17344203368452, -52.00354532390912], [-60.15125347254957, -52.00317599705039], [-60.126635512674056, -52.00758195243105], [-60.105654764411156, -52.008783185845914], [-60.08733843309682, -51.99723764224734], [-60.09194589531705, -51.976571392033975], [-60.08808235037998, -51.956185777597625], [-60.082520340523104, -51.93676953650777], [-60.06665498856887, -51.949869235600204], [-60.05226685632323, -51.96930503960914], [-60.03083151143767, -51.96169646768891], [-60.004883097609536, -51.96541280823914], [-59.998440580940326, -51.98505345267921], [-60.01756030783014, -51.999719852097144], [-59.9972782101853, -52.002916503262156], [-59.97667626319958, -52.00038595633424], [-59.95077653735399, -51.98970653246869], [-59.9197929088682, -51.9663283177635], [-59.90028701170928, -51.97106947455211], [-59.8744455359909, -51.968333209931984], [-59.85551091116099, -51.95556853679517], [-59.85146112372479, -51.93381772887284], [-59.843472785540655, -51.91262994702657], [-59.81864787980771, -51.88096828355441], [-59.7968600514734, -51.87225225741463], [-59.78305687682746, -51.85644445377852], [-59.805085951922024, -51.87373202118022], [-59.774531128587, -51.8422927433582], [-59.747877133779184, -51.81821456214345], [-59.77555419030358, -51.82093494834032], [-59.758410230518734, -51.80771322225007], [-59.73573654408028, -51.80698009527663], [-59.6924361718971, -51.7902117786295], [-59.65183056989105, -51.7673577273402], [-59.630957373820365, -51.75564471462678], [-59.645354629579515, -51.739266691375065], [-59.66447926913065, -51.74523303080235], [-59.64289882528419, -51.7373635614764], [-59.62041217087972, -51.732337031701775], [-59.6017301972027, -51.7212946411193], [-59.589491880634, -51.703911759315645], [-59.56737209675754, -51.68263528638761], [-59.55555416363467, -51.665778059343495], [-59.54347445584551, -51.64659622237872], [-59.58228342743183, -51.667888091236364], [-59.60423793534579, -51.68647001330248], [-59.586548670156446, -51.665958424194116], [-59.56852376492867, -51.651723549436156], [-59.54073459445539, -51.63101396253205], [-59.521215538382705, -51.61804782641872], [-59.502635677879766, -51.60216194655834], [-59.52035950715049, -51.62221503523273], [-59.536694807794106, -51.63963520062657], [-59.516296560800015, -51.629841810317544], [-59.49474348749544, -51.62256716777682], [-59.4710277905038, -51.61026717976375], [-59.45934513101918, -51.59354662997521], [-59.43945130906985, -51.58524309193268], [-59.45800327267432, -51.598401699097735], [-59.48063818417933, -51.63281502311946], [-59.456474382295994, -51.63740401899679], [-59.4262936230287, -51.620589119793294], [-59.4065306884126, -51.61061782096425], [-59.38653878868922, -51.59792578503385], [-59.37858799727354, -51.574959926836925], [-59.345169794207095, -51.537321309080085], [-59.365967721288655, -51.532291577303056], [-59.39357740417199, -51.55592801376804], [-59.37531125218396, -51.538461134228726], [-59.399465930553276, -51.535965765464596], [-59.3781430505212, -51.52677364980883], [-59.35352921377188, -51.51124876282813], [-59.37571584493287, -51.50272476910965], [-59.395974607436244, -51.50680780473567], [-59.4283104459459, -51.517041053683556], [-59.460457146995736, -51.52160750395444], [-59.47992128653328, -51.5312085548008], [-59.460130630471156, -51.52030792958749], [-59.41887550446012, -51.51331971274584], [-59.396601673561236, -51.50430489152751], [-59.37380745146845, -51.49922357680663], [-59.35344429491238, -51.507414781585], [-59.369254116248555, -51.48925776085861], [-59.349835418828036, -51.49563614975273], [-59.32840954836058, -51.50126057672577], [-59.343502121146514, -51.518761581716035], [-59.298225280049735, -51.496876859910174], [-59.27635323466467, -51.47964241065887], [-59.25120672506836, -51.46733707135394], [-59.20054946713054, -51.43872779348419], [-59.22686747099556, -51.44777410837071], [-59.267511497030796, -51.46273653949521], [-59.29015430388421, -51.46303055350165], [-59.27396357584473, -51.44974263807296], [-59.29240114462175, -51.437148460601236], [-59.27011889201776, -51.42857691933938], [-59.24018236219848, -51.42108401427498], [-59.21749692046296, -51.41094309704181], [-59.19326978033939, -51.40037898912777], [-59.2180795971841, -51.4031978040029], [-59.23921684879991, -51.39704605547456], [-59.26114416162477, -51.3874798757509], [-59.28104307168758, -51.384603512557476], [-59.3004633481778, -51.37849988179204], [-59.31977852880652, -51.371038952889194], [-59.34087683003651, -51.36528938464198], [-59.36606825539326, -51.35329270960125], [-59.39126283888936, -51.33582677311745], [-59.410912782295554, -51.34055354282651], [-59.398082139135454, -51.36106682066219], [-59.42860924102462, -51.36133337640098], [-59.448822035054434, -51.35253543602016], [-59.437595375809906, -51.37496460790135], [-59.44399043266213, -51.39539237472627], [-59.472184195884324, -51.39959322649736], [-59.44865956632708, -51.4055342130834], [-59.423539725463684, -51.41189001250814], [-59.39393901113459, -51.42260035982207], [-59.424436461603705, -51.4491809717515], [-59.444898046838034, -51.44964464802507], [-59.46792983119525, -51.46532814378503], [-59.491398140599756, -51.459632483223004], [-59.51866253357451, -51.45402687349724], [-59.5384931927357, -51.44874677144577], [-59.52091235699942, -51.47727753446071], [-59.55016778141942, -51.468768805082675], [-59.57145715008363, -51.4617266366929], [-59.602116893828, -51.44801829395533], [-59.54888312048854, -51.43714267067901], [-59.51896097774869, -51.42565625446821], [-59.50074851413041, -51.41684592277653], [-59.48127998828812, -51.40907992637938], [-59.50350153443458, -51.39412907509933], [-59.520611631946736, -51.40526818370114], [-59.54250016983764, -51.418750500155625], [-59.573084469140554, -51.43446439300743], [-59.596656470788844, -51.43935670185721], [-59.618609399633215, -51.43484367677797], [-59.627032683795164, -51.45849634257041], [-59.634770300800824, -51.43733803669187], [-59.661189365126745, -51.44253725528398], [-59.68172692115934, -51.44618389745193], [-59.70408619727448, -51.45291433116415], [-59.72536977601612, -51.454407911789474], [-59.74478864888886, -51.46046710928806], [-59.76927317737437, -51.45898409965707], [-59.79317432733018, -51.46024081982682], [-59.813738201190915, -51.45655856086438], [-59.83081847183087, -51.44270582097499], [-59.85272227406233, -51.44555871743796], [-59.87239344718358, -51.44991883593417], [-59.84659916810398, -51.44486897101825], [-59.820875947161085, -51.44034484858804], [-59.77895568189979, -51.430692741154644], [-59.75926187544627, -51.426926133552115], [-59.73247067702653, -51.42707732947645], [-59.75221290828421, -51.41281236466784], [-59.77116034112373, -51.42089544703447], [-59.79487586266316, -51.42026662638756], [-59.81701792896774, -51.41037107904123], [-59.839735303001646, -51.41576114575241], [-59.86709215928016, -51.41535146489002], [-59.8428699318178, -51.40646963643127], [-59.82276697085871, -51.40246814221024], [-59.86152646492758, -51.40283847791909], [-59.89092435652543, -51.411101925136336], [-59.87823196969077, -51.394985983592505], [-59.89473693260152, -51.38303646132772], [-59.91407860651094, -51.39385449242292], [-59.936392089604624, -51.39024526543443], [-59.95661137536541, -51.40081897935579], [-59.98377716420953, -51.41093564032383], [-60.00206770405214, -51.42197096895552], [-60.020301923741954, -51.41003736897693], [-59.999959295091855, -51.39426250648944], [-60.018325630280174, -51.38393065341114], [-60.04069367900502, -51.38491880014186], [-60.031365763354415, -51.402612714814325], [-60.052287296503266, -51.41422721112332], [-60.072709580447395, -51.4088928943454], [-60.0763598632484, -51.431465695775046], [-60.09956718752096, -51.43765130657613], [-60.07197987479162, -51.453064123470824], [-60.04396428326777, -51.453252032765704], [-60.01565349343559, -51.45344836376569], [-59.997400149457235, -51.46613070596254], [-59.9767392505355, -51.47279157288165], [-60.037177090772275, -51.479380855307454], [-60.05230861394455, -51.4936184495744], [-60.07393134176857, -51.488045386229714], [-60.09747430607962, -51.50260918997981], [-60.1321862058644, -51.49530283445591], [-60.16779405225503, -51.500371516619055], [-60.19924920849991, -51.49832850746236], [-60.22898054698402, -51.49720820136986], [-60.27701356652477, -51.48208303833974], [-60.304079698525356, -51.47484015264524], [-60.35514198784233, -51.45363307105805], [-60.37933245845852, -51.442543176795425], [-60.39567960212469, -51.427621845346266], [-60.421020600473184, -51.41342824571581], [-60.4462479935288, -51.40355388422137], [-60.47125615907362, -51.395518919617814], [-60.500961881538046, -51.38236347059217], [-60.523167812439624, -51.37391777241311], [-60.54715546032469, -51.370809987782025], [-60.5711733737125, -51.37352971603326], [-60.58685458859412, -51.36021434233692], [-60.61537328927085, -51.34714958016161], [-60.638135140434656, -51.34094019558887], [-60.66336174395519, -51.34040638230266], [-60.633331084036286, -51.34815435098744], [-60.610005943618205, -51.360049548868005], [-60.63270743922902, -51.365025767727275], [-60.660817774935026, -51.35730977520416], [-60.64818021690945, -51.3731966639146], [-60.633629177306034, -51.38748154254665], [-60.65132177608706, -51.41210511689229], [-60.63185254843586, -51.41807658829606], [-60.607846741249034, -51.42708320712467], [-60.58710364297701, -51.44053451240478], [-60.54977934781738, -51.445944054308995], [-60.5193061097504, -51.45136710603168], [-60.490466857923366, -51.44710971479242], [-60.46926600488905, -51.437759955344404], [-60.44808234616892, -51.44377042099734], [-60.43146079527821, -51.456514522364785], [-60.411967355225045, -51.466485821193885], [-60.381652813663436, -51.48620449799523], [-60.39568100574252, -51.50435151794687], [-60.42553130081092, -51.499391265236795], [-60.45355619130055, -51.4944575496703], [-60.48212875579975, -51.49100100994963], [-60.51107880568429, -51.501946463197385], [-60.502289615981226, -51.5224092765971], [-60.48706650676661, -51.54221379338213], [-60.456320615997015, -51.538916125618925], [-60.43332962427388, -51.54665957640981], [-60.40550290703197, -51.561747982206214], [-60.39035278592809, -51.54396664848042], [-60.40105194816488, -51.563910825208325], [-60.37886531700417, -51.57450910243625], [-60.349461460031705, -51.57963445565656], [-60.31785085314658, -51.575078093886475], [-60.30263704289791, -51.561635034859364], [-60.322315497284706, -51.55281391285797], [-60.341898768858755, -51.54517823357446], [-60.328628091607925, -51.52659696945415], [-60.319888467148644, -51.54521981574345], [-60.30033098704621, -51.551896561085584], [-60.3084840748362, -51.57369614471645], [-60.28517104061939, -51.576132079051376], [-60.26621658969202, -51.56606318494198], [-60.28442642152743, -51.57959769842279], [-60.30709159853507, -51.579446414772576], [-60.29136073068389, -51.60354569411322], [-60.231136503487505, -51.60787695072423], [-60.255228633151546, -51.62195194467466], [-60.22210641792856, -51.63057028780804], [-60.20395992433356, -51.64277763706508], [-60.18425418713139, -51.66351889308942], [-60.16288647906481, -51.67528958571012], [-60.135598049140015, -51.683392230995764], [-60.11601030353495, -51.676977304183254], [-60.094299586438126, -51.674363943821845], [-60.07880908808636, -51.68778406247526], [-60.0550097004006, -51.693519462958136], [-60.03540028645011, -51.698596128195845], [-60.05861971692383, -51.70359677877258], [-60.0813304237746, -51.6983126413208], [-60.06892463809123, -51.72045804121717], [-60.04538965685475, -51.72802792592955], [-60.024839292812544, -51.726582901697554], [-59.99691941045813, -51.731000261470456], [-59.96891601286143, -51.74155923740807], [-59.99112440009384, -51.73406620075451], [-60.015810435418814, -51.734259812245625], [-60.039721673875704, -51.73280083956445], [-60.067979126242335, -51.726319372508954], [-60.08516703680044, -51.715642931330706], [-60.11560342990765, -51.70181326340423], [-60.13699622763744, -51.70026156424092], [-60.16018767348703, -51.691958728007194], [-60.1818986537624, -51.68149848778933], [-60.20573243007743, -51.666171028384724], [-60.233665734524266, -51.656508174504665], [-60.24941546348572, -51.67098898936922], [-60.2821667727801, -51.679919856714946], [-60.31693323819616, -51.679589699557596], [-60.36837274972015, -51.67198476827025], [-60.38848527282374, -51.675031407813435], [-60.40971349640006, -51.68583860473581], [-60.43746810279197, -51.69757806686681], [-60.459225841075636, -51.70110842809629], [-60.479756729924645, -51.707546997091356], [-60.50820331975183, -51.70970133066214], [-60.53907913286747, -51.70512580074046], [-60.560548690930034, -51.702113900730694], [-60.58236336344936, -51.688486046685114], [-60.60393731556462, -51.68091366177896], [-60.627654416173755, -51.677554585749476], [-60.64630665070456, -51.66955054459419], [-60.66222086609366, -51.68436006913561], [-60.64521744351288, -51.701397178537036], [-60.63965929360404, -51.72767175798509], [-60.62063659177517, -51.7368788748031], [-60.606485319985495, -51.75457831621952], [-60.59097210057536, -51.77509604615449], [-60.570557448801594, -51.77227223089187], [-60.566650128543074, -51.79257424236005], [-60.54676578101186, -51.799557502677146], [-60.55072003473083, -51.778696500533556], [-60.528928083270216, -51.772495142898606], [-60.506585124208925, -51.76945411782549], [-60.48404399189917, -51.759112878054964], [-60.4622158095616, -51.76963071045412], [-60.43645749818086, -51.76606403062158], [-60.41874472239812, -51.75606930892508], [-60.39197896454556, -51.744288922570945], [-60.37315075146864, -51.7591124394246], [-60.375538918944756, -51.73894833337738], [-60.37728931771255, -51.717620233642435], [-60.35723767651888, -51.715185483609844], [-60.32362594968765, -51.707208549818006], [-60.30330990204436, -51.7181462831694], [-60.28259426203948, -51.720656916273754], [-60.2621710131084, -51.70421744089276], [-60.24362308490424, -51.69609518882487], [-60.21070983323898, -51.70175102173994], [-60.18123333906004, -51.70862497534307], [-60.186179160827464, -51.730908236797234], [-60.184424112576835, -51.755473824194326], [-60.19843782984992, -51.77344012839069], [-60.21240303459285, -51.78812758207141], [-60.22882509634428, -51.77303062298057], [-60.24928194436961, -51.7833498435013], [-60.269683349503, -51.77846613180884], [-60.28427693626202, -51.761023815576095], [-60.26477928535655, -51.750359831503204], [-60.293661435243735, -51.757396604738176], [-60.32397439773575, -51.761259009235914], [-60.30861417263458, -51.77886467145714], [-60.32127989073672, -51.80106586514967], [-60.30161020895923, -51.81271597825315], [-60.286534391857344, -51.82864247529545], [-60.30457201736897, -51.84050821913968], [-60.328171828189284, -51.819760295932156], [-60.33310650874262, -51.84293630198903], [-60.32694436467199, -51.8649849400029], [-60.35398821424462, -51.87060853357815], [-60.368129572985765, -51.889861779583896], [-60.35916747515017, -51.87165431635316], [-60.36970495819463, -51.85416822479908], [-60.39782073291849, -51.85388258863475], [-60.41843522473596, -51.868841203674094], [-60.406891611111234, -51.85117772995659], [-60.38648792509946, -51.84148031199521], [-60.370512915526774, -51.82657301672117], [-60.36532716289031, -51.80532496704768], [-60.390654563693886, -51.81187959766612], [-60.41106904001538, -51.82087117146949], [-60.410704362639535, -51.8003173861095], [-60.38757476368687, -51.79342430821782], [-60.36974759307674, -51.78183937560266], [-60.38355322405329, -51.76621360361298], [-60.39898520909975, -51.779630695716094], [-60.41964005492065, -51.78809442160764], [-60.43917516486874, -51.78029460680091], [-60.45906433733512, -51.787408929903506], [-60.47035784386384, -51.807755769406015], [-60.47479397702091, -51.827658363964986], [-60.45880756305604, -51.84011511850923], [-60.47723355198866, -51.871760728105926], [-60.45441450341127, -51.870364040952154], [-60.46697152888174, -51.8908272052563], [-60.4829010963374, -51.905064097714444], [-60.50040148724503, -51.92905402647807], [-60.5194927031539, -51.93708982447947], [-60.539699619535384, -51.93527819289767], [-60.56147735936872, -51.932851162761494], [-60.58615067441002, -51.9273215238336], [-60.613369625267865, -51.92678253470774], [-60.63263760925753, -51.91871006719862], [-60.61662321066825, -51.93244814908235], [-60.59612197323918, -51.93181309988273], [-60.57444897836268, -51.93562646549367], [-60.55357955451399, -51.94335645032902], [-60.529625067092695, -51.95103046591589], [-60.50292510381132, -51.95356750457489], [-60.484114786857845, -51.94025752603335], [-60.46394585587535, -51.944682868881046], [-60.44427731453726, -51.93398774204445], [-60.420824532651295, -51.93035728534102], [-60.39714129431479, -51.92524653851547], [-60.42857337859709, -51.951297504148215], [-60.45090756504925, -51.964222979216515], [-60.48657585471864, -51.975288134720586], [-60.50645993907165, -51.97912606363792], [-60.531099830470964, -51.98172959867668], [-60.55547505224246, -51.97811958215334], [-60.54298750583905, -51.995908767364654], [-60.51868720215225, -52.00313932754278], [-60.50335978661059, -52.022893840453776], [-60.533550809830956, -52.00766581857761], [-60.54432576741385, -52.02752683096759], [-60.54963240660885, -52.00805321701182], [-60.57164463829338, -51.98988742367601], [-60.56984406019927, -52.010827730209144], [-60.55575595119785, -52.02589363426233], [-60.57553923826788, -52.01386156174243], [-60.59553420840456, -52.01752237167477], [-60.579730966525176, -51.99463735307398], [-60.599938058359044, -51.98058986125426], [-60.62202204998874, -51.983868711770185], [-60.64018100068938, -51.9942421470173], [-60.62410528155999, -51.97902596816385], [-60.64491277078565, -51.976843781558046], [-60.66988488090561, -51.972118064562096], [-60.67029175453291, -51.99278378841893], [-60.653201746296645, -52.00875116582131], [-60.66443042324113, -52.02761508341888], [-60.645763538452286, -52.04136176245976], [-60.6667803421401, -52.03983287208126], [-60.69004293385245, -52.039206420038965], [-60.69183658158477, -52.01719883783744], [-60.679891621077104, -51.99542741428297], [-60.69074281263613, -51.970159316319496], [-60.69956472417232, -51.9904299218457], [-60.715090049783555, -52.012882977156096], [-60.707649561060634, -51.98853021326477], [-60.70449668521667, -51.9643263205561], [-60.724733867101065, -51.9616291817743], [-60.74434398286013, -51.96711688762883], [-60.77537932587893, -51.96743708787443], [-60.793904401435725, -51.9585670147124], [-60.825509306124445, -51.958810015994686], [-60.846052695942035, -51.95423483697721], [-60.84670787828037, -51.97506785449673], [-60.82664255181567, -51.98336349719068], [-60.81947217173877, -52.00236970651383], [-60.798369177162954, -51.995427238830814], [-60.77731215106053, -51.9985579199726], [-60.75188983062259, -51.99945623518238], [-60.75439598969609, -52.024334215202884], [-60.77987713048077, -52.02409884609074], [-60.8016021469312, -52.02660351382076], [-60.824397816504415, -52.03471844075972], [-60.85896900363343, -52.042305870690996], [-60.87503880125172, -52.02960988708651], [-60.896026655328114, -52.02860630056301], [-60.882235367568, -52.04329401742194], [-60.872495534039956, -52.062945101267246], [-60.84666813835969, -52.06542081938602], [-60.821285294663994, -52.05968677865758], [-60.84203242833672, -52.0709509846705], [-60.85629892835203, -52.085367627896744], [-60.87869662849664, -52.07365286066141], [-60.899858092514705, -52.08124730868042], [-60.920899591097964, -52.08367933920397], [-60.90011184024348, -52.07931645733589], [-60.91749252889491, -52.06770196102684], [-60.8962514534457, -52.06237382893852], [-60.89180071389387, -52.04136088519891], [-60.91266627779419, -52.036845798556385], [-60.935943651353796, -52.03858119616194], [-60.95706502454618, -52.04212620764912], [-60.97935490932065, -52.04926281317984], [-60.998525605071336, -52.041635467875324], [-61.00422657306217, -52.018680180672675], [-61.02461832832529, -52.011583490515136], [-61.04819875167868, -52.00820235137286], [-61.07757914192081, -52.010724915226206], [-61.04538677943867, -52.01254216127808], [-61.04316011570279, -52.04323646910382], [-61.04149573237112, -52.065579164987014], [-61.01997380182979, -52.08041917434633], [-61.02263462200841, -52.05831491798841], [-61.00219904756108, -52.05634994119316], [-60.972792339490695, -52.07789204873603], [-60.946174838738386, -52.09025318183717], [-60.93801925075451, -52.11133806097445], [-60.90291613644996, -52.1139490527313], [-60.8814852655953, -52.11672409228527], [-60.8572923825115, -52.125609868418394], [-60.85846488563027, -52.14606680416972], [-60.83466606816421, -52.14840145872819], [-60.811046431246154, -52.16243894977305], [-60.81393345316013, -52.18401869181071], [-60.79439873797929, -52.189700184608455], [-60.77114895427684, -52.18658529416359], [-60.7359896514086, -52.186215967304804], [-60.749578072574934, -52.171430435850425], [-60.77215100559346, -52.16596308244982], [-60.78912003954531, -52.14538254063092], [-60.810882295722934, -52.14224168326206], [-60.82929433620683, -52.13201773328035], [-60.85264123269616, -52.1186177477656], [-60.83593217502596, -52.10671375534406], [-60.81418886768495, -52.09815905749235], [-60.79227765259844, -52.10878996882758], [-60.77179207427707, -52.10855749467646], [-60.74182602462656, -52.123819729729746], [-60.723016541070706, -52.1148581582508], [-60.699572882699044, -52.122659025770645], [-60.67481377153706, -52.128389206550935], [-60.70364012762809, -52.13361873450879], [-60.728403975999186, -52.13240179812294], [-60.74602384984769, -52.1437656609794], [-60.72356596960191, -52.15226281051292], [-60.70334808745861, -52.148922113100355], [-60.70926652843832, -52.16874549099572], [-60.68309529032973, -52.16756303096503], [-60.66142773447132, -52.154500176832414], [-60.6823178616786, -52.17152596956754], [-60.67279273776711, -52.19174700985019], [-60.65321148389302, -52.18467742705593], [-60.629585092066065, -52.17583428580474], [-60.64984999539604, -52.18326626509628], [-60.641879377883015, -52.20269908641808], [-60.66518091998125, -52.20158628090678], [-60.686519239806216, -52.20834443606486], [-60.66632785094373, -52.22271590035234], [-60.664171894439846, -52.24408159071879], [-60.639687892310974, -52.25950129411194], [-60.628012163187805, -52.25619472215021]], [[-60.151455944376266, -51.889771948063014], [-60.17156829202747, -51.885180627444186], [-60.18792754189508, -51.87108699169863], [-60.17382399310088, -51.85410883423293], [-60.15477971065269, -51.87063783409366], [-60.151455944376266, -51.889771948063014]], [[-59.37670065807208, -51.431493110179645], [-59.37670065807208, -51.431493110179645]], [[-60.07864925114188, -51.44155586346238], [-60.07864925114188, -51.44155586346238]], [[-59.74084536093176, -51.491813441312615], [-59.74084536093176, -51.491813441312615]], [[-59.62401262525873, -51.49958619261918], [-59.62401262525873, -51.49958619261918]], [[-60.36484001988629, -51.48657382485402], [-60.36484001988629, -51.48657382485402]], [[-59.48482482432314, -51.516030449072446], [-59.48482482432314, -51.516030449072446]], [[-59.69205754607236, -51.523439005496755], [-59.69205754607236, -51.523439005496755]], [[-59.615685137992386, -51.55379324311622], [-59.615685137992386, -51.55379324311622]], [[-60.001151843623404, -51.556383092884346], [-60.001151843623404, -51.556383092884346]], [[-60.178297322122205, -51.56035875177048], [-60.178297322122205, -51.56035875177048]], [[-60.066620073583124, -51.56805035643936], [-60.066620073583124, -51.56805035643936]], [[-59.62636456185788, -51.56786021012903], [-59.62636456185788, -51.56786021012903]], [[-60.0175497806988, -51.587293513944246], [-60.0175497806988, -51.587293513944246]], [[-60.167176460548035, -51.60356872221308], [-60.167176460548035, -51.60356872221308]], [[-60.16170094862076, -51.60876355450034], [-60.16170094862076, -51.60876355450034]], [[-59.83595097472789, -51.61689821981065], [-59.83595097472789, -51.61689821981065]], [[-59.65704149991666, -51.6210272677734], [-59.65704149991666, -51.6210272677734]], [[-59.84843404710091, -51.627822969699935], [-59.84843404710091, -51.627822969699935]], [[-59.68724910336891, -51.62526049047352], [-59.68724910336891, -51.62526049047352]], [[-59.68693100854961, -51.63769759437264], [-59.68693100854961, -51.63769759437264]], [[-60.065889666118665, -51.654932131350165], [-60.065889666118665, -51.654932131350165]], [[-60.04630481547457, -51.66200746020377], [-60.04630481547457, -51.66200746020377]], [[-59.979904583484654, -51.66864757990146], [-59.979904583484654, -51.66864757990146]], [[-59.87454852642611, -51.678175511047755], [-59.87454852642611, -51.678175511047755]], [[-60.0587082325535, -51.68123140569389], [-60.0587082325535, -51.68123140569389]], [[-60.06930361482034, -51.68224793181628], [-60.06930361482034, -51.68224793181628]], [[-59.57513761066093, -51.6868916249137], [-59.57513761066093, -51.6868916249137]], [[-59.93047057821184, -51.69100365401414], [-59.93047057821184, -51.69100365401414]], [[-60.0422670465137, -51.69324479255562], [-60.0422670465137, -51.69324479255562]], [[-59.93549184442071, -51.69382966242904], [-59.93549184442071, -51.69382966242904]], [[-59.9053649489756, -51.697395201822474], [-59.9053649489756, -51.697395201822474]], [[-60.01639600710098, -51.69756591680277], [-60.01639600710098, -51.69756591680277]], [[-60.03696900447591, -51.69731124794981], [-60.03696900447591, -51.69731124794981]], [[-60.01444936505948, -51.70323328569924], [-60.01444936505948, -51.70323328569924]], [[-59.843828778032844, -51.72237003145136], [-59.843828778032844, -51.72237003145136]], [[-59.823701429219454, -51.72148347153825], [-59.823701429219454, -51.72148347153825]], [[-59.853394606852305, -51.72770105850077], [-59.853394606852305, -51.72770105850077]], [[-59.83542865356014, -51.73256678634374], [-59.83542865356014, -51.73256678634374]], [[-59.84760731638414, -51.74113727489254], [-59.84760731638414, -51.74113727489254]], [[-60.14934578089412, -51.743122867320096], [-60.14934578089412, -51.743122867320096]], [[-60.13029877893683, -51.732972607257864], [-60.13029877893683, -51.732972607257864]], [[-60.1792718713084, -51.72388997376828], [-60.1792718713084, -51.72388997376828]], [[-60.17593248978727, -51.711952996335015], [-60.17593248978727, -51.711952996335015]], [[-60.347737817722646, -51.6935799062374], [-60.347737817722646, -51.6935799062374]], [[-60.31902383875905, -51.68987808435594], [-60.31902383875905, -51.68987808435594]], [[-60.3157178808799, -51.68854798130798], [-60.3157178808799, -51.68854798130798]], [[-60.300707682896814, -51.70296396658853], [-60.300707682896814, -51.70296396658853]], [[-60.169021340319716, -51.773302047517745], [-60.169021340319716, -51.773302047517745]], [[-60.148840127684196, -51.77730727009771], [-60.148840127684196, -51.77730727009771]], [[-60.18140879124945, -51.78066831996432], [-60.18140879124945, -51.78066831996432]], [[-59.863735583444395, -51.78602645437701], [-59.863735583444395, -51.78602645437701]], [[-60.184458939836304, -51.78777729177517], [-60.184458939836304, -51.78777729177517]], [[-59.86181666284864, -51.788327071210745], [-59.86181666284864, -51.788327071210745]], [[-60.123470881533535, -51.79073015212316], [-60.123470881533535, -51.79073015212316]], [[-60.1881072049369, -51.79383188365381], [-60.1881072049369, -51.79383188365381]], [[-60.241928216754445, -51.79280224248015], [-60.241928216754445, -51.79280224248015]], [[-60.223901732456966, -51.79450228646954], [-60.223901732456966, -51.79450228646954]], [[-60.2559502680067, -51.7911599222611], [-60.2559502680067, -51.7911599222611]], [[-59.90567093759387, -51.79754497833841], [-59.90567093759387, -51.79754497833841]], [[-59.843646483208204, -51.800705749530835], [-59.843646483208204, -51.800705749530835]], [[-59.722246551592264, -51.802687482010356], [-59.722246551592264, -51.802687482010356]], [[-60.2226084743686, -51.80489879367968], [-60.2226084743686, -51.80489879367968]], [[-59.84151842360268, -51.805108283593825], [-59.84151842360268, -51.805108283593825]], [[-59.946973786600495, -51.809261675547816], [-59.946973786600495, -51.809261675547816]], [[-59.839787938658446, -51.81273887476385], [-59.839787938658446, -51.81273887476385]], [[-59.85043911472155, -51.82713902548426], [-59.85043911472155, -51.82713902548426]], [[-59.8487719680175, -51.835016302432564], [-59.8487719680175, -51.835016302432564]], [[-59.8201464169573, -51.83906538805991], [-59.8201464169573, -51.83906538805991]], [[-59.813775747959426, -51.84097044793276], [-59.813775747959426, -51.84097044793276]], [[-59.83521705821977, -51.8441240255853], [-59.83521705821977, -51.8441240255853]], [[-59.870335743905855, -51.844194645091534], [-59.870335743905855, -51.844194645091534]], [[-59.83043809148427, -51.85036442133247], [-59.83043809148427, -51.85036442133247]], [[-59.83704562093766, -51.855905464652665], [-59.83704562093766, -51.855905464652665]], [[-59.873487742488976, -51.86397644081808], [-59.89408863676175, -51.87809385033523], [-59.873487742488976, -51.86397644081808]], [[-59.84308608891513, -51.86808263613307], [-59.84308608891513, -51.86808263613307]], [[-59.85110583304112, -51.86989303954965], [-59.85110583304112, -51.86989303954965]], [[-59.90195468476986, -51.88155815381532], [-59.91490621448838, -51.89906617689303], [-59.90195468476986, -51.88155815381532]], [[-59.85550564759541, -51.88916005855231], [-59.85550564759541, -51.88916005855231]], [[-59.85810795446878, -51.89476917732202], [-59.85810795446878, -51.89476917732202]], [[-59.9560723862395, -51.90315684468942], [-59.9560723862395, -51.90315684468942]], [[-59.864912692183054, -51.90638884947066], [-59.864912692183054, -51.90638884947066]], [[-59.951067086179876, -51.91347492477081], [-59.951067086179876, -51.91347492477081]], [[-59.92212607208285, -51.91565333915463], [-59.92212607208285, -51.91565333915463]], [[-59.92975175059166, -51.91627224675284], [-59.92975175059166, -51.91627224675284]], [[-59.921140381682676, -51.917352856787375], [-59.921140381682676, -51.917352856787375]], [[-59.99482907307328, -51.9189222766218], [-59.99482907307328, -51.9189222766218]], [[-59.945229791837846, -51.92063319864684], [-59.945229791837846, -51.92063319864684]], [[-59.985404834170765, -51.923326565206594], [-59.985404834170765, -51.923326565206594]], [[-59.93280602230516, -51.92390792603629], [-59.93280602230516, -51.92390792603629]], [[-60.12623776256049, -51.92913140089354], [-60.12623776256049, -51.92913140089354]], [[-60.000835854230445, -51.929359401013755], [-60.000835854230445, -51.929359401013755]], [[-60.106679054292954, -51.93117252393915], [-60.106679054292954, -51.93117252393915]], [[-60.17027310396526, -51.932843618317236], [-60.17027310396526, -51.932843618317236]], [[-60.13807104774992, -51.94070642046006], [-60.13807104774992, -51.94070642046006]], [[-60.308042198497276, -51.93737274113499], [-60.308042198497276, -51.93737274113499]], [[-60.12122114583474, -51.93968204285204], [-60.12122114583474, -51.93968204285204]], [[-60.133938797784594, -51.95049805624711], [-60.133938797784594, -51.95049805624711]], [[-60.11533884800599, -51.95089466592128], [-60.11533884800599, -51.95089466592128]], [[-60.30532681268784, -51.9457104046283], [-60.30532681268784, -51.9457104046283]], [[-60.37886777333472, -51.92943589816832], [-60.37886777333472, -51.92943589816832]], [[-60.39264243699978, -51.93095329642853], [-60.39264243699978, -51.93095329642853]], [[-60.38483823588854, -51.93190293140373], [-60.38483823588854, -51.93190293140373]], [[-60.13375913474255, -51.92471640972519], [-60.13375913474255, -51.92471640972519]], [[-60.38358059459472, -51.92229095865861], [-60.38358059459472, -51.92229095865861]], [[-60.317088601109845, -51.91975725359123], [-60.317088601109845, -51.91975725359123]], [[-60.17405111595997, -51.919823135888294], [-60.17405111595997, -51.919823135888294]], [[-60.12504547720738, -51.913756964165316], [-60.12504547720738, -51.913756964165316]], [[-60.19318970396006, -51.91149626270459], [-60.19318970396006, -51.91149626270459]], [[-60.366666126273856, -51.910832614798096], [-60.366666126273856, -51.910832614798096]], [[-60.37189907554921, -51.90935864095485], [-60.37189907554921, -51.90935864095485]], [[-60.1796147926126, -51.89439493780202], [-60.1796147926126, -51.89439493780202]], [[-60.226824590480476, -51.88797531764328], [-60.226824590480476, -51.88797531764328]], [[-60.205687338864664, -51.87920542768131], [-60.205687338864664, -51.87920542768131]], [[-60.2298788621938, -51.881780188561095], [-60.2298788621938, -51.881780188561095]], [[-60.18616758098301, -51.87786102527991], [-60.18616758098301, -51.87786102527991]], [[-60.20955956868505, -51.87288765751856], [-60.20955956868505, -51.87288765751856]], [[-60.20639125304854, -51.872572545386504], [-60.20639125304854, -51.872572545386504]], [[-60.2092515623666, -51.86521039606629], [-60.2092515623666, -51.86521039606629]], [[-60.22706171411454, -51.858796478103784], [-60.22706171411454, -51.858796478103784]], [[-60.26257753583144, -51.85904956788704], [-60.26257753583144, -51.85904956788704]], [[-60.275258606000136, -51.852999186860984], [-60.275258606000136, -51.852999186860984]], [[-60.20005479722761, -51.8468324810334], [-60.207553185172856, -51.815462506826236], [-60.18177908309525, -51.81468692042296], [-60.19192092145238, -51.83512227555502], [-60.20005479722761, -51.8468324810334]], [[-60.21079378711147, -51.84354950739112], [-60.21079378711147, -51.84354950739112]], [[-60.26055378255262, -51.840501902860865], [-60.26055378255262, -51.840501902860865]], [[-60.25787366263302, -51.833024306000084], [-60.25787366263302, -51.833024306000084]], [[-60.239890076395966, -51.829185587547784], [-60.239890076395966, -51.829185587547784]], [[-60.223995774830485, -51.829269541420445], [-60.223995774830485, -51.829269541420445]], [[-60.24481352800939, -51.82257814582027], [-60.24481352800939, -51.82257814582027]], [[-60.20621843264212, -51.807961311645954], [-60.20621843264212, -51.807961311645954]], [[-60.00076479609373, -51.81155211615453], [-60.00076479609373, -51.81155211615453]], [[-60.029120940317, -51.81320241944826], [-60.029120940317, -51.81320241944826]], [[-59.906887172170855, -51.81865038538194], [-59.906887172170855, -51.81865038538194]], [[-59.942913822937555, -51.820378852625936], [-59.942913822937555, -51.820378852625936]], [[-59.9676220529646, -51.82014813299685], [-59.9676220529646, -51.82014813299685]], [[-59.85926032444877, -51.82406352405599], [-59.85926032444877, -51.82406352405599]], [[-59.916048232789194, -51.82639993313637], [-59.916048232789194, -51.82639993313637]], [[-59.96123085606047, -51.82509755153427], [-59.96123085606047, -51.82509755153427]], [[-59.98325221125884, -51.82861378886241], [-59.98325221125884, -51.82861378886241]], [[-59.892340255694194, -51.830524726383544], [-59.892340255694194, -51.830524726383544]], [[-59.87764946842191, -51.83389674201186], [-59.87764946842191, -51.83389674201186]], [[-59.9634869957643, -51.83907530110878], [-59.9634869957643, -51.83907530110878]], [[-60.0677329668207, -51.84072393760658], [-60.0677329668207, -51.84072393760658]], [[-59.953873970306006, -51.842406524103126], [-59.953873970306006, -51.842406524103126]], [[-59.91225092105384, -51.84347423840188], [-59.91225092105384, -51.84347423840188]], [[-59.88699071843888, -51.84509541663209], [-59.88699071843888, -51.84509541663209]], [[-59.89825755623451, -51.8476776342298], [-59.89825755623451, -51.8476776342298]], [[-59.8858292249447, -51.85275627330469], [-59.8858292249447, -51.85275627330469]], [[-60.01692157413447, -51.85780877000332], [-60.01692157413447, -51.85780877000332]], [[-59.98563695741734, -51.85995779614558], [-59.98563695741734, -51.85995779614558]], [[-59.895845264082254, -51.862682744099345], [-59.895845264082254, -51.862682744099345]], [[-59.95809938538372, -51.866095552361855], [-59.95809938538372, -51.866095552361855]], [[-59.947002911664015, -51.85572238029289], [-59.947002911664015, -51.85572238029289]], [[-59.958946994911, -51.85285119293923], [-59.958946994911, -51.85285119293923]], [[-60.073506396565676, -51.851806462877335], [-60.073506396565676, -51.851806462877335]], [[-59.92018714993776, -51.84564519606761], [-59.92018714993776, -51.84564519606761]], [[-59.98945234072875, -51.848892202011086], [-59.98945234072875, -51.848892202011086]], [[-60.191161476650336, -51.86345131241518], [-60.191161476650336, -51.86345131241518]], [[-59.95680998724373, -51.86941528323791], [-59.95680998724373, -51.86941528323791]], [[-59.93577046249732, -51.875578567747766], [-59.93577046249732, -51.875578567747766]], [[-60.06058644824128, -51.86959968348896], [-60.06058644824128, -51.86959968348896]], [[-59.91728481982028, -51.87872486413448], [-59.91728481982028, -51.87872486413448]], [[-59.9752065002088, -51.88042946988082], [-59.9752065002088, -51.88042946988082]], [[-59.99555667330287, -51.881010041175614], [-59.99555667330287, -51.881010041175614]], [[-59.96339786605216, -51.887027963546586], [-59.96339786605216, -51.887027963546586]], [[-59.94525909235347, -51.8861450881293], [-59.94525909235347, -51.8861450881293]], [[-59.953604475743134, -51.890717723090006], [-59.953604475743134, -51.890717723090006]], [[-60.15321292260103, -51.89465487022062], [-60.170140900740535, -51.9068399370496], [-60.15451021608976, -51.893994029549106], [-60.15321292260103, -51.89465487022062]], [[-59.87212974254288, -51.89915434161816], [-59.87212974254288, -51.89915434161816]], [[-59.88625592466934, -51.8981953199509], [-59.88625592466934, -51.8981953199509]], [[-59.97610481541858, -51.90001274145487], [-59.97610481541858, -51.90001274145487]], [[-59.95087707145876, -51.90788949204665], [-59.95087707145876, -51.90788949204665]], [[-59.904895263464596, -51.91074936273429], [-59.904895263464596, -51.91074936273429]], [[-59.95719773658254, -51.9078755435977], [-59.95719773658254, -51.9078755435977]], [[-60.00489248430176, -51.914157872418116], [-60.00489248430176, -51.914157872418116]], [[-60.13047449430451, -51.917400930687336], [-60.13047449430451, -51.917400930687336]], [[-59.99941276152197, -51.91218824613969], [-59.99941276152197, -51.91218824613969]], [[-60.05964812993227, -51.90306701316837], [-60.05964812993227, -51.90306701316837]], [[-60.171177296823544, -51.91003228963615], [-60.171177296823544, -51.91003228963615]], [[-60.17279426420106, -51.90536105054497], [-60.17279426420106, -51.90536105054497]], [[-60.12892297059358, -51.89392841043036], [-60.12892297059358, -51.89392841043036]], [[-59.98270497588021, -51.89250926539626], [-59.98270497588021, -51.89250926539626]], [[-59.864672147231545, -51.841939996731355], [-59.864672147231545, -51.841939996731355]], [[-60.1012025773785, -51.79990288031206], [-60.1012025773785, -51.79990288031206]], [[-59.960495711386955, -51.799595137171764], [-59.960495711386955, -51.799595137171764]], [[-59.85192449295715, -51.80119473478277], [-59.85192449295715, -51.80119473478277]], [[-60.44936402441283, -51.86923658518299], [-60.44936402441283, -51.86923658518299]], [[-60.424077503969386, -51.857828245196515], [-60.424077503969386, -51.857828245196515]], [[-60.468388393037344, -51.932165934235684], [-60.468388393037344, -51.932165934235684]], [[-60.393380213456396, -51.94653108224429], [-60.393380213456396, -51.94653108224429]], [[-60.392384083650995, -51.95085738233104], [-60.392384083650995, -51.95085738233104]], [[-60.38405510504117, -51.9558180298086], [-60.38405510504117, -51.9558180298086]], [[-60.35424042676698, -51.96421639975949], [-60.35424042676698, -51.96421639975949]], [[-60.48620810692955, -52.016833634105126], [-60.48620810692955, -52.016833634105126]], [[-60.720854794645106, -52.027620171532305], [-60.720854794645106, -52.027620171532305]], [[-60.7239131017588, -52.0731687880708], [-60.7239131017588, -52.0731687880708]], [[-60.74559280768119, -52.08915976379268], [-60.74559280768119, -52.08915976379268]], [[-60.93820343169034, -52.09330271634144], [-60.93820343169034, -52.09330271634144]], [[-60.51392613154019, -52.19636692917595], [-60.51392613154019, -52.19636692917595]], [[-60.50523949364208, -52.1332652860732], [-60.50523949364208, -52.1332652860732]], [[-60.3247736701847, -52.111451929445366], [-60.3247736701847, -52.111451929445366]], [[-60.33999502487745, -52.13333809873177], [-60.33999502487745, -52.13333809873177]], [[-60.35774596151174, -52.14922073272669], [-60.35774596151174, -52.14922073272669]], [[-60.170822006139815, -51.95511701058575], [-60.170822006139815, -51.95511701058575]], [[-60.09912057397264, -51.96007011361917], [-60.09912057397264, -51.96007011361917]], [[-59.94884428239209, -51.94020901350291], [-59.94884428239209, -51.94020901350291]], [[-59.90341813148166, -51.944436972637504], [-59.90341813148166, -51.944436972637504]], [[-60.009454679857186, -51.95533746626177], [-60.009454679857186, -51.95533746626177]], [[-59.974509428660326, -51.96712188801621], [-59.974509428660326, -51.96712188801621]], [[-59.98122415940145, -51.978821654089245], [-59.98122415940145, -51.978821654089245]], [[-59.368229475462385, -51.507409079388765], [-59.368229475462385, -51.507409079388765]]], [[[-59.659137627223856, -51.335732708812486], [-59.659137627223856, -51.335732708812486]]], [[[-59.7055805235716, -51.3319415817665], [-59.68779300515632, -51.354333689372595], [-59.665188973236695, -51.35738846551112], [-59.64456141023118, -51.35551016209729], [-59.660733715790855, -51.34372131017494], [-59.68018785455371, -51.33763921616571], [-59.70019958037443, -51.34801396730438], [-59.7055805235716, -51.3319415817665]]], [[[-59.73141392848959, -51.33135894890847], [-59.73141392848959, -51.33135894890847]]], [[[-60.46694424606642, -51.330121572342705], [-60.46694424606642, -51.330121572342705]]], [[[-60.694846814798666, -51.336499610332396], [-60.717253989361666, -51.33480377719553], [-60.71402409000666, -51.362494343538344], [-60.70302560633468, -51.38045841071943], [-60.68313257392009, -51.364216143599265], [-60.66390073308139, -51.35145041774928], [-60.68532967396209, -51.34997563243968], [-60.694846814798666, -51.336499610332396]]], [[[-60.5119485221872, -51.32640301670858], [-60.5119485221872, -51.32640301670858]]], [[[-59.6838193639702, -51.32508175206465], [-59.6838193639702, -51.32508175206465]]], [[[-60.744565228071, -51.322617306749066], [-60.744565228071, -51.322617306749066]]], [[[-59.749370056459156, -51.321048588723386], [-59.77034799748691, -51.3259216636269], [-59.76022247618317, -51.34426418118045], [-59.78023507926508, -51.344071161840645], [-59.806635896563364, -51.35030769763955], [-59.8300770108786, -51.35936432034225], [-59.805929175144286, -51.364715436667325], [-59.7857518224568, -51.35823883841016], [-59.76394083443364, -51.36257430587369], [-59.743850330579846, -51.364317028608184], [-59.76542621266918, -51.36614374907833], [-59.74498901528932, -51.37123488912175], [-59.72692393150993, -51.362090452598295], [-59.70220675342131, -51.362115805439714], [-59.6823878495569, -51.369469357602554], [-59.66068301010819, -51.37046210995345], [-59.6844685370711, -51.36583131259198], [-59.709336253138474, -51.35639251115782], [-59.73376270694939, -51.34243467540682], [-59.745276756879946, -51.321382649692055], [-59.749370056459156, -51.321048588723386]], [[-59.74617665115949, -51.348765560620734], [-59.74617665115949, -51.348765560620734]]], [[[-60.761909378803864, -51.3211044483142], [-60.761909378803864, -51.3211044483142]]], [[[-60.766025267852285, -51.317228073435786], [-60.766025267852285, -51.317228073435786]]], [[[-59.73926822120109, -51.318214750754464], [-59.73926822120109, -51.318214750754464]]], [[[-59.71375747285947, -51.30797829980423], [-59.71375747285947, -51.30797829980423]]], [[[-59.726651980616396, -51.30731546336415], [-59.726651980616396, -51.30731546336415]]], [[[-59.95406117779203, -51.29038114701427], [-59.97806777451393, -51.293451341013906], [-60.02437908171976, -51.29921040561078], [-60.04408455574384, -51.30561092341242], [-60.021681153402824, -51.32574248307844], [-59.98939409060171, -51.344346994613886], [-59.9545236697636, -51.352519447939414], [-59.93107466009991, -51.356245876990556], [-59.92037400651952, -51.33646952028192], [-59.94218762632556, -51.3306566795888], [-59.928044951693096, -51.316377349632376], [-59.90751353648716, -51.320469662292965], [-59.924133420582166, -51.30807043413512], [-59.94639233804497, -51.299848876128124], [-59.95406117779203, -51.29038114701427]], [[-59.9854472936006, -51.302902621484975], [-59.9854472936006, -51.302902621484975]], [[-59.977141211501305, -51.3036628558217], [-59.977141211501305, -51.3036628558217]]], [[[-59.89053397540414, -51.271233172321956], [-59.89053397540414, -51.271233172321956]]], [[[-60.29824064966152, -51.39426127832405], [-60.279554816036125, -51.408369345012204], [-60.256836038384904, -51.413753051581466], [-60.22956348688331, -51.40957842991247], [-60.20802313386241, -51.39843971607809], [-60.185291285022856, -51.39916012276785], [-60.16559826810419, -51.404946272796565], [-60.14002321653555, -51.404588087151865], [-60.11602512924503, -51.40172154928115], [-60.09937076879493, -51.38424072129288], [-60.07676191194042, -51.373279477348035], [-60.06283802618805, -51.354987665477154], [-60.045724244180064, -51.33874539835699], [-60.067698753643526, -51.33274896887923], [-60.0955253831595, -51.328304457879824], [-60.07423750583894, -51.32415600051871], [-60.09208029169406, -51.31025062497241], [-60.11827618083532, -51.306271259658786], [-60.14439934504401, -51.31257139687648], [-60.183357275539095, -51.3159722085955], [-60.21432379743658, -51.307732271971645], [-60.24829432399514, -51.30128565410729], [-60.26397176665478, -51.28066932004185], [-60.28587767431219, -51.26260866643054], [-60.30537865880956, -51.26973217884159], [-60.32498193193334, -51.263338854579786], [-60.31085697797221, -51.28695254805467], [-60.28625314199758, -51.3015130620762], [-60.25190556868404, -51.30884488009929], [-60.22997202730653, -51.32581667742306], [-60.21103915699837, -51.33565864605703], [-60.18653445151119, -51.34842233227516], [-60.1609680848257, -51.35526768717142], [-60.13914902600163, -51.35994563730884], [-60.124416656560584, -51.37485766979188], [-60.145859282712195, -51.381806453753825], [-60.16451178042132, -51.39287060040766], [-60.18698931131212, -51.39080772129063], [-60.16888325944694, -51.38078655017665], [-60.19111805223349, -51.36736818604527], [-60.20889188537819, -51.34759044765053], [-60.23332562045482, -51.33845835857511], [-60.24160012116016, -51.35890108269899], [-60.26513931324911, -51.364027707947855], [-60.28570581889272, -51.37738391814122], [-60.2725488346606, -51.39515959353383], [-60.298060986619475, -51.39426127832405], [-60.29824064966152, -51.39426127832405]], [[-60.097211566425756, -51.37374780310472], [-60.097211566425756, -51.37374780310472]], [[-60.08830385876911, -51.318790782223914], [-60.08830385876911, -51.318790782223914]]], [[[-59.88515794486801, -51.25672301307884], [-59.88515794486801, -51.25672301307884]]], [[[-60.84921732708273, -51.25542168418991], [-60.84921732708273, -51.25542168418991]]], [[[-59.7582175840148, -51.24868839937966], [-59.784988254528514, -51.24976267120388], [-59.81289778520369, -51.25363292718731], [-59.83660576229897, -51.26419574114141], [-59.8162303240897, -51.276571480637244], [-59.786698387018646, -51.281002065119026], [-59.761720136072256, -51.28740497345672], [-59.7314511243535, -51.29319029008752], [-59.71123903213277, -51.298888516637874], [-59.688459021667086, -51.29667036233309], [-59.66094355660954, -51.301332543704916], [-59.63345265485833, -51.30653961378255], [-59.607331859253975, -51.31377999928327], [-59.5995810833345, -51.33312873514319], [-59.55065290672326, -51.346805277171484], [-59.52286742074614, -51.34726625586751], [-59.48403950032326, -51.343013294796094], [-59.46147722602507, -51.35118616482049], [-59.485585058659865, -51.3328598327314], [-59.47937913926779, -51.312032495476615], [-59.46078436532889, -51.32270884892887], [-59.436504414096134, -51.33413787034215], [-59.451626989206716, -51.31561378170403], [-59.472699323512245, -51.30273605156259], [-59.48192793322369, -51.27995237853287], [-59.502589183049736, -51.27474215031589], [-59.53968714488451, -51.27892791319886], [-59.54470016484083, -51.30279066105658], [-59.58564210869383, -51.31285051937823], [-59.59562165377588, -51.2926054202141], [-59.58784578819291, -51.27002428480546], [-59.60913603411797, -51.2632437156301], [-59.62924004779018, -51.26719202590624], [-59.65276467734759, -51.264142030839935], [-59.67249760963915, -51.27230919866827], [-59.69591521336099, -51.27331076749152], [-59.718774001859344, -51.26780431018426], [-59.74510797187372, -51.26585209753557], [-59.75643498977041, -51.24815120863872], [-59.7582175840148, -51.24868839937966]], [[-59.54118059392101, -51.3145212409205], [-59.54118059392101, -51.3145212409205]], [[-59.5170657431986, -51.31718583332116], [-59.5170657431986, -51.31718583332116]], [[-59.554196339140674, -51.32092895226174], [-59.554196339140674, -51.32092895226174]], [[-59.5077715143683, -51.32630039910924], [-59.5077715143683, -51.32630039910924]], [[-59.57365960141732, -51.314850213775685], [-59.57365960141732, -51.314850213775685]], [[-59.49149586746921, -51.298430169724554], [-59.50927935048418, -51.28730290414546], [-59.48801349241353, -51.29661193675406], [-59.49149586746921, -51.298430169724554]]], [[[-60.59953557103637, -51.24909354041648], [-60.59838592056519, -51.26910002460312], [-60.58377820990472, -51.28946989220549], [-60.5584601957932, -51.29801643153036], [-60.535755191138946, -51.29634492045318], [-60.52564739050655, -51.31516291344025], [-60.51810154274409, -51.29216604406878], [-60.54642593012096, -51.27823395592651], [-60.567645381087516, -51.260502143581334], [-60.5897439352492, -51.251698654525], [-60.59953557103637, -51.24909354041648]]], [[[-60.64287427952297, -51.244462238630035], [-60.64287427952297, -51.244462238630035]]], [[[-59.88303935968082, -51.25574107296927], [-59.859683164225544, -51.26265810008488], [-59.874907852509864, -51.241860392318586], [-59.89965485747109, -51.23917064446027], [-59.88508565856591, -51.25659276175975], [-59.88303935968082, -51.25574107296927]]], [[[-60.64647508480647, -51.235486587112916], [-60.64647508480647, -51.235486587112916]]], [[[-59.11767480091072, -51.88303458398934], [-59.10101894911713, -51.86435103124245], [-59.10271960718927, -51.839236892575116], [-59.0829540407903, -51.84373241629851], [-59.06430856116833, -51.85667947198624], [-59.03793265808093, -51.85849434943361], [-59.01696068242745, -51.850907445858695], [-58.989678744233686, -51.85333666914738], [-58.967648967330376, -51.83874764414497], [-58.97268672604514, -51.816918584546215], [-58.95978993740994, -51.80115394214869], [-58.94135201772815, -51.78840093658255], [-58.9383244147474, -51.81354814798749], [-58.91631920115066, -51.80978847074658], [-58.93407110277178, -51.82156280400022], [-58.931784434387, -51.84163593808722], [-58.902226179487684, -51.85234369748133], [-58.88110822761263, -51.85783166651413], [-58.86196183199036, -51.86389362738464], [-58.874365249069115, -51.84471872078143], [-58.84995493685949, -51.848391110558055], [-58.824668591868374, -51.85832775757979], [-58.85256548998598, -51.853435975086484], [-58.83568470848542, -51.871117432653534], [-58.81052135547907, -51.87507484451186], [-58.785573457761075, -51.88932533451481], [-58.76123841454108, -51.89908793296456], [-58.7350391918082, -51.88776065188955], [-58.71204144517566, -51.893500833444705], [-58.69151195994402, -51.893909373867814], [-58.724425036157186, -51.87136938199751], [-58.6983300320249, -51.87782207489386], [-58.66814436009611, -51.8916047216336], [-58.63803851891396, -51.88688312776412], [-58.66003302992715, -51.88900337974724], [-58.684457553764105, -51.89166411219975], [-58.66226250089812, -51.903374142225914], [-58.641379304052805, -51.89448898017554], [-58.61539851929581, -51.90077455486147], [-58.59322241526644, -51.89828418648477], [-58.57310033001852, -51.89932102119815], [-58.59375842170505, -51.88875985210831], [-58.57351071268948, -51.890177067168395], [-58.55311404476515, -51.889891431003946], [-58.533127584059685, -51.89105406493718], [-58.511791369660955, -51.89216722135285], [-58.534025723817365, -51.88272192818772], [-58.55160182234454, -51.863154622762806], [-58.57181268640039, -51.8505789116341], [-58.551599716918304, -51.84930284786043], [-58.58006139563361, -51.83147716859378], [-58.607541068444675, -51.8261237713902], [-58.58570358714081, -51.82866098550136], [-58.5621135139171, -51.828946797117965], [-58.5481001475481, -51.84744647597023], [-58.53035929941524, -51.86134957063814], [-58.524222859090116, -51.8847845441266], [-58.501835861528946, -51.88788346842216], [-58.461142182523986, -51.8908479963406], [-58.48014049649868, -51.8975872903884], [-58.45763524416185, -51.902934809943645], [-58.437203485799614, -51.901253188434225], [-58.40592071133079, -51.89982158629465], [-58.42819155954248, -51.905811787219704], [-58.402366751781926, -51.90616234069404], [-58.42273640006914, -51.91520663788032], [-58.4430400783329, -51.920763822801916], [-58.4597947097094, -51.90949084417957], [-58.433293358306514, -51.92252194146596], [-58.41069055455239, -51.92141703130312], [-58.392870226577486, -51.9018534103742], [-58.348493455212065, -51.88253963336291], [-58.32310692702072, -51.880551584604575], [-58.30690742637182, -51.86583272498217], [-58.2782066063221, -51.86364597661935], [-58.25767168207261, -51.85307664900267], [-58.23199004329871, -51.84541605550817], [-58.249699134585626, -51.86336235815514], [-58.225511295752085, -51.86453674738493], [-58.214294988187135, -51.8458464397288], [-58.23678690615736, -51.83829848654011], [-58.210750152152116, -51.8288124007409], [-58.190096271318055, -51.82666021645929], [-58.16461956070145, -51.81588946972914], [-58.20783413676395, -51.814664023912144], [-58.23101838907354, -51.8107552123102], [-58.25399701141748, -51.80438884189107], [-58.281676699724585, -51.80726424009737], [-58.29477139842976, -51.822724209767955], [-58.32055585218677, -51.83403061203251], [-58.33933134188061, -51.82700515546378], [-58.364902445775215, -51.830516743308806], [-58.384153059998425, -51.82438109251876], [-58.33816739205599, -51.82272342023322], [-58.298961547617466, -51.82216197322708], [-58.28635776413836, -51.80659989038213], [-58.25927987684099, -51.805104862276096], [-58.241099170068765, -51.79432771154109], [-58.220463887166886, -51.79491670454098], [-58.18940463878744, -51.79374529799827], [-58.14659079552541, -51.797165650704926], [-58.120637907666435, -51.798570057755114], [-58.14392883490751, -51.786065667941386], [-58.16907148455573, -51.780223285485874], [-58.19714664209761, -51.78282839959434], [-58.222051729481336, -51.782316956462125], [-58.201273628497006, -51.77732788573002], [-58.22609239340369, -51.7694306949582], [-58.24870677700204, -51.757597497495], [-58.271142199367375, -51.75414696701176], [-58.30518378406293, -51.75300258010628], [-58.277985185659304, -51.7490215699284], [-58.23391475381669, -51.755029491524624], [-58.21274714897203, -51.75851914784607], [-58.19092300203465, -51.76539889137143], [-58.16659304692797, -51.76043534893273], [-58.18614087715963, -51.74601291578426], [-58.15172698291849, -51.740077982298885], [-58.16372615815288, -51.76034385061598], [-58.13363330043251, -51.76748580743839], [-58.06834578622795, -51.77159770494967], [-58.090538382762986, -51.76488911503509], [-58.071194077070686, -51.75830527162708], [-58.046791484757705, -51.75025815695949], [-58.06564382251082, -51.741845750833306], [-58.08672229764318, -51.742069891005315], [-58.06495008455397, -51.73559026619796], [-58.04397056445612, -51.73777701456078], [-58.037899918702465, -51.75812920535503], [-58.008821876445495, -51.7579235753891], [-57.971963582301385, -51.753767025295645], [-57.94731114607032, -51.74599747599166], [-57.92175127111608, -51.74484150924167], [-57.90046892053937, -51.74590588994869], [-57.870364132070165, -51.74226859060991], [-57.903378619648606, -51.7384883854628], [-57.92339876717449, -51.74016439250215], [-57.95122302808579, -51.734858367389734], [-57.97258152491236, -51.736118465014215], [-58.00188625139799, -51.739438020438], [-57.95408324967764, -51.73287382767529], [-57.9341304757927, -51.725246394644614], [-57.89973903943155, -51.72789554725273], [-57.86982514294425, -51.72987184071434], [-57.85001904708963, -51.72076543345298], [-57.82917743241296, -51.72165949394724], [-57.8046534271848, -51.71005784951109], [-57.78588004291703, -51.70213513044558], [-57.76183046040899, -51.69354630714315], [-57.738502688208314, -51.6922720856175], [-57.71931172772969, -51.68379059519191], [-57.747205116803286, -51.68028484113205], [-57.769034176402045, -51.681362819383764], [-57.78736121029999, -51.67334790019294], [-57.80838038259219, -51.67776955854458], [-57.78178498881579, -51.69455945581086], [-57.80187426450436, -51.69453107641931], [-57.82907251200362, -51.69435233450133], [-57.86476089094879, -51.69074034414086], [-57.90315263722863, -51.68890866714639], [-57.881493766253755, -51.681914572656524], [-57.831387077286536, -51.68223766786332], [-57.859479078238564, -51.680033067240174], [-57.8903607690026, -51.674797573907995], [-57.91044197389044, -51.66300468658528], [-57.92958977313049, -51.65376949741699], [-57.959002578164416, -51.65517377287796], [-57.93661733512539, -51.65109354448697], [-57.914868983533836, -51.6523874166578], [-57.89538747422955, -51.66693569288924], [-57.873380857015036, -51.67082744176582], [-57.849733060020924, -51.67259911411145], [-57.83075580030908, -51.66271891883184], [-57.80646374287517, -51.65944875319934], [-57.7849936584559, -51.66109747742331], [-57.75866530291182, -51.645036627867], [-57.73851321533965, -51.644208054902435], [-57.76262174978319, -51.63416701382812], [-57.78188745289452, -51.61852045075403], [-57.816862092333054, -51.61362599261497], [-57.84278585512868, -51.60770097217829], [-57.86621328417294, -51.60486873521057], [-57.88797111018289, -51.599616135289864], [-57.91528410341391, -51.598854278020326], [-57.94447513688061, -51.5949448961988], [-57.97547894236834, -51.58684255795447], [-58.004993509672545, -51.59471944013529], [-58.036230315667865, -51.59206054993075], [-58.05999847286387, -51.5918906244853], [-58.06956728437058, -51.57029298632449], [-58.08955900864163, -51.565889355685215], [-58.072891752455575, -51.57700688366788], [-58.09970400513811, -51.57760741264917], [-58.12409571941572, -51.57074104735318], [-58.14978262175521, -51.567406095999786], [-58.11152106100013, -51.569304093921915], [-58.13053902561995, -51.55714187974047], [-58.15903561932089, -51.551878357921], [-58.13755290234417, -51.54059450126289], [-58.11574630062569, -51.52951408141848], [-58.09258064624771, -51.52586287749358], [-58.11184424393281, -51.51483996210425], [-58.08847295958901, -51.51967165222254], [-58.06615087933824, -51.52653731570962], [-58.03699212907418, -51.53346737015039], [-58.049074468646495, -51.51430228886977], [-58.063907898548734, -51.49764709502176], [-58.03772341379994, -51.500828745024705], [-58.011357862391606, -51.50928843551577], [-57.989271238978745, -51.513035655651265], [-57.975634743912565, -51.5328502170741], [-57.95427835251223, -51.54023684197466], [-57.93304512854888, -51.53859557446884], [-57.91168978986161, -51.541744327186166], [-57.861625911228316, -51.544593451427204], [-57.825205896653074, -51.546866390678076], [-57.787055221681726, -51.544862945990076], [-57.764626466499465, -51.5404057585701], [-57.77395631212403, -51.522321725954555], [-57.80275538539945, -51.5158375832533], [-57.8243181085748, -51.515160469391276], [-57.849391279155896, -51.51143750552092], [-57.874164777397425, -51.50937111736005], [-57.89692408450435, -51.49868099091094], [-57.87518871637485, -51.49567360879507], [-57.850657342154534, -51.48220949550529], [-57.8343694136023, -51.503850821261324], [-57.79180225611856, -51.507327143216344], [-57.77167929360962, -51.50979957160655], [-57.75163984634315, -51.51304956023728], [-57.77182351530945, -51.49547306694268], [-57.800609956027245, -51.485541200993225], [-57.82248217686458, -51.482959422025885], [-57.84130538955412, -51.46805616215232], [-57.843817163098095, -51.44631702180055], [-57.86814641639586, -51.442614980603935], [-57.85405479835072, -51.423327038927596], [-57.871172615758894, -51.40899364776516], [-57.89277007846778, -51.398294617117415], [-57.90469907282613, -51.38017281841809], [-57.92527856193203, -51.37103039959493], [-57.94506781437667, -51.366716381161496], [-57.9660217184545, -51.37143148329994], [-57.99559804492918, -51.376903749361816], [-58.0211014242787, -51.3809662132187], [-58.041174558365526, -51.37430609197139], [-58.06160280768415, -51.36951440495233], [-58.08833575597714, -51.37877086769856], [-58.109129296753736, -51.37840772552954], [-58.13280446428968, -51.37924796606461], [-58.15331973789404, -51.3792127879006], [-58.173139869923716, -51.386852020091055], [-58.19996194792918, -51.38564232110804], [-58.23307047788114, -51.38280947005768], [-58.25608138342784, -51.38975522746938], [-58.28128298501156, -51.391133843047726], [-58.28668340340164, -51.41299610697331], [-58.29710842159284, -51.431853006483266], [-58.318093205255934, -51.44442003272866], [-58.33271574162649, -51.459022435960435], [-58.347468814425895, -51.47363957717607], [-58.36877046474325, -51.47946735323683], [-58.37660651042722, -51.500924541920085], [-58.35422688185787, -51.51561993481232], [-58.33210937885991, -51.52037126782784], [-58.31550598727085, -51.509100920988374], [-58.300005839048595, -51.493614940530506], [-58.29645082678667, -51.51823259336487], [-58.27582186016349, -51.52618733245487], [-58.250703773821954, -51.53530295095618], [-58.230566073329214, -51.53117333277379], [-58.20943671706209, -51.52559154068268], [-58.22740758301552, -51.54550900481462], [-58.24841692998535, -51.54582345900104], [-58.23885232933128, -51.56434809592736], [-58.22482808492657, -51.579404657151485], [-58.20334010438404, -51.579712356428615], [-58.17495720370192, -51.58241932053306], [-58.207191981750725, -51.584119408385504], [-58.18445758885463, -51.59561608854938], [-58.15357695080377, -51.60612269200834], [-58.173665173778886, -51.60747551611479], [-58.19467346803572, -51.60737756993012], [-58.21444868430501, -51.59849236401652], [-58.233492966753374, -51.5909105485552], [-58.255607662516184, -51.59373129340452], [-58.23880636085772, -51.60882386619056], [-58.203595211867594, -51.62256168489591], [-58.22775778558554, -51.62651203480374], [-58.20457809503267, -51.630740608020915], [-58.173245843046175, -51.642797068395055], [-58.203311681129605, -51.6448049871139], [-58.22507827974886, -51.63730251990518], [-58.20934056926217, -51.65456385720461], [-58.23627212943347, -51.64294098305339], [-58.24498754149079, -51.62114126783348], [-58.253179404214904, -51.642139868356594], [-58.265486322589254, -51.65938752038522], [-58.256866005618974, -51.63881610208023], [-58.281385799994666, -51.623359948494794], [-58.25528939224489, -51.618574226850114], [-58.26971191311918, -51.60104045616356], [-58.2900654198051, -51.603072104790954], [-58.31144812903386, -51.617603932379495], [-58.29921981324031, -51.60096360810462], [-58.28074434679007, -51.59296816410665], [-58.279334062091266, -51.57299797659181], [-58.29066230815346, -51.553621519285855], [-58.31177587372383, -51.54713878020209], [-58.332008318398664, -51.55263424981604], [-58.34409627244088, -51.56914272177062], [-58.363665507840096, -51.56006736954686], [-58.38602969661645, -51.56384318838917], [-58.36852167353857, -51.55233563018959], [-58.39014545407582, -51.55229536391215], [-58.37717602823409, -51.53071281463963], [-58.404143029747615, -51.52828990762981], [-58.409407297239, -51.54930763244158], [-58.4262415839093, -51.5644021790647], [-58.444207888105666, -51.547290984976485], [-58.42565101183965, -51.53712769758914], [-58.42269815149177, -51.514226318071735], [-58.40925254840772, -51.49074033185923], [-58.43679713852919, -51.501266673689486], [-58.42143735205866, -51.48522885223292], [-58.43588338352663, -51.46889078821738], [-58.454052159549576, -51.477879905689974], [-58.472609035815594, -51.49111172028108], [-58.47528959436556, -51.468462114655495], [-58.49249057611206, -51.479917344239595], [-58.51580361032876, -51.49181831011094], [-58.52738310392607, -51.51164076688235], [-58.53745300688564, -51.49370477205156], [-58.5145922884131, -51.48295025464898], [-58.54005145381092, -51.4776935316018], [-58.52536715826943, -51.46291593935888], [-58.503174210830025, -51.453338092064655], [-58.519976565201716, -51.441379621738236], [-58.54107627004919, -51.44483905642005], [-58.52009060912508, -51.43903308029388], [-58.542183724268625, -51.43346795616071], [-58.5613969671756, -51.444165583190966], [-58.58157537257614, -51.44819563225582], [-58.5960382474542, -51.46489232054654], [-58.62017204701317, -51.469513204859254], [-58.59177511015565, -51.457465736409745], [-58.57593897099093, -51.44477883245594], [-58.55114143579965, -51.4366420178564], [-58.531303232194205, -51.428334663728776], [-58.55427711732892, -51.43213851105844], [-58.582647034548984, -51.43977840119453], [-58.537003849280666, -51.42067174549294], [-58.55749034872588, -51.40473752855422], [-58.53673435471774, -51.4084546586393], [-58.50375285215057, -51.38106266805977], [-58.506774489756765, -51.402366336077364], [-58.51746724798892, -51.42134706096999], [-58.49771203326901, -51.40728684886648], [-58.476746198442186, -51.403399617883906], [-58.47479762642638, -51.42914586692655], [-58.45567789953691, -51.45530416543613], [-58.41616045200982, -51.44446582575006], [-58.39509671486127, -51.444520303654826], [-58.369874409918964, -51.44237803242197], [-58.3651129884027, -51.46491548023556], [-58.34211576812669, -51.454541825673175], [-58.35734080731589, -51.438099060563445], [-58.337498919214454, -51.43500320668119], [-58.318598507561546, -51.42223120841555], [-58.33026397273164, -51.39623901926626], [-58.35002655644337, -51.391271836194676], [-58.37212616331817, -51.39717992549504], [-58.35111330730467, -51.386131525675125], [-58.33169741711919, -51.3797043172093], [-58.348426783380205, -51.36563542022253], [-58.36672644673666, -51.35232671370943], [-58.38615672400158, -51.34323914562697], [-58.40027220354449, -51.324425517013196], [-58.420345688536145, -51.31748258876797], [-58.44785378460193, -51.31414748389392], [-58.46567762162056, -51.29850087695689], [-58.488597993837345, -51.30519740453343], [-58.50923082040879, -51.308947848602884], [-58.530335964273945, -51.29477457949491], [-58.55214116237477, -51.303029890116875], [-58.58431576032274, -51.30080272195596], [-58.59804015693544, -51.31862434389069], [-58.61921197263274, -51.3219801959861], [-58.62760349994818, -51.3432831183319], [-58.60569478505539, -51.345512940207186], [-58.58578113700861, -51.342826328556725], [-58.57131949029599, -51.32329437674798], [-58.56983376115568, -51.346156498837956], [-58.59076327737927, -51.350437291013066], [-58.61330081291902, -51.35867343348332], [-58.63954407415133, -51.341705452244696], [-58.65922823073453, -51.32943930457253], [-58.68816678850044, -51.33056987461811], [-58.717145173913764, -51.325358308578245], [-58.7378987115913, -51.315167146224326], [-58.726053407927225, -51.332219190993214], [-58.73940075778495, -51.350012916029925], [-58.73386278487811, -51.330793927064065], [-58.75147327203456, -51.321158334067945], [-58.776533108249, -51.31385783426077], [-58.8164697110567, -51.30478908342559], [-58.83189967840292, -51.29160992642289], [-58.85183648613889, -51.28552193283372], [-58.87526303792214, -51.28540102434374], [-58.89509545160536, -51.27949346139985], [-58.91547632883277, -51.266221007695435], [-58.93914184649793, -51.24679774851802], [-58.95816489923152, -51.2378228646042], [-58.94677857849484, -51.2558054639228], [-58.941897147680606, -51.27595200281951], [-58.91547194252803, -51.29962206031024], [-58.904794799540696, -51.31724173677503], [-58.88397985359711, -51.335268813223536], [-58.85999694292104, -51.3535990710555], [-58.87984584910993, -51.38422800100915], [-58.90037235165437, -51.38473913709993], [-58.92155890533542, -51.379925474694005], [-58.941850652850576, -51.387985485097715], [-58.96405921553492, -51.38475426985133], [-58.98883850369867, -51.382724331882685], [-59.00282186774331, -51.40235756346789], [-59.0198016042786, -51.41938726001422], [-58.98906413521428, -51.420433656871865], [-58.96778652184696, -51.42405126170246], [-58.958766173884555, -51.44709225729946], [-58.97957427719291, -51.44393284586164], [-58.99993374925316, -51.42908301117973], [-59.03678028810077, -51.43248643275007], [-59.05840512135103, -51.42661782019229], [-59.084397135048164, -51.419985376527904], [-59.10519997479082, -51.414918185708245], [-59.113762392539, -51.43338544976871], [-59.135820768149074, -51.44384827790634], [-59.14303132677776, -51.46379973590007], [-59.12311136245205, -51.46878227103821], [-59.103270000707255, -51.47512451678131], [-59.08155428322311, -51.47272586603668], [-59.05837599628774, -51.481888768902934], [-59.03268769033059, -51.491358406059476], [-59.002874152495565, -51.50410807803394], [-58.97913652398057, -51.50308791127867], [-58.957780483484214, -51.50749562118125], [-58.934763437111144, -51.518831060782986], [-58.90478058791359, -51.523332988511356], [-58.87906578867563, -51.52995402778339], [-58.85467688163328, -51.5216624643528], [-58.83210039570781, -51.52002540769945], [-58.853394852485394, -51.51179108554555], [-58.87963074472566, -51.53327467978335], [-58.898706082211504, -51.5236644615602], [-58.919242760983025, -51.531842024930654], [-58.93479343943551, -51.545645155713544], [-58.924533346302724, -51.52802041306688], [-58.94353078301617, -51.52019726311903], [-58.96416220597007, -51.517374500569474], [-58.98103105672175, -51.50642501192135], [-59.01638397108076, -51.50965249880886], [-59.04144310548685, -51.50389810562638], [-59.0612370951406, -51.51549466194905], [-59.055816850652775, -51.535940061718975], [-59.03986386032989, -51.5491409967247], [-59.036858013420556, -51.572329152845725], [-59.029100394865736, -51.59531896026658], [-59.04999218886826, -51.5897795837422], [-59.07198617352532, -51.58263122291481], [-59.08017400084884, -51.56148230372844], [-59.08413606219034, -51.53846350283317], [-59.096158397113754, -51.51647535196173], [-59.1123280708905, -51.5013836564367], [-59.1126909060182, -51.52879547311363], [-59.138831878623876, -51.547557058221685], [-59.15894712123662, -51.577637546562585], [-59.17844407033351, -51.58458084764368], [-59.1604353067072, -51.59722976619855], [-59.13025647741404, -51.60668484082322], [-59.10687975405244, -51.61356340004636], [-59.088554123771985, -51.627991447664954], [-59.07165579705247, -51.64466409900581], [-59.04982621109724, -51.64562562086678], [-59.01419994222715, -51.65623310933472], [-58.988853768039064, -51.66668010291232], [-59.02909495584754, -51.65600076677282], [-59.01199415730167, -51.67260336882714], [-58.99411487739121, -51.68708080623702], [-59.02095309699757, -51.67170764153701], [-59.00408108810666, -51.690119682020736], [-59.020530081768925, -51.677015903664824], [-59.03210939991396, -51.69946474812275], [-59.01431679338498, -51.71236978301101], [-59.00327523620075, -51.73619882211693], [-59.00274344061461, -51.759195779214565], [-58.989989470061346, -51.78327553949907], [-58.967879862411564, -51.78031311700687], [-58.94983302566044, -51.77052393755048], [-58.97463371899107, -51.78794362045073], [-58.99572254580278, -51.810135515177194], [-59.01186011182875, -51.824520489283316], [-59.03310579289791, -51.825415032270996], [-59.047812897223764, -51.81051738686756], [-59.04379012942462, -51.7861862913216], [-59.06409538675814, -51.78493812444606], [-59.04287935710937, -51.780404264419246], [-59.02959271370912, -51.756223882304084], [-59.052108142272914, -51.75358771315808], [-59.04531726528137, -51.726485087101935], [-59.04705178562597, -51.701030658913226], [-59.070849945146506, -51.69614181524429], [-59.09200404017258, -51.69658298977453], [-59.1221804131352, -51.70237620175391], [-59.14539852771725, -51.70496714809815], [-59.157739659269055, -51.721607340783976], [-59.17692781251236, -51.727337258385944], [-59.16506180549004, -51.7451819742152], [-59.183655175811566, -51.73564544591153], [-59.20653238678983, -51.73704616846578], [-59.2149165451134, -51.762077318247464], [-59.215796086938894, -51.73486363095549], [-59.23239474131867, -51.72205145413841], [-59.24896023523502, -51.735947750033915], [-59.23906701263013, -51.75482903739817], [-59.26242110265946, -51.766659076721965], [-59.27375320866963, -51.74927606332915], [-59.298333007694055, -51.76143112783387], [-59.29145475551212, -51.78067244309085], [-59.27448659882117, -51.79302392632155], [-59.29513697061151, -51.80340350239538], [-59.31966009857865, -51.80376651297513], [-59.342212547554425, -51.80268046392274], [-59.36035553210559, -51.820377975365034], [-59.376958046433856, -51.833468287765356], [-59.38245513898039, -51.85325701385335], [-59.39296525148319, -51.83378006630596], [-59.41296925740755, -51.84106396394958], [-59.40670578969747, -51.815075459296395], [-59.4238611538745, -51.82769924432506], [-59.44982860426518, -51.84104755916991], [-59.47158379849202, -51.8354511606841], [-59.497833025098885, -51.83591119632473], [-59.51456502314261, -51.85736715684271], [-59.487378180035876, -51.86118622464977], [-59.46560175609392, -51.864671494666425], [-59.48708657849704, -51.88125725331054], [-59.46748453353854, -51.88568285933644], [-59.44730981263382, -51.88577269085732], [-59.4789545449695, -51.89825927227389], [-59.49864449147475, -51.89442301015225], [-59.52052127406904, -51.88247971644029], [-59.52705739448152, -51.90289726317502], [-59.49902224003864, -51.90968875424926], [-59.474053288058144, -51.916315583443634], [-59.48954220734015, -51.9298425086173], [-59.517565781938345, -51.93866556059271], [-59.532743799940704, -51.92556726511771], [-59.556771275472784, -51.92615371406089], [-59.57891807898659, -51.917212144131554], [-59.60070818819918, -51.91674254634654], [-59.60928113307864, -51.93911287594955], [-59.58707871122073, -51.95090010493914], [-59.565085779277126, -51.951795437461726], [-59.545791652910964, -51.963476956507066], [-59.51808143592319, -51.96240906675621], [-59.538450557853764, -51.97137827040541], [-59.55918058493768, -51.97674149293158], [-59.58054311716501, -51.98009929693268], [-59.60801664914925, -51.977873422731534], [-59.58311945711421, -51.99449409636139], [-59.563913056843035, -52.00400588590634], [-59.54253473391901, -52.007148322344904], [-59.567834062372185, -52.00963921707802], [-59.592737395233826, -52.00722174908611], [-59.61969650139906, -52.00345549238813], [-59.640829542162464, -52.0056734712407], [-59.6137002473734, -52.02089324686398], [-59.59503669617618, -52.02913853477952], [-59.61464242563068, -52.034534566865204], [-59.60425705963462, -52.052665094310896], [-59.57388172388909, -52.05151105753498], [-59.55738027002229, -52.065372043677314], [-59.570763938483424, -52.08106641747315], [-59.592724587224154, -52.08329852022689], [-59.610052596355274, -52.09364054953221], [-59.62750465018473, -52.07810671448982], [-59.626801437809604, -52.10104173696453], [-59.60348805268825, -52.122380056789325], [-59.624188077448025, -52.12058254910886], [-59.64757252070598, -52.11661583828442], [-59.66525353964249, -52.12905460897929], [-59.66398835390481, -52.10868320617021], [-59.69165523420179, -52.10361755055743], [-59.72196863532429, -52.09876322710659], [-59.71077443473496, -52.11843001392293], [-59.730352442743424, -52.126252111157726], [-59.70696782403337, -52.13521868302399], [-59.67611332835878, -52.14726786213242], [-59.66380640998426, -52.16311601977213], [-59.642353519879634, -52.16005227364042], [-59.62077798869461, -52.175040189195386], [-59.64171452300582, -52.179005584128504], [-59.617251926043764, -52.189102594451356], [-59.63236362311852, -52.206288750487545], [-59.60680883627731, -52.21454070558633], [-59.585369806895926, -52.21347553534446], [-59.5638767382398, -52.206702905380666], [-59.57568168790044, -52.22506722286886], [-59.59351745566812, -52.243947720698316], [-59.575529570852325, -52.258741147501325], [-59.55121891548629, -52.25983202148899], [-59.53177425114194, -52.24959342124936], [-59.50839033424063, -52.24271183547597], [-59.49393324928451, -52.256777749775665], [-59.51057331038112, -52.270188350147805], [-59.49063773081076, -52.276091526786786], [-59.499501926324626, -52.30419817799691], [-59.47738284425657, -52.31175376335585], [-59.454974266076306, -52.30757694853463], [-59.42952404874006, -52.30662617312015], [-59.406882470052324, -52.31417596855687], [-59.423404627277705, -52.3305761865106], [-59.40050671294108, -52.33638856664169], [-59.37791338360523, -52.33404101634733], [-59.364187934279244, -52.35035903495026], [-59.34020993626439, -52.35556171872315], [-59.31880564641631, -52.34947501909386], [-59.29771910048305, -52.33223631512698], [-59.32529193840696, -52.33756558765441], [-59.34514540635274, -52.334940647448434], [-59.367093948892546, -52.32810643376632], [-59.386181217127216, -52.32042425965261], [-59.37223259261606, -52.29743239066846], [-59.351072883120025, -52.29513519515234], [-59.34094473003387, -52.27662709459503], [-59.36234059817684, -52.270796818340614], [-59.39295718068263, -52.28317339123447], [-59.4149757286458, -52.28408776031961], [-59.39244100034131, -52.279303793196846], [-59.37337057551662, -52.271057364841965], [-59.35370624503105, -52.260821922741684], [-59.33977937659154, -52.24438380711513], [-59.36853563953292, -52.2412368966456], [-59.38635210755979, -52.231088478831396], [-59.361059270837416, -52.21940441572923], [-59.333211674784934, -52.21608187761825], [-59.35777375313853, -52.211779088124956], [-59.37869414584793, -52.2054878989689], [-59.41298908350501, -52.23026569578917], [-59.43541432964355, -52.24383174680105], [-59.422469642560145, -52.227671284264204], [-59.404341746897444, -52.21264889235397], [-59.42552952874382, -52.21121562341858], [-59.46187673066021, -52.22444594666604], [-59.4393035783263, -52.21392092072716], [-59.42279229913663, -52.19307816561138], [-59.46635497234303, -52.19640570410979], [-59.44457082850465, -52.18959929959959], [-59.42131481624966, -52.18077361584136], [-59.399874558702436, -52.18239426771487], [-59.41721204225223, -52.170361493386395], [-59.441755171769046, -52.16766488096113], [-59.46463097912971, -52.16350929585468], [-59.490972669040445, -52.166228892516756], [-59.46797193972071, -52.16218691270308], [-59.44672467958196, -52.15986094302798], [-59.438077869330925, -52.140560149478745], [-59.454544057308055, -52.12792767956665], [-59.43261200727392, -52.13245917098885], [-59.41400161809025, -52.14201991169472], [-59.40901105601449, -52.161814164526675], [-59.38805978371937, -52.158702169042954], [-59.40104429844928, -52.13625613182012], [-59.41120824378248, -52.11628160186348], [-59.3914330275129, -52.12876739374519], [-59.376835580805505, -52.143618807496864], [-59.365925963667564, -52.12264867409141], [-59.35779638647091, -52.14193060653031], [-59.34967488007487, -52.16110691675112], [-59.32668274791229, -52.15535796258649], [-59.305828149773674, -52.147818255650634], [-59.28166311972507, -52.13482119608898], [-59.29864215445184, -52.15715547026713], [-59.32545668801288, -52.17003173099636], [-59.29971907999021, -52.16886839525438], [-59.274403785387904, -52.1647997467079], [-59.253948691884545, -52.171620099667166], [-59.24715325313616, -52.190851765053765], [-59.23575675617229, -52.21105622510447], [-59.222122015628486, -52.22614432385967], [-59.205095257906066, -52.21400197963874], [-59.18508072485042, -52.20973568420084], [-59.16241072290791, -52.21003737424053], [-59.14831542036654, -52.22560068525081], [-59.12656899874895, -52.22321137733525], [-59.10493170839317, -52.23343866090863], [-59.07953254764442, -52.23588472760741], [-59.05815966373808, -52.24276315524145], [-59.03711382271297, -52.25163112297736], [-59.01256279784752, -52.25631806503935], [-59.03642657648709, -52.2452133450667], [-59.053952320235794, -52.23350419230138], [-59.05016536017939, -52.21248344093931], [-59.02753501043156, -52.208474007506766], [-59.05062171132391, -52.20350765783303], [-59.07085538416442, -52.1984788471799], [-59.0871947202084, -52.21376099605658], [-59.106579730808505, -52.19771133157735], [-59.08699821375632, -52.1812293529033], [-59.05985926909693, -52.18099837009595], [-59.0405346140501, -52.16648724586571], [-59.02426352890757, -52.153850916005524], [-59.0406597114611, -52.14196797784666], [-59.062607903096364, -52.1393705836345], [-59.080813874983676, -52.14937697290145], [-59.104849596768645, -52.16077075035605], [-59.1069258979781, -52.139317509347165], [-59.12386457870116, -52.150629613807666], [-59.14619455430068, -52.157104676858296], [-59.17085506133219, -52.15306813606236], [-59.149855890589606, -52.137938191960075], [-59.126346349920595, -52.13022022559966], [-59.11340604914221, -52.11343585507717], [-59.0869973364953, -52.121365943134606], [-59.06935667156239, -52.10718344085507], [-59.08967473690592, -52.103645447455506], [-59.11202822309883, -52.11017183027144], [-59.132386993349996, -52.09800351912645], [-59.15258873389206, -52.10598624284057], [-59.17018220218597, -52.09624882178014], [-59.14377594586955, -52.09391109680831], [-59.12375071023024, -52.082369413157835], [-59.0999106176364, -52.08078113221313], [-59.12164352943557, -52.07050270432643], [-59.136736277673776, -52.05594175167448], [-59.1358063810697, -52.03578229511021], [-59.154671175928115, -52.04424172242307], [-59.16628084730206, -52.06465997096666], [-59.188083062715634, -52.06554442545354], [-59.21841137727415, -52.085379207741255], [-59.19021463136505, -52.06318204944904], [-59.21182367391833, -52.05179967638662], [-59.23370484281725, -52.05692498574399], [-59.21431772679091, -52.05004366314887], [-59.189853550759096, -52.043339810443285], [-59.197095866233894, -52.02226028259781], [-59.22310454788919, -52.02214158919162], [-59.24361122433618, -52.01668037661773], [-59.26398210078861, -52.01189702357749], [-59.28132028614698, -52.023835580080515], [-59.3030870602185, -52.03619732726429], [-59.28283180675885, -52.016493520035965], [-59.318421581573546, -52.013303711506296], [-59.28296795765766, -52.012076686619594], [-59.278434448535506, -51.990429044584744], [-59.253995011262475, -51.99563400923603], [-59.23879260540599, -52.010895805658606], [-59.21412806297417, -52.01087308460012], [-59.1931829315057, -52.01218722149889], [-59.16915282419046, -52.01228608880763], [-59.16227790560049, -51.99202706312599], [-59.18113901596291, -51.983708348469065], [-59.15787686288098, -51.99004936604683], [-59.13821604143925, -51.98187943484646], [-59.129444309229086, -52.00165377385491], [-59.107071172391045, -52.02343782996712], [-59.08154989691809, -52.01451012076075], [-59.071543858555685, -52.03200358130675], [-59.04549341927947, -52.04055591055385], [-59.034560116095804, -52.022865943555644], [-59.01389202363447, -52.02031995683501], [-59.01727351368129, -52.04432093908662], [-58.9971007227507, -52.03831012252931], [-58.99977180688245, -52.06238409289165], [-58.987458572228775, -52.08138258231838], [-58.9632086233205, -52.07918258731536], [-58.95125050389851, -52.06067913624088], [-58.946769454980654, -52.08259618511266], [-58.93371616299237, -52.102031725943334], [-58.910295401131236, -52.09742084240543], [-58.89303511654521, -52.08315324581406], [-58.87249317420793, -52.07904029558972], [-58.86771578654219, -52.05735300136001], [-58.88292170144268, -52.04394880499285], [-58.856175243330995, -52.05384834387644], [-58.83319591917859, -52.05420766996025], [-58.8094188139205, -52.04890234665663], [-58.8227142299304, -52.025276042555674], [-58.8013799455058, -52.03722600345088], [-58.78006969803124, -52.047375123073834], [-58.75330236110898, -52.04437910148738], [-58.729634036208836, -52.05788041064142], [-58.738457351362456, -52.07962999039836], [-58.72200835770019, -52.06543661008311], [-58.70246421196401, -52.07837734949197], [-58.68351362098514, -52.087835187488736], [-58.68320850962772, -52.11039877767843], [-58.66646651080896, -52.12928366181262], [-58.63928651033723, -52.11297283674941], [-58.64914499340864, -52.09387074280471], [-58.65975072735455, -52.07509323541041], [-58.66294764169777, -52.05389413689778], [-58.642646244312346, -52.05061704090383], [-58.65661258949467, -52.03460413365832], [-58.68169277816321, -52.0276079776051], [-58.65883258604714, -52.02384637039012], [-58.63282688707943, -52.02457940963757], [-58.61021338074181, -52.01888282795147], [-58.5872637080094, -52.016390354148655], [-58.607283329178586, -52.00839964735985], [-58.63110903469277, -52.00605692200065], [-58.612530577807604, -51.996104747460265], [-58.61380418525033, -51.97578940162572], [-58.63332762762809, -51.96429473916197], [-58.65171220984416, -51.97363055016103], [-58.67547299804835, -51.96015582201369], [-58.69370704228578, -51.974141291484386], [-58.69945801415065, -51.952823938196104], [-58.72524404697714, -51.95185474030171], [-58.74401953667132, -51.961342317444576], [-58.76042045643379, -51.97744619665036], [-58.78094046724726, -51.96158610826171], [-58.8058829259474, -51.96056497651932], [-58.81654866454187, -51.94344961544152], [-58.836975685695165, -51.93565866097043], [-58.85763447919044, -51.94328179542231], [-58.889969440439245, -51.926738496208145], [-58.91096475123396, -51.9038981301897], [-58.890385437580335, -51.907416122039706], [-58.86623637368109, -51.92259598228992], [-58.842657529397286, -51.920640830817035], [-58.82335217409127, -51.92963714182963], [-58.80467283219696, -51.93805814511285], [-58.784611804311055, -51.936352048023025], [-58.76015552362787, -51.9370026247413], [-58.785129563721796, -51.9329351166341], [-58.818314064471906, -51.922073222491576], [-58.83988556025656, -51.91501013142823], [-58.872390710129196, -51.90598741486127], [-58.893890270516124, -51.9020250026154], [-58.9102529417014, -51.88222338079157], [-58.93270292659838, -51.87712114339712], [-58.95580085643115, -51.87480017410934], [-58.98004185727797, -51.8611746448052], [-59.00314136617999, -51.8579767654748], [-59.0146422571965, -51.87532784656912], [-59.030942993758686, -51.888472022791575], [-59.012704914121116, -51.87176248262796], [-59.02461601235632, -51.853679853629785], [-59.04596977197383, -51.8617903065379], [-59.066539435756795, -51.85765805657269], [-59.08723296878577, -51.8600817531173], [-59.107941590702694, -51.87542022214677], [-59.11767480091072, -51.88303458398934]], [[-59.157739659269055, -51.721607340783976], [-59.157739659269055, -51.721607340783976]], [[-59.375042108525406, -52.124861038473966], [-59.375042108525406, -52.124861038473966]], [[-58.67062999126375, -51.3587312011166], [-58.67174604264068, -51.33818846924464], [-58.67062999126375, -51.3587312011166]], [[-58.77992337090518, -51.37353721661424], [-58.77293756653137, -51.39412482038381], [-58.78875844135564, -51.37571277990003], [-58.77992337090518, -51.37353721661424]], [[-58.646199852956784, -51.38163415970382], [-58.646199852956784, -51.38163415970382]], [[-58.37908003539343, -51.38132553930262], [-58.37908003539343, -51.38132553930262]], [[-58.62515822278442, -51.38216621846817], [-58.62515822278442, -51.38216621846817]], [[-58.936815525918405, -51.39338651757072], [-58.936815525918405, -51.39338651757072]], [[-58.85047673167094, -51.38784411449609], [-58.85047673167094, -51.38784411449609]], [[-58.821696782683944, -51.38569776399993], [-58.821696782683944, -51.38569776399993]], [[-58.70088900220753, -51.32955902876034], [-58.70088900220753, -51.32955902876034]], [[-58.82270966817356, -51.31588660985858], [-58.82270966817356, -51.31588660985858]], [[-58.94009437643422, -51.27469780477497], [-58.94009437643422, -51.27469780477497]], [[-58.60135725602862, -51.428514195181606], [-58.60135725602862, -51.428514195181606]], [[-59.01845255239408, -51.44757295243551], [-59.03880272548838, -51.43989569098318], [-59.01845255239408, -51.44757295243551]], [[-59.05551138839098, -51.44205164748672], [-59.05551138839098, -51.44205164748672]], [[-59.05914710866, -51.433654944331636], [-59.05914710866, -51.433654944331636]], [[-58.74474169788289, -51.487818263370514], [-58.74474169788289, -51.487818263370514]], [[-58.7466281598235, -51.49877770893039], [-58.7466281598235, -51.49877770893039]], [[-58.778764684646376, -51.50278345786694], [-58.778764684646376, -51.50278345786694]], [[-58.80942407748637, -51.50017957192381], [-58.80942407748637, -51.50017957192381]], [[-58.77352234867874, -51.5216053108021], [-58.77352234867874, -51.5216053108021]], [[-58.77384219802002, -51.53669169889838], [-58.77384219802002, -51.53669169889838]], [[-58.77052334440498, -51.579266751730586], [-58.77052334440498, -51.579266751730586]], [[-58.77616957131278, -51.592189068659536], [-58.77616957131278, -51.592189068659536]], [[-59.05268590633261, -51.62418088928899], [-59.05268590633261, -51.62418088928899]], [[-58.83824894223386, -51.64664789304851], [-58.83824894223386, -51.64664789304851]], [[-58.38793580920225, -51.65765133324487], [-58.38793580920225, -51.65765133324487]], [[-58.43699820673811, -51.66146649724061], [-58.43699820673811, -51.66146649724061]], [[-58.82287968134494, -51.686378471122794], [-58.82287968134494, -51.686378471122794]], [[-59.00928096464446, -51.69966024572477], [-59.00928096464446, -51.69966024572477]], [[-58.413714999393676, -51.71393170226423], [-58.413714999393676, -51.71393170226423]], [[-58.47560225016724, -51.71473351876989], [-58.47557768686073, -51.73565992071718], [-58.478074371516016, -51.714869976710304], [-58.47560225016724, -51.71473351876989]], [[-58.03174119594934, -51.719947036715496], [-58.03174119594934, -51.719947036715496]], [[-58.06785627461937, -51.72138530603826], [-58.06785627461937, -51.72138530603826]], [[-58.98278505225949, -51.72702591847582], [-58.98278505225949, -51.72702591847582]], [[-58.149422944767025, -51.738802708060064], [-58.149422944767025, -51.738802708060064]], [[-58.852511450711575, -51.742241746424895], [-58.852511450711575, -51.742241746424895]], [[-58.99346798516876, -51.71870255433595], [-58.99346798516876, -51.71870255433595]], [[-58.93298119377113, -51.721607340783976], [-58.93298119377113, -51.721607340783976]], [[-58.97363486967697, -51.723453887351525], [-58.97363486967697, -51.723453887351525]], [[-58.84840236043544, -51.75000059314539], [-58.84840236043544, -51.75000059314539]], [[-58.527226249668615, -51.769249277394294], [-58.527226249668615, -51.769249277394294]], [[-58.825902020760054, -51.77505709576843], [-58.825902020760054, -51.77505709576843]], [[-58.81211288228923, -51.781002995015626], [-58.81211288228923, -51.781002995015626]], [[-58.39318358418768, -51.782692775051885], [-58.39318358418768, -51.782692775051885]], [[-58.18241251813447, -51.78738278752735], [-58.18241251813447, -51.78738278752735]], [[-58.20769903857814, -51.79114597381198], [-58.20769903857814, -51.79114597381198]], [[-58.658050946543426, -51.78970779221538], [-58.658050946543426, -51.78970779221538]], [[-58.84957297744313, -51.78788352807584], [-58.84957297744313, -51.78788352807584]], [[-59.147027074939615, -51.81111471384639], [-59.147027074939615, -51.81111471384639]], [[-59.09665422500103, -51.808564253094914], [-59.09665422500103, -51.808564253094914]], [[-59.04951899431359, -51.81018174682913], [-59.04951899431359, -51.81018174682913]], [[-59.1492463696834, -51.78758446981908], [-59.1492463696834, -51.78758446981908]], [[-59.03264751177903, -51.76971387479193], [-59.03264751177903, -51.76971387479193]], [[-59.032514519019514, -51.76589428062823], [-59.032514519019514, -51.76589428062823]], [[-59.35294355436372, -51.84916810057882], [-59.35294355436372, -51.84916810057882]], [[-59.16726987129368, -51.85092402609064], [-59.16726987129368, -51.85092402609064]], [[-59.16235124461571, -51.872494118257805], [-59.16235124461571, -51.872494118257805]], [[-59.299176055464216, -51.88020822466996], [-59.299176055464216, -51.88020822466996]], [[-59.059643638356306, -51.885460035055814], [-59.059643638356306, -51.885460035055814]], [[-59.052367285156606, -51.87926166010794], [-59.052367285156606, -51.87926166010794]], [[-59.45714110061584, -51.890895719336186], [-59.45714110061584, -51.890895719336186]], [[-59.215059363195564, -51.895896457639026], [-59.215059363195564, -51.895896457639026]], [[-59.110893398337396, -51.897541497367], [-59.110893398337396, -51.897541497367]], [[-58.951796686564364, -51.898319276922734], [-58.951796686564364, -51.898319276922734]], [[-59.28112272698161, -51.90110493133403], [-59.28112272698161, -51.90110493133403]], [[-59.3790362776175, -51.90077964297495], [-59.3790362776175, -51.90077964297495]], [[-59.273855146391725, -51.9059947838532], [-59.273855146391725, -51.9059947838532]], [[-59.46448447655155, -51.90364232089746], [-59.46448447655155, -51.90364232089746]], [[-59.41146703576197, -51.89807960923196], [-59.41146703576197, -51.89807960923196]], [[-59.298996392422, -51.907433930436866], [-59.298996392422, -51.907433930436866]], [[-59.2404595766576, -51.90817828635056], [-59.2404595766576, -51.90817828635056]], [[-59.15168094426389, -51.91075260859981], [-59.15168094426389, -51.91075260859981]], [[-59.231484670812335, -51.913840128503125], [-59.231484670812335, -51.913840128503125]], [[-59.157965992593404, -51.916450155272855], [-59.157965992593404, -51.916450155272855]], [[-59.137391065244515, -51.921884962292324], [-59.137391065244515, -51.921884962292324]], [[-59.34202814730327, -51.9210791103863], [-59.34202814730327, -51.9210791103863]], [[-59.28646822883678, -51.919416349987216], [-59.28646822883678, -51.919416349987216]], [[-59.45095483186907, -51.91032555797074], [-59.45095483186907, -51.91032555797074]], [[-59.293205592910454, -51.92498590428812], [-59.293205592910454, -51.92498590428812]], [[-59.325585645371916, -51.92728073119963], [-59.325585645371916, -51.92728073119963]], [[-59.29221744617962, -51.92830967056443], [-59.29221744617962, -51.92830967056443]], [[-59.0460743414788, -51.93617212180277], [-59.0460743414788, -51.93617212180277]], [[-58.924584402889764, -51.93940131934903], [-58.924584402889764, -51.93940131934903]], [[-58.87244562666456, -51.94012584916527], [-58.87244562666456, -51.94012584916527]], [[-58.8728839062336, -51.944120018257365], [-58.8728839062336, -51.944120018257365]], [[-58.90095380021012, -51.94928787477056], [-58.90095380021012, -51.94928787477056]], [[-59.278899747741605, -51.95314299800259], [-59.278899747741605, -51.95314299800259]], [[-59.00730133759134, -51.957799674561954], [-59.00730133759134, -51.957799674561954]], [[-59.28800747089451, -51.96088052728203], [-59.28800747089451, -51.96088052728203]], [[-59.38322028597861, -51.9607422709567], [-59.40051109924582, -51.97506522271385], [-59.387726424559446, -51.95891221689499], [-59.38322028597861, -51.9607422709567]], [[-59.37436661759625, -51.9799519170935], [-59.37436661759625, -51.9799519170935]], [[-59.51987824179474, -51.990382111124006], [-59.51987824179474, -51.990382111124006]], [[-59.397758956202495, -51.99263570677107], [-59.397758956202495, -51.99263570677107]], [[-59.35680297617438, -51.99084872622177], [-59.35680297617438, -51.99084872622177]], [[-59.51555913524811, -51.98880260278884], [-59.51555913524811, -51.98880260278884]], [[-59.57666562377881, -51.988185712890754], [-59.57666562377881, -51.988185712890754]], [[-59.50935093497753, -51.986791131163216], [-59.50935093497753, -51.986791131163216]], [[-59.51306402966242, -51.981808464435915], [-59.51306402966242, -51.981808464435915]], [[-59.521117285156606, -51.98078180594945], [-59.521117285156606, -51.98078180594945]], [[-59.43598946192037, -51.97820774687858], [-59.43598946192037, -51.97820774687858]], [[-59.4249417639092, -51.97263977164738], [-59.4249417639092, -51.97263977164738]], [[-59.494642777938566, -51.969130289228474], [-59.494642777938566, -51.969130289228474]], [[-59.29128246146223, -51.95893607839281], [-59.29128246146223, -51.95893607839281]], [[-59.439700275726466, -51.95519710451015], [-59.439700275726466, -51.95519710451015]], [[-59.386947241386, -51.95333029321472], [-59.386947241386, -51.95333029321472]], [[-59.308744691518484, -51.94970194193763], [-59.308744691518484, -51.94970194193763]], [[-59.414702900491136, -51.94806225350129], [-59.414702900491136, -51.94806225350129]], [[-59.59005209947492, -51.945065003749505], [-59.59005209947492, -51.945065003749505]], [[-59.564366249848376, -51.941645528303866], [-59.564366249848376, -51.941645528303866]], [[-59.419549767224055, -51.941017935822344], [-59.419549767224055, -51.941017935822344]], [[-59.410341159062455, -51.93795971643465], [-59.410341159062455, -51.93795971643465]], [[-59.35918859959372, -51.93679699477542], [-59.35918859959372, -51.93679699477542]], [[-59.34202656823351, -51.93581314662316], [-59.34202656823351, -51.93581314662316]], [[-59.36999575265338, -51.93922849894244], [-59.36999575265338, -51.93922849894244]], [[-58.978449979563266, -51.944330034528036], [-58.978449979563266, -51.944330034528036]], [[-59.589248703899614, -51.93230383965653], [-59.589248703899614, -51.93230383965653]], [[-59.44408008873086, -52.00731394921161], [-59.44408008873086, -52.00731394921161]], [[-59.44407938692211, -52.01054867350189], [-59.44407938692211, -52.01054867350189]], [[-59.45525990224081, -52.01421562426083], [-59.45525990224081, -52.01421562426083]], [[-59.2984054694482, -52.02333834857575], [-59.2984054694482, -52.02333834857575]], [[-59.42584376361498, -52.02743085861994], [-59.42584376361498, -52.02743085861994]], [[-59.551890195563146, -52.02401857671401], [-59.551890195563146, -52.02401857671401]], [[-59.362596407469084, -52.03958899353796], [-59.362596407469084, -52.03958899353796]], [[-59.29894744126136, -52.042466497170494], [-59.29894744126136, -52.042466497170494]], [[-59.39126634793308, -52.04865346772601], [-59.39126634793308, -52.04865346772601]], [[-59.35581816303517, -52.051289022789376], [-59.35581816303517, -52.051289022789376]], [[-59.44515473339129, -52.06525870156304], [-59.44515473339129, -52.06525870156304]], [[-59.33016950927288, -52.071457953771755], [-59.33016950927288, -52.071457953771755]], [[-59.478935596133226, -52.074154478470916], [-59.478935596133226, -52.074154478470916]], [[-59.37738930791545, -52.079116880470394], [-59.37738930791545, -52.079116880470394]], [[-59.268005219492125, -52.082115797017934], [-59.268005219492125, -52.082115797017934]], [[-59.46519137342278, -52.08420894163777], [-59.46519137342278, -52.08420894163777]], [[-59.488345974312494, -52.08499584470735], [-59.488345974312494, -52.08499584470735]], [[-59.56059490503674, -52.082421434732], [-59.56059490503674, -52.082421434732]], [[-59.475698854142706, -52.088983083437995], [-59.475698854142706, -52.088983083437995]], [[-59.2492663993055, -52.106231174097104], [-59.2492663993055, -52.106231174097104]], [[-59.53616073132963, -52.11556926597444], [-59.53616073132963, -52.11556926597444]], [[-59.57306043219046, -52.140022563970376], [-59.57306043219046, -52.140022563970376]], [[-59.523057435467194, -52.14437290100699], [-59.523057435467194, -52.14437290100699]], [[-59.568014076318605, -52.1612910538239], [-59.568014076318605, -52.1612910538239]], [[-59.437846447893094, -52.20036258961164], [-59.437846447893094, -52.20036258961164]], [[-59.47218823128469, -52.27138291637942], [-59.47218823128469, -52.27138291637942]], [[-59.46949275929853, -52.27957565636427], [-59.46949275929853, -52.27957565636427]], [[-59.45094974375559, -52.29706806419722], [-59.45094974375559, -52.29706806419722]], [[-59.20427238713785, -52.20220597803967], [-59.20427238713785, -52.20220597803967]], [[-58.841622536931766, -51.987149316807916], [-58.841622536931766, -51.987149316807916]], [[-58.94865188152096, -51.99169080900492], [-58.94865188152096, -51.99169080900492]], [[-58.740515405544215, -51.993484193559084], [-58.740515405544215, -51.993484193559084]], [[-59.114615616536014, -51.993839308790484], [-59.114615616536014, -51.993839308790484]], [[-58.73939426605398, -52.00592410469318], [-58.71844843277671, -52.00069115541771], [-58.739632881031525, -52.00695269315372], [-58.73939426605398, -52.00592410469318]], [[-58.977896954262235, -52.0128411318089], [-58.977896954262235, -52.0128411318089]], [[-58.653298999445155, -52.03589116319381], [-58.653298999445155, -52.03589116319381]], [[-58.92188314098132, -51.88603806229389], [-58.92188314098132, -51.88603806229389]], [[-58.59970116281272, -51.79256915424645], [-58.59970116281272, -51.79256915424645]], [[-58.884697628504, -51.79863874728733], [-58.884697628504, -51.79863874728733]], [[-58.491336100705496, -51.802422286026], [-58.491336100705496, -51.802422286026]], [[-58.71904497022069, -51.793969174992014], [-58.71904497022069, -51.793969174992014]], [[-58.90121346945034, -51.8074223225201], [-58.90121346945034, -51.8074223225201]], [[-58.3678528497926, -51.807473642285515], [-58.3678528497926, -51.807473642285515]], [[-58.36060948160468, -51.81105365648443], [-58.36060948160468, -51.81105365648443]], [[-58.383511957698374, -51.814013798098244], [-58.40355737033917, -51.81228515540204], [-58.383511957698374, -51.814013798098244]], [[-58.44729549573515, -51.81395607432796], [-58.44729549573515, -51.81395607432796]], [[-58.7238520093066, -51.81811946705665], [-58.7238520093066, -51.81811946705665]], [[-58.74600916449941, -51.82615526505822], [-58.74600916449941, -51.82615526505822]], [[-58.77577603205168, -51.81790673127699], [-58.77577603205168, -51.81790673127699]], [[-58.93657445461031, -51.81027105199354], [-58.93657445461031, -51.81027105199354]], [[-58.91231994394508, -51.82949499748378], [-58.91231994394508, -51.82949499748378]], [[-58.650517204982066, -51.82982511077819], [-58.61981745813847, -51.840182579876114], [-58.64361912670273, -51.84691310131444], [-58.650517204982066, -51.82982511077819]], [[-58.60519702719415, -51.835559502411], [-58.60519702719415, -51.835559502411]], [[-58.62467941375951, -51.847012144075336], [-58.62467941375951, -51.847012144075336]], [[-58.823350068664865, -51.849762620322736], [-58.823350068664865, -51.849762620322736]], [[-58.70683893685498, -51.85169127851492], [-58.70683893685498, -51.85169127851492]], [[-58.638561717342895, -51.859924460229536], [-58.61877474577659, -51.86428655256282], [-58.638561717342895, -51.859924460229536]], [[-58.82019280651633, -51.8640302169141], [-58.82019280651633, -51.8640302169141]], [[-58.69247536791602, -51.86267888415125], [-58.69247536791602, -51.86267888415125]], [[-58.773842899828765, -51.85818467631924], [-58.773842899828765, -51.85818467631924]], [[-58.768096314268746, -51.85496135642131], [-58.768096314268746, -51.85496135642131]], [[-58.68415437238082, -51.84711995944576], [-58.68415437238082, -51.84711995944576]], [[-58.836254752648756, -51.838062591071434], [-58.836254752648756, -51.838062591071434]], [[-58.744109719096855, -51.837976794950805], [-58.744109719096855, -51.837976794950805]], [[-58.88631547314236, -51.835097975426834], [-58.88631547314236, -51.835097975426834]], [[-58.863500723143716, -51.83412544394088], [-58.863500723143716, -51.83412544394088]], [[-58.709971109340415, -51.83348916657587], [-58.709971109340415, -51.83348916657587]], [[-58.7852565911071, -51.88505245961983], [-58.7852565911071, -51.88505245961983]], [[-58.5700464092094, -51.87552961658696], [-58.5700464092094, -51.87552961658696]], [[-58.582868981568765, -51.87654811654653], [-58.582868981568765, -51.87654811654653]], [[-58.6047792755312, -51.887568531742204], [-58.6047792755312, -51.887568531742204]], [[-58.47025902919063, -51.825811905123544], [-58.47025902919063, -51.825811905123544]], [[-58.39348466014462, -51.83157042143239], [-58.41613939774686, -51.84184437528825], [-58.39348466014462, -51.83157042143239]], [[-58.34804815755547, -51.831690869360386], [-58.34804815755547, -51.831690869360386]], [[-58.454589745058115, -51.842662947478004], [-58.47591841501247, -51.84359854627803], [-58.454944509385086, -51.83984027265461], [-58.454589745058115, -51.842662947478004]], [[-58.41227523872726, -51.84328159189789], [-58.41227523872726, -51.84328159189789]], [[-58.259377779162435, -51.84498918033137], [-58.259377779162435, -51.84498918033137]], [[-58.27810940580929, -51.83659168764143], [-58.27810940580929, -51.83659168764143]], [[-58.323294660863496, -51.84844944841109], [-58.323294660863496, -51.84844944841109]], [[-58.41371570120242, -51.847601838883975], [-58.43356250196507, -51.85507864620996], [-58.41371570120242, -51.847601838883975]], [[-58.31498173612874, -51.851192643392665], [-58.31498173612874, -51.851192643392665]], [[-58.37700759413195, -51.85565746298289], [-58.37700759413195, -51.85565746298289]], [[-58.4590725484976, -51.84867657127029], [-58.4590725484976, -51.84867657127029]], [[-58.41620010420445, -51.83354969758125], [-58.41620010420445, -51.83354969758125]], [[-58.427139899119254, -51.85788175811416], [-58.44911388222613, -51.867717169222544], [-58.427139899119254, -51.85788175811416]], [[-58.347387053705745, -51.860581791857214], [-58.347387053705745, -51.860581791857214]], [[-58.361782554943204, -51.86260291335316], [-58.361782554943204, -51.86260291335316]], [[-58.34079706947108, -51.867389073628374], [-58.34079706947108, -51.867389073628374]], [[-58.36484524836163, -51.8688894530261], [-58.36484524836163, -51.8688894530261]], [[-58.494224394647745, -51.873554814468946], [-58.494224394647745, -51.873554814468946]], [[-58.50980911082513, -51.873121623013276], [-58.50980911082513, -51.873121623013276]], [[-58.34148905290601, -51.87436250862282], [-58.34148905290601, -51.87436250862282]], [[-58.37200229407233, -51.87959001888055], [-58.37200229407233, -51.87959001888055]], [[-58.37591382518315, -51.88142288017724], [-58.37591382518315, -51.88142288017724]], [[-58.380378381595335, -51.88663126614625], [-58.380378381595335, -51.88663126614625]], [[-58.41563409544153, -51.88794487668844], [-58.41563409544153, -51.88794487668844]], [[-58.433068779504026, -51.89031093718887], [-58.433068779504026, -51.89031093718887]], [[-58.2560108516476, -51.830842470298535], [-58.2560108516476, -51.830842470298535]], [[-58.25703970328624, -51.8301728570176], [-58.25703970328624, -51.8301728570176]], [[-58.270891653641, -51.829893449405915], [-58.270891653641, -51.829893449405915]], [[-58.21194603427523, -51.8210084628077], [-58.21194603427523, -51.8210084628077]], [[-58.25085360999174, -51.81923165848548], [-58.25085360999174, -51.81923165848548]], [[-58.003819383620964, -51.74644286137442], [-58.003819383620964, -51.74644286137442]], [[-57.87746082222782, -51.72061919405314], [-57.87746082222782, -51.72061919405314]], [[-58.07172920624873, -51.57287002808266], [-58.07172920624873, -51.57287002808266]], [[-58.0116231461019, -51.49784425941954], [-58.0116231461019, -51.49784425941954]], [[-57.91020932428705, -51.52258064952309], [-57.91020932428705, -51.52258064952309]], [[-57.7771190132903, -51.52784075002495], [-57.7771190132903, -51.52784075002495]], [[-57.78533614112962, -51.533547595664004], [-57.78533614112962, -51.533547595664004]], [[-57.884969825030396, -51.49106298843543], [-57.884969825030396, -51.49106298843543]], [[-57.925113987778445, -51.48195631799592], [-57.925113987778445, -51.48195631799592]], [[-57.92180917033846, -51.48188473350257], [-57.92180917033846, -51.48188473350257]], [[-57.77473426713186, -51.49659310985686], [-57.77473426713186, -51.49659310985686]], [[-57.89662265764292, -51.458732764395734], [-57.89662265764292, -51.458732764395734]], [[-57.87499150811402, -51.45332462610901], [-57.87499150811402, -51.45332462610901]], [[-57.9464100236255, -51.45306083374231], [-57.9464100236255, -51.45306083374231]], [[-57.8872317546564, -51.442440493401534], [-57.90949769020688, -51.43338066869654], [-57.92893428375072, -51.420628540391306], [-57.948923551691166, -51.429432029447526], [-57.92648953294332, -51.413398331117435], [-57.89816593510102, -51.41515960792094], [-57.87948027692818, -51.43589647764054], [-57.8872317546564, -51.442440493401534]], [[-58.1020396246837, -51.43010405519601], [-58.1020396246837, -51.43010405519601]], [[-58.13191281626291, -51.42058485279614], [-58.13191281626291, -51.42058485279614]], [[-58.1288581936451, -51.41902793393024], [-58.1288581936451, -51.41902793393024]], [[-57.972006743539794, -51.416492869108424], [-57.972006743539794, -51.416492869108424]], [[-58.0166523076594, -51.401401743802865], [-58.0166523076594, -51.401401743802865]], [[-57.95968122723309, -51.383473907499024], [-57.95968122723309, -51.383473907499024]], [[-57.92134176570596, -51.37912295637972], [-57.92134176570596, -51.37912295637972]], [[-57.92879146566838, -51.3780549350397], [-57.92879146566838, -51.3780549350397]], [[-57.963106755779336, -51.38861614799259], [-57.963106755779336, -51.38861614799259]], [[-57.93243595854716, -51.39049015282774], [-57.93243595854716, -51.39049015282774]], [[-57.9784844383733, -51.393236462085724], [-57.9784844383733, -51.393236462085724]], [[-57.91159680020104, -51.398034202205395], [-57.91159680020104, -51.398034202205395]], [[-57.91748427386909, -51.39736379938961], [-57.91748427386909, -51.39736379938961]], [[-58.294171702846256, -51.568447229291735], [-58.294171702846256, -51.568447229291735]], [[-58.456660431797445, -51.42233485679645], [-58.456660431797445, -51.42233485679645]], [[-58.42174123525069, -51.432481914856226], [-58.42174123525069, -51.432481914856226]], [[-58.50216079898394, -51.35854412521968], [-58.50216079898394, -51.35854412521968]], [[-58.36576496873846, -51.35748373604997], [-58.36576496873846, -51.35748373604997]], [[-58.49112976893082, -51.344347411312924], [-58.49112976893082, -51.344347411312924]], [[-58.531973284105675, -51.33892506139898], [-58.531973284105675, -51.33892506139898]], [[-58.505592994713254, -51.33814675548672], [-58.505592994713254, -51.33814675548672]]], [[[-59.77691026027554, -51.231485114823386], [-59.77691026027554, -51.231485114823386]]], [[[-59.899119201936514, -51.223581388457546], [-59.918038737878305, -51.20917345204617], [-59.899119201936514, -51.223581388457546]]], [[[-60.8425298352937, -51.194655638701136], [-60.88093430185728, -51.199430175268844], [-60.90672568597586, -51.20785821857123], [-60.93932242189146, -51.21469383587089], [-60.91421091500695, -51.213471592056464], [-60.88439847374832, -51.20964125144616], [-60.85505953408597, -51.20211345332763], [-60.8425298352937, -51.194655638701136]]], [[[-60.89065794992109, -51.171691293779304], [-60.89065794992109, -51.171691293779304]]], [[[-60.26509281841908, -51.15773488357746], [-60.26509281841908, -51.15773488357746]]], [[[-60.83588230274108, -51.15135684558771], [-60.85876464569611, -51.16087974344936], [-60.83375551516394, -51.161489417876055], [-60.83588230274108, -51.15135684558771]]], [[[-60.39550292177023, -51.14322452695046], [-60.42436261377725, -51.14648945094882], [-60.400111085798926, -51.152957320459564], [-60.37547786158302, -51.146772082494465], [-60.39550292177023, -51.14322452695046]]], [[[-60.74227785787747, -51.13078542728266], [-60.74227785787747, -51.13078542728266]]], [[[-60.78818176509941, -51.12153278062152], [-60.78818176509941, -51.12153278062152]]], [[[-60.78809193357853, -51.12153278062152], [-60.78809193357853, -51.12153278062152]]], [[[-60.810776103285434, -51.11205726581676], [-60.810776103285434, -51.11205726581676]]], [[[-60.90284485899804, -51.08798964463051], [-60.88913300721674, -51.10337639590938], [-60.873835023780146, -51.11887476767794], [-60.88501891655318, -51.10097719687661], [-60.90284485899804, -51.08798964463051]]], [[[-60.97268518206607, -51.05996390977708], [-60.97268518206607, -51.05996390977708]]], [[[-61.157608719300015, -51.05593721623535], [-61.157608719300015, -51.05593721623535]]], [[[-60.98275683954728, -51.054428634447675], [-60.98275683954728, -51.054428634447675]]], [[[-61.09401374850347, -51.026455006153014], [-61.09401374850347, -51.026455006153014]]], [[[-61.07806808330969, -51.05388964532182], [-61.09554202479973, -51.04207851097135], [-61.1167399828729, -51.02987571250543], [-61.108042817843454, -51.04928796205803], [-61.13048372308987, -51.05886900587183], [-61.10889753318418, -51.06651841977208], [-61.09053466317664, -51.07674301125098], [-61.06917432410194, -51.079804328466366], [-61.04825498410531, -51.081958651071375], [-61.06790348003079, -51.06776690465466], [-61.07806808330969, -51.05388964532182]]], [[[-61.16951657166976, -51.0520031833812], [-61.192765543906035, -51.03955726849239], [-61.21211445521794, -51.03181217557869], [-61.23243574449549, -51.01968336859079], [-61.2548098243891, -51.012004580155974], [-61.244504881290425, -51.02972852456725], [-61.221667717274215, -51.03939772214051], [-61.20126146527423, -51.051292793914854], [-61.17500897087018, -51.059046349655205], [-61.16951657166976, -51.0520031833812]]], [[[-61.30129941295081, -51.006728096806], [-61.30129941295081, -51.006728096806]]], [[[-61.45205177622819, -50.99859188737946], [-61.45205177622819, -50.99859188737946]]]]}}]}