{"type": "FeatureCollection", "features": [{"type": "Feature", "properties": {"code": "GRL", "name": "Greenland", "tier": "country"}, "geometry": {"type": "MultiPolygon", "coordinates": [[[[-44.26921739926354, 60.07115150024157], [-44.26921739926354, 60.07115150024157]]], [[[-43.72419249938429, 60.09965929953711], [-43.72419249938429, 60.09965929953711]]], [[[-44.55537689982401, 60.11386119993449], [-44.55537689982401, 60.11386119993449]]], [[[-44.56464659976075, 60.123439700082145], [-44.56464659976075, 60.123439700082145]]], [[[-44.97804879971227, 60.15250629942625], [-44.97804879971227, 60.15250629942625]]], [[[-44.7126186992935, 60.1562592998269], [-44.7126186992935, 60.1562592998269]]], [[[-44.64567079916799, 60.20082089966485], [-44.64567079916799, 60.20082089966485]]], [[[-45.00993619999559, 60.23168819985062], [-45.00993619999559, 60.23168819985062]]], [[[-43.92068579951001, 60.252658999613175], [-43.92068579951001, 60.252658999613175]]], [[[-44.98816939949813, 60.272892799563124], [-44.98816939949813, 60.272892799563124]]], [[[-44.5862963993593, 60.27787599967769], [-44.5862963993593, 60.27787599967769]]], [[[-44.31581649953176, 60.30086029966316], [-44.31581649953176, 60.30086029966316]]], [[[-43.83460369960102, 60.24350140016952], [-43.58403319987224, 60.19892949949684], [-43.33953299984802, 60.131669100248814], [-43.5598287995594, 60.25656189991179], [-43.8143180996006, 60.24546270014355], [-43.83460369960102, 60.24350140016952]], [[-43.69671519994648, 60.2238727000651], [-43.69671519994648, 60.2238727000651]]], [[[-43.83460369960102, 60.24350140016952], [-43.83460369960102, 60.24350140016952]]], [[[-43.42407309969377, 60.33785050000063], [-43.42407309969377, 60.33785050000063]]], [[[-43.60370669970439, 60.3407560998142], [-43.60370669970439, 60.3407560998142]]], [[[-43.91042269944796, 60.35085959989067], [-43.91042269944796, 60.35085959989067]]], [[[-43.53600319998765, 60.38491439957994], [-43.53600319998765, 60.38491439957994]]], [[[-44.300288100015734, 60.374899599636876], [-44.300288100015734, 60.374899599636876]]], [[[-44.01110159925935, 60.4184755002442], [-44.01110159925935, 60.4184755002442]]], [[[-43.50500339998689, 60.47640380009534], [-43.77295449975031, 60.44171049973983], [-43.523586399892395, 60.40928169949092], [-43.50500339998689, 60.47640380009534]], [[-43.65038329994928, 60.411283799907494], [-43.65038329994928, 60.411283799907494]]], [[[-43.68262739923506, 60.479417500217494], [-43.68262739923506, 60.479417500217494]]], [[[-44.33260009991466, 60.48923609956637], [-44.33260009991466, 60.48923609956637]]], [[[-43.63221029916593, 60.47325159988151], [-43.63221029916593, 60.47325159988151]]], [[[-43.55604079934335, 60.493992899852515], [-43.55604079934335, 60.493992899852515]]], [[[-43.83814989999786, 60.48621509964721], [-43.83814989999786, 60.48621509964721]]], [[[-45.57798389983708, 60.50511080012336], [-45.57798389983708, 60.50511080012336]]], [[[-43.3739840992867, 60.53986430019734], [-43.3739840992867, 60.53986430019734]]], [[[-43.365769599987004, 60.55426719997138], [-43.365769599987004, 60.55426719997138]]], [[[-43.20905619988366, 60.57024719944877], [-43.20905619988366, 60.57024719944877]]], [[[-43.25520919954488, 60.56817589979801], [-43.25520919954488, 60.56817589979801]]], [[[-43.28568959969522, 60.56073929967897], [-43.28568959969522, 60.56073929967897]]], [[[-44.946421499552514, 60.57015969991028], [-44.946421499552514, 60.57015969991028]]], [[[-43.46481569968478, 60.59987019945021], [-43.46481569968478, 60.59987019945021]]], [[[-43.57528719944463, 60.60355780025236], [-43.57528719944463, 60.60355780025236]]], [[[-43.54642809977696, 60.616182299673426], [-43.54642809977696, 60.616182299673426]]], [[[-43.44438729993391, 60.62405659983227], [-43.44438729993391, 60.62405659983227]]], [[[-43.14495310000552, 60.63527929989982], [-43.14495310000552, 60.63527929989982]]], [[[-43.4616811999274, 60.63206179991221], [-43.4616811999274, 60.63206179991221]]], [[[-45.54056169936291, 60.6519418002739], [-45.54056169936291, 60.6519418002739]]], [[[-44.448478899381655, 60.66076239946523], [-44.25510769916093, 60.50135179944607], [-44.002005599778556, 60.4667816999156], [-44.25273629934071, 60.5606530996609], [-44.448478899381655, 60.66076239946523]], [[-44.33605629975841, 60.55542869957486], [-44.33605629975841, 60.55542869957486]], [[-44.305696199220165, 60.53927830015351], [-44.305696199220165, 60.53927830015351]], [[-44.18910979967745, 60.50311920019101], [-44.18910979967745, 60.50311920019101]]], [[[-44.94719189928668, 60.663211599635645], [-44.94719189928668, 60.663211599635645]]], [[[-43.73763709957245, 60.673949799843456], [-43.73763709957245, 60.673949799843456]]], [[[-45.735053999842194, 60.6989591995075], [-45.735053999842194, 60.6989591995075]]], [[[-45.590772599275965, 60.729566600118574], [-45.590772599275965, 60.729566600118574]]], [[[-45.39091589944917, 60.72681769997695], [-45.39091589944917, 60.72681769997695]]], [[[-45.51575659958735, 60.732556499682744], [-45.51575659958735, 60.732556499682744]]], [[[-46.08654739984257, 60.7466871000297], [-46.08654739984257, 60.7466871000297]]], [[[-45.440806299870815, 60.749320399516876], [-45.440806299870815, 60.749320399516876]]], [[[-44.82608069936475, 60.76922469956031], [-44.82608069936475, 60.76922469956031]]], [[[-45.20602169984153, 60.792379799688035], [-45.20602169984153, 60.792379799688035]]], [[[-45.727844199749995, 60.806313300118745], [-45.727844199749995, 60.806313300118745]]], [[[-45.28908059919024, 60.809825699496514], [-45.28908059919024, 60.809825699496514]]], [[[-44.877527599618986, 60.81748649970223], [-44.877527599618986, 60.81748649970223]]], [[[-43.050818899472574, 60.81596949989256], [-43.050818899472574, 60.81596949989256]]], [[[-44.593840899238046, 60.81804009987076], [-44.593840899238046, 60.81804009987076]]], [[[-45.31929299957221, 60.82238139988175], [-45.31929299957221, 60.82238139988175]]], [[[-46.82286469994591, 60.821624599695554], [-46.82286469994591, 60.821624599695554]]], [[[-43.17156809978792, 60.82722069947573], [-43.17156809978792, 60.82722069947573]]], [[[-44.646255699341, 60.82918349951893], [-44.646255699341, 60.82918349951893]]], [[[-45.441083899902026, 60.83127609961235], [-45.441083899902026, 60.83127609961235]]], [[[-43.07258789971178, 60.82959249949431], [-43.07258789971178, 60.82959249949431]]], [[[-46.83393839943756, 60.82889260031328], [-46.83393839943756, 60.82889260031328]]], [[[-44.63299079988548, 60.83836179955745], [-44.63299079988548, 60.83836179955745]]], [[[-43.00216189945206, 60.83164809968014], [-43.00216189945206, 60.83164809968014]]], [[[-45.37877079983252, 60.84836009963897], [-45.37877079983252, 60.84836009963897]]], [[[-45.57536599944126, 60.85824659960093], [-45.57536599944126, 60.85824659960093]]], [[[-45.20727519919103, 60.84788029963619], [-45.20727519919103, 60.84788029963619]]], [[[-45.30277999979711, 60.863121899955786], [-45.30277999979711, 60.863121899955786]]], [[[-43.228592099845514, 60.86348909944246], [-43.228592099845514, 60.86348909944246]]], [[[-46.45774839926918, 60.875128200006486], [-46.45774839926918, 60.875128200006486]]], [[[-43.7164506999398, 60.879355000133216], [-43.7164506999398, 60.879355000133216]]], [[[-42.786320999414556, 60.87586949947786], [-42.786320999414556, 60.87586949947786]]], [[[-42.79772879974428, 60.885036899733166], [-42.79772879974428, 60.885036899733166]]], [[[-46.85505279934716, 60.888912000188725], [-46.85505279934716, 60.888912000188725]]], [[[-43.35440299939887, 60.87842439966636], [-43.35440299939887, 60.87842439966636]]], [[[-45.02641439960479, 60.892063499830726], [-45.02641439960479, 60.892063499830726]]], [[[-43.482984899933115, 60.88881799945119], [-43.482984899933115, 60.88881799945119]]], [[[-46.298704099414635, 60.91166049973231], [-46.298704099414635, 60.91166049973231]]], [[[-45.53498269929207, 60.94535830004554], [-45.53498269929207, 60.94535830004554]]], [[[-47.39605739962923, 60.946025400052235], [-47.39605739962923, 60.946025400052235]]], [[[-45.93315119946823, 60.95981900014681], [-45.93315119946823, 60.95981900014681]]], [[[-47.40206549952313, 60.98418349956893], [-47.40206549952313, 60.98418349956893]]], [[[-46.76991459997879, 60.9959213996529], [-46.76991459997879, 60.9959213996529]]], [[[-47.28858559934588, 61.02731279954611], [-47.28858559934588, 61.02731279954611]]], [[[-47.361089899579156, 61.03921489964796], [-47.361089899579156, 61.03921489964796]]], [[[-42.9902958999358, 61.0683358998819], [-42.9902958999358, 61.0683358998819]]], [[[-47.68118629960799, 61.07770950029328], [-47.68118629960799, 61.07770950029328]]], [[[-43.74794969921919, 61.10411699949998], [-43.74794969921919, 61.10411699949998]]], [[[-43.57282739986459, 61.1140633997062], [-43.57282739986459, 61.1140633997062]]], [[[-42.744772799325176, 61.10736080016085], [-42.744772799325176, 61.10736080016085]]], [[[-42.860560899465895, 61.14030519972522], [-42.860560899465895, 61.14030519972522]]], [[[-43.746893399610656, 61.14911389998656], [-43.746893399610656, 61.14911389998656]]], [[[-43.60677099928216, 61.1398372995518], [-43.60677099928216, 61.1398372995518]]], [[[-45.04968249954766, 61.138165299788795], [-45.04968249954766, 61.138165299788795]]], [[[-43.45330389995496, 61.148920999904306], [-43.45330389995496, 61.148920999904306]]], [[[-45.017922199549844, 61.14035919951749], [-45.017922199549844, 61.14035919951749]]], [[[-43.770457999736834, 61.15519909965877], [-43.770457999736834, 61.15519909965877]]], [[[-43.575130199399155, 61.138181899475114], [-43.575130199399155, 61.138181899475114]]], [[[-42.89754729926841, 61.159143400247785], [-42.89754729926841, 61.159143400247785]]], [[[-47.794542999859516, 61.18786230010511], [-47.794542999859516, 61.18786230010511]]], [[[-43.19512109955906, 61.200403900020035], [-42.954716499366896, 61.12659659995319], [-43.19512109955906, 61.200403900020035]]], [[[-42.59489979918635, 61.20284839943412], [-42.59489979918635, 61.20284839943412]]], [[[-46.069968499546576, 61.20425979994985], [-46.069968499546576, 61.20425979994985]]], [[[-42.83238849962953, 61.211262899863016], [-42.83238849962953, 61.211262899863016]]], [[[-42.75270859962211, 61.219670800167364], [-42.75270859962211, 61.219670800167364]]], [[[-42.707605699643295, 61.22728739959388], [-42.707605699643295, 61.22728739959388]]], [[[-47.69310579979276, 61.21191119954227], [-47.69310579979276, 61.21191119954227]]], [[[-42.83639539932818, 61.238859300116644], [-42.83639539932818, 61.238859300116644]]], [[[-43.08536719943669, 61.30488000011195], [-43.08536719943669, 61.30488000011195]]], [[[-43.22122859932034, 61.36536890005476], [-43.22122859932034, 61.36536890005476]]], [[[-45.54091499982735, 61.370215299796314], [-45.54091499982735, 61.370215299796314]]], [[[-45.00795109946364, 61.38642460031508], [-45.00795109946364, 61.38642460031508]]], [[[-45.41743629954556, 61.40179489991476], [-45.41743629954556, 61.40179489991476]]], [[[-47.989593800013836, 61.41245970015507], [-47.989593800013836, 61.41245970015507]]], [[[-45.30042969987073, 61.44591629959763], [-45.30042969987073, 61.44591629959763]]], [[[-45.04319509967405, 61.465970100239986], [-45.04319509967405, 61.465970100239986]]], [[[-45.029482699367065, 61.51996079945138], [-45.029482699367065, 61.51996079945138]]], [[[-43.057231000010574, 61.553526099949636], [-43.057231000010574, 61.553526099949636]]], [[[-42.69739819926747, 61.57259249984406], [-42.69739819926747, 61.57259249984406]]], [[[-42.983764799306016, 61.607554999663535], [-42.983764799306016, 61.607554999663535]]], [[[-48.44856779926448, 61.68835309961594], [-48.44856779926448, 61.68835309961594]]], [[[-48.25974229966738, 61.691088199660726], [-48.25974229966738, 61.691088199660726]]], [[[-48.56109599998035, 61.68730740031634], [-48.56109599998035, 61.68730740031634]]], [[[-48.36983320004208, 61.69042109965409], [-48.36983320004208, 61.69042109965409]]], [[[-48.47023789925959, 61.70755250024774], [-48.47023789925959, 61.70755250024774]]], [[[-48.1255533995697, 61.72068139972686], [-48.1255533995697, 61.72068139972686]]], [[[-48.35500899936579, 61.77467679969459], [-48.35500899936579, 61.77467679969459]]], [[[-48.1103596000155, 61.77527840027801], [-48.1103596000155, 61.77527840027801]]], [[[-42.894427400004474, 61.787169400047844], [-42.894427400004474, 61.787169400047844]]], [[[-48.4546422997023, 61.79623799988383], [-48.4546422997023, 61.79623799988383]]], [[[-48.37949579939158, 61.8377630001624], [-48.37949579939158, 61.8377630001624]]], [[[-48.561285199352426, 61.867563500255415], [-48.561285199352426, 61.867563500255415]]], [[[-48.166143899920996, 61.885006200275996], [-48.166143899920996, 61.885006200275996]]], [[[-48.561285199352426, 61.867563500255415], [-48.561285199352426, 61.867563500255415]]], [[[-48.60307990001735, 61.90551979999884], [-48.60307990001735, 61.90551979999884]]], [[[-49.59329659975822, 61.9988851997922], [-49.59329659975822, 61.9988851997922]]], [[[-48.69700319963789, 62.057494899769836], [-48.69700319963789, 62.057494899769836]]], [[[-48.880151999515135, 62.17560469959727], [-48.880151999515135, 62.17560469959727]]], [[[-49.738350499975525, 62.36768279972148], [-49.738350499975525, 62.36768279972148]]], [[[-42.23564419952015, 62.37164239957713], [-42.23564419952015, 62.37164239957713]]], [[[-42.57716129955429, 62.37925359947411], [-42.57716129955429, 62.37925359947411]]], [[[-42.2976575996185, 62.415666900007466], [-42.2976575996185, 62.415666900007466]]], [[[-42.48339069942119, 62.428079399544686], [-42.48339069942119, 62.428079399544686]]], [[[-42.515432099611644, 62.436805099575736], [-42.515432099611644, 62.436805099575736]]], [[[-49.73554079936838, 62.45696010002865], [-49.73554079936838, 62.45696010002865]]], [[[-42.64763789926957, 62.481942600070965], [-42.64763789926957, 62.481942600070965]]], [[[-42.376087499538414, 62.484138699541404], [-42.376087499538414, 62.484138699541404]]], [[[-42.79698739954881, 62.5040530998707], [-42.79698739954881, 62.5040530998707]]], [[[-42.83611279996569, 62.51039229956501], [-42.83611279996569, 62.51039229956501]]], [[[-42.23246949916802, 62.52003220002604], [-42.23246949916802, 62.52003220002604]]], [[[-42.47990039998342, 62.55988180020495], [-42.47990039998342, 62.55988180020495]]], [[[-42.61265649929794, 62.55903410014366], [-42.61265649929794, 62.55903410014366]]], [[[-42.707214899248186, 62.57814970014857], [-42.707214899248186, 62.57814970014857]], [[-42.650209899167464, 62.53494860009789], [-42.650209899167464, 62.53494860009789]]], [[[-42.52741759924277, 62.58187110017121], [-42.52741759924277, 62.58187110017121]]], [[[-42.744222899866884, 62.59929790017799], [-42.744222899866884, 62.59929790017799]]], [[[-42.59733759955054, 62.612622399504176], [-42.59733759955054, 62.612622399504176]], [[-42.56682189921122, 62.59662559979165], [-42.56682189921122, 62.59662559979165]]], [[[-49.92237339951271, 62.666511299956596], [-49.92237339951271, 62.666511299956596]]], [[[-42.08378139989168, 62.70674580007869], [-42.08378139989168, 62.70674580007869]]], [[[-42.7284712994109, 62.691423699644076], [-42.7284712994109, 62.691423699644076]]], [[[-49.97761999926354, 62.739999999900135], [-49.97761999926354, 62.739999999900135]]], [[[-42.23277839920371, 62.75666510021426], [-42.23277839920371, 62.75666510021426]]], [[[-42.048633599261166, 62.75350350028634], [-42.048633599261166, 62.75350350028634]]], [[[-42.27381919999601, 62.76281969966948], [-42.27381919999601, 62.76281969966948]]], [[[-42.78064899955166, 62.7612533999245], [-42.78064899955166, 62.7612533999245]]], [[[-42.87412439992107, 62.77010990005192], [-42.87412439992107, 62.77010990005192]]], [[[-42.93509899941927, 62.77205609950943], [-42.93509899941927, 62.77205609950943]]], [[[-43.079668699251044, 62.77644320019357], [-43.079668699251044, 62.77644320019357]]], [[[-43.06566579993665, 62.7808695994525], [-43.06566579993665, 62.7808695994525]]], [[[-42.81966279949853, 62.782024599655585], [-42.81966279949853, 62.782024599655585]]], [[[-42.31589499995425, 62.79020029950425], [-42.31589499995425, 62.79020029950425]]], [[[-42.67322869984457, 62.797769399438266], [-42.67322869984457, 62.797769399438266]]], [[[-43.11155339976955, 62.80994880009712], [-43.11155339976955, 62.80994880009712]]], [[[-42.08541219991304, 62.81406489997522], [-42.08541219991304, 62.81406489997522]]], [[[-43.07739989948573, 62.81312189965598], [-43.07739989948573, 62.81312189965598]]], [[[-42.12381129975165, 62.822430800141376], [-42.12381129975165, 62.822430800141376]]], [[[-42.4803916996172, 62.82391659977134], [-42.4803916996172, 62.82391659977134]]], [[[-42.29115729986944, 62.83875490001867], [-42.29115729986944, 62.83875490001867]]], [[[-42.02909359929015, 62.84369440027643], [-42.02909359929015, 62.84369440027643]]], [[[-42.06415289943669, 62.845823799728635], [-42.06415289943669, 62.845823799728635]]], [[[-42.27018539933664, 62.845945499585184], [-42.27018539933664, 62.845945499585184]]], [[[-42.264868599306396, 62.860815299486546], [-42.264868599306396, 62.860815299486546]]], [[[-42.45341939918586, 62.88621959955492], [-42.45341939918586, 62.88621959955492]]], [[[-49.86579169952728, 62.87735080029927], [-49.86579169952728, 62.87735080029927]]], [[[-42.71735249981799, 62.89238399982179], [-42.71735249981799, 62.89238399982179]]], [[[-42.75577269955039, 62.9000190002767], [-42.75577269955039, 62.9000190002767]]], [[[-42.471345499195365, 62.900332399620595], [-42.471345499195365, 62.900332399620595]]], [[[-41.812612499767, 62.897905999962006], [-41.812612499767, 62.897905999962006]]], [[[-42.47972509963358, 62.91052609989964], [-42.47972509963358, 62.91052609989964]]], [[[-41.819799999370446, 62.919742599541394], [-41.819799999370446, 62.919742599541394]]], [[[-42.548141199656584, 62.93505369946871], [-42.548141199656584, 62.93505369946871]]], [[[-42.379276299461594, 62.9471779995651], [-42.379276299461594, 62.9471779995651]]], [[[-42.62107129920105, 62.94282300018136], [-42.62107129920105, 62.94282300018136]]], [[[-42.60335739962426, 62.94851590028861], [-42.60335739962426, 62.94851590028861]]], [[[-49.62148359918871, 62.95585150024658], [-49.62148359918871, 62.95585150024658]]], [[[-42.559549899308365, 62.959223299615644], [-42.559549899308365, 62.959223299615644]]], [[[-41.69240519944037, 62.97275299995107], [-41.69240519944037, 62.97275299995107]]], [[[-42.304668399526975, 63.0142996001465], [-42.304668399526975, 63.0142996001465]]], [[[-41.8790482998391, 63.00891129951691], [-42.128396200024554, 62.96378989958424], [-41.87840919932506, 62.94479269982327], [-41.8790482998391, 63.00891129951691]], [[-42.12096089942594, 62.907683600118105], [-42.12096089942594, 62.907683600118105]]], [[[-42.162477699686065, 63.04385280016663], [-42.162477699686065, 63.04385280016663]]], [[[-42.07867429927944, 63.06324739954789], [-42.07867429927944, 63.06324739954789]]], [[[-42.25146359986519, 63.067728000047225], [-42.25146359986519, 63.067728000047225]]], [[[-42.285828399461025, 63.070044400029076], [-42.285828399461025, 63.070044400029076]]], [[[-42.112160099708774, 63.07134999980269], [-42.112160099708774, 63.07134999980269]]], [[[-41.499767999793335, 63.07168099977838], [-41.499767999793335, 63.07168099977838]]], [[[-42.222881099283256, 63.08585299951636], [-42.222881099283256, 63.08585299951636]]], [[[-41.84411259981658, 63.09307890017118], [-41.84411259981658, 63.09307890017118]]], [[[-49.940164099393655, 63.10016069975654], [-49.940164099393655, 63.10016069975654]]], [[[-41.70086929927868, 63.099264099958305], [-41.70086929927868, 63.099264099958305]]], [[[-41.70589859954072, 63.11799329995091], [-41.70589859954072, 63.11799329995091]]], [[[-41.89845819938637, 63.13112039988658], [-41.89845819938637, 63.13112039988658]]], [[[-42.179064999649995, 63.14483919976931], [-42.179064999649995, 63.14483919976931]]], [[[-49.811747099449065, 63.14904619952256], [-49.811747099449065, 63.14904619952256]]], [[[-41.94349279945311, 63.1509194001103], [-41.94349279945311, 63.1509194001103]]], [[[-41.96586519981906, 63.15314700013403], [-41.96586519981906, 63.15314700013403]]], [[[-42.028329399482175, 63.168186000283754], [-42.028329399482175, 63.168186000283754]]], [[[-49.9633471999133, 63.17864809963015], [-49.9633471999133, 63.17864809963015]]], [[[-42.045416999494876, 63.193897399945115], [-42.045416999494876, 63.193897399945115]]], [[[-41.91646779964918, 63.1941585999395], [-41.91646779964918, 63.1941585999395]]], [[[-41.930208299273545, 63.1947147002233], [-41.930208299273545, 63.1947147002233]]], [[[-49.82755759920377, 63.19906409952864], [-49.82755759920377, 63.19906409952864]]], [[[-42.05986219978064, 63.196201199525774], [-42.05986219978064, 63.196201199525774]]], [[[-50.03287680002427, 63.2207490994914], [-50.03287680002427, 63.2207490994914]]], [[[-41.54537139947047, 63.21808659991672], [-41.54537139947047, 63.21808659991672]]], [[[-49.69340129953031, 63.22966109948021], [-49.69340129953031, 63.22966109948021]]], [[[-42.06963349928651, 63.231479900077375], [-42.06963349928651, 63.231479900077375]]], [[[-41.1482261991797, 63.244538399727446], [-41.1482261991797, 63.244538399727446]]], [[[-41.181835299359534, 63.25333379991497], [-41.181835299359534, 63.25333379991497]]], [[[-41.96361849999374, 63.2554720999575], [-41.96361849999374, 63.2554720999575]]], [[[-41.25507029965456, 63.246379900112345], [-41.25507029965456, 63.246379900112345]]], [[[-41.94311449963442, 63.259555100287685], [-41.94311449963442, 63.259555100287685]]], [[[-41.180160399282954, 63.27302550022671], [-41.180160399282954, 63.27302550022671]]], [[[-41.47459189999614, 63.267748999716616], [-41.47459189999614, 63.267748999716616]]], [[[-41.72468639935778, 63.27897339950283], [-41.72468639935778, 63.27897339950283]], [[-41.71511969921471, 63.22178890013771], [-41.71511969921471, 63.22178890013771]]], [[[-41.67614429941983, 63.27418819952584], [-41.67614429941983, 63.27418819952584]]], [[[-41.78359719955108, 63.28045719993986], [-41.78359719955108, 63.28045719993986]]], [[[-50.50608959975517, 63.2884507996647], [-50.50608959975517, 63.2884507996647]]], [[[-41.67927269997506, 63.29372210029476], [-41.67927269997506, 63.29372210029476]]], [[[-41.4992682995923, 63.289538900200114], [-41.4992682995923, 63.289538900200114]]], [[[-49.62689029994732, 63.30390689998353], [-49.62689029994732, 63.30390689998353]]], [[[-42.20841669937113, 63.30489229973989], [-42.20841669937113, 63.30489229973989]]], [[[-41.350202899644046, 63.31756550014779], [-41.350202899644046, 63.31756550014779]]], [[[-41.82539179949191, 63.319510900108014], [-41.82539179949191, 63.319510900108014]]], [[[-41.466774399219105, 63.324668399627], [-41.466774399219105, 63.324668399627]]], [[[-41.534541899189264, 63.32264709958406], [-41.534541899189264, 63.32264709958406]]], [[[-50.47068899969753, 63.3262425999161], [-50.47068899969753, 63.3262425999161]]], [[[-42.252502199916535, 63.33995910023236], [-42.252502199916535, 63.33995910023236]]], [[[-50.1702087991967, 63.33570219979674], [-50.1702087991967, 63.33570219979674]]], [[[-41.35366489921569, 63.34105530006212], [-41.35366489921569, 63.34105530006212]]], [[[-49.75177929997466, 63.341682300198045], [-49.75177929997466, 63.341682300198045]]], [[[-42.28101930000065, 63.360678199539336], [-42.28101930000065, 63.360678199539336]]], [[[-50.30893749946597, 63.3550512997777], [-50.30893749946597, 63.3550512997777]]], [[[-41.93290400001956, 63.36488780013195], [-41.93290400001956, 63.36488780013195]]], [[[-41.669601499509554, 63.37564799955561], [-41.669601499509554, 63.37564799955561]]], [[[-41.84619009939354, 63.38015999988414], [-41.84619009939354, 63.38015999988414]]], [[[-41.52480519930049, 63.3805105996845], [-41.52480519930049, 63.3805105996845]]], [[[-49.37774079919848, 63.3975627996835], [-49.37774079919848, 63.3975627996835]]], [[[-49.514741900018635, 63.40502919973784], [-49.514741900018635, 63.40502919973784]]], [[[-41.168686999705244, 63.41643269950953], [-41.168686999705244, 63.41643269950953]]], [[[-41.15073039918855, 63.42562760013368], [-41.15073039918855, 63.42562760013368]]], [[[-41.30237329928826, 63.43463560005296], [-41.30237329928826, 63.43463560005296]]], [[[-50.470598299471874, 63.445393699559645], [-50.470598299471874, 63.445393699559645]]], [[[-41.838395699501916, 63.43860170020838], [-41.838395699501916, 63.43860170020838]]], [[[-50.08147699976371, 63.44858529997168], [-50.08147699976371, 63.44858529997168]]], [[[-41.77985419961158, 63.45781480021293], [-41.77985419961158, 63.45781480021293]]], [[[-41.9616575993187, 63.456159599785735], [-41.9616575993187, 63.456159599785735]]], [[[-49.484529499636665, 63.45931029993045], [-49.484529499636665, 63.45931029993045]]], [[[-49.92544369936718, 63.46882379977859], [-49.92544369936718, 63.46882379977859]], [[-49.86799359962487, 63.444680000281835], [-49.86799359962487, 63.444680000281835]]], [[[-50.74532729991489, 63.46819889955964], [-50.74532729991489, 63.46819889955964]]], [[[-50.17980149963944, 63.46616800015312], [-50.42872709977581, 63.43322919976782], [-50.178834399288064, 63.44948719947473], [-50.17980149963944, 63.46616800015312]]], [[[-41.74671149953605, 63.47981349989317], [-41.74671149953605, 63.47981349989317]]], [[[-50.00047749933708, 63.472422599723245], [-50.00047749933708, 63.472422599723245]]], [[[-41.24570099980127, 63.47997769991099], [-41.24570099980127, 63.47997769991099]]], [[[-41.115093999588396, 63.48868599985906], [-41.115093999588396, 63.48868599985906]]], [[[-50.90678929938662, 63.48344249997143], [-50.90678929938662, 63.48344249997143]]], [[[-41.394480400050384, 63.48425399962247], [-41.394480400050384, 63.48425399962247]]], [[[-49.87294649978111, 63.497836599879236], [-49.87294649978111, 63.497836599879236]]], [[[-50.816483799687546, 63.49937369953665], [-50.816483799687546, 63.49937369953665]]], [[[-41.267049399710004, 63.499347499587486], [-41.267049399710004, 63.499347499587486]]], [[[-50.20389479950535, 63.498157700117815], [-50.20389479950535, 63.498157700117815]]], [[[-41.40588619938853, 63.50173449994725], [-41.40588619938853, 63.50173449994725]]], [[[-41.28542349969473, 63.51906449962701], [-41.28542349969473, 63.51906449962701]]], [[[-50.52108069931478, 63.518592799817895], [-50.52108069931478, 63.518592799817895]]], [[[-41.55816129950432, 63.51577649998552], [-41.55816129950432, 63.51577649998552]], [[-41.57333319966739, 63.51112160008182], [-41.57333319966739, 63.51112160008182]]], [[[-41.87388109933323, 63.51713559952833], [-41.87388109933323, 63.51713559952833]]], [[[-41.80411169949531, 63.53119720029059], [-41.80411169949531, 63.53119720029059]]], [[[-41.6276850998874, 63.53370379969067], [-41.6276850998874, 63.53370379969067]]], [[[-41.07578049967026, 63.536175099801085], [-41.07578049967026, 63.536175099801085]]], [[[-40.83314169932993, 63.537697799513865], [-40.83314169932993, 63.537697799513865]]], [[[-41.46872559980653, 63.53915680024619], [-41.46872559980653, 63.53915680024619]]], [[[-40.94093469967663, 63.54867929961006], [-40.94093469967663, 63.54867929961006]]], [[[-41.23282489974929, 63.55631990014331], [-41.23282489974929, 63.55631990014331]]], [[[-41.195121799631295, 63.54223039971322], [-41.195121799631295, 63.54223039971322]]], [[[-40.880805599598716, 63.56459679980253], [-40.880805599598716, 63.56459679980253]]], [[[-41.609069999580754, 63.55862949945191], [-41.609069999580754, 63.55862949945191]]], [[[-40.9326106998239, 63.574317400028065], [-40.9326106998239, 63.574317400028065]]], [[[-41.386001199695556, 63.57337110009627], [-41.386001199695556, 63.57337110009627]]], [[[-50.777950199941756, 63.569708100248704], [-50.777950199941756, 63.569708100248704]]], [[[-50.95932900003328, 63.57606029964319], [-50.95932900003328, 63.57606029964319]]], [[[-41.36845739968919, 63.58092819947689], [-41.36845739968919, 63.58092819947689]]], [[[-50.86341230003757, 63.58781230019753], [-50.86341230003757, 63.58781230019753]]], [[[-42.06663989991142, 63.58001889945268], [-42.06663989991142, 63.58001889945268]]], [[[-50.60074239974193, 63.58807639960622], [-50.60074239974193, 63.58807639960622]]], [[[-42.110411099992234, 63.57592619993426], [-42.110411099992234, 63.57592619993426]]], [[[-41.70850679984892, 63.59118159945132], [-41.70850679984892, 63.59118159945132]]], [[[-51.06697969975329, 63.59488629996281], [-51.06697969975329, 63.59488629996281]]], [[[-51.2437797994981, 63.598863399726156], [-51.2437797994981, 63.598863399726156]]], [[[-50.63215429968113, 63.608537399781255], [-50.63215429968113, 63.608537399781255]]], [[[-41.1848946994308, 63.66638359962349], [-41.1848946994308, 63.66638359962349]]], [[[-51.370200899851625, 63.66684260010595], [-51.370200899851625, 63.66684260010595]]], [[[-41.20565989978451, 63.67303549988844], [-41.20565989978451, 63.67303549988844]]], [[[-50.832638699316476, 63.6828010994912], [-50.832638699316476, 63.6828010994912]]], [[[-41.271320099343086, 63.6848002995942], [-41.271320099343086, 63.6848002995942]]], [[[-50.89390169970363, 63.691098900294094], [-50.89390169970363, 63.691098900294094]]], [[[-51.2362672992964, 63.69532979953067], [-51.2362672992964, 63.69532979953067]]], [[[-49.80593149943911, 63.70142530003761], [-49.80593149943911, 63.70142530003761]]], [[[-50.4592390994049, 63.704530999905785], [-50.4592390994049, 63.704530999905785]]], [[[-51.198560799741074, 63.65519869986019], [-51.198560799741074, 63.65519869986019]]], [[[-50.813617499348084, 63.72602219956491], [-50.813617499348084, 63.72602219956491]]], [[[-50.637021099644016, 63.72863569957792], [-50.637021099644016, 63.72863569957792]]], [[[-51.25213060004711, 63.731280799969], [-51.25213060004711, 63.731280799969]]], [[[-41.424482999390875, 63.737068999434825], [-41.424482999390875, 63.737068999434825]]], [[[-41.7606242993719, 63.73893219956142], [-41.7606242993719, 63.73893219956142]]], [[[-41.539364399447436, 63.739025700275874], [-41.539364399447436, 63.739025700275874]]], [[[-51.35031849919932, 63.7508325999446], [-51.35031849919932, 63.7508325999446]]], [[[-41.47813329981187, 63.75868590003432], [-41.47813329981187, 63.75868590003432]]], [[[-41.51456149941362, 63.75288899962766], [-41.51456149941362, 63.75288899962766]]], [[[-50.92101620003757, 63.757638400292024], [-51.17385189954547, 63.72480499955117], [-50.91412919990262, 63.74322700012601], [-50.92101620003757, 63.757638400292024]]], [[[-41.31996999921603, 63.77414310022397], [-41.31996999921603, 63.77414310022397]]], [[[-41.72482869998447, 63.81306719999134], [-41.72482869998447, 63.81306719999134]]], [[[-41.37340279949956, 63.815495400092686], [-41.37340279949956, 63.815495400092686]]], [[[-51.03122179994608, 63.81813300013789], [-51.03122179994608, 63.81813300013789]]], [[[-50.86392650000795, 63.81279830000159], [-50.86392650000795, 63.81279830000159]]], [[[-41.371992499754015, 63.85293220016098], [-41.371992499754015, 63.85293220016098]]], [[[-41.3948342994633, 63.858546100222384], [-41.3948342994633, 63.858546100222384]]], [[[-50.730891999366236, 63.84462229987929], [-50.49669299918253, 63.755984699934004], [-50.730891999366236, 63.84462229987929]]], [[[-50.3292144992497, 63.86841249943734], [-50.3292144992497, 63.86841249943734]]], [[[-50.48939329926134, 63.85112299982666], [-50.48939329926134, 63.85112299982666]]], [[[-41.559814699488754, 63.868843899726244], [-41.559814699488754, 63.868843899726244]]], [[[-41.38391389930695, 63.867205299884745], [-41.38391389930695, 63.867205299884745]]], [[[-50.831657999417075, 63.872038199903045], [-50.831657999417075, 63.872038199903045]]], [[[-50.540786099898526, 63.874062699733884], [-50.540786099898526, 63.874062699733884]]], [[[-49.94572169919701, 63.87078390015694], [-49.94572169919701, 63.87078390015694]]], [[[-50.26898839919522, 63.88281349984322], [-50.26898839919522, 63.88281349984322]]], [[[-41.58416569918762, 63.88585449978541], [-41.58416569918762, 63.88585449978541]]], [[[-50.65425129975762, 63.89255500031305], [-50.65425129975762, 63.89255500031305]]], [[[-50.44999730003531, 63.891605499694094], [-50.44999730003531, 63.891605499694094]]], [[[-49.98421059993922, 63.895627599733984], [-49.98421059993922, 63.895627599733984]]], [[[-50.20477379957117, 63.908611399896245], [-50.20477379957117, 63.908611399896245]]], [[[-50.29052619992416, 63.91229479996508], [-50.29052619992416, 63.91229479996508]]], [[[-50.06677219937745, 63.910102299581524], [-50.06677219937745, 63.910102299581524]]], [[[-51.14220559940884, 63.91221739981319], [-51.14220559940884, 63.91221739981319]]], [[[-50.80460069956257, 63.95241469947888], [-50.80460069956257, 63.95241469947888]]], [[[-49.89092779927847, 63.95418709955504], [-49.89092779927847, 63.95418709955504]]], [[[-49.805547499717306, 63.95474720002329], [-49.805547499717306, 63.95474720002329]]], [[[-50.56625649923802, 63.94917930028453], [-50.56625649923802, 63.94917930028453]]], [[[-50.4758717000189, 63.95955109960363], [-50.4758717000189, 63.95955109960363]]], [[[-51.09183379998984, 63.965100100089614], [-51.09183379998984, 63.965100100089614]]], [[[-50.9433062998458, 63.981958800158566], [-50.9433062998458, 63.981958800158566]]], [[[-51.04505539918728, 64.00262889990387], [-51.04505539918728, 64.00262889990387]]], [[[-51.574029899760035, 64.01338679976107], [-51.574029899760035, 64.01338679976107]]], [[[-50.87319429967715, 64.00697959962889], [-50.87319429967715, 64.00697959962889]]], [[[-50.702297000006524, 64.03119809951272], [-50.702297000006524, 64.03119809951272]]], [[[-50.98797799918526, 64.03969980000585], [-50.98797799918526, 64.03969980000585]]], [[[-50.0512462999767, 64.01844840007368], [-50.315321599612105, 64.01577109945674], [-50.56646219937096, 63.998320999814325], [-50.297297199206355, 63.98303989947186], [-50.0512462999767, 64.01844840007368]], [[-50.31445089938944, 64.0023246997252], [-50.31445089938944, 64.0023246997252]]], [[[-51.154231999307285, 64.05694009950605], [-51.154231999307285, 64.05694009950605]]], [[[-50.44276859979101, 64.05782049981627], [-50.44276859979101, 64.05782049981627]]], [[[-49.8460010000461, 64.06123929955407], [-49.8460010000461, 64.06123929955407]]], [[[-50.50570519983506, 64.0725109002579], [-50.50570519983506, 64.0725109002579]]], [[[-50.258095299758224, 64.07912269975287], [-50.258095299758224, 64.07912269975287]]], [[[-50.2129167991709, 64.08741109994236], [-50.2129167991709, 64.08741109994236]]], [[[-50.32950639940077, 64.08793829961292], [-50.32950639940077, 64.08793829961292]]], [[[-50.046015399591, 64.13467749986677], [-50.046015399591, 64.13467749986677]]], [[[-51.01224999973766, 64.18274999991263], [-51.01224999973766, 64.18274999991263]]], [[[-51.010854099936694, 64.21605730020428], [-51.010854099936694, 64.21605730020428]]], [[[-41.141661799352505, 64.22994929962056], [-41.141661799352505, 64.22994929962056]]], [[[-49.838645099691576, 64.25330869963682], [-49.838645099691576, 64.25330869963682]]], [[[-49.82634769988641, 64.26382660011757], [-49.82634769988641, 64.26382660011757]]], [[[-51.91004599972308, 64.2657458999534], [-51.91004599972308, 64.2657458999534]]], [[[-49.977647899830686, 64.27203579971246], [-49.977647899830686, 64.27203579971246]]], [[[-41.288411899189725, 64.27440409956961], [-41.288411899189725, 64.27440409956961]]], [[[-41.2211384993422, 64.2693010000412], [-41.2211384993422, 64.2693010000412]]], [[[-49.81285379976299, 64.28792199990045], [-49.81285379976299, 64.28792199990045]]], [[[-50.808678099814415, 64.27076540030305], [-50.808678099814415, 64.27076540030305]]], [[[-40.82265689929642, 64.29813919946452], [-40.82265689929642, 64.29813919946452]]], [[[-52.07588199945468, 64.29903060028204], [-52.07588199945468, 64.29903060028204]]], [[[-50.18021819961018, 64.3092933999705], [-50.18021819961018, 64.3092933999705]]], [[[-50.30571409992575, 64.3131337002601], [-50.30571409992575, 64.3131337002601]]], [[[-49.97498429948581, 64.3131077997852], [-49.97498429948581, 64.3131077997852]]], [[[-49.4775319998019, 64.32145689971622], [-49.4775319998019, 64.32145689971622]]], [[[-50.32974670005012, 64.32755009975733], [-50.32974670005012, 64.32755009975733]]], [[[-50.65049909975363, 64.33444299944495], [-50.65049909975363, 64.33444299944495]]], [[[-50.00765209996439, 64.35288550006584], [-50.00765209996439, 64.35288550006584]]], [[[-50.161687899976585, 64.35878549965116], [-50.161687899976585, 64.35878549965116]]], [[[-50.582420799480246, 64.39445320015511], [-50.582420799480246, 64.39445320015511]]], [[[-50.106804599352756, 64.39765170016591], [-50.106804599352756, 64.39765170016591]]], [[[-50.16306119981448, 64.40673100013561], [-50.16306119981448, 64.40673100013561]]], [[[-51.32383350001595, 64.41578250026225], [-51.32383350001595, 64.41578250026225]]], [[[-51.8499326998342, 64.41921999960334], [-51.8499326998342, 64.41921999960334]]], [[[-51.35604139979074, 64.42779810020221], [-51.35604139979074, 64.42779810020221]]], [[[-50.20752150001715, 64.42402199981552], [-50.20752150001715, 64.42402199981552]]], [[[-49.57254409963048, 64.44012329985048], [-49.57254409963048, 64.44012329985048]]], [[[-51.6516208994849, 64.47745389987762], [-51.6516208994849, 64.47745389987762]]], [[[-51.97520259962022, 64.49786009986377], [-51.97520259962022, 64.49786009986377]]], [[[-49.80964779940638, 64.49837849966809], [-49.80964779940638, 64.49837849966809]]], [[[-51.855468799545406, 64.50499130010849], [-51.855468799545406, 64.50499130010849]]], [[[-50.00158469967408, 64.50851809943077], [-50.00158469967408, 64.50851809943077]]], [[[-51.55823709956246, 64.50414150013017], [-51.55823709956246, 64.50414150013017]]], [[[-51.56621929948102, 64.52013419983354], [-51.56621929948102, 64.52013419983354]]], [[[-52.0767380991839, 64.5191372995468], [-52.0767380991839, 64.5191372995468]]], [[[-49.71044299994446, 64.52826589945175], [-49.71044299994446, 64.52826589945175]]], [[[-49.63540079940731, 64.52837630022611], [-49.63540079940731, 64.52837630022611]]], [[[-49.857842100032826, 64.5266009000116], [-49.857842100032826, 64.5266009000116]]], [[[-49.973050999903705, 64.54677329964812], [-49.973050999903705, 64.54677329964812]]], [[[-50.279057299654596, 64.54319309948204], [-50.279057299654596, 64.54319309948204]]], [[[-40.475009999511826, 64.55925179953095], [-40.23773259927998, 64.4504683002719], [-40.473839299843746, 64.53448109972305], [-40.475009999511826, 64.55925179953095]]], [[[-51.83898929951653, 64.57561129942201], [-51.83898929951653, 64.57561129942201]]], [[[-49.72321989937882, 64.59235620017853], [-49.72321989937882, 64.59235620017853]]], [[[-49.6290945994362, 64.5813552000825], [-49.6290945994362, 64.5813552000825]]], [[[-51.82319639949418, 64.59439769989399], [-51.82319639949418, 64.59439769989399]]], [[[-49.95760879950643, 64.59595040009094], [-49.95760879950643, 64.59595040009094]]], [[[-49.49403409979385, 64.60150129994508], [-49.49403409979385, 64.60150129994508]]], [[[-51.492061599263366, 64.60281049970484], [-51.492061599263366, 64.60281049970484]]], [[[-49.88519429927743, 64.60446460026117], [-49.88519429927743, 64.60446460026117]]], [[[-51.50055889937369, 64.61510290017878], [-51.50055889937369, 64.61510290017878]]], [[[-51.78328509952769, 64.66173779975969], [-51.78328509952769, 64.66173779975969]]], [[[-51.85701369992228, 64.67066229942566], [-51.85701369992228, 64.67066229942566]]], [[[-51.39292719963049, 64.67539869949047], [-51.631965599232956, 64.56263739989612], [-51.397476199866674, 64.6694136995826], [-51.39292719963049, 64.67539869949047]]], [[[-50.97793579959745, 64.68371309997963], [-50.97793579959745, 64.68371309997963]]], [[[-40.54379569931206, 64.6877300999642], [-40.54379569931206, 64.6877300999642]]], [[[-50.98299979930124, 64.69894040017937], [-50.98299979930124, 64.69894040017937]]], [[[-51.42837519935591, 64.7061107002487], [-51.42837519935591, 64.7061107002487]]], [[[-50.91180319965787, 64.7116109997479], [-50.91180319965787, 64.7116109997479]]], [[[-51.096081700010416, 64.71711009955152], [-51.096081700010416, 64.71711009955152]]], [[[-51.584715799894184, 64.71384739963781], [-51.584715799894184, 64.71384739963781]]], [[[-51.876239799627, 64.7199691999187], [-51.876239799627, 64.7199691999187]]], [[[-51.789636599249604, 64.71890630018567], [-51.789636599249604, 64.71890630018567]]], [[[-51.910314599339245, 64.73526769944482], [-51.910314599339245, 64.73526769944482]]], [[[-51.91623689941332, 64.75185720004981], [-51.91623689941332, 64.75185720004981]]], [[[-51.83504099964239, 64.77877060028305], [-51.83504099964239, 64.77877060028305]]], [[[-51.70629499981436, 64.77928259961232], [-51.70629499981436, 64.77928259961232]]], [[[-51.671662299375555, 64.83911359961297], [-51.671662299375555, 64.83911359961297]]], [[[-51.14479059990623, 64.87690179987823], [-51.14479059990623, 64.87690179987823]]], [[[-51.414298999898904, 64.92901599978859], [-51.414298999898904, 64.92901599978859]]], [[[-40.75114419964507, 64.93123139960949], [-40.58328609947387, 64.71860040028832], [-40.73201689946029, 64.9196343999077], [-40.75114419964507, 64.93123139960949]]], [[[-51.62368299967068, 64.935543600257], [-51.62368299967068, 64.935543600257]]], [[[-51.083850899499396, 64.93950670027408], [-51.083850899499396, 64.93950670027408]]], [[[-51.89589500005417, 64.94679499948967], [-51.89589500005417, 64.94679499948967]]], [[[-51.1667632992868, 64.94023379945031], [-51.1667632992868, 64.94023379945031]]], [[[-50.70297629931673, 64.96294919944603], [-50.70297629931673, 64.96294919944603]]], [[[-50.98556289950818, 64.9927647002308], [-50.98556289950818, 64.9927647002308]]], [[[-51.58398629952808, 65.02091040009492], [-51.58398629952808, 65.02091040009492]]], [[[-51.586818699923015, 65.02960790008456], [-51.586818699923015, 65.02960790008456]]], [[[-50.27493739924154, 65.24527740013195], [-50.27493739924154, 65.24527740013195]]], [[[-50.40441079951876, 65.2615091998897], [-50.1544304996678, 65.26814570016398], [-49.89893439960281, 65.21702029944731], [-49.94172630002868, 64.9640383000276], [-49.7087607991715, 64.8675876995128], [-49.90373359932613, 64.67148350006352], [-49.6571345992823, 64.6126480001052], [-49.42589349988509, 64.71496949994253], [-49.567208499272795, 64.49573629959059], [-49.33021209940881, 64.40614769985655], [-49.56484459979839, 64.30042969987079], [-49.77556089931602, 64.16129149960307], [-49.54917799966489, 64.04467619944711], [-49.71845299970613, 63.85465909993758], [-49.98801699938497, 63.85078739981873], [-50.23548509975751, 63.811086900040436], [-49.98503009995909, 63.82146419961316], [-49.73983749930113, 63.77208170031025], [-49.97023859953168, 63.674337700224726], [-50.222920300031774, 63.71909949994205], [-50.48907830002349, 63.654150799919535], [-50.7451784998878, 63.634278299903656], [-50.99681299922048, 63.627730899961136], [-50.71952239953907, 63.62022800002222], [-50.46194639960663, 63.64953309957292], [-50.21156179963731, 63.61829070025567], [-50.46278279968641, 63.62366159990296], [-50.71004159993987, 63.54994059967896], [-50.43422479933497, 63.52626089982073], [-50.18452619952444, 63.55119960018146], [-49.9327287996943, 63.56143929988383], [-49.68134069931381, 63.62291769959222], [-49.92069039924252, 63.54217320013311], [-49.636939099659685, 63.58818869974874], [-49.37684829940946, 63.55665119959326], [-49.11667209953771, 63.554648699877646], [-49.37295209995938, 63.523679600033574], [-49.118856299178844, 63.50877009956048], [-49.36910899918092, 63.51315789991719], [-49.17919539994773, 63.34582870003453], [-49.4409103991955, 63.334564099653505], [-49.21813539972885, 63.18657589955819], [-49.46896169992249, 63.14383999991611], [-49.70623209983148, 63.06366849990138], [-49.4563874995834, 63.05451820025479], [-49.552741799794205, 62.809171699514366], [-49.79485299936641, 62.73295739996411], [-50.02814939947518, 62.64095350000406], [-49.85986509979449, 62.44849660003814], [-49.60895229920919, 62.499087399663836], [-49.350258599354845, 62.48600549965414], [-49.11673569959282, 62.332282699686914], [-48.86242789982765, 62.21762520024288], [-48.65837939968952, 62.07047879975687], [-48.408663599445504, 61.95527579943865], [-48.158241399720794, 61.94663699999762], [-48.05263639955018, 61.71704950023428], [-48.324994399471905, 61.603696899991974], [-48.06586289975297, 61.65118109952817], [-47.807228499395706, 61.68910069973754], [-47.553799999170565, 61.684867299486314], [-47.80194729992792, 61.629583799652664], [-48.039046499496294, 61.53167349963235], [-47.830450399366384, 61.38419200006081], [-47.66966729990594, 61.18966119960476], [-47.47172709942606, 61.022623999697885], [-47.196739799302236, 61.02924579965401], [-46.94458049969029, 61.01453319944767], [-46.69781029930584, 61.059259799700044], [-46.4317305996874, 61.05898409993631], [-46.19377379942125, 61.1360289000138], [-46.05588789970676, 61.34924829966934], [-45.763329299207726, 61.30943339983162], [-45.53339709919675, 61.41338839945513], [-45.28247849978288, 61.479634299583324], [-45.01879079985548, 61.522398799465066], [-45.18842719965551, 61.334829800255136], [-44.976188799373574, 61.1558415996102], [-44.7292554997415, 61.198189899544275], [-44.97515519955277, 61.08832890005874], [-45.18074899936681, 60.91873520006948], [-44.936274099969694, 61.01772200027017], [-44.676743699661984, 61.007538099903456], [-44.88362649956326, 60.86368399961697], [-44.62463279936418, 60.849958300135484], [-44.43709659932853, 60.66459309949198], [-44.15642709923122, 60.66082369995382], [-43.9021212995583, 60.63340849960264], [-43.67342419966701, 60.74555939964665], [-43.409328799284594, 60.73154489997722], [-43.161737499885646, 60.66923620029047], [-42.90325169990598, 60.65987449970845], [-43.12769149916329, 60.787410499495024], [-43.38438009936203, 60.78448470000893], [-43.63692930004714, 60.78521879950807], [-43.86111509928236, 60.89598349983868], [-43.60381079982852, 60.896053499469474], [-43.35454329993331, 60.9551942994774], [-43.09940859962711, 60.90200499963106], [-42.83956749974027, 60.92294949961979], [-43.04268259982206, 61.081196299569626], [-43.3125882996103, 61.08705989999447], [-43.56815599919997, 61.052565499997854], [-43.82143179993756, 61.02823620004068], [-43.61143119978999, 61.182834099714], [-43.36474729924839, 61.136256200063656], [-43.60487929963995, 61.24020880029593], [-43.348016400036784, 61.266347000213955], [-43.10746809987285, 61.35314619973741], [-43.35733430003785, 61.40862219945501], [-43.0988342997631, 61.41331349941851], [-42.834785299901625, 61.412931699438445], [-42.57943989923194, 61.3442699999606], [-42.76368399961683, 61.522018100255195], [-43.021226499803106, 61.51867329943326], [-43.278765099629595, 61.5007038997652], [-43.05076149934365, 61.62036360020005], [-42.79881799925124, 61.56605599968469], [-42.53732809941221, 61.59165669999675], [-42.76345009944248, 61.700357399574386], [-42.99900329966249, 61.786103299627655], [-42.741117999496055, 61.806708599622254], [-42.491404999740894, 61.76154959993414], [-42.27965840001508, 61.90752000014794], [-42.549216899440296, 61.919836899953], [-42.358128399805764, 62.09132629976898], [-42.45359359966483, 62.32587479988217], [-42.71550629957602, 62.3255649996251], [-42.97814599973805, 62.303029699660954], [-43.18393589942218, 62.45429479996511], [-43.439085999719055, 62.466916999819716], [-43.179350899324504, 62.46953889950066], [-43.42679869930049, 62.533882200203436], [-43.15892409946758, 62.567824599925416], [-42.906217699986826, 62.59743110006525], [-43.16730670004415, 62.637166800207694], [-43.42342049945643, 62.67470339984209], [-43.217283399409325, 62.81768200022418], [-42.96932980003021, 62.76851429949539], [-42.72354739969268, 62.815235300169036], [-42.97119589957106, 62.85796499988487], [-43.2141967993428, 62.9319916994574], [-42.94280019986928, 62.96129250024876], [-42.68247779991049, 62.88345929960707], [-42.758052399998235, 63.125518999502276], [-42.500864699446254, 63.206656299448696], [-42.747724499286164, 63.15767479975227], [-42.531120299662064, 62.98846270009358], [-42.27316479931602, 62.99869019959311], [-42.466133299312276, 63.16612480001959], [-42.214876699599984, 63.154290199433206], [-42.428920899879586, 63.330773299847976], [-42.18321739976312, 63.38433569963291], [-41.94198209939435, 63.282675900272636], [-42.129883799197955, 63.47029330009576], [-41.854556399757996, 63.535725199558385], [-42.108107599885784, 63.56732970010563], [-41.855605499394244, 63.5593414000856], [-41.599659499985876, 63.55599960030139], [-41.348307199817384, 63.5828158000092], [-41.088119699964125, 63.54110609966682], [-41.33566290002278, 63.619563900153935], [-41.55849669986276, 63.735074799562426], [-41.81855649958277, 63.693140900032574], [-41.719659699935164, 63.924406999683356], [-41.46120119977553, 63.97748519998203], [-41.204044799228086, 64.04714870015243], [-41.44923039956325, 63.996452699632414], [-41.27757669990473, 63.80573570004259], [-41.022819899218916, 63.74399920030288], [-41.247885299267125, 63.86179860002545], [-40.99692209977502, 63.92917889958659], [-40.89594479951285, 63.685597400199924], [-40.63179289922289, 63.70891899991199], [-40.75597149958497, 63.92942190000076], [-40.86479640003381, 64.16408829943555], [-41.15158709966488, 64.15254099986731], [-41.40318019960648, 64.15994989996796], [-41.623954099601974, 64.298873799886], [-41.37242199977544, 64.38714979952368], [-41.123617599472595, 64.33263139971939], [-40.865655399177285, 64.37076340001096], [-40.605715599595214, 64.38542449964098], [-40.673146799884876, 64.62931070012877], [-40.91701919937651, 64.71456539947366], [-41.17832079916553, 64.76621730018832], [-40.91854969980875, 64.78779179955194], [-41.13702589942568, 64.92253279974898], [-40.97892059970587, 65.11925569949102], [-40.722399799511095, 65.15330189986287], [-40.46651989937379, 65.1293549997335], [-40.21545429947628, 65.04936490017008], [-40.00302649927346, 65.18729060028102], [-39.76528779989201, 65.2660285000153], [-40.022503699586025, 65.46595719956514], [-39.77808139973678, 65.57515009989726], [-39.55699209940582, 65.70927990014735], [-39.30084390002594, 65.68707050010357], [-39.036915899449184, 65.6735496994591], [-38.78539129996847, 65.62688769970765], [-38.563628399331094, 65.76397379995097], [-38.30868599925941, 65.76549079976064], [-38.524049899782995, 65.89366519948942], [-38.29665439948093, 66.01482589989541], [-38.0774219995256, 66.17611309993964], [-38.30562719993526, 66.29044009943112], [-38.234953599229186, 66.53390180012804], [-37.97223589996679, 66.46024730027273], [-37.71185779959774, 66.46983239964561], [-37.905518499678976, 66.63100190001774], [-37.67462619963936, 66.5122154997456], [-37.44015169934141, 66.40274319983888], [-37.19493999978113, 66.47388519984213], [-37.015354799484385, 66.64855549993644], [-36.75794089965274, 66.63023839988233], [-37.00885269929262, 66.59627219960237], [-36.761497099611404, 66.47481599995848], [-36.975387199259785, 66.3276915995877], [-36.733017700006826, 66.2595053995546], [-36.436695199323935, 66.20891090011798], [-36.21465429935637, 66.09298310019], [-35.981642899799965, 65.9958164999316], [-36.19921739956328, 66.13918499958811], [-35.904877099998146, 66.14497560024381], [-35.73885609982909, 66.33895660016702], [-36.01028059986976, 66.2930158000392], [-36.25260750003605, 66.40477909947589], [-35.98850589972744, 66.44376099957054], [-36.259364699221464, 66.54239600027523], [-36.00870779982506, 66.59241660004614], [-35.737475999317894, 66.62243329985694], [-35.48125189985524, 66.67634590014325], [-35.219846799789934, 66.7097885996642], [-35.477555499186906, 66.66768020018117], [-35.73069079974056, 66.66104519997606], [-35.96556939960806, 66.56627680023422], [-35.700562199985484, 66.58256390020387], [-35.99398279976634, 66.50716370024463], [-35.74429089990508, 66.52146740030037], [-35.46494649958123, 66.5416510999184], [-35.70865299933638, 66.45828569992517], [-35.44282999950485, 66.43134729943836], [-35.19815939953662, 66.48506050024196], [-34.95282929973234, 66.43451059998426], [-34.693572099972414, 66.45086809978301], [-34.904970799662635, 66.59234110016172], [-35.15017209946279, 66.54120109985092], [-35.3937341995736, 66.59945200000988], [-35.14118169927593, 66.57742699965638], [-34.8768626995539, 66.59084999992763], [-34.62358649951727, 66.52472839959603], [-34.851686999955064, 66.69391729944385], [-34.62156519947433, 66.80498749947355], [-34.36175219980413, 66.75811819969522], [-34.10792209922545, 66.76746870012045], [-34.33650539980431, 66.88032969945613], [-34.074753499574285, 66.90229359986978], [-34.34005580003509, 66.9684969998367], [-34.61398979978941, 67.04366739963086], [-34.88288219925403, 67.06037800024455], [-34.62644939952014, 66.98487060019812], [-34.86893549947365, 67.04917979950818], [-35.11375629971343, 67.1163779000201], [-35.37411309963977, 67.11627919942555], [-35.11845069964005, 67.02815240001331], [-34.876212299957615, 66.95300549950423], [-35.118617799971446, 67.02480800028906], [-35.373767299521205, 67.07340889970101], [-35.649493299176356, 67.10082389950344], [-35.406087899636816, 67.0435015997191], [-35.167952899606576, 66.96664800000525], [-34.941931599363784, 66.83147649974075], [-35.19314999947284, 66.7741167998505], [-34.95102929946256, 66.83962089958493], [-35.19813949933837, 66.89148699992518], [-35.42570379969055, 67.0164121994635], [-35.67012449964591, 67.0775082002433], [-35.924054999638486, 67.05573140018402], [-36.19981019938115, 67.06426930018813], [-36.46442639985844, 67.00846219977075], [-36.207532899923365, 66.95740009963492], [-36.467269799861356, 66.96135649970273], [-36.239222899916854, 66.85279180010156], [-35.97666149922878, 66.89181370024215], [-35.70840159925439, 66.89890190030252], [-35.961781699765595, 66.8501521999641], [-36.21333689957822, 66.81986899955473], [-36.46752759951909, 66.76077450024303], [-36.72097379930136, 66.78310749951157], [-36.46151449939458, 66.81876850006626], [-36.723110699998756, 66.82743939990843], [-36.99901479959328, 66.8704907997107], [-36.75414009938601, 66.96617209946288], [-36.476224699310364, 67.017731700058], [-36.19222199964554, 67.08204669999526], [-35.92482569974618, 67.0779450998865], [-35.6727503995113, 67.14225929942717], [-35.419267299646094, 67.21420140017455], [-35.16004539917577, 67.21581609963334], [-34.91151339992342, 67.24320269974487], [-34.64591809944068, 67.26529199982599], [-34.38506069999124, 67.26896190017163], [-34.64591399943146, 67.26111549968061], [-34.9019925993789, 67.23438180018002], [-34.633638599741516, 67.13866620028494], [-34.382358999867904, 67.1995313999542], [-34.1392536995985, 67.13289149964305], [-34.39763250003978, 67.11521869998307], [-34.65037259981557, 67.13172780029782], [-34.914597499874674, 67.14933099962599], [-35.16479110002922, 67.20065589965009], [-35.419299899170994, 67.2092241994373], [-35.16111319931463, 67.1460311001552], [-34.91124979963848, 67.10954189953907], [-34.65527389957077, 67.05434590014323], [-34.39653280004865, 67.0404203002567], [-34.13991369945762, 66.98450699979827], [-33.88552949958671, 67.05282479942503], [-34.07736299940285, 67.23423619994071], [-33.85618900002231, 67.37610280030407], [-33.59419949980702, 67.37729939954772], [-33.34061659947645, 67.41208319958002], [-33.58583009947944, 67.46107479956243], [-33.34491629954755, 67.55597169983412], [-33.546517999805815, 67.72553939952371], [-33.79965149991676, 67.78530569959844], [-34.060156399298364, 67.7399049999159], [-34.31060079968711, 67.7497172995138], [-34.56414609936297, 67.72802949996151], [-34.304653599184235, 67.68231559968524], [-34.047566599319055, 67.67834169970973], [-33.77462679918739, 67.63856489965048], [-34.040155099278365, 67.6452542998461], [-34.29009429921251, 67.67109029967764], [-34.053906899783556, 67.5677773998072], [-34.236984099236736, 67.38686370029956], [-34.48534199963353, 67.44286529979382], [-34.76204000004594, 67.45728990020876], [-35.00789299986201, 67.40290200012726], [-35.257737899584356, 67.44258800013614], [-34.99735819932141, 67.4945543002408], [-34.73459899994384, 67.51730789983975], [-34.47636729981099, 67.44926249946485], [-34.22648809994581, 67.45799610004002], [-33.96243679961856, 67.46632189943614], [-34.21947089956234, 67.50256959970733], [-34.480367199186844, 67.55098119992249], [-34.225666899307896, 67.5260704001289], [-33.957092799593, 67.53121919960643], [-34.23766589956159, 67.5782148999977], [-34.506808799786256, 67.6293907994459], [-34.77791529955141, 67.64494589983349], [-34.99841399980619, 67.77292879972441], [-34.75045029924189, 67.71383860007137], [-34.964230399213534, 67.85349520014341], [-34.701902699949585, 67.80751969967446], [-34.431254799569274, 67.80155379956824], [-34.119357099550484, 67.7687430995145], [-34.36959389953881, 67.86064829977926], [-34.63030009956992, 67.94394270009559], [-34.900804499627895, 67.99484370017666], [-34.682059599670765, 68.13728129989215], [-34.40003169970316, 68.22997220005703], [-34.14188249977752, 68.1748894999505], [-33.876413599907664, 68.22106489992524], [-33.60351989992341, 68.25745199961017], [-33.861356699651935, 68.21576890031457], [-33.60194459976344, 68.20705419989145], [-33.87021719996375, 68.18491789944159], [-33.57255629943364, 68.12908369975298], [-33.315621899231246, 68.13495819996103], [-32.99138689918601, 68.0953224999335], [-32.72652509925388, 68.09312119968365], [-32.94014819917999, 68.24269590009578], [-32.816067699564655, 68.46246860014583], [-32.566493799749026, 68.51291639947232], [-32.8169640997134, 68.63136540019315], [-32.56460449949799, 68.63589489953006], [-32.68423080001139, 68.8581810994782], [-32.477994999369685, 68.71082279983239], [-32.22954249928688, 68.79431940012029], [-31.96847269975524, 68.76109619992974], [-32.22315309943593, 68.70074170006944], [-32.05670309926859, 68.5141665002838], [-31.838136599624306, 68.64256599942138], [-31.60011479995802, 68.74972989971513], [-31.77386409984831, 68.54900929943966], [-32.07746819979752, 68.55731180009957], [-31.80790549963905, 68.49782100013908], [-32.03862379974851, 68.37538480026836], [-31.736812399372695, 68.40812649983815], [-31.522602099707115, 68.26500390001002], [-31.378119899413775, 68.48198919994167], [-31.13087349991207, 68.43853629961058], [-31.36544529966079, 68.31655309994568], [-31.093902699749776, 68.28273829963285], [-30.842494999544556, 68.28800329961263], [-30.853080099167187, 68.5504975002595], [-31.115379499464268, 68.56299719986094], [-31.365243199513998, 68.50874009987575], [-31.62443499967543, 68.44354679954523], [-31.372941800024023, 68.55652129961834], [-31.125458100011258, 68.60544099970241], [-31.381868599256393, 68.63252610029934], [-31.146950299716536, 68.73916580016163], [-30.95596749920071, 68.90381639990699], [-31.220320799964895, 68.88198439946052], [-31.507881699680638, 68.870499299703], [-31.33135339933989, 69.06663439985772], [-31.068639399888355, 69.03007769972612], [-30.90908679961609, 69.23375819998103], [-30.641166400009297, 69.22752430010644], [-30.382329100007894, 69.23455140022702], [-30.61473589974196, 69.13426559947789], [-30.870314199640575, 69.09540690020833], [-31.09766759997973, 68.98360559991858], [-30.789718899507534, 69.01384880028195], [-30.554748899741867, 69.10561439968484], [-30.298662899273324, 69.1442138001268], [-30.522724999459115, 69.00463429983313], [-30.761550299306805, 68.88795760026312], [-30.53388729925939, 68.75558999997855], [-30.788450999314136, 68.68626610000058], [-30.533777499232144, 68.62020929941968], [-30.332735899442184, 68.45958260015692], [-30.050998399556477, 68.35469640021876], [-30.23650020002418, 68.52915800004172], [-30.201153499934037, 68.78392440009105], [-30.447380799384348, 68.70186619976539], [-30.29120459941271, 68.90525739980922], [-30.114604799371932, 69.11678939971108], [-29.863756899261432, 69.04295529984728], [-29.608543899481333, 68.97291540012566], [-29.404740199300704, 68.81296090002559], [-29.607552599272992, 68.9875246997052], [-29.370072399221783, 69.070379700263], [-29.12046379996434, 69.04853770025471], [-28.86500679972397, 69.01078990023376], [-29.104841099337193, 69.08522440008608], [-29.33399399992311, 69.19847739951246], [-29.602115599455317, 69.20642480016443], [-29.872954499650405, 69.19797150028455], [-29.617946199957146, 69.19274109992188], [-29.87340199960255, 69.11959339951585], [-29.768823599829204, 69.34689149964305], [-29.550327599838795, 69.22447050011357], [-29.316711399911128, 69.3864381002382], [-29.093892999162563, 69.26545049954098], [-28.838278499752903, 69.24535600007937], [-29.062884299470795, 69.36323799983387], [-28.81327459944316, 69.32791050026941], [-28.647898299866597, 69.51776160021774], [-28.396261000045058, 69.44277489954203], [-28.422727999297706, 69.19177370009623], [-28.330720899549817, 69.46076950001247], [-28.098359299741844, 69.58230479952692], [-27.87579459954111, 69.71635609975425], [-27.59979369961951, 69.75413500013019], [-27.33038739965872, 69.72560079943742], [-27.077320899939537, 69.74315409988185], [-27.356484800033456, 69.64663840014208], [-27.62238099928362, 69.65667620024652], [-27.87608899980745, 69.66291949983508], [-27.624567299741045, 69.61629479946549], [-27.35001099970782, 69.63148280019112], [-27.56551989972354, 69.46911519960685], [-27.809926299559038, 69.41550380026024], [-28.056281599516183, 69.35891589944924], [-27.80295269920765, 69.22870799947464], [-27.5986061997163, 69.3894304999177], [-27.34964739930797, 69.44407600000744], [-27.164100999661343, 69.62181609993314], [-27.35107889967145, 69.42682139948806], [-27.549751799405954, 69.26780309993319], [-27.290477199563043, 69.16848629980296], [-27.19353669965892, 68.91156069946675], [-27.002117599347685, 68.73150540015416], [-27.173207999649435, 68.91454389998108], [-27.05428759949308, 69.14243939995839], [-27.1658536991888, 68.90910640014033], [-26.97723059921276, 68.72591870008802], [-27.139619299690878, 68.95620219957192], [-26.910485099607627, 69.08193450017711], [-27.189198199237467, 69.16382789973784], [-27.010976699415096, 69.39150939973905], [-26.804857399649222, 69.53849069998586], [-26.601158999288316, 69.7281061002164], [-26.35403129950481, 69.64046989986605], [-26.021211799285084, 69.64196720002633], [-25.73927109938171, 69.66214760003174], [-25.46648939916639, 69.59425030001137], [-25.172442900019803, 69.58437860019228], [-25.128603999874656, 69.33420800019911], [-25.144338299173114, 69.58662520019288], [-25.428949399195346, 69.59816500031457], [-25.756231099985257, 69.69260550004384], [-26.015493399800505, 69.68346400026348], [-26.288368199632657, 69.70308449945014], [-26.56190699950838, 69.79084809956021], [-26.81018829925057, 69.85161659962642], [-27.04658239975788, 69.95682370015368], [-26.828759299502053, 69.82094069945379], [-27.085643499547814, 69.92321650024132], [-27.3110728992948, 69.8136711996662], [-27.56192469976503, 69.87373969982735], [-27.813379499264443, 69.89148550015574], [-27.496643399872937, 69.93406730006592], [-27.767114699483727, 69.95968029950626], [-28.020438399912166, 69.84840760003078], [-28.26779429996691, 69.77095789998714], [-28.025884499969663, 69.85276349963584], [-28.286779999197563, 69.86112789973282], [-28.048046399621626, 69.95645099951406], [-28.29899289960258, 69.93321579946962], [-28.524518900027147, 69.78929069950624], [-28.77316089985561, 69.84033600030625], [-28.510759699900177, 69.91280529982481], [-28.233860399737637, 69.95646259986916], [-27.975624799245054, 70.02108619946858], [-28.224326499668166, 69.96609790029794], [-28.506857199799867, 69.92710819948388], [-28.75476049919763, 69.87539350001009], [-28.501422699198145, 69.94178219988868], [-28.755640999332627, 69.92060479977175], [-29.010120399636662, 69.89033259986962], [-29.268417099169767, 69.85224369958712], [-29.008527299195464, 69.92836589956664], [-28.753762599764116, 69.96853290017327], [-29.11190139972979, 69.92355239972352], [-29.369241599220402, 69.87778480002856], [-29.120219899328845, 69.9245518999503], [-28.899609300029113, 70.04469379977911], [-29.165518799353038, 70.1466035998763], [-29.421958599409777, 70.20347939975454], [-29.63786640001433, 70.07554839973892], [-29.453788199365874, 70.26284060021356], [-29.194105799243175, 70.29489359985979], [-29.46351459931924, 70.26835949949134], [-29.72438729983395, 70.15700479983172], [-29.937904899391526, 69.993572999994], [-29.689129399701983, 70.0234870997499], [-29.932021299843086, 70.09433850002182], [-30.11522559958172, 69.89634410010018], [-29.950274299819057, 70.09493580004721], [-29.70830579927315, 70.20994939954522], [-29.38487609985208, 70.28767330018269], [-29.09663380000984, 70.37120760005075], [-29.353179099535794, 70.35172870001952], [-29.604988699568764, 70.30408649949243], [-29.871085899994227, 70.36494919994567], [-29.61209799952303, 70.33429660030794], [-29.371396299299704, 70.47788479984371], [-29.10501299935038, 70.43305470021431], [-29.45561479978312, 70.48550739954692], [-29.76038729983395, 70.46981509948733], [-29.44029299972209, 70.48627449966847], [-29.126589699355122, 70.4573574998488], [-29.410958099336767, 70.49237289958972], [-29.711340999487504, 70.51305359964397], [-29.96703689923345, 70.51114309967437], [-29.712337599400655, 70.52241630027208], [-29.956894400056456, 70.59454980013322], [-29.688917299993363, 70.53059600030525], [-29.426920699630557, 70.5210139001714], [-29.67486799925871, 70.56451459946925], [-29.4058056998731, 70.61673549944379], [-29.14757339989245, 70.51486139973389], [-28.843124799669738, 70.50657069997789], [-28.584244899682346, 70.56717700011853], [-28.296126499438344, 70.55540579993777], [-28.54864389919652, 70.60738149975646], [-28.805670199320218, 70.60334280003025], [-29.056356299703452, 70.56400560027828], [-29.213443699966717, 70.76770339989207], [-29.467957699887904, 70.76885859974465], [-29.18618329991932, 70.6799422000725], [-29.52336089948585, 70.67048100029797], [-29.78194989936833, 70.6649785001577], [-30.052767399295988, 70.70462300005147], [-29.75604369935718, 70.67596479993563], [-29.499386099688707, 70.71539279973797], [-29.74896449971186, 70.77035649975272], [-29.991184399440442, 70.84033349999106], [-29.70649029918792, 70.85028639959773], [-29.42496559958272, 70.88378009967192], [-29.691141699329933, 70.88007599990755], [-29.448028199941405, 70.79775129988263], [-29.179227199475633, 70.7712043994635], [-28.936467599500077, 70.66252469995499], [-28.673010599959184, 70.66368779945242], [-28.394263499660724, 70.69715659999713], [-28.13878999955881, 70.70802659944809], [-28.400263799734546, 70.7336132001891], [-28.143142999749614, 70.77644890029654], [-28.389338499172368, 70.86689280026258], [-28.64939689954724, 70.84334039943991], [-28.940403499521835, 70.89238190010468], [-28.67546279936863, 70.93011180001963], [-28.386291900051106, 70.91394899984653], [-28.649948999646597, 70.97611460030862], [-28.376916699745834, 70.97807640030567], [-28.18246999939089, 71.14182869963486], [-27.924239400028227, 71.15336149943369], [-28.174630099199646, 71.18193549962365], [-28.436875199330927, 71.2026555998761], [-28.662677599191795, 71.04679729945587], [-28.90173919950439, 70.95049749995974], [-29.143954599924825, 71.03404500007673], [-29.483146399386783, 70.99156220023542], [-29.21281079937887, 71.00052050002114], [-28.96415679989633, 71.08299290020221], [-28.743468000048097, 71.21067079951786], [-29.029979699403555, 71.2077238003132], [-29.278129399552085, 71.14837790002014], [-29.515043399932892, 71.05771759978745], [-29.816331199725028, 71.07758399970186], [-30.080205799458042, 71.12168590028415], [-29.788210299565606, 71.14144569995915], [-29.53823929960396, 71.08577949992406], [-29.855432699759263, 71.2055886002338], [-29.60417479962723, 71.1798318999223], [-29.35393849966198, 71.1468717001689], [-29.60922569980613, 71.2302156998947], [-29.349738699881073, 71.20631010023101], [-29.05600399928511, 71.20341409978096], [-29.311783799482725, 71.22732600009488], [-29.569389499525755, 71.25761989973864], [-29.87552609934994, 71.2801437998965], [-29.578000299474184, 71.26525429944644], [-29.300337999199257, 71.23971089943853], [-29.05256609974566, 71.3445151999166], [-28.796250399836026, 71.31240959982324], [-28.542255599216503, 71.2832300995895], [-28.292272499776004, 71.22481729987857], [-27.992493799249416, 71.21134249955679], [-27.758483100014985, 71.33979339944591], [-28.017201099551073, 71.36920770007538], [-28.28535219954432, 71.3631142994854], [-28.544477499337063, 71.33229239977447], [-28.295823299305766, 71.37763160021825], [-28.0334112993919, 71.39676919943906], [-27.784323899528317, 71.47220819974865], [-27.51895159943672, 71.52116609943602], [-27.797304999925757, 71.52893099976586], [-28.049479799353207, 71.50758979982947], [-28.30536429952275, 71.48515059962051], [-28.553799799720935, 71.44347459957316], [-28.806320799465254, 71.45534019979044], [-29.059814199265816, 71.38424559945491], [-29.329051499527054, 71.39014180030392], [-29.58480639929587, 71.41042219952493], [-29.857003399886935, 71.4174729994794], [-30.102847500012047, 71.49384930020511], [-29.858400699932304, 71.42174239959212], [-29.54946769957462, 71.43016250009936], [-29.282429099623187, 71.43170719992742], [-29.001352299269172, 71.41637390023539], [-29.254562699508938, 71.45742729963024], [-29.511720199927254, 71.4997533997996], [-29.258859799639993, 71.53546189984684], [-28.9919186996882, 71.49365349980923], [-28.742538599276884, 71.55491359988281], [-29.008187399528822, 71.59240830010305], [-28.75765949978603, 71.60133229974588], [-29.002004799681742, 71.67555860024925], [-28.749432799384124, 71.80021549964567], [-29.000472699355555, 71.80041640009682], [-29.253917199419163, 71.78141019992086], [-29.512840699438698, 71.80411539980594], [-29.800212199233556, 71.8890068998486], [-29.530868600005817, 71.91320729997699], [-29.26334109981184, 71.80068959974528], [-29.013186699306686, 71.8693703999241], [-29.25123519984453, 71.97568560011041], [-29.514087599563027, 71.98325429984612], [-29.25762789930809, 71.98493199951224], [-29.00626459953162, 72.03505890004823], [-29.26414009978572, 72.0878428997301], [-29.0329291996228, 72.20108879990823], [-28.755838399622405, 72.13246310029189], [-29.082287099769815, 72.24551449959455], [-28.830585600045367, 72.19737810001936], [-28.573840899238064, 72.20605009973235], [-28.364372199517334, 72.05860050001314], [-28.092961899771808, 72.02060859970715], [-27.826561499213767, 72.03829079998047], [-27.54062849920581, 72.05152579967597], [-27.287615799629407, 72.02796269961897], [-27.033399799960762, 72.04712160018175], [-26.781139199814163, 72.04160329985245], [-26.52857779982554, 72.0486980002126], [-26.770995099843958, 72.11727999997208], [-27.024310099331558, 72.06204370015672], [-27.29548049952541, 72.04930389955535], [-27.556227799473334, 72.08634089971281], [-27.812019899698555, 72.16139700017146], [-28.059700099779718, 72.11851279962605], [-27.77633509948521, 72.16687169956936], [-27.477403000048355, 72.10320579970795], [-27.215847799536277, 72.11094219962285], [-27.44290869987657, 72.23618049993019], [-27.185723399615142, 72.23491130021637], [-26.93933579960742, 72.17112600006493], [-27.15010039991347, 72.3256796000336], [-27.406360199763355, 72.34004430020434], [-27.66662539924272, 72.33546159967312], [-27.41095509959814, 72.34612969952605], [-27.137595899730968, 72.36261539948117], [-26.878211699510302, 72.32692810005182], [-26.677060100043548, 72.13274249986654], [-26.807782799836275, 72.35183839982233], [-27.060624199247343, 72.38234480027239], [-27.307440299230393, 72.42433199992189], [-27.561937399990995, 72.475683699743], [-27.818418899812343, 72.44425089955945], [-28.0411049994961, 72.31485109979849], [-27.902600299664073, 72.54472429978665], [-27.632334899835712, 72.55768259967232], [-27.366052199849094, 72.49205139965244], [-27.100562299910166, 72.49769280008269], [-26.779730099764265, 72.49570459958767], [-27.09944459998826, 72.53005229947411], [-27.36504759956705, 72.5281493996751], [-27.639829399207372, 72.6242968998821], [-27.50118939997077, 72.83665070026967], [-27.793680599879735, 72.77392019965754], [-28.046852899441717, 72.72340719948272], [-28.30180539979932, 72.70958479949894], [-28.042594199462712, 72.70735370021316], [-28.30653339929688, 72.75453719973206], [-28.655688099725978, 72.75730429945389], [-28.374826199569384, 72.79912060003574], [-28.119469699467004, 72.76052240018868], [-28.357785699750195, 72.85435289966665], [-28.045135199729657, 72.87786379947482], [-28.312396799172916, 72.90653150002873], [-28.039783799182942, 72.91349540029256], [-28.29629769977896, 72.9489384996121], [-28.078844199300306, 73.07617939945976], [-27.819909500023357, 73.11762749960945], [-28.082726899926456, 73.13335910004247], [-28.327739399653524, 73.04599870017995], [-28.64564099973228, 73.05664839990379], [-28.911913099409958, 73.05236130023388], [-28.638913899956492, 73.07438979984943], [-28.381464499387107, 73.07315369968353], [-28.142314699863448, 73.16531209957378], [-28.387738599856448, 73.21787729959777], [-28.6600508000044, 73.1698718997684], [-28.414359499191505, 73.22439620002467], [-28.70044099975229, 73.20170120025023], [-28.44689989991042, 73.28089529997817], [-28.14834629994175, 73.29021920025593], [-28.41584039931496, 73.31485309969088], [-28.66589319981125, 73.30072059997576], [-28.398606899588685, 73.31653629961062], [-28.114295499537604, 73.29745160031115], [-27.85464279952555, 73.39659100017457], [-27.50838789918214, 73.44232979998031], [-27.810957199615018, 73.4551690997742], [-28.064764599506645, 73.38383950029277], [-28.338261399244118, 73.36236040011244], [-28.58173640001479, 73.42829640015879], [-28.323929500046347, 73.43983099950105], [-28.582738899480603, 73.47283230007065], [-28.32383419978845, 73.5004437001167], [-28.069450099742255, 73.5192136996526], [-27.80939309961184, 73.5224627001935], [-28.062878299393958, 73.56512190025558], [-28.331110599174792, 73.5630552995625], [-28.590792099975374, 73.55938890027755], [-28.328481799895087, 73.58593899958521], [-28.060434499652388, 73.5923464002662], [-27.80169179933705, 73.60406380030417], [-28.062124399521394, 73.59923999962632], [-27.809577999325143, 73.55140420024372], [-27.535884400045006, 73.58482839981087], [-27.793677599741386, 73.62478060004469], [-28.049415999648602, 73.66623169943341], [-27.769037499480987, 73.67367949970918], [-27.473827399914512, 73.68196659947904], [-27.29816329949665, 73.49778390030679], [-27.419987199549553, 73.72335969979036], [-27.679192199960028, 73.71237070024767], [-27.517752399353697, 73.92129769962918], [-27.30186919970373, 73.79032169948692], [-27.045823199281187, 73.9626430998992], [-27.305350699275323, 73.93255269974736], [-27.093526199374537, 73.77488770000741], [-26.823481399646823, 73.78312109945921], [-26.635038999550147, 74.00093429997804], [-26.36529189970139, 73.94470179954845], [-26.63923819948326, 73.88341389963182], [-26.376527099446037, 73.78882669979242], [-26.141331999372255, 73.87559939989245], [-25.85614759953205, 73.93036729951132], [-25.636511199831943, 74.06655229974888], [-25.38119709916674, 74.09992120000345], [-25.018339999791124, 74.06100759982093], [-24.77102119946875, 73.97659189959654], [-24.530007299597173, 73.8632939997184], [-24.27803339972155, 73.79756429965278], [-24.463720299552165, 73.9790846997991], [-24.69206109973993, 74.09933779989962], [-24.940498899504576, 74.2091563001232], [-25.204599599591802, 74.2266155998301], [-25.464862700053516, 74.2379919994313], [-25.180681699900504, 74.25629440006657], [-24.92907309924408, 74.22178939976106], [-25.171954299251468, 74.2952128997556], [-25.43690519951531, 74.32058399955201], [-25.248048599563162, 74.4887535996989], [-24.98798159987092, 74.39164400027045], [-24.7244428996201, 74.38020539995932], [-24.462808599237405, 74.41241350028287], [-24.197722899592122, 74.40857389966578], [-23.996821599437226, 74.22673030026323], [-23.84532689951675, 74.43364939950027], [-23.600024899929167, 74.27584319990382], [-23.340017099909176, 74.28553970009716], [-23.08780399925513, 74.21844819982459], [-22.8502767997345, 74.13724839969393], [-22.602022399613986, 74.06508750018804], [-22.327033099397966, 74.18025020008673], [-22.591370799622666, 74.18246729962624], [-22.830210199940723, 74.260769600137], [-23.086753399549707, 74.33048429961082], [-22.83529359981975, 74.30203860030122], [-22.572897299370823, 74.3283277001633], [-22.828642899250383, 74.33825709958552], [-23.052685999459243, 74.46645470002443], [-23.368425400012143, 74.51456100019004], [-23.60278839966486, 74.6136862995831], [-23.34759219922057, 74.6348762002765], [-23.099329899455256, 74.57481319946965], [-22.839247599597, 74.57132259965829], [-22.63588009938701, 74.40297410007474], [-22.37892619918472, 74.40547529994518], [-22.077090299477675, 74.47581510018676], [-22.30698799969639, 74.57600800006918], [-22.555447399377954, 74.61926059979692], [-22.81357119975104, 74.59986439962239], [-22.546274599593062, 74.66705289987146], [-22.712401699978443, 74.88397469957278], [-22.44578539917677, 74.85017259948592], [-22.192797899503432, 74.85142039983162], [-21.94379539923824, 74.74242539981242], [-22.045003299162886, 74.97340740003153], [-22.297390899770164, 74.98081709962952], [-22.552411499491086, 74.92686889968002], [-22.79449569961679, 75.03763639960022], [-23.0465071992478, 75.13116040023232], [-22.770636999597798, 75.15048219949398], [-22.47475299935138, 75.15767029984454], [-22.73478979980939, 75.17300519943046], [-22.992024499830734, 75.22010609981669], [-22.70969369920482, 75.21652799956757], [-22.436589399581067, 75.18607989946787], [-22.65102089919509, 75.3450678001389], [-22.421300399593747, 75.48449289942783], [-22.721464599911315, 75.46463940028815], [-22.970415899973773, 75.42245429942642], [-22.713404499817784, 75.46486930027805], [-22.4765607994413, 75.5527420996682], [-22.75228889991274, 75.58971449972444], [-22.493665099864415, 75.61161489990775], [-22.224486399427747, 75.6524743002488], [-22.478127999407604, 75.72509370021413], [-22.751582200058465, 75.70030949978366], [-22.96140499974092, 75.84453090028086], [-22.69916840000161, 75.87156229966047], [-22.42648009977671, 75.87082000014294], [-22.135927199680452, 75.92914530031544], [-22.418442900019784, 75.97134199973357], [-22.161812799820837, 76.05012799970746], [-21.899924499416045, 76.0554015000792], [-22.192594999859296, 76.11698669967649], [-22.405373300037695, 76.2768425999061], [-22.106408700001452, 76.30711989986355], [-22.358505499429214, 76.39262489941962], [-22.638542899335278, 76.39849800028253], [-22.408569899781014, 76.50902769966865], [-22.239655099802974, 76.73902049959645], [-22.00777349964727, 76.8812452999307], [-21.777906399760468, 77.05686679946331], [-21.50951379942228, 77.0558093999839], [-21.206359899189977, 77.06192200020018], [-20.952644299394876, 77.09062049983623], [-20.650606099891547, 77.05759739970028], [-20.390710799663623, 77.02878809999089], [-20.657644299444826, 77.0819503994914], [-21.00560189970787, 77.10537729992251], [-21.445054999688466, 77.07588550021575], [-21.7609118993646, 77.06889599985055], [-22.00818740002842, 77.11879399954353], [-21.860722799617463, 77.34983209947188], [-21.632027199795402, 77.47429049960692], [-21.886138999515197, 77.53694760025161], [-22.15777689968411, 77.55759369978949], [-22.437798999424217, 77.54996349991563], [-22.169603099703238, 77.5610532999699], [-21.938326899766594, 77.67648079984912], [-22.186326099270048, 77.72067609952245], [-21.910573700016187, 77.78964960024894], [-22.25123669951404, 77.85336039966279], [-21.896203699241255, 77.81883690030276], [-22.169821199688556, 77.87284919943107], [-22.41240169967864, 77.95396259989411], [-22.770701899173275, 77.89762090018445], [-22.461564099803297, 77.94742900004837], [-22.74034079948825, 78.01710540009418], [-23.026055900059703, 77.9691042000988], [-23.27725739920959, 77.9979941995727], [-23.55229820000187, 78.01799179978178], [-23.805812500046784, 78.067860799936], [-23.4937674991707, 78.12085819974618], [-23.223783999931584, 78.05760509949579], [-22.970091799596844, 78.07294660010558], [-23.23694889927225, 78.10672489963446], [-22.939847899560846, 78.11658359975337], [-22.677260499472425, 78.11236990005091], [-22.430506599300088, 77.99560029961418], [-22.153807199542598, 77.97664340027274], [-21.87499359977477, 78.02346269954398], [-21.657649099826074, 78.19416660000866], [-21.381500099549896, 78.19418219964888], [-21.495199299408114, 78.42191630009722], [-21.237575199236005, 78.47303139997916], [-21.492175899198344, 78.48829000018344], [-21.76269579997114, 78.55971790006112], [-22.016071899398582, 78.53729349999509], [-22.34230929933466, 78.54160149990935], [-22.07859649932891, 78.55771750026247], [-21.821733999924106, 78.63623999977625], [-21.558734399173147, 78.65900269961497], [-21.30661889924278, 78.76927689980914], [-21.0408435994525, 78.78911680030018], [-20.7883645000216, 78.82690509949083], [-20.552673499382422, 78.99778979965959], [-20.822520299871883, 79.02800449960802], [-21.091842699381004, 79.09870959996812], [-21.397124999918788, 79.11823820013291], [-21.68933089980112, 79.16877549998941], [-21.955907199657474, 79.19592629965905], [-22.25534730003784, 79.24142899954876], [-21.994802899733997, 79.28491150016566], [-21.739059799969766, 79.34859010025298], [-21.34148869964372, 79.40301929990085], [-21.044001899767807, 79.43709370031405], [-20.784738299532876, 79.46499260012843], [-21.04436200000623, 79.41515380010787], [-21.315473500001985, 79.39680799998928], [-21.644896699722892, 79.3595410000172], [-21.371550899754197, 79.28877860025227], [-21.11762569946643, 79.29445429992603], [-20.856830599652426, 79.35228599999897], [-20.594297799204014, 79.33331209987358], [-20.32972529948296, 79.36721339967869], [-20.08330199998727, 79.42839020004777], [-19.80399569944194, 79.37761580022908], [-19.572143899221544, 79.49295869998406], [-19.305382099804035, 79.4975280995422], [-19.537468299322484, 79.5968757994786], [-19.8015258994007, 79.68882369955412], [-20.57400399918515, 79.7243636001001], [-20.819495199943503, 79.6686219001806], [-21.101492499579138, 79.64543359978086], [-21.411735099894884, 79.61841820023983], [-21.670498299357007, 79.58569349965535], [-21.934956199369083, 79.59112729968518], [-22.220699599806665, 79.61016610028537], [-22.507534399492897, 79.6075029001388], [-22.133473399477737, 79.59649759948468], [-22.457995099793948, 79.4864733002027], [-22.75924359921271, 79.40371850030863], [-23.02492299979656, 79.45914739983272], [-22.70172119937382, 79.48986630018965], [-23.01438619916371, 79.51094980029313], [-23.280713199754302, 79.57200089972179], [-23.543158999787977, 79.55079559993703], [-23.791376900023863, 79.67442599966023], [-24.03050279916482, 79.75709060025105], [-24.186895999250908, 79.9527317001079], [-24.379287599443103, 80.14286509994446], [-24.655877899745235, 80.15573969992727], [-24.923018899202816, 80.19966330002131], [-25.215936699718895, 80.23646520030883], [-25.474417099269658, 80.24647950022882], [-25.874757099760302, 80.2392108997633], [-26.126790599506535, 80.25841810021524], [-25.806272099977377, 80.30981840029898], [-25.537534399193135, 80.38398579970493], [-25.814680199931217, 80.45800609970178], [-26.083187299254405, 80.51743300013288], [-26.38315559935137, 80.57070669955459], [-26.649697999263196, 80.49788899997742], [-26.92502599945027, 80.49802969981084], [-27.16513629920081, 80.60190740000655], [-26.916201699548765, 80.6857402999749], [-26.555634400007534, 80.71005529981227], [-26.80761469945878, 80.72258719963963], [-27.09625029981146, 80.68910829970832], [-27.37003669923422, 80.66856490005017], [-27.68692080005485, 80.68899449949663], [-27.41895179928605, 80.73798909961732], [-27.710469799641487, 80.78682609984469], [-27.97665509945324, 80.90230079974219], [-27.718354899758765, 80.99899999985018], [-27.457754699219947, 81.00663209999146], [-27.76916509978946, 81.04929039983216], [-28.03638829997999, 81.04744130017593], [-28.308151399267615, 81.03669630019414], [-28.585209899217432, 81.16106600019583], [-28.855777099833233, 81.16521909998153], [-29.123300799492256, 81.10374409971047], [-28.897445799184254, 81.23928879973835], [-28.598504699332352, 81.2635692997834], [-28.184875599529278, 81.32850659999963], [-27.930942299947162, 81.36150579975293], [-27.612853999712286, 81.39188429952088], [-28.02902349993451, 81.44635059980038], [-28.30324989986292, 81.41763470008141], [-28.568339400043214, 81.39607089995212], [-28.935169699721826, 81.37722360008911], [-29.291115199806598, 81.36815259996257], [-29.60948189956997, 81.36491829973977], [-29.96798029975099, 81.34484330027811], [-30.246760199223786, 81.34203099973092], [-30.503997099886192, 81.31944399954102], [-30.82699619941502, 81.32221659951654], [-31.104195899221338, 81.3151632994468], [-31.39125219922954, 81.36954699969436], [-31.128039499623185, 81.4028837995478], [-30.838575899757927, 81.45831809950073], [-31.120481599845903, 81.43267979943323], [-31.4113689991799, 81.43614699978428], [-31.672374899182216, 81.52979709975642], [-31.938864099698378, 81.55422439973631], [-32.21051479991803, 81.65456149961358], [-32.51440199925281, 81.6454871000497], [-32.77685560000589, 81.60160479952197], [-33.04807479921254, 81.55422969944112], [-33.34111789957137, 81.53653319994726], [-33.59505629920881, 81.53822800022209], [-33.86542969952097, 81.50110520024487], [-34.14620259917058, 81.46825069961017], [-34.49082129996299, 81.48001090018295], [-34.838102899629064, 81.56045440015049], [-35.05358679939121, 81.6902238995134], [-34.79639209941581, 81.7468951000289], [-34.501463100041974, 81.75880840028748], [-34.20255809987634, 81.77166670005823], [-34.52248379958763, 81.79395419992642], [-34.87698169964568, 81.80157419968964], [-35.13463459970694, 81.77793359965597], [-35.44439899991386, 81.74060980030208], [-35.70798449998466, 81.76764650028582], [-35.95810199950762, 81.79208360017805], [-35.70336999942589, 81.89553459994187], [-35.44979679918288, 81.8992515995817], [-35.15985539940709, 81.89856539977342], [-34.897510099511464, 81.9301543996059], [-34.610876499750646, 81.94513199944225], [-35.07222469931037, 81.928112700241], [-35.32943559967316, 81.93297159965965], [-35.58071599994338, 81.94987739992212], [-35.32934779976108, 81.97234990022775], [-35.06940929969937, 81.98855850017469], [-34.78312469984496, 82.0207763995113], [-35.0663546993099, 82.0513953995781], [-35.332016199787745, 82.04992819972671], [-35.66352659917317, 82.06982670004226], [-35.936051199403266, 82.0497865996719], [-36.222827599813854, 82.04289739979521], [-36.494289499960416, 81.97409389971375], [-36.21241400000605, 81.93707749942712], [-36.47429979939619, 81.86513329966209], [-36.77332159991187, 81.87513159974361], [-37.04516459946666, 81.90174349956294], [-37.36154359965735, 82.00888560029028], [-37.63111959988959, 82.00016839975189], [-37.94138349974867, 82.0331279996575], [-38.194752999950936, 82.03882899995841], [-38.51652369930923, 82.08962940007683], [-38.266592999767056, 82.1589778002853], [-37.83386469999584, 82.16355210024926], [-38.15338639996236, 82.17178339978415], [-38.71953469926689, 82.15901059945963], [-38.98808279958149, 82.15006659979383], [-39.30263449968237, 82.15041749996772], [-39.637362399954725, 82.15591070021867], [-39.95017279943511, 82.22125569999059], [-40.233865599917465, 82.27698090004856], [-40.717258499480124, 82.27598010030147], [-40.96761429956024, 82.28780209958728], [-41.27342479981462, 82.30959290029216], [-41.66731419979044, 82.3469858997795], [-41.91883899981997, 82.37438949977565], [-42.187354699359844, 82.3495568996313], [-42.43459779924899, 82.38804969983386], [-42.65178989918445, 82.51825800000677], [-42.93505579958543, 82.55120189954806], [-42.67906899973451, 82.591197199791], [-42.977443399892934, 82.61186479942103], [-43.238044699403304, 82.57292750030393], [-43.54632969955594, 82.64270660022947], [-43.81874230001711, 82.63482239943426], [-44.09477809992933, 82.70621509984704], [-44.34617669989473, 82.64036529981877], [-44.59240319984775, 82.71000079959725], [-44.87535929999166, 82.69775439944601], [-45.16958779943735, 82.69520599955729], [-45.477503699835836, 82.67816930027305], [-45.727684599764416, 82.66188809985596], [-45.99831949954523, 82.71052509985356], [-46.246530299633605, 82.66389740024488], [-45.99147499957155, 82.63362489996922], [-45.67229889917479, 82.61555610003404], [-45.4236031999277, 82.55990329989743], [-45.147154800053954, 82.57625459977004], [-44.88063329948716, 82.53899439957195], [-44.61120249929587, 82.52693659984425], [-44.98269649964368, 82.52035699967587], [-45.25518309992009, 82.48496890019464], [-44.974588900057654, 82.50047629964155], [-44.49303689923346, 82.35196259959434], [-44.199378799292106, 82.33411899979205], [-43.83482669999216, 82.23072939944228], [-43.55399799920826, 82.1914562997685], [-43.27765459967998, 82.18441749946811], [-42.96468279977137, 82.13970589990743], [-42.689473699851305, 82.15202620004914], [-42.42313579947751, 82.17590609978674], [-42.73313009967433, 82.12798830021995], [-42.43870389956527, 82.07041179986476], [-42.14381429949026, 82.05251899995193], [-42.39991429970513, 82.04325850007979], [-42.66599569994156, 82.0613026999597], [-42.928852099844505, 82.0534659995563], [-43.207801199565665, 82.01828609942402], [-43.54808759986281, 82.05289350013499], [-43.79919239940966, 82.00649719968607], [-44.04171419975046, 82.135349600104], [-44.30161709924971, 82.12841060026904], [-44.12632449977582, 81.93171760028707], [-44.372053499269555, 81.8681839996919], [-44.6669486994229, 81.78429469964072], [-44.944237099362624, 81.78817989948283], [-45.24418539943662, 81.83062899992848], [-45.73359679955263, 81.83331719942925], [-45.44679069993083, 81.79148370021267], [-45.188389299526534, 81.64339629949967], [-45.48691749994265, 81.5810177000069], [-45.741578099249864, 81.57216019983343], [-45.99114609951283, 81.59109610000507], [-46.20854529982569, 81.40744629950717], [-46.469816599656326, 81.37146500000978], [-46.75097019941512, 81.3416382999676], [-47.04740899952566, 81.3302164998916], [-46.85137199921837, 81.51505529946257], [-46.563778599802504, 81.56200449950808], [-46.93350559960368, 81.609848300159], [-47.20774079939832, 81.70407969941863], [-47.49824099922267, 81.77992169942695], [-47.86212159993187, 81.81270299974369], [-47.574452899381754, 81.75360789968488], [-47.32446319981676, 81.69298840019457], [-47.075286899270964, 81.59889810006734], [-46.73382069996529, 81.58304510015131], [-46.98749779978357, 81.52027849985296], [-47.25204249966157, 81.50025309890145], [-47.51414070003324, 81.52703820005297], [-47.76353669955898, 81.46092300019637], [-48.024179599908564, 81.36413099994576], [-48.26443089986611, 81.2946297995257], [-48.69431899942225, 81.30013210001647], [-48.981046099897526, 81.3443462998419], [-49.32637099962187, 81.27353310007254], [-49.804986499927, 81.44459049975183], [-50.045278799976586, 81.60766239989988], [-50.265970199764865, 81.73351229945314], [-50.59018819992542, 81.82019859988554], [-50.91112659921316, 81.80009519983366], [-51.21080269968479, 81.8185220000903], [-51.53246200002127, 81.81718429991554], [-51.28411839974433, 81.73383249947034], [-50.995233199752306, 81.66251770013179], [-50.74979969949652, 81.61232869960986], [-50.56366169972762, 81.43186760010974], [-50.58125299922648, 81.18111369983745], [-50.888649199401016, 81.1497371999119], [-51.26572260001791, 81.1420241994573], [-51.52888009923714, 81.1534079995796], [-51.783552199974, 81.15597760008626], [-52.053391699767076, 81.1704018003029], [-52.30341219931353, 81.20910249948082], [-52.55517339963262, 81.19107140002512], [-52.85252959996103, 81.17533580030698], [-53.21375539929221, 81.16920389974024], [-53.49798409948659, 81.17588090008354], [-53.81208809998577, 81.2408234001798], [-54.083249799238786, 81.28750780024484], [-54.422262799988175, 81.49451790008106], [-54.65770489976126, 81.62433060017713], [-54.39880269928511, 81.44113520012945], [-54.10355049975573, 81.41618379954275], [-54.337107799485295, 81.2948071997925], [-54.54397389987554, 81.13840700028288], [-54.82141319975932, 81.15873459952223], [-54.552984199361276, 81.23416000028385], [-54.886759999974004, 81.22498630027758], [-55.149901299705164, 81.18468989981909], [-55.474985799355125, 81.17546789992372], [-55.87248769954766, 81.16309100004969], [-56.17543589964703, 81.19135870014395], [-56.48445309993059, 81.17988340029876], [-56.77013629975039, 81.16677070030761], [-57.068729599391474, 81.2606100994766], [-57.32132469967513, 81.22709069947626], [-57.5816910000396, 81.27071449977439], [-57.86891419983044, 81.26414829950448], [-58.16719489962486, 81.24451649943694], [-58.43354409998017, 81.29381190029903], [-58.74946429933789, 81.29507480026189], [-59.00582880005902, 81.29017329995787], [-59.31788279955151, 81.30054460015322], [-59.575846099717694, 81.37887879961698], [-59.90468449998963, 81.37851659946153], [-60.173307299791986, 81.36144889964709], [-60.440244299734616, 81.35441160031513], [-60.74393769966508, 81.3247291002678], [-60.98224959993905, 81.2238413994611], [-61.222091899921224, 81.15187779952089], [-60.927389299476545, 81.06540759988087], [-60.641393799284344, 81.05727259975072], [-60.878842699331074, 80.95095049996564], [-61.140527100045574, 80.90316959969732], [-61.45294939979493, 80.90550429998353], [-61.73455009930757, 80.87316739965581], [-62.0111689000247, 81.02371999947843], [-62.28130689919402, 81.06549680003735], [-62.55624099992218, 81.0631295002263], [-62.81517599957266, 81.0869985001807], [-63.072921099928806, 81.08051470029324], [-63.38278489950346, 81.04976309968737], [-63.15045909990749, 80.95216100003017], [-62.86544579968387, 80.90270299994353], [-62.62133309954288, 80.80947059998823], [-62.33089849986584, 80.76346329949172], [-62.072783899557294, 80.76962280025208], [-61.82003329929728, 80.77371309948], [-61.57397229978176, 80.841615899754], [-61.331890899245536, 80.71480349988167], [-61.04791619997263, 80.62601950019985], [-60.74415299916154, 80.55586159953327], [-60.4839107998435, 80.49938959975026], [-60.23634369940214, 80.44725659951251], [-59.91629769917944, 80.39688690001049], [-60.14808219953386, 80.28912509984355], [-59.86355039993094, 80.30056739996559], [-59.6068599992895, 80.31266219960088], [-59.276853399464756, 80.23585349943949], [-59.54398629962799, 80.1803825997772], [-59.925242499241904, 80.14807159992444], [-60.20037199926833, 80.13016089990566], [-60.50558529932209, 80.09789529962842], [-60.803865299444, 79.95172409968751], [-61.06532799928772, 79.93357219969732], [-61.318116099478345, 79.92796089957591], [-61.57981299987, 79.94327019995984], [-61.83461879921816, 79.95787209991755], [-61.37231499983733, 80.00925950012589], [-61.08215249993788, 80.02549149953313], [-61.39556399997855, 80.0227382997328], [-61.67491229976281, 80.01500929943967], [-61.927988399744834, 79.99826949963773], [-62.17289829941694, 80.10107069965312], [-62.39945879988369, 79.93284649986612], [-62.6789136999073, 79.94072969971592], [-62.958816499182035, 79.936691799487], [-63.24305399924265, 79.93608419952625], [-63.573789799959286, 79.91744159975008], [-63.87154509962659, 79.91844720007828], [-64.1397784992783, 79.89914869955288], [-64.41022609995451, 79.85531290027018], [-64.68926719942169, 79.83452519977823], [-64.4415723997464, 79.76795940000636], [-64.60289929946305, 79.56085969981535], [-64.86825319942557, 79.49745299985614], [-65.11938389944737, 79.40051340017334], [-65.3864598995047, 79.32543869993611], [-65.65631869964824, 79.24432429942692], [-65.9154130996348, 79.15012299957681], [-65.99059759989927, 78.89307289979456], [-66.26425869947934, 78.88944539978542], [-66.56675989964958, 78.8747189994823], [-66.86100039964867, 78.90196110012471], [-67.13001349982312, 78.82999689943739], [-66.90156889988481, 78.63420570003308], [-67.1600461994725, 78.5654918003064], [-67.60646719990132, 78.53659569983176], [-67.97700239974091, 78.50092719983047], [-68.22674729934835, 78.45832380000343], [-68.50036499944514, 78.43848090027336], [-68.76183299989299, 78.38823570021742], [-69.02028179996506, 78.32710190003274], [-69.37116969992167, 78.25985670022658], [-69.62086529959385, 78.23272699955146], [-69.91595179993556, 78.27305319994525], [-70.18885969931563, 78.30529279992282], [-70.50465329931029, 78.33493739984118], [-70.91391179919015, 78.35156719996638], [-71.17293859983647, 78.34327429956932], [-71.45925339982449, 78.33285729942486], [-71.72095439932605, 78.32868409979142], [-72.00758679939122, 78.31934839950907], [-72.29329459926629, 78.28943069976702], [-72.51572619980425, 78.17172959954144], [-72.79383579948251, 78.14684149953564], [-72.52122679967704, 78.09907710002818], [-72.25250109944614, 78.07460389955037], [-71.99938310005001, 78.04663650017437], [-71.74432149933767, 77.97144939996991], [-71.48041489992767, 77.99434330010325], [-71.20533379961512, 77.96937729992248], [-71.49500409965941, 77.92356749954052], [-71.19628049994509, 77.92658710011466], [-70.94632339990494, 77.90581800030054], [-70.68389219946539, 77.92953999977124], [-70.99404969963388, 77.86352689994652], [-70.71805769940329, 77.81678969978486], [-70.46129869937545, 77.93196149992332], [-70.17787149927022, 77.91141870011296], [-69.90037139982019, 77.90775880022852], [-69.6244921997552, 77.88449299985211], [-69.36914119990644, 77.83528959963536], [-69.1214485999729, 77.74667289993442], [-68.85750919958986, 77.79724850011826], [-68.60887369916185, 77.83144010018054], [-68.8694526999821, 77.77289989981057], [-68.62176420005773, 77.7215861999432], [-68.35769139963833, 77.71378090026838], [-68.11276549922837, 77.59603639966019], [-67.85973709928766, 77.59250870011647], [-67.57975249947822, 77.71227269942557], [-67.31268829942542, 77.68760120023524], [-67.02287329936325, 77.72912180013105], [-66.74659429938737, 77.71630969943311], [-66.4879493994452, 77.75187870024189], [-66.22636259945438, 77.63068140012655], [-65.80701599948873, 77.6315627995836], [-65.53139729974555, 77.63341719984396], [-65.15758619974326, 77.61363399980928], [-64.89585639945324, 77.55689999963533], [-65.18429609958531, 77.55447999955237], [-65.5398215991874, 77.55237799974498], [-65.81555339946976, 77.54536900027921], [-66.14132299995646, 77.5709891996919], [-65.87816579931217, 77.47606689986759], [-65.61491479937843, 77.48822879971937], [-65.2109653995335, 77.47885129984769], [-65.43867109939168, 77.37162579959102], [-65.70731929964592, 77.32184820023429], [-65.99669919960832, 77.2716637997446], [-65.74174899971655, 77.194818999897], [-65.44417369935672, 77.16894159977505], [-65.69425929992673, 77.04986850013125], [-65.9447893994112, 77.05205799947714], [-66.20917729979249, 77.08882809973704], [-65.93275810000625, 77.0281614002285], [-66.18129249954916, 76.952636100076], [-66.47278849978937, 76.91989570002659], [-66.73429879984968, 76.97754509942683], [-66.47573789928458, 76.98458919943204], [-66.74593760004018, 77.01734760031155], [-67.05018929999613, 77.04269379967917], [-67.30299869973015, 77.07722679947727], [-67.55921049916515, 77.10588470011885], [-67.85960269920514, 77.10470009962995], [-68.12586309960233, 77.09846469968619], [-68.3774811997975, 77.09340990004688], [-68.6192258995556, 76.9911079002095], [-68.89471789921163, 76.97517490020152], [-69.1871034998266, 76.98936020001327], [-68.89395269935756, 77.01168179947553], [-68.61658559974558, 77.00912969977588], [-68.85985549933179, 77.14502849976549], [-69.12901799938112, 77.16785760014818], [-69.40497219930751, 77.18314259995111], [-69.66464299997443, 77.17051899985199], [-69.94282129976312, 77.18439599947584], [-70.2373334993415, 77.22225359952404], [-70.5134306995671, 77.21072329984048], [-70.77176029989789, 77.13923110023512], [-71.01962499949411, 77.09980149963957], [-70.7655923994696, 77.00291599957376], [-70.51295089956432, 76.9913163001072], [-70.29249459964603, 76.86622660017753], [-70.03072199972047, 76.93331529996118], [-70.25642419981693, 77.09665359998371], [-70.0061698999209, 77.0807632997865], [-69.74732280000717, 77.11371939953074], [-69.49727899992587, 77.0242329996533], [-69.24357489976177, 77.04548849959463], [-69.5369432992938, 77.01193609987115], [-69.26383919931953, 76.95788150023111], [-69.09229019963294, 76.76685299976617], [-68.81037149984479, 76.73760669968948], [-68.55489079977053, 76.71223609991614], [-68.27358439980014, 76.69338310015002], [-68.02164419932029, 76.73922950024132], [-67.75251189940457, 76.72987720027265], [-67.42382029996685, 76.80748989973915], [-67.1506241993473, 76.84467539955011], [-66.89814479954282, 76.90045599964475], [-67.14296979961654, 76.79223400019902], [-66.93976469988098, 76.62775679963664], [-67.31843509950022, 76.5577686999656], [-67.62119809951264, 76.61519379945435], [-67.8628866995615, 76.53631639958223], [-68.15948369941316, 76.53058150023611], [-68.38374459923381, 76.38700950018836], [-68.62744939927035, 76.30378659957199], [-68.38576359971034, 76.23184259945646], [-68.10541719994376, 76.1364779995601], [-67.83759009960335, 76.11315399955748], [-68.14167059921874, 76.1182693001881], [-67.82253499979038, 76.08286009991372], [-67.55987710004808, 76.06461489975788], [-67.27853649975964, 76.07399930012764], [-67.55140479929202, 76.10628539955161], [-67.2457849993782, 76.11170700027787], [-67.66413789974422, 76.13507549963464], [-67.94497689956421, 76.21036960027686], [-67.57800729939731, 76.26230689994355], [-67.3046339999591, 76.2465479996905], [-67.06771449932467, 76.33141639974713], [-66.75607259977062, 76.39530649969527], [-66.49779659993311, 76.38941229983783], [-66.76151309974972, 76.35934739996259], [-66.50020539985928, 76.27586380027424], [-66.23502739919508, 76.23036039981264], [-65.98087169996893, 76.27409240024411], [-65.71351139993112, 76.3419641999879], [-65.4400783998982, 76.30854780024083], [-65.16072909916858, 76.52224950001448], [-64.90845849946015, 76.41996109972501], [-65.17086910002888, 76.25501249972712], [-65.44692509961362, 76.23467080001745], [-65.17682079984002, 76.19221820030975], [-64.89272879929462, 76.20068580030949], [-64.70645219960926, 76.41859159952276], [-64.43747079963765, 76.38993719994187], [-64.16076069974645, 76.35515659969735], [-63.91762289977697, 76.41484149943568], [-63.65178309971026, 76.40154069994338], [-64.20574279919077, 76.46211599955382], [-64.605409199375, 76.51773969942764], [-64.30565939946166, 76.49541790031589], [-63.70903480001596, 76.47002609992461], [-63.434535899212335, 76.41314400029546], [-63.186845499919855, 76.45219480014998], [-62.909383899547265, 76.43300179999312], [-62.67259279961797, 76.34104610009751], [-62.41573350000101, 76.36946449958702], [-62.13455269934758, 76.39201950009993], [-62.38191619957291, 76.31259179967185], [-62.105884699319404, 76.32136279945371], [-61.84753429946829, 76.32475199980502], [-61.58935549925684, 76.23284230023205], [-61.33368459976441, 76.2459409995775], [-61.0832978000534, 76.23507879994673], [-60.78619049969177, 76.20248250006739], [-60.57883700002748, 76.032838400272], [-60.31363059967242, 76.08283139984928], [-60.0538010992413, 76.06298169944591], [-59.81187029917493, 75.96427579978837], [-59.54256429970263, 76.00845439995066], [-59.30586069931178, 75.89270629985589], [-59.05548700002498, 75.84439140014308], [-58.8425182998796, 75.70725440007055], [-58.57251829987962, 75.7427656994775], [-58.29845760003815, 75.74007209954783], [-58.14225379987295, 75.52847709943865], [-57.8897417996443, 75.58676629992488], [-57.616392999537254, 75.60891639957225], [-57.86647019954006, 75.53057269967042], [-58.12972999933993, 75.46603999994608], [-58.31119389957877, 75.28964299972472], [-58.05649639928936, 75.27605549996139], [-57.77387989933783, 75.23419909950888], [-57.99246859964609, 75.1007199003032], [-57.68929749987967, 75.01972769967364], [-57.403951899260676, 74.97630100019109], [-57.14900999921207, 74.95253889995035], [-56.89747709988819, 74.87267520010045], [-56.64341349933346, 74.83388360014811], [-56.405431799537894, 74.67860259973025], [-56.14336619959039, 74.64126999961087], [-56.40114849950362, 74.6479414997005], [-56.13461829979468, 74.59591139989124], [-55.99895749998859, 74.3747484999434], [-55.91999779955876, 74.12855659960746], [-55.724452499982874, 73.93866429991755], [-55.48880179976322, 73.7747707998326], [-55.33676859929136, 73.56746040017737], [-55.11544119985143, 73.43959749952506], [-54.94417739946738, 73.21585739979923], [-55.16889999953531, 73.07312010011259], [-54.915234000049, 73.05420849962263], [-54.663619999863045, 72.98326559962777], [-54.40454629957202, 72.9241740995551], [-54.21167259981058, 72.75737459945827], [-53.95416170000243, 72.68060960005306], [-53.70567579999812, 72.61917939950973], [-53.922836899403364, 72.45743519997455], [-53.671419699659396, 72.47599590029063], [-53.41914429936986, 72.42911049994967], [-53.252041799689266, 72.23673779990958], [-53.00833299946834, 72.15436599969121], [-53.22039159919291, 71.9927765995605], [-52.96663679974847, 71.97112339962524], [-52.720718999282326, 72.04078089951895], [-52.46242299942185, 72.05422719942578], [-52.698704199938845, 71.95686329960165], [-52.43884629981682, 71.95176320021159], [-52.182304599377744, 71.90074920031537], [-52.439000599198266, 71.81555519981265], [-52.69489839944151, 71.83244100005214], [-52.94630409955448, 71.77336879943061], [-52.68873449919772, 71.76589849991592], [-52.43462999927499, 71.6957099998167], [-52.17740259994997, 71.6428066996695], [-51.93919469997536, 71.72505050028042], [-51.69055359946901, 71.80112169970675], [-51.45433549988337, 71.88584160010981], [-51.690510999483024, 71.75969330010577], [-51.39741719984386, 71.75044549956021], [-51.12577509984095, 71.72360910017989], [-51.38346199967151, 71.70524559960478], [-51.65076059992168, 71.66703729993151], [-51.370627599384136, 71.6360061001015], [-51.71607539956, 71.59830040004346], [-51.44068819970062, 71.56370690015336], [-51.18568879969831, 71.536113000015], [-51.42230949968365, 71.4496935994801], [-51.17399899985389, 71.38442869962483], [-51.38456699936751, 71.24625309950102], [-51.13888449932017, 71.19602290013677], [-50.89002429968167, 71.13054570002407], [-50.76162619988918, 70.89586859955631], [-50.50046989996588, 70.8324343003028], [-50.658924599790396, 70.63207230019657], [-50.41914079980802, 70.5533682995075], [-50.62832319945608, 70.40397849970805], [-50.39319909995845, 70.31878069956969], [-50.38973379987493, 70.0552171996141], [-50.116163599270635, 70.08005129982769], [-50.349174799177604, 69.96500379948583], [-50.090573599991615, 69.90094519986116], [-50.08226359988521, 69.64638499996784], [-50.224456700016674, 69.44023750016055], [-50.00866799932868, 69.26990790022944], [-49.75918369986783, 69.2289463000318], [-49.92733139972427, 69.03704620002219], [-50.17840919982467, 68.95434869953289], [-50.41147989977753, 68.85771330002882], [-50.518997199461126, 68.62431339964371], [-50.76992069928082, 68.58452650019791], [-50.92047309945394, 68.37466169947788], [-51.172561899412074, 68.3382524000283], [-50.906867999958195, 68.29767059971846], [-50.65359959974171, 68.25763269948953], [-50.896998899179835, 68.18407969981837], [-50.60158619944349, 68.20143390025436], [-50.32109849999574, 68.23658339970422], [-50.21718029973101, 68.00612400002262], [-50.484741499320705, 68.0371214995576], [-50.26887999941238, 67.9085399002962], [-50.01558349987857, 67.86008570009506], [-49.84697449997316, 67.67427689985908], [-50.040022899337316, 67.51205660013204], [-49.775753499924065, 67.5023066001695], [-49.94431889979734, 67.30814029943531], [-50.19283309966778, 67.21272870006953], [-50.427990599986174, 67.05557490016156], [-50.17680579944806, 67.05262530011754], [-50.430156100023964, 66.99377280027454], [-50.687195499672555, 67.01320660020451], [-50.43858459929976, 66.98553610031081], [-50.169504899831225, 66.96138660001162], [-49.892487399973504, 66.90066479994061], [-49.719948899621954, 66.7110349997655], [-49.45826519947934, 66.70453589971208], [-49.52492409976736, 66.46065709974539], [-49.73034079968812, 66.31556979960664], [-50.021267099197246, 66.27763440010756], [-49.75845219940942, 66.26415759969353], [-49.9474422992227, 66.0890490995364], [-50.194077800050366, 66.036076999454], [-49.967395599727126, 66.21123180030742], [-50.23498549938125, 66.21090300007347], [-50.52096479918612, 66.21637260031531], [-50.77708349990354, 66.2102104996149], [-51.035777199757945, 66.21041819984009], [-51.28090109940615, 66.28992409991736], [-51.042635099630104, 66.19448700027488], [-50.788747899296084, 66.20882559942191], [-50.52679269922368, 66.20086069976156], [-50.309930299743485, 66.07246799949866], [-50.584860699761464, 66.12142590008528], [-50.84192789925311, 66.1350640002035], [-51.100911399341555, 66.15351389954691], [-51.35171199960905, 66.19620799959955], [-51.59339349951034, 66.12388089998359], [-51.585981199972366, 65.8623987999647], [-51.335767199596546, 65.84113489945611], [-51.08487779937093, 65.84449539974298], [-50.83686789973376, 65.8096785001627], [-50.54617619917224, 65.82094530028542], [-50.31545580004507, 65.92353809950373], [-50.569228599420285, 65.8044136000077], [-50.8298398993918, 65.7490799998422], [-51.102850099352565, 65.75437989981259], [-51.36625069971001, 65.76928239996283], [-51.61238909937737, 65.72531489946311], [-51.86633410003867, 65.65763599980158], [-51.63159569998152, 65.80298679950124], [-51.89457980001771, 65.76689139941863], [-52.02179959997153, 65.98314760008174], [-52.24407209964767, 65.84612209975518], [-52.48171719938921, 65.76293539954912], [-52.267431800037514, 65.6304241001921], [-52.02135069977493, 65.5851545000802], [-51.74024409948555, 65.57592080000495], [-51.43472009985271, 65.59091999975823], [-51.6868700995754, 65.57821999955337], [-51.48972129979808, 65.7319938000739], [-51.21294989941828, 65.75656999990565], [-50.95108000004194, 65.75772989961524], [-50.69391999950835, 65.6742000999547], [-50.43536749951045, 65.6707390995299], [-50.162855899879844, 65.60898960009001], [-49.91451099918322, 65.5119142000803], [-50.16292299919701, 65.45700309961342], [-50.38258739928898, 65.32956609989566], [-50.67810569921858, 65.21426170011745], [-50.93633290004328, 65.17829369979444], [-50.767726999201614, 64.97776789986875], [-50.63787799976984, 65.19579409941821], [-50.39034239988183, 65.25811710012414], [-50.40441079951876, 65.2615091998897]], [[-36.23859649962873, 66.11077170015392], [-36.23859649962873, 66.11077170015392]], [[-23.050073700041196, 76.99301409962106], [-22.990049199211114, 76.74921019969099], [-23.18778949928594, 76.59621829943501], [-23.47406180001201, 76.45171240020716], [-23.75131179979968, 76.41432120026326], [-24.00544189982378, 76.42694319956905], [-24.25261729964859, 76.49655399946755], [-24.54508789968679, 76.45164489979237], [-24.856552300048577, 76.46381639990699], [-25.115005599428798, 76.51593999953138], [-24.85696259954426, 76.52938340002396], [-24.589512099303874, 76.50681720025364], [-24.83101749935804, 76.59212919990273], [-25.117948399698832, 76.56622509980855], [-25.37414369927228, 76.62524539965551], [-25.627102599605223, 76.63430419957922], [-25.38995599946975, 76.77462989975015], [-25.11763539965392, 76.8063470997389], [-24.85201119945725, 76.8166250997686], [-25.13989459965603, 76.72016420021771], [-24.835109799577538, 76.70923710011215], [-24.5634568996162, 76.69575629951368], [-24.316298499675952, 76.6349145002041], [-24.001364399747217, 76.61754799974045], [-23.712810099906164, 76.62853369967058], [-23.40396359994014, 76.6681771995182], [-23.665894399606827, 76.68376369973504], [-23.939229599266525, 76.65854850011323], [-24.258627999482542, 76.69418229977339], [-24.52689019992272, 76.77882120003841], [-24.27494069955361, 76.83956929988335], [-24.02372389933845, 76.86246529993372], [-24.2745347995413, 76.90142749947955], [-24.570597299925396, 76.86218850029911], [-24.29025659916266, 76.91777740000708], [-23.997573899415897, 76.91851559951539], [-24.2717171992893, 76.94905799982689], [-24.016466899227964, 76.94966319949714], [-23.7546523998883, 76.92332679979205], [-23.984156599947084, 77.0678929994624], [-24.24572239986884, 77.0890837994778], [-24.503432700059022, 77.01579209962574], [-24.753431899162763, 77.01155129975274], [-25.11361749944797, 76.98740290022374], [-24.846678399588427, 77.0606304001729], [-24.58835939956657, 77.12214569996416], [-24.33836019956351, 77.19142859985004], [-24.0654346995517, 77.12817039954439], [-23.798488899742892, 77.12764770008135], [-23.47021099923819, 77.14570399944006], [-23.206616800025245, 77.13656709969194], [-23.050073700041196, 76.99301409962106]], [[-24.12453129967969, 76.4062052999347], [-24.441347699536664, 76.38270210012189], [-24.691857999546983, 76.3724764001658], [-25.009325799945657, 76.34561609950345], [-25.2662199995533, 76.34830399953], [-25.58114499924227, 76.35883200029662], [-25.860539299349114, 76.43620449983786], [-25.593383199375126, 76.4650871995147], [-25.34678479917909, 76.52234049971435], [-25.048679399734453, 76.46850710002269], [-24.77863319976234, 76.44492750010409], [-24.527149300000133, 76.43589199981602], [-24.168856599952107, 76.41615010024697], [-24.12453129967969, 76.4062052999347]], [[-23.959887999731336, 76.37238610013844], [-23.640974999596494, 76.35378399953203], [-23.886580399865522, 76.30122610020442], [-24.136920899779682, 76.24890820025331], [-24.392517699632094, 76.24424379991149], [-24.644919800008722, 76.25985900019276], [-24.9257770992337, 76.20169819951235], [-24.675630199973682, 76.18765330005982], [-24.924048699387924, 76.14746070025114], [-25.182006999323505, 76.14284960002908], [-24.891584899323618, 76.19180420010383], [-25.18442209989996, 76.20029969977139], [-24.879122799477557, 76.29861570015447], [-24.61332189958597, 76.28914619963746], [-24.351730299913356, 76.33544249997146], [-24.088503799310843, 76.34959719945124], [-23.959887999731336, 76.37238610013844]], [[-22.958179999407378, 76.17295319953058], [-22.958179999407378, 76.17295319953058]], [[-22.339023599259633, 76.14267289943484], [-22.60299179953188, 76.06679970014608], [-22.85789600000038, 76.01728859958928], [-22.544285199402395, 76.10565109961863], [-22.339023599259633, 76.14267289943484]], [[-23.625899299912703, 75.99514789965588], [-23.870106199541453, 75.88908110031258], [-23.625899299912703, 75.99514789965588]], [[-22.865283400008877, 75.96548300024034], [-22.865283400008877, 75.96548300024034]], [[-24.880176999169123, 75.85214210017784], [-25.142694499451522, 75.81990159997889], [-24.874805800047568, 75.86326370025961], [-25.141900899906545, 75.85786699996214], [-24.89772579940609, 75.98432460020018], [-25.153476399516194, 76.02922640007836], [-24.896133599186214, 76.02989910016339], [-24.647746999624303, 76.09939929963804], [-24.39179739933047, 76.11574219984271], [-24.104440399304963, 76.16237439965886], [-23.844510199985677, 76.15466080025578], [-23.558905499289324, 76.11669819986207], [-23.813535599887985, 76.11745950025579], [-24.057543600057045, 76.04545629956863], [-24.326429999245022, 76.0621012002103], [-24.612735699892596, 76.02695429980116], [-24.854331699448323, 75.9309296002209], [-24.880176999169123, 75.85214210017784]], [[-22.84432089919011, 75.81139330026065], [-22.84432089919011, 75.81139330026065]], [[-25.889248299469386, 75.85091749964295], [-25.889248299469386, 75.85091749964295]], [[-26.612478499682993, 75.89613460003181], [-26.612478499682993, 75.89613460003181]], [[-26.039485099657554, 75.9340917001719], [-25.774831699623178, 75.96316859945136], [-26.039485099657554, 75.9340917001719]], [[-26.37914239990181, 75.97190969947309], [-26.37914239990181, 75.97190969947309]], [[-25.523440999302636, 76.02450039977367], [-25.523440999302636, 76.02450039977367]], [[-25.84377679975944, 76.04420230019605], [-25.84377679975944, 76.04420230019605]], [[-26.141145199391417, 76.09320689987857], [-26.141145199391417, 76.09320689987857]], [[-60.49693329963202, 76.10337500005625], [-60.49693329963202, 76.10337500005625]], [[-26.560220299427215, 76.11787799976992], [-26.560220299427215, 76.11787799976992]], [[-25.999960799551218, 76.1171391995145], [-25.999960799551218, 76.1171391995145]], [[-23.029962099970874, 76.11666470011585], [-23.029962099970874, 76.11666470011585]], [[-23.90927329972294, 76.00722740002453], [-23.90927329972294, 76.00722740002453]], [[-25.829550099657354, 76.17738989962425], [-25.829550099657354, 76.17738989962425]], [[-26.490381499806347, 76.17420199992239], [-26.236006799474183, 76.26411620010259], [-26.494825699346507, 76.19149329997589], [-26.490381499806347, 76.17420199992239]], [[-26.128758499605055, 76.29918409956662], [-25.864623699923754, 76.32647939960464], [-26.1211286999295, 76.3356661002104], [-26.39010379925088, 76.39081119977709], [-26.139048600012813, 76.38439810009231], [-25.875297999702866, 76.39451540026556], [-25.632134799281516, 76.32980139991474], [-25.37254149949058, 76.30143710004216], [-25.65774889949205, 76.258005799628], [-25.93350999968669, 76.23852999955989], [-26.128758499605055, 76.29918409956662]], [[-61.692807099767776, 76.34356279978346], [-61.692807099767776, 76.34356279978346]], [[-61.95712909962822, 76.35714109948219], [-61.95712909962822, 76.35714109948219]], [[-25.436718899557548, 76.22679409956811], [-25.436718899557548, 76.22679409956811]], [[-26.14398369988777, 76.42479499978947], [-25.87930389935542, 76.49552339978516], [-26.13635389931295, 76.4525255995768], [-26.14398369988777, 76.42479499978947]], [[-63.07388320004958, 76.46279989979558], [-63.07388320004958, 76.46279989979558]], [[-25.372383099200647, 76.54969439957694], [-25.372383099200647, 76.54969439957694]], [[-24.66236089923609, 76.5485144000196], [-24.66236089923609, 76.5485144000196]], [[-24.812551599276844, 76.5716454999399], [-24.812551599276844, 76.5716454999399]], [[-65.87976049964732, 76.66874190001874], [-65.87976049964732, 76.66874190001874]], [[-24.842309099185513, 76.85789839959153], [-25.12854199971349, 76.86220589948272], [-24.872982899441183, 76.90909869944551], [-24.632891199469213, 76.99006420010284], [-24.36656009976872, 76.9531857998848], [-24.642431500013686, 76.88859079962577], [-24.842309099185513, 76.85789839959153]], [[-25.353664799890566, 76.91338799975642], [-25.353664799890566, 76.91338799975642]], [[-23.837241499695438, 76.98086740011047], [-23.837241499695438, 76.98086740011047]], [[-25.008142199502856, 77.05958670006623], [-25.008142199502856, 77.05958670006623]], [[-24.876308799211643, 77.11005279969703], [-24.876308799211643, 77.11005279969703]], [[-65.40604839991369, 77.18935659962744], [-65.40604839991369, 77.18935659962744]], [[-65.57751339932389, 77.20706519949943], [-65.86369549984738, 77.23693210013636], [-65.60921859965862, 77.29556900010931], [-65.57751339932389, 77.20706519949943]], [[-65.3604904996368, 77.26558170003551], [-65.3604904996368, 77.26558170003551]], [[-24.630834399587798, 77.34945269978232], [-24.379892399814366, 77.43039940011226], [-24.10642130000292, 77.40993399955448], [-23.848222499768497, 77.42033109950069], [-24.09404579947403, 77.3416422002274], [-24.37083009972929, 77.37170669990434], [-24.630834399587798, 77.34945269978232]], [[-23.79137259946583, 77.28611629982743], [-23.551463599465478, 77.20529049985674], [-23.806878399918162, 77.18032309943158], [-23.79137259946583, 77.28611629982743]], [[-66.04601489996764, 77.67201050018451], [-65.77463419960861, 77.70027420009433], [-66.04601489996764, 77.67201050018451]], [[-68.39573049996255, 77.76419579969644], [-68.39573049996255, 77.76419579969644]], [[-23.957091299723686, 77.82978939996087], [-23.957091299723686, 77.82978939996087]], [[-69.24741499950261, 77.86441870006303], [-69.24741499950261, 77.86441870006303]], [[-69.3376386995663, 77.85224889966702], [-69.3376386995663, 77.85224889966702]], [[-69.5484346997016, 77.88283609970631], [-69.5484346997016, 77.88283609970631]], [[-69.79875389917305, 77.89320589983248], [-69.53452629934918, 77.92612809963214], [-69.79875389917305, 77.89320589983248]], [[-70.8866976000142, 77.95166460004134], [-70.8866976000142, 77.95166460004134]], [[-70.63525929947707, 77.97901530011609], [-70.63525929947707, 77.97901530011609]], [[-23.82800609990153, 78.02358800028605], [-23.568728099721966, 78.00142950007142], [-23.818260799796008, 77.983929899945], [-23.82800609990153, 78.02358800028605]], [[-70.69208669964144, 77.97149319965149], [-70.69208669964144, 77.97149319965149]], [[-23.886486199478497, 77.93316559951285], [-23.886486199478497, 77.93316559951285]], [[-23.904269199364023, 78.1284347002013], [-23.66473839935759, 78.21265710014512], [-23.904269199364023, 78.1284347002013]], [[-23.130580399865494, 78.36236030018779], [-23.130580399865494, 78.36236030018779]], [[-22.239556499932462, 78.39282249985854], [-22.484612699516447, 78.4581780999394], [-22.770511699755104, 78.4281758998979], [-23.069016399986822, 78.44000410000928], [-23.32541789971623, 78.4775828994313], [-23.074058699948978, 78.51870519948545], [-22.7879186993884, 78.53064860005293], [-22.51185219931949, 78.46962929975246], [-22.211035200014408, 78.48548929999129], [-21.951946999954032, 78.49205069968008], [-22.188124899844183, 78.3904888994432], [-22.239556499932462, 78.39282249985854]], [[-23.066755799340626, 78.59971990025326], [-23.066755799340626, 78.59971990025326]], [[-22.867109799877312, 78.71277949957431], [-22.867109799877312, 78.71277949957431]], [[-65.87429479976515, 79.08539849964109], [-65.87429479976515, 79.08539849964109]], [[-65.76244149977538, 79.1250624995348], [-65.76244149977538, 79.1250624995348]], [[-20.732795699262056, 79.38981139947657], [-20.732795699262056, 79.38981139947657]], [[-61.74603519996447, 79.89519229948507], [-61.74603519996447, 79.89519229948507]], [[-61.6702245997854, 79.92285930011667], [-61.6702245997854, 79.92285930011667]], [[-26.0530957992317, 80.42000069967258], [-26.344167100031598, 80.43586599961623], [-26.0530957992317, 80.42000069967258]], [[-58.2450691992841, 80.48923409997377], [-58.2450691992841, 80.48923409997377]], [[-58.287578399623385, 80.53552609974975], [-58.287578399623385, 80.53552609974975]], [[-58.56073150005864, 80.53446599960625], [-58.56073150005864, 80.53446599960625]], [[-58.88825109940865, 80.55179819992702], [-59.160308299488406, 80.5541229995768], [-59.47835129997247, 80.59423570001758], [-59.200364799495844, 80.64294679965514], [-58.95786669988826, 80.56309039960234], [-58.88825109940865, 80.55179819992702]], [[-58.6146061993166, 80.55605749975388], [-58.6146061993166, 80.55605749975388]], [[-27.221775099840954, 80.56138009951206], [-27.221775099840954, 80.56138009951206]], [[-58.9740157997893, 80.66726589950173], [-59.251711499985674, 80.67015670007169], [-58.98343869923656, 80.69073470024625], [-58.9740157997893, 80.66726589950173]], [[-59.77308139988668, 80.66938309965036], [-60.05124549938023, 80.71166879957548], [-60.30305039955624, 80.7824498000183], [-59.920824300001414, 80.79275969990027], [-59.691352999841, 80.69089269943856], [-59.77308139988668, 80.66938309965036]], [[-59.55874939946517, 80.790314099716], [-59.55874939946517, 80.790314099716]], [[-59.33356089931601, 80.7558832997745], [-59.33356089931601, 80.7558832997745]], [[-27.856571099776374, 80.73586659976382], [-27.856571099776374, 80.73586659976382]], [[-58.87346849957157, 80.73382610009452], [-58.87346849957157, 80.73382610009452]], [[-59.36075519919302, 80.81696849969654], [-59.36075519919302, 80.81696849969654]], [[-59.61446610003043, 80.8148355002582], [-59.984908899925756, 80.8184264994834], [-59.67523009988918, 80.8317431000641], [-59.61446610003043, 80.8148355002582]], [[-60.096444199640075, 80.84299569989167], [-60.35662669926273, 80.80969399967842], [-60.652676199946654, 80.92584069998838], [-60.36295109971343, 80.94688289962619], [-60.62495999920458, 80.94470959976826], [-60.34718019980636, 80.89342999949491], [-60.09005179965078, 80.84980859948735], [-60.096444199640075, 80.84299569989167]], [[-62.54614519984108, 80.86824609987764], [-62.54614519984108, 80.86824609987764]], [[-62.09388159995581, 80.8692396996525], [-62.09388159995581, 80.8692396996525]], [[-62.64696550005772, 80.88541770016678], [-62.64696550005772, 80.88541770016678]], [[-60.26162469972007, 80.98381660005612], [-60.26162469972007, 80.98381660005612]], [[-28.347664699766028, 80.97322960016595], [-28.347664699766028, 80.97322960016595]], [[-28.317858499769898, 80.9383074996914], [-28.317858499769898, 80.9383074996914]], [[-59.789246299976696, 80.90284660009058], [-59.789246299976696, 80.90284660009058]], [[-28.059687499378526, 80.88492269982282], [-28.059687499378526, 80.88492269982282]], [[-59.99519589947113, 80.86267699954396], [-59.99519589947113, 80.86267699954396]], [[-59.76643529934955, 80.86352540017714], [-59.76643529934955, 80.86352540017714]], [[-28.217075599659154, 80.85082239983393], [-28.217075599659154, 80.85082239983393]], [[-59.846502799964185, 80.8503437995268], [-59.846502799964185, 80.8503437995268]], [[-59.54440159935427, 80.83337230019157], [-59.54440159935427, 80.83337230019157]], [[-50.50616319937211, 81.14294249989649], [-50.50616319937211, 81.14294249989649]], [[-30.07804009977076, 81.19967950020884], [-30.347175699299044, 81.18610600019178], [-30.093368699605776, 81.22525499971852], [-29.829938299313028, 81.23917720016772], [-30.07804009977076, 81.19967950020884]], [[-29.586227999922187, 81.28062219945502], [-29.586227999922187, 81.28062219945502]], [[-28.790690199193307, 81.29960560001848], [-28.790690199193307, 81.29960560001848]], [[-31.40896789924909, 81.33030839981285], [-31.40896789924909, 81.33030839981285]], [[-46.4511761996219, 81.34448449956005], [-46.4511761996219, 81.34448449956005]], [[-33.686494899719776, 81.39613950023778], [-33.686494899719776, 81.39613950023778]], [[-44.99930009981972, 81.42773720011178], [-44.99930009981972, 81.42773720011178]], [[-45.198900500058016, 81.4634824995178], [-45.47285839929566, 81.45210030018876], [-45.23146439916263, 81.52856139978883], [-45.198900500058016, 81.4634824995178]], [[-44.54872949976658, 81.4983845001446], [-44.921798199527245, 81.5747012999251], [-44.57555949957123, 81.59674380018629], [-44.30664459996825, 81.54646170004747], [-44.54872949976658, 81.4983845001446]], [[-44.334388499829345, 81.61192460004031], [-44.334388499829345, 81.61192460004031]], [[-35.8299877994973, 81.61153190027704], [-36.12019269973325, 81.62740900022521], [-35.864095299458484, 81.7065338998197], [-35.599906599809685, 81.70646149989835], [-35.8299877994973, 81.61153190027704]], [[-44.426154099232235, 81.6383080001142], [-44.67911659955138, 81.67300629980093], [-44.97380899988542, 81.66667199961313], [-45.22732329993033, 81.68545699984071], [-44.950306499745125, 81.73629709963149], [-44.456372699540395, 81.76014990009787], [-44.18590779950529, 81.74455600025925], [-44.440061399713784, 81.71967770016579], [-44.426154099232235, 81.6383080001142]], [[-36.32921239943266, 81.70069429960228], [-36.32921239943266, 81.70069429960228]], [[-43.8695699999555, 81.70042729988006], [-43.8695699999555, 81.70042729988006]], [[-35.29782909993298, 81.70602830006607], [-35.29782909993298, 81.70602830006607]], [[-35.248502999813525, 81.66706639999444], [-35.248502999813525, 81.66706639999444]], [[-35.54168719930476, 81.60450549982903], [-35.54168719930476, 81.60450549982903]], [[-44.14099339922598, 81.59646289964314], [-44.14099339922598, 81.59646289964314]], [[-32.10832169988652, 81.45125429984614], [-31.81710889975585, 81.51132289983201], [-32.08119159991236, 81.4313316994984], [-32.10832169988652, 81.45125429984614]], [[-33.203670799767565, 81.48040610006154], [-33.203670799767565, 81.48040610006154]], [[-32.25345620004356, 81.49891479977822], [-32.25345620004356, 81.49891479977822]], [[-32.75170559943382, 81.41541299961028], [-32.75170559943382, 81.41541299961028]], [[-33.007695599971896, 81.41387669945016], [-33.268138699741144, 81.40915449968048], [-33.007695599971896, 81.41387669945016]], [[-33.92131569926005, 81.44233579955755], [-33.92131569926005, 81.44233579955755]], [[-34.311015099367296, 81.77202230008913], [-34.311015099367296, 81.77202230008913]], [[-44.02567759964148, 81.777436100096], [-44.311446099258035, 81.77808139963696], [-44.02567759964148, 81.777436100096]], [[-36.37630399992963, 81.84045619949404], [-36.37630399992963, 81.84045619949404]], [[-36.62163209964166, 81.85989559950235], [-36.91243589979689, 81.85304820011442], [-36.62163209964166, 81.85989559950235]], [[-37.070651199193435, 81.85047820030877], [-37.070651199193435, 81.85047820030877]], [[-43.62564459981837, 81.87830689994354], [-43.62564459981837, 81.87830689994354]], [[-37.32792879957441, 81.91538390014694], [-37.32792879957441, 81.91538390014694]], [[-43.80692409946755, 81.93387810009432], [-43.80692409946755, 81.93387810009432]], [[-44.187422199374964, 81.9652066994297], [-43.92419999933048, 81.97220940004382], [-44.187422199374964, 81.9652066994297]], [[-42.45307259992052, 81.97945069979], [-42.45307259992052, 81.97945069979]], [[-41.74188709990972, 81.95646570013201], [-41.74188709990972, 81.95646570013201]], [[-37.123070399679136, 81.93529889942471], [-37.123070399679136, 81.93529889942471]], [[-35.83253519933993, 81.91547780016043], [-36.094247999745335, 81.93185589983], [-35.81788489966834, 81.93611529948157], [-35.55606069934174, 81.93663790001915], [-35.83253519933993, 81.91547780016043]], [[-36.19635859956969, 81.95924929971545], [-36.19635859956969, 81.95924929971545]], [[-40.10254399930608, 81.9877417997443], [-40.356805499274344, 82.00436099956056], [-40.13044319949404, 82.11974059974892], [-39.86356369950511, 82.08559829962189], [-40.15625459927031, 82.05155239962357], [-40.10254399930608, 81.9877417997443]], [[-41.68225609923957, 81.99882759961406], [-41.68225609923957, 81.99882759961406]], [[-42.038474700047345, 82.07413860031619], [-41.76691519917705, 82.02404230011211], [-42.03002399920814, 82.06146070005133], [-42.038474700047345, 82.07413860031619]], [[-42.3813442994998, 82.1188905002964], [-42.07557369946659, 82.08028869956388], [-42.474049599609316, 82.08958389977721], [-42.3813442994998, 82.1188905002964]], [[-42.25225799980683, 82.12138639956277], [-42.25225799980683, 82.12138639956277]], [[-41.34406129988906, 82.15962500009374], [-41.05502709932114, 82.19892519993806], [-40.754041699264974, 82.16999239992936], [-41.04424429993446, 82.16474739997261], [-41.322014999992234, 82.15930799986438], [-41.34406129988906, 82.15962500009374]], [[-41.74384049933951, 82.17131759952764], [-42.05761049972472, 82.16556740001556], [-41.64662989975005, 82.1960361998108], [-41.925977099663385, 82.26982120028822], [-42.180154999553565, 82.31172599955528], [-42.44732930000714, 82.31847310025341], [-42.184550199532055, 82.34280019956964], [-41.88912069956058, 82.35175779968279], [-41.58812519921855, 82.30352259968828], [-41.23809729935084, 82.27136390002403], [-41.48826809989288, 82.21413379963519], [-41.74384049933951, 82.17131759952764]], [[-42.06231439919014, 82.18579960007156], [-42.06231439919014, 82.18579960007156]], [[-43.49043169926347, 82.24022590030512], [-43.49043169926347, 82.24022590030512]], [[-43.63153599918695, 82.2866543002558], [-43.913489299491516, 82.25827099950709], [-43.63153599918695, 82.2866543002558]], [[-44.05898829937047, 82.28709909954387], [-44.05898829937047, 82.28709909954387]], [[-43.67858359945353, 82.30358839948508], [-43.67858359945353, 82.30358839948508]], [[-40.50641759979237, 82.25863559995304], [-40.216706699854285, 82.2565559995598], [-39.91195339942982, 82.16639369980948], [-40.164464599261805, 82.17074339948834], [-40.42585419951166, 82.2060493000352], [-40.728129699525994, 82.21734139988575], [-40.50641759979237, 82.25863559995304]], [[-39.35074379998633, 82.12808499982293], [-38.94746639965456, 82.12749579999121], [-39.19386189930714, 82.01946219952094], [-39.50766999947086, 82.0451212001833], [-39.35074379998633, 82.12808499982293]], [[-44.50332749966435, 82.38750660014955], [-44.50332749966435, 82.38750660014955]], [[-44.73045789961236, 82.39566539993831], [-44.73045789961236, 82.39566539993831]], [[-44.518839000019796, 82.41022920011756], [-44.518839000019796, 82.41022920011756]], [[-44.74290489984122, 82.41993789961441], [-44.74290489984122, 82.41993789961441]], [[-44.39972769987338, 82.46121280023061], [-44.65873639986489, 82.46239299943744], [-44.37002799939262, 82.47001109983245], [-44.39972769987338, 82.46121280023061]], [[-44.20889519945388, 82.48898430028527], [-44.61873409929922, 82.48962380009834], [-44.23450239916633, 82.49990099973144], [-44.20889519945388, 82.48898430028527]], [[-44.01684959992906, 82.4949488999718], [-44.01684959992906, 82.4949488999718]], [[-44.544505799602916, 82.53481869982318], [-44.544505799602916, 82.53481869982318]], [[-42.7947948991652, 82.55019079986556], [-42.7947948991652, 82.55019079986556]], [[-44.843944299190014, 82.56459679960267], [-44.843944299190014, 82.56459679960267]], [[-44.39724479940793, 82.59582429985164], [-44.39724479940793, 82.59582429985164]], [[-45.081032099851484, 82.59711999988815], [-45.35425619996363, 82.60078649989708], [-45.09112270005255, 82.61402299966176], [-45.081032099851484, 82.59711999988815]], [[-45.657686099433874, 82.63511589947922], [-45.657686099433874, 82.63511589947922]], [[-45.81548029937625, 82.63486889977997], [-45.81548029937625, 82.63486889977997]], [[-45.47108649924252, 82.63827040015889], [-45.47108649924252, 82.63827040015889]], [[-45.37077019978483, 82.66001829960493], [-45.37077019978483, 82.66001829960493]], [[-44.61603500001519, 82.65139409975797], [-44.61603500001519, 82.65139409975797]], [[-45.13113970003707, 82.65066439974231], [-44.838519799948756, 82.63065370000828], [-45.103091199798996, 82.64535650030228], [-45.13113970003707, 82.65066439974231]], [[-43.561118499319264, 82.62114080000799], [-43.561118499319264, 82.62114080000799]], [[-44.63375499969345, 82.61248449975989], [-44.63375499969345, 82.61248449975989]], [[-44.61319439960181, 82.67425999949944], [-44.61319439960181, 82.67425999949944]], [[-47.52272669937764, 81.42834780021087], [-47.52272669937764, 81.42834780021087]], [[-47.4082363991904, 81.47695829988567], [-47.674780199346685, 81.44459049975183], [-47.408079899167944, 81.49844429966475], [-47.4082363991904, 81.47695829988567]], [[-50.8166452999406, 81.71288519989213], [-50.8166452999406, 81.71288519989213]], [[-50.84831909954676, 81.74881580010913], [-50.84831909954676, 81.74881580010913]], [[-51.37680799948953, 81.77944069972858], [-51.37680799948953, 81.77944069972858]], [[-51.25077489994163, 81.7796296994511], [-51.25077489994163, 81.7796296994511]], [[-56.90815890001318, 81.15747059968851], [-56.90815890001318, 81.15747059968851]], [[-56.97780979978239, 81.17408849998435], [-56.97780979978239, 81.17408849998435]], [[-58.92386029991286, 81.25601819978016], [-58.92386029991286, 81.25601819978016]], [[-58.6555029997636, 81.25629799955311], [-58.6555029997636, 81.25629799955311]], [[-59.784661599353285, 81.28770759992585], [-59.784661599353285, 81.28770759992585]], [[-60.145169099374414, 81.34573559951838], [-60.145169099374414, 81.34573559951838]], [[-59.53241969970935, 81.3610704001789], [-59.53241969970935, 81.3610704001789]], [[-63.11295449995015, 80.90313519972972], [-63.11295449995015, 80.90313519972972]], [[-62.22130350005642, 81.058769899911], [-62.22130350005642, 81.058769899911]], [[-62.3909957999162, 81.0486909998898], [-62.3909957999162, 81.0486909998898]], [[-70.89811769947221, 77.87816929997325], [-70.89811769947221, 77.87816929997325]], [[-70.95418869964874, 77.86337759989635], [-70.95418869964874, 77.86337759989635]], [[-66.83540459974245, 76.93532809961215], [-66.83540459974245, 76.93532809961215]], [[-69.51605989924491, 77.14136890025458], [-69.51605989924491, 77.14136890025458]], [[-69.95302019992226, 77.13854329963362], [-69.95302019992226, 77.13854329963362]], [[-70.31717189946357, 77.14685000012747], [-70.31717189946357, 77.14685000012747]], [[-69.71238209975405, 77.18144960011898], [-69.71238209975405, 77.18144960011898]], [[-70.69368209964915, 77.08093459995189], [-70.69368209964915, 77.08093459995189]], [[-70.34638219967871, 77.03656819976266], [-70.34638219967871, 77.03656819976266]], [[-70.31900669989926, 76.98697650016538], [-70.31900669989926, 76.98697650016538]], [[-68.35692629960897, 76.83345340005445], [-68.35692629960897, 76.83345340005445]], [[-67.62828119951769, 76.80734419967513], [-67.62828119951769, 76.80734419967513]], [[-67.43948149967144, 76.52075579984034], [-67.14144219949787, 76.49883100015057], [-67.4299321996113, 76.50985639975312], [-67.43948149967144, 76.52075579984034]], [[-65.73656080004088, 76.39682999980471], [-65.73656080004088, 76.39682999980471]], [[-65.64427389962071, 76.36302469993001], [-65.64427389962071, 76.36302469993001]], [[-64.91186169955773, 76.22034600006788], [-64.91186169955773, 76.22034600006788]], [[-23.064732299555942, 75.77156069996641], [-23.064732299555942, 75.77156069996641]], [[-23.294535999936386, 75.70957199974805], [-23.294535999936386, 75.70957199974805]], [[-23.18282829928654, 75.66843529974932], [-23.18282829928654, 75.66843529974932]], [[-23.04871659969126, 75.67147970002821], [-23.04871659969126, 75.67147970002821]], [[-57.81547939945466, 75.6534829996408], [-57.81547939945466, 75.6534829996408]], [[-22.957002199591784, 75.59639469985558], [-22.957002199591784, 75.59639469985558]], [[-57.7203627993037, 75.48785859959474], [-57.7203627993037, 75.48785859959474]], [[-57.77112389994801, 75.46553950024781], [-57.77112389994801, 75.46553950024781]], [[-57.53394389989103, 75.2428616995079], [-57.53394389989103, 75.2428616995079]], [[-23.39320399946496, 75.21525469984459], [-23.39320399946496, 75.21525469984459]], [[-57.065296799907344, 75.15072239941924], [-57.065296799907344, 75.15072239941924]], [[-57.04602839969084, 75.04158289993092], [-57.04602839969084, 75.04158289993092]], [[-22.972802399411137, 74.99630409975447], [-22.972802399411137, 74.99630409975447]], [[-22.821481299222512, 74.96253829990269], [-22.821481299222512, 74.96253829990269]], [[-23.691055499611593, 74.58950910016489], [-23.691055499611593, 74.58950910016489]], [[-25.65254999968272, 74.53834220023242], [-25.7552300996893, 74.30830299978368], [-26.004803599306626, 74.20790410029406], [-26.26105009998207, 74.21415910006249], [-26.506884500019623, 74.27028450022954], [-26.75382609949486, 74.3286135002129], [-27.051166800007763, 74.34638730003394], [-27.32571269938154, 74.34135549965663], [-27.032574100014642, 74.37621309985474], [-26.774793999843155, 74.40242779970328], [-26.527790599856246, 74.30038940015078], [-26.275122699452993, 74.31383799962401], [-26.00084969935409, 74.27642989962021], [-26.232826899241957, 74.38015390028232], [-26.502856299878317, 74.46227869990213], [-26.252091999845845, 74.43756629954515], [-26.007821499262718, 74.34779900002388], [-25.796903799270865, 74.50072259946847], [-26.047459499756087, 74.53272599970518], [-26.29957099950201, 74.55076969956207], [-26.047440499779213, 74.56228749956853], [-25.797085699745196, 74.53555649983264], [-25.65254999968272, 74.53834220023242]], [[-24.67698699995003, 74.52547729943785], [-24.67698699995003, 74.52547729943785]], [[-26.89431539983576, 74.19050979998735], [-26.64233379996483, 74.17049040021186], [-26.358158499714932, 74.15966399989372], [-26.10791719951908, 74.13270909954537], [-26.366523899858066, 74.05420889962107], [-26.607899499861958, 74.14158730031369], [-26.86423159980842, 74.12950439960844], [-27.13948539963144, 74.15578340008392], [-27.420354399935547, 74.16115129959286], [-27.704007599670945, 74.18151429974517], [-27.44436919977869, 74.18549849965609], [-27.188559199447468, 74.16333600015633], [-26.934315399935713, 74.15374029957525], [-26.89431539983576, 74.19050979998735]], [[-27.44077059948353, 74.05380769946584], [-27.69848549970601, 73.98761170002001], [-27.953660599357136, 73.97906340025577], [-28.2150320998515, 73.97356939960815], [-28.472835999681593, 73.98129160012729], [-28.215714799498357, 74.02705869979923], [-27.95978859956415, 74.02452660012256], [-27.703165099489695, 74.0679459998081], [-27.44436349987558, 74.09901209962874], [-27.164027599693952, 74.11947379947634], [-26.91185679955163, 74.08583719982698], [-26.662502399965717, 74.05971339985359], [-26.975087999511516, 74.06711259986668], [-27.233476000017333, 74.07813820001797], [-27.44077059948353, 74.05380769946584]], [[-28.82580949940882, 73.94620109980099], [-28.531853799413284, 73.93061919961644], [-28.791733099802684, 73.90945139976236], [-28.82580949940882, 73.94620109980099]], [[-28.290116699825774, 73.91665020024658], [-28.513174099904745, 73.78755469958975], [-28.277150999419064, 73.89716360022004], [-28.290116699825774, 73.91665020024658]], [[-28.073596399754024, 73.85531709950459], [-28.073596399754024, 73.85531709950459]], [[-28.558704199439205, 73.75935349986418], [-28.30930319968286, 73.73260970007766], [-28.56053129987953, 73.72967219951244], [-28.829667999278684, 73.73479759952966], [-28.558704199439205, 73.75935349986418]], [[-28.695859299267227, 73.69882559992158], [-28.41466669950853, 73.69023689991303], [-28.661014099820818, 73.63764239997681], [-28.92093499925079, 73.61731269992123], [-28.666483999536922, 73.66307700000363], [-28.695859299267227, 73.69882559992158]], [[-29.03377670003465, 73.61411260001654], [-29.03377670003465, 73.61411260001654]], [[-29.29631789925162, 73.65089939978753], [-29.29631789925162, 73.65089939978753]], [[-28.985878399568435, 73.70473269965441], [-28.985878399568435, 73.70473269965441]], [[-29.214877299347847, 73.71930560007343], [-29.214877299347847, 73.71930560007343]], [[-29.073193999703278, 73.74674429970975], [-29.073193999703278, 73.74674429970975]], [[-55.30909019975286, 73.78392940022172], [-55.30909019975286, 73.78392940022172]], [[-55.39954259921154, 73.82012529954301], [-55.39954259921154, 73.82012529954301]], [[-29.090008799366558, 73.85210149978445], [-29.090008799366558, 73.85210149978445]], [[-29.00970479953685, 73.84968669958158], [-29.00970479953685, 73.84968669958158]], [[-55.399470300014286, 73.89789280021262], [-55.399470300014286, 73.89789280021262]], [[-55.57322269986764, 73.92162020011222], [-55.57322269986764, 73.92162020011222]], [[-28.838158199241434, 73.88027050018349], [-28.838158199241434, 73.88027050018349]], [[-29.00666599933635, 73.76607639980608], [-29.00666599933635, 73.76607639980608]], [[-28.191404499518, 73.79187839986832], [-28.191404499518, 73.79187839986832]], [[-28.208219399905317, 73.80064099998219], [-28.208219399905317, 73.80064099998219]], [[-28.310931699238495, 73.83632220020945], [-28.310931699238495, 73.83632220020945]], [[-28.32349219930552, 73.84861219949346], [-28.32349219930552, 73.84861219949346]], [[-28.57615109929378, 73.86555780015243], [-28.57615109929378, 73.86555780015243]], [[-28.850306199171712, 73.9994166994212], [-28.850306199171712, 73.9994166994212]], [[-29.055867600009663, 74.0679340999788], [-29.055867600009663, 74.0679340999788]], [[-29.023008399518005, 74.07468460011427], [-29.023008399518005, 74.07468460011427]], [[-28.612320799565225, 74.06973370005028], [-28.612320799565225, 74.06973370005028]], [[-28.621747599372156, 74.06091259993661], [-28.621747599372156, 74.06091259993661]], [[-28.773509599388433, 74.02894359966746], [-28.773509599388433, 74.02894359966746]], [[-28.69649769920943, 74.04270839987282], [-28.69649769920943, 74.04270839987282]], [[-28.175908299328512, 74.0980030998632], [-28.175908299328512, 74.0980030998632]], [[-28.456807499766285, 74.10278699942052], [-28.456807499766285, 74.10278699942052]], [[-27.472528499190844, 74.1205013999197], [-27.472528499190844, 74.1205013999197]], [[-27.678320999714344, 74.12127200020268], [-27.678320999714344, 74.12127200020268]], [[-55.713743699512065, 74.23477350029685], [-55.713743699512065, 74.23477350029685]], [[-55.914144199595114, 74.37024039997453], [-55.914144199595114, 74.37024039997453]], [[-27.082454199601614, 74.55156409950365], [-27.082454199601614, 74.55156409950365]], [[-26.58893679989336, 74.56479069953122], [-26.58893679989336, 74.56479069953122]], [[-24.483578999471206, 74.58542499996383], [-24.483578999471206, 74.58542499996383]], [[-28.742276899259423, 73.55820520001004], [-28.988337999499038, 73.48551290010033], [-28.73568979964449, 73.42029489988977], [-29.01497029953964, 73.37011229984284], [-29.194096100054935, 73.19348810029567], [-29.439879599363962, 73.08224400016053], [-29.20328909951229, 73.17874909959136], [-29.484431899312654, 73.21500519953037], [-29.18752819916699, 73.22117970008316], [-28.9443373994514, 73.3228191999462], [-29.20657239929676, 73.3828128998955], [-28.955943399568184, 73.38838019978647], [-28.742276899259423, 73.55820520001004]], [[-29.113493199751304, 73.05561489990777], [-28.870526799771937, 72.99173709998723], [-29.146574200039254, 72.93178800011617], [-29.47391099959293, 72.94835589990493], [-29.21895919980716, 73.00096620003018], [-28.945615299206622, 72.9837242997367], [-29.113493199751304, 73.05561489990777]], [[-28.680452199409444, 73.00006309993216], [-28.40206840003657, 73.01646390028884], [-28.643697299490725, 72.9441709002669], [-28.89094229964735, 72.8794399000314], [-28.653519499725064, 72.98814199985344], [-28.680452199409444, 73.00006309993216]], [[-28.246846399641584, 73.02323560014287], [-28.246846399641584, 73.02323560014287]], [[-29.058852999366366, 72.83265029997142], [-29.35034559926993, 72.79758560029529], [-29.0641022998812, 72.83956169961283], [-29.058852999366366, 72.83265029997142]], [[-53.97330989953218, 72.75507470023729], [-53.97330989953218, 72.75507470023729]], [[-29.030811999474167, 72.89468170000049], [-29.282355799480513, 72.88327210012739], [-29.01840309992309, 72.9211412996313], [-29.030811999474167, 72.89468170000049]], [[-54.179975699319016, 72.86272930031703], [-54.179975699319016, 72.86272930031703]], [[-28.863479599803668, 72.95941270023599], [-28.863479599803668, 72.95941270023599]], [[-54.36489099971982, 72.95306390027883], [-54.36489099971982, 72.95306390027883]], [[-53.29001079965866, 72.47792709995576], [-53.00062499924428, 72.46312939960217], [-53.25341949990997, 72.42305660028194], [-53.29001079965866, 72.47792709995576]], [[-28.221598799245157, 72.39099000018842], [-28.480577699301364, 72.33605269977232], [-28.800398599215953, 72.33301599948885], [-28.542220199202802, 72.36323879963095], [-28.270832799793823, 72.38663009949954], [-28.221598799245157, 72.39099000018842]], [[-53.216685100037296, 72.35200969998772], [-53.216685100037296, 72.35200969998772]], [[-52.049670199919774, 72.29905180020046], [-52.049670199919774, 72.29905180020046]], [[-52.09557739957728, 72.27447170000903], [-52.09557739957728, 72.27447170000903]], [[-29.34289779989348, 72.26901780013145], [-29.34289779989348, 72.26901780013145]], [[-52.22785920004202, 72.22550799969451], [-52.22785920004202, 72.22550799969451]], [[-52.14459540005765, 72.17283489991075], [-52.14459540005765, 72.17283489991075]], [[-52.30322469966012, 72.122295599962], [-52.30322469966012, 72.122295599962]], [[-30.064193499930013, 72.07717770019076], [-29.880068899659932, 71.88927469996747], [-29.65213509935529, 71.76558730031371], [-29.904446099308018, 71.7784338999046], [-30.21327239960152, 71.76129039983215], [-29.973127199860357, 71.83907629973152], [-30.2598954991779, 71.84096739952594], [-29.98336999952579, 71.85872309959143], [-30.23717849928829, 71.9056300998493], [-29.98607970001808, 71.90184259965633], [-30.285501499194766, 71.95983379989002], [-30.028531699877988, 71.93842320017063], [-30.064193499930013, 72.07717770019076]], [[-51.462190099493455, 71.80674250026624], [-51.20611439985964, 71.8390710000267], [-50.93319369952957, 71.85444129962633], [-51.18393789971424, 71.82080350028139], [-51.462190099493455, 71.80674250026624]], [[-51.72118739967868, 71.90976390018392], [-51.72118739967868, 71.90976390018392]], [[-51.7591309991962, 71.89850210029175], [-51.7591309991962, 71.89850210029175]], [[-51.83723549921888, 71.86319340015535], [-51.83723549921888, 71.86319340015535]], [[-52.02237259941592, 71.86401719983394], [-52.02237259941592, 71.86401719983394]], [[-52.0280117992051, 71.80631260004651], [-52.0280117992051, 71.80631260004651]], [[-51.96279829920212, 71.78182439977627], [-52.21259399971325, 71.74486799955861], [-51.96279829920212, 71.78182439977627]], [[-52.28680479950185, 71.72010189978289], [-52.28680479950185, 71.72010189978289]], [[-52.24488769930781, 71.66986799970846], [-52.24488769930781, 71.66986799970846]], [[-52.51280929950951, 71.79810389957538], [-52.51280929950951, 71.79810389957538]], [[-52.575752599502835, 71.83850169949392], [-52.575752599502835, 71.83850169949392]], [[-52.14617859986248, 71.79496620003016], [-52.14617859986248, 71.79496620003016]], [[-52.0180884998843, 71.92580789991473], [-52.0180884998843, 71.92580789991473]], [[-52.21892529976276, 71.93503530023895], [-52.21892529976276, 71.93503530023895]], [[-52.209097299800476, 71.9392961999597], [-52.209097299800476, 71.9392961999597]], [[-51.73193809956359, 71.93605869994911], [-51.73193809956359, 71.93605869994911]], [[-52.013556299883305, 71.97130999995659], [-52.013556299883305, 71.97130999995659]], [[-51.81816009980872, 72.04832669981738], [-51.81816009980872, 72.04832669981738]], [[-51.764062699633826, 72.07023899983005], [-51.764062699633826, 72.07023899983005]], [[-51.69768339946927, 72.01045769996296], [-51.69768339946927, 72.01045769996296]], [[-52.51162419989686, 72.1378016998886], [-52.51162419989686, 72.1378016998886]], [[-52.91417419977944, 72.20448239974303], [-52.91417419977944, 72.20448239974303]], [[-53.127155399601975, 72.19629020003276], [-53.127155399601975, 72.19629020003276]], [[-53.08374869924302, 72.23839830004158], [-53.08374869924302, 72.23839830004158]], [[-52.94173299937836, 72.03224839994374], [-52.94173299937836, 72.03224839994374]], [[-50.870398799365034, 71.71588379969768], [-50.870398799365034, 71.71588379969768]], [[-51.3445876000377, 71.67070780012494], [-51.60244899982143, 71.64676800014314], [-51.35058129998697, 71.66040699958342], [-51.3445876000377, 71.67070780012494]], [[-29.418038699226543, 71.6769681994229], [-29.418038699226543, 71.6769681994229]], [[-51.08300769964558, 71.57251229990277], [-51.08300769964558, 71.57251229990277]], [[-50.94230810003876, 71.56900840001771], [-50.69201979947411, 71.53026109976997], [-50.966294299642186, 71.50237939948977], [-50.94230810003876, 71.56900840001771]], [[-50.61775299980104, 71.52251869957837], [-50.92187099934711, 71.44287240004127], [-50.61775299980104, 71.52251869957837]], [[-51.11246039952778, 71.56096200019618], [-51.11246039952778, 71.56096200019618]], [[-51.32281640005675, 71.54535249981808], [-51.32281640005675, 71.54535249981808]], [[-51.43117809928981, 71.57602959968631], [-51.43117809928981, 71.57602959968631]], [[-29.734583299679514, 71.63098829947052], [-29.734583299679514, 71.63098829947052]], [[-51.23987979951312, 71.59918459998937], [-51.23987979951312, 71.59918459998937]], [[-51.06447229995666, 71.58160719951269], [-51.06447229995666, 71.58160719951269]], [[-50.88968739925406, 71.15698960018995], [-50.88968739925406, 71.15698960018995]], [[-50.57264819955475, 70.88436690011241], [-50.57264819955475, 70.88436690011241]], [[-30.201845899668513, 70.47497240025615], [-29.93866149992823, 70.42259629977946], [-29.712895399403124, 70.30542299997154], [-29.954343099854157, 70.2184855000059], [-30.225467399900538, 70.14863539950414], [-29.971534499617405, 70.23359890016917], [-30.265231299185075, 70.31090609993663], [-29.987688999947352, 70.30915029954673], [-30.22751049950989, 70.38163640019974], [-30.201845899668513, 70.47497240025615]], [[-30.465991600032282, 70.16828809981598], [-30.465991600032282, 70.16828809981598]], [[-50.236588799933145, 70.36708230010811], [-50.236588799933145, 70.36708230010811]], [[-49.96053339929688, 69.94121889963259], [-49.96053339929688, 69.94121889963259]], [[-28.562370699448195, 69.74967489967696], [-28.304545799548976, 69.7152703995094], [-28.03965299998589, 69.74044019955562], [-28.293460300052743, 69.70255479966431], [-28.543694499201706, 69.67134690013938], [-28.562370699448195, 69.74967489967696]], [[-29.640377099423574, 69.67924690022431], [-29.412020699595587, 69.53791649994656], [-29.1344421999475, 69.5704721001074], [-28.8732905000565, 69.6054314999638], [-29.122084300050346, 69.56623669976392], [-29.366521899166287, 69.51252170031626], [-29.620811899549494, 69.5267170995146], [-29.875343599927135, 69.55421639996695], [-29.657206899778544, 69.42749769955924], [-29.914286699671436, 69.48617519942599], [-30.168025600001386, 69.44899140023301], [-30.41997029978944, 69.49459589978102], [-30.665664399292552, 69.43039219994012], [-30.927151299892557, 69.52007440021345], [-31.160763800009306, 69.38561939971561], [-31.3343045992778, 69.20087329956317], [-31.629193099481938, 69.14533460001184], [-31.90408969938005, 69.18110870020638], [-31.6407756992391, 69.11844989984309], [-31.81128879953843, 68.91857920026996], [-31.966087599662956, 69.12373819945839], [-32.22399829938195, 69.17908230010812], [-32.087315299561396, 68.96955359941916], [-32.34239939951266, 69.06166719958168], [-32.13014219980266, 69.20222620007911], [-31.796108999730507, 69.21195939980652], [-31.50975229942901, 69.22121200003386], [-31.278535399888767, 69.32917910013543], [-31.051842499431757, 69.49240689955883], [-30.785944499738832, 69.53412489974437], [-30.530641399580873, 69.55566399999367], [-30.286242599916022, 69.48217620027145], [-30.020112099393828, 69.54475069998489], [-29.774290299757467, 69.64352839971593], [-29.640377099423574, 69.67924690022431]], [[-32.021194199252875, 68.90468629973299], [-32.28839749924515, 68.9097704001839], [-32.52901769930736, 68.97835130007252], [-32.2851954999723, 68.91819600004544], [-32.02789899943923, 68.91976360021005], [-32.021194199252875, 68.90468629973299]], [[-32.76991819916549, 69.02933119947534], [-32.60322490000908, 69.21660569949347], [-32.76991819916549, 69.02933119947534]], [[-50.2119056994884, 68.89301270027596], [-50.2119056994884, 68.89301270027596]], [[-50.32121419957559, 68.8173968995473], [-50.32121419957559, 68.8173968995473]], [[-50.30969920005799, 68.80810730031169], [-50.30969920005799, 68.80810730031169]], [[-50.27279669980783, 68.78630299988362], [-50.27279669980783, 68.78630299988362]], [[-50.282434700001374, 68.77479459959113], [-50.282434700001374, 68.77479459959113]], [[-50.211268199767574, 68.74858590001935], [-50.211268199767574, 68.74858590001935]], [[-33.884305999822004, 68.70140019985939], [-33.61891309985964, 68.67645569977077], [-33.35837460000772, 68.63238450024454], [-33.060905599513774, 68.6126568000713], [-33.32173949967813, 68.53990629963607], [-33.584742400041705, 68.52696609950596], [-33.32640899917595, 68.52441009944658], [-33.5998138998915, 68.47218589985943], [-33.39396869999547, 68.32970659948006], [-33.19674599932836, 68.49508929953163], [-32.92256829948741, 68.51655669953209], [-33.06151750003255, 68.30327679978456], [-33.293542299237686, 68.43776160021775], [-33.111943599617405, 68.25633059987734], [-32.87705599933486, 68.17065829944102], [-33.13284179980917, 68.228192299635], [-33.40585189994516, 68.25884429942494], [-33.65173119953516, 68.36566659943406], [-33.91544779917655, 68.31652949993651], [-34.09053479924154, 68.50172429973668], [-33.828146199687296, 68.44384579984387], [-33.59446210004586, 68.54732160021172], [-33.33505060000516, 68.55184439959942], [-33.62351419962056, 68.57965489965397], [-33.91241409993074, 68.6300563002581], [-33.884305999822004, 68.70140019985939]], [[-50.73463100002061, 68.31100699977327], [-50.73463100002061, 68.31100699977327]], [[-50.30540820002835, 68.13352779946842], [-50.30540820002835, 68.13352779946842]], [[-50.16177889967645, 67.95629549993743], [-50.16177889967645, 67.95629549993743]], [[-50.20362870000446, 67.94152370005878], [-50.20362870000446, 67.94152370005878]], [[-50.244980599674875, 67.07960629969102], [-50.244980599674875, 67.07960629969102]], [[-49.83054809951511, 67.02355359981885], [-49.83054809951511, 67.02355359981885]], [[-37.22775739978414, 66.87581999959338], [-36.97306119991441, 66.82823579994226], [-36.734259299527025, 66.71987169951939], [-36.9900533998445, 66.7258645001466], [-37.22832939918237, 66.83148429956083], [-37.22775739978414, 66.87581999959338]], [[-36.34277299957421, 66.69385559965627], [-36.09227509941627, 66.67015549957671], [-35.84075669986174, 66.74590940019874], [-36.09686029916344, 66.7445050000058], [-36.40642339962017, 66.71065190026502], [-36.156280999668354, 66.77893160011331], [-35.90569859921095, 66.7753285994354], [-35.64178689974557, 66.78111329963912], [-35.89401959932502, 66.7266096999777], [-35.63007719970295, 66.73951750023252], [-35.88617809923983, 66.70623630006526], [-36.14464929962543, 66.63187940001433], [-36.392403399697116, 66.5836535997339], [-36.34277299957421, 66.69385559965627]], [[-36.545890399222515, 66.59041630007226], [-36.545890399222515, 66.59041630007226]], [[-36.365713599702815, 66.53601789950653], [-36.65214880002708, 66.43875239990336], [-36.39992449921624, 66.45738049991019], [-36.365713599702815, 66.53601789950653]], [[-36.17459459956109, 66.49199009946358], [-36.41065479977914, 66.4086081996088], [-36.687682699397044, 66.41142749957947], [-36.42212379987342, 66.42448709999974], [-36.17459459956109, 66.49199009946358]], [[-36.33036889970492, 66.40303879980081], [-36.33036889970492, 66.40303879980081]], [[-36.46443089916664, 66.29114509956673], [-36.46443089916664, 66.29114509956673]], [[-37.03677949967414, 66.68047630014121], [-37.29989089964528, 66.60625599991454], [-37.553750999808756, 66.64343219983618], [-37.30288969979978, 66.6456945002011], [-37.556227699448755, 66.67231960026942], [-37.30544209987295, 66.72755049965588], [-37.037761099794864, 66.69218669985639], [-37.03677949967414, 66.68047630014121]], [[-37.34932519989803, 66.58219400005311], [-37.558888199830506, 66.40881620020753], [-37.62264839990371, 66.65094399946605], [-37.37089479975515, 66.5681289000288], [-37.34932519989803, 66.58219400005311]], [[-37.70702149924273, 66.7157851999271], [-37.70702149924273, 66.7157851999271]], [[-38.38301079980852, 66.4928002995942], [-38.38301079980852, 66.4928002995942]], [[-38.49055969987023, 66.41715250008787], [-38.49055969987023, 66.41715250008787]], [[-38.43691209921394, 66.34622159974708], [-38.43691209921394, 66.34622159974708]], [[-38.364470999736795, 66.30424349943803], [-38.364470999736795, 66.30424349943803]], [[-38.410470799887435, 66.02402739974474], [-38.410470799887435, 66.02402739974474]], [[-38.43606629942013, 66.00808349995361], [-38.43606629942013, 66.00808349995361]], [[-50.012908899925776, 66.00152709959605], [-50.012908899925776, 66.00152709959605]], [[-38.46732499984881, 65.97947979965306], [-38.46732499984881, 65.97947979965306]], [[-49.91378309961033, 66.00773979975202], [-49.91378309961033, 66.00773979975202]], [[-50.25457969969335, 66.0495778000755], [-50.25457969969335, 66.0495778000755]], [[-50.216288699264, 66.12223839978236], [-50.216288699264, 66.12223839978236]], [[-50.27428010004655, 66.19063659969936], [-50.27428010004655, 66.19063659969936]], [[-50.356920899180125, 66.19692529976282], [-50.356920899180125, 66.19692529976282]], [[-51.037987799896996, 65.98706359990524], [-51.037987799896996, 65.98706359990524]], [[-51.0628743000089, 65.91668309994515], [-51.0628743000089, 65.91668309994515]], [[-51.28827939917488, 65.89788710010964], [-51.28827939917488, 65.89788710010964]], [[-50.68750010004953, 65.74361990003842], [-50.4263555992315, 65.73289459970607], [-50.68876999943586, 65.69043010016907], [-50.68750010004953, 65.74361990003842]], [[-51.264719199431454, 65.75879030013232], [-51.264719199431454, 65.75879030013232]], [[-51.33631309976971, 65.75166069978155], [-51.33631309976971, 65.75166069978155]], [[-51.48611369998724, 65.74788689986059], [-51.48611369998724, 65.74788689986059]], [[-51.566364699171515, 65.72224580020355], [-51.566364699171515, 65.72224580020355]], [[-51.36787659932554, 65.75133279976893], [-51.36787659932554, 65.75133279976893]], [[-51.713102400055675, 65.69378970023456], [-51.713102400055675, 65.69378970023456]], [[-51.7294877995223, 65.68186700026189], [-51.7294877995223, 65.68186700026189]], [[-51.747126899786565, 65.67791199953922], [-51.747126899786565, 65.67791199953922]], [[-51.8295168995852, 65.6538781997192], [-51.8295168995852, 65.6538781997192]], [[-51.899812299398036, 65.6279381995883], [-51.899812299398036, 65.6279381995883]], [[-51.89581169945035, 65.59654200001336], [-51.89581169945035, 65.59654200001336]], [[-51.92369289970753, 65.62327049963392], [-51.92369289970753, 65.62327049963392]], [[-51.94982179973624, 65.64610349947696], [-51.94982179973624, 65.64610349947696]], [[-51.973167799854025, 65.66375919942755], [-51.973167799854025, 65.66375919942755]], [[-51.8919073998066, 65.64040190022757], [-51.8919073998066, 65.64040190022757]], [[-51.84141229973778, 65.6583558999049], [-51.84141229973778, 65.6583558999049]], [[-51.81305449926566, 65.66435159994643], [-51.81305449926566, 65.66435159994643]], [[-52.43254649942139, 65.70984850010825], [-52.43254649942139, 65.70984850010825]], [[-51.98364649978612, 65.75247619961698], [-51.98364649978612, 65.75247619961698]], [[-52.072917399618234, 65.75499750023448], [-52.072917399618234, 65.75499750023448]], [[-52.284094099862784, 65.75884969945412], [-52.284094099862784, 65.75884969945412]], [[-52.3802596000005, 65.76561420023523], [-52.3802596000005, 65.76561420023523]], [[-52.17108250005731, 65.7901196998643], [-52.17108250005731, 65.7901196998643]], [[-52.11478399928211, 65.77075309997565], [-52.11478399928211, 65.77075309997565]], [[-52.05146659930409, 65.81307829992363], [-52.05146659930409, 65.81307829992363]], [[-51.84930199988736, 65.8487591997773], [-51.84930199988736, 65.8487591997773]], [[-51.91273529999404, 65.88701249972712], [-51.91273529999404, 65.88701249972712]], [[-51.98422019980234, 65.92662219945498], [-51.98422019980234, 65.92662219945498]], [[-52.02409080005032, 65.9488769999736], [-52.02409080005032, 65.9488769999736]], [[-51.94963389988453, 65.94381729992853], [-51.94963389988453, 65.94381729992853]], [[-52.19972139982269, 65.68080900003537], [-52.19972139982269, 65.68080900003537]], [[-52.19892079995492, 65.61983410016364], [-52.19892079995492, 65.61983410016364]], [[-52.14328819949077, 65.63067760019118], [-52.14328819949077, 65.63067760019118]], [[-52.14258369937818, 65.63171079981362], [-52.14258369937818, 65.63171079981362]], [[-52.047278899901244, 65.66900149961958], [-52.047278899901244, 65.66900149961958]], [[-52.20464999939793, 65.589128800254], [-52.20464999939793, 65.589128800254]], [[-39.88712519966816, 65.35332289953226], [-39.88712519966816, 65.35332289953226]], [[-50.74604349930803, 65.16665810029116], [-50.74604349930803, 65.16665810029116]], [[-41.79348379933782, 64.00655190005023], [-41.79348379933782, 64.00655190005023]], [[-41.920801999512605, 63.90621109946272], [-41.920801999512605, 63.90621109946272]], [[-50.710183700017694, 63.54653079945689], [-50.710183700017694, 63.54653079945689]], [[-50.711088299285564, 63.54607289974456], [-50.711088299285564, 63.54607289974456]], [[-50.7050388998253, 63.534544600153254], [-50.7050388998253, 63.534544600153254]], [[-50.72687039934942, 63.52543650029429], [-50.72687039934942, 63.52543650029429]], [[-49.2440305992327, 63.729471199436375], [-49.2440305992327, 63.729471199436375]], [[-42.26625689983604, 63.69377929997478], [-42.26625689983604, 63.69377929997478]], [[-42.43723799923424, 63.52577990012236], [-42.43723799923424, 63.52577990012236]], [[-42.6588499999275, 63.361497699559266], [-42.38653849945217, 63.29129319962152], [-42.63724929971539, 63.26739739987016], [-42.6588499999275, 63.361497699559266]], [[-49.19919929990772, 63.27903110000534], [-49.19919929990772, 63.27903110000534]], [[-43.143925599386876, 63.10002279951266], [-43.143925599386876, 63.10002279951266]], [[-48.91336039956275, 62.86409140019799], [-48.91336039956275, 62.86409140019799]], [[-43.30732129953827, 62.7724342995034], [-43.30732129953827, 62.7724342995034]], [[-43.479386199813234, 62.768450399966014], [-43.479386199813234, 62.768450399966014]], [[-49.29937219976716, 62.73547469949784], [-49.50721579936959, 62.59228050014502], [-49.25457119950124, 62.54695509979808], [-49.515911900014146, 62.527768199742695], [-49.77221949973011, 62.524687500128096], [-49.5076944995015, 62.56556679976808], [-49.31181599930886, 62.728798999574224], [-49.29937219976716, 62.73547469949784]], [[-43.40218399949197, 62.621732499455334], [-43.40218399949197, 62.621732499455334]], [[-49.96901659983615, 62.63058729986403], [-49.96901659983615, 62.63058729986403]], [[-49.709153999857165, 62.639045000126714], [-49.709153999857165, 62.639045000126714]], [[-42.85537039932444, 62.16029669963302], [-43.115204399963034, 62.12396319954206], [-42.865746799575106, 62.15605629995832], [-42.85537039932444, 62.16029669963302]], [[-43.190159099163054, 62.00312210020479], [-43.190159099163054, 62.00312210020479]], [[-42.89316659995859, 61.97536650016389], [-42.89316659995859, 61.97536650016389]], [[-43.54428450002962, 61.893851799720835], [-43.54428450002962, 61.893851799720835]], [[-43.467305599573706, 61.88681529988622], [-43.467305599573706, 61.88681529988622]], [[-48.07782669964246, 61.835988599993925], [-48.07782669964246, 61.835988599993925]], [[-43.71158599989394, 61.840860299463316], [-43.71158599989394, 61.840860299463316]], [[-48.01386560001737, 61.948558399750425], [-48.01386560001737, 61.948558399750425]], [[-48.00894750002709, 61.9824323997355], [-48.00894750002709, 61.9824323997355]], [[-48.28450089999649, 61.98727199970307], [-48.55418089962876, 61.96372069965065], [-48.291367299361355, 61.99275389997257], [-48.28450089999649, 61.98727199970307]], [[-45.21711040002492, 61.74274659977584], [-45.21711040002492, 61.74274659977584]], [[-47.861706099656715, 61.73191439972982], [-47.861706099656715, 61.73191439972982]], [[-45.19029069925631, 61.726599699616486], [-45.19029069925631, 61.726599699616486]], [[-43.428953299555076, 61.716248500168206], [-43.428953299555076, 61.716248500168206]], [[-43.21772139982272, 61.70221599966868], [-43.21772139982272, 61.70221599966868]], [[-43.33152200004025, 61.693428500025334], [-43.57801329997375, 61.615766399899485], [-43.32069319943156, 61.62603600026125], [-43.33152200004025, 61.693428500025334]], [[-43.10462879987915, 61.68550149959458], [-43.10462879987915, 61.68550149959458]], [[-42.93218579943505, 61.6805035002364], [-42.93218579943505, 61.6805035002364]], [[-42.99426649939937, 61.66454169943995], [-42.99426649939937, 61.66454169943995]], [[-43.45281419931581, 61.5765232998105], [-43.45281419931581, 61.5765232998105]], [[-43.74513349921159, 61.55246569943256], [-43.74513349921159, 61.55246569943256]], [[-44.08022049967627, 61.506691499613055], [-44.08022049967627, 61.506691499613055]], [[-43.57338799945654, 61.48232059971593], [-43.34404979985834, 61.36999049986173], [-43.603819299321174, 61.3822712001558], [-43.57338799945654, 61.48232059971593]], [[-44.66371309967974, 61.340324499676], [-44.91592579923622, 61.29571140016105], [-44.65934479932298, 61.25206540009822], [-44.913618700042946, 61.174372099792606], [-44.75709839967135, 61.38699869963034], [-44.49950679919937, 61.406575099661154], [-44.66371309967974, 61.340324499676]], [[-43.77517269916069, 61.322219799704044], [-43.991547199343756, 61.17901690030976], [-43.75816609928603, 61.28726749999521], [-43.77517269916069, 61.322219799704044]], [[-44.1590017997932, 61.41869389950392], [-44.1590017997932, 61.41869389950392]], [[-44.78823469967159, 61.42792909964828], [-44.78823469967159, 61.42792909964828]], [[-44.87540829955333, 61.47649869995507], [-44.87540829955333, 61.47649869995507]], [[-44.86631080000336, 61.481193500079996], [-44.86631080000336, 61.481193500079996]], [[-44.34217040004387, 61.492337100276984], [-44.34217040004387, 61.492337100276984]], [[-44.89973669928918, 61.50892359984431], [-44.89973669928918, 61.50892359984431]], [[-45.177922899622104, 61.52551730028324], [-45.177922899622104, 61.52551730028324]], [[-45.30880549977394, 61.52583040015293], [-45.30880549977394, 61.52583040015293]], [[-45.54542169955175, 61.5057529995014], [-45.54542169955175, 61.5057529995014]], [[-45.73504519997596, 61.482107799435425], [-45.73504519997596, 61.482107799435425]], [[-45.797089299331674, 61.45202679989694], [-45.797089299331674, 61.45202679989694]], [[-45.95638459996928, 61.428847199538666], [-45.95638459996928, 61.428847199538666]], [[-45.94189369973441, 61.44706299995755], [-45.94189369973441, 61.44706299995755]], [[-45.77839769999383, 61.5245260000749], [-45.77839769999383, 61.5245260000749]], [[-44.8209637997395, 61.55185429983612], [-44.8209637997395, 61.55185429983612]], [[-44.399561499763365, 61.541293499895176], [-44.399561499763365, 61.541293499895176]], [[-44.73417879961187, 61.51519759958961], [-44.73417879961187, 61.51519759958961]], [[-44.78517979980785, 61.51497189943365], [-44.78517979980785, 61.51497189943365]], [[-45.46149799953304, 61.54371850020868], [-45.46149799953304, 61.54371850020868]], [[-44.23628789966682, 61.61218090002859], [-44.23628789966682, 61.61218090002859]], [[-44.70776109939516, 61.61595150016166], [-44.70776109939516, 61.61595150016166]], [[-44.90211419921087, 61.64733150024858], [-44.90211419921087, 61.64733150024858]], [[-43.86941129929198, 61.668790300032356], [-43.86941129929198, 61.668790300032356]], [[-46.204766800047764, 61.254680599829896], [-46.204766800047764, 61.254680599829896]], [[-46.6702045991629, 61.14961560027979], [-46.6702045991629, 61.14961560027979]], [[-46.422141299581256, 61.122393800033876], [-46.422141299581256, 61.122393800033876]], [[-44.523756499263015, 61.15772970016559], [-44.523756499263015, 61.15772970016559]], [[-44.57085909936791, 61.10941469972869], [-44.84668589953458, 61.04142289984702], [-44.59895569984565, 61.098172999684266], [-44.57085909936791, 61.10941469972869]], [[-44.548912299562915, 61.0382083999977], [-44.548912299562915, 61.0382083999977]], [[-43.75324049984914, 61.01032130018791], [-43.4769695991676, 61.00191120014182], [-43.72520189934812, 60.95853910029928], [-43.75324049984914, 61.01032130018791]], [[-44.84817859966262, 60.88006859958625], [-44.84817859966262, 60.88006859958625]], [[-44.40373549979341, 60.79077879960198], [-44.40373549979341, 60.79077879960198]], [[-42.737115699829644, 61.900238599631734], [-42.737115699829644, 61.900238599631734]], [[-42.868210699164365, 61.851478600257224], [-42.868210699164365, 61.851478600257224]], [[-43.08068049950543, 63.03391159984051], [-43.08068049950543, 63.03391159984051]], [[-41.62824929946555, 63.64606440005207], [-41.62824929946555, 63.64606440005207]], [[-41.05590179972825, 64.41615610022393], [-41.05590179972825, 64.41615610022393]], [[-36.46760209935735, 66.25814299949991], [-36.46760209935735, 66.25814299949991]], [[-36.319948399399095, 66.23874349971283], [-36.319948399399095, 66.23874349971283]], [[-36.083308899985695, 66.23262259965333], [-36.083308899985695, 66.23262259965333]], [[-36.0998572997745, 66.21923239945573], [-36.0998572997745, 66.21923239945573]], [[-36.063181799200606, 66.19662909995304], [-36.063181799200606, 66.19662909995304]], [[-36.00821929978082, 66.17881409949115], [-36.00821929978082, 66.17881409949115]], [[-36.09574339963814, 66.08562309982625], [-36.09574339963814, 66.08562309982625]], [[-36.02129769962909, 66.04115530017702], [-36.02129769962909, 66.04115530017702]], [[-35.9655067995991, 66.2750666000436], [-35.9655067995991, 66.2750666000436]], [[-27.97845279925724, 72.22352989948536], [-27.72143269995911, 72.1821368000733], [-27.97845279925724, 72.22352989948536]], [[-27.91227369987132, 72.68041439950497], [-27.91227369987132, 72.68041439950497]], [[-24.681785299451974, 74.4475465996959], [-24.681785299451974, 74.4475465996959]], [[-22.236158599539692, 74.51625810003134], [-22.236158599539692, 74.51625810003134]]], [[[-50.214391899566465, 65.2650227000376], [-50.214391899566465, 65.2650227000376]]], [[[-52.11232129938844, 65.30209350031487], [-52.11232129938844, 65.30209350031487]]], [[[-52.11097589921832, 65.31952610004953], [-52.11097589921832, 65.31952610004953]]], [[[-52.02381059917974, 65.363099200168], [-52.02381059917974, 65.363099200168]]], [[[-52.082553099346, 65.38163379946036], [-52.082553099346, 65.38163379946036]]], [[[-52.01842059973086, 65.43283670015364], [-52.01842059973086, 65.43283670015364]]], [[[-52.35390739920706, 65.45653730025623], [-52.35390739920706, 65.45653730025623]]], [[[-52.03151189945453, 65.46436450022156], [-52.03151189945453, 65.46436450022156]]], [[[-52.58834099923769, 65.50394669958058], [-52.58834099923769, 65.50394669958058]]], [[[-52.47661679962556, 65.58069729994048], [-52.47661679962556, 65.58069729994048]]], [[[-52.95331289937076, 65.60644879947256], [-52.95331289937076, 65.60644879947256]]], [[[-37.75286219943092, 65.61375759963357], [-37.75286219943092, 65.61375759963357]]], [[[-52.61989219966523, 65.61261849944424], [-52.61989219966523, 65.61261849944424]]], [[[-37.77129929962291, 65.61057680007934], [-37.77129929962291, 65.61057680007934]]], [[[-52.95912250000333, 65.61868360016808], [-52.95912250000333, 65.61868360016808]]], [[[-52.55324749967235, 65.62479120015382], [-52.55324749967235, 65.62479120015382]]], [[[-51.80456859986094, 65.63400650009993], [-51.80456859986094, 65.63400650009993]]], [[[-52.955248899617004, 65.6260038999601], [-52.955248899617004, 65.6260038999601]]], [[[-37.817221399248126, 65.64882219948498], [-37.817221399248126, 65.64882219948498]]], [[[-51.52314709925918, 65.67343170031279], [-51.52314709925918, 65.67343170031279]]], [[[-52.49859789957338, 65.67174369981194], [-52.49859789957338, 65.67174369981194]]], [[[-37.05578799941662, 65.67477199952822], [-37.05578799941662, 65.67477199952822]]], [[[-52.63245699939097, 65.68164879955253], [-52.63245699939097, 65.68164879955253]]], [[[-37.45884369977688, 65.68865169981615], [-37.45884369977688, 65.68865169981615]]], [[[-37.6529238994184, 65.70610459994737], [-37.6529238994184, 65.70610459994737]]], [[[-52.94047439997354, 65.69990329959768], [-52.94047439997354, 65.69990329959768]]], [[[-51.2886327994641, 65.71110570016799], [-51.2886327994641, 65.71110570016799]]], [[[-37.674165899636535, 65.73206979998133], [-37.674165899636535, 65.73206979998133]]], [[[-37.511902399176336, 65.72263599985155], [-37.511902399176336, 65.72263599985155]]], [[[-38.21501759988229, 65.74379769960422], [-38.21501759988229, 65.74379769960422]]], [[[-36.990379899612606, 65.74448519983218], [-36.990379899612606, 65.74448519983218]]], [[[-51.72811089969821, 65.750812700246], [-51.72811089969821, 65.750812700246]]], [[[-52.55858339950424, 65.73494690027928], [-52.55858339950424, 65.73494690027928]]], [[[-37.767726299429114, 65.75142659995765], [-37.767726299429114, 65.75142659995765]]], [[[-52.8467993995726, 65.7631219000557], [-52.8467993995726, 65.7631219000557]]], [[[-37.51585449958543, 65.7648830001504], [-37.51585449958543, 65.7648830001504]]], [[[-36.852254800018954, 65.77747719961314], [-36.852254800018954, 65.77747719961314]]], [[[-37.55390549973896, 65.78398759964807], [-37.55390549973896, 65.78398759964807]]], [[[-52.49927949934937, 65.79709590015574], [-52.49927949934937, 65.79709590015574]]], [[[-50.724632899588585, 65.80284060031352], [-50.724632899588585, 65.80284060031352]]], [[[-38.212810499904606, 65.79600979971252], [-38.212810499904606, 65.79600979971252]]], [[[-52.72127229997665, 65.82600269986477], [-52.72127229997665, 65.82600269986477]]], [[[-52.59218069967949, 65.82949860028026], [-52.59218069967949, 65.82949860028026]]], [[[-37.57213939991334, 65.83512500001876], [-37.57213939991334, 65.83512500001876]]], [[[-52.612159299911696, 65.84397280010472], [-52.612159299911696, 65.84397280010472]]], [[[-37.65805619993364, 65.84179910004849], [-37.65805619993364, 65.84179910004849]]], [[[-52.45473389934995, 65.8452297996156], [-52.45473389934995, 65.8452297996156]]], [[[-52.32366849940166, 65.85055069965512], [-52.32366849940166, 65.85055069965512]]], [[[-37.35692749920469, 65.84424239976698], [-37.35692749920469, 65.84424239976698]]], [[[-52.48618939932129, 65.82309800027252], [-52.48618939932129, 65.82309800027252]]], [[[-37.20707919984517, 65.86009460018573], [-37.20707919984517, 65.86009460018573]]], [[[-36.288588099860874, 65.85764590003834], [-36.288588099860874, 65.85764590003834]]], [[[-36.23122839997063, 65.86628799999124], [-36.23122839997063, 65.86628799999124]]], [[[-52.34066109953005, 65.86880019946966], [-52.34066109953005, 65.86880019946966]]], [[[-52.51158820003536, 65.86683019945417], [-52.51158820003536, 65.86683019945417]]], [[[-52.5883576996481, 65.87813839986734], [-52.5883576996481, 65.87813839986734]]], [[[-37.30849049943697, 65.88084820018435], [-37.30849049943697, 65.88084820018435]]], [[[-36.56066759953006, 65.89750370023563], [-36.56066759953006, 65.89750370023563]]], [[[-52.66493489992564, 65.90197969980335], [-52.66493489992564, 65.90197969980335]]], [[[-37.1745017992186, 65.90424560015435], [-37.1745017992186, 65.90424560015435]]], [[[-37.520674599553104, 65.91885639980308], [-37.520674599553104, 65.91885639980308]]], [[[-52.45312859960512, 65.92336619949054], [-52.45312859960512, 65.92336619949054]]], [[[-37.00708059958998, 65.92606309993215], [-37.00708059958998, 65.92606309993215]]], [[[-53.08817089956733, 65.92668369959313], [-53.08817089956733, 65.92668369959313]]], [[[-36.554168499476646, 65.92618150017614], [-36.554168499476646, 65.92618150017614]]], [[[-36.988376099477364, 65.93643119944034], [-36.988376099477364, 65.93643119944034]]], [[[-37.525947499177676, 65.93641259966182], [-37.525947499177676, 65.93641259966182]]], [[[-52.451746399176955, 65.94612869967978], [-52.451746399176955, 65.94612869967978]]], [[[-37.420620099937594, 65.94894899969665], [-37.420620099937594, 65.94894899969665]]], [[[-52.97649169933243, 65.95152489995422], [-52.97649169933243, 65.95152489995422]]], [[[-52.499631099195824, 65.95406149983842], [-52.499631099195824, 65.95406149983842]]], [[[-37.26009429921248, 65.94666420009281], [-37.26009429921248, 65.94666420009281]]], [[[-52.121195299423505, 65.95719579994625], [-52.121195299423505, 65.95719579994625]]], [[[-37.023413999356535, 65.96225240002832], [-37.023413999356535, 65.96225240002832]]], [[[-37.28253479984107, 65.98262489971938], [-37.28253479984107, 65.98262489971938]]], [[[-53.22407319971836, 65.97930829983824], [-53.22407319971836, 65.97930829983824]]], [[[-52.861080199291735, 65.97502969966098], [-52.861080199291735, 65.97502969966098]]], [[[-53.216671799963535, 65.98861220009303], [-53.216671799963535, 65.98861220009303]]], [[[-52.90423719928725, 65.99346839974692], [-52.90423719928725, 65.99346839974692]]], [[[-37.34715839944056, 66.00362839973093], [-37.34715839944056, 66.00362839973093]]], [[[-52.6676457992142, 66.00934079983807], [-52.6676457992142, 66.00934079983807]]], [[[-38.287568599211454, 66.01392499953914], [-38.287568599211454, 66.01392499953914]]], [[[-37.51809949969214, 66.0192497999384], [-37.51809949969214, 66.0192497999384]]], [[[-37.55537759999618, 66.02127250022573], [-37.55537759999618, 66.02127250022573]]], [[[-52.69450789941999, 66.02774819991953], [-52.69450789941999, 66.02774819991953]]], [[[-36.94442069935576, 66.02139050027142], [-36.94442069935576, 66.02139050027142]]], [[[-52.09730649999494, 66.02514799998028], [-52.09730649999494, 66.02514799998028]]], [[[-37.27493199961202, 66.03278520017687], [-37.27493199961202, 66.03278520017687]]], [[[-37.30374899931684, 66.03408029946632], [-37.30374899931684, 66.03408029946632]]], [[[-37.22784379945176, 66.04633050015252], [-37.22784379945176, 66.04633050015252]]], [[[-36.28761139924666, 66.053187099605], [-36.28761139924666, 66.053187099605]]], [[[-52.05305539918726, 66.05555479961436], [-52.05305539918726, 66.05555479961436]]], [[[-37.326066800042724, 66.05529039983213], [-37.326066800042724, 66.05529039983213]]], [[[-53.08392859962515, 66.06136810005785], [-53.08392859962515, 66.06136810005785]]], [[[-53.285924899914164, 66.06286429944794], [-53.285924899914164, 66.06286429944794]]], [[[-37.42826119959466, 66.06967419980452], [-37.42826119959466, 66.06967419980452]]], [[[-37.13398179942044, 66.07139160004238], [-37.13398179942044, 66.07139160004238]]], [[[-53.212570600053084, 66.07370009948005], [-53.212570600053084, 66.07370009948005]]], [[[-53.27183809924884, 66.0840712000259], [-53.27183809924884, 66.0840712000259]]], [[[-36.240710799463784, 66.08773999960135], [-36.240710799463784, 66.08773999960135]]], [[[-37.40925419992135, 66.09150069999737], [-37.40925419992135, 66.09150069999737]]], [[[-52.46745249933332, 66.08511700004959], [-52.46745249933332, 66.08511700004959]]], [[[-37.276280899943515, 66.07802419995693], [-37.276280899943515, 66.07802419995693]]], [[[-37.301019399525615, 66.10299599986558], [-37.301019399525615, 66.10299599986558]]], [[[-53.2179150992024, 66.1106377002697], [-53.2179150992024, 66.1106377002697]]], [[[-53.17802169934191, 66.11291799966602], [-53.17802169934191, 66.11291799966602]]], [[[-36.19027619948696, 66.11737390028532], [-36.19027619948696, 66.11737390028532]]], [[[-37.45415619944902, 66.13983690015289], [-37.45415619944902, 66.13983690015289]]], [[[-37.157587399638714, 66.13916129975422], [-37.157587399638714, 66.13916129975422]]], [[[-37.060607999559465, 66.14691359968293], [-37.060607999559465, 66.14691359968293]]], [[[-37.08904169921499, 66.1505065998997], [-37.08904169921499, 66.1505065998997]]], [[[-37.14146639995437, 66.15702400025748], [-37.14146639995437, 66.15702400025748]]], [[[-35.73492949969659, 66.15841509947734], [-35.73492949969659, 66.15841509947734]]], [[[-35.773832299920684, 66.17844589995838], [-35.773832299920684, 66.17844589995838]]], [[[-35.79001310002451, 66.17520119997545], [-35.79001310002451, 66.17520119997545]]], [[[-37.0315421997127, 66.18699960015147], [-37.0315421997127, 66.18699960015147]]], [[[-37.13791219918858, 66.1848197001691], [-37.13791219918858, 66.1848197001691]]], [[[-37.16812309950137, 66.18507599975766], [-37.16812309950137, 66.18507599975766]]], [[[-37.05308109941319, 66.20396360004014], [-37.05308109941319, 66.20396360004014]]], [[[-37.38065130001746, 66.20041450022904], [-37.38065130001746, 66.20041450022904]]], [[[-35.70796179929755, 66.2098204996164], [-35.70796179929755, 66.2098204996164]]], [[[-53.06955219927454, 66.20405180015052], [-53.06955219927454, 66.20405180015052]]], [[[-37.33158719938967, 66.21852349985971], [-37.33158719938967, 66.21852349985971]]], [[[-35.802101799558386, 66.22238959990017], [-35.802101799558386, 66.22238959990017]]], [[[-37.165584399700265, 66.2224643002873], [-37.165584399700265, 66.2224643002873]]], [[[-53.042919999957974, 66.22361469955877], [-53.042919999957974, 66.22361469955877]]], [[[-37.24235099989869, 66.23065189996527], [-37.24235099989869, 66.23065189996527]]], [[[-53.30163379966007, 66.22819530017301], [-53.30163379966007, 66.22819530017301]]], [[[-53.24409359953995, 66.23530029956925], [-53.24409359953995, 66.23530029956925]]], [[[-52.959432199536366, 66.23415350028387], [-52.959432199536366, 66.23415350028387]]], [[[-37.06018309957034, 66.24057839997323], [-37.06018309957034, 66.24057839997323]]], [[[-53.207152999511266, 66.24491669984587], [-53.207152999511266, 66.24491669984587]]], [[[-52.98022989959014, 66.24919580004621], [-52.98022989959014, 66.24919580004621]]], [[[-35.66033779924999, 66.26148819962077], [-35.66033779924999, 66.26148819962077]]], [[[-37.24933249989493, 66.25407339996747], [-37.24933249989493, 66.25407339996747]]], [[[-35.713752099579665, 66.25859429998701], [-35.713752099579665, 66.25859429998701]]], [[[-52.854472099607676, 66.26807449973842], [-52.854472099607676, 66.26807449973842]]], [[[-53.57789959938697, 66.28893660024397], [-53.57789959938697, 66.28893660024397]]], [[[-36.891240699398736, 66.2866989997591], [-36.891240699398736, 66.2866989997591]]], [[[-35.28497419959956, 66.2864389994603], [-35.28497419959956, 66.2864389994603]]], [[[-37.12223839998211, 66.29029860010036], [-37.12223839998211, 66.29029860010036]]], [[[-37.07042859989991, 66.27015989985955], [-37.07042859989991, 66.27015989985955]]], [[[-35.326481999444695, 66.29569819981214], [-35.326481999444695, 66.29569819981214]]], [[[-37.05514079960818, 66.30349419959771], [-36.956280599669924, 66.07272940004185], [-36.71605789995209, 65.96395080028924], [-36.668008699541815, 66.21404179948951], [-36.431779299974664, 66.10920409998926], [-36.63998399986167, 66.2494697002665], [-36.89821789973627, 66.26437669972495], [-37.05514079960818, 66.30349419959771]], [[-36.98198219941895, 66.22323710031196], [-36.98198219941895, 66.22323710031196]], [[-36.80198689927596, 66.24219380000392], [-36.80198689927596, 66.24219380000392]], [[-36.838777599406626, 66.20774209981812], [-36.838777599406626, 66.20774209981812]], [[-36.62890049955837, 66.0151329994884], [-36.62890049955837, 66.0151329994884]]], [[[-36.872473199978174, 66.30334529974584], [-36.872473199978174, 66.30334529974584]]], [[[-53.43585219931953, 66.30503719970704], [-53.43585219931953, 66.30503719970704]]], [[[-36.933431399439485, 66.29709430016186], [-36.933431399439485, 66.29709430016186]]], [[[-36.98896679937826, 66.30935370001328], [-36.98896679937826, 66.30935370001328]]], [[[-53.409624299222, 66.31438000013696], [-53.409624299222, 66.31438000013696]]], [[[-52.60194099957744, 66.31746760024959], [-52.60194099957744, 66.31746760024959]]], [[[-53.38520999984155, 66.32070150027408], [-53.38520999984155, 66.32070150027408]]], [[[-35.58467659984518, 66.32854150029004], [-35.58467659984518, 66.32854150029004]]], [[[-36.87553239950057, 66.3308967995477], [-36.87553239950057, 66.3308967995477]]], [[[-36.74784409952554, 66.33076090029539], [-36.74784409952554, 66.33076090029539]]], [[[-52.93432669921776, 66.334451699986], [-52.93432669921776, 66.334451699986]]], [[[-35.36989309928708, 66.32683540003376], [-35.36989309928708, 66.32683540003376]]], [[[-35.02225219977913, 66.33807469978763], [-35.02225219977913, 66.33807469978763]]], [[[-35.561745699804135, 66.33821229965798], [-35.561745699804135, 66.33821229965798]]], [[[-37.358650299871385, 66.34298640020228], [-37.358650299871385, 66.34298640020228]]], [[[-52.99756659921911, 66.34493709986731], [-52.99756659921911, 66.34493709986731]]], [[[-36.852182999945455, 66.34040449966795], [-36.852182999945455, 66.34040449966795]]], [[[-35.555166400009284, 66.34702550012679], [-35.555166400009284, 66.34702550012679]]], [[[-35.29291189926471, 66.35076709982184], [-35.29291189926471, 66.35076709982184]]], [[[-35.08256519952431, 66.35267029999443], [-35.08256519952431, 66.35267029999443]]], [[[-37.39355209994943, 66.35317429985412], [-37.39355209994943, 66.35317429985412]]], [[[-50.026245099431776, 66.35651309949998], [-50.026245099431776, 66.35651309949998]]], [[[-35.39187039959921, 66.3513021002118], [-35.39187039959921, 66.3513021002118]]], [[[-34.93728359995811, 66.36084380010135], [-34.93728359995811, 66.36084380010135]]], [[[-37.25093529952443, 66.3630067001991], [-37.25093529952443, 66.3630067001991]]], [[[-35.62921589919432, 66.37139459958115], [-35.62921589919432, 66.37139459958115]]], [[[-49.74003519996444, 66.37274440013402], [-49.74003519996444, 66.37274440013402]]], [[[-52.925688599449245, 66.36230329995738], [-52.925688599449245, 66.36230329995738]]], [[[-52.96139149941814, 66.36979239979945], [-52.96139149941814, 66.36979239979945]]], [[[-34.80514069978341, 66.37676600015084], [-34.80514069978341, 66.37676600015084]]], [[[-50.06263729917197, 66.37660750003613], [-50.06263729917197, 66.37660750003613]]], [[[-35.57358179956037, 66.39271449997426], [-35.57358179956037, 66.39271449997426]]], [[[-36.74578249996239, 66.38245020021662], [-36.74578249996239, 66.38245020021662]]], [[[-37.369329199682795, 66.40353059945767], [-37.369329199682795, 66.40353059945767]]], [[[-52.71849909925396, 66.38626369980994], [-52.71849909925396, 66.38626369980994]]], [[[-35.68925609948934, 66.4107560000894], [-35.68925609948934, 66.4107560000894]]], [[[-52.66620679940422, 66.41130179953848], [-52.66620679940422, 66.41130179953848]]], [[[-37.06526689964767, 66.40940779943048], [-37.06526689964767, 66.40940779943048]]], [[[-49.87896729990092, 66.41626399958398], [-49.87896729990092, 66.41626399958398]]], [[[-37.3423714997449, 66.4088472996632], [-37.3423714997449, 66.4088472996632]]], [[[-35.21038669988627, 66.40371080021333], [-35.21038669988627, 66.40371080021333]]], [[[-35.42727469946777, 66.41441530012605], [-35.42727469946777, 66.41441530012605]]], [[[-52.23833940004323, 66.42113560012791], [-52.45968499996275, 66.30087220009204], [-52.68611219931853, 66.19183939976853], [-52.95511149939614, 66.1239141002556], [-52.6981973995903, 66.0463778998203], [-52.424322999706646, 66.06644919947104], [-52.17055999934445, 65.9956999999551], [-51.921811599825446, 66.06524769982155], [-51.68047989932785, 66.15101369972251], [-51.423914399230114, 66.22238569954044], [-51.64654629947211, 66.34204530015052], [-51.90171959957979, 66.38591610014794], [-52.16418879997309, 66.39793399965441], [-52.23833940004323, 66.42113560012791]], [[-51.51659829997152, 66.29004669999529], [-51.51659829997152, 66.29004669999529]], [[-52.53250429943381, 66.20927689990907], [-52.53250429943381, 66.20927689990907]], [[-52.714707799425355, 66.1741040999243], [-52.714707799425355, 66.1741040999243]], [[-51.760624999743925, 66.15911539975593], [-51.760624999743925, 66.15911539975593]], [[-51.78058599934434, 66.15510769966068], [-51.78058599934434, 66.15510769966068]], [[-52.02484189943408, 66.12033549998341], [-52.02484189943408, 66.12033549998341]], [[-52.10816429924296, 66.10795409990186], [-52.37269499937469, 66.06324210014287], [-52.10816429924296, 66.10795409990186]], [[-52.06145899983295, 66.0951180997206], [-52.06145899983295, 66.0951180997206]], [[-52.16201779968168, 66.06932619994421], [-52.410802899634064, 66.0174215996272], [-52.16413289991334, 66.08079849965111], [-52.16201779968168, 66.06932619994421]], [[-52.304647399258045, 66.01243190011218], [-52.304647399258045, 66.01243190011218]], [[-52.28323229933113, 65.98667689951935], [-52.28323229933113, 65.98667689951935]], [[-52.38017289995935, 66.09735160019625], [-52.38017289995935, 66.09735160019625]], [[-52.54836309997705, 66.12133009980431], [-52.54836309997705, 66.12133009980431]], [[-52.81151979969894, 66.1110689000098], [-52.81151979969894, 66.1110689000098]], [[-52.69430749989118, 66.13417530005012], [-52.69430749989118, 66.13417530005012]], [[-52.60692869989953, 66.15609439983672], [-52.60692869989953, 66.15609439983672]]], [[[-37.3104650994847, 66.41296439958745], [-37.3104650994847, 66.41296439958745]]], [[[-35.02525289930179, 66.41658659989173], [-35.02525289930179, 66.41658659989173]]], [[[-34.74996319944205, 66.42757739987718], [-34.74996319944205, 66.42757739987718]]], [[[-49.66438309990008, 66.42711850011875], [-49.66438309990008, 66.42711850011875]]], [[[-53.41329359971979, 66.42965300008592], [-53.41329359971979, 66.42965300008592]]], [[[-37.22016079948128, 66.42619809976253], [-37.22016079948128, 66.42619809976253]]], [[[-52.964110099601385, 66.4304222001245], [-52.964110099601385, 66.4304222001245]]], [[[-35.549417099819266, 66.43186830008204], [-35.549417099819266, 66.43186830008204]]], [[[-53.15185589923033, 66.43127689960926], [-53.15185589923033, 66.43127689960926]]], [[[-35.71324330003824, 66.43268930017115], [-35.71324330003824, 66.43268930017115]]], [[[-35.040748699292976, 66.4356811000028], [-35.040748699292976, 66.4356811000028]]], [[[-53.161238299507886, 66.41113959961291], [-53.161238299507886, 66.41113959961291]]], [[[-37.240359999814075, 66.44224730027275], [-37.240359999814075, 66.44224730027275]]], [[[-52.80326129926948, 66.43830690004347], [-52.80326129926948, 66.43830690004347]]], [[[-52.548898499665995, 66.44477959959892], [-52.548898499665995, 66.44477959959892]]], [[[-49.60910809955908, 66.4530546997147], [-49.60910809955908, 66.4530546997147]]], [[[-49.71107479976217, 66.45188650016189], [-49.71107479976217, 66.45188650016189]]], [[[-52.987145199591225, 66.45838029961118], [-52.987145199591225, 66.45838029961118]]], [[[-37.24751919955139, 66.45680520000002], [-37.24751919955139, 66.45680520000002]]], [[[-52.880821099713955, 66.45659129984864], [-52.880821099713955, 66.45659129984864]]], [[[-53.29636509986943, 66.47466369976996], [-53.29636509986943, 66.47466369976996]]], [[[-52.92731789940149, 66.47473149965901], [-52.92731789940149, 66.47473149965901]]], [[[-35.83207569973371, 66.47797189998323], [-35.83207569973371, 66.47797189998323]]], [[[-36.840013399198995, 66.4872240001875], [-36.840013399198995, 66.4872240001875]]], [[[-35.744163899444345, 66.487067399441], [-35.744163899444345, 66.487067399441]]], [[[-50.55839539932816, 66.5001215994323], [-50.55839539932816, 66.5001215994323]]], [[[-52.73256739996549, 66.50316229990028], [-52.73256739996549, 66.50316229990028]]], [[[-52.66738210000386, 66.50470630005577], [-52.66738210000386, 66.50470630005577]]], [[[-50.73966979982134, 66.51599680001237], [-50.73966979982134, 66.51599680001237]]], [[[-50.12683869944635, 66.52064800010515], [-50.12683869944635, 66.52064800010515]]], [[[-49.68360899995537, 66.53664679990993], [-49.68360899995537, 66.53664679990993]]], [[[-50.30914309977419, 66.54348080029877], [-50.30914309977419, 66.54348080029877]]], [[[-36.18362919962783, 66.55004799971545], [-36.18362919962783, 66.55004799971545]]], [[[-36.14269619966984, 66.52674890014168], [-36.14269619966984, 66.52674890014168]]], [[[-50.51273349965123, 66.55618699953044], [-50.51273349965123, 66.55618699953044]]], [[[-50.153617899246626, 66.57202649972322], [-50.153617899246626, 66.57202649972322]]], [[[-50.0526809992287, 66.57966949964776], [-50.0526809992287, 66.57966949964776]]], [[[-49.94865419953163, 66.58226210031575], [-49.94865419953163, 66.58226210031575]]], [[[-36.00263550002825, 66.58392919967287], [-36.00263550002825, 66.58392919967287]]], [[[-52.34779359929513, 66.57871430002496], [-52.34779359929513, 66.57871430002496]]], [[[-51.57480239941117, 66.60776469988105], [-51.57480239941117, 66.60776469988105]]], [[[-51.355075799508484, 66.60926400013358], [-51.355075799508484, 66.60926400013358]]], [[[-49.982299799596035, 66.61444289991994], [-49.982299799596035, 66.61444289991994]]], [[[-52.62279509971404, 66.61566929999827], [-52.62279509971404, 66.61566929999827]]], [[[-50.0825499997826, 66.63528349943402], [-50.0825499997826, 66.63528349943402]]], [[[-49.74540709965788, 66.62738519996708], [-49.74540709965788, 66.62738519996708]]], [[[-52.21973419947369, 66.63147080023731], [-52.21973419947369, 66.63147080023731]]], [[[-50.24974819991945, 66.63909549985749], [-50.24974819991945, 66.63909549985749]]], [[[-51.16470339944232, 66.66086750023499], [-51.16470339944232, 66.66086750023499]]], [[[-51.522789000012324, 66.66433569973282], [-51.522789000012324, 66.66433569973282]]], [[[-52.12669369955455, 66.66671550012029], [-52.12669369955455, 66.66671550012029]]], [[[-52.40512849948061, 66.6657636001101], [-52.40512849948061, 66.6657636001101]]], [[[-49.939727799598245, 66.67500910018987], [-49.939727799598245, 66.67500910018987]]], [[[-34.63109169992197, 66.67562509981855], [-34.63109169992197, 66.67562509981855]]], [[[-52.42916109960504, 66.68071779958683], [-52.42916109960504, 66.68071779958683]]], [[[-52.31758119981248, 66.68275630006326], [-52.31758119981248, 66.68275630006326]]], [[[-52.643394499256715, 66.68289220021495], [-52.643394499256715, 66.68289220021495]]], [[[-52.58880619964634, 66.70014469991804], [-52.58880619964634, 66.70014469991804]]], [[[-34.229355499256826, 66.69786110000979], [-34.229355499256826, 66.69786110000979]]], [[[-52.01614379959665, 66.70231739992812], [-52.01614379959665, 66.70231739992812]]], [[[-50.879058799424, 66.70652639977357], [-50.879058799424, 66.70652639977357]]], [[[-52.184715299571394, 66.70842700000611], [-52.184715299571394, 66.70842700000611]]], [[[-50.169067399440905, 66.71154909991111], [-50.169067399440905, 66.71154909991111]]], [[[-52.251319899693556, 66.71005599958477], [-52.251319899693556, 66.71005599958477]]], [[[-51.25328060001965, 66.71697799953512], [-51.25328060001965, 66.71697799953512]]], [[[-52.44323729996137, 66.72349099951009], [-52.44323729996137, 66.72349099951009]]], [[[-50.40458679954111, 66.72864599981312], [-50.40458679954111, 66.72864599981312]]], [[[-51.87847139983518, 66.71629939989742], [-51.87847139983518, 66.71629939989742]]], [[[-51.10839839926666, 66.73203680005832], [-51.10839839926666, 66.73203680005832]]], [[[-52.05013279948906, 66.73339300018688], [-52.05013279948906, 66.73339300018688]]], [[[-52.14420319941809, 66.73556270005861], [-52.14420319941809, 66.73556270005861]]], [[[-50.19893649981958, 66.73746109965009], [-50.19893649981958, 66.73746109965009]]], [[[-51.28280639949571, 66.74505319974543], [-51.28280639949571, 66.74505319974543]]], [[[-52.09234179983417, 66.74801690025981], [-52.09234179983417, 66.74801690025981]]], [[[-51.18049619963983, 66.75291400018102], [-51.18049619963983, 66.75291400018102]]], [[[-52.30934139988568, 66.76280410012919], [-52.30934139988568, 66.76280410012919]]], [[[-50.7273101993062, 66.76822159994691], [-50.7273101993062, 66.76822159994691]]], [[[-50.977249099766084, 66.77634580011863], [-50.71975709921071, 66.70448979956467], [-50.968322799657415, 66.77120080027674], [-50.977249099766084, 66.77634580011863]]], [[[-52.55687709959841, 66.78270779942545], [-52.55687709959841, 66.78270779942545]]], [[[-52.44289399995807, 66.79055649948293], [-52.44289399995807, 66.79055649948293]]], [[[-50.091819799544055, 66.79163890011523], [-50.091819799544055, 66.79163890011523]]], [[[-52.02438349969873, 66.80638159973108], [-52.287712099433804, 66.7843318994976], [-52.00996399933905, 66.78960940005385], [-52.02438349969873, 66.80638159973108]]], [[[-50.109329199582874, 66.80827459979298], [-50.109329199582874, 66.80827459979298]]], [[[-51.67694089980262, 66.80807179997362], [-51.67694089980262, 66.80807179997362]]], [[[-51.80843349930649, 66.81915599994949], [-51.80843349930649, 66.81915599994949]]], [[[-51.88739779976862, 66.82192629945922], [-51.88739779976862, 66.82192629945922]]], [[[-52.598419199586374, 66.82881689958032], [-52.598419199586374, 66.82881689958032]]], [[[-33.97806239965996, 66.83088970019958], [-33.97806239965996, 66.83088970019958]]], [[[-52.99255369989328, 66.8330718997484], [-52.99255369989328, 66.8330718997484]]], [[[-52.63412479931998, 66.8385414999903], [-52.63412479931998, 66.8385414999903]]], [[[-52.123947099878706, 66.84853219990117], [-52.123947099878706, 66.84853219990117]]], [[[-51.918640099261154, 66.85501049953496], [-51.918640099261154, 66.85501049953496]]], [[[-50.07087709999814, 66.85635989988953], [-50.07087709999814, 66.85635989988953]]], [[[-51.56089779959376, 66.8606775998914], [-51.56089779959376, 66.8606775998914]]], [[[-53.30600739972169, 66.87908650004198], [-53.30600739972169, 66.87908650004198]]], [[[-52.070045499200376, 66.87699680026219], [-52.070045499200376, 66.87699680026219]]], [[[-53.18241119941729, 66.88582630004379], [-53.18241119941729, 66.88582630004379]]], [[[-50.839233400001376, 66.88831949954533], [-50.839233400001376, 66.88831949954533]]], [[[-51.69445039966615, 66.8961345002071], [-51.69445039966615, 66.8961345002071]], [[-51.67282099938956, 66.88737619975188], [-51.67282099938956, 66.88737619975188]]], [[[-50.211639399438695, 66.90327360009661], [-50.211639399438695, 66.90327360009661]]], [[[-50.01319889980931, 66.90300420008384], [-50.01319889980931, 66.90300420008384]]], [[[-50.75820919969476, 66.90987199969311], [-50.75820919969476, 66.90987199969311]]], [[[-51.72466280004812, 66.91168969952008], [-51.72466280004812, 66.91168969952008]]], [[[-34.14401269962633, 66.91552539977744], [-34.14401269962633, 66.91552539977744]]], [[[-52.78854089924306, 66.91614710020855], [-52.78854089924306, 66.91614710020855]]], [[[-50.447158799538954, 66.9160648994756], [-50.447158799538954, 66.9160648994756]]], [[[-52.04360959940345, 66.93611350023792], [-52.04360959940345, 66.93611350023792]]], [[[-52.07931520003643, 66.93644970009365], [-52.07931520003643, 66.93644970009365]]], [[[-50.126675299825195, 66.92831379974211], [-50.126675299825195, 66.92831379974211]]], [[[-52.435684199865875, 66.93826539982837], [-52.435684199865875, 66.93826539982837]]], [[[-49.99586929942859, 66.9379316002632], [-49.99586929942859, 66.9379316002632]]], [[[-50.50895689924147, 66.93382690019132], [-50.50895689924147, 66.93382690019132]]], [[[-51.43129349939545, 66.94095499957365], [-51.43129349939545, 66.94095499957365]]], [[[-51.684291199179484, 66.94141999943349], [-51.402872799440104, 66.89834459942381], [-51.66849839988123, 66.93261059949964], [-51.684291199179484, 66.94141999943349]]], [[[-51.53583529945945, 66.94599719971103], [-51.53583529945945, 66.94599719971103]]], [[[-50.20683289991837, 66.95681759975247], [-50.20683289991837, 66.95681759975247]]], [[[-51.550426499283446, 66.95762389952341], [-51.550426499283446, 66.95762389952341]]], [[[-52.21578599942427, 66.95910200005733], [-52.21578599942427, 66.95910200005733]]], [[[-50.350341799934085, 66.96259539945817], [-50.350341799934085, 66.96259539945817]]], [[[-52.61215209993941, 66.96743169981318], [-52.61215209993941, 66.96743169981318]]], [[[-34.065025399902254, 66.95807629988138], [-34.065025399902254, 66.95807629988138]]], [[[-33.944281600015756, 66.9675011994209], [-33.944281600015756, 66.9675011994209]]], [[[-34.03803809967849, 66.96661770004687], [-34.03803809967849, 66.96661770004687]]], [[[-52.804412799311194, 66.9706552999022], [-52.804412799311194, 66.9706552999022]]], [[[-51.344089499730615, 66.97213260003952], [-51.344089499730615, 66.97213260003952]]], [[[-52.97045879973376, 66.97503629958561], [-52.97045879973376, 66.97503629958561]]], [[[-51.11454709916927, 66.95446000002903], [-51.11454709916927, 66.95446000002903]]], [[[-51.291701599249336, 66.96729169965226], [-51.291701599249336, 66.96729169965226]]], [[[-52.882690399941964, 66.98032360005413], [-52.882690399941964, 66.98032360005413]]], [[[-51.52502059932118, 66.97683269986925], [-51.52502059932118, 66.97683269986925]]], [[[-50.67898989916449, 66.9838184995242], [-50.67898989916449, 66.9838184995242]]], [[[-51.6058730992641, 66.98629720015572], [-51.6058730992641, 66.98629720015572]]], [[[-51.02459649982859, 66.99105599963474], [-51.02459649982859, 66.99105599963474]]], [[[-51.3806533998345, 66.99595929948214], [-51.3806533998345, 66.99595929948214]]], [[[-51.095492699828185, 66.99407520001051], [-51.095492699828185, 66.99407520001051]]], [[[-50.874907799555274, 67.00775769965816], [-50.874907799555274, 67.00775769965816]]], [[[-33.902035299389524, 67.00784920028042], [-33.902035299389524, 67.00784920028042]]], [[[-51.05532389967817, 67.00997029988946], [-51.05532389967817, 67.00997029988946]]], [[[-33.817820999639366, 67.00689790011808], [-33.817820999639366, 67.00689790011808]]], [[[-51.61047679986439, 67.02357679962967], [-51.87071549992032, 67.00641660004612], [-52.13387239929176, 67.00769070016571], [-51.874663699969744, 66.98488219965384], [-51.61837319996317, 67.01137820024383], [-51.61047679986439, 67.02357679962967]]], [[[-52.41659859944576, 67.02900389971023], [-52.41659859944576, 67.02900389971023]]], [[[-51.15646359951546, 67.03101930020063], [-51.15646359951546, 67.03101930020063]]], [[[-50.92300419998378, 67.0290095996134], [-50.92300419998378, 67.0290095996134]]], [[[-53.07457669985479, 67.0190869001404], [-53.07457669985479, 67.0190869001404]]], [[[-51.00128169989051, 67.0347702996097], [-51.00128169989051, 67.0347702996097]]], [[[-52.33317119929137, 67.03295619976888], [-52.33317119929137, 67.03295619976888]]], [[[-33.99039339993544, 67.03259139967344], [-33.99039339993544, 67.03259139967344]]], [[[-52.92351469974358, 67.0373096999827], [-52.92351469974358, 67.0373096999827]]], [[[-52.995955799220724, 67.05023159980851], [-52.995955799220724, 67.05023159980851]]], [[[-52.243907299781995, 67.0498298996302], [-52.243907299781995, 67.0498298996302]]], [[[-50.73760989997686, 67.05197739973727], [-50.73760989997686, 67.05197739973727]]], [[[-52.629802099986875, 67.05759329989093], [-52.629802099986875, 67.05759329989093]]], [[[-51.2989425995213, 67.05217819946438], [-51.2989425995213, 67.05217819946438]]], [[[-52.499556999555864, 67.05720809957421], [-52.499556999555864, 67.05720809957421]]], [[[-51.02737429968414, 67.06208180003512], [-51.02737429968414, 67.06208180003512]]], [[[-51.37413849959205, 67.06910459959767], [-51.37413849959205, 67.06910459959767]]], [[[-50.92025759940867, 67.09083259974472], [-50.92025759940867, 67.09083259974472]]], [[[-50.56106899923486, 67.09089390023337], [-50.56106899923486, 67.09089390023337]]], [[[-50.7815551998126, 67.09337179956896], [-50.7815551998126, 67.09337179956896]]], [[[-51.13586429979756, 67.10018599958426], [-51.13586429979756, 67.10018599958426]], [[-51.182899499312384, 67.07947010006512], [-51.182899499312384, 67.07947010006512]]], [[[-52.61833189929769, 67.10072040012642], [-52.61833189929769, 67.10072040012642]]], [[[-53.21052399938304, 67.09911969951457], [-53.21052399938304, 67.09911969951457]]], [[[-50.29726099969531, 67.10284109953716], [-50.29726099969531, 67.10284109953716]]], [[[-51.38872839989568, 67.10492639983352], [-51.38872839989568, 67.10492639983352]]], [[[-50.57693479920158, 67.10940229957652], [-50.57693479920158, 67.10940229957652]]], [[[-51.350097699449236, 67.11701299945042], [-51.350097699449236, 67.11701299945042]]], [[[-53.230568999259845, 67.12261289976556], [-53.230568999259845, 67.12261289976556]]], [[[-50.717697099541454, 67.12729039963227], [-50.717697099541454, 67.12729039963227]]], [[[-53.49917669944506, 67.13469500007426], [-53.49917669944506, 67.13469500007426]]], [[[-50.80696109977487, 67.12568910007195], [-50.80696109977487, 67.12568910007195]]], [[[-52.14454649942138, 67.14289839994126], [-52.14454649942138, 67.14289839994126]]], [[[-50.81451419987036, 67.14036449982189], [-50.81451419987036, 67.14036449982189]]], [[[-50.59135439938598, 67.14703220027587], [-50.59135439938598, 67.14703220027587]]], [[[-50.211639399438695, 67.14836550006783], [-50.211639399438695, 67.14836550006783]]], [[[-51.31645890005814, 67.15849449952157], [-51.31645890005814, 67.15849449952157]]], [[[-50.24871829990957, 67.15529749958], [-50.24871829990957, 67.15529749958]]], [[[-53.147735599518285, 67.16435950019081], [-52.864837599175814, 67.0569966995381], [-53.10241699984465, 67.14996540028307], [-53.147735599518285, 67.16435950019081]]], [[[-53.39733119997487, 67.16489249958926], [-53.39733119997487, 67.16489249958926]]], [[[-51.65719819983701, 67.16855450028999], [-51.65719819983701, 67.16855450028999]]], [[[-51.77615949936137, 67.16682260028284], [-51.77615949936137, 67.16682260028284]]], [[[-52.61766369942018, 67.174223199641], [-52.61766369942018, 67.174223199641]]], [[[-51.8698865992871, 67.18267129964084], [-51.8698865992871, 67.18267129964084]]], [[[-52.74179539923824, 67.18835029982654], [-52.74179539923824, 67.18835029982654]]], [[[-52.879563899654215, 67.18770689965373], [-52.879563899654215, 67.18770689965373]]], [[[-52.745954100001654, 67.19889359985979], [-52.745954100001654, 67.19889359985979]]], [[[-51.831262799338674, 67.19877569963887], [-51.831262799338674, 67.19877569963887]]], [[[-51.75053909939987, 67.20220149969953], [-51.75053909939987, 67.20220149969953]]], [[[-52.989967999723376, 67.19400579982783], [-52.989967999723376, 67.19400579982783]]], [[[-33.60805949954624, 67.21273339992655], [-33.85389629987429, 67.13892579948612], [-33.6022147992735, 67.12518489966345], [-33.60805949954624, 67.21273339992655]], [[-33.70936560004236, 67.14987010002517], [-33.70936560004236, 67.14987010002517]]], [[[-52.987738599256886, 67.21621589954418], [-52.987738599256886, 67.21621589954418]]], [[[-52.966188199925455, 67.21917569969884], [-52.966188199925455, 67.21917569969884]]], [[[-53.19792739962975, 67.21862039981164], [-53.19792739962975, 67.21862039981164]]], [[[-53.0953119995491, 67.22632430002648], [-53.0953119995491, 67.22632430002648]]], [[[-33.56525149945708, 67.25507059952861], [-33.56525149945708, 67.25507059952861]]], [[[-33.590104099624455, 67.27457349976726], [-33.590104099624455, 67.27457349976726]]], [[[-33.58283509985995, 67.2929707995628], [-33.58283509985995, 67.2929707995628]]], [[[-33.42101799948102, 67.29635849984493], [-33.42101799948102, 67.29635849984493]]], [[[-33.299880599609935, 67.30523989950183], [-33.299880599609935, 67.30523989950183]]], [[[-33.70726569925256, 67.35353509956525], [-33.70726569925256, 67.35353509956525]], [[-33.61160219978166, 67.33296249981959], [-33.61160219978166, 67.33296249981959]]], [[[-51.06211389983656, 67.42470919996964], [-51.31976169984256, 67.39812469979512], [-51.06211389983656, 67.42470919996964]]], [[[-53.0521922998347, 67.48671340000345], [-53.33588849975445, 67.40631629965753], [-53.58620509928585, 67.37636889980496], [-53.3210054996041, 67.39546819959781], [-53.068397199970775, 67.48021520017141], [-53.0521922998347, 67.48671340000345]]], [[[-33.36409009917867, 67.51282509959873], [-33.36409009917867, 67.51282509959873]]], [[[-53.70581999999297, 67.76378989988405], [-53.70581999999297, 67.76378989988405]]], [[[-33.70457859962261, 67.94957239944671], [-33.48440559963865, 67.79023420024822], [-33.256735199969455, 67.68615189979039], [-33.39920399986465, 67.9044004998832], [-33.65459419936275, 67.89816879975035], [-33.70457859962261, 67.94957239944671]], [[-33.556405699463426, 67.89591809974058], [-33.556405699463426, 67.89591809974058]], [[-33.49558669976636, 67.82675449942064], [-33.49558669976636, 67.82675449942064]], [[-33.64477109980635, 67.85182469955032], [-33.64477109980635, 67.85182469955032]]], [[[-32.192686899580735, 67.95091140004115], [-32.192686899580735, 67.95091140004115]]], [[[-32.127289899209416, 67.96198270014156], [-32.127289899209416, 67.96198270014156]]], [[[-32.174375499429686, 68.02481310014451], [-32.174375499429686, 68.02481310014451]]], [[[-30.328926799332294, 68.15209080025028], [-30.328926799332294, 68.15209080025028]]], [[[-30.80625219967925, 68.17095150001177], [-30.80625219967925, 68.17095150001177]]], [[[-30.55163199971696, 68.15884429962477], [-30.55163199971696, 68.15884429962477]]], [[[-31.59960969932814, 68.18136939947829], [-31.59960969932814, 68.18136939947829]]], [[[-30.763029199338007, 68.19969509974914], [-30.763029199338007, 68.19969509974914]]], [[[-30.196155999699556, 68.20246059957708], [-30.196155999699556, 68.20246059957708]]], [[[-34.20475769950821, 68.16956139993869], [-34.454114499384616, 68.11692409946767], [-34.69408470004885, 68.04658719953966], [-34.43880820003835, 67.9695492999603], [-34.22116629968497, 67.8419325995099], [-33.96671469922393, 67.76808540012115], [-33.75189339926095, 67.90992529961295], [-34.001583599403546, 67.92818039950589], [-34.1334937999988, 68.15042920024746], [-34.20475769950821, 68.16956139993869]], [[-34.275932599409884, 68.10036649961432], [-34.275932599409884, 68.10036649961432]], [[-34.18883729990142, 68.04001230012761], [-34.18883729990142, 68.04001230012761]], [[-34.26034119968659, 68.02842699970631], [-34.26034119968659, 68.02842699970631]], [[-34.15817579967336, 68.00454700014399], [-34.15817579967336, 68.00454700014399]]], [[[-30.67367509962611, 68.16481489958801], [-30.67367509962611, 68.16481489958801]]], [[[-33.9294796000035, 68.20356810028767], [-33.81743719956705, 67.96490350029637], [-33.571806399745526, 67.91067160021424], [-33.30014249927689, 67.88154950010937], [-33.09831429936537, 67.72643560002297], [-32.83206219971072, 67.74205140015204], [-32.5556786994124, 67.82899870003001], [-32.779856099879055, 67.94197299955437], [-33.01082519932345, 68.0738768994994], [-33.27900189941806, 68.12482569944655], [-33.54359199977091, 68.09192680018174], [-33.795852499193415, 68.14158550017078], [-33.9294796000035, 68.20356810028767]], [[-33.82290449934311, 68.0741025996553], [-33.82290449934311, 68.0741025996553]], [[-33.666841799209635, 68.06590410019413], [-33.666841799209635, 68.06590410019413]], [[-33.28625469969461, 68.03198850026911], [-33.28625469969461, 68.03198850026911]], [[-33.046670099545395, 67.98832760023862], [-32.778000199549524, 67.8938527994672], [-33.03080279950956, 67.89286899960473], [-33.046670099545395, 67.98832760023862]], [[-32.69253919932453, 67.90284850025813], [-32.69253919932453, 67.90284850025813]], [[-33.1030806999143, 67.87301050023444], [-33.1030806999143, 67.87301050023444]], [[-33.076019699349615, 67.92933679995343], [-33.076019699349615, 67.92933679995343]], [[-33.37554709961893, 67.94095079953985], [-33.37554709961893, 67.94095079953985]], [[-33.90809299959221, 68.0648595996908], [-33.90809299959221, 68.0648595996908]], [[-32.938373099339, 67.8452921995754], [-32.938373099339, 67.8452921995754]], [[-32.78204909938637, 67.80158899993245], [-32.78204909938637, 67.80158899993245]], [[-32.91994969941902, 67.76632480004952], [-32.91994969941902, 67.76632480004952]], [[-33.069408699351925, 67.76628049944554], [-33.069408699351925, 67.76628049944554]], [[-33.13897009949045, 67.80648309971531], [-33.13897009949045, 67.80648309971531]], [[-33.09979589916139, 67.80798629942825], [-33.09979589916139, 67.80798629942825]], [[-33.02816289989789, 67.82704970008365], [-33.02816289989789, 67.82704970008365]]], [[[-30.9665971998009, 68.20920010010457], [-30.9665971998009, 68.20920010010457]]], [[[-29.92472770002331, 68.2132489001167], [-29.92472770002331, 68.2132489001167]]], [[[-31.55196289966807, 68.22466649945943], [-31.55196289966807, 68.22466649945943]]], [[[-30.788534799941033, 68.22797359980183], [-30.788534799941033, 68.22797359980183]]], [[[-30.332448899696942, 68.23085949996602], [-30.332448899696942, 68.23085949996602]]], [[[-30.85641489952792, 68.24306990025576], [-30.85641489952792, 68.24306990025576]]], [[[-30.260677399442386, 68.23831429966526], [-30.260677399442386, 68.23831429966526]]], [[[-30.897806399945352, 68.24635709950059], [-30.897806399945352, 68.24635709950059]]], [[[-31.10117500002616, 68.2579068002587], [-31.10117500002616, 68.2579068002587]]], [[[-51.07534519972114, 68.26696469996097], [-51.07534519972114, 68.26696469996097]]], [[[-31.015717599787365, 68.26140910024981], [-31.015717599787365, 68.26140910024981]]], [[[-30.35388480004343, 68.26047799975993], [-30.35388480004343, 68.26047799975993]]], [[[-31.213316700005635, 68.28738260012693], [-31.213316700005635, 68.28738260012693]]], [[[-31.265560199943252, 68.31105250007289], [-31.265560199943252, 68.31105250007289]]], [[[-32.33815879928909, 68.3100821001089], [-32.33815879928909, 68.3100821001089]]], [[[-29.45810849930774, 68.32593810016323], [-29.45810849930774, 68.32593810016323]]], [[[-30.5225716992245, 68.33092540028707], [-30.5225716992245, 68.33092540028707]]], [[[-32.380795299563374, 68.34008079998898], [-32.380795299563374, 68.34008079998898]]], [[[-30.193276299461616, 68.33989850021567], [-30.193276299461616, 68.33989850021567]]], [[[-30.28264539986526, 68.35057559958432], [-30.28264539986526, 68.35057559958432]]], [[[-31.794775899588046, 68.33894549943528], [-31.794775899588046, 68.33894549943528]]], [[[-32.534168399951625, 68.37170409996429], [-32.760477399612284, 68.25280560009844], [-32.556704099214755, 68.1024544996755], [-32.819434299952945, 68.07841790026595], [-32.61039789984318, 67.91963159971863], [-32.33986419987286, 67.90517179983874], [-32.11274419968504, 68.06225760020811], [-32.35040909980006, 68.17439940001236], [-32.51519509967409, 68.36871800003576], [-32.534168399951625, 68.37170409996429]], [[-32.53797979962803, 68.29565010007212], [-32.53797979962803, 68.29565010007212]], [[-32.559696199420046, 68.2466571996701], [-32.559696199420046, 68.2466571996701]], [[-32.679381999979285, 68.1899698994913], [-32.679381999979285, 68.1899698994913]], [[-32.26357959941896, 68.1257234998397], [-32.26357959941896, 68.1257234998397]], [[-32.40151959964976, 68.0600029000139], [-32.40151959964976, 68.0600029000139]], [[-32.400880000011966, 68.0497653002285], [-32.400880000011966, 68.0497653002285]], [[-32.38606379970457, 68.0354170999193], [-32.38606379970457, 68.0354170999193]], [[-32.38450909941537, 68.01679660008307], [-32.38450909941537, 68.01679660008307]], [[-32.49063159916892, 67.92630979975752], [-32.49063159916892, 67.92630979975752]], [[-32.56842739970472, 67.95059370013922], [-32.56842739970472, 67.95059370013922]], [[-32.60168389999194, 68.03929690023182], [-32.60168389999194, 68.03929690023182]]], [[[-31.419717799636715, 68.39020270029442], [-31.419717799636715, 68.39020270029442]]], [[[-29.507913399383824, 68.41641239991236], [-29.507913399383824, 68.41641239991236]]], [[[-32.589490899785176, 68.40683310026742], [-32.853804299428816, 68.40664059948415], [-32.603200199229775, 68.38090889942623], [-32.589490899785176, 68.40683310026742]], [[-32.72583309971776, 68.40263810016825], [-32.72583309971776, 68.40263810016825]]], [[[-30.674700199954202, 68.44028270028645], [-30.429795599986903, 68.36445520004747], [-30.674700199954202, 68.44028270028645]]], [[[-32.10117509965107, 68.4542673001958], [-32.10117509965107, 68.4542673001958]]], [[[-29.020368499906283, 68.45506599979609], [-29.020368499906283, 68.45506599979609]]], [[[-30.71553659923461, 68.46106369992987], [-30.71553659923461, 68.46106369992987]]], [[[-51.56938429974559, 68.46904889998677], [-51.56938429974559, 68.46904889998677]]], [[[-32.65908610004345, 68.47498589947975], [-32.65908610004345, 68.47498589947975]]], [[[-29.489968799420524, 68.48760699946354], [-29.489968799420524, 68.48760699946354]]], [[[-30.614715499520628, 68.48530519997507], [-30.614715499520628, 68.48530519997507]]], [[[-51.78891239948763, 68.49980950010843], [-51.78891239948763, 68.49980950010843]]], [[[-32.078037899629294, 68.49425600031424], [-32.078037899629294, 68.49425600031424]]], [[[-30.418507799795066, 68.48322449971096], [-30.418507799795066, 68.48322449971096]]], [[[-29.537487699297856, 68.52502829971633], [-29.537487699297856, 68.52502829971633]]], [[[-30.694341599385268, 68.53409069962612], [-30.694341599385268, 68.53409069962612]]], [[[-28.17210629936619, 68.55564560006445], [-28.17210629936619, 68.55564560006445]]], [[[-30.80769389925399, 68.60342069970557], [-30.80769389925399, 68.60342069970557]]], [[[-32.252627599783864, 68.61308930023108], [-32.252627599783864, 68.61308930023108]], [[-32.33268489938854, 68.57472539985736], [-32.33268489938854, 68.57472539985736]]], [[[-28.22952129946833, 68.60013930018863], [-28.22952129946833, 68.60013930018863]]], [[[-28.32772939919238, 68.64427109963162], [-28.32772939919238, 68.64427109963162]]], [[[-32.683198699360446, 68.62681259942201], [-32.683198699360446, 68.62681259942201]]], [[[-28.395519799499084, 68.67343860021128], [-28.395519799499084, 68.67343860021128]]], [[[-27.33812309990111, 68.70136250027923], [-27.33812309990111, 68.70136250027923]]], [[[-27.95570059990274, 68.69787150026957], [-27.95570059990274, 68.69787150026957]]], [[[-28.30884179980916, 68.71275079970968], [-28.30884179980916, 68.71275079970968]]], [[[-27.53953709995716, 68.76393440005256], [-27.53953709995716, 68.76393440005256]]], [[[-28.298171600039268, 68.76499889967954], [-28.298171600039268, 68.76499889967954]]], [[[-28.206927200030236, 68.78258619989327], [-28.206927200030236, 68.78258619989327]]], [[[-28.145011599405734, 68.79879589971108], [-28.145011599405734, 68.79879589971108]]], [[[-26.789479799353217, 68.8101226999027], [-26.789479799353217, 68.8101226999027]]], [[[-26.554547099868728, 68.80974850009324], [-26.554547099868728, 68.80974850009324]]], [[[-29.75216459961655, 68.82428770021727], [-29.555509399938785, 68.6696287995295], [-29.306686199308615, 68.57703249994995], [-29.0626113992966, 68.47471710021404], [-28.787103299977275, 68.40062700023594], [-28.925896199250133, 68.61878480027838], [-29.14736879963033, 68.77277829977879], [-28.95313969923768, 68.60113869969132], [-29.271578899646443, 68.6182569998607], [-29.52880519999991, 68.71482539987238], [-29.75216459961655, 68.82428770021727]]], [[[-27.753249199490938, 68.82216339992101], [-27.753249199490938, 68.82216339992101]]], [[[-27.852294599516085, 68.8190225995134], [-27.852294599516085, 68.8190225995134]]], [[[-27.253519599649735, 68.83302869951495], [-27.253519599649735, 68.83302869951495]]], [[[-27.894213799627096, 68.8479480997251], [-27.894213799627096, 68.8479480997251]]], [[[-51.1155165998112, 68.83886329950172], [-51.1155165998112, 68.83886329950172]]], [[[-27.533799499946895, 68.84304129971628], [-27.31232429962671, 68.72625370024815], [-27.533799499946895, 68.84304129971628]]], [[[-26.971020099697796, 68.81227849985294], [-26.971020099697796, 68.81227849985294]]], [[[-26.58065729939483, 68.8690815994363], [-26.58065729939483, 68.8690815994363]]], [[[-26.17663709952251, 68.86968279982142], [-26.17663709952251, 68.86968279982142]]], [[[-28.14433799999864, 68.7853166000811], [-28.14433799999864, 68.7853166000811]]], [[[-50.9692269996263, 68.92098669977645], [-50.9692269996263, 68.92098669977645]]], [[[-27.042460999275647, 68.92752319993576], [-26.774459799180363, 68.88280379965568], [-27.042460999275647, 68.92752319993576]]], [[[-26.407618799368038, 68.93614269992571], [-26.407618799368038, 68.93614269992571]]], [[[-26.67012909967815, 68.93158420015078], [-26.67012909967815, 68.93158420015078]]], [[[-28.05726359983521, 68.93789700024644], [-28.15241879978771, 68.6762566995871], [-27.959492899777445, 68.8411768998941], [-28.05726359983521, 68.93789700024644]]], [[[-50.954203799665606, 68.9404956002918], [-50.954203799665606, 68.9404956002918]]], [[[-27.715159799185358, 68.94368209974914], [-27.715159799185358, 68.94368209974914]]], [[[-28.314402099377332, 68.94627499989139], [-28.314402099377332, 68.94627499989139]]], [[[-27.50817969983325, 68.9558907994209], [-27.50817969983325, 68.9558907994209]]], [[[-27.55951099943303, 68.9630476995917], [-27.55951099943303, 68.9630476995917]]], [[[-29.69456819996242, 68.98551379942234], [-29.69456819996242, 68.98551379942234]]], [[[-26.82618999936892, 68.97235949949135], [-26.52335319919075, 68.87251449964452], [-26.77337409983477, 68.92609159974756], [-26.82618999936892, 68.97235949949135]]], [[[-50.14067879988664, 69.01006829951245], [-50.14067879988664, 69.01006829951245]]], [[[-25.93401139960639, 69.00155229979885], [-25.93401139960639, 69.00155229979885]]], [[[-27.3552150993973, 69.01579959977175], [-27.153067599689905, 68.86081689998002], [-27.3552150993973, 69.01579959977175]]], [[[-26.909364099173786, 69.02838489954354], [-26.909364099173786, 69.02838489954354]]], [[[-30.6184715998844, 69.04908890013269], [-30.6184715998844, 69.04908890013269]]], [[[-50.995936599994025, 69.07430159963917], [-50.995936599994025, 69.07430159963917]]], [[[-25.832719499405357, 69.06739249956428], [-25.832719499405357, 69.06739249956428]]], [[[-30.545016899710106, 69.08669179958696], [-30.545016899710106, 69.08669179958696]]], [[[-50.89432889925928, 69.10485970031499], [-50.89432889925928, 69.10485970031499]]], [[[-28.575249199790676, 69.10821020014066], [-28.575249199790676, 69.10821020014066]]], [[[-29.641428999548623, 69.16067249973611], [-29.641428999548623, 69.16067249973611]]], [[[-31.066887699507674, 69.19889780019338], [-31.066887699507674, 69.19889780019338]]], [[[-25.180771399180685, 69.20379440009157], [-25.180771399180685, 69.20379440009157]]], [[[-25.480828699784638, 69.19047759986142], [-25.480828699784638, 69.19047759986142]]], [[[-28.09465449940558, 69.21169900020874], [-28.24928499950306, 69.01493940003331], [-28.531795099763997, 68.9646721998622], [-28.780952999281453, 68.98692889974899], [-29.02710629981584, 68.93148539973146], [-29.298286599746746, 68.99161320028901], [-29.060825700045996, 68.9031707999925], [-28.808247999845264, 68.84832419980205], [-29.065451599511675, 68.82891690019483], [-28.80838449984475, 68.80071170028481], [-28.67199289925287, 68.57760839970791], [-28.42048259989201, 68.51333199957219], [-28.52916419966806, 68.7527055998836], [-28.350180399405872, 68.95007849992288], [-28.08787039969917, 68.95077909967574], [-27.831657299844494, 68.93930389965533], [-27.5985886998086, 69.04262820023132], [-27.94385489988366, 69.02639269976333], [-27.713539299998672, 69.13606929955859], [-27.967206099881537, 69.1177453997305], [-28.09465449940558, 69.21169900020874]], [[-28.624684599914303, 68.7535509994791], [-28.624684599914303, 68.7535509994791]]], [[[-27.626402999498794, 69.22989190029102], [-27.626402999498794, 69.22989190029102]]], [[[-25.632253199525508, 69.27095239983345], [-25.632253199525508, 69.27095239983345]]], [[[-25.80265909973764, 69.27358930020608], [-25.80265909973764, 69.27358930020608]]], [[[-53.38010399999956, 69.3171390997897], [-53.38010399999956, 69.3171390997897]]], [[[-53.63613909973964, 69.3595970999263], [-53.63613909973964, 69.3595970999263]]], [[[-53.14379459944115, 69.37087920021497], [-53.14379459944115, 69.37087920021497]]], [[[-53.35897499959651, 69.36046809962318], [-53.35897499959651, 69.36046809962318]]], [[[-53.972057199679966, 69.40925510024272], [-53.972057199679966, 69.40925510024272]]], [[[-26.328386699686405, 69.44860650028983], [-26.328386699686405, 69.44860650028983]]], [[[-28.051737399861054, 69.44881080017836], [-28.051737399861054, 69.44881080017836]]], [[[-52.65984669946556, 69.49009189982138], [-52.65984669946556, 69.49009189982138]]], [[[-25.35598219991857, 69.50769810018721], [-25.653417899416468, 69.4952824997876], [-25.391687999301666, 69.4999785994329], [-25.35598219991857, 69.50769810018721]]], [[[-50.71870269986965, 69.52159550003233], [-50.71870269986965, 69.52159550003233]]], [[[-26.470001499769353, 69.52039570010152], [-26.470001499769353, 69.52039570010152]]], [[[-53.40271619919321, 69.52168769942784], [-53.40271619919321, 69.52168769942784]]], [[[-53.20891269936152, 69.53083909984463], [-53.20891269936152, 69.53083909984463]]], [[[-25.901118399894187, 69.53415199991491], [-25.901118399894187, 69.53415199991491]]], [[[-30.62321509919741, 69.52619969975638], [-30.62321509919741, 69.52619969975638]]], [[[-27.417853099341016, 69.5592813997169], [-27.78274419988486, 69.53833909946991], [-27.523340699313792, 69.5230802996162], [-27.417853099341016, 69.5592813997169]]], [[[-52.526418699563294, 69.56398029985104], [-52.526418699563294, 69.56398029985104]]], [[[-53.08736499999469, 69.56218269987176], [-53.08736499999469, 69.56218269987176]]], [[[-24.684849699753784, 69.59493339985659], [-24.684849699753784, 69.59493339985659]]], [[[-53.635423099996046, 69.58980699979327], [-53.635423099996046, 69.58980699979327]]], [[[-27.360512999275443, 69.59592269997268], [-27.617039599198108, 69.58973659996417], [-27.90904839916425, 69.58806429982764], [-28.19290579986273, 69.51267789996518], [-27.875963599240663, 69.5781954994228], [-27.513469999540803, 69.56631329951921], [-27.360512999275443, 69.59592269997268]]], [[[-53.59214409977034, 69.60568640020728], [-53.59214409977034, 69.60568640020728]]], [[[-25.54115619929911, 69.6096231995511], [-25.88743119949021, 69.5802970001065], [-26.153667499855203, 69.60143929968399], [-26.409678599387803, 69.59688619943859], [-26.632411299241994, 69.48301780023132], [-26.383118199245473, 69.46094609988268], [-26.11047529949542, 69.56195160018626], [-25.83020709937807, 69.55260059973796], [-26.077941099602015, 69.4882164994919], [-26.33668929927171, 69.42340009963493], [-26.087938599286872, 69.33364369989687], [-26.358717599237764, 69.3705104997598], [-26.62575359924915, 69.31987090022193], [-26.83041129924203, 69.48872849972054], [-27.060113099240084, 69.36859489973489], [-26.802381599331284, 69.31652820021634], [-26.576913899257022, 69.19546759974997], [-26.334771700053864, 69.2673299000549], [-26.57132210003482, 69.1802956995869], [-26.31884359955245, 69.1968518002704], [-26.062128799404547, 69.28579780022835], [-25.83206349973068, 69.18580029964414], [-26.18197509927137, 69.1369138996568], [-26.44559109984931, 69.1109328994338], [-26.691568099987762, 69.16438719980948], [-26.438153199310648, 69.0928876995078], [-26.16448819937085, 69.07689049959691], [-26.447498999878917, 69.06533449998722], [-26.17718889924828, 69.04066119945486], [-26.444743199239213, 68.9898565995025], [-26.70918219999851, 69.02556940010777], [-26.438899099713637, 68.9677305000626], [-26.185842799205773, 68.9715573995544], [-25.92460539931966, 68.94965979985994], [-25.763182399847835, 69.18099299972721], [-25.474859899364844, 69.22405280009673], [-25.73522509985844, 69.20925729948482], [-26.002899199438446, 69.21299959975181], [-25.773087699237863, 69.32073999965132], [-25.520870099275612, 69.34742249984856], [-25.250559999544294, 69.43270330021721], [-25.521588999332835, 69.39440669970946], [-25.83385199947014, 69.35881440016448], [-26.102787499843203, 69.39006420000288], [-25.877845699919078, 69.50265149966702], [-25.615802999408857, 69.56842139942808], [-25.262458800033528, 69.57109810019722], [-25.17894549933527, 69.32702080006993], [-25.193323699229268, 69.58656659946905], [-25.456444699463248, 69.5913720998426], [-25.54115619929911, 69.6096231995511]]], [[[-24.37912939970198, 69.63141970015909], [-24.628510899458377, 69.599067800039], [-24.36393360005553, 69.62049279970302], [-24.37912939970198, 69.63141970015909]]], [[[-54.44231319939462, 69.63921660016604], [-54.44231319939462, 69.63921660016604]]], [[[-54.526397199970745, 69.64014409977045], [-54.526397199970745, 69.64014409977045]]], [[[-54.475020099697815, 69.65008570029488], [-54.475020099697815, 69.65008570029488]]], [[[-54.62911549958062, 69.68012989957526], [-54.62911549958062, 69.68012989957526]]], [[[-51.3186733996576, 69.70093739954143], [-51.3186733996576, 69.70093739954143]]], [[[-53.43751969977427, 69.71434909983117], [-53.43751969977427, 69.71434909983117]]], [[[-25.192801199415783, 69.71253209967671], [-25.192801199415783, 69.71253209967671]]], [[[-54.133493399400834, 69.72099430014691], [-54.133493399400834, 69.72099430014691]]], [[[-53.61334529954587, 69.72088459994438], [-53.61334529954587, 69.72088459994438]]], [[[-53.76614519994098, 69.70766879987525], [-53.76614519994098, 69.70766879987525]]], [[[-53.6506062992413, 69.72296359959051], [-53.6506062992413, 69.72296359959051]]], [[[-23.98576979933671, 69.71570699967833], [-23.98576979933671, 69.71570699967833]]], [[[-53.93727730000734, 69.73870669965453], [-53.93727730000734, 69.73870669965453]]], [[[-50.09448059940013, 69.75523470012138], [-50.09448059940013, 69.75523470012138]]], [[[-50.117611899869246, 69.7701091998797], [-50.117611899869246, 69.7701091998797]]], [[[-25.312121899505996, 69.76409049967685], [-25.312121899505996, 69.76409049967685]]], [[[-53.46695159923689, 69.77886229955556], [-53.46695159923689, 69.77886229955556]]], [[[-53.90814489996711, 69.77811180001959], [-53.90814489996711, 69.77811180001959]]], [[[-54.19540499984083, 69.79234079968819], [-54.19540499984083, 69.79234079968819]]], [[[-24.53910939917938, 69.7979860995789], [-24.53910939917938, 69.7979860995789]]], [[[-54.04178809954112, 69.8043694002277], [-54.04178809954112, 69.8043694002277]]], [[[-53.913293799269354, 69.80478959946049], [-53.913293799269354, 69.80478959946049]]], [[[-54.44245879963387, 69.81803170020288], [-54.44245879963387, 69.81803170020288]]], [[[-50.87439869964021, 69.82696279999328], [-50.87439869964021, 69.82696279999328]]], [[[-54.27764619961238, 69.82374789994566], [-54.27764619961238, 69.82374789994566]]], [[[-54.208571399250616, 69.83874470030776], [-54.208571399250616, 69.83874470030776]]], [[[-54.25536779998396, 69.8620924001442], [-54.25536779998396, 69.8620924001442]]], [[[-53.87266099930565, 69.86165439973081], [-53.87266099930565, 69.86165439973081]]], [[[-53.91028420005574, 69.86593809996339], [-53.91028420005574, 69.86593809996339]]], [[[-53.91877499986629, 69.88125139963245], [-53.91877499986629, 69.88125139963245]]], [[[-53.267559599795675, 69.9098070995181], [-53.267559599795675, 69.9098070995181]]], [[[-53.92814419989486, 69.91184469977316], [-53.92814419989486, 69.91184469977316]]], [[[-27.283532999848035, 69.90898699965038], [-27.283532999848035, 69.90898699965038]]], [[[-53.818479399204875, 69.91358529982176], [-53.602109399229334, 69.76732410022709], [-53.350355699256056, 69.82686099943561], [-53.61090219947687, 69.8260680995632], [-53.818479399204875, 69.91358529982176]]], [[[-27.567434599527076, 69.89509229957002], [-27.567434599527076, 69.89509229957002]]], [[[-23.592284299280948, 69.92683950004295], [-23.592284299280948, 69.92683950004295]]], [[[-53.10889129929399, 69.91415659954748], [-53.10889129929399, 69.91415659954748]]], [[[-27.365617899246615, 69.91201230012763], [-27.365617899246615, 69.91201230012763]]], [[[-27.653979599378943, 69.90742249944884], [-27.653979599378943, 69.90742249944884]]], [[[-28.51878749994313, 69.90720799944967], [-28.51878749994313, 69.90720799944967]]], [[[-27.475164599166874, 69.93239840026604], [-27.475164599166874, 69.93239840026604]]], [[[-53.05982759976388, 69.94244510006138], [-53.3135647994759, 69.89438890022763], [-53.125136400024815, 69.72129209985059], [-52.869850099202665, 69.64444189957408], [-53.0928107996786, 69.47618239959814], [-52.84305589961002, 69.4506482994795], [-52.65606849916185, 69.64101019996082], [-52.82752869978964, 69.83413610020091], [-53.05982759976388, 69.94244510006138]], [[-53.0922946994408, 69.88775669961205], [-53.0922946994408, 69.88775669961205]], [[-52.98426769999429, 69.86806109983996], [-52.98426769999429, 69.86806109983996]], [[-53.12972579960592, 69.84564909962631], [-53.12972579960592, 69.84564909962631]], [[-53.216661899327164, 69.86469760031406], [-53.216661899327164, 69.86469760031406]], [[-53.073837999424086, 69.82614909970124], [-53.073837999424086, 69.82614909970124]], [[-53.137425599811536, 69.81387639977606], [-53.137425599811536, 69.81387639977606]], [[-53.04938899970256, 69.77969280008273], [-53.04938899970256, 69.77969280008273]], [[-53.107889399676026, 69.76425750018353], [-53.107889399676026, 69.76425750018353]], [[-53.062338599546706, 69.74971520009649], [-53.062338599546706, 69.74971520009649]]], [[[-27.42743569949789, 69.91515070024468], [-27.42743569949789, 69.91515070024468]]], [[[-52.95802409953251, 69.97191859946383], [-52.95802409953251, 69.97191859946383]]], [[[-53.50068899939777, 70.00028800029105], [-53.50068899939777, 70.00028800029105]]], [[[-27.762818899772356, 70.00355599990951], [-27.762818899772356, 70.00355599990951]]], [[[-51.41296529990865, 70.0062474000975], [-51.41296529990865, 70.0062474000975]]], [[[-54.289670899792156, 70.01232969945613], [-54.289670899792156, 70.01232969945613]]], [[[-27.626226399628592, 70.01918279964656], [-27.626226399628592, 70.01918279964656]]], [[[-53.63753339964666, 70.00925040008593], [-53.38839859921592, 69.93333629963058], [-53.64440379919591, 69.97830180028791], [-53.63753339964666, 70.00925040008593]]], [[[-53.594517999705886, 70.02677889992634], [-53.594517999705886, 70.02677889992634]]], [[[-54.276923999942596, 70.02813889969053], [-54.276923999942596, 70.02813889969053]]], [[[-53.77560859945726, 70.03229000028335], [-53.77560859945726, 70.03229000028335]]], [[[-50.560863300001245, 70.05065669974692], [-50.560863300001245, 70.05065669974692]]], [[[-54.21810389997495, 70.05395710014011], [-54.21810389997495, 70.05395710014011]]], [[[-28.136903999819708, 70.03877749998168], [-28.136903999819708, 70.03877749998168]]], [[[-54.007410699544096, 70.05132040031629], [-54.007410699544096, 70.05132040031629]]], [[[-54.27269989958069, 70.05269430000197], [-54.27269989958069, 70.05269430000197]]], [[[-53.69937379986095, 70.06050090009654], [-53.69937379986095, 70.06050090009654]]], [[[-53.10627109933171, 70.04978200023919], [-53.10627109933171, 70.04978200023919]]], [[[-54.379759599925535, 70.07635649995257], [-54.379759599925535, 70.07635649995257]]], [[[-51.45230640002029, 70.07667610012197], [-51.45230640002029, 70.07667610012197]]], [[[-53.14280739924203, 70.05970180029789], [-53.14280739924203, 70.05970180029789]]], [[[-54.009492699328575, 70.0778626998038], [-54.009492699328575, 70.0778626998038]]], [[[-50.732092400044166, 70.0784193999354], [-50.732092400044166, 70.0784193999354]]], [[[-54.21266769965456, 70.07802560030126], [-54.21266769965456, 70.07802560030126]]], [[[-53.203949699818736, 70.0805941998625], [-53.203949699818736, 70.0805941998625]]], [[[-54.042837799924484, 70.07987269986529], [-54.042837799924484, 70.07987269986529]]], [[[-51.48806599954622, 70.08331740007799], [-51.48806599954622, 70.08331740007799]]], [[[-22.548353999437495, 70.07722179974633], [-22.548353999437495, 70.07722179974633]]], [[[-22.7012985000257, 70.0867699999356], [-22.7012985000257, 70.0867699999356]]], [[[-53.170843399803005, 70.08760439992318], [-53.170843399803005, 70.08760439992318]]], [[[-53.98071629951755, 70.09075469986954], [-53.98071629951755, 70.09075469986954]]], [[[-51.46001919992608, 70.09358560019535], [-51.46001919992608, 70.09358560019535]]], [[[-53.380304999376165, 70.09553389956989], [-53.380304999376165, 70.09553389956989]]], [[[-54.30995649979258, 70.09498589947975], [-54.30995649979258, 70.09498589947975]]], [[[-53.249922299974116, 70.09333079977665], [-53.249922299974116, 70.09333079977665]], [[-53.18370969994265, 70.02237679944977], [-53.18370969994265, 70.02237679944977]]], [[[-54.26271119976201, 70.09925889957862], [-54.26271119976201, 70.09925889957862]]], [[[-54.43392859962512, 70.10046569983223], [-54.43392859962512, 70.10046569983223]]], [[[-51.47644129982609, 70.11143430005296], [-51.47644129982609, 70.11143430005296]]], [[[-54.04066059970688, 70.1045775998764], [-54.04066059970688, 70.1045775998764]]], [[[-53.99959779969868, 70.11520290009383], [-53.99959779969868, 70.11520290009383]]], [[[-54.103244199660026, 70.11134249995644], [-54.103244199660026, 70.11134249995644]]], [[[-53.32274179999405, 70.10994779985111], [-53.32274179999405, 70.10994779985111]]], [[[-51.91029029965756, 70.11866899967464], [-51.91029029965756, 70.11866899967464]]], [[[-50.40551339982352, 70.13128689987059], [-50.40551339982352, 70.13128689987059]]], [[[-51.12848139999659, 70.1382067000792], [-51.12848139999659, 70.1382067000792]]], [[[-53.33049639948922, 70.12348980021414], [-53.33049639948922, 70.12348980021414]]], [[[-52.01348859981897, 70.14364489959252], [-52.01348859981897, 70.14364489959252]]], [[[-54.145084299900475, 70.10921220028285], [-54.145084299900475, 70.10921220028285]]], [[[-54.12077629948658, 70.14934420017477], [-54.12077629948658, 70.14934420017477]]], [[[-23.969674499578446, 70.14177079968272], [-23.969674499578446, 70.14177079968272]]], [[[-51.38189719999576, 70.16149339980063], [-51.38189719999576, 70.16149339980063]]], [[[-50.97819119986394, 70.16257490021155], [-50.71833149929921, 70.12008689959077], [-50.97074169986951, 70.16030830018798], [-50.97819119986394, 70.16257490021155]]], [[[-50.368531399504434, 70.1574695002173], [-50.368531399504434, 70.1574695002173]]], [[[-53.403273799546184, 70.16136640023922], [-53.403273799546184, 70.16136640023922]]], [[[-51.98156519967421, 70.16023869985617], [-51.98156519967421, 70.16023869985617]]], [[[-54.375769699212185, 70.16096830004705], [-54.375769699212185, 70.16096830004705]]], [[[-51.62831569980966, 70.17221079958881], [-51.87821370000222, 70.11005679948175], [-51.62808989982898, 70.08761870004304], [-51.62831569980966, 70.17221079958881]], [[-51.69045759953855, 70.13299929987784], [-51.69045759953855, 70.13299929987784]], [[-51.72844829924958, 70.13538599986407], [-51.72844829924958, 70.13538599986407]], [[-51.78463619960087, 70.13468089990369], [-51.78463619960087, 70.13468089990369]]], [[[-50.637590199627994, 70.17500809944431], [-50.637590199627994, 70.17500809944431]]], [[[-53.43730219963675, 70.18063900028972], [-53.43730219963675, 70.18063900028972]]], [[[-53.50444750005204, 70.16317079999249], [-53.50444750005204, 70.16317079999249]]], [[[-53.61187380003582, 70.19410439999814], [-53.61187380003582, 70.19410439999814]]], [[[-50.47895609944442, 70.20269779986364], [-50.47895609944442, 70.20269779986364]]], [[[-50.62052609979963, 70.1999546994499], [-50.62052609979963, 70.1999546994499]]], [[[-24.631108199983373, 70.19891079969369], [-24.631108199983373, 70.19891079969369]]], [[[-51.95216499951505, 70.21034859960827], [-51.95216499951505, 70.21034859960827]]], [[[-53.64073709953749, 70.21380919983477], [-53.64073709953749, 70.21380919983477]]], [[[-50.805669399922806, 70.21977259982566], [-50.805669399922806, 70.21977259982566]]], [[[-52.40795869923454, 70.22035699997565], [-52.40795869923454, 70.22035699997565]]], [[[-54.23970769925086, 70.20712110005877], [-54.23970769925086, 70.20712110005877]]], [[[-51.06562449967089, 70.22722679967711], [-51.06562449967089, 70.22722679967711]]], [[[-54.265930899491366, 70.22575609966435], [-54.265930899491366, 70.22575609966435]]], [[[-52.04084969965385, 70.24746490018504], [-52.04084969965385, 70.24746490018504]]], [[[-50.79574259954131, 70.2499553000971], [-50.79574259954131, 70.2499553000971]]], [[[-52.526169299573496, 70.25379229987482], [-52.526169299573496, 70.25379229987482]]], [[[-50.53296529950893, 70.26187750004664], [-50.53296529950893, 70.26187750004664]]], [[[-52.39006929965842, 70.26063589962712], [-52.39006929965842, 70.26063589962712]]], [[[-52.58702899988839, 70.26105509971313], [-52.58702899988839, 70.26105509971313]]], [[[-52.42809179939701, 70.26334629979198], [-52.42809179939701, 70.26334629979198]]], [[[-54.10806709921724, 70.2704908001104], [-54.10806709921724, 70.2704908001104]]], [[[-54.19281179932506, 70.2769611002746], [-54.19281179932506, 70.2769611002746]]], [[[-50.79183469991142, 70.27610179985822], [-50.79183469991142, 70.27610179985822]]], [[[-50.83894859999788, 70.281248399594], [-50.83894859999788, 70.281248399594]]], [[[-52.13266519973911, 70.27583569945801], [-52.13266519973911, 70.27583569945801]]], [[[-52.59294560005935, 70.28041599969868], [-52.59294560005935, 70.28041599969868]]], [[[-25.18401569986463, 70.27520250029522], [-25.392644399519384, 70.10641019967102], [-25.11989820004186, 70.15141480015296], [-24.817338499871823, 70.12334760031155], [-25.073662299975126, 70.02700929993932], [-25.350318099700473, 70.04767269973536], [-25.57322359978923, 70.1910972001757], [-25.83473889918082, 70.1361550002531], [-26.124146299512063, 70.06464460016821], [-26.36286609989054, 70.14306049944253], [-26.11571779933695, 70.04310230013112], [-25.861541399515943, 70.0006406001836], [-26.126001399444988, 70.00980279965955], [-26.389517099534487, 69.9769902002376], [-26.64432149953751, 70.02570289976904], [-26.39402589917586, 70.07950749957149], [-26.65323329987683, 70.04824870021741], [-26.401805999846943, 70.07993100021554], [-26.73638379967258, 70.06414270022549], [-26.99126949928791, 70.04473250030469], [-26.78198449958495, 69.88725889967856], [-26.522777099783298, 69.7995479998404], [-26.2517971993812, 69.81263049969783], [-25.897449899793003, 69.73765290016127], [-25.65108859955916, 69.68344999961784], [-25.366200699902322, 69.59871000026635], [-25.053926399783506, 69.56535139994719], [-25.381170399194502, 69.60230990008188], [-25.656658699938987, 69.68804269971088], [-25.97264639971155, 69.76909689960229], [-26.2039219998004, 69.86922020005227], [-25.944835700007502, 69.8745642999026], [-25.648827999812283, 69.68751759995735], [-25.410705799832726, 69.6046136996626], [-25.158890499896586, 69.59526980026112], [-25.43809219939544, 69.61282159973712], [-25.675866299689915, 69.69879399944358], [-25.939286099673723, 69.77194439961443], [-25.679164499442038, 69.7417967000577], [-25.41391889943759, 69.67180989990703], [-25.13356989973107, 69.59386399982378], [-25.421499999925004, 69.6952155997202], [-25.139953199480544, 69.70689950001196], [-24.903584899623354, 69.79954370018169], [-24.65303259947484, 69.76346399956401], [-24.421209199844668, 69.65620730002695], [-24.161681699850533, 69.6548444997739], [-24.422751499382173, 69.72951149955611], [-24.71808210000887, 69.79079269952354], [-24.98019919963332, 69.82781660015604], [-24.72612219918011, 69.81291200008877], [-24.46662099985923, 69.81450359956153], [-24.225000499173632, 69.6874611000498], [-24.452707299802, 69.82975309952599], [-24.72574589945367, 69.85413969978737], [-24.453393699259777, 69.85147079973768], [-24.19094130000093, 69.68549339960077], [-23.949957399714208, 69.58214349982273], [-24.180796499458836, 69.6968786997922], [-24.406964999834827, 69.86378060029455], [-24.159255099643076, 69.8099710002615], [-23.890782999235967, 69.8080017997433], [-23.575738899630494, 69.85153709955756], [-23.85476649937442, 69.83963499945571], [-23.61580030004376, 69.93524329943875], [-23.362779399549595, 69.94316560001249], [-23.070792400049186, 69.94767859948786], [-23.35223739993603, 69.9989302002686], [-23.04120419931428, 69.99341750001764], [-23.27937759949657, 70.09526849974151], [-23.536959699530485, 70.05974500013173], [-23.785884599994233, 70.13721070001384], [-24.016818999996815, 70.03688659983675], [-24.263997199411165, 70.13897679943977], [-24.511802599510304, 70.18184429957483], [-24.770222799342662, 70.10348140004663], [-25.01043759941564, 70.1951195996898], [-25.18401569986463, 70.27520250029522]], [[-24.601883699473092, 70.10708149951165], [-24.33318789990159, 70.0749700996904], [-24.585977799635714, 70.07632519994809], [-24.8489928993028, 70.01807319991832], [-25.10547519952081, 69.98047670003973], [-24.861206299730895, 70.04203349994611], [-24.613813099394974, 70.09315979998485], [-24.601883699473092, 70.10708149951165]], [[-24.463962499569675, 69.99287700027338], [-24.463962499569675, 69.99287700027338]], [[-24.385597299575693, 70.00047280017964], [-24.385597299575693, 70.00047280017964]], [[-24.273830099779218, 69.94561209951883], [-24.273830099779218, 69.94561209951883]], [[-24.445298999549152, 69.9338876002326], [-24.445298999549152, 69.9338876002326]], [[-24.54030819996342, 69.9281369996229], [-24.54030819996342, 69.9281369996229]], [[-24.62149309922711, 69.92161319968949], [-24.62149309922711, 69.92161319968949]], [[-25.735636099926012, 69.9703928996127], [-25.735636099926012, 69.9703928996127]], [[-24.38353489961588, 69.91888939962615], [-24.38353489961588, 69.91888939962615]], [[-23.819668999624582, 69.96362929995229], [-23.819668999624582, 69.96362929995229]]], [[[-27.85347739956228, 70.28239769989398], [-27.601813299943785, 70.18915429943144], [-27.847735999916438, 70.23747359952705], [-27.85347739956228, 70.28239769989398]], [[-27.77897439924908, 70.21407829947401], [-27.77897439924908, 70.21407829947401]], [[-27.778017499907662, 70.20133370009023], [-27.778017499907662, 70.20133370009023]], [[-27.845797799928505, 70.19679559963726], [-27.845797799928505, 70.19679559963726]]], [[[-28.378417899366525, 70.29251249995195], [-28.14988709941008, 70.1645775995766], [-28.37673950002784, 70.27408319958005], [-28.378417899366525, 70.29251249995195]], [[-28.400124199771938, 70.2130983001465], [-28.400124199771938, 70.2130983001465]]], [[[-51.13630579947301, 70.27948490010812], [-51.13630579947301, 70.27948490010812]]], [[[-52.699380399285985, 70.2851861998833], [-52.699380399285985, 70.2851861998833]]], [[[-52.580033699795365, 70.29582829943655], [-52.580033699795365, 70.29582829943655]]], [[[-25.68187349936244, 70.2894221002498], [-25.68187349936244, 70.2894221002498]]], [[[-51.95302519925349, 70.31023160030816], [-51.72916849972643, 70.19631719987893], [-51.95302519925349, 70.31023160030816]]], [[[-51.55976979973644, 70.31320669972945], [-51.55976979973644, 70.31320669972945]]], [[[-51.56994279942063, 70.32383450006216], [-51.56994279942063, 70.32383450006216]]], [[[-51.514023899783126, 70.32893249953526], [-51.25962220000446, 70.2648831997999], [-51.51520859919748, 70.27525769978308], [-51.27012179928158, 70.2018078001899], [-51.49337439990859, 70.32031149947619], [-51.514023899783126, 70.32893249953526]]], [[[-53.17450979998722, 70.37272209974515], [-53.17450979998722, 70.37272209974515]]], [[[-53.121225899555554, 70.37853490016556], [-53.121225899555554, 70.37853490016556]]], [[[-52.55108989927936, 70.38013939951372], [-52.55108989927936, 70.38013939951372]]], [[[-53.00346309954239, 70.36831549996043], [-53.00346309954239, 70.36831549996043]]], [[[-53.00202149979236, 70.38232429972669], [-53.00202149979236, 70.38232429972669]]], [[[-27.60307269974527, 70.38391950008491], [-27.35635249986791, 70.30527739973229], [-27.106442699670822, 70.32751669953609], [-27.358106900013354, 70.31768929942166], [-27.60307269974527, 70.38391950008491]]], [[[-52.78737569982866, 70.38480780004], [-52.78737569982866, 70.38480780004]]], [[[-52.330560499767216, 70.38227859977764], [-52.07938249990241, 70.31355590018472], [-51.8140209997693, 70.2923658996666], [-51.56852499932921, 70.20375559954135], [-51.830054599739924, 70.31437809996942], [-52.09289779939388, 70.33365749979384], [-52.330560499767216, 70.38227859977764]]], [[[-52.87173069941218, 70.3797203001518], [-52.87173069941218, 70.3797203001518]]], [[[-27.27755109990329, 70.39198909971725], [-27.27755109990329, 70.39198909971725]]], [[[-53.22891699951987, 70.38806609957089], [-53.22891699951987, 70.38806609957089]]], [[[-53.295732800028645, 70.38586339997596], [-53.295732800028645, 70.38586339997596]]], [[[-52.051712399307746, 70.39068280027107], [-52.051712399307746, 70.39068280027107]]], [[[-53.05226250001431, 70.39171239990736], [-53.05226250001431, 70.39171239990736]]], [[[-53.54047449949849, 70.39803319947265], [-53.54047449949849, 70.39803319947265]]], [[[-26.602254299796073, 70.38639869984019], [-26.602254299796073, 70.38639869984019]]], [[[-27.101405499763985, 70.40208869943399], [-27.101405499763985, 70.40208869943399]]], [[[-26.73982199958556, 70.40683860012138], [-26.73982199958556, 70.40683860012138]]], [[[-29.543413099334998, 70.40872340016483], [-29.543413099334998, 70.40872340016483]]], [[[-26.649604399623286, 70.42208789953702], [-26.649604399623286, 70.42208789953702]]], [[[-28.40468719975445, 70.43623899992997], [-28.654630399872985, 70.37947860015731], [-28.919806399545678, 70.3402432000637], [-28.668308899336182, 70.28363489993075], [-28.405930699542125, 70.34134139998565], [-28.40468719975445, 70.43623899992997]], [[-28.660121999330784, 70.35777239957662], [-28.660121999330784, 70.35777239957662]]], [[[-51.64030519962523, 70.43718539968648], [-51.64030519962523, 70.43718539968648]]], [[[-29.364627899957554, 70.45099720026064], [-29.626276799934317, 70.40721489984782], [-29.36763949926342, 70.3931928000078], [-29.364627899957554, 70.45099720026064]]], [[[-52.85238519941737, 70.4746980998375], [-52.85238519941737, 70.4746980998375]]], [[[-52.39519319960641, 70.47253490026549], [-52.39519319960641, 70.47253490026549]]], [[[-29.581701299275494, 70.48107609988216], [-29.581701299275494, 70.48107609988216]]], [[[-28.945256999410958, 70.49425080003442], [-28.945256999410958, 70.49425080003442]]], [[[-52.59273049931306, 70.49368789997663], [-52.59273049931306, 70.49368789997663]]], [[[-53.29981039992998, 70.50371669966603], [-53.29981039992998, 70.50371669966603]]], [[[-53.34004549989987, 70.51671139961144], [-53.34004549989987, 70.51671139961144]]], [[[-53.62347730003734, 70.52694409989033], [-53.62347730003734, 70.52694409989033]]], [[[-53.38554389923155, 70.53168600020882], [-53.38554389923155, 70.53168600020882]]], [[[-52.5917130998796, 70.53454759979195], [-52.5917130998796, 70.53454759979195]]], [[[-53.51341559975009, 70.53828730011884], [-53.51341559975009, 70.53828730011884]]], [[[-52.7924647996108, 70.53720140022449], [-52.7924647996108, 70.53720140022449]]], [[[-52.71531469971359, 70.53969750003967], [-52.71531469971359, 70.53969750003967]]], [[[-53.54487849934321, 70.54946840024655], [-53.54487849934321, 70.54946840024655]]], [[[-27.477228399371086, 70.55131349971828], [-27.477228399371086, 70.55131349971828]]], [[[-52.545613799637124, 70.55354400005564], [-52.545613799637124, 70.55354400005564]]], [[[-52.68757899987088, 70.5521202995123], [-52.68757899987088, 70.5521202995123]]], [[[-53.21692029973201, 70.56164720015823], [-53.21692029973201, 70.56164720015823]]], [[[-53.49446769992437, 70.57130619952153], [-53.49446769992437, 70.57130619952153]]], [[[-21.776912399787363, 70.56257589945824], [-21.776912399787363, 70.56257589945824]]], [[[-53.23809049987665, 70.57479929944816], [-53.23809049987665, 70.57479929944816]]], [[[-52.53349929945307, 70.57560849953268], [-52.53349929945307, 70.57560849953268]]], [[[-53.25200899961561, 70.58938120028222], [-53.25200899961561, 70.58938120028222]]], [[[-52.52152269951296, 70.59110789951], [-52.27695989947972, 70.47188489996819], [-52.007854899384085, 70.37680529972488], [-51.75683210002137, 70.36781109990238], [-51.45967929936012, 70.35098529973186], [-51.71339209956568, 70.43202729942038], [-51.98414609926306, 70.42727269977536], [-52.204177899390515, 70.5688645995217], [-52.466173499707224, 70.53633589988192], [-52.52152269951296, 70.59110789951]], [[-52.44648489935855, 70.53342499946422], [-52.44648489935855, 70.53342499946422]], [[-52.302123099401456, 70.52824099962248], [-52.302123099401456, 70.52824099962248]], [[-52.21882849943563, 70.48003530008907], [-52.21882849943563, 70.48003530008907]], [[-52.00852559937687, 70.44362099950956], [-52.00852559937687, 70.44362099950956]], [[-52.17553839977728, 70.40719459945126], [-52.17553839977728, 70.40719459945126]], [[-52.25813869974115, 70.42025489954403], [-52.25813869974115, 70.42025489954403]], [[-51.61344890004665, 70.39982630014367], [-51.61344890004665, 70.39982630014367]], [[-51.79173019938912, 70.40215669987185], [-51.79173019938912, 70.40215669987185]]], [[[-52.43148539923175, 70.58899709983632], [-52.43148539923175, 70.58899709983632]]], [[[-29.025787399968465, 70.60317609989715], [-29.025787399968465, 70.60317609989715]]], [[[-29.367625499517146, 70.60784110008677], [-29.116425499537115, 70.50285080002448], [-29.367625499517146, 70.60784110008677]]], [[[-21.90639069957109, 70.6049409996275], [-21.90639069957109, 70.6049409996275]]], [[[-26.579007899594842, 70.62423640018977], [-26.579007899594842, 70.62423640018977]]], [[[-53.30580889956104, 70.62984229988228], [-53.30580889956104, 70.62984229988228]]], [[[-52.97780849926278, 70.62395299953135], [-52.97780849926278, 70.62395299953135]]], [[[-21.905861399983564, 70.63171489972291], [-21.905861399983564, 70.63171489972291]]], [[[-53.80278109976791, 70.63013010002413], [-53.80278109976791, 70.63013010002413]]], [[[-52.956926999481425, 70.63769819991205], [-52.956926999481425, 70.63769819991205]]], [[[-53.39172789932303, 70.63912200028017], [-53.39172789932303, 70.63912200028017]]], [[[-53.44300449945803, 70.6556393995387], [-53.7023102994807, 70.61367549952473], [-53.453963999439, 70.58353080010642], [-53.44300449945803, 70.6556393995387]]], [[[-53.519988799443524, 70.65791600002342], [-53.519988799443524, 70.65791600002342]]], [[[-53.74121279933121, 70.66255759985341], [-53.74121279933121, 70.66255759985341]]], [[[-21.973968399422063, 70.66915610017395], [-21.973968399422063, 70.66915610017395]]], [[[-53.35357539988473, 70.67474659987573], [-53.35357539988473, 70.67474659987573]]], [[[-26.363532699874156, 70.67589219946547], [-26.363532699874156, 70.67589219946547]]], [[[-51.83189999958529, 70.70197749946209], [-51.83189999958529, 70.70197749946209]]], [[[-22.065301099366195, 70.71139749949504], [-22.065301099366195, 70.71139749949504]]], [[[-52.804042699510944, 70.71212199963065], [-53.05079549981241, 70.66013940021321], [-52.809940499354525, 70.58832399955298], [-52.55888389987206, 70.60331109982747], [-52.80707129960075, 70.64329259997356], [-52.804042699510944, 70.71212199963065]], [[-52.89273139983419, 70.63344009978084], [-52.89273139983419, 70.63344009978084]]], [[[-25.964522899212398, 70.71876899948978], [-25.964522899212398, 70.71876899948978]]], [[[-27.1465133999734, 70.71580329978252], [-27.1465133999734, 70.71580329978252]]], [[[-53.200120599685874, 70.71855310014553], [-53.200120599685874, 70.71855310014553]]], [[[-52.95582199978543, 70.72183349961637], [-52.95582199978543, 70.72183349961637]]], [[[-53.01570679992881, 70.72326219949099], [-53.01570679992881, 70.72326219949099]]], [[[-22.079943399568208, 70.78330589994738], [-21.87883279929423, 70.63139109971951], [-22.079943399568208, 70.78330589994738]]], [[[-21.957015799339615, 70.80225859945483], [-21.957015799339615, 70.80225859945483]]], [[[-25.87880109919132, 70.83182220013447], [-25.87880109919132, 70.83182220013447]]], [[[-21.776251999729936, 70.8388034995819], [-21.776251999729936, 70.8388034995819]]], [[[-27.340524299656636, 70.84482899955873], [-27.340524299656636, 70.84482899955873]]], [[[-26.609483399339354, 70.8539378998143], [-26.861659099887504, 70.84813960006255], [-27.146268899490053, 70.80617069981798], [-27.37897399985019, 70.71344470001293], [-27.615259599850617, 70.61624379961171], [-27.376747699346822, 70.5226798996577], [-27.124335299934103, 70.53302740019444], [-26.882064099278693, 70.63097039956432], [-26.62320539990924, 70.54754289958521], [-26.870382700001585, 70.62225169985612], [-27.114172499461233, 70.69938729998398], [-26.868396899797062, 70.75490829997813], [-26.63351379972204, 70.64147549999439], [-26.36063749982071, 70.71205629965857], [-26.0945362992108, 70.6953419003085], [-25.84493419935376, 70.72728889956312], [-25.576263199487016, 70.76041969980935], [-25.845985599455787, 70.73808170031026], [-26.107054499665367, 70.77021709943966], [-26.358767199546605, 70.74642069995542], [-26.58856329975646, 70.86404120024127], [-26.609483399339354, 70.8539378998143]], [[-26.63484709951399, 70.83617049956894], [-26.63484709951399, 70.83617049956894]], [[-26.83868669973134, 70.81215119951833], [-26.83868669973134, 70.81215119951833]], [[-26.759487099749833, 70.80677550018925], [-26.759487099749833, 70.80677550018925]], [[-27.22990129920555, 70.71044000030582], [-27.22990129920555, 70.71044000030582]], [[-27.16258759983782, 70.69259329964115], [-27.16258759983782, 70.69259329964115]], [[-26.848814799863078, 70.74493989965669], [-26.848814799863078, 70.74493989965669]], [[-26.171915199227044, 70.73224999973775], [-26.171915199227044, 70.73224999973775]], [[-26.099023599659347, 70.74257779972572], [-26.099023599659347, 70.74257779972572]], [[-26.084655599875987, 70.75798250019227], [-26.084655599875987, 70.75798250019227]]], [[[-25.710674099929747, 70.88191419978057], [-25.710674099929747, 70.88191419978057]]], [[[-21.91761780002139, 70.8930783000236], [-21.91761780002139, 70.8930783000236]]], [[[-51.98479909969865, 70.89059059987636], [-51.98479909969865, 70.89059059987636]]], [[[-25.681118299969512, 70.89597419974956], [-25.681118299969512, 70.89597419974956]]], [[[-26.48859179947192, 70.89888639968763], [-26.48859179947192, 70.89888639968763]]], [[[-51.79605869934943, 70.90679099980485], [-51.79605869934943, 70.90679099980485]]], [[[-25.68636799978333, 70.91327309997365], [-25.68636799978333, 70.91327309997365]]], [[[-25.633121700006427, 70.91774749964742], [-25.633121700006427, 70.91774749964742]]], [[[-52.008561699962456, 70.94176789956896], [-52.008561699962456, 70.94176789956896]]], [[[-22.50418199939969, 70.92238260007701], [-22.50418199939969, 70.92238260007701]]], [[[-25.746157599493586, 70.94850339991206], [-25.746157599493586, 70.94850339991206]]], [[[-22.032725999205468, 70.95301359979783], [-22.032725999205468, 70.95301359979783]]], [[[-26.125899399237824, 70.91191420008033], [-26.125899399237824, 70.91191420008033]]], [[[-27.3027258992808, 70.96356800016315], [-27.3027258992808, 70.96356800016315]]], [[[-25.998188899498075, 70.98156629954514], [-25.998188899498075, 70.98156629954514]]], [[[-26.04088059926022, 70.94424019972547], [-26.04088059926022, 70.94424019972547]]], [[[-25.727713599702838, 70.98920640005537], [-25.727713599702838, 70.98920640005537]]], [[[-25.959132299915666, 70.98891659982127], [-26.190147599332192, 70.89008769988749], [-25.913535499463705, 70.78037219991717], [-25.959132299915666, 70.98891659982127]], [[-25.9423461994175, 70.92618109987791], [-25.9423461994175, 70.92618109987791]], [[-25.955682699297085, 70.89569730029024], [-25.955682699297085, 70.89569730029024]], [[-26.00279419999231, 70.87952019999727], [-26.00279419999231, 70.87952019999727]], [[-25.90865239928877, 70.8390168997102], [-26.17414939937521, 70.85546840024654], [-25.90865239928877, 70.8390168997102]], [[-26.131309099235523, 70.82185970026501], [-26.131309099235523, 70.82185970026501]], [[-26.020604499697868, 70.88622849944574], [-26.020604499697868, 70.88622849944574]], [[-26.009236799238863, 70.89921079953882], [-26.009236799238863, 70.89921079953882]]], [[[-22.626243399613145, 71.01282340007992], [-22.626243399613145, 71.01282340007992]]], [[[-22.04573599931689, 71.03429249979911], [-22.04573599931689, 71.03429249979911]]], [[[-51.708966900002395, 71.0248091002598], [-51.47076299931291, 70.94039800006772], [-51.708966900002395, 71.0248091002598]], [[-51.5458811997575, 70.97431820002498], [-51.5458811997575, 70.97431820002498]]], [[[-22.21094769957665, 71.03199559981715], [-22.05781729922893, 70.8302807000943], [-21.805646199612397, 70.85126520012892], [-22.055859599241046, 70.90070070007732], [-22.21094769957665, 71.03199559981715]], [[-22.001740199850303, 70.92728449967996], [-22.001740199850303, 70.92728449967996]], [[-22.026973799601137, 70.87777509974114], [-22.026973799601137, 70.87777509974114]], [[-22.034579499244444, 70.85377460001786], [-22.034579499244444, 70.85377460001786]], [[-22.129328199336896, 70.87798620030298], [-22.129328199336896, 70.87798620030298]]], [[[-25.761749299590463, 71.03819540009772], [-25.761749299590463, 71.03819540009772]]], [[[-22.042041499815298, 71.05229499991435], [-22.042041499815298, 71.05229499991435]]], [[[-28.07285269999204, 71.1178444002989], [-28.347962399644985, 71.08982150016215], [-28.094240699748468, 71.00897260020537], [-28.07285269999204, 71.1178444002989]], [[-28.24776969941206, 71.09151719975904], [-28.24776969941206, 71.09151719975904]]], [[[-52.038615899703984, 71.14612460007027], [-52.038615899703984, 71.14612460007027]]], [[[-25.783020599720828, 71.16004700016896], [-25.783020599720828, 71.16004700016896]]], [[[-25.961902099402323, 71.16243379997996], [-25.961902099402323, 71.16243379997996]]], [[[-25.8941153998058, 71.16527579973842], [-25.8941153998058, 71.16527579973842]]], [[[-51.80693699954287, 71.17798199986947], [-51.80693699954287, 71.17798199986947]]], [[[-51.87012829928153, 71.18902750021903], [-51.87012829928153, 71.18902750021903]]], [[[-26.030978800031562, 71.20756089981575], [-26.030978800031562, 71.20756089981575]]], [[[-51.898157899367504, 71.20699060013612], [-51.898157899367504, 71.20699060013612]]], [[[-52.316567699839425, 71.20833109990042], [-52.316567699839425, 71.20833109990042]]], [[[-25.84886289940323, 71.20963219946651], [-25.84886289940323, 71.20963219946651]]], [[[-52.82506639919495, 71.2105211001687], [-52.82506639919495, 71.2105211001687]]], [[[-52.90588309982513, 71.21694619950756], [-52.90588309982513, 71.21694619950756]]], [[[-22.0842446995332, 71.22123890015519], [-22.0842446995332, 71.22123890015519]]], [[[-52.700299099923484, 71.22746379961472], [-52.700299099923484, 71.22746379961472]]], [[[-52.230686099284014, 71.23583629990537], [-52.230686099284014, 71.23583629990537]]], [[[-51.6358649993702, 71.235756999486], [-51.88903779985452, 71.21607569983371], [-51.62638250005227, 71.16271519964681], [-51.32497379990093, 71.15135749964895], [-51.59509649980356, 71.20675300015091], [-51.6358649993702, 71.235756999486]], [[-51.563352599842574, 71.18639799946817], [-51.563352599842574, 71.18639799946817]]], [[[-25.82677149940514, 71.22994710027854], [-25.82677149940514, 71.22994710027854]]], [[[-51.65735329961507, 71.2308596999153], [-51.65735329961507, 71.2308596999153]]], [[[-52.646378799641866, 71.23816719965657], [-52.646378799641866, 71.23816719965657]]], [[[-51.75465419923188, 71.24305520023734], [-51.75465419923188, 71.24305520023734]]], [[[-22.048778899526553, 71.24588420029568], [-22.048778899526553, 71.24588420029568]]], [[[-52.70102199926583, 71.25721740006304], [-52.990314200040245, 71.2171323996406], [-52.72617789939051, 71.23081330029362], [-52.70102199926583, 71.25721740006304]]], [[[-52.91010689981351, 71.2675584003], [-52.91010689981351, 71.2675584003]]], [[[-52.076696299594516, 71.2769920997057], [-52.076696299594516, 71.2769920997057]]], [[[-52.18506369963001, 71.29426060014663], [-52.18506369963001, 71.29426060014663]]], [[[-52.14641689952026, 71.29608530029645], [-52.14641689952026, 71.29608530029645]]], [[[-22.158205299834663, 71.2962071998025], [-22.158205299834663, 71.2962071998025]]], [[[-52.067208599497235, 71.29575960002558], [-52.067208599497235, 71.29575960002558]]], [[[-52.01237209959265, 71.30455019963205], [-52.01237209959265, 71.30455019963205]]], [[[-52.14108559972061, 71.3186230994765], [-52.14108559972061, 71.3186230994765]]], [[[-52.64993919943447, 71.33743700031738], [-52.95152019979736, 71.27924360011212], [-52.70023529931956, 71.28551840025403], [-52.64993919943447, 71.33743700031738]]], [[[-52.69434429924996, 71.34247480007201], [-52.69434429924996, 71.34247480007201]]], [[[-52.91557759992628, 71.36536729996101], [-52.91557759992628, 71.36536729996101]]], [[[-25.62414339929842, 71.35791250026176], [-25.62414339929842, 71.35791250026176]]], [[[-25.77228709937009, 71.4002868994209], [-25.77228709937009, 71.4002868994209]]], [[[-51.983974599448175, 71.37930629974602], [-51.983974599448175, 71.37930629974602]]], [[[-24.987411900039092, 71.41124469968321], [-24.987411900039092, 71.41124469968321]]], [[[-27.502599699716313, 71.41502199976554], [-27.502599699716313, 71.41502199976554]]], [[[-25.71734329955359, 71.3960699999306], [-25.71734329955359, 71.3960699999306]]], [[[-25.840771299655728, 71.41659589968106], [-25.840771299655728, 71.41659589968106]]], [[[-51.65955189920072, 71.4345840996765], [-51.90903909987452, 71.39675159970659], [-51.65955189920072, 71.4345840996765]]], [[[-25.783755899814878, 71.41022599983006], [-25.783755899814878, 71.41022599983006]]], [[[-52.36010469937236, 71.43821299993004], [-52.36010469937236, 71.43821299993004]]], [[[-23.527891699542238, 71.44548690010043], [-23.527891699542238, 71.44548690010043]]], [[[-52.413488599918935, 71.45313619977583], [-52.687174999226784, 71.41513670019862], [-52.4192684995416, 71.40731859957378], [-52.413488599918935, 71.45313619977583]]], [[[-52.7234179996409, 71.44531379949228], [-52.7234179996409, 71.44531379949228]]], [[[-52.7884028991744, 71.4682654999529], [-52.7884028991744, 71.4682654999529]]], [[[-52.64804309940945, 71.46342049955649], [-52.64804309940945, 71.46342049955649]]], [[[-27.375036099736178, 71.47255039988113], [-27.375036099736178, 71.47255039988113]]], [[[-22.14221719926428, 71.47320519986016], [-21.92762209948029, 71.33276109944524], [-22.14221719926428, 71.47320519986016]]], [[[-26.257235299969068, 71.45319500014921], [-26.50905289947167, 71.42607460026267], [-26.768506799848865, 71.38778919991171], [-27.027199099458812, 71.33921470009841], [-26.740077800050415, 71.45010509957075], [-26.991237099412558, 71.38697609946746], [-27.248425699286543, 71.40876120026923], [-27.500238099808428, 71.31933219962139], [-27.373635199704665, 71.09503499956566], [-27.12226649949929, 71.09681029995545], [-26.898613599837745, 70.95302839994076], [-26.63462449932115, 70.96665649959783], [-26.376339499967912, 71.01768710007968], [-26.139550399231496, 71.11092029953227], [-26.3956865000319, 71.09791279953612], [-26.69590170000339, 71.17846530003362], [-26.417119399340777, 71.16680649982015], [-26.15611599945379, 71.20285519990762], [-26.40848469990891, 71.20858979977947], [-26.135267999418602, 71.23630379988049], [-25.883613099864647, 71.27191969943465], [-26.129245399755348, 71.32672130024787], [-26.257235299969068, 71.45319500014921]], [[-26.187518999702036, 71.4074245999654], [-26.187518999702036, 71.4074245999654]], [[-26.3450056000284, 71.338276600185], [-26.3450056000284, 71.338276600185]], [[-26.44723559924347, 71.26901469946887], [-26.44723559924347, 71.26901469946887]], [[-26.34425169925646, 71.26470490001117], [-26.34425169925646, 71.26470490001117]], [[-26.287557700027776, 71.25753579963748], [-26.287557700027776, 71.25753579963748]], [[-26.16783689965314, 71.2494917002818], [-26.16783689965314, 71.2494917002818]], [[-26.462766199400562, 71.23717679966961], [-26.462766199400562, 71.23717679966961]], [[-26.504985099482724, 71.24144429951485], [-26.504985099482724, 71.24144429951485]], [[-26.957080099866687, 71.2101596995106], [-26.957080099866687, 71.2101596995106]], [[-26.649387799707142, 71.1688563002781], [-26.649387799707142, 71.1688563002781]], [[-26.561393299561075, 71.16326810014277], [-26.561393299561075, 71.16326810014277]], [[-26.714138399767307, 71.07951389984663], [-26.96730289950915, 71.03741809986548], [-26.714859599390934, 71.08376990006087], [-26.714138399767307, 71.07951389984663]], [[-26.527630499847646, 71.01829150025259], [-26.527630499847646, 71.01829150025259]], [[-26.593193699429662, 70.99933560005798], [-26.593193699429662, 70.99933560005798]], [[-26.7413744992337, 71.0237258003055], [-26.7413744992337, 71.0237258003055]], [[-26.834706399280833, 71.03685560000599], [-26.834706399280833, 71.03685560000599]], [[-27.07750089924707, 71.05283839997225], [-27.07750089924707, 71.05283839997225]], [[-27.087021599966818, 71.11526850004128], [-27.087021599966818, 71.11526850004128]], [[-26.744452099784553, 71.12273309965286], [-26.744452099784553, 71.12273309965286]], [[-26.576541199516726, 71.12301309997463], [-26.576541199516726, 71.12301309997463]], [[-26.62558729931436, 71.11633790007409], [-26.62558729931436, 71.11633790007409]], [[-26.840248699817607, 71.00029420001738], [-26.840248699817607, 71.00029420001738]], [[-26.283318099850362, 71.0950210996441], [-26.283318099850362, 71.0950210996441]], [[-26.23461969953945, 71.0980074001215], [-26.23461969953945, 71.0980074001215]]], [[[-23.5283474993376, 71.48443119954027], [-23.5283474993376, 71.48443119954027]]], [[[-25.265509099865028, 71.48765090016894], [-25.265509099865028, 71.48765090016894]]], [[[-52.2424746995477, 71.4791720001877], [-52.2424746995477, 71.4791720001877]]], [[[-27.029602299306646, 71.48631129972676], [-27.029602299306646, 71.48631129972676]]], [[[-23.564461299549293, 71.5138758999529], [-23.564461299549293, 71.5138758999529]]], [[[-25.068416399796945, 71.51676609977574], [-25.068416399796945, 71.51676609977574]]], [[[-52.320620599860774, 71.52674909969124], [-52.320620599860774, 71.52674909969124]]], [[[-52.23785159967156, 71.55086789983375], [-52.23785159967156, 71.55086789983375]]], [[[-52.27779339924592, 71.54663730007138], [-52.27779339924592, 71.54663730007138]]], [[[-25.064052299274124, 71.5682448998823], [-25.064052299274124, 71.5682448998823]]], [[[-25.730782899511155, 71.58148499963306], [-25.730782899511155, 71.58148499963306]]], [[[-25.374522899312296, 71.56524029999991], [-25.374522899312296, 71.56524029999991]]], [[[-54.8268012998401, 71.57696580023156], [-54.8268012998401, 71.57696580023156]]], [[[-51.8823900994235, 71.58190750023101], [-52.14336479924606, 71.55378179949054], [-51.89210369932624, 71.48982809948728], [-51.61135819932139, 71.517075699484], [-51.86233959929302, 71.5732075001261], [-51.8823900994235, 71.58190750023101]], [[-51.85945749966385, 71.56597610011698], [-51.85945749966385, 71.56597610011698]], [[-51.76986680001278, 71.54498149979645], [-51.76986680001278, 71.54498149979645]], [[-51.70547330005269, 71.53341279996079], [-51.70547330005269, 71.53341279996079]]], [[[-25.178044500053602, 71.5863546000848], [-25.178044500053602, 71.5863546000848]], [[-25.104742099168504, 71.5372614000936], [-25.104742099168504, 71.5372614000936]]], [[[-25.750693799679084, 71.60904039979465], [-25.750693799679084, 71.60904039979465]]], [[[-53.14688309977521, 71.61699830003158], [-53.14688309977521, 71.61699830003158]]], [[[-53.26213799996867, 71.62379629965955], [-53.26213799996867, 71.62379629965955]]], [[[-25.038394799580317, 71.62537269969039], [-25.038394799580317, 71.62537269969039]]], [[[-53.147207299976856, 71.63738509984256], [-53.147207299976856, 71.63738509984256]]], [[[-25.276505499928817, 71.63974690029926], [-25.276505499928817, 71.63974690029926]]], [[[-28.416697799463805, 71.64110799993432], [-28.158411199317356, 71.56334410015018], [-28.401530699881846, 71.64040549991392], [-28.416697799463805, 71.64110799993432]], [[-28.34770239934619, 71.60735700022542], [-28.34770239934619, 71.60735700022542]]], [[[-26.606820499566368, 71.64343119969016], [-26.606820499566368, 71.64343119969016]]], [[[-53.16489899978899, 71.65506630006973], [-53.16489899978899, 71.65506630006973]]], [[[-53.25794589928381, 71.65328050009504], [-53.25794589928381, 71.65328050009504]]], [[[-26.94744849924882, 71.66530179993816], [-26.71761259954178, 71.5524135997079], [-26.94744849924882, 71.66530179993816]]], [[[-25.416612499367318, 71.6644652002089], [-25.416612499367318, 71.6644652002089]]], [[[-53.26767199976291, 71.6796419000537], [-53.26767199976291, 71.6796419000537]]], [[[-25.625048799862157, 71.71640509981557], [-25.625048799862157, 71.71640509981557]]], [[[-25.517728399545945, 71.70912780020785], [-25.517728399545945, 71.70912780020785]]], [[[-27.75352629949907, 71.72283139974934], [-27.75352629949907, 71.72283139974934]]], [[[-51.524222199195094, 71.73243989948185], [-51.524222199195094, 71.73243989948185]]], [[[-28.048591599222902, 71.78952470000496], [-28.048591599222902, 71.78952470000496]]], [[[-54.76432579929616, 71.81787259984065], [-54.76432579929616, 71.81787259984065]]], [[[-53.57899749983471, 71.82555679950673], [-53.57899749983471, 71.82555679950673]]], [[[-29.350655399527, 71.8031777999156], [-29.350655399527, 71.8031777999156]]], [[[-54.7546120995687, 71.82820139987479], [-54.7546120995687, 71.82820139987479]]], [[[-54.727682299298635, 71.83269319963154], [-54.727682299298635, 71.83269319963154]]], [[[-29.099180099981595, 71.83349619978986], [-29.099180099981595, 71.83349619978986]]], [[[-29.140399900035334, 71.84325539981688], [-29.140399900035334, 71.84325539981688]]], [[[-53.585487299998874, 71.85391879981285], [-53.585487299998874, 71.85391879981285]]], [[[-25.638389999598758, 71.86017029941985], [-25.831241799969064, 71.69020420006382], [-25.599030499358037, 71.79171409952613], [-25.826146499361414, 71.68169800026254], [-25.551734500047075, 71.72979019995779], [-25.29152569975122, 71.71322590015524], [-25.050460999875213, 71.63962869970476], [-25.27449239990426, 71.76855969997024], [-25.55522259974316, 71.80789449943165], [-25.638389999598758, 71.86017029941985]]], [[[-54.58434269935606, 71.86354740029236], [-54.58434269935606, 71.86354740029236]]], [[[-28.36274949968964, 71.87382469975017], [-28.61962609956481, 71.83450709982287], [-28.3506277995333, 71.8184190000369], [-28.36274949968964, 71.87382469975017]]], [[[-53.837531499878764, 71.87817929983487], [-53.837531499878764, 71.87817929983487]]], [[[-26.363303399732047, 71.91258639994248], [-26.363303399732047, 71.91258639994248]]], [[[-26.363303399732047, 71.91258639994248], [-26.363303399732047, 71.91258639994248]]], [[[-28.97819289948268, 71.97841369983246], [-28.97819289948268, 71.97841369983246]]], [[[-53.75612399952291, 71.97431259974672], [-53.502034099194304, 71.89047769968613], [-53.75612399952291, 71.97431259974672]]], [[[-26.26483439948788, 71.97612840020554], [-26.26483439948788, 71.97612840020554]]], [[[-24.92731899947222, 71.9833336002655], [-24.651852699742278, 71.91466079955632], [-24.89927559928941, 71.97133529968437], [-24.92731899947222, 71.9833336002655]]], [[[-53.64456709989173, 71.98583959981772], [-53.64456709989173, 71.98583959981772]]], [[[-28.767759599525846, 72.01305789990221], [-28.767759599525846, 72.01305789990221]]], [[[-25.638953099306036, 71.99533940029312], [-25.409688499324716, 71.83194420016474], [-25.141439299484034, 71.7341171000242], [-24.884839099944486, 71.6758090002852], [-25.1561204000364, 71.74941580009914], [-25.38990099963138, 71.84134589989344], [-25.133853399314887, 71.82882189971093], [-24.86257219994701, 71.8119439001909], [-25.128427799303438, 71.79151079968369], [-24.854317899351543, 71.80657149957511], [-25.084403899620213, 71.92416529988873], [-25.349113999211625, 71.8955367000587], [-25.619283699483105, 71.97875099955905], [-25.638953099306036, 71.99533940029312]]], [[[-28.87010259945538, 72.01851270000117], [-28.87010259945538, 72.01851270000117]]], [[[-55.28870699992808, 72.01830619947157], [-55.28870699992808, 72.01830619947157]]], [[[-23.988225399982184, 72.01331979956916], [-24.24187899961612, 71.99431899982204], [-23.9856866992817, 71.92164710013361], [-23.988225399982184, 72.01331979956916]]], [[[-27.60265819951627, 72.0290388994257], [-27.431959900029312, 71.8285252997029], [-27.179853999462466, 71.8426559000498], [-26.918045899698484, 71.88361710004921], [-27.158024000007572, 71.99050479965683], [-27.411949099571245, 72.0029681000978], [-27.60265819951627, 72.0290388994257]], [[-27.081049299385597, 71.91241519960181], [-27.081049299385597, 71.91241519960181]]], [[[-55.033733399676635, 72.0365189997521], [-55.033733399676635, 72.0365189997521]]], [[[-53.66192019955753, 72.03842679995688], [-53.66192019955753, 72.03842679995688]]], [[[-26.303590699251345, 72.04582569959643], [-26.04735759937364, 72.0073846994444], [-26.278638999190434, 71.8736636995202], [-26.54270629935621, 71.9248063995957], [-26.800236999537844, 71.93316529943905], [-26.630254699794534, 71.74934800021009], [-26.37135279969192, 71.73305060030503], [-26.13685019917733, 71.64515470002942], [-25.925224199437196, 71.79384120031119], [-25.661853899937512, 71.84687769994594], [-25.89546829942242, 72.0182276994488], [-26.149612499916884, 72.03666359994526], [-26.303590699251345, 72.04582569959643]], [[-26.502246899474812, 71.84122570010601], [-26.502246899474812, 71.84122570010601]]], [[[-53.15716209985101, 72.05544129947646], [-53.15716209985101, 72.05544129947646]]], [[[-54.08258719943967, 72.05609339969072], [-54.34733779999942, 71.97511950026478], [-54.059739299628916, 71.9514601997285], [-54.08258719943967, 72.05609339969072]]], [[[-54.87821809978544, 72.06594210024781], [-54.87821809978544, 72.06594210024781]]], [[[-53.07098049985012, 72.07582839966096], [-53.07098049985012, 72.07582839966096]]], [[[-24.83757699967873, 72.0822791000005], [-24.56923349962625, 72.0152228000922], [-24.312821899610924, 71.94198319976493], [-24.550066099570813, 72.02494019963058], [-24.817647999755366, 72.07208370000279], [-24.83757699967873, 72.0822791000005]]], [[[-54.72289179961683, 72.07825259957787], [-54.98249789945845, 72.0607970995066], [-54.72289179961683, 72.07825259957787]]], [[[-25.420666699808294, 72.09004529985077], [-25.183571899723347, 72.00081879954803], [-25.420666699808294, 72.09004529985077]]], [[[-25.026946799555105, 72.13334979945375], [-25.27645179961081, 72.1083783997434], [-25.014896799647545, 72.04610269977985], [-24.760075699234108, 71.96074869999256], [-24.529886099763644, 71.84714259975124], [-24.768581599561116, 71.98816589953668], [-24.996290299557643, 72.1051116996453], [-25.026946799555105, 72.13334979945375]]], [[[-54.82713829919311, 72.18620679980404], [-54.82713829919311, 72.18620679980404]]], [[[-24.45133190004708, 72.18674779957132], [-24.708378099469655, 72.14666869960087], [-24.45133190004708, 72.18674779957132]]], [[[-54.3029223993492, 72.18896659972887], [-54.3029223993492, 72.18896659972887]], [[-54.24457859922296, 72.17088630016269], [-54.24457859922296, 72.17088630016269]]], [[[-54.203213600027595, 72.21534349950298], [-54.203213600027595, 72.21534349950298]]], [[[-53.58500080004683, 72.25051130015646], [-53.346902899748954, 72.1508355994834], [-53.57885489973381, 72.24430799971447], [-53.58500080004683, 72.25051130015646]]], [[[-53.90182719946563, 72.26163639950028], [-53.90182719946563, 72.26163639950028]]], [[[-22.732509499513753, 72.27127129973076], [-22.732509499513753, 72.27127129973076]]], [[[-22.6518945995561, 72.27570849984744], [-22.6518945995561, 72.27570849984744]]], [[[-25.598057700002812, 72.2873674997104], [-25.598057700002812, 72.2873674997104]]], [[[-22.474771499305177, 72.29159379981405], [-22.474771499305177, 72.29159379981405]]], [[[-22.853520499671276, 72.29734569994417], [-22.853520499671276, 72.29734569994417]]], [[[-22.509860499562365, 72.2976633998461], [-22.509860499562365, 72.2976633998461]]], [[[-22.640783199584973, 72.30772260021786], [-22.640783199584973, 72.30772260021786]]], [[[-53.47665969978527, 72.33293960028237], [-53.47665969978527, 72.33293960028237]]], [[[-22.693206799554105, 72.32932700024094], [-22.693206799554105, 72.32932700024094]]], [[[-26.26870469936233, 72.34094090000258], [-26.531146799585088, 72.3100067999739], [-26.3805327994491, 72.10856839951208], [-26.126542699585855, 72.15037330028764], [-25.889495599542215, 72.06745600009441], [-26.14220450003762, 72.20994070000336], [-26.406914900002562, 72.27548260004204], [-26.26870469936233, 72.34094090000258]], [[-26.366776899834008, 72.26516250004937], [-26.366776899834008, 72.26516250004937]], [[-26.353631499593973, 72.25159069975103], [-26.353631499593973, 72.25159069975103]], [[-26.67942109920432, 72.23284679944032], [-26.67942109920432, 72.23284679944032]], [[-26.26194559990944, 72.1890718995486], [-26.26194559990944, 72.1890718995486]], [[-26.042190599416585, 72.15862390017293], [-26.042190599416585, 72.15862390017293]]], [[[-24.710644999866815, 72.29113289996343], [-24.951027699768474, 72.21559729987553], [-24.693036399210428, 72.23823150008371], [-24.710644999866815, 72.29113289996343]]], [[[-25.944322799557483, 72.3746326002144], [-26.2111772992929, 72.35944480003752], [-25.96246499946011, 72.3303827998264], [-25.944322799557483, 72.3746326002144]]], [[[-53.96161229986768, 72.41711900004185], [-53.96161229986768, 72.41711900004185]]], [[[-54.166083599178705, 72.45488880017803], [-54.166083599178705, 72.45488880017803]]], [[[-23.48807769992584, 72.45428039982068], [-23.48807769992584, 72.45428039982068]]], [[[-23.5396568994463, 72.4747954996127], [-23.5396568994463, 72.4747954996127]]], [[[-53.49794259937141, 72.47634889948216], [-53.786348099185375, 72.42647719956318], [-53.53597039971413, 72.38863959953795], [-53.49794259937141, 72.47634889948216]]], [[[-27.78647630004116, 72.48499239967958], [-27.78647630004116, 72.48499239967958]]], [[[-25.851814699188992, 72.49009450006116], [-25.851814699188992, 72.49009450006116]]], [[[-25.70407979944315, 72.51146009950406], [-25.70407979944315, 72.51146009950406]]], [[[-25.78335059965042, 72.48267379995593], [-25.78335059965042, 72.48267379995593]]], [[[-24.87022009937806, 72.52137490023154], [-24.87022009937806, 72.52137490023154]]], [[[-25.179880799659145, 72.55049579974144], [-25.179880799659145, 72.55049579974144]]], [[[-27.824943299593542, 72.56764930027504], [-27.824943299593542, 72.56764930027504]]], [[[-26.29795569929604, 72.58832369967905], [-26.53903480001594, 72.51553310027242], [-26.817179600058466, 72.47794369964208], [-27.07602569992605, 72.47526890003974], [-26.816873199238728, 72.38918909969726], [-26.528926100059437, 72.37662670026208], [-26.787228799869183, 72.46689610027488], [-26.5179675992253, 72.45332539984736], [-26.254832799793803, 72.42245349962934], [-25.968689999643743, 72.49245989960474], [-26.22173959930302, 72.55776700014701], [-26.29795569929604, 72.58832369967905]], [[-26.2073338999395, 72.52107769947628], [-26.2073338999395, 72.52107769947628]], [[-26.459666399984314, 72.50232529967292], [-26.459666399984314, 72.50232529967292]]], [[[-25.828998799954604, 72.60311859954379], [-25.828998799954604, 72.60311859954379]]], [[[-27.493716299967218, 72.61156599987106], [-27.493716299967218, 72.61156599987106]]], [[[-25.058166899282924, 72.61743530019902], [-25.058166899282924, 72.61743530019902]]], [[[-25.49020139997458, 72.6453824999025], [-25.742767799294484, 72.60627809955469], [-25.49234569939449, 72.63354590012324], [-25.49020139997458, 72.6453824999025]]], [[[-27.165789499285893, 72.63953910004949], [-27.165789499285893, 72.63953910004949]]], [[[-26.957031899802303, 72.67425300027583], [-26.957031899802303, 72.67425300027583]]], [[[-25.050795399288177, 72.684439200209], [-25.050795399288177, 72.684439200209]]], [[[-24.007037299831495, 72.69142369944421], [-24.007037299831495, 72.69142369944421]]], [[[-25.685986499277476, 72.69866450006668], [-25.94719839978626, 72.646653000036], [-25.685986499277476, 72.69866450006668]]], [[[-26.438937999888765, 72.7135739996404], [-26.687958799558885, 72.69078219953894], [-26.936308399213203, 72.63052950023632], [-27.1885510992538, 72.62812479942], [-26.906372199517364, 72.5356600994341], [-26.651981699895487, 72.56416150005322], [-26.387626199389558, 72.71088070008432], [-26.438937999888765, 72.7135739996404]], [[-26.895235099620095, 72.61474630030159], [-26.895235099620095, 72.61474630030159]], [[-26.742683299694477, 72.61163570002759], [-26.742683299694477, 72.61163570002759]], [[-26.916177099493495, 72.59877490014156], [-26.916177099493495, 72.59877490014156]]], [[[-22.49390029955913, 72.72457909974571], [-22.49390029955913, 72.72457909974571]]], [[[-24.010657399319484, 72.73231270007113], [-24.010657399319484, 72.73231270007113]]], [[[-26.595988000046134, 72.77996900016927], [-26.595988000046134, 72.77996900016927]]], [[[-25.420480599500024, 72.74762480004455], [-25.420480599500024, 72.74762480004455]]], [[[-26.806200999376586, 72.80630909968528], [-27.072032099401838, 72.77736969955203], [-27.32382489919968, 72.78126049947252], [-27.591746799774967, 72.76113419998342], [-27.322928799424517, 72.69035659987725], [-27.068597200000738, 72.73074669980042], [-26.819492499878947, 72.76914319969899], [-26.806200999376586, 72.80630909968528]]], [[[-22.35304909943636, 72.82433810012327], [-22.35304909943636, 72.82433810012327]]], [[[-22.07946289989286, 72.88129800010267], [-22.07946289989286, 72.88129800010267]]], [[[-22.1381648999901, 72.88222099949957], [-22.1381648999901, 72.88222099949957]]], [[[-27.843863399576207, 72.8890031000131], [-28.103214799723162, 72.85176990016083], [-27.805251700005897, 72.80137779944596], [-27.843863399576207, 72.8890031000131]], [[-28.01288899962759, 72.84755349979423], [-28.01288899962759, 72.84755349979423]], [[-28.01288899962759, 72.81059749977487], [-28.01288899962759, 72.81059749977487]], [[-27.928965599982405, 72.82955359961898], [-27.928965599982405, 72.82955359961898]]], [[[-26.18355839980029, 72.91894420011482], [-26.18355839980029, 72.91894420011482]]], [[[-25.64548199929476, 72.92246640030419], [-25.64548199929476, 72.92246640030419]]], [[[-26.04214289937528, 72.91776199991642], [-26.04214289937528, 72.91776199991642]]], [[[-26.038484099361654, 72.93511099957306], [-26.038484099361654, 72.93511099957306]]], [[[-26.012505999452287, 72.94160579996776], [-26.012505999452287, 72.94160579996776]]], [[[-25.966404199993804, 72.94385959994065], [-25.966404199993804, 72.94385959994065]]], [[[-26.399249099566248, 72.92625069981], [-26.399249099566248, 72.92625069981]]], [[[-25.624800599567948, 72.95563969981237], [-25.624800599567948, 72.95563969981237]]], [[[-26.669639899961396, 72.95249659983824], [-26.669639899961396, 72.95249659983824]]], [[[-26.284982999465797, 72.96758790006157], [-26.284982999465797, 72.96758790006157]]], [[[-26.558775999912427, 72.96707859959776], [-26.558775999912427, 72.96707859959776]]], [[[-26.631953499354495, 72.97372229984433], [-26.387540699943315, 72.82784340025279], [-26.09446479951083, 72.83270400028943], [-26.331925799935675, 72.91270980021716], [-26.59115709922071, 72.92334989967816], [-26.631953499354495, 72.97372229984433]], [[-26.615854499785314, 72.92173819945839], [-26.615854499785314, 72.92173819945839]], [[-26.476085499745977, 72.90738740010846], [-26.476085499745977, 72.90738740010846]], [[-26.383881799205597, 72.89135659972737], [-26.383881799205597, 72.89135659972737]], [[-26.32259569973172, 72.86960019988936], [-26.32259569973172, 72.86960019988936]], [[-26.114405699263557, 72.8534270997809], [-26.114405699263557, 72.8534270997809]]], [[[-27.775393499410427, 72.97322499993385], [-27.775393499410427, 72.97322499993385]]], [[[-27.762678399588424, 72.9806323001406], [-27.762678399588424, 72.9806323001406]]], [[[-25.51640110003069, 72.99427450026803], [-25.51640110003069, 72.99427450026803]]], [[[-27.955202799969186, 72.99521199943428], [-27.955202799969186, 72.99521199943428]]], [[[-26.164246999399438, 73.01739759981945], [-26.164246999399438, 73.01739759981945]]], [[[-25.261593299690958, 73.01955819945141], [-25.261593299690958, 73.01955819945141]]], [[[-25.40724659985068, 73.04843460027666], [-25.40724659985068, 73.04843460027666]]], [[[-25.603282199913565, 73.0254499000929], [-25.603282199913565, 73.0254499000929]]], [[[-27.075126899486804, 73.08353599948686], [-27.27086279957848, 72.92516499956514], [-27.014197499914644, 72.89938429994555], [-26.760578599722578, 72.95256029971813], [-27.0100846996491, 73.01954979978348], [-27.075126899486804, 73.08353599948686]], [[-27.054529699685872, 73.01767539950015], [-27.054529699685872, 73.01767539950015]], [[-26.950983200014605, 72.98887250026576], [-26.950983200014605, 72.98887250026576]], [[-26.989521099419164, 72.97054730001793], [-26.989521099419164, 72.97054730001793]]], [[[-27.889029499411834, 73.10010459984744], [-27.889029499411834, 73.10010459984744]]], [[[-27.54356790003851, 73.10100140019455], [-27.54356790003851, 73.10100140019455]]], [[[-27.808467899573884, 73.09257080010241], [-28.075161399978583, 73.04977829982874], [-27.795300999241704, 72.9942353995441], [-27.54138449989472, 72.96001949980013], [-27.77980589982235, 73.04060049981325], [-27.808467899573884, 73.09257080010241]], [[-27.84306709936709, 73.07094109945223], [-27.84306709936709, 73.07094109945223]]], [[[-27.059334700036345, 73.11364909942648], [-27.059334700036345, 73.11364909942648]]], [[[-26.490977499411997, 73.09977879975185], [-26.490977499411997, 73.09977879975185]]], [[[-28.257473599227183, 73.12339610014993], [-28.257473599227183, 73.12339610014993]]], [[[-26.165645500039773, 73.13687609945248], [-26.165645500039773, 73.13687609945248]]], [[[-28.2290315997285, 73.15805260024734], [-28.2290315997285, 73.15805260024734]]], [[[-26.14336819938285, 73.14850449988285], [-26.14336819938285, 73.14850449988285]]], [[[-26.28502199946564, 73.16604689964475], [-26.510659599460894, 73.04373029971362], [-26.233147599282233, 72.96988010018651], [-25.964696799317778, 73.00611069984899], [-26.19734479992252, 73.13768319962003], [-26.28502199946564, 73.16604689964475]], [[-26.256370399474292, 73.14087110022115], [-26.256370399474292, 73.14087110022115]], [[-26.22491159989039, 73.07932470007489], [-26.22491159989039, 73.07932470007489]], [[-26.124432099561716, 73.06917590024767], [-26.124432099561716, 73.06917590024767]], [[-26.377948799897126, 73.05002960008602], [-26.377948799897126, 73.05002960008602]], [[-26.016386999460394, 73.0127823995881], [-26.016386999460394, 73.0127823995881]]], [[[-27.805043799231896, 73.1749742996243], [-27.805043799231896, 73.1749742996243]]], [[[-27.735329299407624, 73.1848510994987], [-27.735329299407624, 73.1848510994987]]], [[[-24.42468089950387, 73.18545139966244], [-24.42468089950387, 73.18545139966244]]], [[[-28.11632069994033, 73.19094979979349], [-28.11632069994033, 73.19094979979349]]], [[[-28.125809299359616, 73.19049240010423], [-28.125809299359616, 73.19049240010423]]], [[[-27.965821899361117, 73.19590339962224], [-27.965821899361117, 73.19590339962224]]], [[[-24.283358599419785, 73.17624450028353], [-24.283358599419785, 73.17624450028353]]], [[[-28.186166999907073, 73.19948429946089], [-28.186166999907073, 73.19948429946089]]], [[[-26.73253419949367, 73.21108330015426], [-26.73253419949367, 73.21108330015426]]], [[[-28.40298889931819, 73.23406769996444], [-28.40298889931819, 73.23406769996444]]], [[[-25.085404199344282, 73.23722100004915], [-25.085404199344282, 73.23722100004915]]], [[[-28.045441400000584, 73.24501780023132], [-28.045441400000584, 73.24501780023132]]], [[[-26.777353000040875, 73.27075749975887], [-26.777353000040875, 73.27075749975887]]], [[[-26.73600659972476, 73.25920569998311], [-26.73600659972476, 73.25920569998311]]], [[[-26.667914699903406, 73.27444940021968], [-26.667914699903406, 73.27444940021968]]], [[[-28.295403799745543, 73.290060799966], [-28.295403799745543, 73.290060799966]]], [[[-25.07218809980094, 73.28925250010286], [-25.333094099513062, 73.26102819949188], [-25.091740699273828, 73.17712219992961], [-25.07218809980094, 73.28925250010286]], [[-25.219801100040684, 73.24759829962187], [-25.219801100040684, 73.24759829962187]], [[-25.199343199828775, 73.2177759999625], [-25.199343199828775, 73.2177759999625]]], [[[-27.165998199557237, 73.3058267994673], [-27.165998199557237, 73.3058267994673]]], [[[-23.733299499772045, 73.30181279962108], [-23.733299499772045, 73.30181279962108]]], [[[-27.285253999172653, 73.29999579946661], [-27.285253999172653, 73.29999579946661]]], [[[-27.08912860000487, 73.32073069986194], [-27.08912860000487, 73.32073069986194]]], [[[-27.02501729920897, 73.29617800021458], [-26.788401499629458, 73.16298019977643], [-27.020514299295428, 73.27345400000218], [-27.02501729920897, 73.29617800021458]]], [[[-25.1233187993231, 73.32772509973364], [-25.1233187993231, 73.32772509973364]]], [[[-26.29056949988245, 73.36032880013408], [-26.29056949988245, 73.36032880013408]]], [[[-24.558329999529803, 73.3708075998909], [-24.558329999529803, 73.3708075998909]]], [[[-24.63451459986885, 73.37918520023686], [-24.63451459986885, 73.37918520023686]]], [[[-24.49636079931139, 73.3868762995017], [-24.49636079931139, 73.3868762995017]]], [[[-26.36645760003819, 73.40263939958868], [-26.36645760003819, 73.40263939958868]]], [[[-24.903741899668887, 73.4083516998711], [-24.903741899668887, 73.4083516998711]]], [[[-27.26048679952612, 73.37619260000855], [-27.26048679952612, 73.37619260000855]]], [[[-22.56033699985261, 73.39819549952273], [-22.56033699985261, 73.39819549952273]]], [[[-26.041696799667534, 73.43522290031666], [-26.041696799667534, 73.43522290031666]]], [[[-27.52017889973638, 73.40697830020844], [-27.822003999484934, 73.38271670031554], [-27.569490199712902, 73.33966569981226], [-27.831371699444333, 73.32623629996533], [-28.0869294992969, 73.2633883002299], [-27.816987699822448, 73.23419330018072], [-27.534900700007256, 73.25684699948948], [-27.26531809965053, 73.27732389967827], [-27.503964499162237, 73.38018629945822], [-27.52017889973638, 73.40697830020844]], [[-27.805961999846375, 73.35411879974288], [-27.805961999846375, 73.35411879974288]], [[-27.610569599407427, 73.30416309954745], [-27.610569599407427, 73.30416309954745]], [[-27.426619799464106, 73.27458180020994], [-27.426619799464106, 73.27458180020994]], [[-27.583731899607415, 73.26138250000241], [-27.583731899607415, 73.26138250000241]], [[-27.73567419930481, 73.29122029947729], [-27.73567419930481, 73.29122029947729]], [[-27.940497699209402, 73.27899889957962], [-27.940497699209402, 73.27899889957962]]], [[[-28.37667849991277, 73.44208700011501], [-28.37667849991277, 73.44208700011501]]], [[[-26.04219849996076, 73.4411810995282], [-26.04219849996076, 73.4411810995282]]], [[[-25.83001849985385, 73.45115650017237], [-25.83001849985385, 73.45115650017237]]], [[[-23.157464099988204, 73.44681820029979], [-23.157464099988204, 73.44681820029979]]], [[[-25.55023129943487, 73.45181740025288], [-25.55023129943487, 73.45181740025288]]], [[[-28.00439239918984, 73.4405598001947], [-28.00439239918984, 73.4405598001947]]], [[[-23.011803299482665, 73.44100399963492], [-23.011803299482665, 73.44100399963492]], [[-22.97836359920069, 73.43604960030888], [-22.97836359920069, 73.43604960030888]]], [[[-28.173472999978912, 73.45500329986248], [-28.434663999344025, 73.41320700020293], [-28.187163299446695, 73.35624699949949], [-28.173472999978912, 73.45500329986248]]], [[[-23.284232499630093, 73.44999359942511], [-23.284232499630093, 73.44999359942511]]], [[[-26.484202499945354, 73.46011589982896], [-26.484202499945354, 73.46011589982896]]], [[[-28.42891619922318, 73.46683639948031], [-28.42891619922318, 73.46683639948031]]], [[[-26.888928799824214, 73.47497820028377], [-26.888928799824214, 73.47497820028377]]], [[[-22.555702699819676, 73.49621370020213], [-22.555702699819676, 73.49621370020213]]], [[[-22.846068799935097, 73.48503000013443], [-22.846068799935097, 73.48503000013443]]], [[[-27.02694129980108, 73.49440729945735], [-27.02694129980108, 73.49440729945735]]], [[[-22.97019219991006, 73.48889629982443], [-22.97019219991006, 73.48889629982443]]], [[[-25.397382799676393, 73.51508360002816], [-25.397382799676393, 73.51508360002816]]], [[[-27.449876499600748, 73.52304830003908], [-27.449876499600748, 73.52304830003908]]], [[[-26.003159399386732, 73.55055889957362], [-26.003159399386732, 73.55055889957362]]], [[[-25.912664299217965, 73.5589056001134], [-25.912664299217965, 73.5589056001134]]], [[[-25.712808199238964, 73.56025909957782], [-25.712808199238964, 73.56025909957782]]], [[[-26.16188909930247, 73.57784689981463], [-26.41752499987882, 73.48571539954611], [-26.158310199556013, 73.40632500029858], [-25.885348299484406, 73.40735879976887], [-26.12530559937386, 73.48363809961864], [-25.85100469960713, 73.45104980010825], [-26.080255999514748, 73.56275949995103], [-26.16188909930247, 73.57784689981463]], [[-26.281851499846823, 73.50649099965995], [-26.281851499846823, 73.50649099965995]], [[-26.17721119973703, 73.49051660026095], [-26.17721119973703, 73.49051660026095]], [[-26.26497959952883, 73.48983859957178], [-26.26497959952883, 73.48983859957178]], [[-26.164088600008824, 73.4750604001174], [-26.164088600008824, 73.4750604001174]]], [[[-23.12311540005561, 73.58849199950623], [-23.12311540005561, 73.58849199950623]]], [[[-23.307920899529847, 73.58679589971103], [-23.307920899529847, 73.58679589971103]]], [[[-26.78470479948686, 73.58260199948273], [-26.78470479948686, 73.58260199948273]]], [[[-23.709583099480426, 73.60781629978248], [-23.709583099480426, 73.60781629978248]]], [[[-23.501416999394962, 73.61634149956063], [-23.501416999394962, 73.61634149956063]]], [[[-26.506940999927167, 73.62733810017323], [-26.506940999927167, 73.62733810017323]]], [[[-56.20374009962586, 73.64149000006353], [-56.20374009962586, 73.64149000006353]]], [[[-23.78068949982054, 73.6539253999373], [-23.78068949982054, 73.6539253999373]]], [[[-27.557412599611723, 73.73045579949559], [-27.557412599611723, 73.73045579949559]]], [[[-24.66724419995984, 73.7312357994926], [-24.66724419995984, 73.7312357994926]]], [[[-27.417567699489723, 73.7431941998525], [-27.417567699489723, 73.7431941998525]]], [[[-26.841402899624086, 73.75696909944446], [-26.841402899624086, 73.75696909944446]]], [[[-27.08156469995089, 73.75856880001015], [-27.08156469995089, 73.75856880001015]]], [[[-26.43805379994285, 73.78737020007475], [-26.43805379994285, 73.78737020007475]]], [[[-27.72936079936136, 73.81409990029022], [-27.72936079936136, 73.81409990029022]]], [[[-25.907008899940763, 73.8215828002061], [-26.16561459933422, 73.7993858000147], [-26.398172099362853, 73.70479529966343], [-26.67704879916272, 73.71881059972947], [-26.931420799730063, 73.65156029986798], [-26.675891499393117, 73.65921469959875], [-26.42527239940165, 73.68410770001043], [-26.175735799867198, 73.63065349945947], [-25.901162899248334, 73.62698589957967], [-25.648465399458587, 73.63947359952704], [-25.37690979984734, 73.5771556997758], [-25.6188582994709, 73.67661610005302], [-25.880230499637776, 73.76679439964187], [-25.907008899940763, 73.8215828002061]], [[-25.93868149985127, 73.81187550005433], [-25.93868149985127, 73.81187550005433]], [[-26.073863999723756, 73.7526035995765], [-26.073863999723756, 73.7526035995765]], [[-25.889613799237395, 73.71707919974534], [-25.889613799237395, 73.71707919974534]], [[-25.676468199747603, 73.71093479950144], [-25.676468199747603, 73.71093479950144]], [[-25.633229699590913, 73.69270789964992], [-25.633229699590913, 73.69270789964992]], [[-25.91040369947109, 73.67483330021668], [-25.91040369947109, 73.67483330021668]], [[-26.059112999365368, 73.66684079946339], [-26.059112999365368, 73.66684079946339]], [[-26.01825079943478, 73.79246730022578], [-26.01825079943478, 73.79246730022578]], [[-26.676962600043908, 73.68068390004203], [-26.676962600043908, 73.68068390004203]], [[-26.787786000023857, 73.66807569993364], [-26.787786000023857, 73.66807569993364]]], [[[-22.041067899164148, 73.83714690010942], [-22.041067899164148, 73.83714690010942]]], [[[-22.653719100056378, 73.85675720008476], [-22.653719100056378, 73.85675720008476]]], [[[-22.000329599731174, 73.86237110014622], [-22.000329599731174, 73.86237110014622]]], [[[-25.29598339991395, 73.87760399952504], [-25.29598339991395, 73.87760399952504]]], [[[-22.92794240002172, 73.87472569953144], [-22.92794240002172, 73.87472569953144]]], [[[-22.8141305996474, 73.90349219960541], [-22.8141305996474, 73.90349219960541]]], [[[-21.482172999983902, 73.91379319979637], [-21.482172999983902, 73.91379319979637]], [[-21.43479069993083, 73.88242489988926], [-21.43479069993083, 73.88242489988926]]], [[[-22.868616699401116, 73.88898519970724], [-22.868616699401116, 73.88898519970724]]], [[[-25.890799699246656, 73.9133538000379], [-25.890799699246656, 73.9133538000379]]], [[[-21.506748099944787, 73.93220820004848], [-21.506748099944787, 73.93220820004848]]], [[[-23.328894699430805, 73.96665059944564], [-23.328894699430805, 73.96665059944564]]], [[[-23.46838409934668, 73.98511150019561], [-23.46838409934668, 73.98511150019561]]], [[[-23.247259299177244, 73.98246310019198], [-23.247259299177244, 73.98246310019198]]], [[[-23.185288399240164, 73.9773754995797], [-22.93300880001607, 73.89524719979846], [-23.185288399240164, 73.9773754995797]]], [[[-22.6343598997895, 74.01371629946772], [-22.6343598997895, 74.01371629946772]]], [[[-25.547712099633657, 74.02673279987886], [-25.32106809981292, 73.9098620994564], [-25.556697499589916, 74.02136810015776], [-25.547712099633657, 74.02673279987886]]], [[[-25.439735499993276, 74.07107810017425], [-25.199148600027797, 73.98472899964366], [-24.91701639938725, 73.93354290008483], [-25.150007899644834, 74.06481129950191], [-25.419623099526405, 74.06406499979994], [-25.439735499993276, 74.07107810017425]]], [[[-22.31827349942239, 74.13099969967647], [-22.31827349942239, 74.13099969967647]]], [[[-23.44114239980189, 74.19398869961884], [-23.44114239980189, 74.19398869961884]]], [[[-21.128941000027112, 74.19121029991544], [-21.128941000027112, 74.19121029991544]]], [[[-22.197185399486557, 74.22113440013254], [-22.197185399486557, 74.22113440013254]]], [[[-20.60724859964313, 74.22399060018608], [-20.60724859964313, 74.22399060018608]]], [[[-23.6690483993641, 74.240401099731], [-23.6690483993641, 74.240401099731]]], [[[-24.782526399973335, 74.27560249995548], [-24.782526399973335, 74.27560249995548]]], [[[-24.913970099740254, 74.31925610018891], [-24.913970099740254, 74.31925610018891]]], [[[-24.416766799847892, 74.30730299953387], [-24.691566099395914, 74.30870820012342], [-24.42864199942869, 74.2898785998176], [-24.416766799847892, 74.30730299953387]]], [[[-21.286798999674033, 74.35453849965211], [-21.286798999674033, 74.35453849965211]]], [[[-24.401026699922227, 74.36800509995544], [-24.401026699922227, 74.36800509995544]]], [[[-24.452675499774443, 74.36673190005718], [-24.452675499774443, 74.36673190005718]]], [[[-21.030194899774756, 74.39064159973009], [-21.030194899774756, 74.39064159973009]]], [[[-22.29322489920969, 74.38941950020984], [-22.29322489920969, 74.38941950020984]]], [[[-21.064289799334745, 74.4033923001146], [-21.307162199475897, 74.33494259962134], [-21.05271169978505, 74.22555270009707], [-20.792606599414967, 74.21665660012206], [-21.058231499284204, 74.28619359985481], [-21.064289799334745, 74.4033923001146]], [[-21.12997379945125, 74.33079059970646], [-21.12997379945125, 74.33079059970646]], [[-21.135705199535266, 74.28800579942816], [-21.135705199535266, 74.28800579942816]], [[-20.964784099306712, 74.26905939967162], [-20.964784099306712, 74.26905939967162]]], [[[-21.099033999519406, 74.42430030021876], [-21.099033999519406, 74.42430030021876]]], [[[-21.016871899618423, 74.5235465997958], [-21.016871899618423, 74.5235465997958]]], [[[-21.66648279944161, 74.58498889981792], [-21.66648279944161, 74.58498889981792]]], [[[-21.121158199591207, 74.61773809973357], [-21.121158199591207, 74.61773809973357]]], [[[-21.59274479933299, 74.74328299961081], [-21.838490699785893, 74.68341239976252], [-22.11263939918888, 74.70384119971163], [-21.893100899686715, 74.57747560011893], [-21.631712899330807, 74.59873460022169], [-21.37567619969684, 74.6147965000585], [-21.59274479933299, 74.74328299961081]], [[-21.727666299759903, 74.70791049976981], [-21.727666299759903, 74.70791049976981]], [[-21.520960899226054, 74.6980513994526], [-21.520960899226054, 74.6980513994526]], [[-21.318093899613757, 74.68761490020756], [-21.318093899613757, 74.68761490020756]], [[-21.742485100007286, 74.68157959941902], [-21.742485100007286, 74.68157959941902]], [[-21.53387349916261, 74.65319240010922], [-21.53387349916261, 74.65319240010922]]], [[[-21.24131909939689, 74.9531398997866], [-21.24131909939689, 74.9531398997866]]], [[[-21.820974499973147, 75.02794699955444], [-21.820974499973147, 75.02794699955444]]], [[[-21.104111799320037, 75.0445162995876], [-21.104111799320037, 75.0445162995876]]], [[[-22.54801689936039, 75.12472559990658], [-22.28454449982877, 75.03409609965536], [-22.521382599227536, 75.11981169975019], [-22.54801689936039, 75.12472559990658]]], [[[-21.372721799971032, 75.15515079966974], [-21.372721799971032, 75.15515079966974]]], [[[-22.86774860001782, 75.20947900005586], [-22.86774860001782, 75.20947900005586]]], [[[-21.513175899947782, 75.2102500994626], [-21.513175899947782, 75.2102500994626]]], [[[-21.309854999908282, 75.23470170002349], [-21.309854999908282, 75.23470170002349]]], [[[-21.806837199676977, 75.2353565998273], [-21.806837199676977, 75.2353565998273]]], [[[-21.74237939998926, 75.3202313994596], [-21.74237939998926, 75.3202313994596]]], [[[-22.36635129917306, 75.47027290017428], [-22.1211091000049, 75.3480762994817], [-21.84040299929893, 75.38330849968759], [-22.102475499744457, 75.43353250002491], [-22.36635129917306, 75.47027290017428]]], [[[-22.168727499974125, 75.62854209953832], [-21.911193799654086, 75.50334850003333], [-22.143676399646097, 75.59545739943951], [-22.168727499974125, 75.62854209953832]], [[-22.14389369923481, 75.55334899995643], [-22.14389369923481, 75.55334899995643]]], [[[-20.490993299900822, 75.67872240001878], [-20.22886639946472, 75.62284739988763], [-20.490993299900822, 75.67872240001878]]], [[[-20.829838599571644, 75.72703669988385], [-21.089315799584426, 75.67946259961934], [-21.336752199754187, 75.63008990022877], [-21.080285199702132, 75.6280477997662], [-21.32230339948228, 75.56069799981287], [-21.052190299842437, 75.56239929948816], [-20.789502199966535, 75.5267819996896], [-21.02830949988345, 75.62092299999654], [-20.72006749991516, 75.67817199963815], [-20.829838599571644, 75.72703669988385]]], [[[-22.120799699946133, 75.72994200022316], [-21.87077459946812, 75.68520589953272], [-21.59885539945708, 75.60625039983614], [-21.352221599247343, 75.67373979975201], [-21.633974099824798, 75.7252420002182], [-21.926342399282248, 75.7215798996927], [-22.120799699946133, 75.72994200022316]], [[-21.55108969952994, 75.71312580031548], [-21.55108969952994, 75.71312580031548]]], [[[-21.555018499404184, 75.84001160015526], [-21.821919599310036, 75.79749839963148], [-22.09564489969233, 75.80670269996966], [-21.795028699215038, 75.78656380007936], [-21.555018499404184, 75.84001160015526]]], [[[-18.555779500023846, 76.0680688998599], [-18.555779500023846, 76.0680688998599]]], [[[-24.12365079954469, 76.11266319994678], [-24.12365079954469, 76.11266319994678]]], [[[-20.116996899986873, 76.1350008999716], [-20.379853299889817, 76.11742489973938], [-20.09253509931534, 76.13257369991635], [-20.116996899986873, 76.1350008999716]]], [[[-18.615560499517414, 76.1661271995107], [-18.615560499517414, 76.1661271995107]]], [[[-21.547997699933887, 76.18232029964219], [-21.77507909942085, 76.07511219946849], [-21.492593099192106, 76.011398499741], [-21.223954499200715, 76.02045910010742], [-20.95851149980581, 76.02190000018493], [-21.218643799271888, 76.1658254994473], [-21.47492629980883, 76.14936239945524], [-21.547997699933887, 76.18232029964219]]], [[[-20.641377199498095, 76.21712919975283], [-20.38520979959253, 76.16038809943132], [-20.641377199498095, 76.21712919975283]]], [[[-62.69657149977485, 76.3106420002282], [-62.69657149977485, 76.3106420002282]]], [[[-18.70113379988493, 76.31410480019645], [-18.70113379988493, 76.31410480019645]]], [[[-65.87762839953098, 76.3284445999384], [-65.87762839953098, 76.3284445999384]]], [[[-63.817289799184834, 76.32815799949213], [-64.0680980994477, 76.31375569956595], [-63.73105759972839, 76.22482389990313], [-63.817289799184834, 76.32815799949213]]], [[[-25.197087499588406, 76.37464469979312], [-25.197087499588406, 76.37464469979312]]], [[[-21.74739489925514, 76.3984695996923], [-22.085364099173773, 76.39117909983565], [-21.826036499584745, 76.35312740000956], [-21.74739489925514, 76.3984695996923]]], [[[-24.951925399437584, 76.41217849983798], [-24.951925399437584, 76.41217849983798]]], [[[-21.90012929932766, 76.53177989992253], [-21.90012929932766, 76.53177989992253]]], [[[-22.09294789942595, 76.59695349970428], [-22.09294789942595, 76.59695349970428]]], [[[-24.84364989932334, 76.61966529971386], [-24.84364989932334, 76.61966529971386]]], [[[-23.787117099274667, 76.70688880027797], [-23.787117099274667, 76.70688880027797]]], [[[-24.294719699754296, 76.82674020020016], [-24.294719699754296, 76.82674020020016]]], [[[-21.49575949970108, 76.91592199970057], [-21.49575949970108, 76.91592199970057]]], [[[-70.7188563999029, 76.99134379957673], [-70.7188563999029, 76.99134379957673]]], [[[-21.333904299543747, 77.01506379985454], [-21.333904299543747, 77.01506379985454]]], [[[-21.18275639978799, 77.01649089983522], [-21.18275639978799, 77.01649089983522]]], [[[-20.956828599360335, 77.06869429990206], [-20.956828599360335, 77.06869429990206]]], [[[-19.223910199895784, 77.12824490028197], [-19.223910199895784, 77.12824490028197]]], [[[-21.675574799637275, 77.13213659952453], [-21.675574799637275, 77.13213659952453]]], [[[-20.073200799477263, 77.1341551998027], [-20.073200799477263, 77.1341551998027]]], [[[-19.929302699859647, 77.13633559980815], [-19.929302699859647, 77.13633559980815]]], [[[-21.407954699849483, 77.17423589966711], [-21.155097499350063, 77.17213990013636], [-21.407954699849483, 77.17423589966711]]], [[[-20.292518099930305, 77.20766239970004], [-20.292518099930305, 77.20766239970004]]], [[[-19.920845599444817, 77.23268680005583], [-19.920845599444817, 77.23268680005583]]], [[[-20.176533199347602, 77.23235699977579], [-20.176533199347602, 77.23235699977579]]], [[[-18.86108439962527, 77.26200979971253], [-19.05718879962336, 77.09467649982065], [-18.77741239916287, 77.08975639973812], [-18.86108439962527, 77.26200979971253]], [[-18.871231699383372, 77.15114460014325], [-18.871231699383372, 77.15114460014325]]], [[[-20.63590679975897, 77.27317519947593], [-20.38824699989908, 77.2269292000226], [-20.651633299237346, 77.25995409970199], [-20.63590679975897, 77.27317519947593]]], [[[-20.45861429961019, 77.28080459985244], [-20.45861429961019, 77.28080459985244]]], [[[-20.307926799682036, 77.3004959997906], [-20.307926799682036, 77.3004959997906]]], [[[-20.68352629959901, 77.30889129969376], [-20.68352629959901, 77.30889129969376]]], [[[-20.448067199941306, 77.33497109943676], [-20.448067199941306, 77.33497109943676]]], [[[-67.469594099588, 77.35604090016744], [-67.74979679938275, 77.33750239961608], [-68.04800529980469, 77.34174679947529], [-67.68088439949543, 77.26952890003878], [-67.4148761995769, 77.28789329993589], [-67.469594099588, 77.35604090016744]]], [[[-71.81133270004403, 77.40331739947845], [-72.0890506998299, 77.34911020017563], [-71.80099379972404, 77.34626959976225], [-71.5512182997847, 77.37163769942038], [-71.81713729954669, 77.37467649962082], [-71.81133270004403, 77.40331739947845]]], [[[-71.97642799925273, 77.41773909957982], [-71.97642799925273, 77.41773909957982]]], [[[-21.017682499947398, 77.27365620007362], [-21.369588399185204, 77.40297949990406], [-21.09347099928715, 77.27758850010923], [-20.85563420005826, 77.19668039958083], [-21.017682499947398, 77.27365620007362]]], [[[-72.19822989988995, 77.44611320026405], [-72.19822989988995, 77.44611320026405]]], [[[-70.7315549998633, 77.45241380015682], [-70.41157799922524, 77.40720160017378], [-70.68446079942629, 77.44313529945458], [-70.7315549998633, 77.45241380015682]]], [[[-21.35252959996103, 77.49066660008356], [-21.35252959996103, 77.49066660008356]]], [[[-68.97372269974278, 77.62302209998995], [-69.26395599966963, 77.65944959991918], [-69.53138039978558, 77.64114360019704], [-69.77211099972283, 77.55798400016153], [-69.4756010992113, 77.55350299946389], [-69.20624670002513, 77.5081813996519], [-68.89073089971123, 77.49157790020001], [-68.97372269974278, 77.62302209998995]]], [[[-20.023651699866036, 77.76777339992253], [-20.293356299553523, 77.73396190012164], [-19.998305299949607, 77.7101407998581], [-19.658658399465537, 77.67360180018301], [-19.394042399537057, 77.61789029949779], [-19.67070559978356, 77.72722470005994], [-19.92072199932079, 77.75383879962095], [-20.023651699866036, 77.76777339992253]]], [[[-17.845381799830136, 77.66787190016811], [-17.542477599961217, 77.77631909974673], [-17.797464799760633, 77.76846600020582], [-17.845381799830136, 77.66787190016811]]], [[[-69.8558289996086, 77.81918719972953], [-70.13592449931616, 77.78806989970616], [-69.85639109926979, 77.73654870016242], [-69.8558289996086, 77.81918719972953]]], [[[-71.07248650005192, 77.85231239989741], [-71.07248650005192, 77.85231239989741]]], [[[-71.68923220000596, 77.97164659971088], [-71.68923220000596, 77.97164659971088]]], [[[-19.533915799174736, 79.25809760002426], [-19.533915799174736, 79.25809760002426]]], [[[-19.889247999395593, 79.27186229950559], [-20.220051499277247, 79.27481679995543], [-19.992279699248684, 79.15944510031119], [-19.695710999263156, 79.24804969963401], [-19.889247999395593, 79.27186229950559]]], [[[-15.769067699314803, 79.32993559974818], [-15.769067699314803, 79.32993559974818]]], [[[-19.79468099922866, 79.71930590014722], [-19.79468099922866, 79.71930590014722]]], [[[-19.634108599232434, 79.7753670995121], [-19.361056400032794, 79.7513428001302], [-19.63656649944437, 79.75011029995045], [-19.634108599232434, 79.7753670995121]]], [[[-20.44088479949386, 79.92494689997949], [-20.44088479949386, 79.92494689997949]]], [[[-21.630104399798142, 79.97017679951972], [-21.94060219983163, 79.95751829943003], [-21.68488530001656, 79.92611499970752], [-21.630104399798142, 79.97017679951972]]], [[[-63.95611749952292, 80.05025100008362], [-63.95611749952292, 80.05025100008362]]], [[[-63.23080779964022, 80.0296914998629], [-63.52382219993456, 80.02921169986013], [-63.902660299732986, 80.01101879977784], [-63.65044100005207, 79.98541029964565], [-63.32186210005585, 80.00560599981708], [-63.23080779964022, 80.0296914998629]]], [[[-21.649855099233378, 80.02892889994882], [-21.929065199299487, 80.030089100032], [-21.67046099997515, 80.0051127000911], [-21.649855099233378, 80.02892889994882]]], [[[-63.58185399916272, 80.04599509969415], [-63.58185399916272, 80.04599509969415]]], [[[-19.398768099468157, 80.06050319946314], [-19.398768099468157, 80.06050319946314]]], [[[-17.827506699474554, 80.06245590011974], [-18.095001999442673, 80.06354149964056], [-18.361629399676985, 80.04480640009535], [-18.61241509997683, 80.02532249983358], [-18.873406600034514, 80.03535059985035], [-19.15348469965909, 80.01024220011749], [-19.418159699610385, 79.98458080006395], [-19.737505099180964, 79.92763769942036], [-19.4715284996405, 79.89621110006226], [-19.204250199786827, 79.97367089949245], [-18.953459899454742, 79.94196970024154], [-19.214012799251236, 79.88261479953343], [-18.941916299697425, 79.81569720026562], [-18.67724129974613, 79.79380910010991], [-18.422328999983336, 79.74097159975958], [-18.120339300018657, 79.70451069990895], [-17.864776099737185, 79.75433169964828], [-17.60096889969492, 79.83348059945018], [-17.845467799299456, 79.94048489975836], [-17.59012160003175, 79.9516954994478], [-17.298413699732407, 79.97241919968639], [-17.5346940998528, 80.06521510019678], [-17.827506699474554, 80.06245590011974]], [[-17.753340399939475, 80.04800089992165], [-17.753340399939475, 80.04800089992165]], [[-17.63867099976676, 79.99664770003136], [-17.63867099976676, 79.99664770003136]], [[-18.324689899519228, 79.97637929956505], [-18.324689899519228, 79.97637929956505]], [[-18.9354426999206, 79.96197610031686], [-18.9354426999206, 79.96197610031686]], [[-18.926018699703206, 80.01049370002431], [-18.926018699703206, 80.01049370002431]], [[-19.393134199383724, 79.95944590000835], [-19.393134199383724, 79.95944590000835]], [[-19.45838070000923, 79.93944140020051], [-19.45838070000923, 79.93944140020051]], [[-19.091925700011018, 79.86603269944959], [-19.091925700011018, 79.86603269944959]], [[-18.659157599843297, 79.80567790011503], [-18.659157599843297, 79.80567790011503]], [[-17.97630369945614, 79.78747010006515], [-17.97630369945614, 79.78747010006515]], [[-18.23505529946243, 79.74324210014288], [-18.23505529946243, 79.74324210014288]]], [[[-63.44880239971093, 80.09447869963236], [-63.44880239971093, 80.09447869963236]]], [[[-19.29839809969252, 80.10424439995916], [-19.29839809969252, 80.10424439995916]]], [[[-61.30846049955238, 80.10210269957997], [-61.60603719925729, 80.10223389987465], [-61.22894939959508, 80.09367299970921], [-61.30846049955238, 80.10210269957997]]], [[[-21.034245600054362, 80.10735129952292], [-21.034245600054362, 80.10735129952292]]], [[[-20.95807329974292, 80.12375619988876], [-20.95807329974292, 80.12375619988876]]], [[[-19.09486979980136, 80.14371740003804], [-18.83558039981557, 80.11155949987108], [-19.09486979980136, 80.14371740003804]]], [[[-18.86067289953462, 80.1422421998177], [-18.86067289953462, 80.1422421998177]]], [[[-19.353905799612903, 80.15178410025607], [-19.353905799612903, 80.15178410025607]]], [[[-19.992119799788895, 80.17394299976968], [-20.254450699739948, 80.16684669951565], [-19.999216699890724, 80.12342289944729], [-19.992119799788895, 80.17394299976968]]], [[[-19.05127469956767, 80.18960109951121], [-19.05127469956767, 80.18960109951121]]], [[[-19.23173809953363, 80.19020570023292], [-19.23173809953363, 80.19020570023292]]], [[[-21.559160899955543, 80.20371930000573], [-21.858388200055344, 80.19955559991104], [-22.148496199240185, 80.17332960008105], [-22.41529739975516, 80.15144769985153], [-22.132682199323995, 80.15323259960485], [-21.86012179978121, 80.16224509973165], [-21.60057719917836, 80.18153729960676], [-21.559160899955543, 80.20371930000573]]], [[[-18.600394599631045, 80.22904689959478], [-18.600394599631045, 80.22904689959478]]], [[[-18.58790469994193, 80.24628150009119], [-18.58790469994193, 80.24628150009119]]], [[[-63.72419949930742, 80.25102339951036], [-63.72419949930742, 80.25102339951036]]], [[[-19.585694699450755, 80.27221299983012], [-19.585694699450755, 80.27221299983012]]], [[[-66.04542959959633, 80.28619209948585], [-65.8792656000274, 80.08246719970157], [-65.5731738997556, 80.11465699972081], [-65.79511989966358, 80.25423540014367], [-66.04542959959633, 80.28619209948585]]], [[[-20.415022799362646, 80.29097669961504], [-20.415022799362646, 80.29097669961504]]], [[[-64.68629369989429, 80.31001870000307], [-64.95722209972007, 80.26828269988675], [-64.71278159939123, 80.18068770017726], [-64.45842299962169, 80.26323939987844], [-64.68629369989429, 80.31001870000307]]], [[[-20.958124699595146, 80.30294990011788], [-20.958124699595146, 80.30294990011788]]], [[[-16.263178499588037, 80.31863229954104], [-16.263178499588037, 80.31863229954104]]], [[[-22.045255399816824, 80.29449639968914], [-22.045255399816824, 80.29449639968914]]], [[[-25.174491099684474, 80.32277780005546], [-25.174491099684474, 80.32277780005546]]], [[[-24.840007100047558, 80.37854529972589], [-24.840007100047558, 80.37854529972589]]], [[[-65.67458859968411, 80.38622450006068], [-65.67458859968411, 80.38622450006068]]], [[[-63.68943749974079, 80.38379980012076], [-63.95852629944915, 80.3878842996208], [-63.676030100009086, 80.37997999987715], [-63.68943749974079, 80.38379980012076]]], [[[-20.892621999205858, 80.3902555996163], [-20.892621999205858, 80.3902555996163]]], [[[-20.022546299971737, 80.42029789952852], [-20.022546299971737, 80.42029789952852]]], [[[-65.65340719938268, 80.41532820003647], [-65.65340719938268, 80.41532820003647]]], [[[-63.84499620001458, 80.46122549995692], [-63.58662729931035, 80.41218319979487], [-63.32598070004923, 80.39373899945531], [-63.604372299242186, 80.4243516997712], [-63.84499620001458, 80.46122549995692]]], [[[-18.36933119997485, 80.476628300156], [-18.36933119997485, 80.476628300156]]], [[[-62.1934599993794, 80.48538419942133], [-62.1934599993794, 80.48538419942133]]], [[[-21.41524109969697, 80.49702320016064], [-21.41524109969697, 80.49702320016064]]], [[[-16.84779260004842, 80.50668619970838], [-17.184147199433653, 80.49526570005207], [-17.462814600013758, 80.4928210999139], [-17.723838099748434, 80.4404664995294], [-18.044845699169628, 80.26101149948119], [-17.79616029985789, 80.22438279962654], [-17.41454119951669, 80.28408329990441], [-17.125161699752596, 80.3268743001089], [-16.865118199345375, 80.35768489983832], [-17.133684799613775, 80.29439519987864], [-17.38638509989238, 80.2242779998299], [-17.124134999530554, 80.17872399991273], [-16.795829499731553, 80.17940389997005], [-16.507847300012827, 80.26197779943595], [-16.296238599631636, 80.40516450024154], [-16.6509022996014, 80.47302839944115], [-16.988056899905985, 80.44592350026937], [-16.71576319971183, 80.48735170022087], [-16.84779260004842, 80.50668619970838]], [[-17.217293200021118, 80.42654859963824], [-17.217293200021118, 80.42654859963824]]], [[[-63.97968479941392, 80.50048249996746], [-64.24703919989912, 80.49292499948922], [-63.99650129969518, 80.4974820000943], [-63.97968479941392, 80.50048249996746]]], [[[-18.63880379975552, 80.52364669943569], [-18.63880379975552, 80.52364669943569]]], [[[-24.460621499282695, 80.48493010024401], [-24.460621499282695, 80.48493010024401]]], [[[-24.215765499578083, 80.49164919965091], [-24.215765499578083, 80.49164919965091]]], [[[-22.795925599187, 80.52768049965539], [-22.795925599187, 80.52768049965539]]], [[[-19.48111789957136, 80.56025099978388], [-19.776514099446104, 80.53639489970493], [-19.523754999693438, 80.49377569968885], [-19.254655999874444, 80.46895000004253], [-19.596008399867742, 80.4923840995466], [-19.866639299464055, 80.50431139955151], [-20.118121799881123, 80.49660040008843], [-19.866894599905834, 80.46510220030638], [-19.604178399813236, 80.48293290023321], [-19.358312699771204, 80.43218509966266], [-19.60928459930477, 80.43290649983516], [-19.86510739968668, 80.42547780026035], [-20.120419599185084, 80.45481979989393], [-19.837788999662564, 80.41579069978104], [-20.139567999263704, 80.36716649983418], [-20.412751999505133, 80.39221219973331], [-20.107663699819852, 80.33964580001373], [-19.825033099397956, 80.32481080027827], [-20.083664399792156, 80.32408129991211], [-20.394889899749046, 80.34063119977009], [-20.678541699239986, 80.349837199827], [-20.4247613995189, 80.31313279953912], [-20.16255579941054, 80.3055688994852], [-20.405612999440336, 80.24155899994793], [-20.657350799399808, 80.23177419981954], [-20.398719599729702, 80.21486609999056], [-20.647149900047793, 80.18607049965391], [-20.38744590000823, 80.1695761994821], [-20.10962499979388, 80.17020650012995], [-19.83377019923529, 80.17410269957998], [-20.07883089992606, 80.22629600026028], [-19.811805199850028, 80.24703809972857], [-19.516784799678703, 80.24886189965702], [-19.263006099851566, 80.26949310012651], [-18.98672059957596, 80.27127639998594], [-18.73563029979846, 80.25284599974316], [-18.475280199821327, 80.24952779996806], [-18.73153869925153, 80.28029679975754], [-18.480663699869808, 80.30502410008222], [-18.184351299472837, 80.32527499974151], [-17.936706499405375, 80.40169599947086], [-18.23000409980932, 80.47580880013606], [-18.506289599185607, 80.48243399952952], [-18.765060099344055, 80.45564239987692], [-19.020790099583394, 80.53127209962776], [-19.27967659969528, 80.55949719973603], [-18.98734419937523, 80.52412929992732], [-19.23882659996758, 80.49259499955963], [-19.530393099861612, 80.52164900030118], [-19.48111789957136, 80.56025099978388]], [[-19.233658999263355, 80.43821080018836], [-19.233658999263355, 80.43821080018836]], [[-18.529268899839792, 80.4367952996634], [-18.529268899839792, 80.4367952996634]], [[-18.64073749953593, 80.44424350013747], [-18.64073749953593, 80.44424350013747]], [[-18.298317299403777, 80.448867500235], [-18.298317299403777, 80.448867500235]], [[-18.308167799504304, 80.41271250028171], [-18.308167799504304, 80.41271250028171]], [[-18.329412299837713, 80.38948920006658], [-18.329412299837713, 80.38948920006658]], [[-18.82654719999323, 80.3745016995938], [-18.82654719999323, 80.3745016995938]], [[-18.844382099754057, 80.3619511001632], [-18.844382099754057, 80.3619511001632]], [[-19.597082199383976, 80.3486539995825], [-19.597082199383976, 80.3486539995825]], [[-19.026386599561874, 80.33341400005611], [-18.765457599688432, 80.30533629973053], [-19.115235299169683, 80.30301429967022], [-19.026386599561874, 80.33341400005611]], [[-18.94035009977722, 80.29368430019036], [-19.200656199523962, 80.27970290006886], [-18.94035009977722, 80.29368430019036]], [[-19.313265600027364, 80.29101290002535], [-19.313265600027364, 80.29101290002535]], [[-19.509956299543546, 80.35244690020431], [-19.509956299543546, 80.35244690020431]], [[-19.71804679991982, 80.35656629969503], [-19.71804679991982, 80.35656629969503]], [[-19.761895399253206, 80.37607769942633], [-19.761895399253206, 80.37607769942633]], [[-19.18600859961714, 80.38268699970536], [-19.18600859961714, 80.38268699970536]], [[-19.704613399888444, 80.3905162995876], [-19.704613399888444, 80.3905162995876]], [[-19.67673289930383, 80.39796009967893], [-19.67673289930383, 80.39796009967893]], [[-19.008152899936363, 80.40806839943713], [-19.008152899936363, 80.40806839943713]], [[-19.25444269957086, 80.36921199973403], [-19.25444269957086, 80.36921199973403]], [[-19.99282629999368, 80.30940349987168], [-19.99282629999368, 80.30940349987168]], [[-19.807800599717837, 80.30714199990342], [-19.807800599717837, 80.30714199990342]], [[-20.331084099551504, 80.22897070003785], [-20.331084099551504, 80.22897070003785]], [[-20.30953999997098, 80.21558400000168], [-20.30953999997098, 80.21558400000168]], [[-20.21956179953736, 80.21205130022736], [-20.21956179953736, 80.21205130022736]], [[-18.900338699871043, 80.26036560009243], [-18.900338699871043, 80.26036560009243]], [[-18.41098109989781, 80.35136329987643], [-18.41098109989781, 80.35136329987643]]], [[[-22.996785999973895, 80.56404329965864], [-22.996785999973895, 80.56404329965864]]], [[[-25.06731400004105, 80.56513979986192], [-25.06731400004105, 80.56513979986192]]], [[[-24.277899499662112, 80.55891739961834], [-24.277899499662112, 80.55891739961834]]], [[[-24.97526439923257, 80.574964199838], [-24.97526439923257, 80.574964199838]]], [[[-62.07199789928359, 80.58770079975216], [-62.07199789928359, 80.58770079975216]]], [[[-18.24028259986204, 80.59230560022331], [-18.24028259986204, 80.59230560022331]]], [[[-15.756637499321073, 80.62926389980919], [-15.756637499321073, 80.62926389980919]]], [[[-18.527589699205237, 80.63044199999837], [-18.527589699205237, 80.63044199999837]]], [[[-62.67697559974408, 80.61927839977841], [-62.67697559974408, 80.61927839977841]]], [[[-61.742457499913655, 80.61828239971305], [-61.742457499913655, 80.61828239971305]]], [[[-59.24832429972662, 80.63738099983334], [-59.24832429972662, 80.63738099983334]]], [[[-61.511530200058644, 80.62517629944671], [-61.511530200058644, 80.62517629944671]]], [[[-18.759484099411623, 80.6516554998015], [-18.759484099411623, 80.6516554998015]]], [[[-19.216153099385963, 80.66648979986445], [-19.216153099385963, 80.66648979986445]]], [[[-24.926325699171628, 80.65604599992304], [-24.926325699171628, 80.65604599992304]]], [[[-23.96987359958689, 80.67765190001523], [-23.96987359958689, 80.67765190001523]]], [[[-61.80857829984859, 80.69933409948914], [-61.80857829984859, 80.69933409948914]]], [[[-62.01157079985251, 80.66488810010577], [-62.01157079985251, 80.66488810010577]]], [[[-25.038775199315978, 80.72078880016306], [-25.038775199315978, 80.72078880016306]]], [[[-61.72719579974631, 80.72951660011108], [-61.72719579974631, 80.72951660011108]]], [[[-64.69616259922452, 80.72520769997544], [-64.69616259922452, 80.72520769997544]]], [[[-62.61557219989709, 80.74991610014797], [-62.61557219989709, 80.74991610014797]]], [[[-24.617137199621993, 80.74347629959163], [-24.617137199621993, 80.74347629959163]]], [[[-15.145827599164306, 80.75157620008162], [-15.145827599164306, 80.75157620008162]]], [[[-62.5459676997495, 80.78454700014402], [-62.5459676997495, 80.78454700014402]]], [[[-25.926482499367808, 80.79764480016746], [-25.926482499367808, 80.79764480016746]]], [[[-27.531515400015678, 80.80710509972062], [-27.531515400015678, 80.80710509972062]]], [[[-19.806519999298473, 80.86111599950385], [-19.806519999298473, 80.86111599950385]]], [[[-15.226540899342979, 80.79594670028007], [-15.226540899342979, 80.79594670028007]]], [[[-24.523743399238413, 80.88080600009687], [-24.79597329972796, 80.87657660003015], [-24.523743399238413, 80.88080600009687]]], [[[-15.023705799582956, 80.9130468995948], [-14.780934699976399, 80.82290090005654], [-15.023705799582956, 80.9130468995948]], [[-15.03274399963584, 80.86635299999102], [-15.03274399963584, 80.86635299999102]]], [[[-60.54834109916237, 80.91839220004005], [-60.54834109916237, 80.91839220004005]]], [[[-26.86765839991517, 80.93916909967425], [-27.1310961998297, 80.91868980009428], [-26.798366599438964, 80.85726149981843], [-26.86765839991517, 80.93916909967425]]], [[[-63.78953689980801, 80.96140929969948], [-63.78953689980801, 80.96140929969948]]], [[[-19.765472599280997, 80.96733969996723], [-19.765472599280997, 80.96733969996723]]], [[[-25.92111549918087, 80.98438589968958], [-25.92111549918087, 80.98438589968958]]], [[[-25.794772299901695, 81.01093680029317], [-25.794772299901695, 81.01093680029317]]], [[[-23.639442399247287, 81.00511899964215], [-23.639442399247287, 81.00511899964215]]], [[[-25.50228749956841, 81.01780279945967], [-25.50228749956841, 81.01780279945967]]], [[[-20.336239799527107, 81.00707369949168], [-20.336239799527107, 81.00707369949168]]], [[[-63.852628999828426, 80.98405089952945], [-64.10825079993441, 81.01578520012691], [-64.39455519926298, 80.93286499962011], [-64.68864279922576, 80.87452019944772], [-64.45384739923804, 80.78527610031182], [-64.14061519973166, 80.73648039965076], [-64.43504739921804, 80.6281812995274], [-64.69715249918846, 80.63314399959597], [-64.95639789984318, 80.61996280004325], [-64.72193819968811, 80.51065589984995], [-64.4671629997726, 80.5432161998678], [-64.16314909945135, 80.54181699955495], [-63.924306399520674, 80.61858509982255], [-63.65531069942921, 80.74744849984847], [-63.34848169987049, 80.76528789981677], [-63.62325689938638, 80.8478023001361], [-63.86170829979818, 80.95153169942841], [-63.852628999828426, 80.98405089952945]], [[-63.66497709931366, 80.89240879952655], [-63.66497709931366, 80.89240879952655]], [[-64.61898019927673, 80.56477790008006], [-64.61898019927673, 80.56477790008006]]], [[[-19.34138889957802, 81.02859570003159], [-19.34138889957802, 81.02859570003159]]], [[[-20.17963599980152, 81.03838859945438], [-20.17963599980152, 81.03838859945438]]], [[[-24.43203759935568, 81.08187050022349], [-24.43203759935568, 81.08187050022349]]], [[[-26.62021759936266, 81.08115789991723], [-26.62021759936266, 81.08115789991723]]], [[[-20.13480329933276, 81.08598479965883], [-20.13480329933276, 81.08598479965883]]], [[[-23.40123049998755, 81.09980569957344], [-23.40123049998755, 81.09980569957344]]], [[[-26.000098199772083, 81.09933299971823], [-26.000098199772083, 81.09933299971823]]], [[[-24.624010299835447, 81.11939989988554], [-24.88858419980096, 81.11859069980102], [-24.61574869944286, 81.10694640025622], [-24.624010299835447, 81.11939989988554]]], [[[-27.396238999230377, 81.11745189998527], [-27.128613499913058, 81.0770388997255], [-27.396238999230377, 81.11745189998527]]], [[[-23.84760879970628, 81.08637610007702], [-23.84760879970628, 81.08637610007702]]], [[[-24.37167719994278, 81.12684200025814], [-24.37167719994278, 81.12684200025814]]], [[[-22.95078939961104, 81.13429520006349], [-23.213082299608402, 81.13136269972887], [-22.959873999285605, 81.11227040025881], [-22.95078939961104, 81.13429520006349]]], [[[-24.042457899912108, 81.13844929989534], [-24.042457899912108, 81.13844929989534]]], [[[-21.011192299584934, 81.15713869949144], [-21.26780589992228, 81.07403319997223], [-21.54029499941464, 81.0057245995107], [-21.787928200026386, 80.9291579995421], [-22.07140299944882, 80.8692066999293], [-22.269960399252966, 80.68896969979187], [-22.52065039999593, 80.62021179983475], [-22.271283999856678, 80.532814099691], [-21.99583699957782, 80.5492800001719], [-21.69735009962733, 80.5357827995366], [-21.43907779960074, 80.59385309964091], [-21.161138999165416, 80.65426410030801], [-20.8823056997482, 80.71462630016367], [-20.5801982992121, 80.74676230004019], [-20.892020599171246, 80.79582089951498], [-20.60957969994314, 80.78850319966301], [-20.329982299643348, 80.81384399950105], [-20.583515599665134, 80.87785180002061], [-20.317897999592958, 80.91911859954376], [-20.569633799460235, 80.93963559960332], [-20.859175599873993, 80.89700299968877], [-21.13640359954644, 80.84240969984785], [-21.406049299935205, 80.81449979952617], [-21.714791199754018, 80.76782099953954], [-21.430887099959648, 80.81913489995571], [-21.189691599987327, 80.93871899978205], [-20.86460039948878, 80.97952700027088], [-20.564151599716524, 81.00819889975946], [-20.30895969983021, 81.05323020021365], [-20.577894499631384, 81.07986959950244], [-20.86049409952301, 81.11471250028171], [-21.011192299584934, 81.15713869949144]], [[-20.913531499379133, 80.77426540012817], [-20.913531499379133, 80.77426540012817]]], [[[-20.000582899581104, 81.12991819966521], [-19.74274919981565, 81.12794149970051], [-20.000582899581104, 81.12991819966521]]], [[[-23.969604799421916, 81.15555099947909], [-23.969604799421916, 81.15555099947909]]], [[[-25.9329905000115, 81.17251600031324], [-25.9329905000115, 81.17251600031324]]], [[[-23.482034099294196, 81.15917219973727], [-23.482034099294196, 81.15917219973727]]], [[[-20.19130469975204, 81.17901139965642], [-20.19130469975204, 81.17901139965642]]], [[[-23.236427899527882, 81.19336670011319], [-23.236427899527882, 81.19336670011319]]], [[[-19.568254699194995, 81.20236929960356], [-19.568254699194995, 81.20236929960356]]], [[[-20.103281799915067, 81.20318219949894], [-20.103281799915067, 81.20318219949894]]], [[[-19.26567959993355, 81.20095260028233], [-19.26567959993355, 81.20095260028233]]], [[[-23.458017799381878, 81.24428909956237], [-23.458017799381878, 81.24428909956237]]], [[[-24.187383899447354, 81.23214750010709], [-24.187383899447354, 81.23214750010709]]], [[[-20.233404499917697, 81.24743950023282], [-20.233404499917697, 81.24743950023282]]], [[[-25.37730839916327, 81.25534539987035], [-25.37730839916327, 81.25534539987035]]], [[[-26.31303119933034, 81.2913817999302], [-26.563176999618804, 81.26956070016621], [-26.318953999427492, 81.19971209973369], [-26.068858399295664, 81.24075339964975], [-26.31303119933034, 81.2913817999302]]], [[[-57.46189179946691, 81.29371200000884], [-57.46189179946691, 81.29371200000884]]], [[[-24.80844789925112, 81.30137890031608], [-24.80844789925112, 81.30137890031608]]], [[[-57.7609942997471, 81.31066729985605], [-57.7609942997471, 81.31066729985605]]], [[[-22.71082829918663, 81.29398319956505], [-22.71082829918663, 81.29398319956505]]], [[[-58.559503299537596, 81.32586969962699], [-58.559503299537596, 81.32586969962699]]], [[[-18.67918639933282, 81.33472400001267], [-18.96670339954221, 81.32786159993293], [-18.706926599382996, 81.3055294999865], [-18.67918639933282, 81.33472400001267]]], [[[-26.106796399634106, 81.34112479966984], [-26.106796399634106, 81.34112479966984]]], [[[-24.314962699768728, 81.36338680016075], [-24.023947999600466, 81.2992245995357], [-24.26747059968835, 81.36269100008963], [-24.314962699768728, 81.36338680016075]]], [[[-22.310202499545653, 81.37118049948054], [-22.310202499545653, 81.37118049948054]]], [[[-56.719631799967544, 81.34896069967658], [-56.719631799967544, 81.34896069967658]]], [[[-56.932234799796106, 81.37466049988222], [-56.932234799796106, 81.37466049988222]]], [[[-24.28674209986798, 81.38527419974457], [-24.617670099195664, 81.37882589969558], [-24.869268299192584, 81.37463570017746], [-25.19181909927198, 81.37481819960027], [-25.460814199515653, 81.3268610996601], [-25.751718499808874, 81.29007460026264], [-26.004890399172552, 81.22848129957237], [-26.34935019965195, 81.17299549994243], [-26.608607999259732, 81.16122069977553], [-26.35106149978833, 81.14194320021858], [-26.04466259919957, 81.18675880007862], [-25.768387199209826, 81.25637410018464], [-25.483505099280876, 81.29455989971967], [-25.223152199714207, 81.32719599999547], [-24.868555699785645, 81.3538901994732], [-24.617239799676952, 81.368304799427], [-24.30567689926943, 81.37921289955574], [-24.28674209986798, 81.38527419974457]]], [[[-55.57847069996279, 81.38915209978961], [-55.57847069996279, 81.38915209978961]]], [[[-56.19296069967652, 81.36833689982814], [-56.455338699821084, 81.36309509965918], [-56.18157739957729, 81.29195280018166], [-56.19296069967652, 81.36833689982814]]], [[[-23.990430499867614, 81.40758789956197], [-23.990430499867614, 81.40758789956197]]], [[[-25.597475499594566, 81.40516080023082], [-25.85685859994436, 81.40332759968902], [-25.557576599480456, 81.33569580022106], [-25.29716939974793, 81.35643720001684], [-25.554186499807088, 81.40460779991008], [-25.597475499594566, 81.40516080023082]]], [[[-19.65765089976918, 81.39657279989484], [-19.970120099163182, 81.42123279945417], [-20.20670679937922, 81.33099439997164], [-19.91437499980634, 81.36569209981059], [-19.656629599975986, 81.39241719999382], [-19.65765089976918, 81.39657279989484]]], [[[-56.17159110004917, 81.42888989984908], [-56.17159110004917, 81.42888989984908]]], [[[-24.509905499439185, 81.43749239995435], [-24.509905499439185, 81.43749239995435]]], [[[-25.25526989928636, 81.43811570027941], [-24.982841199161953, 81.3852710997815], [-25.25526989928636, 81.43811570027941]]], [[[-54.818081699910465, 81.4597867994213], [-54.818081699910465, 81.4597867994213]]], [[[-23.619640999632395, 81.4674289998485], [-23.889015699215122, 81.45073890018017], [-23.619739999701153, 81.42725599986454], [-23.359947999200756, 81.41468059982986], [-23.619640999632395, 81.4674289998485]]], [[[-21.519656999171104, 81.52416509993947], [-21.519656999171104, 81.52416509993947]]], [[[-53.43475969930063, 81.5283046001772], [-53.43475969930063, 81.5283046001772]]], [[[-55.63103349969623, 81.53740209972716], [-55.63103349969623, 81.53740209972716]]], [[[-24.75566939982292, 81.54443370005527], [-24.75566939982292, 81.54443370005527]]], [[[-24.43927729920796, 81.5644991001534], [-24.43927729920796, 81.5644991001534]]], [[[-54.11704549974996, 81.55474469980811], [-54.11704549974996, 81.55474469980811]]], [[[-22.068066499369422, 81.56713360023554], [-22.068066499369422, 81.56713360023554]]], [[[-24.236810300055254, 81.57067090004205], [-24.236810300055254, 81.57067090004205]]], [[[-21.768234299972903, 81.58138129950743], [-21.768234299972903, 81.58138129950743]]], [[[-22.35595619931911, 81.60047429954932], [-22.626313499967978, 81.59295199943529], [-22.91897589931824, 81.5390265001729], [-22.706464799410924, 81.40113009997418], [-22.34762239955404, 81.39541109974249], [-22.017703099618302, 81.46575469961977], [-22.27188309942545, 81.55595999955437], [-22.35595619931911, 81.60047429954932]]], [[[-56.14535379933835, 81.60608649989211], [-56.14535379933835, 81.60608649989211]]], [[[-51.373018299554815, 81.6056553999768], [-51.373018299554815, 81.6056553999768]]], [[[-55.501110999572916, 81.61360710028748], [-55.501110999572916, 81.61360710028748]]], [[[-54.0864432999183, 81.60035409976194], [-54.0864432999183, 81.60035409976194]]], [[[-56.68200599927741, 81.6245931995166], [-56.94306399970378, 81.62071650006646], [-56.660486899950456, 81.56510319995277], [-56.407527599419154, 81.52718800012616], [-56.68200599927741, 81.6245931995166]]], [[[-51.81224879934257, 81.59234999955288], [-52.0863780994697, 81.63934190030852], [-51.83355599950971, 81.52709260004349], [-51.56730999995648, 81.59969409990282], [-51.81224879934257, 81.59234999955288]]], [[[-55.536788099790954, 81.6287804996204], [-55.536788099790954, 81.6287804996204]]], [[[-28.810295999860443, 81.64432279995731], [-28.810295999860443, 81.64432279995731]]], [[[-51.73750419975897, 81.64443179958795], [-51.73750419975897, 81.64443179958795]]], [[[-54.95227119985594, 81.64640439954348], [-55.21253629951059, 81.63617929943518], [-54.96126239954009, 81.5271302996237], [-54.95227119985594, 81.64640439954348]]], [[[-54.171970599963174, 81.66538739990864], [-54.171970599963174, 81.66538739990864]]], [[[-52.391135099705025, 81.67367819948936], [-52.391135099705025, 81.67367819948936]]], [[[-29.52569499992427, 81.68633979954217], [-29.793690099918138, 81.68839269996317], [-30.037341199636614, 81.58914429956985], [-30.4689651993844, 81.4706572997946], [-30.802599999790118, 81.41550419985901], [-30.43981469958868, 81.38656849953668], [-30.042706899403868, 81.40937989946286], [-29.681485599380835, 81.43515609977425], [-29.416880499235617, 81.46472970001571], [-29.16365819916649, 81.52930630014572], [-28.894937099867207, 81.56990160017875], [-29.155929799620537, 81.60277810002935], [-29.52569499992427, 81.68633979954217]]], [[[-35.919284699629145, 81.6672281997217], [-35.919284699629145, 81.6672281997217]]], [[[-49.48862629916431, 81.67780119986554], [-49.48862629916431, 81.67780119986554]]], [[[-51.19697589931826, 81.68982079999], [-51.19697589931826, 81.68982079999]]], [[[-25.737094299362354, 81.69360459947274], [-25.737094299362354, 81.69360459947274]]], [[[-53.640160999230716, 81.67516309979726], [-53.930155899675015, 81.71129680020721], [-53.721508299868105, 81.55581409984092], [-53.44178359963337, 81.55340060005773], [-53.640160999230716, 81.67516309979726]]], [[[-56.201722899592085, 81.70794209964822], [-56.201722899592085, 81.70794209964822]]], [[[-49.73158679959107, 81.70470409961456], [-49.73158679959107, 81.70470409961456]]], [[[-52.836064299327916, 81.71910169968373], [-53.12195239978337, 81.70938819960577], [-52.84064069920885, 81.65035430021084], [-52.55492289977195, 81.58948049942558], [-52.84970019970439, 81.60092169967675], [-53.12841109959254, 81.53389640029872], [-53.39450979918786, 81.49558489982331], [-53.15338239947812, 81.36701080000847], [-52.85259519920902, 81.40205179985077], [-52.43436170003241, 81.45084499949718], [-52.20563049964778, 81.55823300005295], [-52.46155119932837, 81.61026250001441], [-52.72475639948823, 81.6803702994498], [-52.836064299327916, 81.71910169968373]], [[-52.823271400055035, 81.58844529971088], [-52.823271400055035, 81.58844529971088]]], [[[-31.56256269960886, 81.74573370025013], [-31.830382899451195, 81.72882840001068], [-31.50643449985222, 81.6967422000925], [-31.56256269960886, 81.74573370025013]]], [[[-49.29371159971049, 81.7627630997373], [-49.038675399450085, 81.69766769960472], [-49.29371159971049, 81.7627630997373]]], [[[-30.814554599615064, 81.75295769973809], [-31.073478499832845, 81.73015480020393], [-31.314654699454763, 81.63916219957594], [-31.63703629928574, 81.60532289993193], [-31.380527800017887, 81.48852720027014], [-31.124054399490888, 81.47878500012769], [-30.874405599638692, 81.51193119946532], [-30.67750189929319, 81.67422890024363], [-30.814554599615064, 81.75295769973809]]], [[[-25.9073039000549, 81.7628040998294], [-25.9073039000549, 81.7628040998294]]], [[[-49.00679949969714, 81.76852439958145], [-49.29990589973744, 81.78309269996817], [-49.014362599354456, 81.74985159967167], [-48.75397099926215, 81.6378633995763], [-49.00679949969714, 81.76852439958145]]], [[[-52.13521219938343, 81.7832426996909], [-52.4236280998569, 81.7535116002802], [-52.16785369918881, 81.71808519957239], [-52.13521219938343, 81.7832426996909]]], [[[-54.810900000034906, 81.77737769992098], [-54.810900000034906, 81.77737769992098]]], [[[-48.752642099853006, 81.7760318995526], [-48.752642099853006, 81.7760318995526]]], [[[-30.450271599954306, 81.76895760031306], [-30.450271599954306, 81.76895760031306]]], [[[-50.1551631998218, 81.81791540017565], [-50.1551631998218, 81.81791540017565]]], [[[-29.12220929951951, 81.81685279991683], [-29.12220929951951, 81.81685279991683]]], [[[-27.40962939997678, 81.82375859947985], [-27.40962939997678, 81.82375859947985]]], [[[-49.29734610004243, 81.79929099997975], [-49.29734610004243, 81.79929099997975]]], [[[-49.83872169944681, 81.82623189968245], [-49.83872169944681, 81.82623189968245]]], [[[-47.81796499988479, 81.84059700005156], [-47.81796499988479, 81.84059700005156]]], [[[-54.98037469993244, 81.82771930010568], [-54.98037469993244, 81.82771930010568]]], [[[-29.514409199824684, 81.82865199959019], [-29.514409199824684, 81.82865199959019]]], [[[-15.398918399464492, 81.8108821999536], [-15.653797099656401, 81.85323590031658], [-15.945047999565475, 81.83243389970477], [-16.31682499947408, 81.74311029960069], [-16.081607799460357, 81.57314160030467], [-16.532733899949505, 81.45255209979962], [-16.780557099430553, 81.38170789950004], [-17.093260199898282, 81.39446529983377], [-17.393266299400125, 81.37277209985257], [-17.700921699476794, 81.27441599959877], [-18.01154099971734, 81.26982800026207], [-18.286223199441054, 81.27230720001734], [-18.638626799687017, 81.21014099970745], [-18.890498899904287, 81.2043428996052], [-19.154094699910445, 81.20048680002589], [-19.386537200031682, 81.10202799989236], [-19.13441599929888, 81.09718579998474], [-19.42589459945617, 80.996255099893], [-19.691023999857634, 80.92688869975376], [-19.438089299381602, 80.87005419944182], [-19.709661599403262, 80.83184709946414], [-19.47695459967497, 80.72413579982737], [-19.87145619964383, 80.75172019952765], [-20.148484199985774, 80.7502511003081], [-20.421905499838886, 80.69221609949346], [-20.141814299790042, 80.64963179946801], [-20.431300499618317, 80.61774199979351], [-20.143889799274746, 80.58162740008453], [-19.894722699692807, 80.62835540018165], [-19.634145299665818, 80.70757100000168], [-19.362779399449664, 80.6795944994866], [-19.08308379947772, 80.67386399962396], [-18.78816979989631, 80.69827319984836], [-18.446653699908268, 80.66215090014396], [-18.193036299785376, 80.65200139974485], [-17.89119949985701, 80.5919203999066], [-17.612621499982197, 80.63856160013779], [-17.36109959936698, 80.62693949945839], [-17.66175249937828, 80.7051688002], [-17.948431299964454, 80.702050900129], [-17.640118299419953, 80.7264641994633], [-17.908202099547225, 80.73158000011699], [-17.60692139990266, 80.760773500097], [-17.273982699941598, 80.73413760007026], [-17.540576199332065, 80.78634989982805], [-17.81040379929584, 80.79939549960267], [-17.496318899497567, 80.85038290025068], [-17.145922899921857, 80.82816199967658], [-16.86352989948523, 80.82216190015163], [-16.534103699625973, 80.82813679977357], [-16.277185699460404, 80.81009610005503], [-16.07931069982891, 80.6448488999568], [-15.71162629961401, 80.67214050018401], [-16.011584499425055, 80.71465679977155], [-15.774141799304573, 80.80920889997083], [-15.521621499232765, 80.80103149950418], [-15.333850999723836, 80.9842149997225], [-15.055971899883218, 80.99176840019157], [-14.723442799745385, 80.99081860009835], [-14.40252359918469, 80.95369980030557], [-14.005069599582328, 80.97470829964834], [-13.742942700045546, 80.96501250002689], [-13.394484299710598, 80.97454369943222], [-13.59465799976681, 81.13893129963981], [-14.028613099814663, 81.23580399965493], [-13.759761799367482, 81.33019780028832], [-13.462134299658146, 81.2619069002833], [-13.196097899698259, 81.21789389948395], [-12.940885299217143, 81.17737229979184], [-12.600660299233368, 81.14509240029412], [-12.299117899571343, 81.20314790025543], [-11.967522599688152, 81.23874200024318], [-11.62280569922359, 81.29024650027583], [-11.846687099529959, 81.47791449955457], [-12.24267729961764, 81.59462040011141], [-12.605423799468724, 81.65174319968895], [-12.917791799951544, 81.66992050013101], [-13.207451199313368, 81.65526110021966], [-13.447045699199634, 81.73282179998614], [-13.720366599638794, 81.75118970004468], [-14.127603299452687, 81.73798549943132], [-14.443058699499318, 81.72486329990141], [-14.706787999366611, 81.80180580029753], [-14.988730499712744, 81.8077102002656], [-15.296887999381624, 81.81112099963451], [-15.398918399464492, 81.8108821999536]], [[-14.632185999883916, 81.67635080024928], [-14.632185999883916, 81.67635080024928]], [[-12.998722099345343, 81.6050403994949], [-12.998722099345343, 81.6050403994949]], [[-18.87460549974395, 81.14748409961157], [-18.87460549974395, 81.14748409961157]], [[-18.638787899741715, 81.13185169979619], [-18.906593399265944, 81.09040220030136], [-18.638787899741715, 81.13185169979619]], [[-19.037460199228747, 81.11276980008626], [-19.037460199228747, 81.11276980008626]], [[-18.6768467995401, 81.02686049951251], [-18.42052109916932, 81.05177629953664], [-18.6768467995401, 81.02686049951251]], [[-15.117691799936551, 81.02160989947731], [-15.117691799936551, 81.02160989947731]], [[-18.808781099268288, 81.00757919942055], [-19.1394240998423, 80.93574400018554], [-18.83782709964089, 81.01537930011466], [-18.808781099268288, 81.00757919942055]], [[-18.116112399167832, 80.93552309971136], [-18.116112399167832, 80.93552309971136]], [[-17.312423199171235, 80.92335049972581], [-17.312423199171235, 80.92335049972581]], [[-17.53496349986557, 80.91442309974633], [-17.271115299731264, 80.89134499957214], [-17.537940999577415, 80.88588310022493], [-17.53496349986557, 80.91442309974633]], [[-17.29843599932184, 80.89736259990411], [-17.29843599932184, 80.89736259990411]], [[-17.86407519961074, 80.87531470011339], [-17.86407519961074, 80.87531470011339]], [[-15.7524134996832, 80.87207870017193], [-15.7524134996832, 80.87207870017193]], [[-16.58474179999405, 80.84123330027666], [-16.58474179999405, 80.84123330027666]], [[-17.983769099464325, 80.83526850004131], [-17.983769099464325, 80.83526850004131]], [[-18.13412209925542, 80.82692379959371], [-18.40855589993481, 80.83401499979249], [-18.13569929968287, 80.84293539944917], [-18.13412209925542, 80.82692379959371]], [[-18.54175359964887, 80.81901289972558], [-18.54175359964887, 80.81901289972558]], [[-18.357014299270475, 80.79324500015667], [-18.357014299270475, 80.79324500015667]], [[-17.98843900005977, 80.79104929998527], [-17.98843900005977, 80.79104929998527]], [[-18.178848299309493, 80.75638669978645], [-18.178848299309493, 80.75638669978645]], [[-18.402514999967252, 80.73251319962452], [-18.402514999967252, 80.73251319962452]], [[-18.669742099618134, 80.72379969979636], [-18.669742099618134, 80.72379969979636]], [[-18.532165299588883, 80.6849458002086], [-18.532165299588883, 80.6849458002086]], [[-18.889566599718762, 80.7052685997661], [-18.889566599718762, 80.7052685997661]], [[-18.899225799630926, 80.72703199992691], [-18.899225799630926, 80.72703199992691]], [[-19.410708599722057, 80.73081519956185], [-19.410708599722057, 80.73081519956185]], [[-18.82801369927273, 80.73172069995042], [-18.82801369927273, 80.73172069995042]], [[-18.714931199615137, 80.75090349999658], [-18.714931199615137, 80.75090349999658]], [[-18.41828359940854, 80.77542039943194], [-18.41828359940854, 80.77542039943194]], [[-18.260302899858914, 80.78002789966791], [-18.260302899858914, 80.78002789966791]], [[-18.56930879926165, 80.73828070029413], [-18.56930879926165, 80.73828070029413]], [[-18.22373259927997, 80.85609459978599], [-18.22373259927997, 80.85609459978599]], [[-18.2053713991707, 80.87895610004404], [-18.2053713991707, 80.87895610004404]], [[-18.14153869935143, 80.86003469964174], [-18.14153869935143, 80.86003469964174]], [[-20.11423369972539, 80.72351410029557], [-20.11423369972539, 80.72351410029557]], [[-19.978757599983226, 80.62732059976594], [-19.978757599983226, 80.62732059976594]], [[-20.18658329947965, 80.61323079986158], [-20.18658329947965, 80.61323079986158]], [[-18.165819399945292, 80.70081139962645], [-18.165819399945292, 80.70081139962645]]], [[[-57.275733999324586, 81.84708869958388], [-57.53169149926322, 81.83248559993052], [-57.275733999324586, 81.84708869958388]]], [[[-33.27371169953528, 81.82471260030633], [-33.526854099337186, 81.83788280025107], [-33.86386989917645, 81.82652520007798], [-33.54691459992881, 81.80914069968361], [-33.24088279990127, 81.78209750029947], [-32.97445759963847, 81.76640399964492], [-33.27371169953528, 81.82471260030633]]], [[[-30.178044899252654, 81.86967290018424], [-30.45020309949342, 81.8614888995931], [-30.75471189943454, 81.84612969942617], [-30.48382309945646, 81.85073409969903], [-30.230721499197784, 81.84049790015803], [-30.178044899252654, 81.86967290018424]]], [[[-48.538389800049174, 81.87202980023517], [-48.538389800049174, 81.87202980023517]]], [[[-56.097760099249115, 81.88453090008102], [-56.37359999984005, 81.87389029969762], [-56.108355699356025, 81.8710534998192], [-56.097760099249115, 81.88453090008102]]], [[[-55.4977508994844, 81.81458970005468], [-55.749306700044144, 81.85363220006604], [-56.001749599964, 81.82487890024112], [-55.73629639955914, 81.79726559992753], [-55.4977508994844, 81.81458970005468]]], [[[-49.03170629930622, 81.88165839981536], [-48.77567109974143, 81.8176286000799], [-49.03170629930622, 81.88165839981536]]], [[[-50.114695899396224, 81.87204229991227], [-50.114695899396224, 81.87204229991227]]], [[[-47.663123299400695, 81.89733779999955], [-47.663123299400695, 81.89733779999955]]], [[[-54.64438899975249, 81.87775019981194], [-54.64438899975249, 81.87775019981194]]], [[[-47.34964199937872, 81.91276830021695], [-47.60470339954219, 81.8874632996916], [-47.14042769987839, 81.84432870000956], [-47.34964199937872, 81.91276830021695]]], [[[-36.206510499360036, 81.92284110013674], [-36.206510499360036, 81.92284110013674]]], [[[-33.50923079926196, 81.91801490006765], [-33.26112479986955, 81.87478660002165], [-33.50923079926196, 81.91801490006765]]], [[[-49.016457499913656, 81.91972969946613], [-49.29427599983745, 81.91604159954022], [-49.01625320002512, 81.91503579956253], [-49.016457499913656, 81.91972969946613]]], [[[-27.264371699894014, 81.9246171001991], [-27.264371699894014, 81.9246171001991]]], [[[-44.97230919960981, 81.92754949980963], [-45.24158080001388, 81.92542380016829], [-44.98644189987374, 81.86732010014259], [-44.97230919960981, 81.92754949980963]]], [[[-48.97615949956122, 81.94738449989484], [-48.97615949956122, 81.94738449989484]]], [[[-49.75333489958592, 81.9223236994792], [-49.75333489958592, 81.9223236994792]]], [[[-50.71628360000807, 81.93343639987], [-50.71628360000807, 81.93343639987]]], [[[-44.546056499707674, 81.97309469986055], [-44.546056499707674, 81.97309469986055]]], [[[-52.39413380003481, 81.96666449956706], [-52.39413380003481, 81.96666449956706]]], [[[-52.755415599250455, 81.98743959965788], [-52.755415599250455, 81.98743959965788]]], [[[-28.108167799704177, 81.9717122997829], [-28.434695999920393, 81.97668710022953], [-28.69117999985707, 81.96266599953628], [-29.0277585996796, 81.9552828002611], [-29.273442799445604, 81.86216989952129], [-29.017853299390197, 81.76491040019488], [-28.74490929942459, 81.76320539980941], [-28.461444399739207, 81.74406149993831], [-28.205432900008304, 81.77433829987268], [-27.924859999689204, 81.83556740031531], [-27.61323829980762, 81.82297899968114], [-27.836176599970088, 81.95651910007649], [-28.108167799704177, 81.9717122997829]], [[-28.58002289923735, 81.9819286000249], [-28.58002289923735, 81.9819286000249]], [[-28.947091999496138, 81.84366639968465], [-28.947091999496138, 81.84366639968465]]], [[[-36.916652699462475, 81.9861331994876], [-36.916652699462475, 81.9861331994876]]], [[[-23.079873899760628, 81.98081119957726], [-23.079873899760628, 81.98081119957726]]], [[[-47.65319469947576, 82.00230490025098], [-47.65319469947576, 82.00230490025098]]], [[[-50.18691249931237, 81.96764519946646], [-50.45528199966452, 82.0221854995612], [-50.18589699924706, 81.96059569993167], [-50.18691249931237, 81.96764519946646]]], [[[-57.64351039928545, 82.00147849973303], [-57.97056739996549, 81.9904368997432], [-58.242626299763856, 81.9555318000526], [-57.94874519943136, 81.91924149979542], [-57.6661476994567, 81.96184339955329], [-57.64351039928545, 82.00147849973303]]], [[[-45.71901859942875, 82.01506529982379], [-45.71901859942875, 82.01506529982379]]], [[[-49.2055041994592, 82.03916669988337], [-49.2055041994592, 82.03916669988337]]], [[[-36.07497959952883, 82.08248579997974], [-36.07497959952883, 82.08248579997974]]], [[[-32.36085059927569, 82.09172599945538], [-32.64777859930285, 82.09702309983624], [-32.92704489980224, 82.04573230030547], [-33.24843949998291, 82.04133939989345], [-33.55625019948707, 82.00874510010635], [-33.28118259979709, 81.91607899964617], [-33.01721059988921, 81.88671049968985], [-32.74796779937441, 81.88374880016704], [-32.47944120005127, 81.90237099972194], [-32.22886139953391, 81.93223769981006], [-31.978632599914533, 81.95861359953807], [-32.22935759957352, 81.9878345000622], [-31.97284720003819, 82.00935119999792], [-31.705445799184247, 82.01863660029892], [-31.439194699575694, 82.05102539960257], [-31.73605469986444, 82.08689559955235], [-32.01848939916641, 82.08480499955112], [-32.28069189931165, 82.09231499963761], [-32.36085059927569, 82.09172599945538]], [[-32.541779899322876, 81.91440480014148], [-32.541779899322876, 81.91440480014148]]], [[[-57.65180629982086, 82.11491749964296], [-57.94023119981, 82.1136861002334], [-58.24045489927414, 82.07620050025292], [-57.974987999496534, 82.04826890018967], [-57.69465499962848, 82.04637750002166], [-57.42023489922116, 82.06227459999286], [-57.691999299827785, 82.09354329998337], [-57.65180629982086, 82.11491749964296]]], [[[-54.84909459943617, 82.14455040028082], [-55.10784330002821, 82.11978519982716], [-54.81370639923091, 82.1039563997681], [-54.84909459943617, 82.14455040028082]]], [[[-35.07295139918767, 82.13309309946703], [-35.07295139918767, 82.13309309946703]]], [[[-35.90026439988213, 82.14658799963655], [-35.90026439988213, 82.14658799963655]]], [[[-44.87950299916406, 82.13698999948895], [-45.169490399262486, 82.11946399976381], [-45.46479539978782, 82.08268180002511], [-45.227676800044264, 81.99382920005758], [-44.92178949948578, 82.00572749962447], [-44.66256119943978, 82.0159454995852], [-44.87950299916406, 82.13698999948895]]], [[[-53.99295699976568, 82.15794939944527], [-53.99295699976568, 82.15794939944527]]], [[[-55.28728569967524, 82.16328569947552], [-55.28728569967524, 82.16328569947552]]], [[[-44.658371799418944, 82.16498280021614], [-44.658371799418944, 82.16498280021614]]], [[[-46.637032399525594, 82.19016369969506], [-46.637032399525594, 82.19016369969506]]], [[[-55.55595269935753, 82.17841249953727], [-55.55595269935753, 82.17841249953727]]], [[[-54.84259559920747, 82.20421899980704], [-55.12861729934883, 82.2024171001691], [-54.877354199336764, 82.18290289994894], [-54.84259559920747, 82.20421899980704]]], [[[-54.00072069950062, 82.19133519975969], [-54.00072069950062, 82.19133519975969]]], [[[-33.420623899473355, 82.23910630011574], [-33.69281869942341, 82.24577110025615], [-33.42996139929909, 82.22188329997437], [-33.169620999409574, 82.22106470017582], [-33.420623899473355, 82.23910630011574]]], [[[-46.06691929958595, 82.23819490017456], [-46.06691929958595, 82.23819490017456]]], [[[-44.13182540002214, 82.24597209963275], [-43.758682099699115, 82.17493379955528], [-44.064834699361825, 82.24742910027283], [-44.13182540002214, 82.24597209963275]]], [[[-34.21022399923811, 82.24550369943626], [-34.48614299969961, 82.24322239999384], [-34.92592979942066, 82.23165589989992], [-35.30732040001641, 82.22125229965394], [-35.591520399246974, 82.2348267997171], [-35.89141789931654, 82.22849999987517], [-35.59376029929831, 82.22720939989392], [-35.2812862993232, 82.19415680019625], [-34.957067599490074, 82.20557159994945], [-34.63921909988153, 82.22289610027485], [-34.36903259937492, 82.23917589954817], [-33.98330209991195, 82.22707630023115], [-34.21022399923811, 82.24550369943626]]], [[[-32.90449379964912, 82.23675939962664], [-32.90449379964912, 82.23675939962664]]], [[[-39.17232539989726, 82.27313859966671], [-39.17232539989726, 82.27313859966671]]], [[[-39.446897399395425, 82.27772119947383], [-39.70367959923408, 82.2807151999466], [-39.431484499809756, 82.26492830020095], [-39.446897399395425, 82.27772119947383]]], [[[-49.911384899993095, 82.28261320023904], [-49.911384899993095, 82.28261320023904]]], [[[-45.24634049971422, 82.28585890026807], [-45.24634049971422, 82.28585890026807]]], [[[-40.581638599941414, 82.347877699896], [-40.581638599941414, 82.347877699896]]], [[[-45.63624499920729, 82.34826579962703], [-45.63624499920729, 82.34826579962703]]], [[[-50.00674219919307, 82.3653727998149], [-49.75774069987335, 82.32433819984811], [-50.00674219919307, 82.3653727998149]]], [[[-46.53444049962934, 82.39436819983263], [-46.80404009987069, 82.39411849946924], [-47.08788619968834, 82.30038259967728], [-46.617098499196345, 82.25402459955569], [-46.29161949934036, 82.27312459992038], [-46.53444049962934, 82.39436819983263]], [[-46.82682549949715, 82.37031480018794], [-46.82682549949715, 82.37031480018794]]], [[[-49.009750299436746, 82.38822340028975], [-49.009750299436746, 82.38822340028975]]], [[[-50.76959839934659, 82.39623659983926], [-50.76959839934659, 82.39623659983926]]], [[[-39.87355769992786, 82.39595959965584], [-40.17010499964596, 82.39870869944696], [-39.882474599423176, 82.34685220026887], [-39.87355769992786, 82.39595959965584]]], [[[-50.65842009990763, 82.41064480021743], [-50.65842009990763, 82.41064480021743]]], [[[-50.12501919917668, 82.41286020003827], [-50.12501919917668, 82.41286020003827]]], [[[-46.58254449932912, 82.4118468997147], [-46.58254449932912, 82.4118468997147]]], [[[-40.58316969932213, 82.41872879979434], [-40.58316969932213, 82.41872879979434]]], [[[-51.39071569927006, 82.422226200279], [-51.67132580004562, 82.4251856002353], [-51.395709999716644, 82.35197820013389], [-51.52440259960025, 82.13399990027523], [-51.24143649989452, 82.13559979959115], [-50.949938899760355, 82.15403069985695], [-50.695457999387145, 82.20981919959644], [-50.387043199184234, 82.29078659962192], [-50.721868699281, 82.35979200020068], [-51.00008249980749, 82.36921329975405], [-51.34472699945144, 82.4186071997625], [-51.39071569927006, 82.422226200279]], [[-51.21984740003745, 82.41115509982808], [-51.21984740003745, 82.41115509982808]], [[-51.29895969923069, 82.35641159971561], [-51.29895969923069, 82.35641159971561]], [[-51.36065989963464, 82.31749920012805], [-51.36065989963464, 82.31749920012805]], [[-51.17496689970261, 82.31808479997358], [-51.17496689970261, 82.31808479997358]], [[-51.41424849936868, 82.23299920015302], [-51.41424849936868, 82.23299920015302]]], [[[-41.41139209986545, 82.4272542001213], [-41.41139209986545, 82.4272542001213]]], [[[-45.01736409917379, 82.46020179947351], [-45.01736409917379, 82.46020179947351]]], [[[-49.44287389981059, 82.46067729981758], [-49.44287389981059, 82.46067729981758]]], [[[-45.92564489919272, 82.46209379948931], [-45.92564489919272, 82.46209379948931]]], [[[-41.620278999376296, 82.54408660021647], [-41.94956929998318, 82.5317884000147], [-41.689228099697004, 82.44709070027568], [-41.961963799589626, 82.43319259985867], [-41.70349069983587, 82.39252020004727], [-41.44355239942365, 82.39537139987027], [-41.620278999376296, 82.54408660021647]]], [[[-46.98273479957129, 82.5222718002035], [-47.30023049963779, 82.51596319994178], [-47.02007459966302, 82.47297550001934], [-46.739419200036025, 82.4567885998141], [-46.98273479957129, 82.5222718002035]]], [[[-47.73506819973761, 82.55859360011459], [-48.003264699306385, 82.56672519990809], [-47.77424629952708, 82.43398849986943], [-47.47479219940044, 82.3919054999389], [-47.147343099704244, 82.36267819983908], [-47.40729729923095, 82.48443599972165], [-47.72208049921562, 82.52582819981166], [-47.73506819973761, 82.55859360011459]], [[-47.49552850004022, 82.47919109958963], [-47.49552850004022, 82.47919109958963]], [[-47.67505029993134, 82.42637549952974], [-47.67505029993134, 82.42637549952974]]], [[[-46.823690099518444, 82.56792199970056], [-46.823690099518444, 82.56792199970056]]], [[[-47.01051899985191, 82.5919658998065], [-47.01051899985191, 82.5919658998065]]], [[[-47.18148530000656, 82.58900940016372], [-47.18148530000656, 82.58900940016372]]], [[[-41.88185879994364, 82.60392890019864], [-41.88185879994364, 82.60392890019864]]], [[[-35.757575799383574, 82.63193099991577], [-36.06715849966497, 82.59968410014119], [-36.33414539939065, 82.56472949996652], [-36.003402599250535, 82.4564462998569], [-35.61426329961154, 82.43862089963488], [-35.34790979959752, 82.4350724994963], [-34.95204439932951, 82.42446029970313], [-34.67703919999906, 82.45564760025661], [-34.93152419948217, 82.51815539995181], [-35.23398809937123, 82.60379219965034], [-35.57880169943883, 82.62274170026933], [-35.757575799383574, 82.63193099991577]], [[-35.200410599569466, 82.54810429987361], [-35.200410599569466, 82.54810429987361]]], [[[-42.20961710004906, 82.65904639957176], [-42.45975379919844, 82.65650779959532], [-42.11676029924837, 82.62201539969101], [-42.20961710004906, 82.65904639957176]]], [[[-28.35707759965146, 82.66856920020848], [-28.693029299162788, 82.65336889945519], [-28.42990129950533, 82.64242659990771], [-28.35707759965146, 82.66856920020848]]], [[[-43.11706469977605, 82.69830639972065], [-43.11706469977605, 82.69830639972065]]], [[[-28.97938889977786, 82.72096949964276], [-29.27103269999907, 82.71955700015548], [-28.959011599505686, 82.6942170996395], [-28.97938889977786, 82.72096949964276]], [[-29.085882099179514, 82.6896882999751], [-29.085882099179514, 82.6896882999751]]], [[[-33.08049569981665, 82.73303739965633], [-32.77647229995665, 82.66689840014112], [-32.477144199345275, 82.64367609997208], [-32.734321599961845, 82.70547910008048], [-32.984101399559904, 82.72969800016261], [-33.08049569981665, 82.73303739965633]]], [[[-22.914444699363344, 82.73396359974038], [-22.914444699363344, 82.73396359974038]]], [[[-38.76518299939585, 82.76154469982811], [-38.76518299939585, 82.76154469982811]]], [[[-24.266211899559494, 82.77181990026821], [-24.000868999204897, 82.69977879945208], [-23.691703199443054, 82.69856640001939], [-23.425509999986446, 82.67873059953757], [-23.750373299687965, 82.77130730019184], [-24.058732499305336, 82.75630399953002], [-24.266211899559494, 82.77181990026821]], [[-24.266222699517925, 82.73935019975198], [-24.266222699517925, 82.73935019975198]], [[-24.024760399472825, 82.74084299970474], [-24.024760399472825, 82.74084299970474]], [[-23.524150199671908, 82.69047259963082], [-23.524150199671908, 82.69047259963082]]], [[[-28.67675169963121, 82.82333499971054], [-28.396985799654885, 82.78336040006246], [-28.64568419956612, 82.82424589962864], [-28.67675169963121, 82.82333499971054]]], [[[-22.409023400009858, 82.84288739953394], [-22.409023400009858, 82.84288739953394]]], [[[-42.96323529956936, 82.87823139985926], [-42.96323529956936, 82.87823139985926]]], [[[-40.26266049968228, 82.91706869976076], [-40.51929019968293, 82.91088569971532], [-40.2401608992061, 82.87954459980352], [-39.98838799960646, 82.87437180011852], [-40.26266049968228, 82.91706869976076]]], [[[-27.272490699286323, 82.90819989960573], [-27.272490699286323, 82.90819989960573]]], [[[-44.945336799353754, 82.90970460028711], [-44.945336799353754, 82.90970460028711]]], [[[-32.41136779928445, 82.92600269986474], [-32.41136779928445, 82.92600269986474]]], [[[-33.82355379996784, 82.93091760006723], [-33.50022349991457, 82.8908134998432], [-33.82355379996784, 82.93091760006723]]], [[[-32.82392889929923, 82.91589240001429], [-32.82392889929923, 82.91589240001429]]], [[[-46.731768099917815, 82.92119890010923], [-46.731768099917815, 82.92119890010923]]], [[[-32.92529569953683, 82.90801740018293], [-33.24040099980624, 82.91997939962965], [-32.99265109956855, 82.8245325000749], [-32.7190005993981, 82.79909330001584], [-32.41591569964976, 82.78976259996409], [-32.15590549933927, 82.8296411996817], [-31.90542579966086, 82.83946919964393], [-32.159789899684085, 82.88094430013939], [-32.41046769932484, 82.88553459994188], [-32.68582459922584, 82.87804579957407], [-32.98465919956237, 82.89021509994694], [-32.92529569953683, 82.90801740018293]], [[-32.58875180005549, 82.86032660029241], [-32.58875180005549, 82.86032660029241]], [[-32.38527659973522, 82.83496800017315], [-32.38527659973522, 82.83496800017315]]], [[[-46.436117099624425, 82.93609089977525], [-46.188972799255225, 82.84550830006805], [-46.436117099624425, 82.93609089977525]], [[-46.235379199990064, 82.87299390024833], [-46.235379199990064, 82.87299390024833]]], [[[-27.156044099355654, 82.95389830006656], [-27.156044099355654, 82.95389830006656]]], [[[-28.12510809975896, 82.96451090005803], [-28.37790719955757, 82.96252039999649], [-28.12510809975896, 82.96451090005803]]], [[[-43.54031759947759, 82.95853419999338], [-43.24124739924804, 82.89286740031031], [-42.967093899264, 82.89218899942284], [-42.71908430000042, 82.92764620011212], [-43.016786499197565, 82.96281430023981], [-43.312497499559925, 82.94298509988249], [-43.54031759947759, 82.95853419999338]]], [[[-45.387189699744795, 82.9666169998747], [-45.387189699744795, 82.9666169998747]]], [[[-41.8127237000387, 82.97592099995427], [-41.8127237000387, 82.97592099995427]]], [[[-28.787505799652877, 82.95748199949475], [-29.098756699162266, 82.97647839975838], [-28.821728099871848, 82.85255709993027], [-28.56370970004258, 82.8532164999416], [-28.272201699248967, 82.84016539991336], [-27.91709669925325, 82.83597990025225], [-27.651681099503094, 82.84112569959143], [-28.00430759941611, 82.93568139977685], [-28.432082799381647, 82.93789950026178], [-28.718809599483393, 82.92073769988502], [-28.787505799652877, 82.95748199949475]], [[-28.1353727997149, 82.90198220011848], [-27.881888099955802, 82.91853970014711], [-28.1353727997149, 82.90198220011848]], [[-27.728521599692044, 82.86671479954839], [-27.728521599692044, 82.86671479954839]]], [[[-28.74407189929866, 82.97073019943923], [-28.74407189929866, 82.97073019943923]]], [[[-39.316560299218395, 82.99346410028807], [-39.076799099199036, 82.91057019955514], [-39.336234799995964, 82.8838287002344], [-39.03396369946512, 82.89586729943636], [-38.78214309982417, 82.8767611000448], [-38.400781300016945, 82.7753259000703], [-38.69006239956008, 82.71196959991715], [-39.032124199172415, 82.71945869975923], [-39.38909019955304, 82.69815780024237], [-39.7460079000445, 82.74170009948006], [-39.48644749925262, 82.78901490001766], [-39.842457299964394, 82.7639111003171], [-40.10576399940902, 82.83059259966882], [-39.73648039955077, 82.86218809980102], [-40.0936362998753, 82.85838169945595], [-40.402171599339795, 82.84089040007194], [-40.65326119944473, 82.90099319947666], [-40.9347450995067, 82.90416649958433], [-41.2343030992086, 82.90137050014852], [-41.50001259920202, 82.86669869988515], [-41.76768839940007, 82.83352459998036], [-41.408561099714916, 82.77207009975535], [-41.67747449924872, 82.72480379965566], [-41.41224129999597, 82.74016059953209], [-41.1250849998728, 82.73550929961453], [-41.393765699827156, 82.72093330013178], [-41.02771659984114, 82.68657769970116], [-40.739519399200844, 82.71405259974773], [-40.45768619975826, 82.66673649968976], [-40.20146589993129, 82.65320609968182], [-39.926469899766005, 82.62199329975107], [-40.19907269964534, 82.6093362997305], [-40.448547199193854, 82.59167659959547], [-40.120467299726045, 82.59611329968908], [-40.38974029947519, 82.55473169990807], [-40.12265429985604, 82.451462300245], [-39.85954609967274, 82.43915749991874], [-39.60730599957219, 82.43710730016181], [-39.30860289990386, 82.44750209964224], [-39.720204199364275, 82.41793539989885], [-39.97449959927707, 82.43327209992754], [-39.648448600022846, 82.41045190013512], [-39.35859419976248, 82.3420112000569], [-39.083003999534924, 82.32868589943479], [-38.82232029964206, 82.27460939950424], [-38.540403299572574, 82.22227129988062], [-38.26442459941569, 82.21918589950974], [-38.000835699907554, 82.23624459980851], [-37.720355899205344, 82.24398569958043], [-37.468272599500835, 82.27793899998494], [-37.211818999347315, 82.33055290009634], [-36.95764449979379, 82.35571190018408], [-37.225162299900205, 82.36643819966326], [-36.874208799796236, 82.37064640001142], [-36.47558889930821, 82.40481319946963], [-36.30103119973006, 82.62598119947285], [-35.96141629982236, 82.66653109993035], [-35.703062999657675, 82.71251550009032], [-35.43717809948964, 82.69568709997975], [-35.05670799997415, 82.63580339970719], [-34.745341799284574, 82.680856399903], [-34.46859329924132, 82.73150280011419], [-34.76567489967681, 82.75347029961472], [-34.5178494995547, 82.83021089951347], [-34.78010489962139, 82.90206309953248], [-35.08018579933514, 82.89730619942162], [-35.353699299483026, 82.88902329948576], [-35.75461999941342, 82.8377647001808], [-35.43852369930926, 82.82822880001919], [-35.70614939917539, 82.72116210025081], [-36.028634299633154, 82.6684261000845], [-36.29859289934279, 82.79926389960934], [-36.02684839983374, 82.85105130027733], [-36.28666930004812, 82.841738199958], [-36.60693819993793, 82.87469429970224], [-36.87018099985323, 82.88492979957067], [-37.15985070004973, 82.90734079973817], [-37.417623299875345, 82.92566490011512], [-37.77102879973927, 82.9348094998586], [-38.03558599929437, 82.92729110010424], [-38.290141399505956, 82.95449519989364], [-38.599203999365045, 82.98258570026991], [-38.850847500012094, 82.95891030007033], [-39.19328149934165, 82.96752050017102], [-39.316560299218395, 82.99346410028807]], [[-39.2060998997905, 82.9505953995581], [-39.2060998997905, 82.9505953995581]], [[-39.0680914998228, 82.93791519972672], [-38.734547199993244, 82.91615839969046], [-39.03323289957859, 82.92073469974667], [-39.0680914998228, 82.93791519972672]], [[-38.1317804998701, 82.91903679950877], [-38.1317804998701, 82.91903679950877]], [[-37.90650879984122, 82.89655429964125], [-37.90650879984122, 82.89655429964125]], [[-37.37481179962481, 82.88944110022663], [-37.37481179962481, 82.88944110022663]], [[-38.3655946999354, 82.87640519964032], [-38.3655946999354, 82.87640519964032]], [[-38.51406639984441, 82.86035969984033], [-38.51406639984441, 82.86035969984033]], [[-38.355281099343244, 82.85159799994778], [-38.355281099343244, 82.85159799994778]], [[-38.432305199725135, 82.83836260005398], [-38.14793979988184, 82.8215474001924], [-38.59608799956146, 82.80859840019605], [-38.432305199725135, 82.83836260005398]], [[-37.86524579995364, 82.82215589947526], [-37.86524579995364, 82.82215589947526]], [[-37.74575779988254, 82.81682769963868], [-37.74575779988254, 82.81682769963868]], [[-36.65241299926049, 82.81029800015267], [-36.65241299926049, 82.81029800015267]], [[-37.947921899276196, 82.79047170010892], [-38.222894399257086, 82.73964169970475], [-37.97500819956872, 82.79017410005474], [-37.947921899276196, 82.79047170010892]], [[-36.580865099244875, 82.64350389958537], [-36.246145499715, 82.66551169950537], [-36.54178829999, 82.64030579977288], [-36.580865099244875, 82.64350389958537]], [[-39.13580119946573, 82.64172519975824], [-39.389739099979465, 82.65991239993735], [-39.08700139969477, 82.70410399979983], [-39.13580119946573, 82.64172519975824]], [[-38.0224781997091, 82.61668159977609], [-38.0224781997091, 82.61668159977609]], [[-36.8218354998084, 82.61501239960262], [-36.8218354998084, 82.61501239960262]], [[-36.674320299941826, 82.61374019975045], [-36.674320299941826, 82.61374019975045]], [[-38.88967979968294, 82.61068620010809], [-38.88967979968294, 82.61068620010809]], [[-39.47168079942929, 82.6400778000505], [-39.47168079942929, 82.6400778000505]], [[-39.583009499688615, 82.67486310015198], [-39.583009499688615, 82.67486310015198]], [[-40.39810519959525, 82.67503129945499], [-40.39810519959525, 82.67503129945499]], [[-38.9992069996033, 82.6478320002467], [-38.9992069996033, 82.6478320002467]], [[-39.682667499905165, 82.69626299973771], [-39.682667499905165, 82.69626299973771]], [[-40.411695400022666, 82.69597030008936], [-40.411695400022666, 82.69597030008936]], [[-40.75372369988878, 82.72321669949116], [-40.75372369988878, 82.72321669949116]], [[-40.93032479944992, 82.73634569969437], [-40.93032479944992, 82.73634569969437]], [[-40.03317529960037, 82.73313169986812], [-40.03317529960037, 82.73313169986812]], [[-40.04127919937548, 82.7520665001689], [-40.04127919937548, 82.7520665001689]], [[-40.86917129961574, 82.75873409989885], [-40.86917129961574, 82.75873409989885]], [[-41.112246399751484, 82.77442439986623], [-41.112246399751484, 82.77442439986623]], [[-41.222214599324275, 82.78729570023643], [-41.222214599324275, 82.78729570023643]], [[-40.87495209945979, 82.8114570994656], [-40.87495209945979, 82.8114570994656]], [[-40.99949219940544, 82.8151827002215], [-40.99949219940544, 82.8151827002215]], [[-40.37475089963425, 82.80643069951725], [-40.37475089963425, 82.80643069951725]], [[-41.38031689980505, 82.83352340028478], [-41.38031689980505, 82.83352340028478]], [[-41.488535199439866, 82.83639310006157], [-41.488535199439866, 82.83639310006157]], [[-40.605792599548806, 82.88586429949788], [-40.605792599548806, 82.88586429949788]], [[-36.73205179935104, 82.59636099996021], [-36.73205179935104, 82.59636099996021]], [[-36.65618419924135, 82.55899459972107], [-36.65618419924135, 82.55899459972107]], [[-40.16515169929147, 82.53596609985567], [-40.16515169929147, 82.53596609985567]], [[-36.780164799465865, 82.49965190011517], [-36.780164799465865, 82.49965190011517]], [[-36.695813899891505, 82.48843979945724], [-36.695813899891505, 82.48843979945724]], [[-39.06629049950692, 82.44462029948727], [-39.06629049950692, 82.44462029948727]], [[-39.42494849967346, 82.41799809973259], [-39.42494849967346, 82.41799809973259]], [[-37.665392599388895, 82.3288699996508], [-37.665392599388895, 82.3288699996508]], [[-35.23206759983981, 82.64752579997577], [-35.23206759983981, 82.64752579997577]], [[-37.59583389991451, 82.93268769967767], [-37.59583389991451, 82.93268769967767]]], [[[-37.53582609949484, 82.99643740016592], [-37.53582609949484, 82.99643740016592]]], [[[-42.089116699875774, 83.0227544995206], [-42.089116699875774, 83.0227544995206]]], [[[-37.094006899398835, 83.03598959994014], [-37.38192679948219, 83.03348330001432], [-36.96675449992017, 82.9559180002156], [-36.64152969973583, 82.94348999996356], [-36.91246439931251, 82.99924640020129], [-37.094006899398835, 83.03598959994014]], [[-37.170934799301506, 83.00748679997588], [-37.170934799301506, 83.00748679997588]]], [[[-40.495067699614594, 83.0490452001759], [-40.495067699614594, 83.0490452001759]]], [[[-26.77622009977773, 83.05390029995891], [-27.041943699342198, 83.03042489998921], [-26.786947899326037, 83.03150190019261], [-26.77622009977773, 83.05390029995891]]], [[[-45.56338759995771, 83.03158820003546], [-45.56338759995771, 83.03158820003546]]], [[[-38.92594359961737, 83.06347420007432], [-38.92594359961737, 83.06347420007432]]], [[[-37.160781199792495, 83.05152409955758], [-37.160781199792495, 83.05152409955758]]], [[[-37.96471529957137, 83.07123859948183], [-38.23375039986104, 83.07212600011485], [-37.92824199986836, 83.03894520026086], [-37.62635009937753, 83.00826859951633], [-37.880472299756775, 83.05541389943198], [-37.96471529957137, 83.07123859948183]]], [[[-43.40997609981713, 83.0565312000549], [-43.40997609981713, 83.0565312000549]]], [[[-44.60433599920697, 83.04688189987985], [-44.8625106994092, 83.0327665996989], [-45.1839210997789, 83.02905329986993], [-45.47014619958742, 83.03350949996349], [-45.20797629986629, 82.98390419991892], [-44.92960209985699, 82.98597649961584], [-45.20301849930428, 82.96416600016084], [-44.9525306994322, 82.94954319995878], [-44.67064000003592, 82.9393177994769], [-44.376172499461234, 82.90764909992606], [-44.06397159930981, 82.90604640012134], [-43.75784340005282, 82.97836539954363], [-44.021364499671904, 82.99801449986933], [-44.33015759969345, 82.99579919987326], [-44.586296899382376, 83.0263208995899], [-44.60433599920697, 83.04688189987985]], [[-45.19860349985157, 83.02109720007576], [-44.89709729970059, 83.02102330008529], [-45.199569199958546, 82.99664589988845], [-45.19860349985157, 83.02109720007576]], [[-44.545939199334555, 82.98598419961115], [-44.545939199334555, 82.98598419961115]], [[-44.04111959948989, 82.91346660020349], [-44.04111959948989, 82.91346660020349]]], [[[-40.52507999994202, 83.08552800031703], [-40.52507999994202, 83.08552800031703]]], [[[-44.80954149964043, 83.05746139942408], [-44.80954149964043, 83.05746139942408]]], [[[-44.97225269970227, 83.04938519966731], [-45.23127029938479, 83.09003589973702], [-44.96581939944571, 83.04033049975283], [-44.97225269970227, 83.04938519966731]]], [[[-38.604260199248756, 83.07758900023225], [-38.604260199248756, 83.07758900023225]]], [[[-37.58539989988543, 83.07993529997418], [-37.58539989988543, 83.07993529997418]]], [[[-27.67002000002293, 83.11666779957932], [-27.38959629992928, 83.06538229975337], [-27.6424489993218, 83.11280889951115], [-27.67002000002293, 83.11666779957932]]], [[[-36.6323953999277, 83.12551829943004], [-36.89140669985926, 83.10206469992602], [-36.62153939932375, 83.07444030017979], [-36.6323953999277, 83.12551829943004]]], [[[-29.537734799721193, 83.10949660018798], [-29.88044239979689, 83.11133520025936], [-30.154884299770572, 83.10110619979133], [-30.442183499468854, 83.08194089965286], [-30.74212269930308, 83.06817010007012], [-31.138281399966615, 83.09869889993433], [-31.38061739947335, 83.01054129964132], [-31.635890699696006, 83.00426629984992], [-31.88923089998599, 82.91908599961926], [-32.179957999661895, 82.79828839959004], [-31.861606799713968, 82.8167551000679], [-32.18561759967247, 82.77703069990696], [-32.43568799990123, 82.77799790008311], [-32.185960200003194, 82.68912580011562], [-31.884549299210732, 82.72103729953182], [-31.634135599877993, 82.73322140004763], [-31.325745999578146, 82.71158379975259], [-31.025922999346903, 82.72253430021783], [-30.739000699222856, 82.77933399946454], [-30.472425899435677, 82.80243840031198], [-30.2156051996202, 82.78095520012243], [-29.947751500031643, 82.76529370004425], [-29.68614669921078, 82.8276968995923], [-29.445750399761096, 82.9575453000756], [-29.836352799242263, 82.95380859988705], [-29.585523199436068, 82.99005209942493], [-29.537734799721193, 83.10949660018798]], [[-29.770006999723194, 83.10006359955554], [-29.770006999723194, 83.10006359955554]], [[-30.912206999253556, 83.02867700014349], [-30.912206999253556, 83.02867700014349]], [[-30.537630199374178, 83.03410739983667], [-30.537630199374178, 83.03410739983667]], [[-29.89227859937779, 82.9419834997388], [-29.89227859937779, 82.9419834997388]], [[-31.392903499297006, 82.94150409993432], [-31.652158399490474, 82.88684410007522], [-31.392903499297006, 82.94150409993432]], [[-29.815771899653384, 82.9247311996852], [-29.815771899653384, 82.9247311996852]], [[-31.140823699753923, 82.86021010031595], [-31.140823699753923, 82.86021010031595]], [[-30.973306899493764, 82.85392829985119], [-30.973306899493764, 82.85392829985119]], [[-31.357261299968968, 82.84496059945218], [-31.357261299968968, 82.84496059945218]], [[-31.419221199398805, 82.83674360003715], [-31.73326049997206, 82.83802480030437], [-31.456919900033313, 82.83334960000411], [-31.419221199398805, 82.83674360003715]], [[-30.724846199392516, 82.7873861000885], [-30.724846199392516, 82.7873861000885]], [[-31.252002399391188, 82.78030409995432], [-31.252002399391188, 82.78030409995432]]], [[[-37.189057599928276, 83.12493860003644], [-37.189057599928276, 83.12493860003644]]], [[[-37.41509080000037, 83.12997899973112], [-37.41509080000037, 83.12997899973112]]], [[[-30.306113799512218, 83.13513889954066], [-30.306113799512218, 83.13513889954066]]], [[[-42.826600799287405, 83.1467359999665], [-42.826600799287405, 83.1467359999665]]], [[[-38.94165689974608, 83.15194409984042], [-38.94165689974608, 83.15194409984042]]], [[[-40.082930599367614, 83.1490546995148], [-40.082930599367614, 83.1490546995148]]], [[[-43.51768189920023, 83.1493671995367], [-43.80433659975421, 83.14057340014239], [-43.540130699672034, 83.0758424997316], [-43.24543299963318, 83.07821159998542], [-42.98866029933333, 83.13334799951065], [-43.24465629924879, 83.14460990012685], [-43.517779899222944, 83.1037046001872], [-43.51768189920023, 83.1493671995367]]], [[[-43.08810649931547, 83.17294480026237], [-43.08810649931547, 83.17294480026237]]], [[[-38.60568039963067, 83.18848539998129], [-38.60568039963067, 83.18848539998129]]], [[[-40.39112569969126, 83.20258899998242], [-40.39112569969126, 83.20258899998242]]], [[[-36.98091369960753, 83.21038189980487], [-36.98091369960753, 83.21038189980487]]], [[[-33.59413529990411, 83.22643990018133], [-33.59413529990411, 83.22643990018133]]], [[[-37.08646509928485, 83.23404219948799], [-37.08646509928485, 83.23404219948799]]], [[[-31.098212799581006, 83.25159480025991], [-31.369071299600762, 83.24959229964497], [-31.09866659928406, 83.2439545999249], [-31.098212799581006, 83.25159480025991]]], [[[-31.531195299923127, 83.25754960003405], [-31.805542700035517, 83.26245339990453], [-31.542289700009576, 83.24497520004553], [-31.531195299923127, 83.25754960003405]]], [[[-32.160267899244104, 83.25535359948907], [-32.160267899244104, 83.25535359948907]]], [[[-41.22469559952225, 83.2888609000106], [-40.962533999644336, 83.24893320000723], [-41.220589599930065, 83.28026369961009], [-41.22469559952225, 83.2888609000106]]], [[[-38.46523219920658, 83.29394570013403], [-38.46523219920658, 83.29394570013403]]], [[[-38.64752879971428, 83.29788799973147], [-38.64752879971428, 83.29788799973147]]], [[[-31.947019399325768, 83.35243649984466], [-31.6969573996642, 83.33392439979127], [-31.947019399325768, 83.35243649984466]]], [[[-31.554301599239352, 83.37345049944105], [-31.554301599239352, 83.37345049944105]]], [[[-30.265445199336455, 83.36757429951439], [-30.265445199336455, 83.36757429951439]]], [[[-39.24905939967152, 83.364554000167], [-39.5352772995077, 83.39495950028078], [-39.27607269929558, 83.35215289953675], [-39.24905939967152, 83.364554000167]]], [[[-40.2223139997912, 83.39984590006827], [-40.2223139997912, 83.39984590006827]]], [[[-31.255890499546865, 83.44394639950679], [-31.255890499546865, 83.44394639950679]]], [[[-36.70609390001346, 83.4482686995409], [-36.70609390001346, 83.4482686995409]]], [[[-30.991791999201382, 83.45839769989396], [-30.708946200007063, 83.4231042000988], [-30.453280499495406, 83.4356370001475], [-30.71072209934539, 83.43482969943113], [-30.991791999201382, 83.45839769989396]]], [[[-29.52697929925523, 83.47868820030027], [-29.52697929925523, 83.47868820030027]]], [[[-27.899281999164884, 83.49654670007021], [-28.249068199937426, 83.4964292000476], [-27.93814569956436, 83.46870740012645], [-28.20234979920383, 83.43370030022874], [-28.494242499391817, 83.45195790023695], [-28.79290509989039, 83.48753279969901], [-29.052224399636316, 83.41508269980682], [-29.312737899234605, 83.41485889991833], [-29.609184199691015, 83.41779119970414], [-29.34981239932273, 83.44714209992804], [-29.657275899363242, 83.43509589965612], [-29.90729169995194, 83.41826929998825], [-30.24083679927884, 83.44472650022789], [-29.974793199346607, 83.39920550003387], [-29.699204699737038, 83.40977519966577], [-29.43271789951143, 83.39098050024995], [-29.03155329984486, 83.36082199983548], [-28.75860019963943, 83.33422550000688], [-28.411452699682286, 83.28380730006688], [-28.074779299624936, 83.25940829995312], [-27.78410299995346, 83.33699919985327], [-27.454327599638987, 83.32906859943637], [-27.161973399752526, 83.35768459976453], [-26.820455600045875, 83.37630430010341], [-27.109873699611512, 83.41198959944052], [-27.42828259916257, 83.45993030024323], [-27.74185220001897, 83.48593999963134], [-27.899281999164884, 83.49654670007021]], [[-27.661595500032263, 83.44462609991461], [-27.661595500032263, 83.44462609991461]], [[-28.368625299418, 83.41074070012326], [-28.368625299418, 83.41074070012326]], [[-28.48371989995337, 83.40786750018503], [-28.48371989995337, 83.40786750018503]], [[-27.901673099533866, 83.362855099883], [-27.901673099533866, 83.362855099883]], [[-28.098615299856135, 83.34878179984025], [-28.098615299856135, 83.34878179984025]], [[-28.05729049945694, 83.30534169955985], [-28.05729049945694, 83.30534169955985]], [[-28.22364029985988, 83.28330929958457], [-28.22364029985988, 83.28330929958457]]], [[[-29.450484599184847, 83.49945730011439], [-29.450484599184847, 83.49945730011439]]], [[[-36.83233439941296, 83.49237019992484], [-37.13491059944454, 83.48712989982505], [-36.80952119994339, 83.48303840000221], [-36.83233439941296, 83.49237019992484]]], [[[-32.62455609948438, 83.53509290021725], [-32.62455609948438, 83.53509290021725]]], [[[-36.24533109975039, 83.56350059957305], [-36.24533109975039, 83.56350059957305]]], [[[-37.34560139958489, 83.56806909980918], [-37.34560139958489, 83.56806909980918]]], [[[-36.97445479924954, 83.53937289973959], [-37.22266299939787, 83.59100140009457], [-36.97445479924954, 83.53937289973959]]], [[[-36.406759300001625, 83.58309739982519], [-36.406759300001625, 83.58309739982519]]], [[[-36.8389809999731, 83.5985218997659], [-36.597275299315584, 83.512346200217], [-36.89258989920444, 83.44225780005746], [-37.19180269953489, 83.42776499955517], [-36.93593049939301, 83.41133130019938], [-36.60120969926817, 83.40257580023302], [-36.33959680005222, 83.38298140027149], [-36.62885819994591, 83.34671079966375], [-36.93776210004086, 83.3756880001012], [-36.683464399662284, 83.33756600027073], [-36.98457559958422, 83.33528329968459], [-37.303014899817754, 83.36696859982106], [-37.555674999501605, 83.36928439995518], [-37.240712999904986, 83.3765640998534], [-37.5981755996242, 83.384974899572], [-37.88860859940729, 83.46127020015967], [-38.13854959978414, 83.46742340026975], [-38.45137829956883, 83.49823529951954], [-38.73959939969251, 83.48693299955835], [-39.0033226992831, 83.49562689956184], [-39.32952719932075, 83.45348579982988], [-39.59739229961491, 83.4463343999127], [-39.3290323995256, 83.42069479942552], [-39.07964329959856, 83.36139660007308], [-39.46417689944428, 83.30840509981556], [-39.21295529954739, 83.30419960013148], [-38.94267649982055, 83.310916899995], [-39.20072169944683, 83.27210089963688], [-39.53721829998449, 83.2782377995349], [-39.28781959979466, 83.22537660024994], [-39.02097969965337, 83.23895830028539], [-38.74047439957383, 83.22225760030807], [-38.38049639968904, 83.2445941995627], [-38.09101809950562, 83.2527502995867], [-37.85087829929404, 83.17281889967256], [-37.54301449931967, 83.17800439958341], [-37.062721299348425, 83.14802550007681], [-36.80497029943973, 83.1493625995044], [-36.50269729954067, 83.16789859994049], [-36.098958499335254, 83.16665639967317], [-36.35985269994211, 83.19555209994951], [-36.6432107997386, 83.2135368996083], [-36.38141829961478, 83.22425700006056], [-36.024291699202536, 83.226762399765], [-35.76153519958973, 83.27426239949023], [-35.473886499961964, 83.19596109992489], [-35.22216429964266, 83.23304160028965], [-34.9226971998159, 83.20580609977173], [-34.60530479947687, 83.24927590016273], [-34.340660300032766, 83.3113054997491], [-34.091865199619235, 83.33842549943734], [-33.78189909946383, 83.33242380001843], [-34.02846449993666, 83.27401709950959], [-33.753050499381004, 83.27914580003869], [-33.43032779928848, 83.29129609953543], [-33.18099239967944, 83.22395549964665], [-32.83752889963898, 83.2631538000079], [-33.11044199979841, 83.29968569953547], [-33.362239299803775, 83.30718210007393], [-33.09444359929262, 83.32317339953283], [-32.81286759965997, 83.32889189974145], [-32.515284200005794, 83.31209129947393], [-32.22222949929193, 83.37267739994212], [-31.899507199397704, 83.37662119960873], [-31.62317639937129, 83.39663889966556], [-31.311037599205804, 83.37891379993198], [-31.559387399408934, 83.4186218998808], [-31.851988753677972, 83.47702408669232], [-32.124689899818975, 83.49581740025286], [-31.825106999688217, 83.44044029987998], [-32.077597199451134, 83.40272770022324], [-32.3312389999798, 83.41961110017218], [-32.04638269980171, 83.4345879994367], [-32.3005732999178, 83.46428099996825], [-32.56220069980242, 83.481718799583], [-32.83404849993826, 83.49773839980736], [-33.11299389984856, 83.5065549997135], [-33.40895199973494, 83.47848639962768], [-33.67185369938869, 83.47829780010346], [-33.94994929932068, 83.52835370006329], [-34.267389699175226, 83.51850410018415], [-34.54327319979831, 83.3954374998408], [-34.83433439941297, 83.48160500027058], [-35.202015799489516, 83.48191689954535], [-35.46281839964939, 83.57814639993649], [-35.70659219927052, 83.48521069981399], [-35.991900699257826, 83.50683399998917], [-36.24929519981356, 83.5117235995645], [-36.53236639968958, 83.51745010014207], [-36.77689769916941, 83.59694930027007], [-36.8389809999731, 83.5985218997659]], [[-36.33376079982099, 83.49712679966211], [-36.33376079982099, 83.49712679966211]], [[-36.2149709992122, 83.48795239998333], [-36.2149709992122, 83.48795239998333]], [[-35.861327899363005, 83.45889280006276], [-35.861327899363005, 83.45889280006276]], [[-34.89268699940544, 83.47178239983793], [-34.89268699940544, 83.47178239983793]], [[-34.95140149917978, 83.4087211996237], [-34.95140149917978, 83.4087211996237]], [[-34.746930399518305, 83.38141339990852], [-34.474754099522045, 83.37031549966065], [-34.757360499187655, 83.36296370021466], [-34.746930399518305, 83.38141339990852]], [[-34.234554499790306, 83.36858649996708], [-33.964117499423025, 83.3927168995653], [-34.234554499790306, 83.36858649996708]], [[-33.421708599672115, 83.39027209977763], [-33.421708599672115, 83.39027209977763]], [[-33.81423299965314, 83.42554849986345], [-33.81423299965314, 83.42554849986345]], [[-33.17461459928427, 83.43296569980726], [-33.17461459928427, 83.43296569980726]], [[-33.21547989917798, 83.47469349990513], [-33.21547989917798, 83.47469349990513]], [[-32.930539499798044, 83.44977219962738], [-32.930539499798044, 83.44977219962738]], [[-32.78183699967775, 83.46461030022522], [-32.49328479975367, 83.46861439943507], [-32.78183699967775, 83.46461030022522]], [[-32.4790475991673, 83.45037349983721], [-32.4790475991673, 83.45037349983721]], [[-32.648918699538285, 83.44285019967703], [-32.648918699538285, 83.44285019967703]], [[-32.60237499930673, 83.4143702002246], [-32.60237499930673, 83.4143702002246]], [[-32.651784099656425, 83.38518779967728], [-32.954515499290835, 83.39668380011733], [-32.68598999983857, 83.38972130009796], [-32.651784099656425, 83.38518779967728]], [[-33.377150099797234, 83.37897799983489], [-33.377150099797234, 83.37897799983489]], [[-33.52015119941825, 83.3810468002697], [-33.52015119941825, 83.3810468002697]], [[-32.78998110004767, 83.40659119942438], [-32.78998110004767, 83.40659119942438]], [[-32.67440369937117, 83.35201819998002], [-32.67440369937117, 83.35201819998002]], [[-35.0099337999049, 83.33799929992779], [-35.0099337999049, 83.33799929992779]], [[-35.853843499377945, 83.32892710010566], [-36.14080969990766, 83.32970279954463], [-35.853843499377945, 83.32892710010566]], [[-36.01468559976058, 83.31157770025072], [-36.01468559976058, 83.31157770025072]], [[-35.60829539941312, 83.28304739991762], [-35.60829539941312, 83.28304739991762]], [[-36.82490439941847, 83.27708859995897], [-37.1567821997387, 83.28336440014698], [-36.82490439941847, 83.27708859995897]], [[-36.31233629928073, 83.25865669964702], [-36.31233629928073, 83.25865669964702]], [[-37.27055629963348, 83.26404289946032], [-37.0029281994768, 83.24168640000744], [-37.25386799950854, 83.22816160007784], [-37.27055629963348, 83.26404289946032]], [[-37.320106399290864, 83.19669640001888], [-37.048153400059334, 83.1827597996251], [-37.3090404996193, 83.16744469951334], [-37.320106399290864, 83.19669640001888]], [[-37.71700779967017, 83.19526029962321], [-37.99687599932787, 83.2140746995878], [-37.71700779967017, 83.19526029962321]], [[-37.59215309978566, 83.23258929975646], [-37.59215309978566, 83.23258929975646]], [[-37.69881479976317, 83.22370459958768], [-37.69881479976317, 83.22370459958768]], [[-38.22428029949617, 83.26664399962095], [-38.521991599832404, 83.25156169981267], [-38.81074169917002, 83.26857689990408], [-38.539732999778096, 83.31600969958805], [-38.228317000029506, 83.34826769969465], [-37.96824909921651, 83.35407130005052], [-38.22140940002373, 83.32893339985657], [-38.47452119949372, 83.33517680016922], [-38.21994509958665, 83.30014310012405], [-38.47962829920658, 83.271987299974], [-38.22428029949617, 83.26664399962095]], [[-39.23882509949868, 83.40217860026223], [-39.23882509949868, 83.40217860026223]], [[-38.61003579921271, 83.40294749992722], [-38.933917999715845, 83.45530959975827], [-38.668652399688426, 83.48674929954058], [-38.388405799488, 83.41165369995832], [-38.61003579921271, 83.40294749992722]], [[-38.224357299449764, 83.42098759979797], [-38.224357299449764, 83.42098759979797]], [[-38.14457619963184, 83.40729009945858], [-38.14457619963184, 83.40729009945858]], [[-37.51311129934692, 83.30954019982045], [-37.51311129934692, 83.30954019982045]], [[-37.73464869947787, 83.29909329991591], [-37.73464869947787, 83.29909329991591]], [[-38.000732399280764, 83.30243089986618], [-38.000732399280764, 83.30243089986618]], [[-35.4400664997691, 83.35501989954878], [-35.4400664997691, 83.35501989954878]], [[-36.021470999886674, 83.36967619949706], [-36.021470999886674, 83.36967619949706]], [[-35.3652796994985, 83.37090270029944], [-35.3652796994985, 83.37090270029944]], [[-35.68855899989791, 83.35006259990911], [-35.68855899989791, 83.35006259990911]], [[-35.99274629940214, 83.40483449971242], [-36.27964010001057, 83.42634809968513], [-35.98707809917488, 83.41265160029116], [-35.99274629940214, 83.40483449971242]], [[-35.284677799241024, 83.44535789984724], [-35.284677799241024, 83.44535789984724]], [[-39.24246439951236, 83.25343240028508], [-39.24246439951236, 83.25343240028508]], [[-38.90881589973395, 83.22662789985776], [-38.90881589973395, 83.22662789985776]], [[-34.985511699805045, 83.22688779943246], [-34.985511699805045, 83.22688779943246]], [[-33.634397000021465, 83.31631270007114], [-33.634397000021465, 83.31631270007114]], [[-33.01087049997358, 83.27472380026325], [-33.01087049997358, 83.27472380026325]], [[-33.94598979928975, 83.488130900121], [-33.94598979928975, 83.488130900121]], [[-33.953702399546046, 83.51721550029515], [-33.953702399546046, 83.51721550029515]]], [[[-36.35496719947662, 83.59307469983759], [-36.35496719947662, 83.59307469983759]]]]}}]}