{"type": "FeatureCollection", "features": [{"type": "Feature", "properties": {"code": "GUF", "name": "French Guiana", "tier": "country"}, "geometry": {"type": "MultiPolygon", "coordinates": [[[[-52.902976493415, 2.191776385527646], [-52.902976493415, 2.191776385527646]]], [[[-52.9274741865064, 2.19185074985694], [-52.9274741865064, 2.19185074985694]]], [[[-52.88626791720577, 2.234531473513584], [-52.88626791720577, 2.234531473513584]]], [[[-52.855540361965154, 2.281143987269274], [-52.855540361965154, 2.281143987269274]]], [[[-52.83977738505962, 2.290969906016869], [-52.83977738505962, 2.290969906016869]]], [[[-52.77806312504072, 2.317538537741257], [-52.77806312504072, 2.317538537741257]]], [[[-52.62086791771367, 2.462131473583611], [-52.62086791771367, 2.462131473583611]]], [[[-52.55206548442442, 2.524885890479823], [-52.55206548442442, 2.524885890479823]]], [[[-54.343465255652404, 2.55228130348172], [-54.343465255652404, 2.55228130348172]]], [[[-54.31312551226068, 2.617410898784271], [-54.31312551226068, 2.617410898784271]]], [[[-52.546031671687615, 2.630467682113817], [-52.546031671687615, 2.630467682113817]]], [[[-52.544073223244084, 2.654247726184565], [-52.544073223244084, 2.654247726184565]]], [[[-54.29266552633544, 2.657640832060338], [-54.29266552633544, 2.657640832060338]]], [[[-54.27591194628667, 2.673113697062547], [-54.27591194628667, 2.673113697062547]]], [[[-54.26679446285186, 2.686394575044801], [-54.26679446285186, 2.686394575044801]]], [[[-54.20400222449183, 2.826460013935559], [-54.20400222449183, 2.826460013935559]]], [[[-54.19555880024325, 2.832621300120138], [-54.19555880024325, 2.832621300120138]]], [[[-54.18621645912725, 2.838258429197253], [-54.18621645912725, 2.838258429197253]]], [[[-54.18244265767299, 2.86553356638035], [-54.18244265767299, 2.86553356638035]]], [[[-54.19353685143193, 2.8807408702678], [-54.19353685143193, 2.8807408702678]]], [[[-54.00145502443547, 2.89879595042089], [-54.00145502443547, 2.89879595042089]]], [[[-52.402094492589185, 2.899334249783863], [-52.402094492589185, 2.899334249783863]]], [[[-54.17220274069507, 2.94995882174959], [-54.17220274069507, 2.94995882174959]]], [[[-54.00313980422368, 2.961618755849997], [-54.00313980422368, 2.961618755849997]]], [[[-54.013896691120635, 3.04013545338654], [-54.013896691120635, 3.04013545338654]]], [[[-54.19568810015198, 3.125570399358935], [-54.19568810015198, 3.125570399358935]]], [[[-54.21109979249741, 3.137125214142316], [-54.21109979249741, 3.137125214142316]]], [[[-52.332430142305725, 3.136669248555222], [-52.332430142305725, 3.136669248555222]]], [[[-52.333597952174955, 3.161992859945144], [-52.333597952174955, 3.161992859945144]]], [[[-52.330903006322615, 3.166701824492691], [-52.330903006322615, 3.166701824492691]]], [[[-54.20211988552205, 3.166010371849779], [-54.20211988552205, 3.166010371849779]]], [[[-52.305570515310535, 3.192937091262536], [-52.305570515310535, 3.192937091262536]]], [[[-52.30285890149884, 3.203896108248728], [-52.30285890149884, 3.203896108248728]]], [[[-54.18969699222288, 3.209036692750431], [-54.18969699222288, 3.209036692750431]]], [[[-52.2839211169632, 3.233656483750792], [-52.2839211169632, 3.233656483750792]]], [[[-52.245808336512425, 3.243546344197114], [-52.245808336512425, 3.243546344197114]]], [[[-52.230856826050115, 3.245566240574192], [-52.230856826050115, 3.245566240574192]]], [[[-52.26299037084323, 3.253522291253262], [-52.26299037084323, 3.253522291253262]]], [[[-52.25283940813267, 3.256078360000686], [-52.25283940813267, 3.256078360000686]]], [[[-52.256004741343816, 3.256415910535395], [-52.256004741343816, 3.256415910535395]]], [[[-54.08888522625841, 3.255340197721296], [-54.08888522625841, 3.255340197721296]]], [[[-54.08410003057446, 3.267109740115473], [-54.08410003057446, 3.267109740115473]]], [[[-54.085200028167094, 3.266503837138259], [-54.085200028167094, 3.266503837138259]]], [[[-52.21569407113435, 3.271190423199926], [-52.21569407113435, 3.271190423199926]]], [[[-54.08309679487246, 3.26978523793025], [-54.08309679487246, 3.26978523793025]]], [[[-54.131238686478184, 3.268432075235467], [-54.131238686478184, 3.268432075235467]]], [[[-52.2066210867647, 3.285764155613833], [-52.2066210867647, 3.285764155613833]]], [[[-53.82239464593221, 3.281971327167867], [-53.82239464593221, 3.281971327167867]]], [[[-54.11345204385259, 3.287355517249921], [-54.11345204385259, 3.287355517249921]]], [[[-54.12594033696092, 3.270900172552047], [-54.12594033696092, 3.270900172552047]]], [[[-54.095257913483465, 3.29574511277383], [-54.095257913483465, 3.29574511277383]]], [[[-52.189014107196044, 3.315583589996209], [-52.189014107196044, 3.315583589996209]]], [[[-52.188115791911855, 3.320336680128548], [-52.188115791911855, 3.320336680128548]]], [[[-52.17464106265004, 3.33410257613815], [-52.17464106265004, 3.33410257613815]]], [[[-52.17992270034489, 3.328658561388522], [-52.17992270034489, 3.328658561388522]]], [[[-54.06108320161292, 3.350942205812657], [-54.06108320161292, 3.350942205812657]]], [[[-54.05214614883823, 3.365829856196399], [-54.05214614883823, 3.365829856196399]]], [[[-52.14993739233677, 3.379120638894449], [-52.14993739233677, 3.379120638894449]]], [[[-52.146164468143525, 3.381900570604898], [-52.146164468143525, 3.381900570604898]]], [[[-54.05580309912472, 3.385263380569086], [-54.05580309912472, 3.385263380569086]]], [[[-54.045876715235295, 3.387505247393165], [-54.045876715235295, 3.387505247393165]]], [[[-54.01432545244404, 3.447834024294536], [-54.01432545244404, 3.447834024294536]]], [[[-54.002821270747575, 3.446983745287184], [-54.010778730004574, 3.427338673836005], [-54.002821270747575, 3.446983745287184]]], [[[-52.093074034852066, 3.481748588876826], [-52.093074034852066, 3.481748588876826]]], [[[-52.09064858358482, 3.482914242474862], [-52.09064858358482, 3.482914242474862]]], [[[-52.02383813885058, 3.587527468183225], [-52.02383813885058, 3.587527468183225]]], [[[-53.981804816225974, 3.611777730573579], [-53.981804816225974, 3.611777730573579]]], [[[-54.03523167911845, 3.634212616972377], [-54.03523167911845, 3.634212616972377]]], [[[-51.99751978190454, 3.616353529466608], [-51.990280273065935, 3.635090739932991], [-51.99751978190454, 3.616353529466608]]], [[[-54.08057502034535, 3.674802012862415], [-54.08057502034535, 3.674802012862415]]], [[[-51.983909954445664, 3.678973381979176], [-51.983909954445664, 3.678973381979176]]], [[[-51.9751252380471, 3.696697105433202], [-51.9751252380471, 3.696697105433202]]], [[[-51.96198334161619, 3.716624424767076], [-51.96198334161619, 3.716624424767076]]], [[[-51.95783266882785, 3.716822093680321], [-51.95783266882785, 3.716822093680321]]], [[[-51.96373540732469, 3.718275107651152], [-51.96373540732469, 3.718275107651152]]], [[[-51.943549455810285, 3.722245453047606], [-51.943549455810285, 3.722245453047606]]], [[[-51.96254882406947, 3.723321156723443], [-51.96254882406947, 3.723321156723443]]], [[[-51.95666485895845, 3.727937703403313], [-51.95666485895845, 3.727937703403313]]], [[[-51.956580817352744, 3.72922752383738], [-51.956580817352744, 3.72922752383738]]], [[[-51.924123914147856, 3.778158409266894], [-51.924123914147856, 3.778158409266894]]], [[[-51.903978667544834, 3.785351166810415], [-51.903978667544834, 3.785351166810415]]], [[[-51.907952835416154, 3.783624805402269], [-51.907952835416154, 3.783624805402269]]], [[[-51.907571928681364, 3.789250304460666], [-51.907571928681364, 3.789250304460666]]], [[[-51.911053426763885, 3.78792871024848], [-51.911053426763885, 3.78792871024848]]], [[[-51.902271868505125, 3.786785334425133], [-51.902271868505125, 3.786785334425133]]], [[[-54.19486230510648, 3.826761797223696], [-54.19486230510648, 3.826761797223696]]], [[[-51.86160432851284, 3.82625009371975], [-51.86160432851284, 3.82625009371975]]], [[[-51.85061873966811, 3.840116747813568], [-51.85061873966811, 3.840116747813568]]], [[[-54.2227366599231, 3.860749742435019], [-54.236742132101824, 3.875591044120767], [-54.22387911694898, 3.856993424550012], [-54.2227366599231, 3.860749742435019]]], [[[-52.58130839177102, 3.907919013377864], [-52.58130839177102, 3.907919013377864]]], [[[-54.246583246220155, 3.908975229744499], [-54.246583246220155, 3.908975229744499]]], [[[-54.27901284467595, 3.926088935011137], [-54.27901284467595, 3.926088935011137]]], [[[-54.30975682994534, 3.999553136438863], [-54.30975682994534, 3.999553136438863]]], [[[-51.759508866498436, 3.994693380477486], [-51.74178854480584, 4.009251909172974], [-51.759688529555206, 3.997247355075899], [-51.759508866498436, 3.994693380477486]]], [[[-54.31600012116991, 4.016803409407373], [-54.31600012116991, 4.016803409407373]]], [[[-51.70253146508111, 4.028766371659117], [-51.70253146508111, 4.028766371659117]]], [[[-51.698668709359424, 4.030692974614283], [-51.698668709359424, 4.030692974614283]]], [[[-52.53785607439778, 4.028613230330848], [-52.53785607439778, 4.028613230330848]]], [[[-51.69527388466554, 4.036454029264007], [-51.69527388466554, 4.036454029264007]]], [[[-52.516719522842834, 4.036248734310163], [-52.516719522842834, 4.036248734310163]]], [[[-51.65804626058343, 4.069339753731867], [-51.65804626058343, 4.069339753731867]]], [[[-54.339787141443935, 4.103389302517485], [-54.339787141443935, 4.103389302517485]]], [[[-54.33642578425798, 4.11531352975868], [-54.33642578425798, 4.11531352975868]]], [[[-51.64245873588203, 4.131297678114151], [-51.6528097141051, 4.103721282079562], [-51.655431671840574, 4.075026854422674], [-51.650901495935045, 4.109120611895719], [-51.64245873588203, 4.131297678114151]]], [[[-54.33019350265914, 4.15188047604704], [-54.33019350265914, 4.15188047604704]]], [[[-52.37849494299519, 4.153967249944344], [-52.37849494299519, 4.153967249944344]]], [[[-54.33228164706418, 4.156472771260667], [-54.33228164706418, 4.156472771260667]]], [[[-51.64391639279222, 4.160257636768563], [-51.64391639279222, 4.160257636768563]]], [[[-54.358310771052004, 4.171501707073674], [-54.358310771052004, 4.171501707073674]]], [[[-54.34926557392515, 4.176984042949755], [-54.341942681426815, 4.157364523539059], [-54.34926557392515, 4.176984042949755]]], [[[-54.35411485352665, 4.181644435788144], [-54.35411485352665, 4.181644435788144]]], [[[-54.38051872149043, 4.180038245627543], [-54.38051872149043, 4.180038245627543]]], [[[-52.35223799432049, 4.1848062357343], [-52.35223799432049, 4.1848062357343]]], [[[-52.363152525022485, 4.188479500153505], [-52.363152525022485, 4.188479500153505]]], [[[-52.32849825841561, 4.188324464665754], [-52.32849825841561, 4.188324464665754]]], [[[-52.342790594947814, 4.185687106831267], [-52.342790594947814, 4.185687106831267]]], [[[-52.33681311381201, 4.187340881019054], [-52.33681311381201, 4.187340881019054]]], [[[-52.31648504601253, 4.195064455383658], [-52.31648504601253, 4.195064455383658]]], [[[-52.36298391545449, 4.195994134883449], [-52.36298391545449, 4.195994134883449]]], [[[-52.368138174849435, 4.198872057234382], [-52.368138174849435, 4.198872057234382]]], [[[-54.38768568084271, 4.215714872943067], [-54.38768568084271, 4.215714872943067]]], [[[-54.386538683991034, 4.221422442792345], [-54.386538683991034, 4.221422442792345]]], [[[-54.38510714752766, 4.229529747973515], [-54.38510714752766, 4.229529747973515]]], [[[-52.24223928778008, 4.23663350012481], [-52.24223928778008, 4.23663350012481]]], [[[-52.235591754677614, 4.23914190570764], [-52.235591754677614, 4.23914190570764]]], [[[-54.38141499714277, 4.236884760983514], [-54.38141499714277, 4.236884760983514]]], [[[-52.17304479849872, 4.276832446383821], [-52.17304479849872, 4.276832446383821]]], [[[-54.386144267436634, 4.321497343660553], [-54.386144267436634, 4.321497343660553]]], [[[-52.09057752544237, 4.330719167742529], [-52.09057752544237, 4.330719167742529]]], [[[-52.010462890988435, 4.348731234043044], [-51.972194659884906, 4.37165446267494], [-52.00552215692551, 4.355807460180358], [-52.010462890988435, 4.348731234043044]]], [[[-51.96948918690032, 4.369053511834124], [-51.96948918690032, 4.369053511834124]]], [[[-54.405950079819604, 4.40166170481632], [-54.405950079819604, 4.40166170481632]]], [[[-54.41389773568483, 4.397225697166618], [-54.41389773568483, 4.397225697166618]]], [[[-54.40954213472213, 4.400854380681153], [-54.40954213472213, 4.400854380681153]]], [[[-54.43617139297356, 4.417106530143826], [-54.43617139297356, 4.417106530143826]]], [[[-54.43817099981027, 4.437548518645769], [-54.43817099981027, 4.437548518645769]]], [[[-54.434353159852776, 4.44614644329215], [-54.434353159852776, 4.44614644329215]]], [[[-54.44128893899483, 4.444821741098337], [-54.44128893899483, 4.444821741098337]]], [[[-51.7344478000457, 4.453471707788594], [-51.7344478000457, 4.453471707788594]]], [[[-54.43700318994087, 4.459177481521408], [-54.43700318994087, 4.459177481521408]]], [[[-54.43996763037842, 4.463610668675813], [-54.43996763037842, 4.463610668675813]]], [[[-54.43877821795661, 4.456782632744137], [-54.43877821795661, 4.456782632744137]]], [[[-54.43697702563094, 4.469010255858166], [-54.43697702563094, 4.469010255858166]], [[-54.43689502365709, 4.466100039158221], [-54.43689502365709, 4.466100039158221]]], [[[-54.43963242894267, 4.477113235299555], [-54.43963242894267, 4.477113235299555]]], [[[-51.93619835937011, 4.46328216874673], [-51.94104873554761, 4.48480612439829], [-51.939348954596085, 4.430944148780895], [-51.942486741811194, 4.409987588389129], [-51.93593711103841, 4.432381966496962], [-51.93619835937011, 4.46328216874673]]], [[[-54.44398592447902, 4.482361420983295], [-54.44398592447902, 4.482361420983295]]], [[[-54.44441429103483, 4.49849309382563], [-54.44441429103483, 4.49849309382563]]], [[[-54.448076186880314, 4.48593415028256], [-54.448076186880314, 4.48593415028256]]], [[[-54.447845423369074, 4.501654790946475], [-54.447845423369074, 4.501654790946475]]], [[[-51.94509624244017, 4.507742453481967], [-51.950446832851185, 4.484183689149518], [-51.942760622701485, 4.505234946829489], [-51.94509624244017, 4.507742453481967]]], [[[-53.60165980723821, 4.510224677149608], [-53.60165980723821, 4.510224677149608]]], [[[-54.447468563000825, 4.50538878023292], [-54.447468563000825, 4.50538878023292]]], [[[-54.44978421408558, 4.511771919489206], [-54.44978421408558, 4.511771919489206]]], [[[-54.44228491536188, 4.515669133022811], [-54.44228491536188, 4.515669133022811]]], [[[-54.439814131631465, 4.53165367228263], [-54.439814131631465, 4.53165367228263]]], [[[-54.428937103837995, 4.536885023359787], [-54.428937103837995, 4.536885023359787]]], [[[-54.43736251605452, 4.535791707347641], [-54.43736251605452, 4.535791707347641]]], [[[-54.43120905635834, 4.544478023265583], [-54.43120905635834, 4.544478023265583]]], [[[-54.4236971141101, 4.557272413528381], [-54.4236971141101, 4.557272413528381]]], [[[-54.40403501901375, 4.562611489545418], [-54.40403501901375, 4.562611489545418]]], [[[-54.42159708281821, 4.563148770458156], [-54.42159708281821, 4.563148770458156]]], [[[-54.4099867964016, 4.561873164874498], [-54.4099867964016, 4.561873164874498]]], [[[-54.414968301170006, 4.562252602461797], [-54.414968301170006, 4.562252602461797]]], [[[-54.42045006403504, 4.567426278221603], [-54.42045006403504, 4.567426278221603]]], [[[-54.414297832504246, 4.578080978682181], [-54.414297832504246, 4.578080978682181]]], [[[-53.63910341298316, 4.581306862119391], [-53.63910341298316, 4.581306862119391]]], [[[-54.41995638539629, 4.577497274988104], [-54.41995638539629, 4.577497274988104]]], [[[-54.4179928120559, 4.588523816341706], [-54.4179928120559, 4.588523816341706]]], [[[-54.416925843340834, 4.606667184847936], [-54.416925843340834, 4.606667184847936]]], [[[-54.4111101072055, 4.564067498900101], [-54.40279898016854, 4.588692410152419], [-54.41329729437973, 4.608748143326181], [-54.415779636024126, 4.587297924773679], [-54.41254741166017, 4.567067306098295], [-54.4111101072055, 4.564067498900101]]], [[[-54.42435703371217, 4.610213677281706], [-54.42435703371217, 4.610213677281706]]], [[[-54.42105809364767, 4.612039644416711], [-54.42105809364767, 4.612039644416711]]], [[[-54.415021046488846, 4.608260651498313], [-54.415021046488846, 4.608260651498313]]], [[[-54.41450039207365, 4.612890280123281], [-54.41450039207365, 4.612890280123281]]], [[[-53.63115516496691, 4.611129984238062], [-53.63115516496691, 4.611129984238062]]], [[[-54.4145453078379, 4.618038842906856], [-54.4145453078379, 4.618038842906856]]], [[[-54.42177674587498, 4.619158090742417], [-54.42177674587498, 4.619158090742417]]], [[[-54.42750436114079, 4.620836084773998], [-54.42750436114079, 4.620836084773998]]], [[[-54.41896865528258, 4.621239012608726], [-54.41896865528258, 4.621239012608726]]], [[[-54.407117078222484, 4.654452925128624], [-54.407117078222484, 4.654452925128624]]], [[[-54.43769567785836, 4.657237519374974], [-54.43769567785836, 4.657237519374974]]], [[[-54.42411236561384, 4.664732357341961], [-54.433475679517926, 4.645590013039737], [-54.41256901421281, 4.646780566476536], [-54.42411236561384, 4.664732357341961]], [[-54.421226067201474, 4.649263531947838], [-54.421226067201474, 4.649263531947838]]], [[[-53.60702557426475, 4.675720905269884], [-53.60702557426475, 4.675720905269884]]], [[[-52.95186344647027, 4.680445393690434], [-52.95186344647027, 4.680445393690434]]], [[[-54.432268699943904, 4.673130226581975], [-54.432268699943904, 4.673130226581975]]], [[[-54.43729599773769, 4.671425864300602], [-54.43729599773769, 4.671425864300602]]], [[[-54.43275452709656, 4.700742362986489], [-54.43275452709656, 4.700742362986489]]], [[[-53.6141014739232, 4.710661778690792], [-53.635461025229574, 4.727020745879997], [-53.64242042462462, 4.747479664885361], [-53.66689995474735, 4.760595669523639], [-53.65796215630081, 4.784141114387694], [-53.67067244031011, 4.80410083788513], [-53.68266494935307, 4.824778705597282], [-53.70112620570285, 4.816855865494176], [-53.694703251421345, 4.836596969783614], [-53.70431434770046, 4.856465643324839], [-53.71958921657449, 4.870249892178833], [-53.74011308903363, 4.877364802260388], [-53.734587572775126, 4.900457889832921], [-53.750129304451434, 4.92274293033654], [-53.76459218052588, 4.938853639291665], [-53.78430932375119, 4.94408925142983], [-53.79706627804677, 4.966954539678966], [-53.7797287930631, 4.980692629002533], [-53.78574750546676, 5.0010509434764], [-53.76975661614847, 5.019082838939198], [-53.782557608947116, 5.047897914920497], [-53.80407313726289, 5.043959772009714], [-53.813864773859734, 5.061543072586517], [-53.80692256878075, 5.081475583132089], [-53.78311791556041, 5.080961081733278], [-53.779908456120154, 5.110085687019648], [-53.7597853164948, 5.114111152385533], [-53.774518564415416, 5.129768897034978], [-53.759920063787376, 5.145202583698392], [-53.74411059204783, 5.162112979953633], [-53.71837385915791, 5.17902205165484], [-53.69730836574524, 5.177322218310508], [-53.678491555504365, 5.185332127484685], [-53.66950173547934, 5.20719911904456], [-53.64875354737768, 5.216953109205349], [-53.66559695895472, 5.23564543423646], [-53.643229785641324, 5.24553473690105], [-53.630832157459395, 5.266109120669682], [-53.62553297454406, 5.286236449877435], [-53.60671326934175, 5.308511585357053], [-53.630559417008385, 5.314057838601229], [-53.656457039569375, 5.315775992127726], [-53.661958782054114, 5.335789463015033], [-53.66941479891233, 5.354884216859432], [-53.68580905284756, 5.36888482903322], [-53.67517164890165, 5.393381152334939], [-53.65656985533644, 5.409175144206074], [-53.66981904079029, 5.427192615101092], [-53.671930081707956, 5.447537330463945], [-53.685001446352885, 5.464125588624825], [-53.6723343235858, 5.480760717570263], [-53.65652397458524, 5.497926653633101], [-53.66981991805119, 5.514245264621422], [-53.67538947281275, 5.533516679846684], [-53.692456585950026, 5.546925844681539], [-53.698340551060994, 5.566997372294622], [-53.717565375402216, 5.578396760382361], [-53.72439257156151, 5.59976441706533], [-53.733509594434224, 5.623992977112437], [-53.75358781829533, 5.632575229284669], [-53.76926605178636, 5.617511504840991], [-53.76369386524175, 5.644422925069478], [-53.78489673772998, 5.653984712557644], [-53.807576566870864, 5.642318612894258], [-53.78655598922262, 5.653404542839155], [-53.775731290048896, 5.673207713178783], [-53.78318642964609, 5.695776023122335], [-53.81269608672949, 5.714725970499615], [-53.84929725871734, 5.726383428780082], [-53.87077567889179, 5.733450940696059], [-53.89880048397322, 5.734568216333798], [-53.87279425649808, 5.736267365802519], [-53.8904232553183, 5.748936633235928], [-53.90935437267018, 5.761254267923448], [-53.92965349085608, 5.749223429434267], [-53.950415627408006, 5.743469431691835], [-53.95712316516409, 5.722658392825394], [-53.972372505742726, 5.694613082929095], [-53.95207058032156, 5.676198818740602], [-53.939852615196514, 5.659258963977436], [-53.9287143829344, 5.642452707327607], [-53.90647765833461, 5.648130150767429], [-53.8925272342849, 5.629493026789305], [-53.91433721526175, 5.629052015506147], [-53.931319935888894, 5.642407605419066], [-53.94815672414546, 5.653805519771709], [-53.956023606202166, 5.634272486382372], [-53.97223898661554, 5.620597011992288], [-53.965720849513275, 5.601529858457297], [-53.950307636576554, 5.584513035400164], [-53.929927503335534, 5.573925958276561], [-53.942327105354536, 5.589755350127007], [-53.94627728013694, 5.568605881618623], [-53.97542761110674, 5.565836771911904], [-53.98380848039477, 5.541896024657774], [-53.98638705757287, 5.564942691138242], [-54.003497419678354, 5.537938280149831], [-53.999095674786304, 5.516749731794107], [-54.03256208610958, 5.505261351873116], [-54.04493348418691, 5.482121327574646], [-54.033659627371264, 5.465354721586436], [-54.05595780410562, 5.465598168208032], [-54.05146460475214, 5.444581730374466], [-54.05950452654503, 5.424505202888099], [-54.08378562022506, 5.407852884089948], [-54.10280656910521, 5.392178903710885], [-54.1224814283496, 5.384623429956889], [-54.134517098634774, 5.363782943786305], [-54.14934105534468, 5.349429694282151], [-54.17090062216363, 5.339054533941919], [-54.18255538571401, 5.319622122999306], [-54.19789082946153, 5.30300428428086], [-54.21895632287419, 5.285472416474988], [-54.244673887610986, 5.279594354935625], [-54.27294921650804, 5.261637796727086], [-54.287942857430835, 5.238147728050592], [-54.30342370719228, 5.224087892965429], [-54.31114921863582, 5.204675122701587], [-54.32971451814234, 5.173601632723376], [-54.344771146406345, 5.157552190490719], [-54.36006248585596, 5.132431112328504], [-54.368394798746806, 5.112904127071829], [-54.39287301297804, 5.090400124699897], [-54.40679689988184, 5.073354487160714], [-54.41681311529982, 5.055417074629929], [-54.436620967314695, 5.015462097753925], [-54.43477942098218, 4.992773107923881], [-54.435543866234696, 4.970448299814166], [-54.436665883078774, 4.949637186155485], [-54.446368576374084, 4.928606039515103], [-54.46752390131519, 4.912227451574097], [-54.467073844480524, 4.89105999205043], [-54.462178925374644, 4.862644360075194], [-54.46385604009464, 4.826944240164096], [-54.460539050384796, 4.805465517489665], [-54.45804415294219, 4.782484057512534], [-54.46233568095306, 4.756677688498144], [-54.4606068736274, 4.736198758975831], [-54.42696407801037, 4.726530888228865], [-54.41434274826844, 4.70222326802724], [-54.41234443539173, 4.681385478708819], [-54.41041305753089, 4.661052361493091], [-54.41737500098293, 4.640020546593121], [-54.41553345465047, 4.619605789382206], [-54.39078486857301, 4.621933817751199], [-54.40226170165698, 4.598949886954074], [-54.39781333034159, 4.573378543258571], [-54.408413450694354, 4.554528966175894], [-54.42165871040487, 4.535546318803881], [-54.442052506986215, 4.514164314165328], [-54.4360861232023, 4.491616057853662], [-54.429227411440934, 4.466028759475989], [-54.43042175845625, 4.445764583654011], [-54.4292988643511, 4.424227240331902], [-54.41043507678256, 4.414687841676368], [-54.39907489748248, 4.394490659096107], [-54.37638892751448, 4.393236713952831], [-54.364801537610276, 4.374963828274304], [-54.34050123191378, 4.380382780081732], [-54.3190350056675, 4.391534053200871], [-54.298864318494964, 4.393236713952831], [-54.30488303089851, 4.373220714442141], [-54.28557276133398, 4.364798464517662], [-54.26845722338851, 4.375818239473858], [-54.26104612229443, 4.355437363026169], [-54.24465186835931, 4.339941229321425], [-54.22484664812754, 4.322385406503713], [-54.221519372532214, 4.300258843401082], [-54.21954307890718, 4.325162258231501], [-54.23957287795997, 4.323236378275737], [-54.244201833456316, 4.345406095081159], [-54.2589342041158, 4.362152616785806], [-54.27366745203631, 4.376397818015107], [-54.29073544243465, 4.365738084607131], [-54.298549908145446, 4.385488202891793], [-54.320960242701176, 4.390727942655644], [-54.340141905800124, 4.380024503487391], [-54.362150630261056, 4.374426409428168], [-54.376748253627966, 4.392609740590501], [-54.39929684452045, 4.393818028348903], [-54.41787849936907, 4.377057800581497], [-54.3940351206507, 4.367177777637721], [-54.38961705870355, 4.332663748399], [-54.3927362260535, 4.303410010284267], [-54.38996210739418, 4.282962272781617], [-54.38087723613762, 4.261511952670162], [-54.379511011757245, 4.237081430289606], [-54.38528141542929, 4.216363164280665], [-54.38552972416085, 4.182611228038525], [-54.36419473616303, 4.17690442423816], [-54.34005207427168, 4.174302025327563], [-54.32410574981327, 4.152397401516566], [-54.328824427180166, 4.127443725125431], [-54.3425004220515, 4.111068547701791], [-54.34090343415971, 4.083356697239424], [-54.35247172170523, 4.060935560878534], [-54.33740618924196, 4.040997282561136], [-54.323151048577074, 4.021174027460233], [-54.304501685533296, 4.012367659699521], [-54.30178449994537, 3.973897500200508], [-54.291143960959914, 3.955955376977954], [-54.28746027614386, 3.933793129966375], [-54.26765019989682, 3.918764999554071], [-54.24950807832272, 3.909152199244204], [-54.24752893359931, 3.889028025032871], [-54.232661815647134, 3.868996673204208], [-54.20445471572583, 3.854252937026502], [-54.187521472620176, 3.841769996630319], [-54.19740048441457, 3.821227575442379], [-54.1867131643167, 3.802942489782936], [-54.16398315584536, 3.80791714716355], [-54.12885771234477, 3.801015712672438], [-54.113810931335706, 3.780847844058201], [-54.09934805526143, 3.753060234901966], [-54.082145317570564, 3.723792652076952], [-54.08138174957912, 3.69304320423845], [-54.077183002886784, 3.672313434513171], [-54.054204466368674, 3.660102964108205], [-54.05115019440268, 3.638830851280375], [-54.031061574998375, 3.633923702949517], [-54.012460307790036, 3.652240318453835], [-53.98909147784434, 3.659066229943392], [-53.97169666385315, 3.642660422050255], [-53.96334566530271, 3.663283196890063], [-53.950634504032394, 3.682019428598949], [-53.933252103284644, 3.665565715638138], [-53.91096971724869, 3.66010138825925], [-53.889345276977394, 3.660166173161485], [-53.866458589687966, 3.664314498273029], [-53.844137121673555, 3.659561572257076], [-53.86470854167993, 3.657319310026082], [-53.886624802829374, 3.658172021687164], [-53.9057624274252, 3.651089762744277], [-53.925300784854755, 3.657633079996572], [-53.93352036970447, 3.677801149387676], [-53.95153071389012, 3.668480488512387], [-53.970215671799735, 3.654316077611327], [-54.00331946728056, 3.648086509484358], [-53.99132608097665, 3.627646191256304], [-53.978346302382135, 3.606714942582073], [-53.9855768631582, 3.577483721511385], [-54.003499130337445, 3.560449883656304], [-54.00772121217267, 3.536464969232327], [-54.00448727714996, 3.513198837694688], [-54.006508486539246, 3.469531030403289], [-53.98804679155904, 3.450119353331331], [-53.971922032208965, 3.434335777306501], [-53.95058704421126, 3.422231974951103], [-53.93055461337542, 3.39990355280537], [-53.90904171684281, 3.400305331670495], [-53.89103532033181, 3.411200585854658], [-53.87185628901574, 3.40286277107208], [-53.84486191472786, 3.403623241060359], [-53.824463578320774, 3.406403102292074], [-53.80258960115259, 3.4000363114896], [-53.821269734126645, 3.408331065851883], [-53.830886532602335, 3.390755069339093], [-53.84341320588021, 3.37412210128133], [-53.82441866255658, 3.363719652104749], [-53.82284661080939, 3.343138617730062], [-53.83623326306491, 3.323228003655117], [-53.82356570166718, 3.343586660583014], [-53.82563182682071, 3.363988332062888], [-53.8457998822102, 3.367305314907526], [-53.83133612887474, 3.391562487703652], [-53.854022098843075, 3.399948039226672], [-53.874141729424196, 3.403264898989505], [-53.8945334863738, 3.395642654873996], [-53.91438888593581, 3.402816533356543], [-53.95517020668234, 3.410438370439067], [-53.957902348401944, 3.431507308779715], [-53.98076964822275, 3.435272059841168], [-54.0001357554512, 3.450879785761401], [-54.008350471502126, 3.428464112487234], [-54.02290142458281, 3.407165320905278], [-54.04408008466703, 3.387415572820146], [-54.05038662641107, 3.36631537063414], [-54.06193822406567, 3.342917573838974], [-54.06056417013059, 3.322578695837649], [-54.06964859979121, 3.302689300442978], [-54.070022622992155, 3.280498893789627], [-54.08554140066008, 3.294093499964788], [-54.10920794276575, 3.286974886899202], [-54.13496801079884, 3.265698067940946], [-54.15082327556348, 3.244935625540222], [-54.163130194955954, 3.228432991115767], [-54.174626876070704, 3.205649988543371], [-54.1937627461445, 3.195920224399515], [-54.1971314284599, 3.175378841418819], [-54.20750521546938, 3.152955196952917], [-54.213705345451956, 3.133042595314578], [-54.19182961376151, 3.135555867440985], [-54.178536302078555, 3.11187382868502], [-54.18087016729527, 3.088827574564277], [-54.190271773642905, 3.069563405153531], [-54.18181339834365, 3.046886617204905], [-54.17260566668142, 3.025447019112676], [-54.17512270399902, 3.003468748333546], [-54.18082700605311, 2.98364131930532], [-54.163038214138055, 2.973371606890282], [-54.17547988082316, 2.957185735007499], [-54.178234700157475, 2.928238799854284], [-54.18465229958156, 2.904842999865537], [-54.19467542435012, 2.884506368550433], [-54.18082446199605, 2.865265635366484], [-54.186079606408214, 2.842171814716551], [-54.203497843268565, 2.830409187937448], [-54.20139940008232, 2.810484700085681], [-54.205763699600084, 2.77670100002382], [-54.21626930011689, 2.75964699957467], [-54.23526429986879, 2.745677299660656], [-54.2562430007535, 2.727546199988751], [-54.27198536378336, 2.691809787570662], [-54.28049499993864, 2.662450299920351], [-54.299486799891326, 2.641155700137517], [-54.31744220002622, 2.629595199134258], [-54.315548299879026, 2.609192399825531], [-54.32363719961785, 2.587709300140205], [-54.33020859960175, 2.568609700651223], [-54.34390150000161, 2.548968199928993], [-54.35002150014844, 2.528082600707535], [-54.35993449914031, 2.507550199881052], [-54.37374533251449, 2.492579486790135], [-54.385423838755685, 2.47537187868727], [-54.401633692424525, 2.461506136492858], [-54.41488384286538, 2.444902534722587], [-54.43731439944901, 2.429523899935475], [-54.457321300164494, 2.432449499370023], [-54.48285220027674, 2.418821599352668], [-54.49921119982861, 2.402360099867337], [-54.50622100012902, 2.380862899515421], [-54.50826320045155, 2.352778399519423], [-54.52609370062595, 2.33228489977563], [-54.55248029994533, 2.349791500091897], [-54.57220320008037, 2.354269500171426], [-54.593657600230586, 2.347724699880416], [-54.43656791741415, 2.209931473633446], [-54.18906791715659, 2.17893147417567], [-54.00126791689598, 2.230131473134236], [-53.97346791639336, 2.23313147359778], [-53.954267917500374, 2.245331473329827], [-53.935567917301285, 2.259531473837001], [-53.93916791670057, 2.28433147376802], [-53.915967917476905, 2.290731473426774], [-53.89256791733817, 2.283831473784915], [-53.88966791664916, 2.30403147331981], [-53.872267917006695, 2.316331473419154], [-53.8428679163718, 2.308431473212977], [-53.823967917054404, 2.317731473340473], [-53.836467916740844, 2.33493147285742], [-53.8145679162771, 2.342531473509155], [-53.798367916733866, 2.365331474323796], [-53.773267916903706, 2.373731473926682], [-53.748267916632756, 2.374131473533282], [-53.7303679173981, 2.352431473559989], [-53.739067916770125, 2.329731473615198], [-53.73976791727722, 2.309331473717123], [-53.71476791700621, 2.312331473074153], [-53.69266791652586, 2.310731473368264], [-53.67116791699351, 2.305431473700878], [-53.65416791648579, 2.293231473931712], [-53.634367917543216, 2.281631473587083], [-53.611067916963634, 2.286931473566938], [-53.58426791744199, 2.268931473582882], [-53.56016791679639, 2.26723147362128], [-53.540867916547484, 2.257331474343346], [-53.520167917081324, 2.2664314739514], [-53.49526791636953, 2.261131474068179], [-53.47306791722838, 2.2567314730058], [-53.45436791702929, 2.270031473021447], [-53.46976791740457, 2.285931473442076], [-53.44026791721063, 2.280231473259107], [-53.421767917028035, 2.289931473348702], [-53.40016791703823, 2.304331473581442], [-53.38076791723023, 2.315331474166669], [-53.35996791640832, 2.333631473951527], [-53.348367917245696, 2.354631473213544], [-53.33066791712923, 2.343531473197004], [-53.314967917178194, 2.326731473462871], [-53.2960679169625, 2.309531473751804], [-53.27756791767837, 2.298931473569496], [-53.263467916961304, 2.279931474229784], [-53.234667916376054, 2.275531472907574], [-53.25326791701593, 2.246531473475841], [-53.26316791738566, 2.228531473078249], [-53.27976791696193, 2.213031473318495], [-53.283967916410916, 2.189131473895031], [-53.26126791677939, 2.189231474077189], [-53.245867917302235, 2.205331473642218], [-53.22066791701474, 2.193731473571688], [-53.185167917222884, 2.199231473814621], [-53.16306791674248, 2.204931473594911], [-53.138567916962074, 2.211931474142659], [-53.117967916156545, 2.211931474142659], [-53.08436791697102, 2.212931472937328], [-53.06106791728973, 2.198731474384886], [-53.042467916649684, 2.188331473992264], [-53.01396791653849, 2.179731473697586], [-52.986967917000186, 2.168731473589844], [-52.959367916514225, 2.17493147378417], [-52.938627905494116, 2.182071486235827], [-52.9194500554118, 2.193397455949366], [-52.896641619805564, 2.207314933529574], [-52.88681724787125, 2.226079637601742], [-52.877413812776865, 2.244249211363012], [-52.86522093731702, 2.261731780341279], [-52.85855217449779, 2.281772309520704], [-52.838367917286575, 2.282331473689055], [-52.8213264803901, 2.295816572431249], [-52.80160877373174, 2.301342173851936], [-52.7833679172295, 2.31113147391261], [-52.764588922135545, 2.324049137079498], [-52.742263155542105, 2.334054623965585], [-52.717667916736445, 2.344331473509953], [-52.69303547797233, 2.365424344251551], [-52.67161065844613, 2.369418435313321], [-52.65755202424958, 2.386785865602405], [-52.64448810644251, 2.420211149642569], [-52.636803572969484, 2.444857659844388], [-52.61637920373414, 2.446099780168822], [-52.621801707724785, 2.470077104118275], [-52.602924629651795, 2.477298297745165], [-52.58856404221217, 2.493815253934258], [-52.56502818176841, 2.516924761499581], [-52.55026791726459, 2.530531474299607], [-52.56139000486769, 2.550847877922877], [-52.53766157891306, 2.55866051046678], [-52.527791785076204, 2.583290788717193], [-52.54189428232354, 2.606754839067662], [-52.552225960804265, 2.630085949808119], [-52.5501012346146, 2.653280268669619], [-52.52999125390471, 2.651936342735496], [-52.52019961730775, 2.676703043012083], [-52.5108122225887, 2.694559882589772], [-52.50048159682132, 2.717082457265803], [-52.48835434048573, 2.734265732856841], [-52.47978961218371, 2.753839873235222], [-52.479056777295, 2.7809254361851], [-52.456999978930185, 2.821789891555738], [-52.44528503527391, 2.850688446671768], [-52.42717591149744, 2.880422301199246], [-52.410557078741306, 2.894373369891525], [-52.37794700576228, 2.916756296257574], [-52.39667845850602, 2.927595306366072], [-52.39185299654133, 2.949010006638332], [-52.36919001081196, 2.981350914709765], [-52.363987151156664, 3.006765342018696], [-52.35239923489587, 3.028903860676621], [-52.341439788429625, 3.05186836132134], [-52.32784873435662, 3.072697912254512], [-52.34332344329107, 3.092094648904947], [-52.339592978531016, 3.116851764731166], [-52.34938707145892, 3.13654288483076], [-52.33377761523195, 3.155848750250868], [-52.35221606279504, 3.169235161481595], [-52.392999576694024, 3.181119566632049], [-52.39677144817409, 3.205920462823542], [-52.41985920368927, 3.21107662787665], [-52.437421267493846, 3.224486318847823], [-52.45098214378771, 3.205113244033953], [-52.46679617728449, 3.190089889401236], [-52.4808062112204, 3.17026769467401], [-52.501156736901976, 3.172195063850268], [-52.5201101366838, 3.187309423540341], [-52.53942391529233, 3.165243764579884], [-52.561927765872554, 3.162912756449373], [-52.586899878058034, 3.154573744831737], [-52.582722711986946, 3.134257536971575], [-52.6009146492035, 3.124252577465711], [-52.606123825138184, 3.149458466237093], [-52.629840401352226, 3.148516659403356], [-52.63181564226403, 3.125239255121926], [-52.64547003458256, 3.110080196214369], [-52.67152223053523, 3.115328638631922], [-52.692408060891125, 3.114790445860024], [-52.69433943875197, 3.092993407938707], [-52.71765072037488, 3.088777468133628], [-52.73907553990108, 3.08962962752986], [-52.75959976326459, 3.075633909159478], [-52.772939745233714, 3.056988141948693], [-52.78457555994606, 3.026927172390515], [-52.79229931686757, 3.002834133195506], [-52.79692564058075, 2.971844423164839], [-52.803127700537516, 2.994051281164786], [-52.79064111808822, 3.010153911059319], [-52.77739096764748, 3.04155111109975], [-52.76476928700117, 3.066443605739494], [-52.75372000900637, 3.085320994689653], [-52.73112544963669, 3.086892693750485], [-52.71095721879499, 3.089807978238071], [-52.69047668303028, 3.098288362111646], [-52.67376433424931, 3.111740681624724], [-52.6511267890894, 3.119588270540646], [-52.63738624973871, 3.138919150776019], [-52.619104480993656, 3.151252381659162], [-52.60271022705854, 3.138605212087668], [-52.5845193425551, 3.126719269866612], [-52.586406857365034, 3.14896408783045], [-52.56381054347315, 3.150803903093447], [-52.54494960700282, 3.16484119042525], [-52.526893469792014, 3.18973112003539], [-52.504524366504256, 3.185515570609596], [-52.485297787640945, 3.177890609709607], [-52.4675148295118, 3.190269274037291], [-52.457543529858015, 3.211974583429935], [-52.440834865573436, 3.224127561550176], [-52.420308361331195, 3.212332293947327], [-52.3975799319299, 3.207983352391295], [-52.3924605875236, 3.181837111241578], [-52.36739618747896, 3.178833791314048], [-52.34433281982018, 3.17217316592928], [-52.31931473915756, 3.171500461575192], [-52.30051994816807, 3.179969497142281], [-52.30770489137126, 3.203050699034804], [-52.293601341410636, 3.21869503568206], [-52.2816342729372, 3.238866110897334], [-52.2655739045461, 3.252603877633078], [-52.24491089848925, 3.248612806328026], [-52.21706119470741, 3.2664118743823], [-52.20785907751559, 3.286192956445291], [-52.19146026182318, 3.299778910787836], [-52.188993403835866, 3.320405692250404], [-52.1747515975386, 3.337844935650878], [-52.159390406180194, 3.360411414585315], [-52.15045567814724, 3.381162502315021], [-52.13190195848614, 3.408285353824283], [-52.12197908364067, 3.428778835757271], [-52.106258566168435, 3.455500336652619], [-52.096107603457995, 3.482265917890402], [-52.07153517139312, 3.506382170355096], [-52.05532408955895, 3.532432516027541], [-52.04445447462115, 3.552605988938353], [-52.03439334343892, 3.570985880403725], [-52.02585934823986, 3.592019162276017], [-52.00070301124049, 3.613747820397464], [-51.994414804251505, 3.633381594934178], [-51.98848592337629, 3.653821782973182], [-51.98547656717449, 3.676816437801278], [-51.9782002133731, 3.698036346009246], [-51.9966730495683, 3.708909349753014], [-51.97631375127651, 3.706806229452354], [-51.96342643599354, 3.724734766618894], [-51.943225746494136, 3.724641273044938], [-51.92313155648242, 3.724281130101701], [-51.91738233866414, 3.744950680013005], [-51.92793754325237, 3.767379753102489], [-51.914103487877014, 3.786535160582218], [-51.90326001531764, 3.805250029916863], [-51.883204249338576, 3.802761821786817], [-51.86586711525945, 3.821943579323317], [-51.852887512117206, 3.84480041930118], [-51.82910408861352, 3.855443312762645], [-51.818234473675545, 3.873906526925168], [-51.79887577930293, 3.89084572345206], [-51.79719196450185, 3.922773312155527], [-51.81902365768889, 3.918382918537304], [-51.79772726917594, 3.929584485550265], [-51.794317355592455, 3.908568252266491], [-51.78335685641315, 3.926134095446855], [-51.786063382110854, 3.960648904888274], [-51.77411578883215, 3.981574206074697], [-51.759787660050506, 3.999228115122889], [-51.732187273850286, 4.012379036140317], [-51.70759554204312, 4.031846518948328], [-51.68727150964429, 4.034781565196681], [-51.66881130600785, 4.047729945449134], [-51.66109632169662, 4.074357096098993], [-51.65876070195793, 4.10204073256665], [-51.65364030483846, 4.137835688115103], [-51.64182816066102, 4.181514246839811], [-51.63455180685958, 4.201002976303812], [-51.65121485357133, 4.223576746855144], [-51.663162446850095, 4.206329898542435], [-51.67533461894982, 4.188322189878477], [-51.70493393210944, 4.175062517456183], [-51.73777104024026, 4.17300292248126], [-51.75905848069095, 4.178244117353529], [-51.78174094161494, 4.164939477464145], [-51.79853838471479, 4.147288154113994], [-51.81969370965567, 4.135506153090489], [-51.836357458176224, 4.113151228989977], [-51.85288645940403, 4.092811734975839], [-51.877724877009825, 4.083448225801192], [-51.90665062915855, 4.089363083828232], [-51.87776979277402, 4.083985846511325], [-51.855042416085894, 4.092139716430495], [-51.840040550841024, 4.107640800506204], [-51.831642355647716, 4.128518556924064], [-51.80958871542259, 4.145542074318598], [-51.79072304174281, 4.152843105094064], [-51.77212896807481, 4.173809262432201], [-51.74648101400004, 4.179229637264712], [-51.70493393210944, 4.176272023898207], [-51.6778499017455, 4.18778463995676], [-51.66477941436159, 4.20597154023443], [-51.6571893520196, 4.234195425685584], [-51.67785095445868, 4.258692877156136], [-51.6947826184944, 4.286599379044674], [-51.71037014319603, 4.312217147228637], [-51.71746507941856, 4.33519991843707], [-51.71769141276167, 4.357946689892117], [-51.705384493369195, 4.378503138100143], [-51.6911893573581, 4.393147583703865], [-51.71194219494322, 4.388040463871221], [-51.73799333818272, 4.402729505534751], [-51.752805188690616, 4.419032168930187], [-51.74764847296501, 4.438823904788762], [-51.76808690020073, 4.464482994451373], [-51.7788217678459, 4.489156072270248], [-51.78084297723518, 4.510514850930122], [-51.78281751633824, 4.536889570823348], [-51.78591670406854, 4.559411056924432], [-51.79301514933496, 4.589854726980832], [-51.79894227568826, 4.612779228849888], [-51.81385571302218, 4.627014723596062], [-51.83051840882939, 4.642863781495578], [-51.84799169381881, 4.655711314423229], [-51.86622380959005, 4.666007778128687], [-51.88576216701961, 4.676751753153383], [-51.91311955191742, 4.680064445560674], [-51.93032228960834, 4.662158688065119], [-51.92704343882127, 4.583277188536215], [-51.92699852305691, 4.558920733086893], [-51.92919834278996, 4.536846982076952], [-51.92794175410535, 4.499947920481418], [-51.923233845117295, 4.468055111328852], [-51.9251110082472, 4.42937548200257], [-51.93301618274745, 4.407032618437199], [-51.91388206719574, 4.400491653073232], [-51.90952523806766, 4.380651487414411], [-51.91927301161354, 4.346973626180215], [-51.92273047274426, 4.326728956564182], [-51.93463420297212, 4.310292634068048], [-51.92996191078146, 4.288972901730801], [-51.9352619709577, 4.267382777221087], [-51.95771985306072, 4.270832744916106], [-51.96001055703516, 4.248077509499808], [-51.986736489451005, 4.246734787177331], [-52.00456436334446, 4.237014765699485], [-52.03340396846096, 4.240419026767881], [-52.05725423925435, 4.222680870648333], [-52.05860065946723, 4.199834628639906], [-52.07472541881731, 4.179993799311944], [-52.07333303012683, 4.158401691766471], [-52.07504088188, 4.179767193057671], [-52.05904981710927, 4.199924218937724], [-52.05734407078285, 4.223128808880972], [-52.03385312610311, 4.240687783582189], [-52.01161877010787, 4.24207635896596], [-51.990868739758014, 4.246018107743851], [-51.97029995153463, 4.242882627398444], [-51.96656931132247, 4.264874463559636], [-51.946312301665614, 4.26545675138965], [-51.930007879258824, 4.282161120294461], [-51.93584587589248, 4.305138238963366], [-51.92371861955684, 4.326460229978466], [-51.91999166384096, 4.347958929773995], [-51.91442210907928, 4.375278197127557], [-51.9114566159285, 4.396998543054906], [-51.934948613321524, 4.403671264611546], [-51.94783838493538, 4.383428124199781], [-51.96441230192738, 4.369634407673971], [-51.98359133324328, 4.356153939530657], [-52.01777328251728, 4.343928134203054], [-52.03987078579348, 4.327311197173287], [-52.0710882946297, 4.325968439084761], [-52.097049606340875, 4.329461004774373], [-52.1224270131172, 4.321892738198983], [-52.131230502901644, 4.299991157201134], [-52.14016768726543, 4.279297155136476], [-52.16280628513846, 4.276969092970148], [-52.161412843734865, 4.254751543120335], [-52.17726547671646, 4.241673224434351], [-52.161728306797386, 4.255152046288003], [-52.162311159018884, 4.275356626706355], [-52.20399404091529, 4.26760778319408], [-52.215222981966804, 4.250407758823599], [-52.23242571965767, 4.237238730704235], [-52.25286239237141, 4.240195062684506], [-52.26144025062155, 4.220619301589579], [-52.27989799792704, 4.204987103916892], [-52.307793319281984, 4.196743757073364], [-52.32486271329793, 4.185994204090491], [-52.34502322424271, 4.184336752382876], [-52.36389275787093, 4.19136969898824], [-52.391158381265996, 4.185411856593191], [-52.39506605275187, 4.159517604159191], [-52.372292005777524, 4.144960046862991], [-52.3791192019367, 4.12578440036782], [-52.39618719233505, 4.110373269390777], [-52.41738918756238, 4.113107828914849], [-52.44114962682727, 4.096800433438545], [-52.45745229471191, 4.083985496497974], [-52.46809908535079, 4.061003640425383], [-52.49527312269555, 4.050743690473666], [-52.5140928278978, 4.039945960713965], [-52.53335502355844, 4.027803943564379], [-52.557122130007144, 4.022248126187719], [-52.55815870162792, 3.995002826287816], [-52.56179161496243, 3.963056657749576], [-52.56026623350158, 3.94151020643983], [-52.573112142064474, 3.919100240623493], [-52.58236478949078, 3.898619735845671], [-52.57320162268837, 3.919906483307614], [-52.561028397875305, 3.942535573806879], [-52.562466755043204, 3.963368040803857], [-52.563678427963566, 3.988146683964089], [-52.58443056373994, 3.992181929364278], [-52.565431195480755, 4.00177157412719], [-52.55788429438104, 3.982862066521761], [-52.55366326525882, 4.003425728369564], [-52.55739127368781, 4.023412708738647], [-52.53340520288873, 4.028653834663032], [-52.51148736266941, 4.044291602205419], [-52.485618514269845, 4.050967358210983], [-52.46643579845761, 4.066244173179257], [-52.46181315924059, 4.086673944658401], [-52.44141877050805, 4.097875306571439], [-52.42089226626592, 4.111853075709462], [-52.39627737476786, 4.111941626000487], [-52.38019753118215, 4.126411941228866], [-52.3744483133637, 4.148005974133412], [-52.395784354074806, 4.157860446563518], [-52.393942807742405, 4.184873954703733], [-52.37197899904555, 4.19902936538557], [-52.35805511214164, 4.1843598503404], [-52.336677840162736, 4.190337998795599], [-52.31413065288808, 4.199211695817212], [-52.29580502109201, 4.208394655113864], [-52.269214888682086, 4.221250616138661], [-52.25470709684345, 4.255382829801363], [-52.23671535059151, 4.241445061394415], [-52.21756175984507, 4.252113011149277], [-52.205703998094805, 4.269850490757221], [-52.175430773019855, 4.280376326600162], [-52.14797987209761, 4.279921073194828], [-52.13258113396739, 4.307160565960771], [-52.119462923584024, 4.333040504856001], [-52.09830759864303, 4.335909953548878], [-52.07602271241308, 4.329551892094798], [-52.03870262501965, 4.334163250230517], [-52.02149988732879, 4.348405482514352], [-51.978829911333094, 4.375321669938501], [-51.961537342113616, 4.389831825906811], [-51.94788294979509, 4.414910442163205], [-51.95044314835491, 4.466678934874267], [-51.95592287158803, 4.498386834957103], [-51.95363392213568, 4.520640863719052], [-51.96234758039151, 4.552648458668671], [-51.96620858159122, 4.575574153771527], [-51.97905449015417, 4.598810764086181], [-51.99306996310844, 4.614657829307646], [-52.005601461321874, 4.688077077877097], [-52.00559970679984, 4.710103102210951], [-52.02424150346741, 4.720219710696824], [-52.03376189095707, 4.743093444932413], [-52.05819782120699, 4.75011928667476], [-52.07993126116003, 4.762192544626544], [-52.097791418259135, 4.774742650816052], [-52.11698764389098, 4.784724033784528], [-52.131315772672735, 4.799091598492282], [-52.152568999943526, 4.810281081158564], [-52.14007925935459, 4.793406309385375], [-52.12696245258883, 4.769636332559287], [-52.111780924287075, 4.750478689899978], [-52.10338167638065, 4.731051938585551], [-52.09300718756231, 4.708221696849876], [-52.07863414301636, 4.689062355229964], [-52.07284000943383, 4.666948756865793], [-52.06457445610664, 4.642281792345557], [-52.067629780786035, 4.621776686569717], [-52.06502361374885, 4.64246086598132], [-52.07319933554754, 4.667127824224735], [-52.078903637601684, 4.68888329348016], [-52.09327668214752, 4.70777405469272], [-52.10252827686077, 4.729216664276294], [-52.112679239571264, 4.7510158273314], [-52.127411610230865, 4.768785887780666], [-52.13837105669711, 4.790494279598875], [-52.16491732605601, 4.808933807240919], [-52.17879524448256, 4.823411005196874], [-52.19209031068755, 4.85534677958259], [-52.21136022624512, 4.861925671745212], [-52.23606389655839, 4.858166312657715], [-52.2539393179992, 4.839994907673031], [-52.27473636953977, 4.84209841778295], [-52.291175539238964, 4.82638994159754], [-52.29579852936041, 4.799487429574299], [-52.308150364517076, 4.769588250286006], [-52.32167000954314, 4.749222045453166], [-52.327264829422006, 4.726149965307911], [-52.33209380043064, 4.704371964889617], [-52.33276753689381, 4.680333915890856], [-52.32822876383045, 4.659652947254926], [-52.32086608754474, 4.634534715592622], [-52.30940905862815, 4.617208936984923], [-52.33281017177933, 4.601641222665705], [-52.3233813703402, 4.578082202929011], [-52.31021754238384, 4.562725084615636], [-52.29094867953938, 4.569978341848014], [-52.304872566443294, 4.550991029985312], [-52.32414493833164, 4.566258852996668], [-52.320955919073015, 4.5893523566005], [-52.32666022112727, 4.609812754361087], [-52.30985821627007, 4.621152008896559], [-52.32189564107739, 4.642909774007251], [-52.33263401776668, 4.661533171777307], [-52.354226043243216, 4.660055852932999], [-52.37534890952651, 4.652221534466491], [-52.39187984072856, 4.633196980950288], [-52.412810586848536, 4.644836822569232], [-52.42612442643923, 4.623545525219299], [-52.44702903018094, 4.615351941363826], [-52.4575916037619, 4.596351144247535], [-52.473259485572896, 4.574449853020724], [-52.49388108490945, 4.564873768275106], [-52.50852292223169, 4.543963552954267], [-52.5160238548541, 4.522291453279593], [-52.51957220022655, 4.501559901752159], [-52.516606707075766, 4.522333605618257], [-52.50879241681707, 4.544590396895273], [-52.49414987768586, 4.56554458020679], [-52.479552254318946, 4.580767321229359], [-52.45996757750754, 4.588199920236377], [-52.450042948140094, 4.607227692374181], [-52.43799885614908, 4.625895050967699], [-52.414018750724836, 4.637535012860724], [-52.393666996877755, 4.629388808446379], [-52.37671708581274, 4.652958541200519], [-52.357178728383076, 4.662225401608794], [-52.33739421151148, 4.654681222575505], [-52.33438450440508, 4.68024438390438], [-52.3280503289389, 4.700791674079824], [-52.328634233873686, 4.721829880818348], [-52.33856167047634, 4.739514665371701], [-52.35414638794265, 4.758177619739968], [-52.37907568979011, 4.761176598183113], [-52.38055791000903, 4.783783040079015], [-52.36438946306026, 4.761084978466329], [-52.33991037156795, 4.741166143085081], [-52.32450461534984, 4.7575973879392], [-52.30217726968641, 4.802531772039174], [-52.29679158883471, 4.832344191173775], [-52.281360918403436, 4.854026080922267], [-52.26071475575816, 4.854354398337136], [-52.24397065012846, 4.878720942876384], [-52.26250173645525, 4.898779266457836], [-52.27094046110767, 4.923123742954033], [-52.28448379218116, 4.940964704891883], [-52.309657849853295, 4.950823451238136], [-52.336517476848485, 4.942992471723471], [-52.33775388852956, 4.922690314024862], [-52.353516865434926, 4.903902091891212], [-52.38995056829424, 4.881756712495019], [-52.38562707508481, 4.860353155928408], [-52.405524758628246, 4.863184031396315], [-52.42154301849041, 4.843777182689621], [-52.438072019718106, 4.823502703973816], [-52.44752626172692, 4.798370919580861], [-52.45812638207951, 4.781138739435278], [-52.443731406008055, 4.810299351335402], [-52.42810072006449, 4.828873485862175], [-52.41644262292209, 4.851853028192181], [-52.39663968356888, 4.855880949839957], [-52.39228285444091, 4.876781001019083], [-52.37988610352022, 4.896190655755674], [-52.40396095313457, 4.901171030348962], [-52.42569527034857, 4.892533928887929], [-52.44608702729806, 4.891285763408121], [-52.454221693281, 4.869996317554239], [-52.44305065145693, 4.849620178630573], [-52.454892096152264, 4.833146828583494], [-52.44554961719746, 4.850961252878847], [-52.46742534888784, 4.849482592059076], [-52.45605990602161, 4.86832417363388], [-52.45736246318364, 4.890791915779232], [-52.47734506559357, 4.89204497694567], [-52.49881971354574, 4.880899852593018], [-52.51896531105314, 4.877924653101445], [-52.49601335554382, 4.886964715420788], [-52.4908696232813, 4.909764842484662], [-52.488467507157225, 4.93046271201905], [-52.49006113952544, 4.908690818678792], [-52.4723643284284, 4.896428924433906], [-52.445187834752915, 4.895538082338021], [-52.42740785931102, 4.908426507867659], [-52.39758782727898, 4.903716968121046], [-52.37656724963051, 4.909280797789847], [-52.356774486505344, 4.915292436664345], [-52.38051825781088, 4.933880363793094], [-52.40474452267728, 4.963397572896497], [-52.4194972457924, 4.978993933124855], [-52.43805166726247, 4.989818248385177], [-52.45542617266108, 5.007231810600615], [-52.47108510640959, 5.02067166961848], [-52.47941610340877, 5.041723987481191], [-52.498821468067774, 5.053265568870643], [-52.51135121175906, 5.07228204186282], [-52.52809952824191, 5.0897258120728], [-52.517645033218514, 5.063156310560828], [-52.53380944476646, 5.08851847875718], [-52.54530472226355, 5.105391492373144], [-52.56968626233049, 5.119088775257069], [-52.59039734229111, 5.126993214057848], [-52.60315815653513, 5.142788997853245], [-52.62539374069581, 5.14314478041382], [-52.66725154843937, 5.149005028778276], [-52.682839950401956, 5.127446122813296], [-52.67206016699248, 5.108832169240316], [-52.65094817874598, 5.107850437498712], [-52.633657714953074, 5.093444134538743], [-52.63590402951991, 5.072326344820397], [-52.63814981773021, 5.094024816018191], [-52.65772888007115, 5.086817792543116], [-52.67206016699248, 5.072552665602075], [-52.67629523229107, 5.046024446861395], [-52.65602295829245, 5.048437260195612], [-52.65928215843263, 5.026533032714724], [-52.66006081531356, 5.006502879261859], [-52.675511838200464, 4.985830639496214], [-52.69218471023544, 4.999707375377625], [-52.708800033947625, 5.023425045205215], [-52.721284335518305, 5.00489531231193], [-52.73360353656494, 5.022572039208569], [-52.708599667530734, 5.023982675097159], [-52.69478438554114, 5.004813601138096], [-52.683338234661164, 4.987355665918869], [-52.669236088318144, 5.004007674983825], [-52.65359662976425, 5.017968356807899], [-52.65474566624778, 5.044027321682393], [-52.677985889728006, 5.03925862959926], [-52.67120518840278, 5.064270627776011], [-52.67361028721422, 5.090467669517636], [-52.65602664278862, 5.103111925650921], [-52.67821503030643, 5.098855230239508], [-52.67062251163355, 5.12162822831931], [-52.675699747510805, 5.146948548378077], [-52.64257226598244, 5.14838328862362], [-52.64041753746602, 5.168665980300034], [-52.66124002957622, 5.191497723879877], [-52.69395712839963, 5.216796992041225], [-52.72457125710662, 5.238553513926092], [-52.75407477336273, 5.265440717220827], [-52.78284542576313, 5.291983114385744], [-52.80626724227466, 5.314771392622788], [-52.82219163520767, 5.327045982030086], [-52.841325750759324, 5.339433787997052], [-52.86140309735947, 5.354325656558501], [-52.87682762696346, 5.369333064116745], [-52.89646388672293, 5.382963899677975], [-52.91474460275475, 5.398033571361339], [-52.938280463198566, 5.416277657750868], [-52.95617535983405, 5.427974680197508], [-52.981396087792234, 5.441768464857944], [-52.999448540506876, 5.457596776307014], [-52.990019914519905, 5.432065593347431], [-52.96562960184281, 5.419322826683867], [-52.958960137214774, 5.390637038527132], [-52.971383381418434, 5.367320720084365], [-52.95020156319458, 5.359468409830413], [-52.96032883985771, 5.341782895663357], [-52.96522465815616, 5.318070946860303], [-52.958667307486394, 5.294285538843951], [-52.96217249161651, 5.273803286676753], [-52.9623521546734, 5.252115826919805], [-52.971155293553466, 5.228289409081412], [-52.958577475958066, 5.209930069839288], [-52.97735401991821, 5.197988739634468], [-52.99311769863249, 5.179429928851732], [-53.00542461802479, 5.157325157106982], [-53.0272554339511, 5.1580426469759], [-53.04112405341067, 5.14221290403492], [-53.043739519414544, 5.113976504604238], [-53.04189621856017, 5.09339716795273], [-53.06192373673434, 5.07975180959005], [-53.04663570894496, 5.064071349340338], [-53.023931316495464, 5.067539161102331], [-53.03345240579375, 5.04333688155333], [-53.030128639242605, 5.017740531362278], [-53.04306806383016, 5.033222518060256], [-53.03974201640034, 5.053838946159715], [-53.058564704290006, 5.036711467798625], [-53.078818380355074, 5.029016703006164], [-53.0646267533881, 5.044355806988904], [-53.09018066508162, 5.056001373110121], [-53.07120463196566, 5.04778562408643], [-53.052987605083786, 5.058810656063258], [-53.06453516733751, 5.078097762097968], [-53.04463748379436, 5.084498095789456], [-53.039336370904834, 5.109638314442464], [-53.04813986068916, 5.132322331226192], [-53.02738983033913, 5.159115822283127], [-53.00587412657137, 5.158130804162511], [-52.99401636482099, 5.179695658279172], [-52.9778926581842, 5.198525075199768], [-52.95997126826609, 5.210560223725565], [-52.972366966473714, 5.229480795221605], [-52.96351961363831, 5.251934253730781], [-52.96360944516675, 5.273758124273343], [-52.959476142146514, 5.296074938986692], [-52.9665301980055, 5.317227815018953], [-52.96414738162406, 5.349879079115681], [-52.967427285124245, 5.374114276057071], [-52.960419022290466, 5.393252110834624], [-52.96607840858053, 5.415880176834776], [-52.990783833415776, 5.42768318531057], [-53.00816447964149, 5.448566141192828], [-53.039314439379325, 5.46177778483576], [-53.04355845274017, 5.483261876322899], [-53.06619968239636, 5.485631514161923], [-53.08860738516893, 5.495066899314224], [-53.107472006135424, 5.504008702437773], [-53.12580149787999, 5.512815832287004], [-53.15818278118496, 5.526540641740894], [-53.189713647657584, 5.536644333418337], [-53.210152776702216, 5.540754759034598], [-53.26099742178337, 5.556178095546727], [-53.30312595227764, 5.569457785139832], [-53.32693376363778, 5.567848448681445], [-53.30824801619315, 5.545539101255144], [-53.283064922732535, 5.547880789655096], [-53.25861521948457, 5.534944686992105], [-53.235753095503696, 5.520638461192505], [-53.21661985721289, 5.506554581228386], [-53.195688233831845, 5.500251524200451], [-53.17606004487385, 5.484960862897822], [-53.1572403396716, 5.469580387230337], [-53.13662391617504, 5.456435132443801], [-53.1327611604533, 5.433898866765617], [-53.14322653351326, 5.408813837353023], [-53.136713747703425, 5.429514266913714], [-53.13617475853289, 5.451784168034976], [-53.15899205447556, 5.470027499665605], [-53.176688865572714, 5.484513761636549], [-53.19640688605915, 5.499715016414143], [-53.216080868042354, 5.504855656250641], [-53.23359713882178, 5.518134839975176], [-53.2256928415826, 5.496495086312393], [-53.20512054431509, 5.485318543665983], [-53.211410418099945, 5.466138439897293], [-53.23296998491884, 5.465286387972981], [-53.24168118684389, 5.48742074342465], [-53.25295504365954, 5.47070600524728], [-53.24846346723899, 5.451023223931145], [-53.241636271079756, 5.428532343081713], [-53.26454576715565, 5.414047263513396], [-53.24734302946467, 5.428758447265636], [-53.26135429156608, 5.444951814324952], [-53.245543942565575, 5.457640658839978], [-53.24648962994485, 5.483620387693179], [-53.232699700798605, 5.469043851866616], [-53.21585541196049, 5.457373215491828], [-53.20262815803221, 5.478455069907966], [-53.22461521414607, 5.49439326785091], [-53.24621978445509, 5.509862585368353], [-53.26629537653321, 5.537225099218404], [-53.29872455828996, 5.540129290750826], [-53.32546066693351, 5.550425301061637], [-53.34552853911447, 5.554839069234674], [-53.370461613184546, 5.56789103521055], [-53.41092589179834, 5.576162891528895], [-53.443674308840286, 5.577682799001479], [-53.46754133531903, 5.577033752368322], [-53.48849410069073, 5.580185752706939], [-53.50947063983597, 5.583224669764661], [-53.556991518365805, 5.598199865367519], [-53.60478189148091, 5.610894963887461], [-53.62366853169908, 5.619813105820128], [-53.64185941620252, 5.629870492110001], [-53.69111183253301, 5.651754385341746], [-53.735205427711435, 5.683183107794889], [-53.77157614322931, 5.706971316115585], [-53.8034381757368, 5.724518816182979], [-53.83322057327115, 5.730492877418726], [-53.79912091108088, 5.714155496651017], [-53.782367331032106, 5.70150735753225], [-53.77210442981544, 5.683904436013563], [-53.77352875080692, 5.659027666502936], [-53.76322181108708, 5.639704212659638], [-53.77303757236194, 5.621442990406365], [-53.75500222623731, 5.634250988194253], [-53.730280308894805, 5.625510697616392], [-53.71531581496953, 5.611741436569673], [-53.71990389010227, 5.583355940219235], [-53.69726257272009, 5.572496801407624], [-53.699194827841836, 5.546656738826243], [-53.67583775319383, 5.537269390636936], [-53.66043164607112, 5.520190513557793], [-53.6538290287329, 5.494528749548749], [-53.67116651371629, 5.48165492538044], [-53.68302515272768, 5.464304435268787], [-53.670807187602804, 5.447895033589703], [-53.66883089397771, 5.427326758332015], [-53.65517737892003, 5.409443351304901], [-53.67130213826994, 5.397456797184077], [-53.67978709457816, 5.371158753999396], [-53.673057098939864, 5.346831378767604], [-53.65745685395348, 5.334043152597701], [-53.651740884327864, 5.313987085861925], [-53.63116946432149, 5.315775992127726], [-53.611785855735604, 5.306672388023571], [-53.62463790512584, 5.285792434467908], [-53.628054398166796, 5.263728102085963], [-53.636760599704076, 5.245221206412737], [-53.663577065457105, 5.236724636213182], [-53.647021132315956, 5.2196149576626], [-53.66573126761688, 5.21073521297086], [-53.6683912984808, 5.1890871974785], [-53.691378607609124, 5.176829286753957], [-53.712579725575324, 5.173698000403419], [-53.73804345483592, 5.159786828961785], [-53.75812343321917, 5.14475523572429], [-53.774159238301706, 5.13057414209851], [-53.75345219374179, 5.12516108630183], [-53.770969341782006, 5.112724305095185], [-53.78282710353244, 5.080199639880732], [-53.799847546383376, 5.0950529237208], [-53.80937232017823, 5.074025583776347], [-53.79818829489085, 5.053714291367442], [-53.778560105932854, 5.040068095045399], [-53.76567015886678, 5.022352604742935], [-53.78875686166862, 5.009105827207748], [-53.770744762961044, 4.998725085001297], [-53.77963896153483, 4.979708212684443], [-53.79634762581952, 4.967402010492037], [-53.7880822479446, 4.94681803914915], [-53.764951506639534, 4.93948012497367], [-53.750219135979876, 4.923593181389037], [-53.73386892054782, 4.900726399257394], [-53.74438008663316, 4.881661088277838], [-53.72403236818678, 4.879469069807783], [-53.71397211426569, 4.856240996613337], [-53.69106507452062, 4.845637586750627], [-53.700766002328066, 4.827910786825782], [-53.679072565477554, 4.819944100494524], [-53.6654622116622, 4.802802855543632], [-53.66065622489225, 4.774831121531918], [-53.67938697582707, 4.763683197000887], [-53.64933745231224, 4.756387178618922], [-53.63469938721238, 4.741242640766302], [-53.62047021347371, 4.720623805433888], [-53.60379374466845, 4.704103378144566], [-53.60949716946163, 4.684768357900168], [-53.61127757070085, 4.661233179074429], [-53.62647532833142, 4.648103410986039], [-53.63244912497083, 4.623836090363], [-53.639232282627006, 4.60189953019767], [-53.63388642942539, 4.575081217585762], [-53.62193971340764, 4.554846318822797], [-53.640939081666716, 4.546784346395384], [-53.620726987774106, 4.534070924986224], [-53.613944707379005, 4.510384456397389], [-53.592969045494726, 4.508011289305216], [-53.58726386617968, 4.48503779926267], [-53.57715869649422, 4.465248180905633], [-53.57347604245996, 4.443756362543525], [-53.5851092253892, 4.421224746102837], [-53.56763523859098, 4.404880846430444], [-53.554072432322926, 4.383427686852201], [-53.56974803403074, 4.359064587197508], [-53.5697863703374, 4.338957227375545], [-53.56754716158474, 4.368695229820446], [-53.555597813783834, 4.390191847172048], [-53.57387370488004, 4.407521294867365], [-53.58358208940632, 4.427585527249221], [-53.57613300291001, 4.448402349846504], [-53.58398633128411, 4.468289240361287], [-53.593416887245326, 4.496763477373975], [-53.6187960485438, 4.506395386861584], [-53.61605443240518, 4.527083773667016], [-53.6372115118682, 4.536619171594111], [-53.62422910149047, 4.552648458668671], [-53.6346944745506, 4.574633928204435], [-53.64668873811564, 4.597333314279751], [-53.632313939047776, 4.612241985280434], [-53.62634014240837, 4.637758856403707], [-53.618481638194226, 4.660995178360395], [-53.61205192900303, 4.68310809029623], [-53.59737122901748, 4.698457786692302], [-53.614191305451584, 4.710527486544834], [-53.6141014739232, 4.710661778690792]], [[-54.12344624001901, 3.848452282253845], [-54.12344624001901, 3.848452282253845]], [[-53.12357641302975, 4.957132915866907], [-53.127079842637784, 4.977179608866891], [-53.11323104927726, 4.994955051350871], [-53.12638312193593, 5.015142773844389], [-53.1094984790908, 5.003244307666534], [-53.098445516599895, 4.98534533951397], [-53.078121659653334, 4.98058032661163], [-53.055157948846386, 4.980064084946946], [-53.03403736344171, 4.981900774287283], [-53.01988784500361, 4.997877552494401], [-53.00079513617197, 5.012233371030959], [-53.0211005706372, 5.017004882718425], [-53.01054641876209, 5.034203358320156], [-52.995317342913154, 5.020199766074882], [-52.982160006688275, 5.036538702963469], [-52.96850684253508, 5.019841818270663], [-52.94878583936111, 5.01487824349249], [-52.96885827329959, 5.017382145259091], [-52.99058153702458, 5.014336773035382], [-53.00715475220784, 5.001879158238921], [-53.002283146313516, 4.981060910793701], [-53.01250832530633, 4.962793920544755], [-53.02500929483631, 4.944312994616496], [-53.00686227338389, 4.930709271584362], [-53.02887205055799, 4.940147862967478], [-53.0489932602091, 4.942254554448652], [-53.03062376536218, 4.958408662855504], [-53.046276382831195, 4.970915082804026], [-53.065387514144334, 4.964897043995961], [-53.08572909176337, 4.968296514224846], [-53.107070746945, 4.967627056733591], [-53.12357641302975, 4.957132915866907]], [[-53.01097259216533, 4.807837680978082], [-53.02995002889895, 4.797834693414984], [-53.02662520963452, 4.819586044981861], [-53.01097259216533, 4.807837680978082]], [[-53.0353618521292, 4.825606265277258], [-53.03962884972873, 4.804078021810767], [-53.04205430099569, 4.824039784075296], [-53.03116310543692, 4.841836003855235], [-53.050649879918694, 4.846349736496563], [-53.03028637077392, 4.842434520749578], [-53.01014112417096, 4.851724270664874], [-53.009198945835806, 4.872487568277336], [-52.990602766741404, 4.860135503366678], [-52.987686926564265, 4.839458714347415], [-53.00838940936683, 4.834727974295959], [-53.02986282915367, 4.840979530240872], [-53.0353618521292, 4.825606265277258]], [[-52.93187593139862, 4.914128920443773], [-52.93187593139862, 4.914128920443773]], [[-53.90021489191531, 5.761092143853375], [-53.90021489191531, 5.761092143853375]], [[-53.90704208807455, 5.758455492672397], [-53.90704208807455, 5.758455492672397]], [[-53.911533664495096, 5.753807806563543], [-53.911533664495096, 5.753807806563543]], [[-53.91885493406073, 5.755595382641275], [-53.91885493406073, 5.755595382641275]], [[-53.915531167509585, 5.755506003970766], [-53.915531167509585, 5.755506003970766]], [[-53.949756979834376, 5.729138683570852], [-53.949756979834376, 5.729138683570852]], [[-53.81368423354195, 5.641872526060865], [-53.81368423354195, 5.641872526060865]], [[-53.807427871128084, 5.62694012861806], [-53.807427871128084, 5.62694012861806]], [[-53.81168592066524, 5.609576743173363], [-53.81168592066524, 5.609576743173363]], [[-53.80964058659799, 5.573660313564631], [-53.80964058659799, 5.573660313564631]], [[-53.98723550056809, 5.509323248327178], [-53.98723550056809, 5.509323248327178]], [[-54.034263928624625, 5.453001689694474], [-54.034263928624625, 5.453001689694474]], [[-53.6574002706177, 5.30844144343007], [-53.6574002706177, 5.30844144343007]], [[-53.61324930256876, 5.301259234775614], [-53.61324930256876, 5.301259234775614]], [[-54.256869394853766, 5.263022569668919], [-54.256869394853766, 5.263022569668919]], [[-54.25542687069617, 5.263291364816325], [-54.25951547726737, 5.241599564050375], [-54.25542687069617, 5.263291364816325]], [[-54.217724429087184, 5.219928064172564], [-54.217724429087184, 5.219928064172564]], [[-54.057599729692924, 5.206195960464527], [-54.057599729692924, 5.206195960464527]], [[-54.049136792636375, 5.200272814819641], [-54.049136792636375, 5.200272814819641]], [[-54.19618565335463, 5.170249898016152], [-54.19618565335463, 5.170249898016152]], [[-53.92307701589607, 5.08272784356592], [-53.92307701589607, 5.08272784356592]], [[-53.96493850813607, 5.072079838581658], [-53.96493850813607, 5.072079838581658]], [[-53.83863537918893, 5.074987924619109], [-53.83863537918893, 5.074987924619109]], [[-53.877891757104976, 5.070558680666124], [-53.877891757104976, 5.070558680666124]], [[-53.91602524091576, 5.07284041619539], [-53.91602524091576, 5.07284041619539]], [[-53.899469658679095, 5.072240535144431], [-53.899469658679095, 5.072240535144431]], [[-53.933336583520884, 4.95075999970021], [-53.933336583520884, 4.95075999970021]], [[-53.779278494981895, 4.937193816453942], [-53.779278494981895, 4.937193816453942]], [[-53.77945929847806, 4.915539001852892], [-53.77945929847806, 4.915539001852892]], [[-53.77438750161906, 4.884074065955076], [-53.77438750161906, 4.884074065955076]], [[-53.77653766837818, 4.877363578542372], [-53.77653766837818, 4.877363578542372]], [[-54.40149855036441, 4.876782224738349], [-54.40149855036441, 4.876782224738349]], [[-53.77469866610272, 4.874500159264358], [-53.77469866610272, 4.874500159264358]], [[-53.771890553578714, 4.86879496167353], [-53.771890553578714, 4.86879496167353]], [[-53.7779990975107, 4.862529415447341], [-53.7779990975107, 4.862529415447341]], [[-53.988878610457846, 4.844000959420271], [-53.988878610457846, 4.844000959420271]], [[-54.001473797821234, 4.836015755659844], [-54.001473797821234, 4.836015755659844]], [[-54.04041988851475, 4.758132858768647], [-54.04041988851475, 4.758132858768647]], [[-54.04533772606476, 4.747725416871731], [-54.04533772606476, 4.747725416871731]], [[-54.0510420281189, 4.743741618633806], [-54.0510420281189, 4.743741618633806]], [[-54.299272705431065, 4.657140639777822], [-54.299272705431065, 4.657140639777822]], [[-54.31034073488007, 4.651481204348215], [-54.31034073488007, 4.651481204348215]], [[-54.32224341239464, 4.642482812991034], [-54.32224341239464, 4.642482812991034]], [[-54.323815464141774, 4.627664316533185], [-54.323815464141774, 4.627664316533185]], [[-54.340883454540176, 4.622829211241765], [-54.340883454540176, 4.622829211241765]], [[-54.365071448894525, 4.62146461012469], [-54.365071448894525, 4.62146461012469]], [[-54.33463943957514, 4.620922826202047], [-54.33463943957514, 4.620922826202047]], [[-54.36147818775805, 4.621955328193735], [-54.36147818775805, 4.621955328193735]], [[-54.32965451348866, 4.616382352869493], [-54.32965451348866, 4.616382352869493]], [[-54.31705649695823, 4.603287865994218], [-54.31705649695823, 4.603287865994218]], [[-54.299406224558254, 4.574590729566864], [-54.299406224558254, 4.574590729566864]], [[-53.56583860802283, 4.329327954114831], [-53.55728303220269, 4.310404081008414], [-53.56583860802283, 4.329327954114831]], [[-52.901602706323786, 4.341442028824076], [-52.901602706323786, 4.341442028824076]], [[-52.123820980877554, 4.332863192286197], [-52.123820980877554, 4.332863192286197]], [[-53.5567147425142, 4.310425250676587], [-53.56045082174455, 4.289419051788173], [-53.555441485870176, 4.267450488978909], [-53.560540653272824, 4.288612832199988], [-53.55389066383964, 4.309218403693876], [-53.5567147425142, 4.310425250676587]], [[-53.55106053206424, 4.271595416987566], [-53.55106053206424, 4.271595416987566]], [[-53.550746121714724, 4.262771539984612], [-53.550746121714724, 4.262771539984612]], [[-53.542932884169375, 4.249376487014842], [-53.542932884169375, 4.249376487014842]], [[-52.49902271174568, 4.244740995941754], [-52.49902271174568, 4.244740995941754]], [[-53.5442366694968, 4.238674204865276], [-53.5442366694968, 4.238674204865276]], [[-53.54939943832346, 4.228368267187648], [-53.55968514832665, 4.20735982780127], [-53.553638626748636, 4.226968293833352], [-53.54939943832346, 4.228368267187648]], [[-53.563055936068565, 4.209019330387491], [-53.56979084436858, 4.188941631713192], [-53.563055936068565, 4.209019330387491]], [[-52.6171960873715, 4.202903615416403], [-52.6171960873715, 4.202903615416403]], [[-53.56840135063965, 4.170988293895562], [-53.55627076071198, 4.154816482219417], [-53.547874846397406, 4.135101738672631], [-53.533184057910205, 4.120276684312842], [-53.524877975124014, 4.098500244356842], [-53.50623793297848, 4.090170733847287], [-53.487394103098154, 4.070836961789666], [-53.501877770258716, 4.08891629463767], [-53.523261007612575, 4.08846478004449], [-53.52887547813839, 4.109130411961871], [-53.53803829403631, 4.13529965851933], [-53.555956350362635, 4.148912085357495], [-53.56858101369642, 4.1659675363058], [-53.56840135063965, 4.170988293895562]], [[-52.43472404076283, 4.149261545125114], [-52.43472404076283, 4.149261545125114]], [[-53.48682695384889, 4.070858487963392], [-53.46918646290925, 4.060017974036157], [-53.48682695384889, 4.070858487963392]], [[-53.46903522310947, 4.06006015190161], [-53.46903522310947, 4.06006015190161]], [[-53.464780682616436, 4.043796483776646], [-53.464780682616436, 4.043796483776646]], [[-52.53302394524957, 4.042207692375996], [-52.53302394524957, 4.042207692375996]], [[-52.672128066995526, 4.03606951684867], [-52.646599244967206, 4.033581995399061], [-52.635455222782355, 4.016600909837166], [-52.616813426114845, 4.008448028907537], [-52.63572471736745, 4.016063244356133], [-52.64627325477221, 4.033223559259454], [-52.66697942207111, 4.03716634809598], [-52.672128066995526, 4.03606951684867]], [[-52.67569360668375, 4.036982755415011], [-52.67569360668375, 4.036982755415011]], [[-52.67837135822015, 4.03203711350767], [-52.67837135822015, 4.03203711350767]], [[-52.71764650952201, 4.028919512958396], [-52.71764650952201, 4.028919512958396]], [[-53.46466672640992, 4.027422227360091], [-53.46466672640992, 4.027422227360091]], [[-52.61125299486787, 4.004189358070732], [-52.61125299486787, 4.004189358070732]], [[-52.77488726469744, 3.994899210961535], [-52.77488726469744, 3.994899210961535]], [[-54.29632701644783, 3.997581653519546], [-54.29632701644783, 3.997581653519546]], [[-54.31089847550476, 4.005045574618862], [-54.31089847550476, 4.005045574618862]], [[-53.42103193874482, 4.008985699401251], [-53.42103193874482, 4.008985699401251]], [[-53.41970604643973, 4.010844265352716], [-53.41970604643973, 4.010844265352716]], [[-52.720187057434885, 4.023157529836794], [-52.720187057434885, 4.023157529836794]], [[-53.424916275087696, 4.014966384674324], [-53.424916275087696, 4.014966384674324]], [[-52.74055547924115, 4.012522729323337], [-52.74055547924115, 4.012522729323337]], [[-52.75021500032858, 4.006250787154727], [-52.75021500032858, 4.006250787154727]], [[-52.7698647699076, 4.004302598536071], [-52.7698647699076, 4.004302598536071]], [[-53.40319739766761, 3.996257760872709], [-53.40319739766761, 3.996257760872709]], [[-53.412812353895106, 3.999710833864867], [-53.412812353895106, 3.999710833864867]], [[-54.28346235643056, 3.989714402348], [-54.28346235643056, 3.989714402348]], [[-53.3905802787786, 3.978742411251858], [-53.3905802787786, 3.978742411251858]], [[-52.805235407863336, 3.976995966646598], [-52.805235407863336, 3.976995966646598]], [[-52.80503381328106, 3.974909259791445], [-52.80503381328106, 3.974909259791445]], [[-54.2796183521632, 3.959584877529437], [-54.2911828894176, 3.980309797500013], [-54.2796183521632, 3.959584877529437]], [[-54.27548610185613, 3.959495260423523], [-54.27548610185613, 3.959495260423523]], [[-54.27494711268565, 3.961287600699734], [-54.27494711268565, 3.961287600699734]], [[-53.37735048079344, 3.962587044972452], [-53.37735048079344, 3.962587044972452]], [[-53.36372223085317, 3.959207680464942], [-53.36372223085317, 3.959207680464942]], [[-52.825538385997504, 3.950332385264801], [-52.825538385997504, 3.950332385264801]], [[-54.27751597419808, 3.944793197942488], [-54.27751597419808, 3.944793197942488]], [[-54.28170737382925, 3.952123695152807], [-54.28170737382925, 3.952123695152807]], [[-52.81558831606054, 3.968206802878228], [-52.81558831606054, 3.968206802878228]], [[-54.18801058950169, 4.261558318957498], [-54.18801058950169, 4.261558318957498]], [[-54.20117665447361, 4.266983855116337], [-54.20117665447361, 4.266983855116337]], [[-54.21258407427962, 4.269799575874572], [-54.21258407427962, 4.269799575874572]], [[-54.216938841844296, 4.281357517492609], [-54.216938841844296, 4.281357517492609]], [[-54.22412860998293, 4.285340705686792], [-54.22412860998293, 4.285340705686792]], [[-54.318257335705084, 4.308780313216403], [-54.318257335705084, 4.308780313216403]], [[-54.32336630649968, 4.309642672386076], [-54.32336630649968, 4.309642672386076]], [[-54.32728812381964, 4.31405557761218], [-54.32728812381964, 4.31405557761218]], [[-54.30885851466115, 4.312016473220353], [-54.30885851466115, 4.312016473220353]], [[-54.25417769486728, 3.928236678614326], [-54.25417769486728, 3.928236678614326]], [[-54.26122286845845, 3.930165092100822], [-54.26122286845845, 3.930165092100822]], [[-54.280894745015246, 3.939133197677734], [-54.280894745015246, 3.939133197677734]], [[-52.58045499225108, 3.893892950215047], [-52.57966949273407, 3.870344400076362], [-52.59323405352421, 3.838840046806411], [-52.60423736304142, 3.81746198040571], [-52.61614004055616, 3.786941671156626], [-52.628897170303844, 3.760768794243006], [-52.639361490650515, 3.738540892086633], [-52.64758107550017, 3.716978442930497], [-52.66029328948389, 3.701202261363676], [-52.66415499249217, 3.674173084127005], [-52.66040329801564, 3.651604720214721], [-52.67188155664883, 3.624148724049235], [-52.66702767142726, 3.599504102588526], [-52.67367643269512, 3.565737947507841], [-52.69289844980102, 3.55959813094529], [-52.7087124832978, 3.546865524902159], [-52.69541776799724, 3.562288223889766], [-52.673407289014335, 3.566814188583294], [-52.66753841279291, 3.599079645340851], [-52.672823033175234, 3.624247130991591], [-52.67313744352464, 3.645584024229777], [-52.659393219677725, 3.663013727623252], [-52.66388725242916, 3.6851565113015], [-52.65189228705532, 3.707296292646674], [-52.64300142207327, 3.730067910776654], [-52.632803087267746, 3.750637880918589], [-52.624226632635214, 3.769310456648668], [-52.60931214258801, 3.806391630636938], [-52.59480435074943, 3.835297904880861], [-52.587755032100006, 3.859141694506093], [-52.57108356368258, 3.881908960245426], [-52.58045499225108, 3.893892950215047]], [[-52.05471597222015, 3.704406509154126], [-52.05471597222015, 3.704406509154126]], [[-52.01525922788721, 3.702682614428852], [-52.01525922788721, 3.702682614428852]], [[-52.05096182141273, 3.700129682304123], [-52.05096182141273, 3.700129682304123]], [[-52.02102914906567, 3.697190150701999], [-52.02102914906567, 3.697190150701999]], [[-52.03133819421197, 3.693132849221968], [-52.03133819421197, 3.693132849221968]], [[-52.02135513926049, 3.692683748772367], [-52.02135513926049, 3.692683748772367]], [[-52.04256415257595, 3.6967216176335], [-52.04256415257595, 3.6967216176335]], [[-52.0501496531607, 3.697802604989988], [-52.0501496531607, 3.697802604989988]], [[-52.042921899619785, 3.69677046694477], [-52.042921899619785, 3.69677046694477]], [[-52.032527584702336, 3.594137785724399], [-52.032527584702336, 3.594137785724399]], [[-52.09455625507087, 3.584141215998613], [-52.09455625507087, 3.584141215998613]], [[-52.128398177973565, 3.582682206383481], [-52.128398177973565, 3.582682206383481]], [[-52.74783727206079, 3.536424341832912], [-52.74783727206079, 3.536424341832912]], [[-52.76728421889226, 3.535163315497471], [-52.76728421889226, 3.535163315497471]], [[-52.827697851723656, 3.539159332369366], [-52.827697851723656, 3.539159332369366]], [[-52.73552877359867, 3.547585427033653], [-52.73552877359867, 3.547585427033653]], [[-52.821945124861145, 3.548570103743259], [-52.821945124861145, 3.548570103743259]], [[-52.728632098366575, 3.552671481961625], [-52.728632098366575, 3.552671481961625]], [[-52.77588348231126, 3.539491530375699], [-52.77588348231126, 3.539491530375699]], [[-53.82623862826796, 3.577417004482868], [-53.82623862826796, 3.577417004482868]], [[-53.82625740165389, 3.57909718644089], [-53.82625740165389, 3.57909718644089]], [[-53.64021630631265, 3.569501108409668], [-53.64021630631265, 3.569501108409668]], [[-53.818714360502554, 3.590662778403384], [-53.818714360502554, 3.590662778403384]], [[-53.81198155762894, 3.606715467896265], [-53.81198155762894, 3.606715467896265]], [[-53.814560529574464, 3.618478750114093], [-53.814560529574464, 3.618478750114093]], [[-53.82702254871526, 3.622533412835423], [-53.82702254871526, 3.622533412835423]], [[-53.80629602896056, 3.620944188929855], [-53.80629602896056, 3.620944188929855]], [[-53.61389847572326, 3.645395619656426], [-53.61389847572326, 3.645395619656426]], [[-53.82774207820353, 3.661039017940709], [-53.82774207820353, 3.661039017940709]], [[-53.79825610716779, 3.666172588697634], [-53.79825610716779, 3.666172588697634]], [[-53.94519969656352, 3.719576847859912], [-53.94519969656352, 3.719576847859912]], [[-53.948345817758195, 3.721215269454945], [-53.948345817758195, 3.721215269454945]], [[-53.96327662486044, 3.722110989995883], [-53.96327662486044, 3.722110989995883]], [[-53.53078273132115, 3.739366913659012], [-53.53078273132115, 3.739366913659012]], [[-53.593619885445264, 3.753081769241419], [-53.593619885445264, 3.753081769241419]], [[-53.87391504517666, 3.808183770901394], [-53.87391504517666, 3.808183770901394]], [[-53.3749699452905, 3.849975973284415], [-53.3749699452905, 3.849975973284415]], [[-53.36744287028989, 3.856716837899512], [-53.36744287028989, 3.856716837899512]], [[-53.37479028223373, 3.858042527399959], [-53.37479028223373, 3.858042527399959]], [[-53.36715460231869, 3.861224313803007], [-53.36715460231869, 3.861224313803007]], [[-54.04638956202734, 3.640955143565748], [-54.04638956202734, 3.640955143565748]], [[-52.89354611657154, 3.505531243637563], [-52.89354611657154, 3.505531243637563]], [[-53.75098314260191, 3.500646324392108], [-53.75098314260191, 3.500646324392108]], [[-53.716239921727606, 3.494525866744596], [-53.716239921727606, 3.494525866744596]], [[-53.74276478591764, 3.495577322495649], [-53.74276478591764, 3.495577322495649]], [[-53.692659145519485, 3.484304058340058], [-53.692659145519485, 3.484304058340058]], [[-53.439424066926165, 3.434672916185093], [-53.439424066926165, 3.434672916185093]], [[-52.84525956462363, 3.4238488598549], [-52.84525956462363, 3.4238488598549]], [[-52.84679406959924, 3.410226098942701], [-52.84679406959924, 3.410226098942701]], [[-53.794776363607184, 3.405732657663918], [-53.78605314320606, 3.387436765444534], [-53.79284252941551, 3.406539713209327], [-53.794776363607184, 3.405732657663918]], [[-53.78195168476094, 3.382752483566037], [-53.78195168476094, 3.382752483566037]], [[-53.77641537819204, 3.382414450757722], [-53.77641537819204, 3.382414450757722]], [[-53.76546759929721, 3.379255151902498], [-53.76546759929721, 3.379255151902498]], [[-53.749545399516876, 3.37811231618133], [-53.749545399516876, 3.37811231618133]], [[-53.74911826112634, 3.377147779300401], [-53.74911826112634, 3.377147779300401]], [[-53.73667659444129, 3.375354267099908], [-53.73667659444129, 3.375354267099908]], [[-53.717028491658084, 3.367068162744033], [-53.717028491658084, 3.367068162744033]], [[-53.728031187092654, 3.366634142608291], [-53.728031187092654, 3.366634142608291]], [[-53.714353459630956, 3.36033347259837], [-53.714353459630956, 3.36033347259837]], [[-53.703394013164655, 3.358315736295538], [-53.703394013164655, 3.358315736295538]], [[-52.72654719982728, 3.355106090747086], [-52.72654719982728, 3.355106090747086]], [[-53.685673077389424, 3.350668968306422], [-53.685673077389424, 3.350668968306422]], [[-53.6511366269375, 3.326813989737047], [-53.6511366269375, 3.326813989737047]], [[-53.55301603460316, 2.875873132192964], [-53.54598548933933, 2.85696359801733], [-53.545850742046696, 2.835298672884164], [-53.553621958789336, 2.854321239525291], [-53.55573299970706, 2.876838130194301], [-53.57599351840787, 2.881772626902944], [-53.58160447988962, 2.903711076691707], [-53.59193598291807, 2.921650492530034], [-53.5843892572704, 2.947267443812905], [-53.57230691669906, 2.96758350632291], [-53.584748583384055, 2.983732430772477], [-53.60240047871696, 2.995618908116398], [-53.621310015447705, 3.006653031975134], [-53.64632809611038, 3.012484027989501], [-53.65544599624434, 3.034237852429953], [-53.67062840180694, 3.049441791930974], [-53.6835632646372, 3.067607815660836], [-53.689132819398765, 3.089766806908131], [-53.67404112262551, 3.108061961851263], [-53.67368179651197, 3.134075514800202], [-53.674062176890004, 3.155893597898626], [-53.68872945478188, 3.169593937977538], [-53.70004822736189, 3.192151759746309], [-53.70283212748154, 3.215607038566986], [-53.72256181553962, 3.222324313723732], [-53.74689536942873, 3.228162522808589], [-53.75021825871892, 3.249509327319174], [-53.7760457003983, 3.244397150057523], [-53.787633090302506, 3.263321045041721], [-53.81251730093368, 3.266907422163058], [-53.826440310576345, 3.284083107440097], [-53.841577800374864, 3.302602682268798], [-53.829046740791966, 3.285875384605731], [-53.80955329912649, 3.270366615619878], [-53.78682416791628, 3.263814667503766], [-53.7826038406028, 3.244036998436513], [-53.75718151806245, 3.249868425968828], [-53.74527884054771, 3.227803416460745], [-53.73023030501679, 3.212376788782706], [-53.70965888501041, 3.221347538552209], [-53.698521530009316, 3.201075739108887], [-53.68913238076823, 3.175066665577333], [-53.67332378628976, 3.156415126847321], [-53.68253151795204, 3.136495934077971], [-53.66874237834082, 3.113584766913789], [-53.68239501613738, 3.096938828444252], [-53.68859514611978, 3.075769338347868], [-53.675794153321135, 3.059712537876067], [-53.660118551613266, 3.043931269043355], [-53.65580663824949, 3.022888633883497], [-53.637748746516706, 3.008896076862698], [-53.61596635539877, 3.001403707218913], [-53.59647115921143, 2.993241973380464], [-53.578776102636255, 2.977906538112848], [-53.57909051298566, 2.95735604743993], [-53.58411932405471, 2.936049268978138], [-53.584345657397705, 2.912544056789102], [-53.58114295286725, 2.885675700519471], [-53.55991227120467, 2.877419021097523], [-53.55301603460316, 2.875873132192964]], [[-52.92284786279322, 2.818900539652418], [-52.90872238130703, 2.836822886998505], [-52.8880151612949, 2.855259620069262], [-52.87193531770913, 2.869300715351471], [-52.86268372299594, 2.887963147061328], [-52.8486700045637, 2.902542137190039], [-52.82913059442086, 2.912230402984278], [-52.82145105145486, 2.93614038435885], [-52.812692477434666, 2.960228226003494], [-52.810083152257846, 2.938737870462546], [-52.82427653374691, 2.923018466600922], [-52.834471008604055, 2.900699272084751], [-52.85720715790245, 2.892048437319204], [-52.8714173828032, 2.874855388727838], [-52.885496720359754, 2.856691985083046], [-52.903784805384134, 2.8405498256231], [-52.92130195342435, 2.824758794794207], [-52.92284786279322, 2.818900539652418]], [[-53.54834479512573, 2.828007371165995], [-53.54834479512573, 2.828007371165995]], [[-53.549221091158245, 2.828208895455361], [-53.54230318620944, 2.806271632500398], [-53.5532635099367, 2.787608933230672], [-53.55312876264418, 2.809816418230753], [-53.549576908227834, 2.829913614302143], [-53.549221091158245, 2.828208895455361]], [[-52.919883422355554, 2.817106081679981], [-52.919883422355554, 2.817106081679981]], [[-52.96363137669232, 2.752458902550757], [-52.94635758085866, 2.774954103129687], [-52.93904368028575, 2.797168837093352], [-52.9479843736936, 2.771641940247036], [-52.96363137669232, 2.752458902550757]], [[-53.561753028002215, 2.769080177433636], [-53.561122452781206, 2.747276404517947], [-53.56211235411587, 2.772087417932369], [-53.561753028002215, 2.769080177433636]], [[-52.96469075709962, 2.751351323367373], [-52.967337804500175, 2.723369887758281], [-52.96765221484975, 2.748713458169277], [-52.96469075709962, 2.751351323367373]], [[-52.616590601815744, 2.750238836151595], [-52.616590601815744, 2.750238836151595]], [[-52.618678307590415, 2.741512049498112], [-52.618678307590415, 2.741512049498112]], [[-53.574688329463015, 2.723095439893655], [-53.574688329463015, 2.723095439893655]], [[-52.97380848178119, 2.717752281529727], [-52.989142828952424, 2.701376356465573], [-53.00758513646406, 2.688193436074869], [-52.989978156895404, 2.701787860375305], [-52.97258838715504, 2.714207922022183], [-52.97380848178119, 2.717752281529727]], [[-53.570596871793384, 2.684372080036553], [-53.570596871793384, 2.684372080036553]], [[-53.57150088927409, 2.677385157762899], [-53.57150088927409, 2.677385157762899]], [[-53.99797317544858, 2.674908371350284], [-54.00951573731459, 2.655614433897654], [-54.00673429352571, 2.632552310006133], [-54.00134361228601, 2.610977802985815], [-54.00291566403325, 2.590196912199701], [-54.002015594227146, 2.611197241081584], [-54.00691316704757, 2.632104677911059], [-54.01751153287802, 2.651493975558992], [-54.002152096041755, 2.669705210780535], [-53.99797317544858, 2.674908371350284]], [[-53.01158070950413, 2.668808921733444], [-53.01158070950413, 2.668808921733444]], [[-53.56638224667677, 2.666151597882731], [-53.56638224667677, 2.666151597882731]], [[-53.56175127348013, 2.666968319846205], [-53.56175127348013, 2.666968319846205]], [[-53.57105138072768, 2.661630173226342], [-53.57105138072768, 2.661630173226342]], [[-53.56835564534043, 2.658442136487906], [-53.56835564534043, 2.658442136487906]], [[-53.55833899129192, 2.648526746315724], [-53.55833899129192, 2.648526746315724]], [[-53.56844091511158, 2.637710057718266], [-53.56844091511158, 2.637710057718266]], [[-53.570379661965035, 2.635788436391522], [-53.570379661965035, 2.635788436391522]], [[-53.56080848106228, 2.633316474057665], [-53.56080848106228, 2.633316474057665]], [[-53.55651946421119, 2.627955047125567], [-53.55651946421119, 2.627955047125567]], [[-53.553659944191566, 2.621948959692645], [-53.553659944191566, 2.621948959692645]], [[-53.56206699972114, 2.619721995815894], [-53.56206699972114, 2.619721995815894]], [[-53.56250738475296, 2.613259116014603], [-53.56250738475296, 2.613259116014603]], [[-53.557980893343824, 2.597509628977036], [-53.557980893343824, 2.597509628977036]], [[-53.559687692383534, 2.597558004029793], [-53.559687692383534, 2.597558004029793]], [[-53.556678336181676, 2.582431245211978], [-53.556678336181676, 2.582431245211978]], [[-54.01742170134975, 2.576556397022387], [-54.02591253530676, 2.553717181333582], [-54.01746837163597, 2.577141113721098], [-53.999545227195654, 2.586025409187528], [-54.01742170134975, 2.576556397022387]], [[-53.55443456567184, 2.570997017835168], [-53.55443456567184, 2.570997017835168]], [[-53.546548164557464, 2.56634905115942], [-53.546548164557464, 2.56634905115942]], [[-54.005856769327806, 2.681482044532459], [-54.005856769327806, 2.681482044532459]], [[-54.005856769327806, 2.681482044532459], [-54.010055516019804, 2.701430686206095], [-54.004081719380565, 2.720806268870263], [-54.019667489560106, 2.735483386302064], [-54.00511653647925, 2.756165780328104], [-54.0183666869201, 2.776078834425675], [-54.00830555573805, 2.796273344196777], [-54.00048845824409, 2.818031349417424], [-53.978070623106646, 2.832604920058543], [-53.973763578541536, 2.854318961476622], [-53.97915741792076, 2.876971656274293], [-53.99918721697355, 2.887199497195866], [-54.00992480412799, 2.917346804045337], [-54.00394741071841, 2.93685704161129], [-54.00399320374373, 2.969333921966779], [-54.0010736790702, 2.989384130399174], [-54.00044398111032, 3.014412735185203], [-54.01962301242628, 3.025760640773797], [-54.027978221829585, 3.044284831990467], [-54.00511522058787, 3.047513147169923], [-54.01108989448829, 3.068998208271353], [-54.00498047329518, 3.089495076091566], [-54.007765250676016, 3.116628218871483], [-54.026633380686576, 3.131428393792646], [-54.045408170124574, 3.122683912251262], [-54.05056997396423, 3.15412263990163], [-54.06925493187384, 3.146452599856048], [-54.08547040001338, 3.160759030616305], [-54.06916597760659, 3.174345962965617], [-54.05299630249243, 3.191166196748156], [-54.05964295833388, 3.21053953586329], [-54.078193168950975, 3.199596180863352], [-54.08735686211003, 3.218162151891988], [-54.0826407068684, 3.238432910575682], [-54.089827229141235, 3.259240329981992], [-54.07695842406588, 3.27782710306019], [-54.0836696463183, 3.257801145275664], [-54.08165624455205, 3.237808597291632], [-54.08187713887679, 3.216327186676835], [-54.05937346374867, 3.211346750367966], [-54.04365382353757, 3.192020900298189], [-54.065258306120654, 3.179909760062969], [-54.086233968004876, 3.166321148949692], [-54.07529807599701, 3.147305763651332], [-54.05034539514327, 3.154840203224524], [-54.04050972004319, 3.133091473311879], [-54.018275539500166, 3.131788234460316], [-54.00614828316458, 3.115731231873156], [-54.004351652596256, 3.090033281742308], [-53.9950540894057, 3.072003244183691], [-54.01297547932381, 3.061734893667847], [-54.012032248275375, 3.038138987402192], [-54.00035414958205, 3.015489221435928], [-53.987014167612756, 2.996874830269178], [-53.99406594259307, 2.974491236571168], [-54.00282451661326, 2.95533787847728], [-54.00501968686274, 2.934129886717756], [-54.0041728668005, 2.90330367398974], [-53.98544211586551, 2.885406197168777], [-53.97748877973538, 2.865868786716476], [-53.97106863268914, 2.843417744721364], [-53.98615546066367, 2.829466055752107], [-53.998916406496846, 2.812955686067198], [-54.00884279038644, 2.790748961559416], [-54.01355855086058, 2.771056264766344], [-54.006327112823385, 2.749294588154498], [-54.014683989022615, 2.728970993984035], [-54.013111937275426, 2.708647056183963], [-53.99891601172942, 2.692764536122183], [-54.005856769327806, 2.681482044532459]], [[-53.54547018621639, 2.830699031825361], [-53.54547018621639, 2.830699031825361]], [[-53.924627881789775, 2.718106646806405], [-53.924627881789775, 2.718106646806405]], [[-53.5753579427992, 2.713624671992761], [-53.5753579427992, 2.713624671992761]], [[-53.576641726575474, 2.709433605667471], [-53.576641726575474, 2.709433605667471]], [[-53.57349762308098, 2.707908175900798], [-53.57349762308098, 2.707908175900798]], [[-53.57045966816992, 2.693893901194542], [-53.57045966816992, 2.693893901194542]], [[-52.539832368022985, 2.793938750695531], [-52.539832368022985, 2.793938750695531]], [[-52.5560359054125, 2.784700570462462], [-52.5560359054125, 2.784700570462462]], [[-52.52572144906975, 2.778732761429012], [-52.52572144906975, 2.778732761429012]], [[-52.49195216337938, 2.778730307986223], [-52.51233655133649, 2.77204430719587], [-52.49195216337938, 2.778730307986223]], [[-52.51633826520356, 2.77217679384438], [-52.51633826520356, 2.77217679384438]], [[-52.56763101521369, 2.77100964905145], [-52.56763101521369, 2.77100964905145]], [[-52.553887844079895, 2.79151267518472], [-52.553887844079895, 2.79151267518472]], [[-52.580882569272035, 2.763691660042412], [-52.580882569272035, 2.763691660042412]], [[-52.58449741102959, 2.760893294537368], [-52.58449741102959, 2.760893294537368]], [[-52.59056103919744, 2.759188475447218], [-52.59056103919744, 2.759188475447218]], [[-52.604754420686504, 2.757707972675121], [-52.604754420686504, 2.757707972675121]], [[-52.58986659937432, 2.755754645530828], [-52.58986659937432, 2.755754645530828]], [[-52.597635798416434, 2.759166394098543], [-52.597635798416434, 2.759166394098543]], [[-54.058561734127125, 3.302284590181557], [-54.058561734127125, 3.302284590181557]], [[-54.06213622187778, 3.303072988940471], [-54.06213622187778, 3.303072988940471]], [[-54.058093803099325, 3.308767798253143], [-54.058093803099325, 3.308767798253143]], [[-54.05346747938603, 3.314597096727823], [-54.05346747938603, 3.314597096727823]], [[-53.832931077134674, 3.321054125709509], [-53.832931077134674, 3.321054125709509]], [[-53.603276774749474, 3.288454667585825], [-53.603276774749474, 3.288454667585825]], [[-53.602806036486356, 3.278700651368354], [-53.602806036486356, 3.278700651368354]], [[-52.88817289282622, 3.256795851816548], [-52.88817289282622, 3.256795851816548]], [[-53.543602497505674, 3.223502889117071], [-53.543602497505674, 3.223502889117071]], [[-53.532963251311514, 3.215066270240186], [-53.532963251311514, 3.215066270240186]], [[-53.525011932881625, 3.206053597805692], [-53.525011932881625, 3.206053597805692]], [[-53.517199397145134, 3.204256974795499], [-53.517199397145134, 3.204256974795499]], [[-53.51548540456474, 3.204260127997657], [-53.51548540456474, 3.204260127997657]], [[-53.495838266768885, 3.18737616742203], [-53.495838266768885, 3.18737616742203]], [[-53.47742280344437, 3.187779783874134], [-53.47742280344437, 3.187779783874134]], [[-53.489370396723075, 3.186344702435747], [-53.489370396723075, 3.186344702435747]], [[-53.477577552288324, 3.180629232515798], [-53.477577552288324, 3.180629232515798]], [[-53.471969222589564, 3.172191910549543], [-53.471969222589564, 3.172191910549543]], [[-54.060852438101676, 3.32520552604467], [-54.060852438101676, 3.32520552604467]], [[-54.05575818336064, 3.33378869791693], [-54.05575818336064, 3.33378869791693]], [[-54.016636552737225, 2.531169928368627], [-54.016636552737225, 2.531169928368627]], [[-54.02957229282845, 2.520669851497871], [-54.02957229282845, 2.520669851497871]], [[-54.04295719056188, 2.493207712388255], [-54.04295719056188, 2.493207712388255]], [[-54.04848182955925, 2.473777453662024], [-54.04848182955925, 2.473777453662024]], [[-54.05142425074507, 2.465856834992621], [-54.05142425074507, 2.465856834992621]], [[-54.05722163019351, 2.449751116251377], [-54.05722163019351, 2.449751116251377]], [[-51.94979204522616, 3.732572959410049], [-51.94979204522616, 3.732572959410049]], [[-51.84677668730643, 3.912558723550035], [-51.84677668730643, 3.912558723550035]], [[-52.209001622267635, 4.177594044504076], [-52.209001622267635, 4.177594044504076]], [[-52.18259115291454, 4.214998164805081], [-52.18259115291454, 4.214998164805081]], [[-52.18151317457364, 4.220866193233064], [-52.18151317457364, 4.220866193233064]], [[-52.183380863284356, 4.221671783846489], [-52.183380863284356, 4.221671783846489]], [[-52.18151317457364, 4.22350903124817], [-52.18151317457364, 4.22350903124817]], [[-52.184997830795794, 4.226760248583503], [-52.184997830795794, 4.226760248583503]], [[-52.89296010621041, 4.353508323787594], [-52.89296010621041, 4.353508323787594]], [[-52.892014418831195, 4.360579868973844], [-52.892014418831195, 4.360579868973844]], [[-52.584523553407905, 4.401607125184171], [-52.584523553407905, 4.401607125184171]], [[-52.89508992051401, 4.404185833500378], [-52.89508992051401, 4.404185833500378]], [[-52.89659547587581, 4.407118248355687], [-52.89659547587581, 4.407118248355687]], [[-52.59309930623169, 4.411866538720801], [-52.58070255531078, 4.427808998504247], [-52.592582248586666, 4.409783704236588], [-52.59309930623169, 4.411866538720801]], [[-52.89825560462947, 4.426464234061712], [-52.89825560462947, 4.426464234061712]], [[-52.56592105803412, 4.435914705719711], [-52.5520420868944, 4.453195680088186], [-52.53619419112232, 4.470373046676343], [-52.55168276078092, 4.453106119747019], [-52.56592105803412, 4.435914705719711]], [[-52.890128483091246, 4.437390122914906], [-52.890128483091246, 4.437390122914906]], [[-52.90018013985434, 4.457549488975985], [-52.90018013985434, 4.457549488975985]], [[-52.53731515525328, 4.480605966186147], [-52.53731515525328, 4.480605966186147]], [[-52.88071687596806, 4.493030230964337], [-52.88071687596806, 4.493030230964337]], [[-52.878763917486026, 4.501426881948646], [-52.878763917486026, 4.501426881948646]], [[-52.471463205909004, 4.488891952164749], [-52.471463205909004, 4.488891952164749]], [[-52.480562332656916, 4.495761667514216], [-52.480562332656916, 4.495761667514216]], [[-52.02502665207993, 4.498090097145166], [-52.02502665207993, 4.498090097145166]], [[-52.46174262745467, 4.500060301019005], [-52.46174262745467, 4.500060301019005]], [[-52.492800123881125, 4.502006449317662], [-52.492800123881125, 4.502006449317662]], [[-52.48296164154573, 4.505325287882727], [-52.48296164154573, 4.505325287882727]], [[-52.475737572501146, 4.507109018518463], [-52.475737572501146, 4.507109018518463]], [[-52.485772561304884, 4.508655655311316], [-52.485772561304884, 4.508655655311316]], [[-52.466818108809946, 4.505209672321882], [-52.466818108809946, 4.505209672321882]], [[-52.03131485906874, 4.492000342395102], [-52.052964257416136, 4.497776655128462], [-52.03131485906874, 4.492000342395102]], [[-52.060150779689025, 4.472879973442446], [-52.060150779689025, 4.472879973442446]], [[-52.0598812851037, 4.473685994403695], [-52.0598812851037, 4.473685994403695]], [[-52.05121254261206, 4.45877446318093], [-52.06396861964646, 4.434772084082226], [-52.04982015392159, 4.451833557085195], [-52.05121254261206, 4.45877446318093]], [[-52.07043648969221, 4.433876457803478], [-52.07043648969221, 4.433876457803478]], [[-52.56707009451776, 4.434369052391219], [-52.56707009451776, 4.434369052391219]], [[-52.09100790969853, 4.448788493745042], [-52.09100790969853, 4.448788493745042]], [[-52.350755774101685, 4.519179956767402], [-52.350755774101685, 4.519179956767402]], [[-52.324997811494995, 4.52752943100279], [-52.324997811494995, 4.52752943100279]], [[-52.32483937815488, 4.5221799507122], [-52.32483937815488, 4.5221799507122]], [[-52.32976414606702, 4.522773406531485], [-52.32976414606702, 4.522773406531485]], [[-52.33613657011358, 4.524529809027968], [-52.33613657011358, 4.524529809027968]], [[-52.32530923915698, 4.531872214437158], [-52.32530923915698, 4.531872214437158]], [[-52.27664476316181, 4.542731813516696], [-52.27664476316181, 4.542731813516696]], [[-52.27931812839313, 4.542842875660881], [-52.27931812839313, 4.542842875660881]], [[-52.49242009440735, 4.557238658310894], [-52.49242009440735, 4.557238658310894]], [[-52.48720986575938, 4.563193543849366], [-52.48720986575938, 4.563193543849366]], [[-52.479753848901225, 4.569282699034773], [-52.479753848901225, 4.569282699034773]], [[-52.37530592373656, 4.633420825866949], [-52.37530592373656, 4.633420825866949]], [[-52.368788576169436, 4.639864731008686], [-52.368788576169436, 4.639864731008686]], [[-52.362703367380504, 4.645303216670357], [-52.362703367380504, 4.645303216670357]], [[-52.89506693627516, 4.531518734056533], [-52.89506693627516, 4.531518734056533]], [[-52.8906697531404, 4.543108287881068], [-52.90648010214085, 4.558331504533669], [-52.8906697531404, 4.543108287881068]], [[-52.904252736411934, 4.573177940305811], [-52.904252736411934, 4.573177940305811]], [[-52.904588727382475, 4.590347215755003], [-52.90602603183709, 4.615734061215846], [-52.929240639295585, 4.621019011241003], [-52.93212209084078, 4.641163018284772], [-52.93814080324438, 4.664077552419656], [-52.94730081190704, 4.687410141632938], [-52.9369514127539, 4.670104375196672], [-52.932662834533176, 4.64519697957104], [-52.93158485619227, 4.622403025066887], [-52.909259966859906, 4.617614402679919], [-52.906609936771815, 4.597199000509136], [-52.904588727382475, 4.590347215755003]], [[-53.09521421336012, 4.656519665725227], [-53.09521421336012, 4.656519665725227]], [[-52.96140716910298, 4.664755615190188], [-52.96576434913533, 4.685036952088637], [-52.95884872506531, 4.664032785389907], [-52.96140716910298, 4.664755615190188]], [[-53.007918320199394, 4.683892365915426], [-53.007918320199394, 4.683892365915426]], [[-52.97241328585562, 4.686465518207399], [-52.97241328585562, 4.686465518207399]], [[-53.00710983644365, 4.686712603280853], [-53.00710983644365, 4.686712603280853]], [[-53.100130384114266, 4.687160258959238], [-53.100130384114266, 4.687160258959238]], [[-53.02289404306572, 4.708001985022463], [-53.02289404306572, 4.708001985022463]], [[-53.02945718365817, 4.714759337827388], [-53.02945718365817, 4.714759337827388]], [[-53.01947798865518, 4.737906284897406], [-53.01947798865518, 4.737906284897406]], [[-53.109562694597514, 4.744547332491891], [-53.109562694597514, 4.744547332491891]], [[-53.01272430696946, 4.747993986712061], [-53.01272430696946, 4.747993986712061]], [[-53.11201270917309, 4.74873045503432], [-53.11201270917309, 4.74873045503432]], [[-53.01705499371894, 4.750481924615599], [-53.01705499371894, 4.750481924615599]], [[-53.10644473348145, 4.752496187815552], [-53.10644473348145, 4.752496187815552]], [[-52.96807803734862, 4.746293042624984], [-52.98660263194387, 4.734051034911317], [-52.987323915954164, 4.757726512943236], [-52.97001064337496, 4.74520048807733], [-52.96807803734862, 4.746293042624984]], [[-52.9378730631812, 4.744391540237416], [-52.9378730631812, 4.744391540237416]], [[-52.955366876078415, 4.764421309580655], [-52.955366876078415, 4.764421309580655]], [[-52.934885287600366, 4.764958436133327], [-52.934885287600366, 4.764958436133327]], [[-52.970661571051494, 4.765203744767518], [-52.970661571051494, 4.765203744767518]], [[-53.10455581505403, 4.764576747613603], [-53.10455581505403, 4.764576747613603]], [[-53.01034377146652, 4.770598239585638], [-53.01034377146652, 4.770598239585638]], [[-53.118500931674475, 4.775879918269595], [-53.118500931674475, 4.775879918269595]], [[-53.11895008931657, 4.777670308594111], [-53.09858026389247, 4.79313417311738], [-53.117763506061294, 4.779218188179129], [-53.11895008931657, 4.777670308594111]], [[-53.26497123875015, 4.781922466871151], [-53.26497123875015, 4.781922466871151]], [[-53.26676786931847, 4.783175729537788], [-53.26676786931847, 4.783175729537788]], [[-53.11001185223944, 4.80246673296233], [-53.11001185223944, 4.80246673296233]], [[-53.11432376560322, 4.798304219153124], [-53.11432376560322, 4.798304219153124]], [[-53.12047722529951, 4.796782433573412], [-53.12047722529951, 4.796782433573412]], [[-53.1272361705515, 4.80280154427237], [-53.1272361705515, 4.80280154427237]], [[-53.149197172012975, 4.81125796672427], [-53.149197172012975, 4.81125796672427]], [[-53.166560799374736, 4.817147223862207], [-53.166560799374736, 4.817147223862207]], [[-53.29367241207774, 4.824576863751815], [-53.29367241207774, 4.824576863751815]], [[-53.15063868732045, 4.825405297829604], [-53.15063868732045, 4.825405297829604]], [[-53.12499073324557, 4.825271028114457], [-53.12499073324557, 4.825271028114457]], [[-53.16379891850664, 4.827150801712548], [-53.16379891850664, 4.827150801712548]], [[-53.2739543915913, 4.827709820060818], [-53.2739543915913, 4.827709820060818]], [[-53.297246899828394, 4.829115974262777], [-53.297246899828394, 4.829115974262777]], [[-53.28962999329917, 4.831290323839085], [-53.28962999329917, 4.831290323839085]], [[-53.14053035949553, 4.833373143839083], [-53.14053035949553, 4.833373143839083]], [[-53.135973163950496, 4.837287625292561], [-53.135973163950496, 4.837287625292561]], [[-53.140566327197234, 4.837535442912156], [-53.140566327197234, 4.837535442912156]], [[-53.146887694652605, 4.838809320199175], [-53.146887694652605, 4.838809320199175]], [[-53.111494072458186, 4.838093228904825], [-53.11656955381346, 4.858329683678733], [-53.101873501760224, 4.843843878652706], [-53.08510290284761, 4.856285751139069], [-53.06627530229622, 4.863124767220029], [-53.07416187886275, 4.844045714757669], [-53.062716254339534, 4.823931563867745], [-53.08117593161933, 4.831693129331143], [-53.10124468106142, 4.830998971540851], [-53.11829705621352, 4.813587363273655], [-53.11155653344292, 4.832648130544328], [-53.111494072458186, 4.838093228904825]], [[-53.111494072458186, 4.838093228904825], [-53.111494072458186, 4.838093228904825]], [[-53.12633925888497, 4.838876016651966], [-53.12633925888497, 4.838876016651966]], [[-53.11472800748123, 4.831335080016856], [-53.11472800748123, 4.831335080016856]], [[-53.15611832282747, 4.826210915564275], [-53.15611832282747, 4.826210915564275]], [[-53.154074216925494, 4.827217499312894], [-53.154074216925494, 4.827217499312894]], [[-53.14201257971416, 4.830236891939137], [-53.14201257971416, 4.830236891939137]], [[-53.129932520021555, 4.831665943464429], [-53.129932520021555, 4.831665943464429]], [[-53.106238928046196, 4.862171382473036], [-53.106238928046196, 4.862171382473036]], [[-53.057774818467976, 4.86727333438165], [-53.057774818467976, 4.86727333438165]], [[-53.04023573890214, 4.867072379324952], [-53.04023573890214, 4.867072379324952]], [[-53.093372667027666, 4.868457211059763], [-53.093372667027666, 4.868457211059763]], [[-53.08917093764791, 4.880833597339461], [-53.11187410193202, 4.893510083574256], [-53.092359956906535, 4.88754649743538], [-53.07158694231788, 4.889265968008772], [-53.08917093764791, 4.880833597339461]], [[-53.05004930702455, 4.902225137867902], [-53.02950350304002, 4.900143754646763], [-53.044704331084006, 4.884770004654229], [-53.06439673554871, 4.889716550382104], [-53.080613958209995, 4.902267704198096], [-53.060130088853555, 4.898664502831139], [-53.05004930702455, 4.902225137867902]], [[-53.0539831208888, 4.902959865558159], [-53.0539831208888, 4.902959865558159]], [[-52.974456075865874, 4.919812230393859], [-52.974456075865874, 4.919812230393859]], [[-52.96345171363549, 4.91394991776798], [-52.972995436268036, 4.932318942327015], [-52.97591531184588, 4.955321065991654], [-52.958886973645804, 4.944223934349566], [-52.938324150797484, 4.956842579734882], [-52.937894643802224, 4.935832638014631], [-52.94957098797374, 4.915381937827988], [-52.968683873808914, 4.9066740476257], [-52.96345171363549, 4.91394991776798]], [[-52.96722463782868, 4.914397424367394], [-52.96722463782868, 4.914397424367394]], [[-52.96688408510096, 4.918935928414442], [-52.96688408510096, 4.918935928414442]], [[-52.99785718901717, 4.962055151395248], [-52.98076726709343, 4.951516610819567], [-53.00133447624688, 4.950242423708403], [-52.99785718901717, 4.962055151395248]], [[-53.00347165954304, 4.940978776309009], [-53.00347165954304, 4.940978776309009]], [[-52.97762175998139, 4.943622886482274], [-52.97762175998139, 4.943622886482274]], [[-52.990018510902246, 4.939299818119991], [-52.990018510902246, 4.939299818119991]], [[-52.996779210676266, 4.936548624864372], [-52.996779210676266, 4.936548624864372]], [[-53.021194613018565, 4.93804404900726], [-53.021194613018565, 4.93804404900726]], [[-53.00710983644365, 4.959280804973503], [-53.00710983644365, 4.959280804973503]], [[-52.97986930271361, 4.928874974605321], [-52.97986930271361, 4.928874974605321]], [[-52.99271643944212, 4.921268710604295], [-52.99271643944212, 4.921268710604295]], [[-52.99300628648302, 4.91614269723334], [-52.99300628648302, 4.91614269723334]], [[-52.989882886348596, 4.913839701740926], [-52.989882886348596, 4.913839701740926]], [[-53.04548825153114, 4.911781604192697], [-53.04548825153114, 4.911781604192697]], [[-52.99136370294974, 4.911286810268791], [-52.99136370294974, 4.911286810268791]], [[-53.04320017933969, 4.913077716053351], [-53.04320017933969, 4.913077716053351]], [[-53.1281578209788, 4.951047192148167], [-53.13662531979264, 4.926145239054279], [-53.13137052628491, 4.947184766665259], [-53.1281578209788, 4.951047192148167]], [[-53.17653209902852, 4.940934027452784], [-53.19550988666646, 4.933260427907157], [-53.216029811451165, 4.936614874585075], [-53.23674255820771, 4.928874974605321], [-53.24904772307809, 4.946723298261304], [-53.23550649743106, 4.930803053344675], [-53.21962789752325, 4.945609392616291], [-53.198292909525264, 4.951113440418851], [-53.17978700058978, 4.960152508951808], [-53.15980141549238, 4.961898098388758], [-53.14008664087163, 4.969139103294083], [-53.15476988491423, 4.949368696481827], [-53.17084981622594, 4.932050882644091], [-53.17653209902852, 4.940934027452784]], [[-53.13427812020842, 4.959480508663546], [-53.13427812020842, 4.959480508663546]], [[-53.12728143722018, 4.955320192009481], [-53.12728143722018, 4.955320192009481]], [[-53.10581503552163, 4.956173722410142], [-53.10581503552163, 4.956173722410142]], [[-53.07093513738039, 4.960086261587435], [-53.08238865725292, 4.942527329602399], [-53.08395895447808, 4.921244237847475], [-53.0899794214036, 4.94079978086512], [-53.104934265457814, 4.926323801439992], [-53.10244828318031, 4.949928486840236], [-53.08301747795167, 4.955790481628469], [-53.07093513738039, 4.960086261587435]], [[-53.05137484842527, 4.958408662855504], [-53.05137484842527, 4.958408662855504]], [[-53.05415822218828, 4.950307972868416], [-53.05415822218828, 4.950307972868416]], [[-53.072844583715664, 4.9435513934759], [-53.06934115410763, 4.922787680419106], [-53.072844583715664, 4.9435513934759]], [[-53.058134144581686, 4.930194214579444], [-53.058134144581686, 4.930194214579444]], [[-53.04459256803011, 4.925607803566379], [-53.04459256803011, 4.925607803566379]], [[-53.07131902680254, 4.948521013037464], [-53.07131902680254, 4.948521013037464]], [[-53.11762138977622, 4.944398384086185], [-53.11762138977622, 4.944398384086185]], [[-53.11025836258597, 4.950934884708374], [-53.11025836258597, 4.950934884708374]], [[-53.116075480407346, 4.951091940320964], [-53.116075480407346, 4.951091940320964]], [[-53.08200775051819, 4.960333247110157], [-53.08200775051819, 4.960333247110157]], [[-53.07742634256914, 4.959885771502286], [-53.07742634256914, 4.959885771502286]], [[-53.147335097772725, 4.943814903724046], [-53.147335097772725, 4.943814903724046]], [[-53.13296380774875, 4.937309360045504], [-53.13296380774875, 4.937309360045504]], [[-53.16015723256186, 4.935765951211522], [-53.16015723256186, 4.935765951211522]], [[-53.15173859718698, 4.941650008794056], [-53.15173859718698, 4.941650008794056]], [[-53.149920385997575, 4.941583759576361], [-53.149920385997575, 4.941583759576361]], [[-53.56046713879954, 4.986021857903154], [-53.56046713879954, 4.986021857903154]], [[-53.5598432307624, 4.994809454679284], [-53.5598432307624, 4.994809454679284]], [[-53.557911852901555, 5.00997790202814], [-53.557911852901555, 5.00997790202814]], [[-53.05350782086839, 5.029128123199428], [-53.05359765239672, 5.008814552735487], [-53.05350782086839, 5.029128123199428]], [[-53.023523741025656, 5.011608178070617], [-53.023523741025656, 5.011608178070617]], [[-53.0206963287593, 5.003332922990865], [-53.0206963287593, 5.003332922990865]], [[-53.041964469467416, 4.999060234952822], [-53.041964469467416, 4.999060234952822]], [[-53.05321271026139, 5.001544009729969], [-53.05321271026139, 5.001544009729969]], [[-53.032127917106436, 5.003355732258967], [-53.032127917106436, 5.003355732258967]], [[-53.056651924362825, 5.028501722994463], [-53.056651924362825, 5.028501722994463]], [[-53.025596357910615, 5.022532189705487], [-53.025596357910615, 5.022532189705487]], [[-53.01492517941546, 5.035123637514857], [-53.01492517941546, 5.035123637514857]], [[-52.752033211517926, 5.009843669523036], [-52.752033211517926, 5.009843669523036]], [[-52.734461848746434, 5.009371758153804], [-52.734461848746434, 5.009371758153804]], [[-52.76202521453155, 5.004137102141897], [-52.76202521453155, 5.004137102141897]], [[-52.757917176628894, 4.993019644211472], [-52.757917176628894, 4.993019644211472]], [[-52.755109064104886, 4.981010483992122], [-52.755109064104886, 4.981010483992122]], [[-52.443731406008055, 4.975345003835798], [-52.443731406008055, 4.975345003835798]], [[-52.44436022670692, 4.972346979730389], [-52.44436022670692, 4.972346979730389]], [[-52.75623073004465, 4.956884705575305], [-52.75623073004465, 4.956884705575305]], [[-52.9159050436316, 4.935679337018769], [-52.90429765217618, 4.917306209936953], [-52.92462115821837, 4.922346297638114], [-52.9159050436316, 4.935679337018769]], [[-52.909193470474634, 4.91690345576967], [-52.909193470474634, 4.91690345576967]], [[-52.9341896196118, 4.913613850602417], [-52.9341896196118, 4.913613850602417]], [[-52.914897772528775, 4.898376501107521], [-52.89452478896516, 4.896343965839264], [-52.914403699122545, 4.886964715420788], [-52.914897772528775, 4.898376501107521]], [[-52.93131167711073, 4.898202301521906], [-52.93131167711073, 4.898202301521906]], [[-52.91992833811992, 4.895378129206563], [-52.91992833811992, 4.895378129206563]], [[-52.99152406626422, 4.875284215880242], [-52.97323475307434, 4.884391005723501], [-52.989853585830474, 4.865774517645661], [-52.99152406626422, 4.875284215880242]], [[-52.99855513788435, 4.875707710962615], [-52.99855513788435, 4.875707710962615]], [[-53.049779812439226, 4.876895331351648], [-53.049779812439226, 4.876895331351648]], [[-53.01517274247527, 4.88126180894966], [-53.01517274247527, 4.88126180894966]], [[-53.065657008729545, 4.881750593943991], [-53.065657008729545, 4.881750593943991]], [[-53.0217304440493, 4.885286932278689], [-53.0217304440493, 4.885286932278689]], [[-52.97910398020014, 4.893835060257288], [-52.97910398020014, 4.893835060257288]], [[-52.98099044229684, 4.896430672553095], [-52.98099044229684, 4.896430672553095]], [[-53.035248685457645, 4.898892019735342], [-53.035248685457645, 4.898892019735342]], [[-52.982875676228105, 4.900918079259043], [-52.982875676228105, 4.900918079259043]], [[-52.97155532457833, 4.902109588186306], [-52.97155532457833, 4.902109588186306]], [[-53.01276922273365, 4.889202335788923], [-53.01276922273365, 4.889202335788923]], [[-53.015104842472226, 4.889470849730458], [-53.015104842472226, 4.889470849730458]], [[-52.993432459886264, 4.89173040077543], [-52.993432459886264, 4.89173040077543]], [[-52.936322592055035, 4.890902922269277], [-52.93412171960898, 4.870987889068203], [-52.95514229725745, 4.875284215880242], [-52.945235213110266, 4.893788997138472], [-52.936322592055035, 4.890902922269277]], [[-52.91824452331872, 4.884256747748282], [-52.91824452331872, 4.884256747748282]], [[-52.79735321760177, 4.873180809310441], [-52.79735321760177, 4.873180809310441]], [[-52.916134710566496, 4.870158287154652], [-52.916134710566496, 4.870158287154652]], [[-52.980564619797974, 4.857472182050458], [-52.96132382930614, 4.865684135751678], [-52.938253969915934, 4.86311121862434], [-52.91554536661346, 4.85991496618135], [-52.9360323941097, 4.854542420298685], [-52.92976489048101, 4.835407879803881], [-52.922244658116085, 4.807815739202908], [-52.937917628040964, 4.822181943174428], [-52.94680445762219, 4.841068516833559], [-52.96495726899741, 4.85324374778088], [-52.97326668537539, 4.833862925108519], [-52.98173418418935, 4.852459665499111], [-52.980564619797974, 4.857472182050458]], [[-52.92976489048101, 4.835407879803881], [-52.92976489048101, 4.835407879803881]], [[-52.98166698599522, 4.857898922548713], [-52.98166698599522, 4.857898922548713]], [[-52.98642665338343, 4.856778050728792], [-52.98642665338343, 4.856778050728792]], [[-53.039988175842495, 4.852862458383697], [-53.039988175842495, 4.852862458383697]], [[-53.02181799469906, 4.859331149795707], [-53.02181799469906, 4.859331149795707]], [[-53.00055213486951, 4.87116690323387], [-53.00055213486951, 4.87116690323387]], [[-52.98658508672355, 4.846865295031819], [-52.98658508672355, 4.846865295031819]], [[-52.984672657700685, 4.835918114435117], [-52.984672657700685, 4.835918114435117]], [[-52.96787679367071, 4.833372357111784], [-52.96787679367071, 4.833372357111784]], [[-52.96077869930866, 4.835161285200456], [-52.96077869930866, 4.835161285200456]], [[-52.95168378341339, 4.837779938725077], [-52.95168378341339, 4.837779938725077]], [[-52.95274018113338, 4.838474526634059], [-52.95274018113338, 4.838474526634059]], [[-52.94916850061793, 4.843553405884734], [-52.94916850061793, 4.843553405884734]], [[-52.96066693625471, 4.843598161251748], [-52.96066693625471, 4.843598161251748]], [[-52.96116100966094, 4.846954805324174], [-52.96116100966094, 4.846954805324174]], [[-52.96744921664981, 4.831648373177131], [-52.96744921664981, 4.831648373177131]], [[-52.961834746124055, 4.832409227392361], [-52.961834746124055, 4.832409227392361]], [[-53.00214576723789, 4.82849218272986], [-53.00214576723789, 4.82849218272986]], [[-52.97059332014419, 4.826769934686979], [-52.97059332014419, 4.826769934686979]], [[-52.968886521104366, 4.826680421726223], [-52.968886521104366, 4.826680421726223]], [[-52.96742307427144, 4.824414009070608], [-52.96742307427144, 4.824414009070608]], [[-52.99640111117674, 4.819940866107231], [-52.99640111117674, 4.819940866107231]], [[-52.937198975813544, 4.818735662383006], [-52.937198975813544, 4.818735662383006]], [[-52.9203774957619, 4.769031632160363], [-52.94074732118594, 4.775035425898238], [-52.94258781480522, 4.794972773638847], [-52.939485995291875, 4.774783738995666], [-52.917746239059625, 4.789826130881011], [-52.90396131030121, 4.774762495532855], [-52.9203774957619, 4.769031632160363]], [[-52.92805809144119, 4.768763070528564], [-52.92805809144119, 4.768763070528564]], [[-52.90775616602008, 4.762407081270794], [-52.90775616602008, 4.762407081270794]], [[-52.39681864481702, 4.760098229845028], [-52.39681864481702, 4.760098229845028]], [[-52.9319208471627, 4.758781455448684], [-52.91667369973692, 4.742789990323786], [-52.90649501557817, 4.72373275663665], [-52.92012835363232, 4.74241948002151], [-52.92551666626724, 4.720976142279596], [-52.92183778445525, 4.742289915022411], [-52.9319208471627, 4.758781455448684]], [[-52.420420124385146, 4.742667332027281], [-52.420420124385146, 4.742667332027281]], [[-52.909397345935645, 4.741434715477283], [-52.909397345935645, 4.741434715477283]], [[-52.96412545009849, 4.720196454696691], [-52.94390405723885, 4.718291908031745], [-52.96200844380593, 4.708223795171705], [-52.96412545009849, 4.720196454696691]], [[-52.96252918594723, 4.720038121531445], [-52.96252918594723, 4.720038121531445]], [[-52.98683089526128, 4.720442216374011], [-52.98683089526128, 4.720442216374011]], [[-53.02110162335043, 4.721247957357264], [-53.02110162335043, 4.721247957357264]], [[-53.01795646714277, 4.723486121843564], [-53.01795646714277, 4.723486121843564]], [[-52.9944220103165, 4.725054144105286], [-52.9944220103165, 4.725054144105286]], [[-52.97780142303827, 4.729351389942451], [-52.97780142303827, 4.729351389942451]], [[-52.95408625044183, 4.730604311153684], [-52.95408625044183, 4.730604311153684]], [[-52.961534371950904, 4.731144698843309], [-52.961534371950904, 4.731144698843309]], [[-52.94678796511511, 4.732372000687633], [-52.94678796511511, 4.732372000687633]], [[-52.970458572851555, 4.726687121645455], [-52.970458572851555, 4.726687121645455]], [[-52.97330896935671, 4.726976420027881], [-52.97330896935671, 4.726976420027881]], [[-52.975193501479055, 4.727116042080979], [-52.975193501479055, 4.727116042080979]], [[-52.96976413302849, 4.73445512158122], [-52.96976413302849, 4.73445512158122]], [[-52.9725962825043, 4.737678014690744], [-52.9725962825043, 4.737678014690744]], [[-52.954558392322724, 4.701798441475148], [-52.954558392322724, 4.701798441475148]], [[-52.956915943586864, 4.700206235766359], [-52.956915943586864, 4.700206235766359]], [[-52.96998783458844, 4.697074884346591], [-52.96998783458844, 4.697074884346591]], [[-52.987753949306125, 4.697795319368652], [-52.987753949306125, 4.697795319368652]], [[-52.986942658315115, 4.717958279598463], [-52.986942658315115, 4.717958279598463]], [[-52.98330448141439, 4.714914349885532], [-52.98330448141439, 4.714914349885532]], [[-52.96884090353137, 4.714395894305028], [-52.96884090353137, 4.714395894305028]], [[-53.01238796509443, 4.71086277971159], [-53.01238796509443, 4.71086277971159]], [[-52.92377267136021, 4.765513833639091], [-52.92377267136021, 4.765513833639091]], [[-52.46915372854863, 4.765898406590168], [-52.46915372854863, 4.765898406590168]], [[-53.0896834335357, 4.782970203709397], [-53.0896834335357, 4.782970203709397]], [[-52.9932047229255, 4.785700955925734], [-52.9932047229255, 4.785700955925734]], [[-53.01699130456899, 4.793738852239301], [-53.01699130456899, 4.793738852239301]], [[-53.01270132273072, 4.793137669890029], [-53.01270132273072, 4.793137669890029]], [[-52.991086488467545, 4.791834858630125], [-52.991086488467545, 4.791834858630125]], [[-52.99597072692052, 4.790337186468321], [-52.99597072692052, 4.790337186468321]], [[-53.006686821179926, 4.785835233437354], [-53.006686821179926, 4.785835233437354]], [[-53.02428958989577, 4.793898567164661], [-53.02428958989577, 4.793898567164661]], [[-52.9339420565521, 4.784384230651142], [-52.9339420565521, 4.784384230651142]], [[-52.46706602277419, 4.779074555311411], [-52.46706602277419, 4.779074555311411]], [[-53.03493427510824, 4.816765914145435], [-53.03493427510824, 4.816765914145435]], [[-53.008502225134066, 4.825561508721648], [-53.008502225134066, 4.825561508721648]], [[-52.999743651113874, 4.811597319395389], [-52.999743651113874, 4.811597319395389]], [[-53.019282008543485, 4.830708493261909], [-53.019282008543485, 4.830708493261909]], [[-52.999537845678674, 4.82952865890087], [-52.999537845678674, 4.82952865890087]], [[-53.09505490275899, 4.804973180636409], [-53.09505490275899, 4.804973180636409]], [[-53.115917748876086, 4.810948772760128], [-53.115917748876086, 4.810948772760128]], [[-53.1261595958282, 4.811620135217822], [-53.1261595958282, 4.811620135217822]], [[-53.13529942748755, 4.814058976157526], [-53.13529942748755, 4.814058976157526]], [[-53.152502165178475, 4.814730335546926], [-53.152502165178475, 4.814730335546926]], [[-53.12993111640378, 4.816857176738097], [-53.12993111640378, 4.816857176738097]], [[-53.15551152138022, 4.819966916037231], [-53.15551152138022, 4.819966916037231]], [[-53.159262426321845, 4.822272330883834], [-53.159262426321845, 4.822272330883834]], [[-53.125848343618316, 4.821731140849352], [-53.125848343618316, 4.821731140849352]], [[-53.14711227347374, 4.824621620372284], [-53.14711227347374, 4.824621620372284]], [[-53.095121750048634, 4.813455189224044], [-53.095121750048634, 4.813455189224044]], [[-53.09224398299972, 4.82137308627847], [-53.09224398299972, 4.82137308627847]], [[-53.09498665185157, 4.825717282502012], [-53.09498665185157, 4.825717282502012]], [[-53.043917778853825, 4.84180575893896], [-53.043917778853825, 4.84180575893896]], [[-53.04567265179753, 4.840339927835544], [-53.04567265179753, 4.840339927835544]], [[-52.9077414280348, 4.851676019365186], [-52.9077414280348, 4.851676019365186]], [[-52.906094282744334, 4.850087658080724], [-52.906094282744334, 4.850087658080724]], [[-52.89834508525337, 4.84160776834085], [-52.89834508525337, 4.84160776834085]], [[-52.783204751876895, 4.837511404169788], [-52.783204751876895, 4.837511404169788]], [[-52.91541605833925, 4.833024186488046], [-52.91541605833925, 4.833024186488046]], [[-52.90056964374696, 4.830753249477709], [-52.90056964374696, 4.830753249477709]], [[-52.89747045601689, 4.827709820060818], [-52.89747045601689, 4.827709820060818]], [[-52.90115354868169, 4.826590908753872], [-52.90115354868169, 4.826590908753872]], [[-52.792681978124335, 4.834512761070584], [-52.792681978124335, 4.834512761070584]], [[-52.907890913312656, 4.838809320199175], [-52.907890913312656, 4.838809320199175]], [[-52.8985265028324, 4.821148515334414], [-52.8985265028324, 4.821148515334414]], [[-52.912987098028054, 4.819629578108618], [-52.912987098028054, 4.819629578108618]], [[-52.91564256713434, 4.820306264362671], [-52.91564256713434, 4.820306264362671]], [[-52.927271539210835, 4.869756728343191], [-52.927271539210835, 4.869756728343191]], [[-52.95511931301854, 4.870115631375995], [-52.95511931301854, 4.870115631375995]], [[-52.9563766035119, 4.889313342542209], [-52.9563766035119, 4.889313342542209]], [[-52.79894860449201, 4.893253283706088], [-52.79894860449201, 4.893253283706088]], [[-52.91343748383537, 4.917504527817471], [-52.91343748383537, 4.917504527817471]], [[-52.936031165944314, 4.922162053016393], [-52.936031165944314, 4.922162053016393]], [[-52.944610427811995, 4.922565241014411], [-52.944610427811995, 4.922565241014411]], [[-53.064443054930564, 4.860401931071124], [-53.064443054930564, 4.860401931071124]], [[-53.07468928818781, 4.859556931817622], [-53.07468928818781, 4.859556931817622]], [[-53.09801934319654, 4.849640108576239], [-53.09801934319654, 4.849640108576239]], [[-53.10372434705954, 4.846212673734215], [-53.10372434705954, 4.846212673734215]], [[-53.086502134174, 4.834180762630297], [-53.086502134174, 4.834180762630297]], [[-52.97342301328922, 4.753454884109658], [-52.97342301328922, 4.753454884109658]], [[-53.020785809383256, 4.730826813497345], [-53.020785809383256, 4.730826813497345]], [[-53.01390387213627, 4.734231309002269], [-53.01390387213627, 4.734231309002269]], [[-53.001337283482144, 4.741618834381086], [-53.001337283482144, 4.741618834381086]], [[-52.996802545819264, 4.745061219376964], [-52.996802545819264, 4.745061219376964]], [[-52.99351913327507, 4.744483861577692], [-52.99351913327507, 4.744483861577692]], [[-53.010856618258515, 4.751600960453288], [-53.010856618258515, 4.751600960453288]], [[-52.989930433895836, 4.755358109987014], [-52.989930433895836, 4.755358109987014]], [[-52.991187724389135, 4.758669115994678], [-52.991187724389135, 4.758669115994678]], [[-52.473806194640304, 4.587531140772228], [-52.473806194640304, 4.587531140772228]], [[-52.382241724810115, 4.809135653730095], [-52.382241724810115, 4.809135653730095]], [[-52.3831223194216, 4.852951967881268], [-52.3831223194216, 4.852951967881268]], [[-52.251068919942725, 4.878614654416765], [-52.251068919942725, 4.878614654416765]], [[-52.29133221805722, 4.883563518153153], [-52.29133221805722, 4.883563518153153]], [[-52.28817302567319, 4.902956194543947], [-52.28817302567319, 4.902956194543947]], [[-52.313206195225575, 4.908848321301264], [-52.313206195225575, 4.908848321301264]], [[-52.4106284877883, 4.920617734965731], [-52.4106284877883, 4.920617734965731]], [[-52.46874948667073, 5.000850028921718], [-52.46874948667073, 5.000850028921718]], [[-52.48424542532189, 5.004814649838067], [-52.48424542532189, 5.004814649838067]], [[-52.55835643626176, 5.019642569896064], [-52.55835643626176, 5.019642569896064]], [[-52.58090414989317, 5.097178425887591], [-52.58090414989317, 5.097178425887591]], [[-52.58542186869204, 5.101805137012207], [-52.58542186869204, 5.101805137012207]], [[-53.01876372273313, 5.041053643862142], [-53.01876372273313, 5.041053643862142]], [[-53.01025393993808, 5.0460854423618], [-53.01025393993808, 5.0460854423618]], [[-53.02399816378494, 5.050022698513658], [-53.02399816378494, 5.050022698513658]], [[-53.031903338285304, 5.072885156027098], [-53.031903338285304, 5.072885156027098]], [[-52.768607128509814, 5.10196538926084], [-52.768607128509814, 5.10196538926084]], [[-52.68394091298154, 5.109123398704696], [-52.68394091298154, 5.109123398704696]], [[-52.65109573404942, 5.156656681586185], [-52.65109573404942, 5.156656681586185]], [[-52.65607857664105, 5.173392646733589], [-52.65607857664105, 5.173392646733589]], [[-52.7188216883838, 5.178756889836109], [-52.7188216883838, 5.178756889836109]], [[-52.77578365000727, 5.183456222249447], [-52.77578365000727, 5.183456222249447]], [[-52.76088161706656, 5.218809825919607], [-52.76088161706656, 5.218809825919607]], [[-52.76921524584873, 5.229118247158738], [-52.76921524584873, 5.229118247158738]], [[-52.7800157326181, 5.258617876840844], [-52.7800157326181, 5.258617876840844]], [[-52.811322020269756, 5.260049130256164], [-52.811322020269756, 5.260049130256164]], [[-52.872478517732475, 5.319379818861307], [-52.872478517732475, 5.319379818861307]], [[-52.947910859220144, 5.38307979881381], [-52.947910859220144, 5.38307979881381]], [[-52.9224194085113, 5.384442026862189], [-52.9224194085113, 5.384442026862189]], [[-52.91950339288189, 5.386412915742937], [-52.91950339288189, 5.386412915742937]], [[-53.03008249531291, 5.065121088552132], [-53.03008249531291, 5.065121088552132]], [[-53.05036371737401, 5.032752283979107], [-53.05036371737401, 5.032752283979107]], [[-53.052879000169526, 5.032573313550245], [-53.052879000169526, 5.032573313550245]], [[-53.044369568278796, 5.038264863667621], [-53.044369568278796, 5.038264863667621]], [[-53.63498730427898, 5.169739574471862], [-53.63498730427898, 5.169739574471862]], [[-52.98231633460193, 5.187587810638888], [-52.98231633460193, 5.187587810638888]], [[-53.1836516862856, 5.368613896443776], [-53.1836516862856, 5.368613896443776]], [[-53.18131773334295, 5.374693124888665], [-53.18131773334295, 5.374693124888665]], [[-53.17942960445043, 5.377110396902708], [-53.17942960445043, 5.377110396902708]], [[-53.17075998469761, 5.383414744570985], [-53.17075998469761, 5.383414744570985]], [[-53.16443098507136, 5.390029688948118], [-53.16443098507136, 5.390029688948118]], [[-53.14814533605028, 5.399043798219736], [-53.14814533605028, 5.399043798219736]], [[-52.96748307892511, 5.40840043462515], [-52.96748307892511, 5.40840043462515]], [[-53.03672809844113, 5.421382966286217], [-53.03672809844113, 5.421382966286217]], [[-53.00604115706949, 5.422454505961923], [-53.00604115706949, 5.422454505961923]], [[-53.28072500441476, 5.55354350058974], [-53.28072500441476, 5.55354350058974]], [[-53.29277409679361, 5.416304120079872], [-53.29277409679361, 5.416304120079872]], [[-53.287632119053114, 5.416953341958276], [-53.287632119053114, 5.416953341958276]], [[-53.28404210378238, 5.415525707914412], [-53.28404210378238, 5.415525707914412]], [[-53.58450198531153, 5.422251215307369], [-53.58450198531153, 5.422251215307369]], [[-53.24670885747361, 5.505396700114204], [-53.24670885747361, 5.505396700114204]], [[-53.70330418163633, 5.635904840370529], [-53.708433175913626, 5.655684100367466], [-53.70069906731226, 5.637022305390076], [-53.70330418163633, 5.635904840370529]], [[-53.71426362810257, 5.643727050318546], [-53.71426362810257, 5.643727050318546]], [[-53.715566185264436, 5.652755984296618], [-53.715566185264436, 5.652755984296618]], [[-53.69917193132932, 5.656912822411073], [-53.69917193132932, 5.656912822411073]], [[-53.69959819245872, 5.648040842657565], [-53.69959819245872, 5.648040842657565]], [[-53.631618621963526, 5.310722318535795], [-53.631618621963526, 5.310722318535795]]], [[[-54.418647731270255, 4.70602134053081], [-54.418647731270255, 4.70602134053081]]], [[[-54.423192031077974, 4.718696441034751], [-54.43073787946457, 4.695733246997293], [-54.42094624286773, 4.717133212996544], [-54.423192031077974, 4.718696441034751]]], [[[-54.43635063933141, 4.720488640928693], [-54.43635063933141, 4.720488640928693]]], [[[-53.618117311692856, 4.721700137108144], [-53.618117311692856, 4.721700137108144]]], [[[-52.990424858206495, 4.72564174718525], [-52.990424858206495, 4.72564174718525]]], [[[-54.44531260631902, 4.727985247742424], [-54.44531260631902, 4.727985247742424]]], [[[-54.47080104144305, 4.73781186444586], [-54.47080104144305, 4.73781186444586]]], [[[-52.98078919861882, 4.74123494728542], [-52.98078919861882, 4.74123494728542]]], [[[-52.98355064085666, 4.747972480146643], [-52.98355064085666, 4.747972480146643]]], [[[-52.98102483092879, 4.750466887559355], [-52.98102483092879, 4.750466887559355]]], [[[-54.465955106399406, 4.75097430060822], [-54.465955106399406, 4.75097430060822]]], [[[-54.47215348185995, 4.75101906204452], [-54.47215348185995, 4.75101906204452]]], [[[-52.93351254955678, 4.773264348924613], [-52.93351254955678, 4.773264348924613]]], [[[-52.94406687688428, 4.782888465432279], [-52.94406687688428, 4.782888465432279]]], [[[-54.46354840658654, 4.774760921942857], [-54.46354840658654, 4.774760921942857]]], [[[-52.93876874668217, 4.786064361864362], [-52.93876874668217, 4.786064361864362]]], [[[-52.928103007205266, 4.789352490585998], [-52.928103007205266, 4.789352490585998]]], [[[-53.0277261722141, 4.800944956665489], [-53.0277261722141, 4.800944956665489]]], [[[-53.032891485097934, 4.803809473933711], [-53.032891485097934, 4.803809473933711]]], [[[-53.02682785693008, 4.804078021810767], [-53.02682785693008, 4.804078021810767]]], [[[-53.023754811578215, 4.800299634373005], [-53.023754811578215, 4.800299634373005]]], [[[-53.105250781233735, 4.805555033242911], [-53.105250781233735, 4.805555033242911]]], [[[-53.10561010734739, 4.808732834864713], [-53.10561010734739, 4.808732834864713]]], [[[-52.92516751638135, 4.811250623696935], [-52.92516751638135, 4.811250623696935]]], [[[-53.01315469122562, 4.810549189399239], [-53.01315469122562, 4.810549189399239]]], [[[-53.04021275466346, 4.81508839361743], [-53.04021275466346, 4.81508839361743]]], [[[-53.119295379253856, 4.815688944693477], [-53.119295379253856, 4.815688944693477]]], [[[-53.01351682457454, 4.813416551038017], [-53.01351682457454, 4.813416551038017]]], [[[-53.01950658736456, 4.817594794829859], [-53.01950658736456, 4.817594794829859]]], [[[-53.03886528173723, 4.818803234970005], [-53.03886528173723, 4.818803234970005]]], [[[-53.16083035494228, 4.820574805730303], [-53.16083035494228, 4.820574805730303]]], [[[-52.92891149096096, 4.824532107128334], [-52.92891149096096, 4.824532107128334]]], [[[-53.68875147403361, 4.824666376990081], [-53.68875147403361, 4.824666376990081]]], [[[-54.4674822423824, 4.822678376103852], [-54.4674822423824, 4.822678376103852]]], [[[-52.927993174125504, 4.824870229359192], [-52.927993174125504, 4.824870229359192]]], [[[-53.03908986055836, 4.827127986411426], [-53.03908986055836, 4.827127986411426]]], [[[-53.10965252612584, 4.828873485862175], [-53.10965252612584, 4.828873485862175]]], [[[-53.04465941531976, 4.829634343191515], [-53.04465941531976, 4.829634343191515]]], [[[-53.10855577439912, 4.833320083451895], [-53.10855577439912, 4.833320083451895]]], [[[-53.033049567533624, 4.83775843498529], [-53.033049567533624, 4.83775843498529]]], [[[-53.07921876228454, 4.835120288074222], [-53.07921876228454, 4.835120288074222]]], [[[-53.03091519147284, 4.838719808828785], [-53.03091519147284, 4.838719808828785]]], [[[-52.991344403207336, 4.839570166369754], [-52.991344403207336, 4.839570166369754]]], [[[-53.0349576102513, 4.839972966937069], [-53.0349576102513, 4.839972966937069]]], [[[-53.01173616015683, 4.841494655805491], [-53.01173616015683, 4.841494655805491]]], [[[-53.09189325404407, 4.842053662316971], [-53.09189325404407, 4.842053662316971]]], [[[-53.00877171971928, 4.84230025440894], [-53.00877171971928, 4.84230025440894]]], [[[-53.00495387976167, 4.842747808773936], [-53.00495387976167, 4.842747808773936]]], [[[-52.99776735748884, 4.843240118233439], [-52.99776735748884, 4.843240118233439]]], [[[-52.96940550872364, 4.840937659335225], [-52.96940550872364, 4.840937659335225]]], [[[-52.941332454286055, 4.843529367356382], [-52.941332454286055, 4.843529367356382]]], [[[-52.941802315288044, 4.845030331428006], [-52.941802315288044, 4.845030331428006]]], [[[-53.0067055945658, 4.846910050179474], [-53.0067055945658, 4.846910050179474]]], [[[-52.95175291158182, 4.845815209047942], [-52.95175291158182, 4.845815209047942]]], [[[-53.002191033906456, 4.847022375097197], [-53.002191033906456, 4.847022375097197]]], [[[-53.09242645329175, 4.846759088956617], [-53.09242645329175, 4.846759088956617]]], [[[-52.99686904220465, 4.84892402875289], [-52.99686904220465, 4.84892402875289]]], [[[-52.94797911012756, 4.846978057019101], [-52.94797911012756, 4.846978057019101]]], [[[-53.037158482697464, 4.850714226887703], [-53.037158482697464, 4.850714226887703]]], [[[-52.96713480630024, 4.850758981780302], [-52.96713480630024, 4.850758981780302]]], [[[-52.97655851962554, 4.851810283842781], [-52.97655851962554, 4.851810283842781]]], [[[-52.97336844765374, 4.852081609892764], [-52.97336844765374, 4.852081609892764]]], [[[-52.951707118556556, 4.851272788713459], [-52.951707118556556, 4.851272788713459]]], [[[-53.00052879972645, 4.853064728851791], [-53.00052879972645, 4.853064728851791]]], [[[-52.93856838026517, 4.854160344932325], [-52.93856838026517, 4.854160344932325]]], [[[-52.96848227922652, 4.854607891439002], [-52.96848227922652, 4.854607891439002]]], [[[-52.95646976863219, 4.852394980855536], [-52.95646976863219, 4.852394980855536]]], [[[-53.077537754718605, 4.851027511073482], [-53.077537754718605, 4.851027511073482]]], [[[-53.0067055945658, 4.856398074496838], [-53.0067055945658, 4.856398074496838]]], [[[-52.952558763554464, 4.855839516914216], [-52.952558763554464, 4.855839516914216]]], [[[-52.96102626236814, 4.857069391918571], [-52.96102626236814, 4.857069391918571]]], [[[-52.92620145621919, 4.855443194242469], [-52.92620145621919, 4.855443194242469]]], [[[-52.972591194390304, 4.856822368163705], [-52.972591194390304, 4.856822368163705]]], [[[-52.991218253072645, 4.855945808971683], [-52.991218253072645, 4.855945808971683]]], [[[-52.93531672456987, 4.857382673153097], [-52.93531672456987, 4.857382673153097]]], [[[-52.95406431891644, 4.858814814086429], [-52.95406431891644, 4.858814814086429]]], [[[-52.99898008312226, 4.859038585832252], [-52.99898008312226, 4.859038585832252]]], [[[-52.99408426482387, 4.858009235185762], [-52.99408426482387, 4.858009235185762]]], [[[-52.99563736773314, 4.857138271845201], [-52.99563736773314, 4.857138271845201]]], [[[-52.92153021674176, 4.858605552472341], [-52.92153021674176, 4.858605552472341]]], [[[-53.05779903087216, 4.862195420337343], [-53.05779903087216, 4.862195420337343]]], [[[-54.46553978910117, 4.865065360351366], [-54.46553978910117, 4.865065360351366]]], [[[-53.012409896619886, 4.867139072984628], [-53.012409896619886, 4.867139072984628]]], [[[-52.987840973599305, 4.866870550110434], [-52.987840973599305, 4.866870550110434]]], [[[-52.9429701251575, 4.87559748863589], [-52.9429701251575, 4.87559748863589]]], [[[-52.94279046210062, 4.884727087581325], [-52.94279046210062, 4.884727087581325]]], [[[-52.94770136928861, 4.882549239188847], [-52.94770136928861, 4.882549239188847]]], [[[-53.073696579617945, 4.886227173132738], [-53.073696579617945, 4.886227173132738]]], [[[-52.168622350246494, 4.888486298084217], [-52.168622350246494, 4.888486298084217]]], [[[-53.01988468686392, 4.889489554799241], [-53.01988468686392, 4.889489554799241]]], [[[-52.93131395798946, 4.889943808108001], [-52.93131395798946, 4.889943808108001]]], [[[-54.471767991436366, 4.891663709559509], [-54.471767991436366, 4.891663709559509]]], [[[-52.970581915750984, 4.889772752972988], [-52.970581915750984, 4.889772752972988]]], [[[-52.90665941429319, 4.889944419955668], [-52.90665941429319, 4.889944419955668]]], [[[-52.18856494955395, 4.895064865695247], [-52.18856494955395, 4.895064865695247]]], [[[-54.47134084208005, 4.861924797640654], [-54.476012980750056, 4.883003672016741], [-54.481402872454794, 4.903679995804112], [-54.48277799943429, 4.881388999517071], [-54.473333000247635, 4.856943999951341], [-54.47611099983959, 4.825556000315146], [-54.475028090769115, 4.781832248655292], [-54.47805599975351, 4.753888999655658], [-54.46667131326166, 4.773896408609062], [-54.47039932169082, 4.807724562815395], [-54.46916057430224, 4.829866603812206], [-54.47230698060673, 4.85868055100309], [-54.47134084208005, 4.861924797640654]]], [[[-54.47329512741919, 4.913994668441148], [-54.47329512741919, 4.913994668441148]]], [[[-54.46847038919498, 4.917287505647096], [-54.46847038919498, 4.917287505647096]]], [[[-54.470444643188216, 4.918314754948369], [-54.470444643188216, 4.918314754948369]]], [[[-54.45209488671412, 4.919409477742363], [-54.45209488671412, 4.919409477742363]]], [[[-52.97587302786479, 4.919776744818307], [-52.97587302786479, 4.919776744818307]]], [[[-54.45382247684017, 4.92104452263743], [-54.45382247684017, 4.92104452263743]]], [[[-54.450612666495374, 4.923839743502469], [-54.450612666495374, 4.923839743502469]]], [[[-52.96700005900772, 4.929478220875865], [-52.96700005900772, 4.929478220875865]]], [[[-52.974590823158564, 4.92822523003781], [-52.974590823158564, 4.92822523003781]]], [[[-54.45006265673328, 4.930138452402218], [-54.45006265673328, 4.930138452402218]]], [[[-52.20295308298938, 4.931029423056088], [-52.20295308298938, 4.931029423056088]]], [[[-52.965851022524134, 4.931600154071248], [-52.965851022524134, 4.931600154071248]]], [[[-52.9335827304385, 4.937175112723992], [-52.9335827304385, 4.937175112723992]]], [[[-53.02370989581402, 4.937399557449226], [-53.02370989581402, 4.937399557449226]]], [[[-52.941532820702946, 4.941784255209086], [-52.941532820702946, 4.941784255209086]]], [[[-53.22041480065781, 4.942992471723471], [-53.22041480065781, 4.942992471723471]]], [[[-52.96347364516089, 4.943686513503451], [-52.96347364516089, 4.943686513503451]]], [[[-52.94894392179691, 4.945990629109872], [-52.94894392179691, 4.945990629109872]]], [[[-53.08879652264477, 4.944677888128126], [-53.08879652264477, 4.944677888128126]]], [[[-52.97016749764521, 4.947846815944104], [-52.97016749764521, 4.947846815944104]]], [[[-53.04495084143065, 4.947669133344675], [-53.04495084143065, 4.947669133344675]]], [[[-52.96758396394233, 4.948854527964784], [-52.96758396394233, 4.948854527964784]]], [[[-53.08517343463353, 4.952837116704643], [-53.08517343463353, 4.952837116704643]]], [[[-53.16826759841473, 4.953642581174563], [-53.16826759841473, 4.953642581174563]]], [[[-53.08822770659964, 4.947914812519059], [-53.08822770659964, 4.947914812519059]]], [[[-52.25259412595159, 4.959349586951475], [-52.25259412595159, 4.959349586951475]]], [[[-53.11791702673969, 4.961831414213066], [-53.11791702673969, 4.961831414213066]]], [[[-53.02884906631925, 4.968722484603632], [-53.02884906631925, 4.968722484603632]]], [[[-53.08306239371598, 4.972704953475613], [-53.08306239371598, 4.972704953475613]]], [[[-53.025390552475415, 4.975345003835798], [-53.025390552475415, 4.975345003835798]]], [[[-53.08968413534444, 4.975460191173511], [-53.08968413534444, 4.975460191173511]]], [[[-53.00133938890855, 4.97053351111299], [-53.00133938890855, 4.97053351111299]]], [[[-53.067296960479666, 4.978119282633259], [-53.067296960479666, 4.978119282633259]]], [[[-53.07694244539067, 4.974617697586439], [-53.07694244539067, 4.974617697586439]]], [[[-53.078211491181776, 4.98013286475549], [-53.078211491181776, 4.98013286475549]]], [[[-53.01797945138145, 4.977895550905885], [-53.01797945138145, 4.977895550905885]]], [[[-53.09626762839241, 4.98098304202199], [-53.09626762839241, 4.98098304202199]]], [[[-53.088946358826945, 4.981475249411005], [-53.088946358826945, 4.981475249411005]]], [[[-53.00818781478438, 4.983444075280261], [-53.00818781478438, 4.983444075280261]]], [[[-53.01070309758012, 4.983623059157935], [-53.01070309758012, 4.983623059157935]]], [[[-53.095548976165276, 4.985144420147662], [-53.095548976165276, 4.985144420147662]]], [[[-53.10738059553722, 4.985752159530364], [-53.10738059553722, 4.985752159530364]]], [[[-53.012814138497845, 4.988410859778412], [-53.012814138497845, 4.988410859778412]]], [[[-53.01371245378192, 4.996509770097191], [-53.01371245378192, 4.996509770097191]]], [[[-53.041964469467416, 4.999060234952822], [-53.041964469467416, 4.999060234952822]]], [[[-53.03904494479394, 5.000984263272244], [-53.03904494479394, 5.000984263272244]]], [[[-52.99091559802093, 5.016177036679949], [-52.99091559802093, 5.016177036679949]]], [[[-53.05274425287689, 5.019195134727681], [-53.05274425287689, 5.019195134727681]]], [[[-53.01216654441316, 5.019974475707556], [-53.01216654441316, 5.019974475707556]]], [[[-53.0623749998029, 5.042845332475963], [-53.0623749998029, 5.042845332475963]]], [[[-53.0580443130533, 5.043579903279806], [-53.0580443130533, 5.043579903279806]]], [[[-53.05391206274629, 5.055346904598366], [-53.05391206274629, 5.055346904598366]]], [[[-53.05011843519287, 5.058311472579021], [-53.05011843519287, 5.058311472579021]]], [[[-54.358829780602775, 5.135542724559855], [-54.358829780602775, 5.135542724559855]]], [[[-54.351618322185345, 5.139275634394949], [-54.351618322185345, 5.139275634394949]]], [[[-52.611109474965076, 5.151421561677239], [-52.611109474965076, 5.151421561677239]]], [[[-52.5830151908109, 5.283217086402772], [-52.5830151908109, 5.283217086402772]]], [[[-54.23508603874893, 5.280870681846466], [-54.23508603874893, 5.280870681846466]]], [[[-52.59051612343319, 5.289344374123914], [-52.59051612343319, 5.289344374123914]]], [[[-52.585062542578555, 5.290667414460756], [-52.585062542578555, 5.290667414460756]]], [[[-54.21972028563317, 5.296972738093018], [-54.21972028563317, 5.296972738093018]]], [[[-54.223320564857715, 5.288699974013014], [-54.223320564857715, 5.288699974013014]]], [[[-54.190754179477494, 5.314860837945616], [-54.190754179477494, 5.314860837945616]]], [[[-54.15003637242893, 5.352447422836519], [-54.15003637242893, 5.352447422836519]]], [[[-54.149837935986284, 5.354038646328661], [-54.149837935986284, 5.354038646328661]]], [[[-54.13909894521424, 5.363157312923818], [-54.13909894521424, 5.363157312923818]]], [[[-52.86870138268631, 5.366556831153389], [-52.86870138268631, 5.366556831153389]]], [[[-54.13692096928071, 5.367562568553069], [-54.13692096928071, 5.367562568553069]]], [[[-54.13424975333902, 5.37134256292768], [-54.13424975333902, 5.37134256292768]]], [[[-54.10719533053441, 5.394688290966769], [-54.10719533053441, 5.394688290966769]]], [[[-54.10124153544626, 5.428450294052823], [-54.10124153544626, 5.428450294052823]]], [[[-54.08393545640729, 5.435904090509155], [-54.08393545640729, 5.435904090509155]]], [[[-54.07132237291887, 5.449281546006262], [-54.08578349447117, 5.430053042736461], [-54.10644650052802, 5.418339510755118], [-54.1231318296696, 5.397925884764447], [-54.0980005823352, 5.400988089351756], [-54.08012586270314, 5.420485830358359], [-54.06054083498748, 5.428219757618763], [-54.05537727662579, 5.447810891284178], [-54.07132237291887, 5.449281546006262]]], [[[-53.03825716439843, 5.47503635867173], [-53.03825716439843, 5.47503635867173]]], [[[-54.053671267120876, 5.481215484409574], [-54.053671267120876, 5.481215484409574]]], [[[-53.06659708163812, 5.498913506586575], [-53.06659708163812, 5.498913506586575]]], [[[-53.08007181090005, 5.501596044294104], [-53.08007181090005, 5.501596044294104]]], [[[-53.105227446090566, 5.522203633849074], [-53.105227446090566, 5.522203633849074]]], [[[-54.01692806657394, 5.620640500463992], [-54.01342551422687, 5.596456502828403], [-54.01396362613639, 5.618986604872134], [-54.01692806657394, 5.620640500463992]]], [[[-53.97421234141615, 5.620864807072621], [-53.99825183741149, 5.61451489083538], [-54.000804184485105, 5.592612157468977], [-53.99235914355336, 5.572987666565552], [-53.96648854063176, 5.570127511233807], [-53.96572497264026, 5.597890457748349], [-53.97371826800986, 5.617554502453231], [-53.97421234141615, 5.620864807072621]]], [[[-53.625667721836805, 5.624127075776698], [-53.625667721836805, 5.624127075776698]]], [[[-53.968417813066026, 5.687821650924093], [-53.99384548689892, 5.660335822952902], [-53.99613123434858, 5.639814703568732], [-53.99891855578642, 5.618314402879719], [-53.97595703813204, 5.623946575126013], [-53.974305506536496, 5.653793297863615], [-53.95862740463468, 5.6412432481834], [-53.94344587633299, 5.655727902669184], [-53.9519818453694, 5.67391786904625], [-53.968417813066026, 5.687821650924093]]], [[[-53.80000782197175, 5.710010441459303], [-53.80000782197175, 5.710010441459303]]], [[[-53.9127463901288, 5.76328189569881], [-53.9127463901288, 5.76328189569881]]]]}}]}