{"type": "FeatureCollection", "features": [{"type": "Feature", "properties": {"code": "IDN", "name": "Indonesia", "tier": "country"}, "geometry": {"type": "MultiPolygon", "coordinates": [[[[122.871181, -10.968664199999964], [122.871181, -10.968664199999964]]], [[[122.95895940000004, -10.915339399999965], [122.95895940000004, -10.915339399999965]]], [[[123.00095, -10.910187099999987], [123.00095, -10.910187099999987]]], [[[122.74751829999995, -10.826055099999973], [122.74751829999995, -10.826055099999973]]], [[[122.66776490000004, -10.7989154], [122.66776490000004, -10.7989154]]], [[[122.7871851, -10.775307100000017], [122.7871851, -10.775307100000017]]], [[[123.38217220000004, -10.434649699999973], [123.36374039999998, -10.482872100000037], [123.3090719, -10.5062567], [123.25595909999996, -10.531178], [123.2187483, -10.584562200000022], [123.27058980000001, -10.581429], [123.32373110000002, -10.576739299999968], [123.27790360000004, -10.6026871], [123.22631579999998, -10.601311200000016], [123.18256250000002, -10.63020870000003], [123.1338447, -10.648018799999978], [123.09327050000002, -10.680293299999985], [123.05030939999997, -10.720654400000015], [122.99469369999997, -10.7323345], [122.94203879999998, -10.7490835], [122.8865137, -10.757702700000035], [122.83479469999999, -10.776299200000036], [122.86302509999996, -10.819426300000043], [122.81454980000002, -10.787439400000029], [122.8252077, -10.840543200000038], [122.82060579999998, -10.89476], [122.84549440000004, -10.94004760000001], [122.88984649999998, -10.910940499999974], [122.941747, -10.910439199999974], [122.972265, -10.868429300000034], [123.0249397, -10.8595364], [123.07708950000003, -10.849733199999964], [123.12401259999997, -10.819560300000028], [123.17772829999998, -10.8297158], [123.22817159999995, -10.818857], [123.24233660000002, -10.762655400000018], [123.28427320000003, -10.728338300000026], [123.32502709999996, -10.694017], [123.37492669999997, -10.6871302], [123.41866850000004, -10.657690699999986], [123.40453369999997, -10.60963849999997], [123.35189269999998, -10.599520099999967], [123.3784092, -10.552191599999968], [123.42030880000004, -10.522883], [123.3672004, -10.5457609], [123.39997029999998, -10.505768900000042], [123.40511339999998, -10.4549844], [123.38217220000004, -10.434649699999973]]], [[[121.90711850000001, -10.41874], [121.859262, -10.43656349999996], [121.84112840000003, -10.489382600000038], [121.79628150000002, -10.514815900000038], [121.7274869, -10.549876099999963], [121.68425219999997, -10.577733299999966], [121.73081710000002, -10.6015364], [121.7828201, -10.607580699999971], [121.83840189999995, -10.625762899999977], [121.89576060000003, -10.5963013], [121.93576190000005, -10.566281200000013], [121.986277, -10.550786300000045], [121.99678239999997, -10.501610399999958], [122.00101130000002, -10.444351699999984], [121.9515067, -10.432878100000028], [121.90711850000001, -10.41874]]], [[[120.12590390000003, -10.326696699999957], [120.12590390000003, -10.326696699999957]]], [[[120.21268969999997, -10.3037704], [120.21268969999997, -10.3037704]]], [[[123.4337136, -10.23263], [123.4337136, -10.23263]]], [[[124.1648505, -10.147206600000022], [124.1102042, -10.175161600000035], [124.1667054, -10.156606099999962], [124.1648505, -10.147206600000022]]], [[[123.4525461, -10.114621499999984], [123.40319450000001, -10.13295530000001], [123.36797570000003, -10.203800499999968], [123.320362, -10.239884], [123.30649519999997, -10.289436299999974], [123.3216537, -10.338907299999963], [123.3582681, -10.3047795], [123.3984197, -10.338082400000012], [123.42016580000002, -10.2901763], [123.40950970000003, -10.2392419], [123.45436849999996, -10.209532699999965], [123.5027484, -10.182801], [123.46424920000001, -10.144613], [123.4525461, -10.114621499999984]]], [[[119.93570320000003, -9.275871], [119.89100470000002, -9.326790800000037], [119.84477669999995, -9.355657499999989], [119.80723489999997, -9.394143599999957], [119.7540983, -9.38586659999999], [119.68588620000003, -9.382378699999968], [119.641833, -9.356699699999979], [119.58884310000005, -9.349058599999957], [119.53381130000002, -9.378454199999972], [119.47791909999997, -9.3592998], [119.42582520000003, -9.377872900000014], [119.37503150000002, -9.379975099999957], [119.32550929999996, -9.3714083], [119.2715095, -9.36835920000004], [119.22578430000004, -9.389077099999973], [119.17034939999998, -9.376748499999973], [119.122134, -9.403288399999962], [119.07224710000003, -9.423778399999957], [119.01848450000004, -9.440197800000035], [118.97161149999998, -9.475111700000024], [118.94085909999997, -9.515426300000026], [118.93788960000003, -9.568807499999984], [118.9862021, -9.607490399999982], [119.01460070000003, -9.653610800000031], [119.05869389999995, -9.6989058], [119.11517369999996, -9.720715899999973], [119.163407, -9.742094899999984], [119.217952, -9.737611], [119.27533470000003, -9.7442002], [119.3290574, -9.7680931], [119.38443089999996, -9.795753100000034], [119.42728480000001, -9.757202], [119.48143860000003, -9.744088199999975], [119.53642209999995, -9.76540750000002], [119.58848670000005, -9.76694729999997], [119.62807579999998, -9.7997342], [119.67894520000003, -9.79094840000004], [119.68478160000004, -9.842476200000036], [119.72966289999997, -9.872189799999983], [119.772506, -9.90299569999998], [119.82019750000002, -9.922939], [119.87232919999998, -9.930477600000017], [119.902816, -9.9711076], [119.9545741, -9.980221500000027], [119.99207660000002, -10.034206300000012], [120.01875429999996, -10.07909830000003], [120.0458679, -10.1254249], [120.07942860000001, -10.163570200000013], [120.12634410000004, -10.191533700000019], [120.16443489999997, -10.233704899999982], [120.21275959999998, -10.2529885], [120.27064480000001, -10.246329699999976], [120.32075629999997, -10.253827500000043], [120.3926371, -10.270507700000028], [120.4334692, -10.301478800000016], [120.47932539999995, -10.2740261], [120.52815420000002, -10.241753200000034], [120.58315119999999, -10.247774200000034], [120.63628530000003, -10.231278], [120.687475, -10.2230339], [120.74246009999999, -10.187873899999985], [120.769801, -10.144658300000028], [120.8162097, -10.125135899999979], [120.84452289999999, -10.070068899999981], [120.84071790000002, -10.016721499999978], [120.8102271, -9.971185599999973], [120.7674545, -9.940125199999969], [120.7134103, -9.920912200000028], [120.66641620000003, -9.880963099999981], [120.6299066, -9.8183146], [120.60523819999996, -9.7692384], [120.57835570000005, -9.72549320000001], [120.54460989999998, -9.688493800000039], [120.49282859999997, -9.657127], [120.46010480000001, -9.615753899999987], [120.40619930000001, -9.635695900000027], [120.35302849999997, -9.649124900000036], [120.2999283, -9.6430284], [120.24965419999998, -9.645745700000038], [120.229521, -9.5922862], [120.2255853, -9.536482200000037], [120.19623340000004, -9.483460399999974], [120.14086609999997, -9.4821575], [120.08323730000002, -9.468646500000041], [120.0496338, -9.43044530000002], [120.01290719999996, -9.386639800000015], [119.96727379999997, -9.3305871], [119.94317780000004, -9.285438200000037], [119.93570320000003, -9.275871]]], [[[124.94800539999996, -8.9585017], [124.89099740000003, -8.975283899999983], [124.84945350000001, -9.01040709999997], [124.79892080000002, -9.011688300000017], [124.7563075, -9.043072399999982], [124.7105262, -9.064031100000033], [124.6788388, -9.1065663], [124.633701, -9.1341153], [124.5886925, -9.161618400000012], [124.53730660000002, -9.177281599999962], [124.48617189999996, -9.172143600000012], [124.4658293, -9.22422149999996], [124.4557713, -9.2748385], [124.4389543, -9.3227455], [124.39069130000003, -9.35985649999996], [124.3706743, -9.405862499999959], [124.3648313, -9.459531500000015], [124.3213673, -9.4918885], [124.28416730000004, -9.4551805], [124.2667813, -9.407208500000038], [124.21912929999996, -9.368651499999977], [124.1738043, -9.3903495], [124.13446130000003, -9.4260515], [124.09165530000001, -9.398648500000014], [124.05688329999995, -9.356057500000045], [124.00835259999997, -9.343171799999958], [123.96785589999999, -9.379242], [123.9354279, -9.420881199999961], [123.89392860000002, -9.454934100000031], [123.84012979999997, -9.486043], [123.79514889999997, -9.514720900000015], [123.75948, -9.553357900000034], [123.72108590000005, -9.5921155], [123.673322, -9.62940110000002], [123.68472990000002, -9.7005729], [123.67533879999998, -9.75742], [123.66786390000003, -9.809600400000015], [123.660448, -9.870702700000042], [123.617055, -9.8973817], [123.58515269999998, -9.9379068], [123.5888768, -9.992567200000021], [123.59816929999997, -10.0449117], [123.64891960000003, -10.009690399999979], [123.6992737, -10.0077864], [123.75267679999999, -10.028218], [123.753568, -10.084487299999964], [123.70162419999996, -10.110980199999972], [123.65346309999998, -10.142679399999984], [123.59615820000002, -10.154225100000044], [123.53283850000003, -10.175509899999987], [123.48851719999996, -10.22504810000003], [123.50124790000001, -10.273916800000013], [123.46974789999996, -10.321381199999976], [123.53171130000001, -10.330286100000027], [123.58016630000004, -10.345685099999965], [123.63345850000002, -10.355631699999964], [123.68665929999997, -10.357332099999969], [123.75069179999997, -10.354997900000015], [123.803271, -10.353453799999976], [123.85293760000002, -10.33412419999998], [123.8989264, -10.305132900000022], [123.9477963, -10.2852771], [124.00346150000001, -10.2768623], [124.05536750000005, -10.234559], [124.09684909999997, -10.190996], [124.125983, -10.146812199999985], [124.17362139999997, -10.127201700000018], [124.216648, -10.156554], [124.3380531, -10.17180079999996], [124.39228269999998, -10.170672300000025], [124.445998, -10.142351400000024], [124.4882494, -10.111627100000028], [124.52623950000005, -10.061205199999964], [124.54913590000001, -10.009820199999972], [124.60565120000004, -9.97798660000003], [124.6551498, -9.94862789999996], [124.69993389999996, -9.91400550000002], [124.74448229999999, -9.885820499999983], [124.7751619, -9.840699600000033], [124.80324639999998, -9.7975229], [124.8336746, -9.756651500000032], [124.8826478, -9.7063609], [124.94033469999997, -9.68342639999998], [124.98413359999996, -9.6380723], [124.99001639999999, -9.578526399999973], [124.95909959999997, -9.53636759999997], [125.00775240000002, -9.516695], [125.06263, -9.481365800000038], [125.08148829999998, -9.43193620000001], [125.0706414, -9.382536200000033], [125.050126, -9.334255899999974], [125.010541, -9.300839], [124.984873, -9.252883], [124.982901, -9.191114], [125.033071, -9.170369], [125.083324, -9.189307], [125.134914, -9.174519], [125.185317, -9.159561], [125.173528, -9.105534], [125.18923, -9.054659], [125.161515, -9.009602], [125.113659, -8.965724], [125.087892, -9.012014], [125.039958, -9.034584], [124.99542, -9.064429], [124.946842, -9.049018], [124.934758, -8.999579], [124.94800539999996, -8.9585017]]], [[[120.29670820000001, -8.87295689999997], [120.259303, -8.907031], [120.30649219999997, -8.889820899999975], [120.29670820000001, -8.87295689999997]]], [[[121.5283078, -8.855493], [121.5160984, -8.906967600000012], [121.52985280000001, -8.855705], [121.5283078, -8.855493]]], [[[119.78700679999997, -8.790521700000017], [119.78700679999997, -8.790521700000017]]], [[[119.65571739999999, -8.784259699999971], [119.65571739999999, -8.784259699999971]]], [[[119.4255576, -8.744343100000037], [119.4255576, -8.744343100000037]]], [[[115.88489670000003, -8.731849599999983], [115.88489670000003, -8.731849599999983]]], [[[115.92508470000003, -8.7366192], [115.92508470000003, -8.7366192]]], [[[115.23908049999999, -8.7213192], [115.23908049999999, -8.7213192]]], [[[115.46541510000002, -8.6885328], [115.46541510000002, -8.6885328]]], [[[115.55256, -8.671976799999989], [115.4985106, -8.672299400000036], [115.460914, -8.708044400000045], [115.47907570000001, -8.7550096], [115.52411969999999, -8.787829099999986], [115.568743, -8.812673], [115.61025720000004, -8.784114], [115.59666679999998, -8.724827800000043], [115.57406279999996, -8.679621799999978], [115.55256, -8.671976799999989]]], [[[115.4546803, -8.663475500000025], [115.4546803, -8.663475500000025]]], [[[119.22694809999997, -8.652311600000026], [119.22694809999997, -8.652311600000026]]], [[[118.2064516, -8.642974099999975], [118.2064516, -8.642974099999975]]], [[[119.60568589999998, -8.639952199999964], [119.55575729999997, -8.661178899999985], [119.60589360000003, -8.6526226], [119.60568589999998, -8.639952199999964]]], [[[117.96492129999996, -8.611167799999983], [117.95886169999997, -8.664165], [118.00080750000002, -8.692281600000026], [117.99739820000002, -8.6410292], [117.96492129999996, -8.611167799999983]]], [[[119.53182029999996, -8.607861200000041], [119.53182029999996, -8.607861200000041]]], [[[119.63479039999999, -8.6051675], [119.63967229999997, -8.656124500000026], [119.66134849999997, -8.70232820000004], [119.615952, -8.7247909], [119.6173383, -8.774999700000027], [119.6670981, -8.782891700000025], [119.7166178, -8.793353700000036], [119.7234996, -8.743089699999981], [119.70734240000003, -8.691960600000023], [119.75403259999997, -8.671153800000017], [119.80019869999998, -8.650347400000044], [119.75909929999997, -8.6206466], [119.71541949999998, -8.645550900000018], [119.6847856, -8.686197500000045], [119.662464, -8.6402576], [119.63479039999999, -8.6051675]]], [[[117.83488080000002, -8.5748199], [117.83488080000002, -8.5748199]]], [[[119.72044219999998, -8.569807100000023], [119.72044219999998, -8.569807100000023]]], [[[119.1873618, -8.5657255], [119.1873618, -8.5657255]]], [[[119.04488829999995, -8.556529099999985], [119.04488829999995, -8.556529099999985]]], [[[117.82267690000003, -8.555834900000011], [117.82267690000003, -8.555834900000011]]], [[[119.65071579999996, -8.537522200000044], [119.65071579999996, -8.537522200000044]]], [[[116.77229239999998, -8.558405499999985], [116.77229239999998, -8.558405499999985]]], [[[119.7289634, -8.494682199999989], [119.7289634, -8.494682199999989]]], [[[116.8809217, -8.4955947], [116.8809217, -8.4955947]]], [[[117.72566890000003, -8.4730264], [117.71373689999999, -8.531305], [117.75459439999996, -8.568217200000014], [117.73222809999997, -8.518639900000021], [117.72566890000003, -8.4730264]]], [[[124.28791709999996, -8.471278200000029], [124.28791709999996, -8.471278200000029]]], [[[119.5629284, -8.461171600000025], [119.5629284, -8.461171600000025]]], [[[122.4520307, -8.460652], [122.4520307, -8.460652]]], [[[117.652872, -8.447635], [117.64416170000004, -8.5030714], [117.667641, -8.454570199999964], [117.652872, -8.447635]]], [[[122.79773960000003, -8.45756829999996], [122.79773960000003, -8.45756829999996]]], [[[113.29621910000002, -8.4444017], [113.2642462, -8.4871639], [113.31248850000003, -8.502857], [113.36448809999997, -8.501983], [113.41064410000004, -8.476769199999964], [113.36708679999997, -8.450192799999975], [113.31662819999997, -8.4526331], [113.29621910000002, -8.4444017]]], [[[119.5832338, -8.4417224], [119.5832338, -8.4417224]]], [[[116.8940135, -8.4419779], [116.8940135, -8.4419779]]], [[[112.6980377, -8.429666], [112.6980377, -8.429666]]], [[[122.3667406, -8.429289200000042], [122.34592680000003, -8.476670100000025], [122.39529609999997, -8.493088], [122.42143049999997, -8.450281500000031], [122.3667406, -8.429289200000042]]], [[[119.45555670000005, -8.427238700000025], [119.42453869999999, -8.466552299999982], [119.43379189999999, -8.517458699999988], [119.400997, -8.562882500000043], [119.37942649999997, -8.613529800000016], [119.40326240000005, -8.658456599999983], [119.38279729999996, -8.706275499999968], [119.4289434, -8.736324899999989], [119.44746739999997, -8.6898563], [119.47766330000003, -8.646278199999976], [119.48630939999998, -8.59353619999997], [119.53618460000003, -8.602740199999989], [119.55891219999998, -8.55751950000004], [119.5709984, -8.50773360000002], [119.5211807, -8.486804899999964], [119.47224120000003, -8.474923899999961], [119.45555670000005, -8.427238700000025]]], [[[123.886857, -8.425007599999986], [123.886857, -8.425007599999986]]], [[[123.14385380000002, -8.423275400000016], [123.09337150000002, -8.4337316], [123.03718959999998, -8.43541620000002], [122.98437310000003, -8.435159900000041], [122.9494159, -8.474213], [122.900393, -8.512092800000012], [122.87585179999996, -8.560814299999983], [122.89158730000003, -8.610975399999962], [122.937745, -8.591506399999979], [122.96781009999995, -8.5367649], [122.99840840000002, -8.49493409999996], [123.04858830000003, -8.491227499999962], [123.097525, -8.477683799999966], [123.1485285, -8.461556199999961], [123.14385380000002, -8.423275400000016]]], [[[117.65648050000001, -8.4382198], [117.65648050000001, -8.4382198]]], [[[122.51042079999996, -8.413293700000043], [122.51042079999996, -8.413293700000043]]], [[[119.2757294, -8.395389], [119.26870520000004, -8.447276700000014], [119.31997249999998, -8.454317099999983], [119.319666, -8.402930300000019], [119.2757294, -8.395389]]], [[[119.85313779999996, -8.374633699999986], [119.85313779999996, -8.374633699999986]]], [[[121.0104326, -8.368667800000015], [121.0104326, -8.368667800000015]]], [[[123.82900730000003, -8.36765189999998], [123.82900730000003, -8.36765189999998]]], [[[120.02802120000003, -8.355549100000012], [120.02802120000003, -8.355549100000012]]], [[[116.085529, -8.350378799999966], [116.085529, -8.350378799999966]]], [[[123.95487639999996, -8.349522900000025], [123.9013886, -8.361994599999964], [123.95175020000002, -8.3563842], [123.95487639999996, -8.349522900000025]]], [[[122.314259, -8.344972500000022], [122.314259, -8.344972500000022]]], [[[116.0577812, -8.359329800000012], [116.0577812, -8.359329800000012]]], [[[120.1361938, -8.340769], [120.1361938, -8.340769]]], [[[116.03989780000002, -8.3389855], [116.03989780000002, -8.3389855]]], [[[138.96252840000005, -8.370555399999965], [138.92544949999998, -8.324358100000037], [138.94879550000002, -8.370895], [138.96252840000005, -8.370555399999965]]], [[[138.4830996, -8.353684600000019], [138.43177280000003, -8.363025700000012], [138.3699747, -8.378480500000038], [138.316073, -8.378650299999965], [138.264403, -8.391557100000021], [138.3298059, -8.421784500000026], [138.4084269, -8.39868969999998], [138.4830996, -8.353684600000019]]], [[[128.51001259999998, -8.342970500000021], [128.51001259999998, -8.342970500000021]]], [[[138.95720690000002, -8.332511], [138.95720690000002, -8.332511]]], [[[116.73169190000004, -8.325138699999965], [116.73169190000004, -8.325138699999965]]], [[[121.70742049999997, -8.292644800000012], [121.67576930000001, -8.33758820000002], [121.72542410000003, -8.354743599999978], [121.73129930000005, -8.2996146], [121.70742049999997, -8.292644800000012]]], [[[138.56273280000005, -8.324342], [138.56273280000005, -8.324342]]], [[[138.98638930000004, -8.287498299999982], [138.9352342, -8.306693], [138.9838144, -8.32198020000002], [138.98638930000004, -8.287498299999982]]], [[[116.70347759999999, -8.291117], [116.70347759999999, -8.291117]]], [[[124.35615139999999, -8.2752183], [124.3218783, -8.316569599999987], [124.37359520000001, -8.306600800000016], [124.35615139999999, -8.2752183]]], [[[138.99874890000004, -8.2786651], [138.99874890000004, -8.2786651]]], [[[138.87583940000002, -8.272889399999958], [138.87583940000002, -8.272889399999958]]], [[[130.70530369999994, -8.261938], [130.70530369999994, -8.261938]]], [[[138.94072740000001, -8.30176710000002], [138.98484439999996, -8.2684726], [138.92338959999998, -8.279174699999977], [138.94072740000001, -8.30176710000002]]], [[[123.21054230000004, -8.224101099999967], [123.16293690000005, -8.241653199999973], [123.1122222, -8.261005100000038], [123.06072729999998, -8.289115799999966], [123.02009619999998, -8.3249534], [123.00171939999996, -8.381153], [123.05401340000003, -8.39854980000004], [123.10449609999998, -8.403051600000019], [123.15497270000003, -8.3892425], [123.21735970000003, -8.386893100000034], [123.26991509999996, -8.3935631], [123.30754609999997, -8.3495828], [123.305305, -8.295964100000027], [123.2806855, -8.2498375], [123.23176359999997, -8.228472], [123.21054230000004, -8.224101099999967]]], [[[124.08879810000005, -8.22260750000002], [124.08879810000005, -8.22260750000002]]], [[[138.65096669999997, -8.234309699999972], [138.65096669999997, -8.234309699999972]]], [[[124.0453365, -8.211291499999959], [124.0453365, -8.211291499999959]]], [[[116.37686549999995, -8.213856199999977], [116.31937990000003, -8.222173299999977], [116.25756730000003, -8.252048200000036], [116.21927180000003, -8.2863242], [116.187372, -8.326000699999966], [116.143668, -8.35517729999998], [116.10339959999999, -8.39078850000002], [116.05357280000004, -8.4090703], [116.03609050000004, -8.456580699999957], [116.05515859999998, -8.506240799999961], [116.0722247, -8.564372], [116.07448780000003, -8.620644600000013], [116.06827580000004, -8.676904300000018], [116.05700809999998, -8.728251099999959], [116.00935260000001, -8.75164130000002], [115.95573080000004, -8.744873799999983], [115.90410879999997, -8.771376800000027], [115.86494540000001, -8.738556299999964], [115.825218, -8.770536899999989], [115.84880420000005, -8.816295600000043], [115.90236979999997, -8.83029349999996], [115.94942109999995, -8.85281620000001], [115.98826739999997, -8.884670599999986], [116.0341621, -8.857989300000021], [116.07427860000004, -8.893005400000028], [116.12538149999996, -8.86730280000004], [116.16452580000004, -8.9002916], [116.21601639999997, -8.902299], [116.2682842, -8.9103359], [116.31986380000002, -8.918193800000015], [116.371128, -8.90463219999996], [116.37656939999997, -8.9559426], [116.39893460000005, -8.905981699999973], [116.39431520000002, -8.855696500000029], [116.442096, -8.838874500000035], [116.44819960000004, -8.899803400000014], [116.49916529999999, -8.908525300000022], [116.5486645, -8.898193200000012], [116.5865844, -8.8632768], [116.53634910000002, -8.8621808], [116.49602, -8.830188200000041], [116.5093301, -8.777561499999983], [116.55281470000001, -8.739992100000013], [116.5787814, -8.689754199999985], [116.62032440000004, -8.627349700000039], [116.6458527, -8.5812949], [116.6585443, -8.529450199999985], [116.67774029999995, -8.4807211], [116.71132139999999, -8.44272889999996], [116.72461430000001, -8.382906400000042], [116.70328749999997, -8.3372444], [116.66404959999997, -8.299448], [116.6084021, -8.282904300000013], [116.55566490000002, -8.262748799999983], [116.50084810000004, -8.252865100000037], [116.4417423, -8.228235199999986], [116.39055310000005, -8.217196400000034], [116.37686549999995, -8.213856199999977]]], [[[138.88184750000002, -8.270171300000037], [138.8682863, -8.22039449999997], [138.87721269999997, -8.271530399999957], [138.88184750000002, -8.270171300000037]]], [[[128.1980612, -8.2022191], [128.137752, -8.214338199999979], [128.08154120000003, -8.243212600000035], [128.12442580000004, -8.273853300000042], [128.2020466, -8.279171200000043], [128.22407679999998, -8.2299916], [128.1980612, -8.2022191]]], [[[124.37520370000004, -8.206557400000033], [124.37520370000004, -8.206557400000033]]], [[[128.870794, -8.183592], [128.8891527, -8.2347105], [128.93831769999997, -8.245934600000012], [128.98981490000003, -8.249677800000018], [129.03225290000003, -8.222608], [128.9864524, -8.199407499999975], [128.92564810000002, -8.189604699999972], [128.870794, -8.183592]]], [[[124.2823473, -8.174430399999974], [124.24131590000002, -8.20600250000004], [124.2132784, -8.258666800000011], [124.17171159999997, -8.2889465], [124.133819, -8.339316500000024], [124.1197268, -8.388843799999965], [124.08558219999998, -8.349761400000041], [124.0679801, -8.30057890000003], [124.0167989, -8.322364099999987], [123.96432809999996, -8.3485285], [123.94412350000005, -8.395231800000044], [123.91458290000003, -8.43654320000001], [123.96868329999998, -8.434995300000011], [124.01549190000003, -8.417221200000021], [124.05493770000001, -8.454233399999985], [124.06426339999997, -8.503696], [124.09738919999998, -8.543940699999983], [124.14655810000002, -8.534648899999983], [124.17582040000002, -8.4938385], [124.21272910000005, -8.4579], [124.21787390000001, -8.406079], [124.24697989999996, -8.361657400000041], [124.29245220000004, -8.338701899999975], [124.30302609999998, -8.288797], [124.32328539999997, -8.23434949999998], [124.31909659999997, -8.179982299999974], [124.2823473, -8.174430399999974]]], [[[123.78280519999996, -8.17080839999996], [123.7388393, -8.201476500000012], [123.70453930000002, -8.2408099], [123.6517737, -8.253788100000023], [123.6069473, -8.221479799999972], [123.62890190000003, -8.272642599999966], [123.6002617, -8.3189141], [123.56912690000004, -8.3647602], [123.51319990000003, -8.352463100000026], [123.53184360000003, -8.301606300000039], [123.5516742, -8.2544383], [123.50163689999997, -8.241473400000018], [123.45745530000002, -8.271457200000029], [123.40914, -8.2522003], [123.3663694, -8.280445300000036], [123.41774620000001, -8.286323899999978], [123.45751040000005, -8.319277], [123.43491019999998, -8.3668513], [123.3845772, -8.3747788], [123.33525360000002, -8.400592699999962], [123.30297930000003, -8.4505377], [123.2657526, -8.484178800000016], [123.21847019999998, -8.509016799999966], [123.261498, -8.545028700000032], [123.31385069999999, -8.527221699999984], [123.3539369, -8.563991], [123.4036901, -8.582019700000018], [123.44317669999997, -8.551113900000015], [123.4827498, -8.520246299999975], [123.51683890000004, -8.5582972], [123.57552240000004, -8.549928900000022], [123.5719474, -8.497188100000027], [123.58167440000004, -8.447231700000021], [123.62018430000002, -8.405798800000039], [123.6704805, -8.4298511], [123.7009109, -8.383366199999983], [123.7346765, -8.3426932], [123.756727, -8.295951400000042], [123.8106951, -8.2733462], [123.8646359, -8.275295], [123.91520540000002, -8.2573957], [123.88043919999998, -8.2172635], [123.8310725, -8.2003235], [123.78280519999996, -8.17080839999996]]], [[[124.378484, -8.1827231], [124.378484, -8.1827231]]], [[[128.69254170000002, -8.166709], [128.69254170000002, -8.166709]]], [[[128.75930329999997, -8.1611361], [128.798716, -8.1993261], [128.75930329999997, -8.1611361]]], [[[127.69191010000002, -8.15415130000002], [127.64321879999997, -8.179256699999979], [127.60119690000002, -8.211671799999984], [127.6432696, -8.2390053], [127.70153720000005, -8.2211569], [127.75281719999997, -8.202891600000036], [127.70347790000004, -8.1602815], [127.69191010000002, -8.15415130000002]]], [[[138.7129365, -8.162439], [138.7129365, -8.162439]]], [[[117.36074210000001, -8.146295], [117.36074210000001, -8.146295]]], [[[117.5744825, -8.1492335], [117.52252110000002, -8.15795189999998], [117.4802611, -8.191388300000021], [117.47880529999998, -8.256822900000035], [117.49358850000003, -8.316063], [117.49924650000001, -8.371299299999965], [117.5517, -8.358089599999982], [117.5787568, -8.310276400000024], [117.6071423, -8.2641401], [117.6411019, -8.215178100000017], [117.69025389999997, -8.180766], [117.64565949999997, -8.1531345], [117.5935428, -8.153375300000029], [117.5744825, -8.1492335]]], [[[138.83309570000003, -8.165343799999988], [138.76992810000002, -8.152583399999966], [138.71036160000006, -8.17127490000001], [138.6731111, -8.212393], [138.61663449999998, -8.270494899999989], [138.57234579999997, -8.30684680000003], [138.57955179999996, -8.35917640000002], [138.6452982, -8.368347499999981], [138.70143140000005, -8.3773486], [138.75756469999996, -8.38668910000003], [138.81386959999998, -8.388387400000038], [138.8906023, -8.388217600000022], [138.9149782, -8.324697799999988], [138.87343610000005, -8.286139399999989], [138.84270870000006, -8.2377237], [138.84064879999997, -8.177747900000018], [138.83309570000003, -8.165343799999988]]], [[[117.40574519999998, -8.128945899999959], [117.40574519999998, -8.128945899999959]]], [[[119.05553079999999, -8.12669120000001], [119.01243020000004, -8.1540599], [118.99903159999997, -8.2047589], [119.03641980000005, -8.2593192], [119.0886171, -8.25067779999998], [119.12006459999998, -8.20476470000003], [119.10874120000003, -8.155132], [119.0608284, -8.127542899999959], [119.05553079999999, -8.12669120000001]]], [[[124.56356249999996, -8.122158], [124.50933589999997, -8.1291192], [124.46044540000004, -8.141354299999989], [124.42389689999999, -8.19148180000003], [124.404196, -8.239435], [124.45403970000001, -8.2538983], [124.50171850000004, -8.22479090000002], [124.55580860000003, -8.213148300000025], [124.513613, -8.2491397], [124.459865, -8.265832699999972], [124.4153867, -8.290993], [124.38897729999996, -8.339535700000042], [124.35547120000001, -8.3783104], [124.34995370000001, -8.429229299999971], [124.406532, -8.440000499999986], [124.4594938, -8.441082399999974], [124.51694459999996, -8.418611699999964], [124.56711909999999, -8.4362802], [124.614073, -8.418513199999985], [124.65726729999996, -8.390548200000033], [124.71235240000004, -8.399170399999964], [124.76372970000001, -8.4013144], [124.82066990000001, -8.390100300000011], [124.88085310000002, -8.365903199999977], [124.94223010000005, -8.357051100000032], [124.99289260000003, -8.35538710000002], [125.04291120000002, -8.35577], [125.09249080000004, -8.344448], [125.14024520000001, -8.318723300000016], [125.1391243, -8.263265600000022], [125.12439690000002, -8.208200299999987], [125.09490119999998, -8.166786100000042], [125.04725689999997, -8.14682879999998], [124.9940098, -8.156861800000023], [124.93018990000002, -8.153585800000037], [124.87892320000003, -8.166148699999972], [124.82804380000005, -8.1666631], [124.77095369999998, -8.146605200000042], [124.714723, -8.1549186], [124.660834, -8.167759899999968], [124.61109079999997, -8.1963475], [124.5943677, -8.140735899999981], [124.56356249999996, -8.122158]]], [[[122.13190830000003, -8.106437400000019], [122.13190830000003, -8.106437400000019]]], [[[127.7892206, -8.103905799999986], [127.78616880000001, -8.166652099999968], [127.851996, -8.207703299999988], [127.9076556, -8.214249700000028], [127.9585254, -8.233230899999974], [128.00698819999997, -8.258081499999989], [128.05233820000004, -8.2284523], [128.08762240000004, -8.186260700000044], [128.041147, -8.147746699999988], [127.97260889999998, -8.1430676], [127.91257469999996, -8.130871899999978], [127.861825, -8.11866], [127.81325760000003, -8.106725200000028], [127.7892206, -8.103905799999986]]], [[[117.7585097, -8.1146599], [117.7585097, -8.1146599]]], [[[114.51447949999996, -8.091942500000012], [114.51447949999996, -8.091942500000012]]], [[[129.925194, -8.102458300000034], [129.87453820000002, -8.121387], [129.8372397, -8.159873299999973], [129.81249710000003, -8.2055491], [129.86519879999997, -8.169094], [129.90741119999998, -8.131110099999969], [129.925194, -8.102458300000034]]], [[[117.94347279999998, -8.083458100000026], [117.89099020000003, -8.093499499999965], [117.8343674, -8.12335], [117.77492430000004, -8.129022299999974], [117.7281407, -8.150117200000015], [117.7102526, -8.2020914], [117.72572209999998, -8.251724199999963], [117.76454439999998, -8.289013500000028], [117.79627840000003, -8.329913399999963], [117.829198, -8.370001699999982], [117.87653940000003, -8.397277600000027], [117.92124919999998, -8.425917599999963], [117.96821750000002, -8.446903300000027], [118.01946359999998, -8.45474739999997], [118.071423, -8.4494534], [118.10198729999998, -8.490661700000043], [118.1464458, -8.515942699999965], [118.18878039999998, -8.5532949], [118.249097, -8.567217800000012], [118.287931, -8.6197267], [118.25512010000001, -8.6609097], [118.20508580000005, -8.6721294], [118.1575259, -8.653050200000031], [118.10761820000002, -8.656885500000019], [118.05790780000004, -8.663857], [118.018851, -8.6950872], [117.9820884, -8.729568499999981], [117.934825, -8.748979499999962], [117.8880261, -8.723722499999983], [117.8342622, -8.708997], [117.7853375, -8.720109900000036], [117.76517219999997, -8.668681299999989], [117.75223609999998, -8.62016270000002], [117.73763709999997, -8.571214799999968], [117.68584790000001, -8.574661400000036], [117.63754060000002, -8.56163510000004], [117.62816449999998, -8.5119596], [117.6272449, -8.449997], [117.58216349999995, -8.428155400000023], [117.58201469999999, -8.482902899999964], [117.5703861, -8.429719400000021], [117.49878290000002, -8.41370480000004], [117.4468716, -8.409256499999959], [117.40974960000003, -8.446309199999988], [117.35759490000002, -8.454640199999982], [117.309312, -8.434801200000027], [117.262164, -8.416253900000012], [117.20194890000005, -8.406263], [117.1656484, -8.368952600000043], [117.10865280000003, -8.371611400000031], [117.08128530000005, -8.416162099999966], [117.03731269999997, -8.444606], [117.0113247, -8.491744600000025], [116.9576511, -8.495728799999988], [116.91652039999998, -8.526409700000034], [116.8639719, -8.533368800000027], [116.82504690000005, -8.5718239], [116.78453020000002, -8.610269700000014], [116.75898589999998, -8.659491900000024], [116.78633839999998, -8.712695400000023], [116.78062329999997, -8.762628], [116.81054220000003, -8.806245199999982], [116.76649659999997, -8.835591299999987], [116.73452340000001, -8.881060200000043], [116.74149489999996, -8.93329469999998], [116.7374335, -8.9873647], [116.782472, -9.029428300000028], [116.8332292, -9.04587660000001], [116.8827961, -9.062174], [116.93193360000004, -9.05243980000002], [116.9734532, -9.08104850000003], [117.01650689999997, -9.109018200000015], [117.06526659999999, -9.09715470000004], [117.12699080000004, -9.085022600000045], [117.1627651, -9.04827480000002], [117.20806510000003, -9.018691099999984], [117.25688939999998, -9.0326246], [117.30881810000001, -9.04481029999998], [117.35856290000001, -9.05535340000004], [117.41094, -9.04924], [117.460877, -9.02315649999997], [117.5143574, -9.0128926], [117.56182140000003, -8.9961574], [117.60491730000003, -8.96839290000003], [117.65087380000001, -8.940371600000038], [117.6974979, -8.920310199999978], [117.75036020000002, -8.929678199999977], [117.79573459999997, -8.905357899999963], [117.8390562, -8.932132199999984], [117.88897420000002, -8.940006500000028], [117.93358720000005, -8.899558], [117.98937249999997, -8.87376820000004], [118.03752930000003, -8.856626300000045], [118.09247879999998, -8.850330400000036], [118.138254, -8.871410700000023], [118.1872916, -8.8492222], [118.22058280000002, -8.8076205], [118.25894790000001, -8.774504700000016], [118.30776040000005, -8.730911800000015], [118.34611089999999, -8.6984343], [118.39371490000005, -8.682773199999957], [118.3801921, -8.633109600000019], [118.42721290000003, -8.65115], [118.4294421, -8.717047400000041], [118.40203869999998, -8.7607642], [118.379706, -8.810152399999968], [118.41096950000004, -8.866848899999965], [118.4582663, -8.883949], [118.50900409999998, -8.8764674], [118.55834, -8.847817899999985], [118.6104851, -8.8337259], [118.65598720000004, -8.812397700000027], [118.70778650000003, -8.798331], [118.7603229, -8.799297699999972], [118.80703450000001, -8.821545500000013], [118.86335340000004, -8.838480799999967], [118.92219220000001, -8.843148399999986], [118.94767640000003, -8.794954300000043], [118.906586, -8.76601160000002], [118.84629229999997, -8.7703029], [118.79247960000002, -8.764148100000021], [118.7391587, -8.764930099999976], [118.6877265, -8.7518945], [118.73268439999995, -8.7261454], [118.7819476, -8.7033797], [118.83206340000004, -8.712628399999986], [118.8819762, -8.707825100000019], [118.93833930000002, -8.704705600000015], [118.971476, -8.748944], [119.02238029999997, -8.738982699999983], [119.07445950000002, -8.744368800000032], [119.125099, -8.747179399999968], [119.17170709999996, -8.724502799999975], [119.1579544, -8.674089], [119.1698408, -8.624946], [119.1690218, -8.5720116], [119.12673570000004, -8.600842800000027], [119.09076789999997, -8.642060599999976], [119.03756920000002, -8.64325729999996], [119.02891940000004, -8.593833599999975], [119.01803020000003, -8.5448792], [119.054348, -8.510303899999968], [119.04708359999997, -8.460057400000029], [119.021963, -8.416325499999985], [118.99108550000003, -8.3724323], [118.9984973, -8.321036199999984], [118.94533629999995, -8.294375200000012], [118.88889789999999, -8.2843403], [118.83468509999997, -8.281525], [118.78645689999996, -8.301838100000033], [118.74598870000004, -8.338449400000044], [118.71164680000004, -8.3821061], [118.7231375, -8.432598899999974], [118.70961089999999, -8.480967699999983], [118.6747421, -8.518923], [118.67965159999997, -8.468374300000011], [118.69284449999998, -8.42005889999998], [118.691878, -8.368309699999962], [118.66922150000002, -8.31789690000003], [118.62592019999998, -8.288377900000018], [118.57730290000002, -8.270663099999961], [118.52004539999997, -8.260167099999979], [118.46961530000003, -8.2456649], [118.43211620000001, -8.28046489999997], [118.38767, -8.3058288], [118.35904679999996, -8.347436], [118.30726440000004, -8.3696971], [118.26290209999998, -8.3362076], [118.22279349999997, -8.295353], [118.18079040000005, -8.2611067], [118.160443, -8.2102261], [118.14541919999998, -8.1582044], [118.10220930000004, -8.1150002], [118.04362770000003, -8.107572200000032], [117.9841301, -8.104369199999958], [117.94347279999998, -8.083458100000026]]], [[[131.0704574, -8.107819599999985], [131.02915520000002, -8.0762709], [130.9856976, -8.115467400000028], [130.94092720000003, -8.139040799999972], [130.92590259999997, -8.18910539999996], [130.8836121, -8.216890200000012], [130.82890979999996, -8.256559099999969], [130.79787719999996, -8.298335400000031], [130.75586710000002, -8.3356601], [130.8092143, -8.343351], [130.85926980000002, -8.305194], [130.89272160000002, -8.2652844], [130.93706759999998, -8.231407700000023], [130.98792, -8.23615289999998], [131.03739340000004, -8.205259], [131.08620549999998, -8.182736], [131.1394499, -8.1609008], [131.08097909999998, -8.157403099999957], [131.07530789999998, -8.107001499999974], [131.0704574, -8.107819599999985]]], [[[122.86747210000003, -8.063785299999967], [122.817536, -8.095603499999967], [122.77793540000002, -8.136187], [122.76193089999998, -8.1839759], [122.73040339999997, -8.223808], [122.78098569999999, -8.2354394], [122.81989929999997, -8.194300700000031], [122.86691869999999, -8.1736064], [122.915816, -8.18818449999997], [122.90329789999997, -8.242459299999968], [122.87221550000001, -8.2938416], [122.81729619999999, -8.299204700000015], [122.77424590000001, -8.342386500000018], [122.72399040000005, -8.3603891], [122.66900839999997, -8.389168800000032], [122.61535890000002, -8.389279500000043], [122.5818026, -8.42926090000001], [122.54327589999997, -8.464727100000044], [122.49287240000001, -8.474367099999988], [122.51516720000004, -8.526538500000033], [122.49528020000001, -8.577427700000037], [122.4418748, -8.604707300000033], [122.383398, -8.608927100000038], [122.32972329999997, -8.618606699999972], [122.27978319999997, -8.6365284], [122.23001730000001, -8.625259500000023], [122.19134530000002, -8.590905199999973], [122.13859820000005, -8.5499137], [122.0909225, -8.53239390000001], [122.04215460000002, -8.5193931], [122.015985, -8.474898], [121.96841, -8.457494399999973], [121.92370279999997, -8.489730099999967], [121.87155379999999, -8.499006799999961], [121.82011980000004, -8.50388049999998], [121.76697989999997, -8.500932], [121.71433769999996, -8.499161499999971], [121.66149350000003, -8.494291099999959], [121.61501239999998, -8.475626099999975], [121.60241180000003, -8.524032199999962], [121.581322, -8.569997100000023], [121.54064220000004, -8.600225], [121.49235620000005, -8.578098799999964], [121.44053779999999, -8.575508599999967], [121.38334519999997, -8.564120299999963], [121.3349361, -8.5374078], [121.30943589999997, -8.4868525], [121.2529417, -8.465928200000036], [121.19842819999998, -8.445582299999973], [121.14974670000004, -8.431263699999988], [121.0946385, -8.4179294], [121.04245510000004, -8.414387799999975], [120.99582249999997, -8.392554600000043], [120.97225929999998, -8.34631689999997], [120.91305269999995, -8.356702100000021], [120.85398079999996, -8.357512], [120.79490139999999, -8.34065410000003], [120.7347829, -8.34928], [120.68548339999998, -8.325969300000033], [120.64728850000004, -8.2840881], [120.60134729999999, -8.25549390000003], [120.57087780000003, -8.296339099999969], [120.52367519999996, -8.279538200000033], [120.46783180000003, -8.295646899999984], [120.44419909999998, -8.250231800000027], [120.39515719999997, -8.2833173], [120.34046049999996, -8.2872195], [120.29043820000001, -8.281209], [120.24195739999998, -8.300962499999972], [120.19140710000003, -8.32043609999998], [120.1627445, -8.369413], [120.117163, -8.39740559999996], [120.11084359999995, -8.44756719999998], [120.07568580000003, -8.4117753], [120.03195440000003, -8.382354600000038], [120.0010901, -8.4219204], [119.9594885, -8.453042500000038], [119.90812820000002, -8.475784], [119.88176029999995, -8.43036379999996], [119.8802988, -8.481104899999966], [119.86252529999997, -8.530189], [119.8197184, -8.560854899999967], [119.80793010000002, -8.611152], [119.81145589999998, -8.662149], [119.80171160000002, -8.714709799999984], [119.80079270000002, -8.764927700000044], [119.83704010000002, -8.800447399999975], [119.89071529999998, -8.8126551], [119.89965540000001, -8.863565299999973], [119.94327369999998, -8.820812799999963], [120.00590140000001, -8.817322199999985], [120.057933, -8.808060199999964], [120.127444, -8.789356499999975], [120.18315059999998, -8.803067599999967], [120.2232292, -8.836169500000043], [120.27712679999996, -8.8536061], [120.33065769999996, -8.841694899999982], [120.38528259999997, -8.8177679], [120.438129, -8.813624800000039], [120.4908965, -8.821321500000042], [120.54507369999999, -8.812278400000014], [120.59606559999996, -8.81518369999997], [120.63230859999996, -8.857270399999958], [120.69126980000003, -8.8712912], [120.74062979999998, -8.889238099999982], [120.78621169999997, -8.8471364], [120.83768550000003, -8.829390799999967], [120.86674680000002, -8.873929599999983], [120.9035659, -8.911444399999965], [120.94912490000003, -8.941325700000021], [120.99854540000001, -8.9535756], [121.05170050000001, -8.946645299999986], [121.09718429999997, -8.919957800000041], [121.14937420000004, -8.898062899999978], [121.19965580000004, -8.894572800000041], [121.25369049999998, -8.8918673], [121.3062931, -8.907969899999987], [121.3564311, -8.891046200000016], [121.368968, -8.839048599999963], [121.38822849999998, -8.7888823], [121.46253289999999, -8.79937140000003], [121.545608, -8.80983220000003], [121.5974101, -8.81440639999996], [121.64124610000003, -8.839882500000037], [121.62510050000004, -8.893370500000039], [121.66135549999998, -8.855294], [121.72316320000002, -8.863178], [121.769747, -8.8825347], [121.81967410000001, -8.86645990000002], [121.85980730000003, -8.835655599999978], [121.9111535, -8.830662899999972], [121.96026860000003, -8.81679150000004], [122.00891650000004, -8.798609499999962], [122.05276609999996, -8.767685599999972], [122.09598640000004, -8.7363314], [122.14671120000003, -8.728082300000025], [122.19441559999996, -8.749113799999972], [122.24556750000002, -8.743529599999963], [122.3006578, -8.74598049999998], [122.362244, -8.74690320000003], [122.4160398, -8.741083199999963], [122.46705640000005, -8.733423299999984], [122.51397030000003, -8.714853699999988], [122.55225830000003, -8.6783823], [122.60434979999995, -8.64911119999999], [122.6544795, -8.636972], [122.71175209999997, -8.625701700000018], [122.77041289999995, -8.608292700000039], [122.83179160000003, -8.58948880000002], [122.83895790000003, -8.531154699999973], [122.80179349999999, -8.496737300000031], [122.779571, -8.4512107], [122.825668, -8.42829050000001], [122.87251989999997, -8.4547316], [122.89052860000001, -8.40408130000004], [122.902165, -8.349174399999967], [122.9545803, -8.3477932], [123.00870759999997, -8.325211599999957], [123.00394359999996, -8.274056299999963], [122.97968310000002, -8.228170200000026], [122.9704115, -8.178783099999961], [122.96136050000003, -8.127738599999986], [122.9072989, -8.0949898], [122.86747210000003, -8.063785299999967]]], [[[115.18947670000003, -8.063857900000023], [115.1313007, -8.078313100000031], [115.0846946, -8.104647200000045], [115.04876589999998, -8.1435207], [115.0057272, -8.172576699999986], [114.93582990000004, -8.18331639999997], [114.8760574, -8.195295099999974], [114.8221519, -8.191956599999969], [114.76732880000003, -8.173262399999967], [114.7159841, -8.155924], [114.66642650000003, -8.145942099999978], [114.61716279999996, -8.1228213], [114.56116179999997, -8.132135199999965], [114.51253750000004, -8.151316500000036], [114.49634059999998, -8.099687700000032], [114.43905459999998, -8.09454819999996], [114.44447080000003, -8.14849730000001], [114.4429075, -8.2036222], [114.47212969999997, -8.253775200000021], [114.51794179999999, -8.307138600000016], [114.54686640000003, -8.35540320000002], [114.58138010000003, -8.391770900000036], [114.6340776, -8.407419799999957], [114.71454859999997, -8.3961363], [114.79761549999996, -8.412235], [114.8518961, -8.4397344], [114.90374640000003, -8.4594989], [114.94667529999998, -8.485294599999968], [114.98768089999996, -8.51859170000003], [115.02957049999998, -8.55856050000002], [115.0801529, -8.6037343], [115.11137040000004, -8.645612599999971], [115.15955049999998, -8.694495399999965], [115.15935629999998, -8.7466301], [115.13070870000004, -8.789864099999964], [115.08505919999996, -8.8211772], [115.170299, -8.8489462], [115.2184737, -8.8319214], [115.2265995, -8.777815699999966], [115.17971289999996, -8.7585175], [115.2098679, -8.71815649999997], [115.26346829999999, -8.706754800000013], [115.2761901, -8.648468], [115.32147859999998, -8.613377], [115.363778, -8.576563899999975], [115.44348929999998, -8.571841400000032], [115.50788769999997, -8.541294], [115.5377933, -8.50055340000003], [115.592662, -8.509874399999958], [115.63131080000002, -8.4717739], [115.67985260000005, -8.4389958], [115.7093408, -8.39564119999999], [115.6827236, -8.350191900000045], [115.634179, -8.326518800000024], [115.6038184, -8.2853763], [115.564845, -8.23985929999996], [115.50824370000002, -8.204847400000034], [115.4594863, -8.1705759], [115.40508329999997, -8.143534399999982], [115.34495040000004, -8.118931], [115.29419019999996, -8.1046048], [115.24370460000004, -8.08317389999996], [115.18947670000003, -8.063857900000023]]], [[[131.21087289999997, -8.049802], [131.21087289999997, -8.049802]]], [[[131.28394939999998, -8.0344869], [131.28394939999998, -8.0344869]]], [[[127.18254, -8.014169], [127.1372055, -8.035352899999978], [127.14782030000003, -8.088738], [127.20903859999999, -8.10678630000002], [127.21502470000001, -8.034152200000019], [127.18254, -8.014169]]], [[[131.10549080000004, -8.045056], [131.10549080000004, -8.045056]]], [[[125.73026889999997, -7.968446100000011], [125.73204119999997, -8.02175549999998], [125.73594309999996, -7.967121099999981], [125.73026889999997, -7.968446100000011]]], [[[125.74652839999996, -7.966278499999986], [125.74652839999996, -7.966278499999986]]], [[[138.9177285, -7.89727310000002], [138.9177285, -7.89727310000002]]], [[[129.52108690000003, -7.843581799999984], [129.52128120000003, -7.8959129], [129.53983930000004, -7.950926799999965], [129.5701636, -7.9084808], [129.54286959999996, -7.859220799999973], [129.52108690000003, -7.843581799999984]]], [[[129.68773840000003, -7.789723800000011], [129.635539, -7.798182800000027], [129.59215710000004, -7.828794], [129.58698569999999, -7.883875300000017], [129.61358349999998, -7.931992099999959], [129.6483703, -7.9680004], [129.6854161, -8.021947200000032], [129.73550250000002, -8.0511597], [129.7921289, -8.0438367], [129.81479329999996, -7.996233700000029], [129.83951670000002, -7.946434299999956], [129.866052, -7.9002389], [129.8465604, -7.850141599999978], [129.78677510000003, -7.812364499999965], [129.7314307, -7.7957081], [129.68773840000003, -7.789723800000011]]], [[[123.5927175, -7.7789623], [123.5927175, -7.7789623]]], [[[130.07171990000006, -7.7530986], [130.07171990000006, -7.7530986]]], [[[130.95140840000002, -7.7447933], [130.95140840000002, -7.7447933]]], [[[131.087443, -7.748623600000022], [131.087443, -7.748623600000022]]], [[[130.00491349999996, -7.697327], [130.0262168, -7.744962300000043], [130.00491349999996, -7.697327]]], [[[125.925969, -7.6591703], [125.925969, -7.6591703]]], [[[131.11387880000004, -7.675817099999967], [131.0658136, -7.647405500000011], [131.0071054, -7.67615729999996], [130.96350339999998, -7.7260004], [131.01706180000002, -7.7260004], [131.0781732, -7.707118600000025], [131.11387880000004, -7.675817099999967]]], [[[117.44945619999999, -7.577878799999989], [117.44945619999999, -7.577878799999989]]], [[[126.62012150000001, -7.557310800000024], [126.57097739999998, -7.575070599999985], [126.51878560000002, -7.5836627], [126.46789110000002, -7.591096099999979], [126.42969970000001, -7.632595], [126.37929089999996, -7.637852399999974], [126.34500309999999, -7.674447], [126.29706840000003, -7.692089], [126.2440085, -7.68810340000002], [126.1963342, -7.7150898], [126.14566919999997, -7.72544], [126.09545189999997, -7.7079792], [126.0462571, -7.692837500000034], [125.99574449999997, -7.677126500000038], [125.9471591, -7.6631454], [125.92566539999999, -7.70912280000003], [125.8961497, -7.752580500000035], [125.87619749999999, -7.7985484], [125.83708919999998, -7.8376942], [125.81896279999997, -7.887512899999989], [125.82244570000002, -7.94388120000001], [125.7952335, -7.987325499999971], [125.850496, -7.985016300000043], [125.89595920000004, -7.948653299999971], [125.94149109999998, -7.923230300000024], [125.99045649999996, -7.909364600000031], [126.05596370000004, -7.8919293], [126.107332, -7.894734400000021], [126.16519209999998, -7.911610400000042], [126.22460730000003, -7.928876199999986], [126.28538060000002, -7.9174311], [126.343465, -7.922440699999973], [126.40387040000002, -7.928745], [126.4628758, -7.974310099999989], [126.4963201, -7.934076500000027], [126.51418170000002, -7.884988800000044], [126.54392280000002, -7.83519569999996], [126.5943244, -7.806637599999962], [126.6359367, -7.7786661], [126.6905539, -7.756556], [126.74484229999996, -7.746929600000015], [126.8016757, -7.744521399999978], [126.83134190000004, -7.701006799999973], [126.80833570000004, -7.654776100000034], [126.75047750000002, -7.657955099999987], [126.69969360000002, -7.642230799999957], [126.6567339, -7.61302090000003], [126.63635210000001, -7.563195400000018], [126.62012150000001, -7.557310800000024]]], [[[127.5894693, -7.550311], [127.5985978, -7.602659299999977], [127.5894693, -7.550311]]], [[[129.6740473, -7.527241], [129.71059420000003, -7.569460300000038], [129.6760597, -7.532681799999959], [129.6740473, -7.527241]]], [[[127.5456423, -7.526714400000041], [127.5456423, -7.526714400000041]]], [[[117.29905640000003, -7.526705700000032], [117.29905640000003, -7.526705700000032]]], [[[131.15439090000004, -7.543610899999982], [131.15439090000004, -7.543610899999982]]], [[[117.43378660000005, -7.5392251], [117.43378660000005, -7.5392251]]], [[[127.29417849999999, -7.511377], [127.29417849999999, -7.511377]]], [[[130.8595378, -7.501066599999969], [130.83329530000003, -7.55259769999997], [130.880591, -7.5718591], [130.9324327, -7.566584], [130.98238620000004, -7.562670099999987], [130.97793919999998, -7.507951200000014], [130.91441769999997, -7.521165700000039], [130.8595378, -7.501066599999969]]], [[[127.3864345, -7.4918825], [127.35679250000004, -7.546663200000022], [127.34085470000002, -7.595050200000027], [127.337045, -7.645286600000019], [127.38766380000003, -7.647540399999982], [127.40958890000002, -7.5997065], [127.46148410000004, -7.590983800000013], [127.48798440000003, -7.5463634], [127.4379686, -7.5224781], [127.38869589999999, -7.508899300000034], [127.3864345, -7.4918825]]], [[[117.18251949999997, -7.5045041], [117.18251949999997, -7.5045041]]], [[[130.8282553, -7.483895899999989], [130.8282553, -7.483895899999989]]], [[[117.48193430000005, -7.481872299999977], [117.48193430000005, -7.481872299999977]]], [[[131.16144049999997, -7.405572399999978], [131.08850240000004, -7.41914480000004], [131.03663119999996, -7.424641800000027], [130.98221450000003, -7.436557200000034], [130.97002660000004, -7.489832], [131.03497560000002, -7.496759899999968], [131.08565169999997, -7.493037], [131.13221669999996, -7.467271700000018], [131.170133, -7.4237054], [131.16144049999997, -7.405572399999978]]], [[[131.18413009999998, -7.399318], [131.18413009999998, -7.399318]]], [[[131.32965719999999, -7.398937499999987], [131.32965719999999, -7.398937499999987]]], [[[138.6750168, -7.367071699999957], [138.55296569999996, -7.387845299999969], [138.44619240000003, -7.400102099999979], [138.3214517, -7.42756270000003], [138.22598190000002, -7.466505599999958], [138.14794240000003, -7.514234100000013], [138.0897865, -7.564820600000018], [138.0346745, -7.616225100000025], [137.981476, -7.691329100000018], [137.9559293, -7.736934900000032], [137.91459530000003, -7.776942699999963], [137.8849343, -7.825857], [137.85890909999998, -7.8796939], [137.82934380000003, -7.929922799999985], [137.80146249999999, -7.993657300000019], [137.7965636, -8.04876070000001], [137.7528567, -8.096809], [137.7058781, -8.167964099999988], [137.67983129999996, -8.247637699999974], [137.63990339999998, -8.42065789999998], [137.691054, -8.4197468], [137.75697189999997, -8.401237], [137.86305870000004, -8.383405500000038], [137.9504343, -8.384084800000021], [138.00570929999998, -8.38578310000003], [138.0762621, -8.387311500000013], [138.20723970000003, -8.384424499999973], [138.26577630000003, -8.386802], [138.3188196, -8.372366599999989], [138.3900591, -8.365743099999964], [138.44653570000003, -8.348419600000042], [138.48979429999997, -8.3195453], [138.55226149999996, -8.288671299999958], [138.61491789999997, -8.249769499999967], [138.65319830000004, -8.20474740000002], [138.67894760000001, -8.150034500000011], [138.7338792, -8.1539428], [138.7965356, -8.138649199999989], [138.82159820000004, -8.0842671], [138.89678580000003, -8.075599300000022], [138.89043440000006, -8.02188859999998], [138.90296560000002, -7.973101], [138.89094940000004, -7.923457399999985], [138.925625, -7.879249199999967], [138.97626510000003, -7.863435099999967], [138.9906846, -7.7807839], [139.0032159, -7.727034899999981], [139.03377159999997, -7.683996699999958], [139.04012309999996, -7.630916], [139.08321010000003, -7.5859964], [139.02228789999998, -7.557538], [138.95930290000007, -7.552089500000021], [138.91242470000003, -7.5233325], [138.87277089999998, -7.449296299999982], [138.8257357, -7.4016342], [138.77852880000003, -7.377631], [138.7199923, -7.369459399999985], [138.6750168, -7.367071699999957]]], [[[128.55420260000002, -7.354243], [128.55420260000002, -7.354243]]], [[[121.81967080000001, -7.3303579], [121.7700642, -7.344659], [121.74450609999997, -7.390209099999974], [121.78914630000003, -7.41812619999996], [121.829342, -7.383480599999966], [121.81967080000001, -7.3303579]]], [[[113.20489730000001, -7.306682499999957], [113.20489730000001, -7.306682499999957]]], [[[131.26031619999998, -7.313816600000041], [131.22563040000003, -7.351610500000024], [131.26954, -7.380074799999988], [131.3024163, -7.3392526], [131.26031619999998, -7.313816600000041]]], [[[121.10264419999999, -7.318886200000015], [121.07337680000002, -7.369583500000039], [121.12327689999998, -7.383518900000026], [121.16739349999997, -7.357290599999973], [121.12881760000003, -7.3238915], [121.10264419999999, -7.318886200000015]]], [[[128.56821479999996, -7.28349120000001], [128.56821479999996, -7.28349120000001]]], [[[121.759453, -7.2606041], [121.759453, -7.2606041]]], [[[120.84022650000004, -7.260123699999961], [120.87406719999996, -7.305884700000028], [120.931344, -7.307439200000039], [120.986735, -7.327271399999964], [121.05151080000005, -7.32704140000003], [121.00886049999995, -7.284341600000029], [120.9544317, -7.280620900000019], [120.9013119, -7.27342150000004], [120.85181, -7.265718200000022], [120.84022650000004, -7.260123699999961]]], [[[131.47139610000002, -7.234020400000037], [131.47139610000002, -7.234020400000037]]], [[[139.0514226, -7.236376], [139.0514226, -7.236376]]], [[[139.167294, -7.219346300000036], [139.167294, -7.219346300000036]]], [[[113.75563, -7.205780299999971], [113.7968106, -7.235401099999968], [113.75563, -7.205780299999971]]], [[[131.3961564, -7.2172773], [131.3961564, -7.2172773]]], [[[139.01588870000006, -7.226498899999963], [138.97108510000007, -7.19431139999996], [139.0090222, -7.227691], [139.01588870000006, -7.226498899999963]]], [[[113.92742110000003, -7.176646899999979], [113.88103449999998, -7.20011459999997], [113.93094840000003, -7.204045499999963], [113.92742110000003, -7.176646899999979]]], [[[131.49202680000002, -7.199311300000029], [131.49202680000002, -7.199311300000029]]], [[[114.6847231, -7.1622533], [114.6847231, -7.1622533]]], [[[138.79702040000006, -7.163314], [138.79702040000006, -7.163314]]], [[[115.80566850000002, -7.1576267], [115.7558814, -7.150535600000015], [115.7947532, -7.186724399999973], [115.87600980000005, -7.2030402], [115.8381679, -7.164411599999972], [115.80566850000002, -7.1576267]]], [[[114.49821420000002, -7.136553100000039], [114.49821420000002, -7.136553100000039]]], [[[114.5512168, -7.130382299999989], [114.58932790000003, -7.1630884], [114.5512168, -7.130382299999989]]], [[[131.6561823, -7.118741100000022], [131.6060401, -7.125146300000014], [131.550461, -7.149402499999964], [131.52167450000002, -7.195469200000011], [131.48792070000002, -7.235604600000019], [131.45611580000002, -7.281725799999957], [131.44658259999994, -7.334088899999965], [131.3884107, -7.347025299999983], [131.37856789999998, -7.4004728], [131.34266079999998, -7.4444992], [131.28987550000002, -7.437172300000035], [131.24980179999997, -7.471009500000021], [131.22764149999998, -7.517180700000011], [131.20439990000006, -7.562939299999967], [131.17265220000002, -7.642975700000039], [131.1798281, -7.694504600000037], [131.23759569999999, -7.711695199999975], [131.181828, -7.724788900000042], [131.13874239999996, -7.695822199999987], [131.1056233, -7.738914499999956], [131.14756649999998, -7.767005400000023], [131.14399310000002, -7.828412400000036], [131.09341310000002, -7.834893900000035], [131.0852009, -7.885032500000018], [131.1141029, -7.937502299999973], [131.10282010000003, -7.996223199999959], [131.15300810000002, -7.995557], [131.2029115, -8.003222399999984], [131.25531570000004, -7.9790076], [131.28483140000003, -7.924489699999955], [131.29620580000005, -7.981512599999959], [131.33724509999996, -7.952593500000023], [131.36154980000003, -7.908194], [131.37538169999996, -7.857682200000034], [131.41709020000002, -7.828670499999986], [131.46261909999998, -7.8051577], [131.48392919999998, -7.754423799999961], [131.52905389999995, -7.730257499999989], [131.56981140000002, -7.6926589], [131.5997777, -7.650106600000036], [131.629534, -7.606587899999957], [131.6463787, -7.5582916], [131.667252, -7.511700099999959], [131.67010750000003, -7.4585197], [131.7063, -7.42222], [131.65724190000003, -7.4033786], [131.6521995, -7.35288560000001], [131.63628820000002, -7.29968960000001], [131.64893780000003, -7.249688699999964], [131.69569870000004, -7.231842], [131.74680919999997, -7.211323100000018], [131.71627350000006, -7.170746700000026], [131.6660817, -7.174098499999977], [131.65953, -7.121744], [131.6561823, -7.118741100000022]]], [[[138.7633748, -7.167742300000042], [138.71822780000002, -7.116813799999984], [138.75050020000003, -7.167912600000011], [138.7633748, -7.167742300000042]]], [[[114.781332, -7.1154443], [114.781332, -7.1154443]]], [[[131.923567, -7.109087], [131.86313039999996, -7.1107082], [131.81317830000003, -7.114381800000021], [131.76195840000003, -7.118853199999971], [131.71368649999997, -7.1547724], [131.7587375, -7.1819242], [131.80854, -7.1754042], [131.8721006, -7.1677601], [131.90392379999997, -7.2163229], [131.944678, -7.247328299999974], [131.98663190000002, -7.213514699999986], [131.9572512, -7.166680500000029], [131.933174, -7.116829300000023], [131.923567, -7.109087]]], [[[115.90670419999996, -7.102716500000013], [115.8976824, -7.152443400000037], [115.90670419999996, -7.102716500000013]]], [[[131.44945749999997, -7.101601300000023], [131.44945749999997, -7.101601300000023]]], [[[115.76379430000004, -7.0866349], [115.76379430000004, -7.0866349]]], [[[120.56106310000001, -7.0732521], [120.61151120000002, -7.090128], [120.56371719999997, -7.073908], [120.56106310000001, -7.0732521]]], [[[118.17022320000004, -7.08603249999998], [118.17022320000004, -7.08603249999998]]], [[[131.43706569999998, -7.07225940000001], [131.43706569999998, -7.07225940000001]]], [[[134.49563750000002, -7.0645863], [134.49563750000002, -7.0645863]]], [[[128.61203539999997, -7.062336500000018], [128.56891239999996, -7.091172600000013], [128.5288777, -7.1236165], [128.561357, -7.166185600000026], [128.6183647, -7.209933599999981], [128.6658766, -7.191796], [128.65520380000004, -7.138165], [128.701182, -7.116575900000018], [128.6521623, -7.096882899999975], [128.61203539999997, -7.062336500000018]]], [[[115.69394880000002, -7.05899380000002], [115.69394880000002, -7.05899380000002]]], [[[120.55012390000005, -7.056240400000021], [120.55012390000005, -7.056240400000021]]], [[[113.95139430000002, -7.055350899999964], [113.97694030000001, -7.100375], [114.045992, -7.1130087], [114.01482489999995, -7.069683300000025], [113.96358990000002, -7.068276399999969], [113.95139430000002, -7.055350899999964]]], [[[114.32974450000003, -7.055234099999981], [114.27514829999998, -7.0831603], [114.29543040000001, -7.14327830000004], [114.34417859999998, -7.171603599999961], [114.40529630000003, -7.170922800000031], [114.38005439999998, -7.1205581], [114.35006580000001, -7.06964340000001], [114.32974450000003, -7.055234099999981]]], [[[115.66123550000003, -7.0407308], [115.66123550000003, -7.0407308]]], [[[115.63530239999997, -7.042460099999988], [115.63530239999997, -7.042460099999988]]], [[[115.6050033, -7.037989099999982], [115.6050033, -7.037989099999982]]], [[[105.53862430000004, -7.0219443], [105.53862430000004, -7.0219443]]], [[[134.68710070000003, -7.022071699999962], [134.68710070000003, -7.022071699999962]]], [[[120.63317059999997, -7.0011226], [120.62679979999999, -7.052145400000039], [120.63506739999997, -7.10366230000002], [120.66570860000002, -7.144639300000029], [120.716075, -7.129692899999969], [120.76792419999995, -7.127756900000011], [120.78468920000003, -7.0737373], [120.72746320000002, -7.068952799999979], [120.68038160000002, -7.047211199999988], [120.6406058, -7.009403], [120.63317059999997, -7.0011226]]], [[[115.53496760000004, -6.995250200000032], [115.53496760000004, -6.995250200000032]]], [[[105.55363379999999, -6.9965594], [105.55363379999999, -6.9965594]]], [[[132.00459739999997, -6.9879397], [131.9548178, -7.016873900000038], [131.91254369999996, -7.053498900000029], [131.96335549999998, -7.051284200000015], [131.9887613, -7.006987699999974], [132.00459739999997, -6.9879397]]], [[[115.43235930000003, -6.979456600000041], [115.476766, -7.005889699999986], [115.43235930000003, -6.979456600000041]]], [[[115.2477209, -6.971591499999959], [115.2477209, -6.971591499999959]]], [[[114.18605039999997, -6.9705798], [114.18605039999997, -6.9705798]]], [[[129.14748719999997, -6.951358900000034], [129.14748719999997, -6.951358900000034]]], [[[115.9140279, -6.949106199999984], [115.9140279, -6.949106199999984]]], [[[105.8144045, -6.950037], [105.76670370000002, -6.965970899999959], [105.8169959, -6.956734800000038], [105.8144045, -6.950037]]], [[[115.58955120000002, -6.943096799999966], [115.60590779999995, -6.9940476], [115.66083329999998, -7.000908300000027], [115.61401249999997, -6.957344500000036], [115.58955120000002, -6.943096799999966]]], [[[115.88101979999996, -6.944647500000019], [115.88101979999996, -6.944647500000019]]], [[[115.7902416, -6.9366919], [115.7902416, -6.9366919]]], [[[134.5134149, -6.934816399999984], [134.5134149, -6.934816399999984]]], [[[116.2517465, -6.928363300000025], [116.2517465, -6.928363300000025]]], [[[134.54830230000002, -6.910009300000016], [134.54830230000002, -6.910009300000016]]], [[[131.49253270000003, -6.868514299999958], [131.45743270000003, -6.9137502], [131.5055, -6.898], [131.49253270000003, -6.868514299999958]]], [[[113.90967719999996, -6.863416], [113.83795220000005, -6.876092600000024], [113.77681130000002, -6.884549], [113.6818825, -6.882333500000011], [113.6254059, -6.890002500000032], [113.5708176, -6.892899700000028], [113.51342490000003, -6.895162799999961], [113.46292010000003, -6.891515900000019], [113.40713580000002, -6.886735099999959], [113.35624409999998, -6.890146499999957], [113.29543140000003, -6.889109400000033], [113.2268074, -6.8907245], [113.1677342, -6.890108700000027], [113.1163525, -6.894904], [113.06359829999997, -6.881934500000038], [113.0113732, -6.880629299999959], [112.9600447, -6.889134599999987], [112.9077022, -6.8932376], [112.849593, -6.8967703], [112.8170072, -6.938278199999977], [112.78065549999997, -6.992424199999976], [112.7318976, -7.030942400000025], [112.679674, -7.037017100000027], [112.68511739999998, -7.088593799999983], [112.69201820000004, -7.146628200000012], [112.7384145, -7.1713637], [112.7894796, -7.159970899999986], [112.84515729999998, -7.1657215], [112.8952224, -7.178112099999974], [112.9541064, -7.193950600000039], [113.00797590000003, -7.2062842], [113.07423890000001, -7.224089099999971], [113.1322693, -7.222612199999985], [113.2204568, -7.220333299999989], [113.2769333, -7.2153945], [113.34851609999997, -7.2153945], [113.41151589999997, -7.217949], [113.47014989999995, -7.221589800000035], [113.50984749999998, -7.2540333], [113.56103289999997, -7.209944800000019], [113.57425090000002, -7.1610649], [113.6396538, -7.124273800000032], [113.72084969999999, -7.114223900000012], [113.7711465, -7.123762800000029], [113.88904349999999, -7.1336308], [113.87649340000004, -7.079499], [113.91274930000004, -7.044891099999957], [113.9754235, -7.021890499999979], [114.02606360000001, -7.008498800000036], [114.0912949, -6.980828599999962], [113.96632539999996, -6.872619199999959], [113.90967719999996, -6.863416]]], [[[134.75976690000002, -6.861720399999956], [134.70406070000007, -6.872680300000041], [134.75604660000005, -6.8695529], [134.75976690000002, -6.861720399999956]]], [[[134.6768791, -6.847998200000023], [134.62689009999997, -6.871818699999984], [134.6840133, -6.856328200000024], [134.6768791, -6.847998200000023]]], [[[119.107889, -6.838999300000011], [119.107889, -6.838999300000011]]], [[[115.24618940000002, -6.82714850000002], [115.2422442, -6.883440600000042], [115.20995979999998, -6.932023800000027], [115.2602138, -6.940714400000021], [115.266207, -6.994079299999963], [115.29550009999998, -6.952954399999974], [115.33950040000003, -6.981458300000017], [115.39182810000004, -6.990272500000024], [115.35532940000002, -6.9539391], [115.32309839999998, -6.915428300000033], [115.36920610000004, -6.893425700000029], [115.40675970000004, -6.932955600000031], [115.45110659999997, -6.9083699], [115.50030690000004, -6.9355605], [115.5466762, -6.9625547], [115.5636304, -6.914602800000032], [115.51796749999997, -6.8810431], [115.43936619999998, -6.8474333], [115.35032769999998, -6.834216499999964], [115.29825160000001, -6.83236069999998], [115.24618940000002, -6.82714850000002]]], [[[119.172623, -6.842991500000013], [119.172623, -6.842991500000013]]], [[[131.537, -6.8105], [131.537, -6.8105]]], [[[138.8067472, -6.831848], [138.8067472, -6.831848]]], [[[120.80090409999998, -6.789127], [120.79347290000001, -6.8640621], [120.810082, -6.8113244], [120.80090409999998, -6.789127]]], [[[138.7957609, -6.837131700000028], [138.758682, -6.7805421], [138.705513, -6.8001992], [138.66770150000005, -6.842926699999981], [138.72347680000001, -6.8836301], [138.77292990000004, -6.846165], [138.7957609, -6.837131700000028]]], [[[134.53043419999997, -6.759622], [134.53043419999997, -6.759622]]], [[[134.5392549, -6.749792899999981], [134.5392549, -6.749792899999981]]], [[[138.67594130000003, -6.7539495], [138.6174047, -6.73741359999996], [138.6364591, -6.8020197], [138.67760410000005, -6.836365599999968], [138.71199019999997, -6.796735600000033], [138.67594130000003, -6.7539495]]], [[[105.24954020000001, -6.726377100000021], [105.24954020000001, -6.726377100000021]]], [[[134.50722909999996, -6.717762700000026], [134.4784772, -6.761496599999968], [134.53008959999997, -6.748359500000041], [134.50722909999996, -6.717762700000026]]], [[[129.5321334, -6.7125496], [129.48604139999998, -6.75192989999996], [129.531132, -6.729783100000016], [129.5321334, -6.7125496]]], [[[134.4954829, -6.683954200000016], [134.4954829, -6.683954200000016]]], [[[131.581, -6.66925], [131.556, -6.71375], [131.521, -6.75], [131.52825, -6.804], [131.575, -6.7855], [131.56125, -6.73625], [131.60875, -6.71125], [131.581, -6.66925]]], [[[134.51781039999997, -6.6692929], [134.51781039999997, -6.6692929]]], [[[120.43641520000004, -6.685599800000015], [120.43641520000004, -6.685599800000015]]], [[[138.86648540000004, -6.8035537], [138.82099509999998, -6.7771329], [138.82305509999998, -6.708943300000032], [138.78425959999998, -6.675697400000032], [138.73826509999998, -6.652163199999957], [138.6938051, -6.626856400000032], [138.66976149999996, -6.690019], [138.71782659999997, -6.732981200000039], [138.78975280000003, -6.780030699999958], [138.83180980000003, -6.8250303], [138.8850248, -6.819576], [138.94132980000003, -6.827246100000013], [138.9121473, -6.7863377], [138.86648540000004, -6.8035537]]], [[[134.77046280000002, -6.599652900000026], [134.77046280000002, -6.599652900000026]]], [[[134.59353420000002, -6.6295815], [134.59353420000002, -6.6295815]]], [[[118.86642550000002, -6.591851599999983], [118.86642550000002, -6.591851599999983]]], [[[120.43605630000002, -6.5807705], [120.4262137, -6.641246399999974], [120.43971260000002, -6.583934799999976], [120.43605630000002, -6.5807705]]], [[[134.7188374, -6.584168799999975], [134.68049160000004, -6.624829], [134.66147770000003, -6.683746399999964], [134.63574419999998, -6.7286387], [134.6537204, -6.779674499999973], [134.696535, -6.744490700000035], [134.7341284, -6.7034521], [134.73748489999997, -6.651815599999973], [134.74330289999997, -6.6017297], [134.7188374, -6.584168799999975]]], [[[118.83981519999998, -6.57313950000001], [118.83981519999998, -6.57313950000001]]], [[[134.73050790000002, -6.5691879], [134.73050790000002, -6.5691879]]], [[[105.26206860000003, -6.522183900000019], [105.21335520000002, -6.5372894], [105.16541180000004, -6.552002799999975], [105.1257206, -6.587850500000044], [105.17599050000003, -6.578038299999974], [105.1918655, -6.630626300000027], [105.1826017, -6.679871900000019], [105.21662280000002, -6.64273319999998], [105.25489440000001, -6.607652799999982], [105.24455659999997, -6.556868799999978], [105.26206860000003, -6.522183900000019]]], [[[134.57545980000003, -6.546955299999964], [134.57545980000003, -6.546955299999964]]], [[[134.7608948, -6.4993964], [134.7608948, -6.4993964]]], [[[134.82771780000002, -6.48236420000002], [134.78686250000004, -6.514239200000012], [134.81081720000003, -6.562447200000039], [134.83806460000002, -6.512330800000028], [134.82771780000002, -6.48236420000002]]], [[[134.5821214, -6.48557119999998], [134.55340619999998, -6.529654100000022], [134.5821214, -6.48557119999998]]], [[[120.42849339999998, -6.4687859], [120.42849339999998, -6.4687859]]], [[[134.64307880000004, -6.456536], [134.5862163, -6.477633799999956], [134.64250159999997, -6.465760699999985], [134.64307880000004, -6.456536]]], [[[134.70099790000003, -6.4527539], [134.6532944, -6.472558200000019], [134.6670839, -6.523152200000022], [134.70616220000002, -6.557168099999962], [134.75571849999997, -6.541709200000041], [134.744724, -6.488664599999956], [134.7026783, -6.450589499999977], [134.70099790000003, -6.4527539]]], [[[134.77218309999998, -6.430172499999983], [134.77218309999998, -6.430172499999983]]], [[[134.3574668, -6.3939459], [134.3574668, -6.3939459]]], [[[134.77900260000004, -6.366950499999986], [134.7742477, -6.418107600000041], [134.77900260000004, -6.366950499999986]]], [[[134.74884910000003, -6.429830600000026], [134.7567783, -6.380419500000019], [134.72822409999998, -6.424796100000026], [134.74884910000003, -6.429830600000026]]], [[[134.33599019999997, -6.3521972], [134.33599019999997, -6.3521972]]], [[[130.00720239999998, -6.298027], [130.00720239999998, -6.298027]]], [[[134.80163429999996, -6.358266], [134.83424530000002, -6.307480600000022], [134.7869519, -6.334553300000041], [134.80163429999996, -6.358266]]], [[[134.8692504, -6.282652800000029], [134.8472166, -6.334479299999958], [134.80186929999996, -6.375171799999964], [134.80550209999998, -6.427586599999986], [134.83373049999997, -6.471155699999971], [134.86103340000003, -6.427241799999968], [134.89265449999996, -6.365082300000043], [134.9079495, -6.3146488], [134.8692504, -6.282652800000029]]], [[[134.86669739999996, -6.1884056], [134.86669739999996, -6.1884056]]], [[[122.69187670000002, -6.178777], [122.69187670000002, -6.178777]]], [[[134.1214867, -6.164379299999985], [134.1168518, -6.229570799999958], [134.1338463, -6.302261700000041], [134.13006969999998, -6.356005399999971], [134.1168518, -6.417931699999964], [134.1412277, -6.463476], [134.1904945, -6.4380604], [134.21607210000002, -6.489402], [134.21538539999995, -6.54551359999996], [134.23546979999998, -6.593945300000022], [134.26001740000004, -6.637768499999981], [134.23358150000004, -6.588829499999956], [134.207489, -6.539374100000013], [134.2021675, -6.4856497], [134.1619987, -6.520443299999974], [134.13521960000003, -6.4757569], [134.0912743, -6.635040400000032], [134.078743, -6.703922199999986], [134.05951690000006, -6.7559182], [134.06981659999997, -6.826316899999958], [134.12450050000007, -6.846782499999978], [134.18034130000004, -6.847574799999985], [134.17092510000003, -6.904374099999962], [134.23581310000003, -6.8970461], [134.31632229999997, -6.865006200000042], [134.36524579999997, -6.822908], [134.38069529999999, -6.766487199999978], [134.4091911, -6.723698399999985], [134.44283680000004, -6.681758299999959], [134.490387, -6.659252399999967], [134.5163078, -6.611338700000043], [134.48351539999996, -6.5731588], [134.50514980000003, -6.522831], [134.479229, -6.4776332], [134.44781489999997, -6.437207500000038], [134.4078354, -6.400074500000026], [134.35305789999995, -6.397461], [134.324523, -6.344759], [134.30343659999997, -6.291387400000022], [134.251732, -6.2603623], [134.2197086, -6.2213872], [134.16639050000003, -6.20852], [134.13539120000002, -6.167963299999964], [134.1214867, -6.164379299999985]]], [[[134.888439, -6.1395313], [134.888439, -6.1395313]]], [[[105.44973910000002, -6.136255500000039], [105.44973910000002, -6.136255500000039]]], [[[134.2867896, -6.137948799999989], [134.2867896, -6.137948799999989]]], [[[124.60994319999998, -6.11313430000003], [124.60994319999998, -6.11313430000003]]], [[[120.4292151, -6.105519300000036], [120.40068539999996, -6.160026900000022], [120.415701, -6.208985900000015], [120.4166, -6.155578799999957], [120.43233490000003, -6.106119699999975], [120.4292151, -6.105519300000036]]], [[[105.4345054, -6.102042], [105.4345054, -6.102042]]], [[[105.453876, -6.080158099999962], [105.453876, -6.080158099999962]]], [[[106.755188, -6.0855645], [106.755188, -6.0855645]]], [[[105.4024908, -6.072727699999965], [105.36091090000002, -6.103129099999978], [105.403741, -6.073941500000031], [105.4024908, -6.072727699999965]]], [[[132.4676638, -6.010638299999978], [132.4676638, -6.010638299999978]]], [[[134.85964770000004, -5.950420599999958], [134.85964770000004, -5.950420599999958]]], [[[105.860176, -5.943942399999965], [105.860176, -5.943942399999965]]], [[[105.51174480000002, -5.9373251], [105.4637311, -5.95603790000004], [105.51626110000004, -5.9469088], [105.51174480000002, -5.9373251]]], [[[106.15105149999995, -5.91918209999996], [106.15105149999995, -5.91918209999996]]], [[[134.59510950000004, -5.942935200000028], [134.53571459999998, -5.9190312], [134.48747779999997, -5.9612039], [134.45048520000003, -5.995678399999956], [134.389677, -6.022247200000026], [134.328691, -6.02420080000002], [134.2830209, -6.044655600000033], [134.27212279999998, -6.101731199999956], [134.2906221, -6.149917300000037], [134.32282580000003, -6.196078099999965], [134.28688130000003, -6.160097800000027], [134.23427719999998, -6.140102800000043], [134.2533226, -6.085865899999983], [134.2332382, -6.035338100000039], [134.1741867, -6.032094599999989], [134.12457660000004, -6.0385816], [134.11771009999998, -6.093888400000032], [134.1400261, -6.142703899999964], [134.16663359999995, -6.190320299999981], [134.22664370000004, -6.216088499999979], [134.27577010000005, -6.2633626], [134.3289613, -6.283736299999972], [134.33837070000004, -6.338555100000039], [134.371769, -6.381766299999987], [134.41588590000003, -6.406843500000011], [134.46412279999998, -6.430213700000016], [134.4836922, -6.4791683], [134.5161362, -6.531870099999966], [134.56214140000003, -6.506799], [134.5993919, -6.4593823], [134.60299680000003, -6.401896399999958], [134.55962590000001, -6.3671407], [134.61192319999998, -6.370847899999961], [134.66153340000002, -6.348328099999974], [134.71200180000002, -6.31847070000003], [134.75293270000003, -6.242386], [134.75680540000002, -6.1874191], [134.7128601, -6.163014], [134.76281360000002, -6.138437], [134.7835846, -6.090816], [134.7549171, -6.048824], [134.7168083, -6.012462500000011], [134.66307829999997, -5.975074200000015], [134.6156998, -5.9448543], [134.59510950000004, -5.942935200000028]]], [[[134.78946420000003, -5.896681499999963], [134.78946420000003, -5.896681499999963]]], [[[105.7650483, -5.880389600000043], [105.7650483, -5.880389600000043]]], [[[123.99445510000001, -5.8787554], [123.96957170000003, -5.929067], [124.0005392, -5.969483700000018], [124.0493674, -5.989499300000019], [124.0509334, -5.9327854], [124.01507139999998, -5.890962299999976], [123.99445510000001, -5.8787554]]], [[[106.04176080000002, -5.878340200000028], [106.00120959999998, -5.913028199999977], [105.99553490000002, -5.9643127], [105.967777, -6.006921], [105.92486630000002, -6.042058199999974], [105.8827813, -6.072027899999973], [105.8699837, -6.121028600000041], [105.8473982, -6.171076200000043], [105.8312137, -6.232628099999967], [105.82632980000002, -6.2876312], [105.82333, -6.345638800000038], [105.8084286, -6.402090799999967], [105.81616120000004, -6.455469], [105.78273639999998, -6.506564200000027], [105.73455840000004, -6.5212015], [105.68454959999997, -6.518565300000019], [105.6656713, -6.4716714], [105.63389630000003, -6.51631130000004], [105.616942, -6.563767500000036], [105.61791160000003, -6.61764649999997], [105.5849562, -6.655841], [105.55483589999997, -6.697123799999967], [105.512835, -6.725914], [105.50488340000003, -6.776936299999988], [105.4780661, -6.820748199999989], [105.43656189999997, -6.791084399999987], [105.40385179999998, -6.748510700000028], [105.39225409999997, -6.697538299999979], [105.3704267, -6.646509300000043], [105.3244186, -6.6718069], [105.29910719999995, -6.718286099999989], [105.26348460000004, -6.761045500000036], [105.21168219999997, -6.745518399999979], [105.23674829999996, -6.7923341], [105.25437, -6.840573499999965], [105.29497540000004, -6.8052413], [105.357836, -6.8097561], [105.4092578, -6.832099300000023], [105.4646007, -6.852065400000014], [105.53529349999995, -6.870584600000014], [105.59344780000005, -6.853433300000041], [105.64837029999998, -6.839828499999963], [105.70846219999999, -6.836263200000022], [105.770641, -6.848283800000028], [105.82014570000003, -6.838277499999974], [105.8727531, -6.833931099999975], [105.9529207, -6.812383799999984], [106.02540820000004, -6.821515100000027], [106.075508, -6.852080400000012], [106.11375840000002, -6.886533599999985], [106.16487979999997, -6.908321299999971], [106.2141699, -6.918380100000017], [106.246264, -6.960439], [106.29767090000003, -6.976529499999969], [106.34411529999997, -6.997108599999964], [106.39833380000002, -6.97832410000004], [106.44274910000003, -6.952926399999966], [106.496692, -6.963799399999966], [106.5432066, -6.987201599999955], [106.54214650000003, -7.043148500000014], [106.50589089999997, -7.096251100000013], [106.45765490000002, -7.129031799999981], [106.46276380000005, -7.181214900000017], [106.407604, -7.188300299999979], [106.38686749999995, -7.2339846], [106.37194039999999, -7.284453200000025], [106.39813, -7.333366399999959], [106.443701, -7.36147689999996], [106.4943722, -7.378979599999965], [106.5363699, -7.410547500000038], [106.59164230000003, -7.4124707], [106.6688499, -7.423877], [106.73957060000004, -7.430143699999976], [106.83396509999999, -7.433393], [106.99179090000003, -7.444566699999984], [107.0604195, -7.4512576], [107.11769, -7.4571047], [107.21415149999996, -7.480837599999986], [107.2823549, -7.492392199999983], [107.354081, -7.4992744], [107.40701989999997, -7.501690399999979], [107.45888179999999, -7.513459], [107.50709889999997, -7.539315699999956], [107.57447580000002, -7.563613], [107.62393009999997, -7.588704299999967], [107.67134469999998, -7.623968900000018], [107.6960386, -7.668943], [107.78149469999997, -7.6786815], [107.831621, -7.701675699999984], [107.87561279999996, -7.7398091], [107.93920080000004, -7.7329144], [107.9981028, -7.7446494], [108.05251750000002, -7.7602112], [108.10328579999998, -7.771619699999984], [108.21874370000003, -7.797326300000036], [108.28122410000003, -7.80875], [108.3434689, -7.817271399999977], [108.41115490000004, -7.816881499999957], [108.46585360000003, -7.810044300000015], [108.50501740000003, -7.778333], [108.50447779999998, -7.727933299999974], [108.53915440000004, -7.6908683], [108.60586639999997, -7.683466200000029], [108.6563619, -7.700831400000026], [108.7013524, -7.675967], [108.7566567, -7.6947081], [108.78491609999998, -7.736586499999983], [108.83538219999996, -7.739265], [108.88467060000002, -7.748211600000039], [108.95202579999997, -7.761332], [109.01251990000003, -7.778825699999977], [109.02559919999997, -7.726670799999964], [109.07169370000001, -7.692267300000018], [109.1764025, -7.693632700000015], [109.28691189999998, -7.7018016], [109.35259940000005, -7.7122677], [109.38683680000001, -7.753409300000043], [109.433655, -7.775620800000012], [109.55060439999998, -7.770771399999961], [109.61312539999997, -7.78469859999998], [109.79651780000002, -7.825422900000041], [109.8720864, -7.844782400000024], [109.99138739999997, -7.8835229], [110.1025448, -7.928207], [110.18288240000004, -7.96901], [110.32690530000002, -8.024947799999968], [110.37412420000001, -8.06961180000004], [110.42979880000001, -8.089590600000015], [110.48561950000003, -8.112587300000026], [110.53209270000005, -8.1314399], [110.58860660000003, -8.146682400000035], [110.64444970000002, -8.168419], [110.69109469999997, -8.18726730000002], [110.7486687, -8.19696810000002], [110.798874, -8.189079899999982], [110.84757209999998, -8.203759199999968], [110.90915889999995, -8.211135800000044], [110.9578952, -8.229793400000037], [111.00981410000003, -8.24854760000003], [111.0610131, -8.250667600000025], [111.11475649999998, -8.2536342], [111.1552397, -8.28466089999996], [111.20220749999999, -8.265151700000025], [111.25486410000003, -8.25395970000001], [111.31470929999996, -8.260965599999967], [111.3673056, -8.260685300000045], [111.41587909999998, -8.2762444], [111.45788849999997, -8.310585800000045], [111.50581360000004, -8.325617], [111.55436919999995, -8.306413100000029], [111.60284629999995, -8.32461970000001], [111.64775490000001, -8.351541299999962], [111.69390849999996, -8.375761400000034], [111.69484029999997, -8.3223525], [111.7325961, -8.2895369], [111.7475718, -8.33734629999999], [111.77109619999997, -8.2921905], [111.81741960000002, -8.273210300000041], [111.86809959999995, -8.27663279999998], [111.9148135, -8.297497200000045], [111.9722571, -8.281359800000029], [112.0200925, -8.303637200000033], [112.06729580000004, -8.3221603], [112.12250670000005, -8.316148200000026], [112.17532580000002, -8.321762200000013], [112.22083920000004, -8.342638700000013], [112.27151560000001, -8.3443045], [112.3209574, -8.33309580000002], [112.3702041, -8.369390799999973], [112.42176809999995, -8.3815373], [112.4714352, -8.394389299999968], [112.523006, -8.39946080000001], [112.57552380000003, -8.40934980000004], [112.62160270000001, -8.432265099999977], [112.67047109999997, -8.445279100000022], [112.71474979999996, -8.418537799999978], [112.76638350000002, -8.413535399999969], [112.8188643, -8.39386559999998], [112.86920589999998, -8.40071289999996], [112.92343309999995, -8.392679900000019], [112.96174420000001, -8.348474499999966], [113.00808340000005, -8.31195440000004], [113.06635340000003, -8.297378299999977], [113.12373729999996, -8.2916077], [113.21277680000004, -8.28124280000003], [113.2754658, -8.293058200000022], [113.32986389999998, -8.3202237], [113.37301859999997, -8.36896459999997], [113.43034659999998, -8.379331899999961], [113.47959869999998, -8.40133], [113.5218231, -8.42872059999998], [113.57700550000004, -8.428544100000032], [113.62809620000002, -8.450734400000023], [113.65620949999997, -8.4936111], [113.7101549, -8.481541300000014], [113.73481619999997, -8.525795099999986], [113.78011469999996, -8.495775], [113.8145289, -8.533164700000015], [113.8598704, -8.561213200000036], [113.90756689999998, -8.576604599999968], [113.96514489999998, -8.573986200000036], [114.01507829999996, -8.5898546], [114.0393731, -8.635297600000044], [114.0868703, -8.619573], [114.13903730000004, -8.621223799999974], [114.18976440000004, -8.638968700000035], [114.22965089999997, -8.602684099999966], [114.312513, -8.62105260000002], [114.369452, -8.670367100000028], [114.36688969999997, -8.722642399999966], [114.41697850000001, -8.749228400000039], [114.47298659999998, -8.760365799999978], [114.53189089999996, -8.780825400000033], [114.58899380000001, -8.7626289], [114.60393819999999, -8.712209400000045], [114.5695814, -8.660196], [114.51913040000002, -8.65183109999997], [114.4809464, -8.617878], [114.42387870000002, -8.604973400000024], [114.4079699, -8.555756199999983], [114.40414049999997, -8.50012759999997], [114.38969030000001, -8.447853300000027], [114.38643130000003, -8.505453800000037], [114.35903279999995, -8.5514926], [114.35985050000002, -8.500579599999977], [114.34985140000003, -8.450825800000036], [114.348411, -8.383343599999979], [114.36031169999998, -8.334530100000034], [114.36502460000003, -8.28370469999998], [114.390199, -8.235232600000039], [114.39368250000003, -8.1723354], [114.39863459999995, -8.120833500000021], [114.4260372, -8.069460300000028], [114.425699, -8.014402199999967], [114.4226624, -7.961005599999978], [114.43776070000003, -7.909222399999989], [114.46032770000002, -7.864206899999966], [114.458058, -7.8109416], [114.41670070000004, -7.780278600000019], [114.37400420000004, -7.752373], [114.31792060000004, -7.755494800000025], [114.26674, -7.722796], [114.20784909999998, -7.71792820000002], [114.13494210000005, -7.713901700000021], [114.08476069999998, -7.67284440000003], [114.05927660000005, -7.622929], [114.00455969999997, -7.634894], [113.95852059999999, -7.674613500000034], [113.913033, -7.696717], [113.8610675, -7.684891199999984], [113.81112730000001, -7.711755399999983], [113.761509, -7.738267499999981], [113.714568, -7.7111265], [113.66655219999998, -7.736805499999984], [113.619451, -7.719902300000022], [113.56507329999997, -7.710576300000034], [113.504139, -7.698117800000033], [113.45588929999997, -7.724715], [113.40034620000002, -7.740298199999958], [113.35203049999996, -7.765940099999987], [113.29526620000004, -7.77282050000004], [113.25527069999997, -7.739198199999982], [113.19440320000001, -7.7424627], [113.14038060000001, -7.7255537], [113.09508860000003, -7.70380050000002], [113.0544483, -7.659292], [112.98367730000004, -7.6570805], [112.94657159999997, -7.617774100000026], [112.8890263, -7.615458700000029], [112.8682045, -7.563991], [112.83942110000001, -7.5113978], [112.83387309999998, -7.404906899999982], [112.84279950000003, -7.336128699999985], [112.84305050000002, -7.2766736], [112.8008412, -7.2427762], [112.7642945, -7.195994699999971], [112.7152408, -7.208535400000023], [112.66283860000004, -7.210003399999983], [112.6662183, -7.15942170000002], [112.6215026, -7.121877900000036], [112.63448850000003, -7.064889100000012], [112.64362309999999, -7.013192399999986], [112.60556359999997, -6.964477300000012], [112.59547410000005, -6.91317270000001], [112.57500789999997, -6.861547599999958], [112.5222331, -6.867578], [112.47424260000004, -6.898189], [112.42926739999997, -6.867342099999958], [112.3754492, -6.873538800000019], [112.32115980000005, -6.8661007], [112.2703088, -6.878249499999963], [112.21709390000004, -6.875863499999986], [112.171947, -6.897848200000019], [112.12130679999997, -6.901597399999988], [112.06619449999995, -6.8924743], [112.028516, -6.857600300000029], [111.99839730000004, -6.807347199999987], [111.9685281, -6.765755199999986], [111.88903659999998, -6.792005199999969], [111.83034070000002, -6.800188199999975], [111.78347729999996, -6.780415], [111.72579889999999, -6.771073600000029], [111.614734, -6.686652499999986], [111.56340740000002, -6.63874140000001], [111.51276730000002, -6.6332161], [111.46644089999998, -6.659241400000034], [111.4035905, -6.6915969], [111.33391569999998, -6.700545], [111.27055309999999, -6.6914264], [111.2175097, -6.682731099999979], [111.16185160000003, -6.659088], [111.11041759999998, -6.6138963], [111.08201690000004, -6.559610499999986], [111.05417069999997, -6.491939500000028], [111.04354430000004, -6.432149499999958], [110.98969159999997, -6.41272840000003], [110.93875759999999, -6.408769300000013], [110.88398779999997, -6.4093478], [110.824201, -6.419081399999967], [110.77593050000004, -6.432289900000028], [110.725132, -6.432671499999983], [110.69492560000003, -6.485676199999964], [110.67724389999997, -6.533857299999986], [110.6563174, -6.583422], [110.6375341, -6.630988399999967], [110.62178219999998, -6.6971736], [110.58352969999999, -6.729850199999972], [110.53810639999998, -6.7519766], [110.55799339999999, -6.801311099999981], [110.52177279999998, -6.836566399999973], [110.50589910000002, -6.883983799999956], [110.48064969999996, -6.9288245], [110.43391230000002, -6.947304799999972], [110.38132270000001, -6.949173200000021], [110.3216205, -6.940390799999981], [110.25003769999995, -6.906820200000026], [110.218967, -6.860635299999969], [110.1704728, -6.844103099999972], [110.12953150000001, -6.881683200000029], [110.06368620000003, -6.9024637], [109.99499959999997, -6.922722899999985], [109.93242709999998, -6.914997800000029], [109.88176569999999, -6.916968500000016], [109.8256252, -6.904592199999978], [109.75560870000004, -6.8826415], [109.69632620000003, -6.860660199999987], [109.63807129999996, -6.8462352], [109.57528580000003, -6.836713599999984], [109.53364890000005, -6.795453800000025], [109.48331609999998, -6.813012599999964], [109.38057440000003, -6.861260600000015], [109.32684439999998, -6.867907500000022], [109.2517674, -6.8700724], [109.19355880000003, -6.861346700000033], [109.13724530000002, -6.846346499999963], [109.08900990000004, -6.829034600000024], [109.05255420000003, -6.786487100000012], [108.9864399, -6.808082900000019], [108.9313366, -6.823934500000013], [108.86850860000001, -6.806548900000016], [108.83382389999998, -6.748486100000036], [108.7995777, -6.788214600000038], [108.74997439999999, -6.814319900000039], [108.69264080000004, -6.804746600000018], [108.65973420000005, -6.757989200000021], [108.60177659999997, -6.76305419999997], [108.5745585, -6.718263199999959], [108.55811069999997, -6.643591400000022], [108.54420910000003, -6.570417899999977], [108.53776669999998, -6.514319399999986], [108.4615809, -6.442263500000041], [108.4220628, -6.403944300000027], [108.39221179999997, -6.3605518], [108.36862729999999, -6.3119577], [108.35799290000001, -6.247791799999976], [108.29879320000003, -6.249426100000018], [108.2385701, -6.242894699999975], [108.18107640000004, -6.226222600000038], [108.21055149999997, -6.266660799999964], [108.17126170000003, -6.30325259999996], [108.12988, -6.334948399999958], [108.07474389999999, -6.3197543], [108.02157210000004, -6.301088200000023], [107.964795, -6.268484799999981], [107.91784750000002, -6.248644199999982], [107.88659840000004, -6.20687150000004], [107.82533259999998, -6.1857691], [107.76369960000001, -6.220174500000016], [107.70317840000001, -6.245148], [107.62096070000003, -6.188955799999969], [107.53931410000004, -6.182144300000021], [107.46680269999999, -6.148652800000039], [107.386397, -6.014455299999962], [107.34047429999995, -5.9696285], [107.27251659999999, -5.95987430000003], [107.19396969999997, -5.981498900000022], [107.13250039999996, -5.9755872], [107.09776450000004, -5.9369], [107.04687759999996, -5.92288850000003], [106.99061560000004, -5.93674], [107.0157, -5.980526500000034], [106.992912, -6.027837099999974], [107.0140229, -6.076115399999956], [106.96609260000004, -6.093577100000032], [106.9116606, -6.098648399999969], [106.86357379999995, -6.114091900000036], [106.81383740000004, -6.120716], [106.76571330000003, -6.100116500000026], [106.7160091, -6.076249200000013], [106.68529560000002, -6.018769100000017], [106.62742990000001, -6.010425499999957], [106.5779222, -6.031719500000039], [106.52968529999998, -6.01462680000003], [106.489643, -6.046283399999981], [106.44152779999996, -6.03018039999997], [106.39024819999999, -5.990545499999985], [106.34117260000002, -5.977264599999972], [106.28991659999997, -5.9669479], [106.2427206, -5.98729110000001], [106.20352979999998, -6.0197274], [106.14997660000002, -6.021003200000037], [106.09785740000002, -5.981752499999955], [106.11418289999997, -5.9302316], [106.08152790000001, -5.890927600000036], [106.04176080000002, -5.878340200000028]]], [[[132.53279780000003, -5.8930001], [132.53279780000003, -5.8930001]]], [[[134.80146650000003, -5.867294799999974], [134.80146650000003, -5.867294799999974]]], [[[105.5351439, -5.848555200000034], [105.49316240000002, -5.876837], [105.5432107, -5.8680799], [105.5351439, -5.848555200000034]]], [[[105.78632560000004, -5.845696], [105.78632560000004, -5.845696]]], [[[110.60456149999996, -5.842038799999989], [110.60456149999996, -5.842038799999989]]], [[[132.5528209, -5.870798300000042], [132.5528209, -5.870798300000042]]], [[[132.6041821, -5.859532599999969], [132.6041821, -5.859532599999969]]], [[[134.307947, -5.830685699999967], [134.307947, -5.830685699999967]]], [[[132.56821469999997, -5.817231600000013], [132.56821469999997, -5.817231600000013]]], [[[110.19672560000004, -5.815645], [110.19672560000004, -5.815645]]], [[[106.28775320000003, -5.816046], [106.28775320000003, -5.816046]]], [[[134.80923710000002, -5.807111799999983], [134.80923710000002, -5.807111799999983]]], [[[134.78250260000002, -5.805193299999963], [134.78250260000002, -5.805193299999963]]], [[[123.9062915, -5.803115099999963], [123.9062915, -5.803115099999963]]], [[[132.62289070000003, -5.813969799999959], [132.62289070000003, -5.813969799999959]]], [[[105.29118150000002, -5.798215400000013], [105.23723230000004, -5.8270062], [105.29010969999997, -5.833996399999982], [105.29118150000002, -5.798215400000013]]], [[[134.77835720000002, -5.787140299999989], [134.77835720000002, -5.787140299999989]]], [[[134.7618827, -5.799539300000041], [134.7618827, -5.799539300000041]]], [[[105.315506, -5.790996500000019], [105.315506, -5.790996500000019]]], [[[134.79440980000004, -5.784934], [134.79440980000004, -5.784934]]], [[[110.48236810000003, -5.778596499999973], [110.463919, -5.825758799999988], [110.41313079999998, -5.838548400000028], [110.43964240000003, -5.8823084], [110.474887, -5.843935100000038], [110.47489409999999, -5.788386299999966], [110.48236810000003, -5.778596499999973]]], [[[120.49237969999996, -5.767551899999986], [120.45918129999998, -5.822431700000037], [120.45212339999998, -5.888301900000033], [120.445167, -5.959596200000024], [120.45246029999997, -6.010765799999958], [120.450898, -6.0619914], [120.45641680000004, -6.118496599999975], [120.432934, -6.166286200000022], [120.447199, -6.217017800000042], [120.44871370000004, -6.268502], [120.4764158, -6.3170597], [120.4740908, -6.368512399999989], [120.46469720000002, -6.4220498], [120.47979779999996, -6.4768164], [120.49821839999997, -6.4228948], [120.51089779999995, -6.374491], [120.53856709999995, -6.327786699999989], [120.53829950000002, -6.2757449], [120.525871, -6.224212199999964], [120.5336962, -6.1745355], [120.53967480000003, -6.124161099999966], [120.55168149999996, -6.074794800000023], [120.56361629999998, -6.024217900000013], [120.55352049999998, -5.97138790000001], [120.53533480000003, -5.922957599999974], [120.53310109999995, -5.8708537], [120.51080229999997, -5.825896899999957], [120.49710570000002, -5.76904680000004], [120.49237969999996, -5.767551899999986]]], [[[104.821496, -5.783684], [104.8368254, -5.8335275], [104.821496, -5.783684]]], [[[123.91731649999998, -5.776287100000029], [123.91731649999998, -5.776287100000029]]], [[[134.196059, -5.751168500000044], [134.18881630000004, -5.8108928], [134.2399409, -5.829379199999958], [134.25201450000003, -5.780393599999985], [134.20392329999999, -5.753682200000017], [134.196059, -5.751168500000044]]], [[[132.65954280000005, -5.74573], [132.65954280000005, -5.74573]]], [[[120.48940090000005, -5.738670699999989], [120.48940090000005, -5.738670699999989]]], [[[132.783052, -5.7316913], [132.783052, -5.7316913]]], [[[110.409736, -5.733569299999959], [110.409736, -5.733569299999959]]], [[[134.79654059999996, -5.727823399999983], [134.79654059999996, -5.727823399999983]]], [[[110.25076769999995, -5.728840600000036], [110.25076769999995, -5.728840600000036]]], [[[132.79935980000002, -5.725542299999982], [132.79935980000002, -5.725542299999982]]], [[[123.90873319999999, -5.719844900000022], [123.91576270000003, -5.770360500000023], [123.9793451, -5.775410299999957], [123.938335, -5.723019200000031], [123.90873319999999, -5.719844900000022]]], [[[132.19408180000002, -5.763630599999988], [132.19408180000002, -5.763630599999988]]], [[[112.6878171, -5.7222223], [112.63651049999999, -5.735755899999957], [112.597579, -5.768800199999975], [112.57475249999999, -5.826906600000011], [112.62141390000002, -5.855381200000028], [112.67879, -5.850959500000015], [112.73200559999997, -5.833273799999968], [112.73905230000001, -5.781582699999961], [112.7130819, -5.731485], [112.6878171, -5.7222223]]], [[[132.5653156, -5.710554300000033], [132.5653156, -5.710554300000033]]], [[[132.76226030000004, -5.715601899999963], [132.76226030000004, -5.715601899999963]]], [[[132.61881810000003, -5.696026100000025], [132.61881810000003, -5.696026100000025]]], [[[134.3340826, -5.693234200000037], [134.3340826, -5.693234200000037]]], [[[132.27011330000002, -5.713225399999973], [132.27011330000002, -5.713225399999973]]], [[[134.77209049999993, -5.675882900000036], [134.77209049999993, -5.675882900000036]]], [[[105.2189378, -5.663112100000041], [105.2189378, -5.663112100000041]]], [[[131.93854030000003, -5.659953800000024], [131.93854030000003, -5.659953800000024]]], [[[120.4316347, -5.63998489999998], [120.4316347, -5.63998489999998]]], [[[132.71352909999996, -5.6435501], [132.71352909999996, -5.6435501]]], [[[122.50987459999999, -5.6242924], [122.4848236, -5.668564], [122.53381650000004, -5.694250700000032], [122.55373620000002, -5.644835], [122.50987459999999, -5.6242924]]], [[[132.72537369999998, -5.622196], [132.72537369999998, -5.622196]]], [[[105.2354231, -5.631296900000023], [105.2354231, -5.631296900000023]]], [[[132.33653320000002, -5.61247529999996], [132.33653320000002, -5.61247529999996]]], [[[132.7092376, -5.628346100000033], [132.6556792, -5.618779300000017], [132.61092070000004, -5.593304499999959], [132.6405507, -5.638696200000022], [132.6536428, -5.69556660000002], [132.6800551, -5.738694199999979], [132.7010443, -5.789387600000036], [132.6874403, -5.840739], [132.66387559999998, -5.894460400000042], [132.69001150000003, -5.9419108], [132.71627570000004, -5.898882800000023], [132.72279880000002, -5.950618399999981], [132.77996209999998, -5.943447400000042], [132.79249329999996, -5.8908574], [132.8122344, -5.835871599999972], [132.79403829999998, -5.7834423], [132.77532720000002, -5.735278100000037], [132.74185319999998, -5.694284199999962], [132.7422763, -5.643043600000015], [132.69207140000003, -5.654141399999964], [132.7092376, -5.628346100000033]]], [[[122.51276820000004, -5.589622599999962], [122.51276820000004, -5.589622599999962]]], [[[132.2608581, -5.58239], [132.28660729999996, -5.636033499999978], [132.27657870000002, -5.582416100000017], [132.2608581, -5.58239]]], [[[123.82194080000002, -5.586436799999979], [123.82194080000002, -5.586436799999979]]], [[[132.7320882, -5.5853626], [132.7320882, -5.5853626]]], [[[132.00710629999998, -5.5887686], [132.00710629999998, -5.5887686]]], [[[105.28133490000003, -5.562733799999971], [105.28133490000003, -5.562733799999971]]], [[[134.32845229999998, -5.563423], [134.28299129999994, -5.606298799999972], [134.3390882, -5.599115299999975], [134.32845229999998, -5.563423]]], [[[134.6951139, -5.562205699999974], [134.6951139, -5.562205699999974]]], [[[123.84157430000003, -5.55057540000002], [123.871996, -5.5920361], [123.84157430000003, -5.55057540000002]]], [[[134.70381489999997, -5.573147900000015], [134.70381489999997, -5.573147900000015]]], [[[130.30625620000004, -5.548395699999971], [130.30625620000004, -5.548395699999971]]], [[[134.70039179999998, -5.537025], [134.70039179999998, -5.537025]]], [[[114.40790160000003, -5.532615099999989], [114.42223980000004, -5.590242099999972], [114.4497057, -5.547355], [114.40790160000003, -5.532615099999989]]], [[[123.86796510000002, -5.5350016], [123.86796510000002, -5.5350016]]], [[[134.46550510000003, -5.5622296], [134.41864159999997, -5.596740899999982], [134.403192, -5.6510665], [134.35426849999993, -5.687280700000026], [134.2964187, -5.7029956], [134.25470490000004, -5.672248699999989], [134.21487950000002, -5.708461599999988], [134.25230169999998, -5.754066], [134.30294179999999, -5.754236799999986], [134.33452750000004, -5.797788200000016], [134.3891158, -5.7803681], [134.36236730000002, -5.824283400000037], [134.33893119999996, -5.869666], [134.29790040000003, -5.9072522], [134.333099, -5.944859], [134.312717, -6.002694200000021], [134.35779079999998, -6.032347], [134.41803709999996, -6.023441900000022], [134.45369609999995, -5.9855402], [134.50429019999996, -5.948401699999979], [134.55522080000003, -5.9215205], [134.60390840000002, -5.940861599999965], [134.65466689999997, -5.9352929], [134.6980972, -5.962610799999964], [134.75062560000003, -5.940756599999982], [134.70942689999998, -5.901655899999965], [134.76247020000005, -5.892606], [134.738266, -5.840694200000025], [134.7475357, -5.786386699999986], [134.73534769999998, -5.737198], [134.73174289999997, -5.685272], [134.75646210000002, -5.635562099999965], [134.71526339999997, -5.600028], [134.66342160000002, -5.598319600000042], [134.61141730000003, -5.57692279999998], [134.5614638, -5.564792400000036], [134.5108237, -5.56376730000004], [134.46550510000003, -5.5622296]]], [[[132.74721519999997, -5.531704300000036], [132.69395970000002, -5.534550800000011], [132.74116659999999, -5.551636599999983], [132.74721519999997, -5.531704300000036]]], [[[132.79335160000002, -5.567355199999986], [132.748548, -5.5924699], [132.7447715, -5.6449167], [132.76993789999997, -5.6897257], [132.81154780000003, -5.649870700000011], [132.80553960000003, -5.5969118], [132.8163543, -5.542068599999957], [132.79335160000002, -5.567355199999986]]], [[[132.33098810000004, -5.532838199999975], [132.33197750000002, -5.583576700000033], [132.37694389999996, -5.555280899999977], [132.33098810000004, -5.532838199999975]]], [[[134.48529210000004, -5.5168751], [134.48529210000004, -5.5168751]]], [[[134.5027909, -5.510087200000043], [134.5027909, -5.510087200000043]]], [[[122.52081609999996, -5.499960200000038], [122.47521809999998, -5.530357499999979], [122.52026070000002, -5.507708100000015], [122.52081609999996, -5.499960200000038]]], [[[132.7367034, -5.5049911], [132.7367034, -5.5049911]]], [[[122.05233210000003, -5.491381], [122.00521209999997, -5.516438], [122.05334360000005, -5.502467500000015], [122.05233210000003, -5.491381]]], [[[134.49416910000002, -5.4901356], [134.49416910000002, -5.4901356]]], [[[134.27251740000003, -5.4840157], [134.2548009, -5.5340879], [134.27570560000004, -5.48536149999997], [134.27251740000003, -5.4840157]]], [[[132.75310969999998, -5.5042075], [132.75310969999998, -5.5042075]]], [[[122.07422779999997, -5.472854200000017], [122.07422779999997, -5.472854200000017]]], [[[123.6909612, -5.469303899999985], [123.7236843, -5.511029600000035], [123.76232039999996, -5.545269], [123.79300419999998, -5.594210599999967], [123.80258630000002, -5.54495790000001], [123.76741719999995, -5.5071078], [123.72493239999999, -5.479318], [123.6909612, -5.469303899999985]]], [[[119.29197159999998, -5.467770500000031], [119.25380440000002, -5.504627600000041], [119.30411429999997, -5.525435599999969], [119.3022789, -5.474043], [119.29197159999998, -5.467770500000031]]], [[[134.68279840000002, -5.4631168], [134.68279840000002, -5.4631168]]], [[[123.77378440000001, -5.456828199999982], [123.77378440000001, -5.456828199999982]]], [[[134.6543666, -5.441968900000023], [134.6543666, -5.441968900000023]]], [[[132.71225039999996, -5.448463899999985], [132.71225039999996, -5.448463899999985]]], [[[114.4342018, -5.449791], [114.4342018, -5.449791]]], [[[132.71867890000001, -5.448088800000035], [132.71867890000001, -5.448088800000035]]], [[[134.493601, -5.425791900000017], [134.493601, -5.425791900000017]]], [[[122.630929, -5.419332299999964], [122.630929, -5.419332299999964]]], [[[134.58770980000003, -5.41822290000001], [134.54035460000003, -5.436957100000035], [134.50057089999999, -5.467358200000024], [134.52523129999997, -5.512298899999986], [134.51391989999996, -5.561055700000035], [134.5688176, -5.560272900000014], [134.624682, -5.581706899999957], [134.67055260000004, -5.559758700000013], [134.70231419999996, -5.521014700000022], [134.668336, -5.483203500000029], [134.63457350000002, -5.432429399999957], [134.58770980000003, -5.41822290000001]]], [[[123.6191172, -5.404929699999957], [123.6191172, -5.404929699999957]]], [[[134.62967980000002, -5.400611100000037], [134.62967980000002, -5.400611100000037]]], [[[118.43267179999998, -5.397111], [118.43267179999998, -5.397111]]], [[[134.59400919999996, -5.395908200000028], [134.59400919999996, -5.395908200000028]]], [[[134.66024359999997, -5.38822110000002], [134.66024359999997, -5.38822110000002]]], [[[123.64147569999997, -5.384281600000025], [123.64147569999997, -5.384281600000025]]], [[[134.60575380000006, -5.390082799999958], [134.60575380000006, -5.390082799999958]]], [[[134.5994468, -5.3806552], [134.5994468, -5.3806552]]], [[[134.59020890000002, -5.357024500000025], [134.59020890000002, -5.357024500000025]]], [[[117.93005369999999, -5.352867599999985], [117.9408055, -5.404302], [117.93005369999999, -5.352867599999985]]], [[[134.5293394, -5.329515100000022], [134.5293394, -5.329515100000022]]], [[[134.60364440000004, -5.351132400000032], [134.55285390000003, -5.335335300000017], [134.50912580000005, -5.369240600000043], [134.5385442, -5.411154600000041], [134.5808695, -5.35269], [134.60364440000004, -5.351132400000032]]], [[[123.47679939999998, -5.327197400000013], [123.50435709999996, -5.370617099999982], [123.47679939999998, -5.327197400000013]]], [[[124.33172430000002, -5.3233221], [124.33172430000002, -5.3233221]]], [[[132.02157290000002, -5.313478199999973], [131.9739318, -5.330245200000035], [131.9711416, -5.3854374], [132.0142536, -5.348978499999986], [132.02157290000002, -5.313478199999973]]], [[[122.07605369999997, -5.285699599999989], [122.07605369999997, -5.285699599999989]]], [[[137.73490050000004, -5.2844471], [137.73490050000004, -5.2844471]]], [[[102.18075529999997, -5.296608799999965], [102.1236125, -5.312581799999967], [102.08788649999997, -5.356601700000037], [102.1422293, -5.382076900000039], [102.18951, -5.4193231], [102.22882239999998, -5.462962899999975], [102.26040620000003, -5.502201], [102.30847129999997, -5.476740799999987], [102.3556479, -5.505625099999974], [102.33892380000003, -5.4554028], [102.38576, -5.419716699999973], [102.3369697, -5.3655872], [102.2852971, -5.356430800000019], [102.2365452, -5.319170899999988], [102.18075529999997, -5.296608799999965]]], [[[133.155519, -5.278069], [133.10732079999997, -5.309381], [133.09127909999995, -5.368066299999959], [133.07363110000003, -5.4158226], [133.05589269999996, -5.465513100000037], [133.0442623, -5.520108199999981], [133.01893259999997, -5.583681299999983], [133.00480709999997, -5.642151600000019], [132.9540806, -5.670287900000022], [132.94103430000004, -5.7230693], [132.93708609999996, -5.777212200000011], [132.90784190000002, -5.820195600000029], [132.8786953, -5.863689900000042], [132.87013820000004, -5.913485599999986], [132.85755829999994, -5.9628989], [132.902149, -5.937624099999968], [132.92747310000001, -5.894361600000038], [132.96111869999996, -5.85611139999996], [132.951334, -5.7956571], [132.963558, -5.742708400000025], [133.00282520000002, -5.692146], [133.04265790000005, -5.64381], [133.09650569999997, -5.607995700000042], [133.120756, -5.562430700000028], [133.130936, -5.512944600000032], [133.14467960000002, -5.464495799999976], [133.15621640000006, -5.413067400000034], [133.16613060000003, -5.362703499999973], [133.190433, -5.317256500000041], [133.153475, -5.279565799999982], [133.155519, -5.278069]]], [[[121.78423430000004, -5.253877099999989], [121.78423430000004, -5.253877099999989]]], [[[123.57806579999998, -5.244868299999957], [123.52192, -5.256721499999968], [123.530294, -5.319677100000038], [123.5784493, -5.380219800000037], [123.63451989999999, -5.374105100000011], [123.64460249999996, -5.2999746], [123.60173749999997, -5.2565759], [123.57806579999998, -5.244868299999957]]], [[[122.71249819999997, -5.241717600000036], [122.67993990000002, -5.289656900000035], [122.71249819999997, -5.241717600000036]]], [[[117.89063949999996, -5.294595099999973], [117.8935425, -5.2384881], [117.88789440000004, -5.291939499999983], [117.89063949999996, -5.294595099999973]]], [[[122.73811069999996, -5.188617100000032], [122.73811069999996, -5.188617100000032]]], [[[117.66981009999998, -5.18084], [117.66981009999998, -5.18084]]], [[[137.5112686, -5.17512820000004], [137.5112686, -5.17512820000004]]], [[[117.88862259999998, -5.169743], [117.88862259999998, -5.169743]]], [[[132.02282870000002, -5.185676700000014], [132.02282870000002, -5.185676700000014]]], [[[121.84013479999999, -5.128061], [121.84013479999999, -5.128061]]], [[[103.85179280000004, -5.125878499999976], [103.85179280000004, -5.125878499999976]]], [[[118.14744450000003, -5.114421200000036], [118.14744450000003, -5.114421200000036]]], [[[117.05416249999996, -5.0914681], [117.05416249999996, -5.0914681]]], [[[121.89411849999996, -5.056751499999985], [121.85060829999998, -5.09405320000001], [121.87546839999997, -5.1379196], [121.82909480000002, -5.16165530000004], [121.80797819999997, -5.207911200000022], [121.79913519999997, -5.26073729999997], [121.82257629999998, -5.306923400000037], [121.85513289999997, -5.349936400000018], [121.89219010000002, -5.396091600000015], [121.93410220000004, -5.430345500000018], [121.9452001, -5.482436900000017], [121.99589540000002, -5.472212599999955], [122.046464, -5.460565300000016], [122.0441133, -5.401141400000038], [122.03737670000001, -5.350604100000019], [122.0507024, -5.298293299999986], [122.03419209999996, -5.248256299999972], [122.06562790000002, -5.206154599999985], [122.03714940000003, -5.1638339], [121.98572450000003, -5.1641409], [121.97667830000002, -5.1128268], [121.96249270000001, -5.0611175], [121.94223409999998, -5.10864629999997], [121.893031, -5.0915499], [121.89411849999996, -5.056751499999985]]], [[[114.60853530000004, -5.053958], [114.60853530000004, -5.053958]]], [[[122.79372940000005, -4.966649099999982], [122.79372940000005, -4.966649099999982]]], [[[115.67605010000003, -4.900357700000042], [115.63406740000002, -4.9376006], [115.67229320000004, -4.90293109999998], [115.67605010000003, -4.900357700000042]]], [[[122.1411556, -4.816507199999959], [122.1411556, -4.816507199999959]]], [[[123.0956471, -4.8037262], [123.0443326, -4.813529399999956], [123.09816780000003, -4.8485922], [123.0956471, -4.8037262]]], [[[123.1473724, -4.772704800000033], [123.1473724, -4.772704800000033]]], [[[115.85145140000004, -4.75422549999996], [115.808413, -4.784391799999971], [115.77605009999996, -4.827662200000022], [115.825004, -4.809600699999967], [115.85517820000003, -4.759784500000015], [115.85145140000004, -4.75422549999996]]], [[[122.35794139999999, -4.728613600000015], [122.35794139999999, -4.728613600000015]]], [[[131.7308471, -4.7013026], [131.72860520000003, -4.751661], [131.7308471, -4.7013026]]], [[[115.75246319999997, -4.691039199999986], [115.70762160000004, -4.720034099999976], [115.75246319999997, -4.691039199999986]]], [[[122.3037494, -4.715206], [122.3037494, -4.715206]]], [[[122.33407470000003, -4.722447], [122.37149540000004, -4.683977600000039], [122.32327079999996, -4.723034299999968], [122.33407470000003, -4.722447]]], [[[122.3203289, -4.662162099999973], [122.3203289, -4.662162099999973]]], [[[122.35837079999999, -4.659040399999965], [122.35837079999999, -4.659040399999965]]], [[[122.69465150000002, -4.6188024], [122.64530679999999, -4.640694800000029], [122.59545539999996, -4.644793100000017], [122.56690819999999, -4.686028], [122.52876580000003, -4.720205], [122.4905407, -4.752494299999983], [122.43220279999998, -4.754253399999959], [122.381836, -4.7511163], [122.3486497, -4.788726599999988], [122.32624620000004, -4.834337599999989], [122.346673, -4.8821408], [122.36856260000002, -4.9315743], [122.39306850000003, -4.977746100000042], [122.37686140000002, -5.033072199999983], [122.39078029999997, -5.0891196], [122.3384476, -5.099159800000026], [122.31148520000005, -5.14386580000002], [122.30843650000003, -5.1952334], [122.31013269999997, -5.247590799999975], [122.27560849999998, -5.296042], [122.2661559, -5.356076800000038], [122.30512160000004, -5.396726499999967], [122.3640365, -5.3895723], [122.37157060000004, -5.33471380000002], [122.42450919999997, -5.314478200000024], [122.39503539999997, -5.372647899999968], [122.435995, -5.402872099999974], [122.46807859999998, -5.361286499999969], [122.4786534, -5.308114099999968], [122.5230923, -5.278780799999956], [122.53934560000002, -5.3321084], [122.52450960000004, -5.384998], [122.52085789999997, -5.438256800000015], [122.5660324, -5.411326200000029], [122.59475390000001, -5.364073099999962], [122.64145829999998, -5.339395300000034], [122.6448377, -5.277777900000021], [122.58106770000003, -5.2558352], [122.61735389999998, -5.217689300000024], [122.5885879, -5.159661600000016], [122.61998960000001, -5.109921300000037], [122.637118, -5.0588824], [122.682384, -5.02977190000003], [122.7135119, -4.986987400000038], [122.76236539999996, -4.967154100000021], [122.7601857, -4.916210100000013], [122.73489579999998, -4.871747900000029], [122.733374, -4.8197946], [122.73480679999997, -4.7686168], [122.71696609999998, -4.718333300000028], [122.72366879999998, -4.66445], [122.69465150000002, -4.6188024]]], [[[122.32465329999997, -4.621382599999963], [122.32465329999997, -4.621382599999963]]], [[[131.69408830000003, -4.5864508], [131.69408830000003, -4.5864508]]], [[[130.040346, -4.578928], [130.040346, -4.578928]]], [[[129.68820669999997, -4.559237100000042], [129.68820669999997, -4.559237100000042]]], [[[122.72064239999997, -4.51774419999998], [122.72588969999998, -4.567765], [122.72064239999997, -4.51774419999998]]], [[[129.767269, -4.518432], [129.767269, -4.518432]]], [[[129.946574, -4.507799], [129.907997, -4.549052], [129.955583, -4.531474], [129.946574, -4.507799]]], [[[129.878394, -4.504962], [129.878394, -4.504962]]], [[[129.894779, -4.502313], [129.894779, -4.502313]]], [[[131.61278960000004, -4.424744299999956], [131.6343847, -4.472059], [131.6538098, -4.521182299999966], [131.6554061, -4.468265200000038], [131.61278960000004, -4.424744299999956]]], [[[131.5831187, -4.3784855], [131.5831187, -4.3784855]]], [[[123.07696710000003, -4.367605899999988], [123.0263654, -4.378567899999981], [122.98269730000001, -4.406156200000028], [122.94026319999996, -4.43947630000004], [122.90357069999999, -4.473702299999955], [122.86693149999996, -4.525846], [122.84760370000004, -4.5906254], [122.8416197, -4.6479853], [122.8386034, -4.70922959999996], [122.84853220000004, -4.766073], [122.8577741, -4.8153204], [122.81934, -4.848829199999988], [122.83102139999998, -4.905554499999971], [122.81224119999996, -4.959177599999959], [122.78472, -5.002226299999963], [122.74125660000001, -5.039595399999969], [122.790114, -5.017697600000021], [122.78778350000005, -5.0687465], [122.7592271, -5.1125669], [122.74146280000002, -5.1667033], [122.74735690000001, -5.2182707], [122.78800289999998, -5.183479400000019], [122.800588, -5.2337404], [122.7550588, -5.25530789999998], [122.7077261, -5.272635299999958], [122.68681460000005, -5.3204023], [122.64871450000004, -5.3565852], [122.62062650000004, -5.398298099999972], [122.64661250000003, -5.443247500000033], [122.59351010000005, -5.455492100000011], [122.55676909999997, -5.501009800000019], [122.57813969999998, -5.552255], [122.59603150000004, -5.605853199999962], [122.61086809999998, -5.656420499999977], [122.64446240000004, -5.698876], [122.68285130000004, -5.663571699999966], [122.71305370000002, -5.6193061], [122.71049270000003, -5.669700900000037], [122.7520714, -5.639168], [122.75372040000002, -5.694471700000022], [122.8062282, -5.6888196], [122.82863360000003, -5.643965800000024], [122.86222850000004, -5.6060747], [122.89298839999996, -5.562766800000037], [122.8836068, -5.5106845], [122.87212489999997, -5.454662400000017], [122.92504189999998, -5.43592210000002], [122.96440639999997, -5.403052599999987], [123.00865509999997, -5.428707600000034], [123.0616517, -5.421871700000021], [123.1128436, -5.4011098], [123.14679239999998, -5.363202300000032], [123.18871350000003, -5.333798799999985], [123.22200789999997, -5.289184], [123.17146730000002, -5.2907471], [123.14316380000004, -5.245119100000013], [123.11023660000004, -5.2069673], [123.059373, -5.192468], [123.042241, -5.143612], [122.993296, -5.163722], [122.9584424, -5.2028378], [122.9510154, -5.143153599999978], [122.969056, -5.090481900000016], [122.968895, -5.026765699999986], [122.9634662, -4.966506399999988], [123.00196449999999, -4.924655200000034], [123.00427769999999, -4.871026600000034], [123.00560510000003, -4.82097729999998], [123.01944060000002, -4.77279290000004], [123.00864569999999, -4.722774100000022], [123.05413079999997, -4.697246799999972], [123.08394680000004, -4.751130500000029], [123.09987370000005, -4.701753299999984], [123.14819, -4.7206957], [123.17235779999999, -4.764521199999978], [123.172118, -4.833619399999984], [123.20449010000004, -4.787716900000023], [123.2073, -4.7304781], [123.20664069999998, -4.675045], [123.17797810000005, -4.631479499999964], [123.19055489999998, -4.579394499999962], [123.1609976, -4.5353125], [123.14120519999999, -4.485555300000039], [123.1000963, -4.454364399999983], [123.0523126, -4.430133099999962], [123.08416159999996, -4.389134699999959], [123.07696710000003, -4.367605899999988]]], [[[115.81114830000001, -4.3756012], [115.81114830000001, -4.3756012]]], [[[121.49187860000004, -4.193907299999983], [121.49187860000004, -4.193907299999983]]], [[[133.3308485, -4.093510900000014], [133.32209380000006, -4.143848899999975], [133.37015889999998, -4.179802800000038], [133.42063760000002, -4.206368300000014], [133.45410140000004, -4.246912199999981], [133.5092069, -4.248576600000026], [133.55864309999998, -4.240406899999966], [133.5945204, -4.276013900000015], [133.63022590000003, -4.315214], [133.59383370000003, -4.258381799999961], [133.55469489999996, -4.218836500000018], [133.45753459999997, -4.1859662], [133.41479089999999, -4.157888300000041], [133.3656958, -4.123474400000033], [133.3308485, -4.093510900000014]]], [[[116.21061980000003, -4.086310699999968], [116.21061980000003, -4.086310699999968]]], [[[121.4153205, -4.086420299999977], [121.40367129999998, -4.136140199999955], [121.4418542, -4.168691500000039], [121.4551724, -4.117942700000016], [121.4153205, -4.086420299999977]]], [[[121.36912739999997, -4.0827194], [121.36912739999997, -4.0827194]]], [[[116.04605970000004, -4.07710850000001], [116.04605970000004, -4.07710850000001]]], [[[134.61812270000001, -4.073996099999972], [134.61812270000001, -4.073996099999972]]], [[[131.38446070000003, -4.141487800000016], [131.33304110000003, -4.10365080000002], [131.2815847, -4.0703756], [131.2982941, -4.120864700000022], [131.35147459999996, -4.1460153], [131.40000130000004, -4.172765599999979], [131.38446070000003, -4.141487800000016]]], [[[116.18087870000002, -4.045289], [116.18087870000002, -4.045289]]], [[[116.1980998, -4.024939399999978], [116.1980998, -4.024939399999978]]], [[[134.35565249999996, -4.02622219999998], [134.35565249999996, -4.02622219999998]]], [[[133.47241709999997, -4.016248300000031], [133.47241709999997, -4.016248300000031]]], [[[134.23205629999998, -3.99967989999997], [134.26055209999998, -4.043174600000016], [134.23205629999998, -4.001563600000042], [134.23205629999998, -3.99967989999997]]], [[[131.2129536, -3.981872499999978], [131.219763, -4.035220799999967], [131.2129536, -3.981872499999978]]], [[[123.0178796, -3.978794899999977], [122.99040830000004, -4.023014400000042], [122.949583, -4.054726599999976], [122.94855159999999, -4.1235685], [122.9883523, -4.155799399999955], [123.0127485, -4.20427239999997], [123.05615160000002, -4.238433], [123.10315209999996, -4.256863800000039], [123.15335710000002, -4.237260100000013], [123.1873756, -4.193421], [123.220749, -4.153963799999955], [123.25321859999997, -4.1101225], [123.24870990000004, -4.059330799999989], [123.20890190000003, -4.019893700000027], [123.15344330000005, -4.014877600000039], [123.102608, -4.020558], [123.05408110000003, -4.000838700000015], [123.0178796, -3.978794899999977]]], [[[122.606741, -3.976893], [122.606741, -3.976893]]], [[[134.38157339999998, -3.981870399999982], [134.36183229999997, -4.029304500000014], [134.41281570000004, -4.030331900000023], [134.3894698, -3.984781599999982], [134.38157339999998, -3.981870399999982]]], [[[131.4233494, -3.952112099999978], [131.36824610000002, -3.970264700000021], [131.39296530000001, -4.021466699999971], [131.416885, -4.068167099999959], [131.44154550000002, -4.0202681], [131.423521, -3.971806], [131.4233494, -3.952112099999978]]], [[[134.77072969999998, -3.947277800000021], [134.77072969999998, -3.947277800000021]]], [[[134.09699840000002, -3.9149065], [134.077944, -3.966625600000013], [134.1215459, -3.997792599999956], [134.17613430000003, -4.015773], [134.14987010000002, -3.969708099999975], [134.11639609999997, -3.9316899], [134.09699840000002, -3.9149065]]], [[[130.93162729999997, -3.871775700000041], [130.93162729999997, -3.871775700000041]]], [[[134.03392149999996, -3.8550959], [134.03392149999996, -3.8550959]]], [[[116.3205956, -3.827020399999965], [116.3205956, -3.827020399999965]]], [[[127.2045904, -3.819866500000019], [127.1512732, -3.834239], [127.16407540000002, -3.888798899999985], [127.21346659999998, -3.904706], [127.2424824, -3.8633314], [127.2045904, -3.819866500000019]]], [[[134.02181070000003, -3.80871809999997], [134.02181070000003, -3.80871809999997]]], [[[134.16497629999998, -3.784738199999966], [134.16497629999998, -3.784738199999966]]], [[[133.88594939999996, -3.7274881], [133.8830311, -3.7823018], [133.896764, -3.8331727], [133.90174219999997, -3.7775058], [133.888181, -3.7278307], [133.88594939999996, -3.7274881]]], [[[128.7812173, -3.647952699999985], [128.7812173, -3.647952699999985]]], [[[128.61302389999997, -3.656544599999984], [128.61302389999997, -3.656544599999984]]], [[[116.3452893, -3.610625], [116.3452893, -3.610625]]], [[[123.17286759999998, -3.585789700000037], [123.12590710000005, -3.56792569999998], [123.07432740000002, -3.576569600000019], [123.09312450000002, -3.63329740000003], [123.15111949999998, -3.619980100000026], [123.17286759999998, -3.585789700000037]]], [[[122.3140833, -3.531580799999984], [122.2785255, -3.570739600000012], [122.32978720000001, -3.5837497], [122.32743789999996, -3.532827400000011], [122.3140833, -3.531580799999984]]], [[[128.44987329999998, -3.509683800000014], [128.4198095, -3.554039100000034], [128.41762820000002, -3.611319300000011], [128.4702316, -3.616250299999974], [128.52027419999996, -3.612797099999982], [128.57650470000002, -3.5876872], [128.55066470000003, -3.538041300000023], [128.49929350000002, -3.5120151], [128.44987329999998, -3.509683800000014]]], [[[123.10019530000001, -3.510010499999956], [123.10019530000001, -3.510010499999956]]], [[[128.57806440000002, -3.493925500000012], [128.5707509, -3.5478524], [128.60856259999997, -3.588474899999989], [128.64460110000002, -3.628711700000038], [128.65142230000004, -3.575600599999957], [128.70710039999997, -3.598567499999989], [128.7339304, -3.551907599999977], [128.71765110000004, -3.502656], [128.68633319999998, -3.542094900000043], [128.6375829, -3.5302166], [128.597824, -3.497197700000038], [128.57806440000002, -3.493925500000012]]], [[[128.28864489999995, -3.490180899999979], [128.23885509999997, -3.508060299999977], [128.19707140000003, -3.5456], [128.16848250000004, -3.5875346], [128.11224349999998, -3.587392799999984], [128.06035609999998, -3.5890172], [128.014501, -3.6115371], [127.9659514, -3.641564100000034], [127.929218, -3.680261499999988], [127.92171470000001, -3.7306784], [127.95245789999997, -3.775578299999955], [128.0025541, -3.776632499999961], [128.03772769999998, -3.734169099999979], [128.08671659999996, -3.721863600000026], [128.12333530000006, -3.686177], [128.17147080000004, -3.663336900000031], [128.2126514, -3.632683200000015], [128.18664860000004, -3.6831148], [128.14710269999998, -3.72206880000004], [128.11276169999996, -3.76610360000001], [128.1599405, -3.749326], [128.21324640000003, -3.7483217], [128.26459109999996, -3.729545799999984], [128.30105710000004, -3.681459900000023], [128.26646050000002, -3.640342699999961], [128.3220019, -3.632193800000023], [128.32757110000003, -3.582149400000018], [128.35322839999998, -3.526566], [128.307892, -3.499341799999984], [128.28864489999995, -3.490180899999979]]], [[[100.64383950000003, -3.470073700000038], [100.64383950000003, -3.470073700000038]]], [[[123.10843980000004, -3.468953299999972], [123.05846410000004, -3.487907800000018], [123.1061303, -3.4724113], [123.10843980000004, -3.468953299999972]]], [[[119.37444950000001, -3.482729400000013], [119.37444950000001, -3.482729400000013]]], [[[122.9786149, -3.446661400000012], [122.9786149, -3.446661400000012]]], [[[132.75006079999997, -3.474659599999958], [132.75006079999997, -3.474659599999958]]], [[[116.0274389, -3.456483], [116.0274389, -3.456483]]], [[[133.61216310000003, -3.4204464], [133.61216310000003, -3.4204464]]], [[[132.67529880000004, -3.413825099999974], [132.67512719999996, -3.466430200000021], [132.69967480000003, -3.511664799999965], [132.70705619999995, -3.457348700000013], [132.67529880000004, -3.413825099999974]]], [[[132.75158969999998, -3.419359], [132.75158969999998, -3.419359]]], [[[116.41058040000004, -3.361428699999964], [116.39071720000004, -3.4127348], [116.3494114, -3.444900100000032], [116.3348231, -3.493827100000042], [116.31731709999998, -3.543916300000022], [116.35000569999997, -3.588904], [116.35969780000005, -3.646452600000034], [116.3986625, -3.613966700000033], [116.40834579999998, -3.5579632], [116.4167876, -3.507904100000021], [116.42969870000005, -3.434049600000028], [116.43118840000002, -3.368121], [116.41058040000004, -3.361428699999964]]], [[[116.02799320000003, -3.404132899999974], [116.02799320000003, -3.404132899999974]]], [[[116.06066270000002, -3.384112799999956], [116.06066270000002, -3.384112799999956]]], [[[130.78326319999996, -3.299569], [130.78326319999996, -3.299569]]], [[[126.00666679999998, -3.285214799999975], [126.00666679999998, -3.285214799999975]]], [[[108.3933542, -3.293743299999969], [108.3933542, -3.293743299999969]]], [[[100.34943890000004, -3.291920100000018], [100.34943890000004, -3.291920100000018]]], [[[127.55289390000003, -3.263146599999962], [127.496994, -3.2934839], [127.5289866, -3.337092399999959], [127.583219, -3.344905099999968], [127.63025320000003, -3.36688240000001], [127.62495040000002, -3.306815600000041], [127.58371409999997, -3.275082100000033], [127.55289390000003, -3.263146599999962]]], [[[100.57216459999998, -3.273182399999969], [100.57216459999998, -3.273182399999969]]], [[[113.3798837, -3.2984679], [113.3980798, -3.251166799999956], [113.36649409999995, -3.301724100000031], [113.3798837, -3.2984679]]], [[[108.3882779, -3.257365099999971], [108.3882779, -3.257365099999971]]], [[[100.40806019999995, -3.2225641], [100.40806019999995, -3.2225641]]], [[[108.1939092, -3.2287022], [108.1939092, -3.2287022]]], [[[126.008131, -3.223164600000034], [126.008131, -3.223164600000034]]], [[[128.17273979999996, -3.227987500000024], [128.17273979999996, -3.227987500000024]]], [[[116.26662820000003, -3.2195413], [116.21923080000002, -3.239395699999987], [116.16787590000003, -3.2805574], [116.11534679999995, -3.303600300000015], [116.09873250000001, -3.3515715], [116.08400840000004, -3.400136200000043], [116.06878250000004, -3.449406599999955], [116.04145960000001, -3.498688799999956], [116.04241830000002, -3.551795899999972], [116.01781170000004, -3.601551100000028], [116.01062150000001, -3.651303600000039], [116.0150954, -3.706474600000027], [116.04289759999998, -3.751916299999964], [116.0767717, -3.810747899999962], [116.06143250000004, -3.8584161], [116.07320710000002, -3.907377099999982], [116.0637819, -3.957509499999984], [116.0551266, -4.00699740000004], [116.0481308, -4.06241640000003], [116.09769040000003, -4.052676900000025], [116.14905920000001, -4.030819], [116.18657970000002, -3.9920566], [116.2176859, -3.945680700000038], [116.26494529999997, -3.916204700000032], [116.30090360000003, -3.880229199999958], [116.27407680000002, -3.825415], [116.30271750000001, -3.781032300000026], [116.33185880000003, -3.739537399999977], [116.302503, -3.698789900000039], [116.29882960000003, -3.645762], [116.306359, -3.589696299999973], [116.27257439999997, -3.5523952], [116.30358910000001, -3.504111700000029], [116.30470079999998, -3.443843], [116.2583022, -3.396449099999971], [116.25586270000004, -3.346218700000032], [116.26894570000002, -3.297613099999969], [116.27141279999995, -3.241187099999971], [116.26662820000003, -3.2195413]]], [[[100.48859260000003, -3.2274579], [100.48859260000003, -3.2274579]]], [[[108.2814823, -3.221620900000028], [108.2814823, -3.221620900000028]]], [[[100.45079840000002, -3.205582300000016], [100.45079840000002, -3.205582300000016]]], [[[108.19068939999997, -3.212719299999984], [108.19068939999997, -3.212719299999984]]], [[[100.396892, -3.200694299999968], [100.396892, -3.200694299999968]]], [[[107.52801829999997, -3.194196899999985], [107.51634530000004, -3.249384500000014], [107.55231169999998, -3.2028888], [107.52801829999997, -3.194196899999985]]], [[[127.80595160000001, -3.15147759999997], [127.80595160000001, -3.15147759999997]]], [[[127.76132959999995, -3.151296700000012], [127.7084807, -3.168503300000031], [127.65378350000003, -3.208676399999961], [127.69682790000005, -3.257291099999977], [127.74992840000004, -3.248336499999988], [127.79688980000005, -3.225580299999981], [127.78463940000003, -3.174524799999984], [127.76132959999995, -3.151296700000012]]], [[[100.5018344, -3.163493], [100.5018344, -3.163493]]], [[[100.30635820000005, -3.1225785], [100.30635820000005, -3.1225785]]], [[[107.85184520000003, -3.1034646], [107.85184520000003, -3.1034646]]], [[[132.44004149999998, -3.096813299999985], [132.477292, -3.132123299999973], [132.52776040000003, -3.142579], [132.4843301, -3.109669], [132.44004149999998, -3.096813299999985]]], [[[116.27474, -3.079064100000013], [116.27474, -3.079064100000013]]], [[[135.58459429999996, -3.090758], [135.58459429999996, -3.090758]]], [[[135.62167310000004, -3.091615], [135.62167310000004, -3.091615]]], [[[126.71164679999995, -3.056331], [126.659731, -3.069691], [126.60086779999997, -3.063199099999975], [126.54051860000001, -3.072360700000038], [126.48366619999999, -3.0784746], [126.43335249999998, -3.083802], [126.38022189999998, -3.095795699999988], [126.3156495, -3.097823], [126.26638290000004, -3.126799099999984], [126.22134529999997, -3.1544944], [126.1676056, -3.178813600000014], [126.12004039999997, -3.147264399999978], [126.07062439999999, -3.137856], [126.02467550000001, -3.171457200000011], [126.014537, -3.222668400000012], [126.00618679999997, -3.2743989], [126.01077479999996, -3.324880400000014], [126.02276620000004, -3.383882399999989], [126.045027, -3.4357077], [126.07474839999998, -3.478545100000014], [126.12567389999997, -3.501878700000011], [126.16130480000004, -3.541388799999973], [126.1671709, -3.59265410000001], [126.22091970000001, -3.618186599999957], [126.2663449, -3.642663799999985], [126.3102137, -3.674733199999986], [126.35294150000001, -3.703708599999961], [126.40304310000005, -3.711069399999973], [126.43973309999998, -3.746264], [126.48557359999998, -3.767076699999967], [126.53241889999995, -3.795934], [126.58214940000002, -3.803288], [126.63441810000003, -3.821337499999961], [126.67433469999997, -3.855840300000041], [126.7310434, -3.846976800000041], [126.79910830000003, -3.81095590000003], [126.85057490000003, -3.789085400000031], [126.91410610000003, -3.776458300000025], [126.9736897, -3.744905699999974], [127.05127869999998, -3.6891639], [127.10183079999999, -3.67961030000002], [127.15085639999998, -3.663993800000027], [127.20034569999997, -3.6729857], [127.23466260000004, -3.636330299999974], [127.25091660000001, -3.587395699999957], [127.25173069999997, -3.531356299999972], [127.25062529999998, -3.46884450000003], [127.2538017, -3.4147293], [127.23889, -3.364704799999958], [127.18172090000002, -3.355965799999955], [127.1357791, -3.37765519999998], [127.0766233, -3.372946899999969], [127.07077449999996, -3.321875499999988], [127.0355817, -3.279000599999977], [127.08370590000001, -3.265201100000043], [127.0848535, -3.206513599999978], [127.04044009999998, -3.172383199999979], [126.993485, -3.144850199999977], [126.93353230000002, -3.1435021], [126.88498679999996, -3.121760299999982], [126.8379153, -3.08524559999997], [126.79061209999996, -3.058939200000028], [126.71164679999995, -3.056331]]], [[[100.17875829999998, -3.055137900000011], [100.17875829999998, -3.055137900000011]]], [[[133.77454109999996, -3.0501012], [133.7760861, -3.102725300000026], [133.77454109999996, -3.0501012]]], [[[108.25574939999998, -3.044927400000025], [108.25574939999998, -3.044927400000025]]], [[[107.50335090000002, -3.033025900000014], [107.50335090000002, -3.033025900000014]]], [[[134.84370379999996, -3.0415617], [134.84370379999996, -3.0415617]]], [[[100.15310159999997, -3.02649889999998], [100.15310159999997, -3.02649889999998]]], [[[107.50963950000003, -3.017547299999974], [107.50963950000003, -3.017547299999974]]], [[[128.0597925, -2.999632599999986], [128.0597925, -2.999632599999986]]], [[[107.23283130000002, -3.001324800000022], [107.23283130000002, -3.001324800000022]]], [[[106.6979782, -2.9764762], [106.6979782, -2.9764762]]], [[[107.5090195, -2.997380499999986], [107.5090195, -2.997380499999986]]], [[[107.52937580000003, -2.999426], [107.52937580000003, -2.999426]]], [[[132.1319093, -2.965676099999987], [132.1319093, -2.965676099999987]]], [[[132.18083279999996, -2.970304799999985], [132.23765269999996, -2.979047700000043], [132.28915110000003, -2.986933399999964], [132.23061460000002, -2.968076199999976], [132.18083279999996, -2.970304799999985]]], [[[107.51396569999997, -2.9617893], [107.51396569999997, -2.9617893]]], [[[106.67916429999995, -2.965865], [106.67916429999995, -2.965865]]], [[[131.99652419999998, -2.938369], [131.99652419999998, -2.938369]]], [[[135.77273509999998, -2.935276400000026], [135.72226669999998, -2.950877], [135.7742801, -2.9585915], [135.77273509999998, -2.935276400000026]]], [[[107.52870410000004, -2.950693500000041], [107.52870410000004, -2.950693500000041]]], [[[107.47060809999998, -2.93113710000002], [107.4254578, -2.957409299999975], [107.47060809999998, -2.93113710000002]]], [[[127.92260820000004, -2.924616900000016], [127.874369, -2.959113400000019], [127.92105710000004, -2.937763], [127.92260820000004, -2.924616900000016]]], [[[107.48882750000004, -2.921728200000013], [107.48882750000004, -2.921728200000013]]], [[[135.68827769999996, -2.9417909], [135.73685789999996, -2.9138467], [135.68175459999998, -2.93047619999996], [135.68827769999996, -2.9417909]]], [[[127.9246719, -2.9114712], [127.89177510000002, -2.960528899999987], [127.86637009999995, -3.008085400000022], [127.91198339999997, -3.038552], [127.95406650000001, -3.0098488], [127.9859083, -2.961541700000032], [127.93671410000002, -2.921021199999958], [127.9246719, -2.9114712]]], [[[133.82363630000003, -2.9177584], [133.82363630000003, -2.9177584]]], [[[116.14917989999996, -2.898584800000032], [116.17656809999997, -2.946222799999971], [116.1528409, -2.899435100000042], [116.14917989999996, -2.898584800000032]]], [[[106.83460139999997, -2.909479499999962], [106.78297880000004, -2.907849900000043], [106.73217340000004, -2.9254379], [106.72921270000003, -2.97645549999997], [106.7818352, -3.006274500000023], [106.8286216, -3.031144499999955], [106.88165069999997, -3.030882], [106.90539970000005, -2.967140099999972], [106.87113690000001, -2.9262141], [106.83460139999997, -2.909479499999962]]], [[[106.7656323, -2.897084200000039], [106.7656323, -2.897084200000039]]], [[[100.16899490000004, -2.884964], [100.16899490000004, -2.884964]]], [[[106.73719370000002, -2.865408600000025], [106.73719370000002, -2.865408600000025]]], [[[110.19504069999998, -2.896841300000014], [110.17009870000004, -2.8526107], [110.13218960000003, -2.8903306], [110.1826491, -2.908073399999973], [110.19504069999998, -2.896841300000014]]], [[[100.1469789, -2.8485788], [100.1469789, -2.8485788]]], [[[107.49621409999997, -2.863353199999958], [107.49621409999997, -2.863353199999958]]], [[[106.84288329999998, -2.842601900000014], [106.84288329999998, -2.842601900000014]]], [[[106.79438850000003, -2.836326500000014], [106.79438850000003, -2.836326500000014]]], [[[107.48805570000005, -2.841469799999958], [107.48805570000005, -2.841469799999958]]], [[[107.47425090000003, -2.829795], [107.42308490000003, -2.827548299999966], [107.37796379999997, -2.856222900000011], [107.36591, -2.90936889999996], [107.40620590000003, -2.94256960000004], [107.45853890000004, -2.916450699999979], [107.47732569999998, -2.867386199999961], [107.47425090000003, -2.829795]]], [[[107.05899220000002, -2.8435174], [107.01967480000002, -2.878219699999979], [107.05997179999999, -2.909137700000015], [107.093803, -2.866217499999985], [107.05899220000002, -2.8435174]]], [[[107.42164440000005, -2.795368100000035], [107.37180639999997, -2.820491100000028], [107.43279610000002, -2.8212937], [107.42164440000005, -2.795368100000035]]], [[[100.22588870000003, -2.783963], [100.17622, -2.803633799999956], [100.18993049999996, -2.853687899999963], [100.19123279999998, -2.906214900000032], [100.1893116, -2.957692699999976], [100.206993, -3.011224699999977], [100.23298679999998, -3.05770810000004], [100.28233930000002, -3.0786819], [100.31443450000002, -3.1200066], [100.34097409999998, -3.162685200000032], [100.3532181, -3.212346599999966], [100.3794307, -3.255770800000041], [100.40311709999996, -3.301241199999955], [100.437729, -3.341440099999977], [100.445147, -3.284154800000023], [100.412265, -3.2448877], [100.38832379999997, -3.198566400000031], [100.4164336, -3.155880799999961], [100.46918819999998, -3.145709099999989], [100.463739, -3.085569200000011], [100.4540142, -3.0364307], [100.42290160000003, -2.986894400000024], [100.38976859999995, -2.947022499999969], [100.35382290000004, -2.900137900000017], [100.31065109999997, -2.874351], [100.26989250000001, -2.844695300000028], [100.24559520000003, -2.798853600000035], [100.22588870000003, -2.783963]]], [[[129.52966810000004, -2.778563], [129.4706955, -2.784260399999978], [129.41915840000001, -2.79085430000004], [129.36403220000003, -2.803378399999962], [129.34763740000002, -2.85778690000001], [129.3035373, -2.882552], [129.2576398, -2.9073159], [129.2150753, -2.93775], [129.16019550000004, -2.951166900000041], [129.1099297, -2.9519467], [129.07530509999998, -2.915336100000038], [129.06971850000002, -2.864828299999973], [129.06610110000003, -2.8101417], [129.00150649999998, -2.8199906], [128.93822360000001, -2.8458435], [128.874766, -2.857317299999968], [128.8064261, -2.86698210000001], [128.75493490000002, -2.850512699999969], [128.7011794, -2.860838800000016], [128.65487860000002, -2.84105439999996], [128.56220329999996, -2.853691099999962], [128.51386030000003, -2.836050299999988], [128.46425739999995, -2.852007], [128.40259429999998, -2.869619700000021], [128.35072630000002, -2.860216899999985], [128.29491609999997, -2.865011500000032], [128.23847050000003, -2.853910700000013], [128.1867607, -2.867089700000031], [128.1442401, -2.897286900000024], [128.12644419999998, -2.9443886], [128.0789902, -2.962396699999987], [128.128073, -2.992085], [128.10764770000003, -3.03976329999996], [128.0686347, -3.077885700000033], [128.01760340000004, -3.07448830000004], [127.9826919, -3.110547400000014], [127.93343079999995, -3.132153499999985], [127.88391220000003, -3.153368899999959], [127.87410589999999, -3.2094282], [127.88828560000005, -3.258939799999967], [127.91902180000004, -3.298416], [127.943076, -3.3518057], [127.9285288, -3.4015441], [127.9097404, -3.456432699999985], [127.90619549999998, -3.526548099999955], [127.95999750000003, -3.528131], [127.94666469999999, -3.472200200000037], [127.9732737, -3.41938090000003], [128.00832980000004, -3.381779199999963], [128.04940630000002, -3.348821600000013], [128.06227849999996, -3.300108699999955], [128.06501779999996, -3.2500971], [128.0730178, -3.196480800000041], [128.08357880000005, -3.145186600000011], [128.11938729999997, -3.109381800000028], [128.153784, -3.071769499999972], [128.1982606, -3.09706979999998], [128.18911750000004, -3.147852399999957], [128.15805080000007, -3.188175], [128.1857163, -3.232799199999976], [128.23190539999996, -3.2082143], [128.2921705, -3.226305400000024], [128.3175566, -3.286397499999955], [128.3489112, -3.342621600000035], [128.38082459999998, -3.384410100000041], [128.4126064, -3.43496359999998], [128.4603149, -3.458325], [128.5162482, -3.4588708], [128.56474859999997, -3.44329610000001], [128.6154664, -3.428376], [128.6691884, -3.431824400000034], [128.6739749, -3.380149300000019], [128.7128288, -3.324232100000019], [128.76247959999995, -3.2850541], [128.80276270000002, -3.252575199999958], [128.85073750000004, -3.229377899999959], [128.8955044, -3.203728], [128.94449910000003, -3.216237500000025], [128.96899540000004, -3.2603293], [128.94038929999996, -3.3077704], [128.9632221, -3.36163870000002], [129.015297, -3.352059300000027], [129.08436160000002, -3.341442099999965], [129.12959949999998, -3.363714800000023], [129.17770809999996, -3.381498199999983], [129.22645970000002, -3.4004384], [129.28598729999996, -3.412798799999967], [129.3360202, -3.417552900000038], [129.39503109999998, -3.416627400000023], [129.454564, -3.436067800000037], [129.50050350000004, -3.461182599999974], [129.5510519, -3.466311], [129.5661588, -3.413576899999955], [129.5314957, -3.3638359], [129.5032502, -3.314863399999963], [129.6168968, -3.316603499999966], [129.66692170000002, -3.317860200000029], [129.73125009999998, -3.3151439], [129.7828814, -3.328731399999969], [129.84162840000002, -3.331648099999979], [129.8912526, -3.3384294], [129.95183670000006, -3.3519098], [129.9744583, -3.406681399999984], [129.9946316, -3.4540574], [130.044705, -3.48986829999996], [130.0975669, -3.500635099999966], [130.14994789999997, -3.5374356], [130.200509, -3.552967700000027], [130.2485063, -3.569143600000031], [130.2983033, -3.587247], [130.34914409999996, -3.616687900000032], [130.40150010000002, -3.628722799999979], [130.44566879999996, -3.654686499999988], [130.47370960000006, -3.700906800000043], [130.52862940000003, -3.709448499999974], [130.57459839999999, -3.73436830000003], [130.6133199, -3.772534700000014], [130.6534049, -3.805072499999957], [130.7025989, -3.820716099999972], [130.75410370000003, -3.837610600000014], [130.80248979999996, -3.851097], [130.82723260000003, -3.797837100000018], [130.8308852, -3.731035100000019], [130.8333003, -3.657841700000015], [130.87875160000002, -3.620123099999956], [130.87544010000002, -3.568332200000041], [130.83586730000002, -3.53052959999996], [130.80706159999997, -3.4888371], [130.8133247, -3.426959799999969], [130.75977050000003, -3.402385199999964], [130.70765569999998, -3.40449], [130.659287, -3.389626299999977], [130.633813, -3.3391539], [130.63962540000003, -3.2868241], [130.6314645, -3.235032600000027], [130.61035269999996, -3.180683800000034], [130.58542839999998, -3.135300499999955], [130.54113940000002, -3.107227200000013], [130.48550970000002, -3.086783500000029], [130.44376430000003, -3.056433900000039], [130.4157617, -3.0147138], [130.37060559999998, -2.990670199999974], [130.3200808, -2.9787465], [130.26675330000006, -2.982160400000017], [130.2265337, -3.0146868], [130.17553709999999, -3.006161700000016], [130.12164189999996, -2.997964], [130.0457021, -3.005262699999973], [129.9872557, -2.9792222], [129.93569410000003, -2.956454899999967], [129.88210090000004, -2.9570146], [129.8627029, -2.908819], [129.80667570000003, -2.909891899999979], [129.76356480000004, -2.863256799999975], [129.7150873, -2.839826399999962], [129.65712929999998, -2.826066899999963], [129.60737789999996, -2.813332], [129.5568617, -2.808716500000036], [129.52966810000004, -2.778563]]], [[[128.99298519999996, -2.726598], [128.99298519999996, -2.726598]]], [[[134.8284259, -2.683409100000029], [134.8284259, -2.683409100000029]]], [[[110.11329890000002, -2.673156700000041], [110.07311960000001, -2.708444699999985], [110.07955920000002, -2.760038600000032], [110.12812809999997, -2.742418099999961], [110.11982919999997, -2.686746500000032], [110.11329890000002, -2.673156700000041]]], [[[132.56659470000005, -2.644354600000016], [132.56659470000005, -2.644354600000016]]], [[[132.46531450000003, -2.6242915], [132.50754319999996, -2.6544718], [132.46531450000003, -2.6242915]]], [[[131.66718019999996, -2.621376600000042], [131.61599880000003, -2.641318399999976], [131.66570439999998, -2.62441239999996], [131.66718019999996, -2.621376600000042]]], [[[108.74191269999999, -2.5974242], [108.74191269999999, -2.5974242]]], [[[108.57175710000003, -2.580640399999973], [108.57175710000003, -2.580640399999973]]], [[[107.85971580000003, -2.5390874], [107.85971580000003, -2.5390874]]], [[[107.81825460000002, -2.529056599999963], [107.76114380000001, -2.55748169999997], [107.70526919999999, -2.558963800000031], [107.65478659999997, -2.568502899999975], [107.64470069999999, -2.617786700000019], [107.62820359999996, -2.667411400000026], [107.6289673, -2.727494500000011], [107.60747580000002, -2.774150499999967], [107.5986498, -2.832270399999965], [107.57818240000002, -2.881261200000013], [107.53698860000002, -2.9143137], [107.61549189999998, -2.913543300000027], [107.59113370000003, -2.964196699999972], [107.57342309999996, -3.039979900000029], [107.59534580000002, -3.104075800000034], [107.62953249999997, -3.1427519], [107.5944879, -3.19466010000003], [107.62520410000003, -3.234516400000038], [107.67015390000003, -3.2109934], [107.7205325, -3.1900277], [107.78076360000004, -3.181662], [107.8290179, -3.167706800000031], [107.84974870000002, -3.121832299999989], [107.81431869999996, -3.085715899999981], [107.85954129999998, -3.058567299999988], [107.89877919999998, -3.096012], [107.93345680000004, -3.151135], [107.97436949999997, -3.192939300000026], [107.96593449999999, -3.243332500000024], [108.02272470000001, -3.2426204], [108.0802529, -3.2469851], [108.069272, -3.18735], [108.12316829999997, -3.1755147], [108.18532270000001, -3.146452500000036], [108.19632939999997, -3.0885007], [108.2154404, -3.036019800000018], [108.22265589999998, -2.98368], [108.2459811, -2.930456], [108.2826899, -2.885534099999971], [108.29416320000001, -2.832410199999986], [108.272473, -2.779272], [108.24635930000002, -2.734840899999986], [108.2084178, -2.701281199999956], [108.15258250000002, -2.669312], [108.116212, -2.629748100000013], [108.06961, -2.605185500000024], [108.03642019999995, -2.644953800000033], [108.01312959999996, -2.595679399999968], [107.9585901, -2.577871600000032], [107.90309520000004, -2.5748205], [107.83328349999996, -2.553372499999968], [107.81825460000002, -2.529056599999963]]], [[[134.38210630000003, -2.52993120000003], [134.38210630000003, -2.52993120000003]]], [[[133.763117, -2.512445700000027], [133.78114140000002, -2.577269699999968], [133.7979643, -2.632659], [133.80689060000003, -2.578984600000018], [133.79641929999997, -2.529938199999988], [133.763117, -2.512445700000027]]], [[[99.99826659999995, -2.50301760000003], [99.97087530000005, -2.550651399999976], [99.984089, -2.602143699999965], [99.9937083, -2.653270900000033], [100.00094770000001, -2.705388100000034], [99.99905589999999, -2.7563595], [100.01075590000002, -2.807986500000032], [100.04064940000002, -2.852339], [100.088707, -2.834833], [100.13968429999996, -2.837004], [100.168124, -2.794028799999976], [100.2180275, -2.7760895], [100.20933380000001, -2.7245446], [100.18243379999998, -2.66951840000001], [100.142656, -2.631978], [100.1013604, -2.59433380000001], [100.05008080000002, -2.559967300000016], [100.01843929999998, -2.518288400000019], [99.99826659999995, -2.50301760000003]]], [[[108.54726750000003, -2.512259199999962], [108.54726750000003, -2.512259199999962]]], [[[133.65729229999997, -2.490542900000021], [133.65729229999997, -2.490542900000021]]], [[[134.30829189999997, -2.499747900000033], [134.30829189999997, -2.499747900000033]]], [[[133.3714033, -2.489033800000035], [133.3513157, -2.4376332], [133.36785839999996, -2.496714400000039], [133.3714033, -2.489033800000035]]], [[[133.5368308, -2.437042399999962], [133.4877933, -2.415182300000025], [133.50847180000005, -2.46599220000004], [133.55455509999996, -2.4990777], [133.60713739999997, -2.5067582], [133.59768439999996, -2.456539200000025], [133.55041939999998, -2.436451600000018], [133.5368308, -2.437042399999962]]], [[[107.07661679999998, -2.407390599999976], [107.07661679999998, -2.407390599999976]]], [[[105.8019353, -2.415625600000022], [105.8019353, -2.415625600000022]]], [[[99.735768, -2.367269800000022], [99.735768, -2.367269800000022]]], [[[134.51737550000007, -2.3409313], [134.51737550000007, -2.3409313]]], [[[133.819272, -2.336578299999987], [133.819272, -2.336578299999987]]], [[[133.96048510000003, -2.353494100000015], [133.90709839999994, -2.333598099999962], [133.85394759999997, -2.356988899999985], [133.90475939999996, -2.382716], [133.97479719999998, -2.385117200000037], [133.96048510000003, -2.353494100000015]]], [[[134.51754710000006, -2.297022], [134.51754710000006, -2.297022]]], [[[134.56544069999998, -2.282957], [134.55136439999998, -2.333213], [134.50759080000003, -2.3597982], [134.531795, -2.4066212], [134.5793452, -2.430632400000016], [134.58054690000003, -2.3805514], [134.57368039999997, -2.3282389], [134.56544069999998, -2.282957]]], [[[133.9219255, -2.300558900000011], [133.87677860000002, -2.277403099999981], [133.9219255, -2.300558900000011]]], [[[130.5978409, -2.244584], [130.5978409, -2.244584]]], [[[130.2613778, -2.2247601], [130.2613778, -2.2247601]]], [[[130.4699584, -2.21842749999997], [130.4699584, -2.21842749999997]]], [[[133.62235469999996, -2.234421600000031], [133.62235469999996, -2.234421600000031]]], [[[130.54477529999997, -2.2178352], [130.54477529999997, -2.2178352]]], [[[133.75415260000003, -2.241827899999988], [133.7018556, -2.244812899999966], [133.75415260000003, -2.241827899999988]]], [[[136.26078530000004, -2.215097599999966], [136.26078530000004, -2.215097599999966]]], [[[130.4340758, -2.207636700000021], [130.4340758, -2.207636700000021]]], [[[133.72897810000003, -2.177571700000042], [133.6929292, -2.217196299999975], [133.7542124, -2.2043313], [133.72897810000003, -2.177571700000042]]], [[[133.86233730000004, -2.1994289], [133.86233730000004, -2.1994289]]], [[[106.2769757, -2.1491536], [106.2769757, -2.1491536]]], [[[123.6705118, -2.149721], [123.6705118, -2.149721]]], [[[133.85240270000003, -2.157673199999961], [133.79111950000004, -2.172425599999956], [133.8448496, -2.18855009999997], [133.85240270000003, -2.157673199999961]]], [[[130.894905, -2.145011400000014], [130.894905, -2.145011400000014]]], [[[130.45341140000002, -2.124586199999962], [130.45341140000002, -2.124586199999962]]], [[[123.56236629999995, -2.098104800000018], [123.56236629999995, -2.098104800000018]]], [[[123.916134, -2.092602699999963], [123.916134, -2.092602699999963]]], [[[130.41873069999997, -2.086945699999971], [130.41873069999997, -2.086945699999971]]], [[[130.16891229999993, -2.072042099999988], [130.16891229999993, -2.072042099999988]]], [[[123.89648809999997, -2.075942899999978], [123.89648809999997, -2.075942899999978]]], [[[130.46394410000002, -2.063211200000021], [130.414175, -2.071992200000034], [130.46492549999996, -2.070978199999979], [130.46394410000002, -2.063211200000021]]], [[[137.22739360000003, -2.0592714], [137.22739360000003, -2.0592714]]], [[[130.4383646, -2.055748], [130.4383646, -2.055748]]], [[[124.40387689999997, -2.042218299999982], [124.40387689999997, -2.042218299999982]]], [[[99.59323819999997, -2.030526099999969], [99.55538409999998, -2.069403399999976], [99.561149, -2.120684499999987], [99.53137570000001, -2.1672874], [99.55937240000002, -2.217285900000016], [99.60408920000002, -2.242312500000027], [99.6149933, -2.292968099999976], [99.67244839999998, -2.288483700000016], [99.71083240000003, -2.327989599999986], [99.76933990000003, -2.340771199999987], [99.8115829, -2.3702547], [99.8510669, -2.402182900000033], [99.84359539999998, -2.347770400000011], [99.8142227, -2.3035172], [99.77990690000003, -2.265736], [99.74877150000003, -2.225279399999975], [99.72069750000004, -2.182593200000033], [99.709907, -2.129957799999966], [99.6916699, -2.075353], [99.64519569999999, -2.045964399999962], [99.5918612, -2.035087099999961], [99.59323819999997, -2.030526099999969]]], [[[123.7663721, -2.021545100000017], [123.7663721, -2.021545100000017]]], [[[123.88029910000003, -2.0582505], [123.86418479999998, -2.010478900000018], [123.84409490000004, -2.058079100000027], [123.88029910000003, -2.0582505]]], [[[139.25025, -2.00525], [139.25025, -2.00525]]], [[[137.17452190000006, -2.003859599999986], [137.17452190000006, -2.003859599999986]]], [[[99.566867, -2.005946900000028], [99.566867, -2.005946900000028]]], [[[130.60950049999997, -1.9989422], [130.60950049999997, -1.9989422]]], [[[134.15877489999997, -2.02376], [134.15877489999997, -2.02376]]], [[[134.3889728, -2.082430500000038], [134.41025880000004, -2.030622200000016], [134.3687167, -1.998369799999972], [134.3446841, -2.046061900000035], [134.32820470000001, -2.094095700000038], [134.3422809, -2.153449800000013], [134.38759949999996, -2.10473159999996], [134.3889728, -2.082430500000038]]], [[[130.56197090000003, -1.989451699999984], [130.56197090000003, -1.989451699999984]]], [[[99.57181170000003, -1.988376700000034], [99.57181170000003, -1.988376700000034]]], [[[123.48825, -1.985], [123.48825, -1.985]]], [[[125.91376990000003, -1.9821996], [125.87903209999996, -2.022691199999988], [125.85625010000004, -2.093808299999973], [125.88091, -2.140888600000041], [125.891264, -2.201385], [125.9151874, -2.26082290000001], [125.94644309999998, -2.304319], [125.95941430000005, -2.359516], [125.97361419999999, -2.4123685], [126.01788830000004, -2.459897599999989], [126.0732425, -2.444093899999961], [126.05926760000003, -2.3931278], [126.03314249999998, -2.339254299999977], [126.01086450000003, -2.281271], [125.98437090000004, -2.231584600000042], [125.96290070000003, -2.1829611], [125.96123729999998, -2.116787100000012], [125.98328090000001, -2.0653631], [125.98721220000003, -2.015497500000036], [125.947301, -1.983942399999956], [125.91376990000003, -1.9821996]]], [[[130.48663949999997, -1.974829600000023], [130.48663949999997, -1.974829600000023]]], [[[137.2141757, -1.9819002], [137.2141757, -1.9819002]]], [[[99.58087009999998, -1.967445200000013], [99.58087009999998, -1.967445200000013]]], [[[124.333207, -1.967137400000036], [124.31736270000003, -2.01534380000002], [124.36346110000004, -2.043840700000016], [124.37246659999997, -1.9937458], [124.333207, -1.967137400000036]]], [[[137.2219005, -1.969033299999962], [137.2219005, -1.969033299999962]]], [[[132.0867503, -1.954791700000042], [132.05670949999998, -2.000598], [132.1009982, -1.970746799999985], [132.0867503, -1.954791700000042]]], [[[123.4765, -1.93825], [123.4765, -1.93825]]], [[[139.00825, -1.933], [139.00825, -1.933]]], [[[121.43995870000003, -1.93620890000002], [121.43995870000003, -1.93620890000002]]], [[[123.54175, -1.915], [123.54175, -1.915]]], [[[123.72649810000004, -1.960423800000017], [123.7314763, -1.90775370000001], [123.697144, -1.953389700000036], [123.72649810000004, -1.960423800000017]]], [[[136.40685229999997, -1.913618499999965], [136.40685229999997, -1.913618499999965]]], [[[136.3759532, -1.905898], [136.32913119999998, -1.92807379999998], [136.3759532, -1.905898]]], [[[123.7763328, -1.9225973], [123.7763328, -1.9225973]]], [[[121.37888560000002, -1.9030186], [121.37888560000002, -1.9030186]]], [[[123.65202429999997, -1.9007331], [123.64842140000002, -1.956120799999967], [123.65202429999997, -1.9007331]]], [[[99.2990019, -1.90389749999998], [99.2990019, -1.90389749999998]]], [[[136.29227790000002, -1.916225400000011], [136.29227790000002, -1.916225400000011]]], [[[136.36616849999996, -1.887711899999973], [136.36616849999996, -1.887711899999973]]], [[[123.67793840000004, -1.882822], [123.67793840000004, -1.882822]]], [[[125.38655020000003, -1.879689400000013], [125.38655020000003, -1.879689400000013]]], [[[123.80697289999996, -1.90704139999996], [123.77074279999997, -1.942239099999982], [123.79373829999997, -1.99161679999998], [123.84481319999998, -1.993594800000038], [123.84544840000004, -1.940783199999958], [123.80697289999996, -1.90704139999996]]], [[[99.28989129999997, -1.880028600000012], [99.28989129999997, -1.880028600000012]]], [[[123.36574610000002, -1.8671717], [123.36574610000002, -1.8671717]]], [[[123.77028789999999, -1.881806799999969], [123.77028789999999, -1.881806799999969]]], [[[123.69643490000003, -1.863566], [123.69643490000003, -1.863566]]], [[[99.08406940000003, -1.86733249999998], [99.08406940000003, -1.86733249999998]]], [[[137.09624440000002, -1.894403], [137.09624440000002, -1.894403]]], [[[99.31901790000002, -1.85429590000002], [99.31901790000002, -1.85429590000002]]], [[[131.960157, -1.846359299999973], [131.94198319999998, -1.897940899999979], [131.960157, -1.846359299999973]]], [[[121.40482150000003, -1.836517699999957], [121.40482150000003, -1.836517699999957]]], [[[137.0318713, -1.834010199999964], [136.97384980000007, -1.8346965], [137.021915, -1.858373499999983], [137.0318713, -1.834010199999964]]], [[[127.6318158, -1.8205893], [127.58041840000004, -1.830757699999969], [127.6286427, -1.8498259], [127.6318158, -1.8205893]]], [[[124.0020293, -1.820990299999965], [124.01815109999997, -1.889908299999982], [124.01949770000002, -1.838799800000041], [124.0020293, -1.820990299999965]]], [[[129.65705059999996, -1.8266006], [129.65705059999996, -1.8266006]]], [[[123.25970659999997, -1.803581299999985], [123.25970659999997, -1.803581299999985]]], [[[126.45754669999997, -1.7998073], [126.404954, -1.812571299999972], [126.3527459, -1.8233072], [126.40272620000002, -1.830862], [126.45325020000001, -1.839073], [126.45754669999997, -1.7998073]]], [[[129.64156839999998, -1.810539], [129.64156839999998, -1.810539]]], [[[99.26421730000004, -1.793491], [99.2450588, -1.843732599999976], [99.29486950000002, -1.833704399999975], [99.26421730000004, -1.793491]]], [[[135.80586580000005, -1.784768], [135.80586580000005, -1.784768]]], [[[129.64655329999994, -1.804401399999984], [129.64655329999994, -1.804401399999984]]], [[[125.40917569999996, -1.776665100000036], [125.36003470000003, -1.788752], [125.32886730000004, -1.841949699999985], [125.3538901, -1.887939299999958], [125.4013656, -1.871994100000036], [125.43317069999998, -1.913167899999985], [125.4762217, -1.939639099999974], [125.52820730000003, -1.94844840000002], [125.57938170000001, -1.929696], [125.6684716, -1.931618099999961], [125.7322088, -1.930356700000042], [125.78349909999996, -1.9305633], [125.84298259999998, -1.895279500000042], [125.9029406, -1.935866500000023], [125.9556331, -1.918908100000023], [126.01247030000002, -1.9070075], [126.057804, -1.885713199999978], [126.11052879999998, -1.8833562], [126.16068769999995, -1.8864004], [126.21804539999995, -1.870783699999985], [126.27668209999999, -1.856710799999989], [126.32462, -1.837674800000039], [126.2759673, -1.821682500000039], [126.225805, -1.818644300000011], [126.16106659999996, -1.809014400000015], [126.10527509999997, -1.808668099999961], [126.03721360000003, -1.801733400000034], [125.95952340000002, -1.796202800000019], [125.90808690000003, -1.797058400000024], [125.8584481, -1.8034463], [125.79907980000002, -1.809076800000026], [125.74943519999997, -1.815076799999977], [125.6980066, -1.82803270000001], [125.6468029, -1.82167], [125.59789160000004, -1.8083476], [125.54669110000003, -1.806617500000025], [125.49765709999997, -1.8198594], [125.4644791, -1.780326600000032], [125.41990570000004, -1.805635300000025], [125.40917569999996, -1.776665100000036]]], [[[137.14739939999998, -1.782194300000024], [137.09452770000001, -1.80964660000001], [137.1010509, -1.861804900000037], [137.1413913, -1.896633399999976], [137.1432796, -1.824916800000038], [137.14739939999998, -1.782194300000024]]], [[[129.65946660000003, -1.774260500000031], [129.65946660000003, -1.774260500000031]]], [[[129.62513159999997, -1.772983399999967], [129.62513159999997, -1.772983399999967]]], [[[123.10544059999995, -1.774309800000024], [123.06817130000005, -1.817043199999963], [123.05814830000003, -1.86743090000004], [123.05242639999999, -1.921041399999963], [123.096225, -1.896302400000033], [123.13867020000004, -1.860821799999963], [123.14399450000002, -1.8081468], [123.10544059999995, -1.774309800000024]]], [[[124.34936010000003, -1.765934], [124.34936010000003, -1.765934]]], [[[125.54574459999998, -1.770298699999968], [125.54574459999998, -1.770298699999968]]], [[[129.69456279999997, -1.756199700000034], [129.69456279999997, -1.756199700000034]]], [[[125.69483930000004, -1.762745700000041], [125.69483930000004, -1.762745700000041]]], [[[124.289304, -1.7518668], [124.289304, -1.7518668]]], [[[124.17513030000003, -1.74823], [124.17513030000003, -1.74823]]], [[[123.54084650000001, -1.75200150000004], [123.54084650000001, -1.75200150000004]]], [[[134.23379089999997, -1.7418729], [134.18486590000003, -1.783507499999965], [134.15156510000003, -1.825088400000025], [134.1457286, -1.881707], [134.1603198, -1.932662200000019], [134.1907039, -1.883251100000011], [134.2152515, -1.823029500000024], [134.2315593, -1.773443799999958], [134.23379089999997, -1.7418729]]], [[[135.77942990000003, -1.728489500000025], [135.77942990000003, -1.728489500000025]]], [[[108.74404840000003, -1.700633400000024], [108.69305950000003, -1.7105186], [108.75054939999995, -1.717852199999987], [108.74404840000003, -1.700633400000024]]], [[[129.77760010000003, -1.712542899999987], [129.77760010000003, -1.712542899999987]]], [[[124.34682949999998, -1.7063664], [124.34682949999998, -1.7063664]]], [[[99.29383949999998, -1.705396], [99.29383949999998, -1.705396]]], [[[123.3776377, -1.672770900000026], [123.32947129999997, -1.706086600000029], [123.2901865, -1.745985900000042], [123.27579569999999, -1.797597], [123.3203442, -1.765750599999977], [123.36000220000004, -1.73260969999996], [123.38170740000004, -1.685901599999957], [123.3776377, -1.672770900000026]]], [[[130.3537058, -1.673864299999989], [130.295092, -1.695702399999972], [130.25659219999997, -1.729753499999982], [130.195326, -1.7175002], [130.14469559999998, -1.720234800000037], [130.08511019999997, -1.73008719999997], [130.02686349999996, -1.7434134], [129.9784555, -1.770379800000017], [129.92262489999996, -1.783137800000018], [129.87783869999998, -1.807988799999977], [129.83000749999997, -1.829425399999957], [129.77918110000002, -1.8461695], [129.730943, -1.8672232], [129.7556092, -1.912674600000026], [129.808489, -1.935006199999984], [129.850189, -1.968060699999958], [129.89837249999997, -1.98634], [129.94937170000003, -1.998686299999958], [130.0009432, -2.011728400000019], [130.05296369999996, -2.024803100000023], [130.11227289999997, -2.037088700000018], [130.1682396, -2.0537742], [130.22281350000003, -2.05702190000004], [130.274775, -2.0430376], [130.30925430000002, -2.004532299999957], [130.342391, -1.9610527], [130.37654810000004, -2.000331600000022], [130.42179630000004, -2.022775300000019], [130.4738614, -2.010024800000016], [130.42416569999997, -1.999645900000042], [130.40643319999998, -1.952731700000038], [130.36030260000007, -1.9334371], [130.3941448, -1.890231099999957], [130.43790689999997, -1.845647699999981], [130.42083750000003, -1.789698099999965], [130.3837094, -1.755958299999955], [130.3770361, -1.702202900000033], [130.3537058, -1.673864299999989]]], [[[124.9648923, -1.664463], [124.9648923, -1.664463]]], [[[138.803, -1.66375], [138.803, -1.66375]]], [[[99.301981, -1.687205800000042], [99.301981, -1.687205800000042]]], [[[124.9987825, -1.659734900000027], [124.9987825, -1.659734900000027]]], [[[124.52051360000004, -1.655307], [124.46761490000003, -1.663241800000021], [124.4004335, -1.659615900000039], [124.3623464, -1.703550599999987], [124.36460119999995, -1.7540514], [124.348002, -1.801407299999964], [124.34475590000001, -1.853454699999963], [124.34383170000001, -1.9073049], [124.38303660000004, -1.949902399999976], [124.39218130000003, -2.019461600000023], [124.4451171, -2.024003799999969], [124.49667540000003, -2.0158084], [124.54834930000004, -2.009408600000013], [124.6166784, -1.991946], [124.67331869999997, -1.975139], [124.73071270000003, -1.940625699999982], [124.77446259999996, -1.915620499999966], [124.8317189, -1.899695], [124.88892619999999, -1.923518], [124.94020379999998, -1.9280462], [124.99436430000003, -1.931629600000024], [125.04184229999996, -1.886939], [125.09349450000003, -1.896974400000035], [125.15518509999998, -1.874271800000022], [125.20681589999997, -1.8823878], [125.2674729, -1.886343900000027], [125.31843530000003, -1.8920727], [125.31733319999996, -1.832432399999979], [125.31668780000004, -1.780137800000043], [125.26838560000003, -1.798228899999971], [125.29482690000003, -1.7505325], [125.25267709999997, -1.723531200000023], [125.2248203, -1.767622400000041], [125.19775570000003, -1.720392400000021], [125.14615060000003, -1.714121500000038], [125.1066107, -1.747311600000041], [125.0588893, -1.765753599999959], [125.02355680000002, -1.728170800000035], [124.97725409999998, -1.7080185], [124.91590240000002, -1.7041477], [124.86984519999996, -1.681377299999982], [124.81978120000002, -1.677647700000035], [124.76640339999999, -1.670874100000026], [124.71726379999998, -1.656466100000015], [124.66894730000003, -1.64356350000004], [124.61435580000003, -1.638591], [124.56399629999999, -1.6410243], [124.52051360000004, -1.655307]]], [[[137.96925, -1.60425], [137.96925, -1.60425]]], [[[128.36104, -1.6072718], [128.308121, -1.6180053], [128.32937059999998, -1.664163800000013], [128.36555659999996, -1.62867650000001], [128.36104, -1.6072718]]], [[[135.47151139999997, -1.597147400000038], [135.41302010000004, -1.600385700000013], [135.44820420000002, -1.64229980000002], [135.4886356, -1.6790729], [135.54837370000004, -1.676155899999971], [135.6269946, -1.686451100000037], [135.67334319999998, -1.7068699], [135.72278170000004, -1.6957168], [135.7729068, -1.7145912], [135.82114359999997, -1.736039100000026], [135.86680560000002, -1.763835299999956], [135.91693069999997, -1.762634299999972], [135.95589780000003, -1.7983226], [136.01374769999998, -1.821485299999976], [136.06043959999997, -1.840358400000037], [136.117446, -1.853264], [136.16652630000002, -1.866780400000041], [136.21647979999997, -1.874501099999987], [136.25779440000002, -1.905906600000035], [136.29620089999997, -1.873647399999962], [136.351749, -1.8672951], [136.39723920000003, -1.888226600000015], [136.45045430000002, -1.8834227], [136.51654389999996, -1.8954324], [136.56495240000004, -1.8672951], [136.6167941, -1.865407899999989], [136.6696658, -1.85254], [136.72030589999997, -1.816509599999955], [136.773521, -1.817882200000016], [136.82639270000004, -1.822514799999981], [136.87308460000003, -1.80312670000003], [136.7889705, -1.739299200000028], [136.7323222, -1.7386129], [136.6696658, -1.7267737], [136.6125026, -1.727974699999974], [136.55516770000003, -1.7211114], [136.5057292, -1.711674299999972], [136.45337249999997, -1.699320099999985], [136.4017024, -1.720425099999973], [136.3515773, -1.70566880000001], [136.30438440000003, -1.686603400000026], [136.252357, -1.672037800000032], [136.20326190000003, -1.648873199999985], [136.14918849999998, -1.652819800000033], [136.09202530000002, -1.649044799999972], [136.0398402, -1.6555652], [135.99057340000002, -1.645956200000038], [135.9365001, -1.642695900000019], [135.88500170000003, -1.641494800000027], [135.8312717, -1.638920899999958], [135.75265079999997, -1.629826599999957], [135.70012239999997, -1.625193599999958], [135.64175750000004, -1.626223199999972], [135.58682590000006, -1.6130105], [135.53278290000003, -1.611002500000042], [135.47151139999997, -1.597147400000038]]], [[[138.72925, -1.58825], [138.72925, -1.58825]]], [[[124.47610309999997, -1.579174300000014], [124.47610309999997, -1.579174300000014]]], [[[108.77679319999996, -1.5754128], [108.77679319999996, -1.5754128]]], [[[128.09969240000004, -1.562839099999975], [128.09969240000004, -1.562839099999975]]], [[[108.89784830000002, -1.535030900000029], [108.85765029999999, -1.572581300000026], [108.79951480000004, -1.572135], [108.83184690000002, -1.614644500000024], [108.83060410000003, -1.666202699999959], [108.8810882, -1.673499299999987], [108.93829150000002, -1.651842299999979], [108.98276910000003, -1.602448399999973], [108.94910120000002, -1.565192199999982], [108.901739, -1.544626899999974], [108.89784830000002, -1.535030900000029]]], [[[123.470122, -1.553815300000034], [123.470122, -1.553815300000034]]], [[[128.70987939999998, -1.507359], [128.70987939999998, -1.507359]]], [[[128.73498790000002, -1.506460399999982], [128.73498790000002, -1.506460399999982]]], [[[105.88867690000002, -1.500206299999968], [105.825031, -1.527395400000026], [105.754396, -1.529799800000015], [105.70148149999999, -1.5239376], [105.60638590000002, -1.531384], [105.55136229999998, -1.557006], [105.49952619999996, -1.559595299999989], [105.4396601, -1.5902469], [105.39154559999997, -1.605910900000024], [105.36150480000005, -1.650524899999956], [105.32099270000005, -1.696510500000043], [105.378671, -1.7224198], [105.39978529999996, -1.769261599999956], [105.35995990000004, -1.8337744], [105.29644519999997, -1.873235800000012], [105.2432301, -1.900000500000038], [105.192075, -1.917843400000036], [105.127187, -1.957646], [105.1096776, -2.021294], [105.12615709999997, -2.07327419999997], [105.20409130000002, -2.072244899999982], [105.29404189999998, -2.149783200000039], [105.343652, -2.1264534], [105.41836779999997, -2.116107299999987], [105.47668959999997, -2.098834700000014], [105.56046040000003, -2.083224], [105.65109759999996, -2.118047799999962], [105.72662860000003, -2.125938799999966], [105.77376539999997, -2.15687110000003], [105.78674979999997, -2.2109052], [105.7986345, -2.263990199999972], [105.82687879999997, -2.314109899999989], [105.80267459999997, -2.364707899999969], [105.83477519999998, -2.410844700000043], [105.8829037, -2.427029900000017], [105.9263539, -2.4578689], [105.9353192, -2.522433200000036], [105.911038, -2.566656], [105.88680580000002, -2.642885200000029], [105.90773129999998, -2.696548200000032], [105.9291147, -2.7526839], [105.9548732, -2.796859], [106.00341740000005, -2.822476199999963], [106.05969430000005, -2.8290258], [106.12452540000004, -2.8504638], [106.18214959999997, -2.869456800000043], [106.2326624, -2.898778299999966], [106.289467, -2.906860299999964], [106.32938429999997, -2.944717899999977], [106.3855175, -2.971045499999986], [106.43946530000002, -2.987373], [106.48050970000001, -3.0358241], [106.49570990000002, -3.0845236], [106.5465731, -3.101063899999962], [106.59958319999998, -3.076098899999986], [106.65329009999998, -3.084505800000043], [106.70561339999998, -3.096178899999986], [106.74320840000003, -3.0565837], [106.74352720000003, -3.006240599999972], [106.68329739999999, -2.989898900000016], [106.6347173, -2.9717274], [106.59300350000004, -2.915325499999961], [106.61669279999998, -2.836289100000029], [106.66286969999999, -2.717467500000021], [106.7112782, -2.641333199999957], [106.74904370000003, -2.606522499999981], [106.80363210000004, -2.5794278], [106.75077879999998, -2.5540149], [106.69675150000003, -2.539331799999973], [106.63401460000003, -2.5321261], [106.57236640000004, -2.520569799999956], [106.48205980000002, -2.496307], [106.4342469, -2.476444], [106.3796909, -2.472851799999971], [106.33019389999998, -2.444749699999955], [106.27954949999999, -2.388779500000011], [106.2504581, -2.340565799999956], [106.22612110000003, -2.2800172], [106.21192729999999, -2.229210399999976], [106.19146880000002, -2.176041199999974], [106.16739790000003, -2.103862], [106.1588571, -2.036433900000018], [106.1623051, -1.928651900000029], [106.17660170000003, -1.8797837], [106.1217082, -1.8325174], [106.0917523, -1.770462600000029], [106.06212550000004, -1.714339599999965], [106.02135030000002, -1.655628], [106.0551885, -1.61843720000004], [106.01763520000003, -1.580400799999977], [105.97544129999997, -1.5497777], [105.92506869999998, -1.547060599999989], [105.88867690000002, -1.500206299999968]]], [[[128.6440341, -1.509669799999964], [128.6440341, -1.509669799999964]]], [[[127.3954664, -1.483329699999986], [127.3954664, -1.483329699999986]]], [[[123.5473696, -1.5093708], [123.49947609999997, -1.528075399999979], [123.47767510000003, -1.57423530000001], [123.47918550000004, -1.624634100000028], [123.4835893, -1.680308199999986], [123.5136944, -1.725088], [123.5677973, -1.72849480000002], [123.61311589999995, -1.698467499999962], [123.61569090000003, -1.648192100000029], [123.6040179, -1.596199600000043], [123.55475110000003, -1.581957199999968], [123.55595269999998, -1.5303062], [123.5473696, -1.5093708]]], [[[123.56419239999997, -1.502335199999989], [123.56419239999997, -1.502335199999989]]], [[[109.04673840000004, -1.479407600000011], [109.04673840000004, -1.479407600000011]]], [[[135.1263455, -1.474231099999985], [135.1589611, -1.521250299999972], [135.2095926, -1.526398300000038], [135.262121, -1.526741500000012], [135.31547339999997, -1.513554], [135.27087579999997, -1.490876700000038], [135.22332550000002, -1.508208600000033], [135.17797260000003, -1.477345700000027], [135.12720379999996, -1.4766336], [135.1263455, -1.474231099999985]]], [[[130.2651404, -1.462148299999983], [130.21065230000002, -1.478554699999963], [130.2648151, -1.4709316], [130.2651404, -1.462148299999983]]], [[[131.7240298, -1.439005599999971], [131.66921210000004, -1.445453899999977], [131.61222059999994, -1.462957699999984], [131.60484030000003, -1.512560899999988], [131.65359210000003, -1.5475673], [131.70303059999998, -1.5197682], [131.741826, -1.457647700000015], [131.7240298, -1.439005599999971]]], [[[128.9244212, -1.378606], [128.9244212, -1.378606]]], [[[130.9261325, -1.372904300000039], [130.9261325, -1.372904300000039]]], [[[130.98351550000004, -1.38902840000002], [130.98351550000004, -1.38902840000002]]], [[[127.35139239999998, -1.371566700000033], [127.29800319999998, -1.396930399999958], [127.32125030000002, -1.44474260000001], [127.37581229999998, -1.42545170000002], [127.38391459999997, -1.3733932], [127.35139239999998, -1.371566700000033]]], [[[99.12236250000002, -1.361277700000036], [99.12236250000002, -1.361277700000036]]], [[[127.64229110000004, -1.330851500000014], [127.59021580000004, -1.360120699999962], [127.551011, -1.392318], [127.51756249999995, -1.4319921], [127.46467090000002, -1.439302400000015], [127.4144289, -1.419929], [127.43281230000004, -1.468454499999956], [127.41172889999997, -1.5172349], [127.41169039999998, -1.56929980000003], [127.39257319999999, -1.616710099999958], [127.41251369999998, -1.6640219], [127.457315, -1.692024300000023], [127.49724859999996, -1.7238884], [127.55026610000003, -1.731534199999968], [127.6050816, -1.735055099999967], [127.6606745, -1.728135599999964], [127.69835369999998, -1.6951661], [127.75475570000003, -1.686642299999958], [127.817727, -1.7006567], [127.87259160000002, -1.692156899999981], [127.92419890000002, -1.687987499999972], [127.9770392, -1.69796070000004], [128.0216403, -1.725908399999982], [128.07316129999998, -1.7152943], [128.1220401, -1.698174], [128.16269009999996, -1.663584], [128.15908249999998, -1.605832500000021], [128.12064620000004, -1.565593699999985], [128.058642, -1.565902599999964], [128.00585249999997, -1.528419699999956], [127.9779506, -1.483548399999963], [127.93339129999998, -1.455426900000029], [127.88943950000004, -1.425557100000036], [127.83494269999997, -1.435904100000036], [127.7939192, -1.392447699999961], [127.76028619999997, -1.353512300000032], [127.70702030000004, -1.335955099999959], [127.65446420000005, -1.3418897], [127.64229110000004, -1.330851500000014]]], [[[127.40946760000001, -1.312041600000031], [127.40946760000001, -1.312041600000031]]], [[[136.6070957, -1.31971079999998], [136.6070957, -1.31971079999998]]], [[[131.0184948, -1.287791100000019], [131.0184948, -1.287791100000019]]], [[[109.1353279, -1.291959500000035], [109.1353279, -1.291959500000035]]], [[[109.14584609999996, -1.287295799999983], [109.14584609999996, -1.287295799999983]]], [[[136.60864070000002, -1.28779], [136.60864070000002, -1.28779]]], [[[109.15927609999997, -1.2662349], [109.15927609999997, -1.2662349]]], [[[129.761456, -1.275248399999979], [129.761456, -1.275248399999979]]], [[[136.67146870000005, -1.269598400000033], [136.67146870000005, -1.269598400000033]]], [[[136.61293220000002, -1.2536378], [136.61293220000002, -1.2536378]]], [[[136.2219569, -1.229107700000027], [136.2219569, -1.229107700000027]]], [[[136.5288926, -1.228913], [136.5288926, -1.228913]]], [[[129.82705779999998, -1.2239912], [129.82705779999998, -1.2239912]]], [[[136.33999060000002, -1.226521600000014], [136.33999060000002, -1.226521600000014]]], [[[129.78656250000003, -1.219382], [129.78656250000003, -1.219382]]], [[[136.70165090000003, -1.2241812], [136.70165090000003, -1.2241812]]], [[[131.06084529999998, -1.2302591], [131.06084529999998, -1.2302591]]], [[[131.11165709999997, -1.22270770000002], [131.11165709999997, -1.22270770000002]]], [[[129.6552013, -1.2158029], [129.6552013, -1.2158029]]], [[[136.44796559999997, -1.2309838], [136.44796559999997, -1.2309838]]], [[[136.596281, -1.2282379], [136.596281, -1.2282379]]], [[[131.1595506, -1.22493879999997], [131.1595506, -1.22493879999997]]], [[[100.33821690000002, -1.203744], [100.33821690000002, -1.203744]]], [[[100.38468159999996, -1.208028], [100.38468159999996, -1.208028]]], [[[131.15028090000004, -1.202284599999965], [131.15028090000004, -1.202284599999965]]], [[[129.673381, -1.183311900000012], [129.673381, -1.183311900000012]]], [[[109.26025379999999, -1.182299800000026], [109.2275, -1.22025], [109.26749680000002, -1.189690400000016], [109.26025379999999, -1.182299800000026]]], [[[131.0968942, -1.2003968], [131.0968942, -1.2003968]]], [[[123.31561929999995, -1.239566300000023], [123.325919, -1.189967300000012], [123.27493559999996, -1.2157108], [123.294505, -1.269599799999972], [123.31561929999995, -1.239566300000023]]], [[[127.54934210000005, -1.1721864], [127.50937539999997, -1.202838699999981], [127.4659472, -1.239673199999986], [127.51369240000002, -1.26869819999998], [127.5649248, -1.2465595], [127.6176711, -1.267854499999983], [127.66452970000003, -1.28721240000001], [127.69682030000004, -1.2475311], [127.64791619999997, -1.220826200000042], [127.59695690000002, -1.209845099999979], [127.54934210000005, -1.1721864]]], [[[129.4648613, -1.168528699999955], [129.4648613, -1.168528699999955]]], [[[129.35778179999994, -1.1611965], [129.35778179999994, -1.1611965]]], [[[131.06187530000003, -1.183406], [131.06187530000003, -1.183406]]], [[[129.334982, -1.1546238], [129.334982, -1.1546238]]], [[[129.7461218, -1.154416700000011], [129.69873739999997, -1.170672], [129.7461218, -1.154416700000011]]], [[[123.1722754, -1.149504975421218], [123.15133939999997, -1.19769039999998], [123.10962570000002, -1.163537], [123.05023089999997, -1.177782], [122.99581420000004, -1.196832300000034], [122.94448739999999, -1.1843037], [122.89075740000003, -1.2088459], [122.86414990000003, -1.254154099999989], [122.82432450000002, -1.2884779], [122.81128569999996, -1.337247699999972], [122.79171630000002, -1.3998862], [122.79137759999998, -1.453721], [122.82381690000003, -1.493755], [122.8468196, -1.542661299999965], [122.8694789, -1.59637120000003], [122.92235059999997, -1.586418699999987], [122.95445119999998, -1.543176100000016], [122.99582160000003, -1.514862099999965], [123.02586239999997, -1.461321799999988], [123.04800669999997, -1.406922199999967], [123.0857722, -1.358527799999971], [123.11965950000004, -1.296218700000013], [123.15598170000003, -1.33570309999998], [123.14533869999997, -1.385985699999976], [123.1705729, -1.431805500000022], [123.17726769999999, -1.486719299999956], [123.14877189999999, -1.535625799999957], [123.11186470000001, -1.581270800000018], [123.15392180000003, -1.614217], [123.20868170000003, -1.617820399999987], [123.25451529999997, -1.640127400000042], [123.24644720000005, -1.587791399999967], [123.2495371, -1.5143473], [123.25726190000003, -1.448279800000025], [123.29657439999997, -1.4117294], [123.32438150000002, -1.453942799999981], [123.35596719999995, -1.497701899999965], [123.40431779999997, -1.5215319], [123.45776240000002, -1.51880890000003], [123.47149530000004, -1.466984800000033], [123.52076210000001, -1.437640099999966], [123.53689830000002, -1.390104399999965], [123.55251950000005, -1.337076099999985], [123.55972929999999, -1.281472299999981], [123.5032527, -1.269459], [123.45707579999997, -1.24045520000003], [123.40994819999997, -1.258358300000035], [123.37399159999995, -1.222263300000021], [123.33141959999998, -1.265855], [123.30068750000004, -1.306894300000023], [123.2840411, -1.357154899999975], [123.23975239999999, -1.3882167], [123.20971169999999, -1.342910900000033], [123.19838210000003, -1.2881654], [123.23116940000001, -1.247663200000011], [123.21639910000005, -1.1901389], [123.1722754, -1.149504975421218]]], [[[130.69296779999996, -1.150270399999959], [130.69296779999996, -1.150270399999959]]], [[[129.77660239999997, -1.1492521], [129.77660239999997, -1.1492521]]], [[[123.28427449999995, -1.178099400000027], [123.28427449999995, -1.178099400000027]]], [[[128.42813919999998, -1.1464645], [128.42813919999998, -1.1464645]]], [[[129.87085159999998, -1.145028799999965], [129.81451579999998, -1.161359], [129.75432379999995, -1.173751399999984], [129.794025, -1.20489590000002], [129.888553, -1.195496800000024], [129.84243350000003, -1.221795599999959], [129.90495140000002, -1.210702400000036], [129.9636226, -1.188578500000032], [129.91441209999996, -1.160167699999965], [129.87085159999998, -1.145028799999965]]], [[[128.4058857, -1.154687500000035], [128.4058857, -1.154687500000035]]], [[[127.42541070000003, -1.146601699999989], [127.4066872, -1.1996873], [127.42822469999999, -1.151758399999975], [127.42541070000003, -1.146601699999989]]], [[[136.620142, -1.153752899999978], [136.620142, -1.153752899999978]]], [[[130.5882616, -1.1350074], [130.5882616, -1.1350074]]], [[[128.38625890000003, -1.1388441], [128.38625890000003, -1.1388441]]], [[[131.07372, -1.148737499999958], [131.07372, -1.148737499999958]]], [[[128.3917697, -1.121705099999987], [128.3917697, -1.121705099999987]]], [[[116.72537909999997, -1.113878100000038], [116.72537909999997, -1.113878100000038]]], [[[128.34745619999998, -1.115507400000022], [128.34745619999998, -1.115507400000022]]], [[[131.21173570000002, -1.130888299999972], [131.21173570000002, -1.130888299999972]]], [[[128.41384970000001, -1.093171599999982], [128.3676517, -1.0729953], [128.412925, -1.09956030000003], [128.45301380000004, -1.130590600000032], [128.41384970000001, -1.093171599999982]]], [[[131.169507, -1.081802300000041], [131.169507, -1.081802300000041]]], [[[131.17156690000002, -1.05777390000002], [131.17156690000002, -1.05777390000002]]], [[[128.3426065, -1.035063399999975], [128.3426065, -1.035063399999975]]], [[[104.20473760000004, -1.0551921], [104.20473760000004, -1.0551921]]], [[[104.2175627, -1.057614200000041], [104.2175627, -1.057614200000041]]], [[[131.2117225, -1.011232300000026], [131.2117225, -1.011232300000026]]], [[[131.14765529999997, -0.999806799999964], [131.09620760000004, -1.004395799999964], [131.08058640000002, -1.0519384], [131.10049319999996, -1.0982386], [131.13570640000003, -1.0623617], [131.14877980000003, -1.013578700000012], [131.14765529999997, -0.999806799999964]]], [[[131.257015, -0.973932299999964], [131.257015, -0.973932299999964]]], [[[109.5260398, -0.997402399999975], [109.474713, -1.001006700000035], [109.45565859999998, -1.061078499999974], [109.43832080000003, -1.150840599999976], [109.4266479, -1.204559299999969], [109.39145730000004, -1.24695], [109.420983, -1.287967], [109.49256579999997, -1.310105599999984], [109.5444076, -1.272521300000024], [109.61375879999997, -1.2368243], [109.66199559999998, -1.217431], [109.73117509999997, -1.172980399999963], [109.77958359999998, -1.147064900000034], [109.77082890000001, -1.080644499999989], [109.7567527, -1.023147600000025], [109.7183005, -0.9889922], [109.67727350000004, -1.0205731], [109.6371636, -0.986409], [109.5811431, -0.991395100000043], [109.5298163, -0.999118699999963], [109.5260398, -0.997402399999975]]], [[[128.32879290000005, -0.943530800000032], [128.33659440000002, -0.996387500000024], [128.36694019999996, -1.036228199999984], [128.41945350000003, -1.021671], [128.373608, -0.99536350000003], [128.3416244, -0.9543808], [128.32879290000005, -0.943530800000032]]], [[[130.66241930000007, -0.950330399999972], [130.66241930000007, -0.950330399999972]]], [[[134.8441239, -0.930892], [134.80069619999998, -0.972361700000041], [134.7952004, -1.02649350000002], [134.8230095, -1.0699165], [134.85133360000003, -1.114883600000011], [134.89785390000003, -1.1404562], [134.9613686, -1.125181300000017], [134.9855728, -1.074035700000026], [134.97837, -1.005214899999968], [134.94071609999997, -0.965303099999987], [134.88277559999997, -0.93452440000002], [134.8441239, -0.930892]]], [[[135.51206779999998, -0.966502500000017], [135.51206779999998, -0.966502500000017]]], [[[131.26376730000004, -0.932411299999975], [131.26376730000004, -0.932411299999975]]], [[[131.13324490000002, -0.919457400000018], [131.13324490000002, -0.919457400000018]]], [[[98.91123580000001, -0.925948700000029], [98.85917279999997, -0.934581699999965], [98.81045, -0.951437800000027], [98.75204610000002, -0.959156199999962], [98.70070710000002, -0.953961], [98.66386149999998, -0.9952064], [98.66063650000004, -1.058250099999986], [98.64654259999999, -1.1088453], [98.6262879, -1.1584667], [98.5963759, -1.198592700000029], [98.62698279999995, -1.24933480000003], [98.6458525, -1.30124], [98.68605179999997, -1.349653499999965], [98.72407909999998, -1.403132899999965], [98.752565, -1.452799], [98.79606119999995, -1.507887700000039], [98.82191009999997, -1.5658718], [98.82505070000003, -1.615783300000013], [98.86488689999997, -1.649924800000042], [98.96529410000004, -1.7297805], [99.01189490000004, -1.762060700000029], [99.05591690000003, -1.786349500000012], [99.10486229999995, -1.805270300000023], [99.15270089999997, -1.783433100000027], [99.2259675, -1.784989700000034], [99.24193919999998, -1.735468599999985], [99.2239976, -1.675752199999964], [99.20752590000002, -1.624275799999959], [99.2379987, -1.664188600000022], [99.2610824, -1.716903600000014], [99.28000169999999, -1.668829], [99.26601129999997, -1.602981500000029], [99.215054, -1.594450600000014], [99.193553, -1.5436376], [99.17083579999998, -1.497543600000013], [99.132556, -1.463237300000026], [99.15469229999998, -1.417383099999975], [99.1101796, -1.390988899999963], [99.09511449999998, -1.34311040000002], [99.0780673, -1.290547700000017], [99.057632, -1.242939], [99.03457440000001, -1.196327199999986], [99.00275589999998, -1.145238399999988], [98.97129729999999, -1.095382200000012], [98.93553040000003, -1.059449500000015], [98.92167630000002, -1.010561899999979], [98.93166060000003, -0.959050199999984], [98.91123580000001, -0.925948700000029]]], [[[130.92478350000002, -0.892236099999961], [130.8650383, -0.894845], [130.8123822, -0.90830149999997], [130.76426409999996, -0.9314851], [130.71451709999997, -0.9416659], [130.661046, -0.954278], [130.671689, -1.009373299999956], [130.7059921, -1.054054], [130.68778050000003, -1.1023134], [130.71244889999997, -1.146896799999981], [130.7431239, -1.188411499999981], [130.75758060000004, -1.242276199999976], [130.8115982, -1.2678881], [130.83614059999996, -1.312807900000019], [130.88273120000002, -1.335513600000022], [130.93570419999998, -1.336319199999975], [130.98781379999997, -1.341673], [130.99954679999996, -1.285487], [131.0424281, -1.245985899999964], [131.05621050000002, -1.192158799999971], [131.05724049999998, -1.130545], [131.0766382, -1.068929899999988], [131.0853929, -1.017611700000016], [131.0807581, -0.967665699999982], [131.0422202, -0.9267288], [130.98953249999997, -0.923168699999961], [130.93778310000002, -0.9406053], [130.92478350000002, -0.892236099999961]]], [[[134.1077173, -0.91100720000002], [134.1077173, -0.91100720000002]]], [[[131.1899347, -0.89901030000002], [131.1899347, -0.89901030000002]]], [[[127.75997790000002, -0.862943899999975], [127.75997790000002, -0.862943899999975]]], [[[128.09573809999998, -0.8385468], [128.09573809999998, -0.8385468]]], [[[129.905487, -0.839577800000042], [129.905487, -0.839577800000042]]], [[[130.90453060000002, -0.819888599999958], [130.90453060000002, -0.819888599999958]]], [[[130.52365790000002, -0.794589100000016], [130.52365790000002, -0.794589100000016]]], [[[129.789194, -0.767670499999957], [129.789194, -0.767670499999957]]], [[[130.74808719999996, -0.780270400000022], [130.74808719999996, -0.780270400000022]]], [[[130.78115, -0.75642519390245], [130.78115, -0.75642519390245]]], [[[130.80363219999998, -0.7518977], [130.81658510000003, -0.809105500000024], [130.76753790000004, -0.81938219999998], [130.7185645, -0.8297713], [130.67728450000004, -0.799975199999976], [130.62249239999997, -0.806964], [130.5719384, -0.793743400000031], [130.54942359999998, -0.8398897], [130.49664279999996, -0.82839980000003], [130.45494330000002, -0.856423200000018], [130.4239758, -0.901028699999957], [130.47289220000002, -0.917763700000036], [130.51923069999998, -0.894803799999961], [130.5693397, -0.909181799999976], [130.6250316, -0.908334], [130.67644939999997, -0.89924489999998], [130.7286735, -0.8820818], [130.78243569999998, -0.872778300000016], [130.8504029, -0.859859600000041], [130.89967330000002, -0.834064699999965], [130.92389350000002, -0.788376399999963], [130.8714872, -0.779443900000027], [130.82045040000003, -0.779439], [130.80363219999998, -0.7518977]]], [[[127.16720619999998, -0.755486700000036], [127.16720619999998, -0.755486700000036]]], [[[121.76353990000001, -0.740073499999989], [121.76353990000001, -0.740073499999989]]], [[[130.13147069999997, -0.748307200000015], [130.13147069999997, -0.748307200000015]]], [[[130.2224512, -0.7400682], [130.2224512, -0.7400682]]], [[[117.5159567, -0.707230899999962], [117.5159567, -0.707230899999962]]], [[[130.26176160000003, -0.701447399999983], [130.26176160000003, -0.701447399999983]]], [[[130.24802870000002, -0.695783], [130.24802870000002, -0.695783]]], [[[130.25781340000003, -0.675185099999959], [130.25781340000003, -0.675185099999959]]], [[[109.3801276, -0.656518899999964], [109.3801276, -0.656518899999964]]], [[[130.31789489999997, -0.651497499999982], [130.26914309999998, -0.6638563], [130.31789489999997, -0.651497499999982]]], [[[127.3099016, -0.632869799999975], [127.3099016, -0.632869799999975]]], [[[128.59342140000004, -0.6279742], [128.59342140000004, -0.6279742]]], [[[135.39447969999998, -0.6213251], [135.3723354, -0.6666409], [135.395853, -0.727747799999962], [135.43001360000002, -0.764995200000024], [135.47447390000002, -0.79949590000002], [135.5077762, -0.845668], [135.51464269999997, -0.790055399999973], [135.46760749999999, -0.757271099999974], [135.52940560000002, -0.783704500000033], [135.57232090000002, -0.83004850000002], [135.6257885, -0.876211899999985], [135.67325780000002, -0.849787499999961], [135.69883539999998, -0.803958599999961], [135.75286490000002, -0.83632820000002], [135.76472389999998, -0.884988099999957], [135.78690649999996, -0.9406847], [135.80098380000004, -0.9949821], [135.81950490000003, -1.0854364], [135.82682480000003, -1.1361056], [135.8734068, -1.1732996], [135.92954150000003, -1.157036], [135.98182419999998, -1.1441286], [136.0320869, -1.147888300000039], [136.13417230000002, -1.199874699999965], [136.18137650000003, -1.182220699999965], [136.24384529999998, -1.169883100000019], [136.304681, -1.142036600000013], [136.3549243, -1.1100539], [136.3105326, -1.06007369999997], [136.27433439999996, -1.021040500000032], [136.22180080000004, -1.02724050000001], [136.1709304, -1.043075599999971], [136.1513646, -0.995374100000019], [136.10568110000003, -0.963530400000041], [136.08781950000002, -0.914668900000033], [136.0409148, -0.8946272], [136.03763920000003, -0.843715600000012], [135.99264550000004, -0.820233499999985], [135.94826289999997, -0.796000700000016], [135.9090768, -0.756973699999969], [135.871526, -0.712333099999968], [135.82554589999998, -0.689953400000027], [135.78034560000003, -0.7222704], [135.7283611, -0.7165907], [135.68132590000002, -0.6917017], [135.63394739999998, -0.664409400000016], [135.59549519999996, -0.7023439], [135.5623646, -0.660461500000038], [135.5115528, -0.6632079], [135.46194269999995, -0.646214500000026], [135.4104442, -0.645184599999988], [135.39447969999998, -0.6213251]]], [[[127.31349, -0.620241799999983], [127.31349, -0.620241799999983]]], [[[127.24437, -0.602693899999968], [127.1946987, -0.617367500000016], [127.208798, -0.674334], [127.16796609999997, -0.707496], [127.18088590000004, -0.7671827], [127.2343249, -0.768020699999978], [127.28052910000004, -0.7877565], [127.33455290000005, -0.7862322], [127.30254589999997, -0.742286200000015], [127.2993645, -0.691673399999965], [127.26406589999998, -0.655276899999963], [127.24923409999998, -0.603081599999983], [127.24437, -0.602693899999968]]], [[[127.33680209999999, -0.609700100000039], [127.35725759999997, -0.661622800000023], [127.41204989999997, -0.660739], [127.38825230000005, -0.615368299999981], [127.3380709, -0.61264589999997], [127.33680209999999, -0.609700100000039]]], [[[98.51914619999998, -0.636067300000038], [98.51914619999998, -0.636067300000038]]], [[[109.28863210000003, -0.612404599999989], [109.28863210000003, -0.612404599999989]]], [[[127.38928309999997, -0.59242910000002], [127.38928309999997, -0.59242910000002]]], [[[128.496608, -0.590063400000036], [128.496608, -0.590063400000036]]], [[[128.4878995, -0.592383200000041], [128.4878995, -0.592383200000041]]], [[[130.66077250000004, -0.572528500000031], [130.59883390000002, -0.580171], [130.55881939999998, -0.61126], [130.60430909999997, -0.588155700000021], [130.66077250000004, -0.572528500000031]]], [[[128.34601039999998, -0.568776199999983], [128.34601039999998, -0.568776199999983]]], [[[128.409273, -0.5585991], [128.409273, -0.5585991]]], [[[130.68346769999997, -0.554419400000034], [130.68346769999997, -0.554419400000034]]], [[[130.2564401, -0.552969299999956], [130.2784128, -0.6017186], [130.25935839999997, -0.555200800000028], [130.2564401, -0.552969299999956]]], [[[127.23530140000004, -0.53594009999996], [127.23530140000004, -0.53594009999996]]], [[[128.37393140000003, -0.5294602], [128.37393140000003, -0.5294602]]], [[[121.87306709999997, -0.526891800000035], [121.87306709999997, -0.526891800000035]]], [[[127.26513680000002, -0.501413], [127.26513680000002, -0.501413]]], [[[127.28690129999995, -0.48878989999997], [127.28690129999995, -0.48878989999997]]], [[[130.6704161, -0.48841360000001], [130.6704161, -0.48841360000001]]], [[[122.60725420000001, -0.486146199999988], [122.55236259999995, -0.491833], [122.6162013, -0.5014666], [122.60725420000001, -0.486146199999988]]], [[[130.4564866, -0.431885], [130.4564866, -0.431885]]], [[[127.7293574, -0.4149046], [127.7293574, -0.4149046]]], [[[121.8512001, -0.408960499999973], [121.79163360000004, -0.443291799999985], [121.7415085, -0.4489565], [121.69581329999997, -0.474511], [121.67009889999999, -0.526573199999964], [121.658874, -0.5767382], [121.7045387, -0.554678200000042], [121.73103720000003, -0.510065799999976], [121.78150560000003, -0.504229499999981], [121.82751089999998, -0.5263729], [121.87797929999998, -0.537530500000011], [121.92055129999997, -0.51126740000001], [121.91711810000004, -0.458569199999987], [121.88209919999997, -0.421319800000026], [121.8512001, -0.408960499999973]]], [[[129.890634, -0.3978195], [129.8516348, -0.429657], [129.8629093, -0.480446099999982], [129.906699, -0.454143099999966], [129.9134798, -0.400258800000037], [129.890634, -0.3978195]]], [[[130.61432659999997, -0.395768400000025], [130.5670973, -0.42432049999997], [130.53292220000003, -0.464089300000021], [130.4949076, -0.429390299999961], [130.46316969999998, -0.472002199999972], [130.5135954, -0.4854873], [130.4589353, -0.507795499999981], [130.51193620000004, -0.505721200000037], [130.5628528, -0.492951100000012], [130.61280970000004, -0.485464199999958], [130.57719970000002, -0.521653599999967], [130.62869320000001, -0.5250236], [130.66708669999997, -0.483131400000032], [130.6960069, -0.44137109999996], [130.6529896, -0.4127716], [130.61432659999997, -0.395768400000025]]], [[[135.271904, -0.409593899999978], [135.271904, -0.409593899999978]]], [[[104.20234709999997, -0.3911952], [104.20234709999997, -0.3911952]]], [[[104.17807109999997, -0.384105899999982], [104.17807109999997, -0.384105899999982]]], [[[130.29708249999993, -0.3656641], [130.29708249999993, -0.3656641]]], [[[104.19225, -0.361334300000033], [104.19225, -0.361334300000033]]], [[[132.19607550000003, -0.375777400000016], [132.19607550000003, -0.375777400000016]]], [[[121.87512110000002, -0.352943299999959], [121.87512110000002, -0.352943299999959]]], [[[132.450306, -0.350200400000029], [132.3989792, -0.3548351], [132.35125739999998, -0.374575799999983], [132.277443, -0.379725500000012], [132.2171898, -0.4092506], [132.15762330000004, -0.435857400000012], [132.11625289999998, -0.4705319], [132.07799079999998, -0.50336939999996], [132.0510216, -0.5513812], [131.9923134, -0.5682032], [131.9557495, -0.606481700000023], [131.9178124, -0.643215], [131.86888739999995, -0.693057199999975], [131.81721880000003, -0.7149644], [131.7504091, -0.728052899999982], [131.69942570000006, -0.735948700000028], [131.6377992, -0.746075800000041], [131.5868158, -0.747792299999956], [131.53102589999997, -0.76512859999996], [131.48502060000004, -0.740239799999982], [131.4350672, -0.756203], [131.38786030000003, -0.77886019999996], [131.330182, -0.789330599999955], [131.27581359999996, -0.809384099999983], [131.22398209999997, -0.821383], [131.24628260000003, -0.867174900000018], [131.288019, -0.900093400000019], [131.27168080000007, -0.950405], [131.25928139999996, -1.000570199999979], [131.24160479999995, -1.0550278], [131.2306185, -1.1126957], [131.20521260000004, -1.162982499999982], [131.1818666, -1.212067099999976], [131.09569259999995, -1.248622599999988], [131.0479198, -1.2653493], [131.02048249999999, -1.3148504], [131.00216880000002, -1.362276199999963], [130.96098260000002, -1.4066338], [130.9963598, -1.456079899999969], [131.094491, -1.450955099999957], [131.15268420000004, -1.475151400000014], [131.19371130000002, -1.506898], [131.2608309, -1.523886599999964], [131.30786609999998, -1.490939], [131.3380785, -1.437054900000041], [131.29409210000003, -1.408468899999955], [131.36348440000003, -1.401017099999963], [131.40571310000004, -1.428474500000016], [131.4153261, -1.485790899999968], [131.46888440000004, -1.503637600000014], [131.51763630000002, -1.475837899999972], [131.53274249999998, -1.425385599999968], [131.52450269999997, -1.478583500000036], [131.58630080000003, -1.45730450000004], [131.64105970000003, -1.448542800000025], [131.65462089999997, -1.4003209], [131.70285779999998, -1.384361100000026], [131.65427759999997, -1.4042679], [131.69330240000002, -1.435573500000038], [131.74480079999998, -1.451876099999955], [131.7449159, -1.501921599999962], [131.70200060000002, -1.546537699999979], [131.76002209999996, -1.576738900000036], [131.79950430000002, -1.541733], [131.78096480000002, -1.59801680000003], [131.851346, -1.5808572], [131.905591, -1.567129499999959], [131.96635909999998, -1.5523721], [131.9189806, -1.5818868], [131.882245, -1.635767199999966], [131.92406470000003, -1.664329100000012], [131.9069643, -1.713325], [131.95914930000004, -1.709207], [132.00543220000003, -1.669305199999977], [132.04017350000004, -1.714354500000043], [131.992795, -1.739405699999958], [131.9536562, -1.7785261], [131.9457597, -1.844411099999983], [131.98365010000003, -1.8783013], [131.98740519999996, -1.930071499999981], [131.9828133, -1.98113239999998], [132.03422220000002, -2.022869], [132.0544779, -1.967658800000011], [132.083317, -1.925797600000029], [132.08554860000004, -1.875013700000034], [132.08846690000001, -1.9280279], [132.0865786, -1.978638599999966], [132.0916719, -2.02867], [132.0412035, -2.056461500000035], [132.0775957, -2.105181200000034], [132.12737750000002, -2.139146799999986], [132.17894449999997, -2.153505800000028], [132.23827069999993, -2.195754600000017], [132.2798128, -2.2468712], [132.31858650000004, -2.284336200000043], [132.381093, -2.264710200000037], [132.42947979999997, -2.235965399999957], [132.48269479999996, -2.21109320000002], [132.531125, -2.194382299999981], [132.58757989999998, -2.191538200000027], [132.61867229999996, -2.233491900000024], [132.640645, -2.284264100000028], [132.71066109999998, -2.298572699999985], [132.7532331, -2.262895399999982], [132.80610479999999, -2.24402729999998], [132.86655140000002, -2.252017099999987], [132.93656750000002, -2.278847400000023], [132.99117749999996, -2.275001799999982], [133.04027270000003, -2.236579399999956], [133.09348770000003, -2.236579399999956], [133.14256109999997, -2.203374200000036], [133.19408129999994, -2.194725300000028], [133.3101244, -2.216510199999961], [133.36883260000002, -2.209305800000012], [133.4172411, -2.224057599999957], [133.474576, -2.232119599999988], [133.5295076, -2.233491900000024], [133.57482619999996, -2.2060466], [133.622183, -2.232706300000038], [133.6623518, -2.201487299999966], [133.70675560000004, -2.170846400000032], [133.76603519999998, -2.157745299999975], [133.8206453, -2.137088300000018], [133.87420369999995, -2.1381176], [133.89838620000003, -2.183647599999967], [133.84568610000002, -2.201830400000022], [133.7825365, -2.229375100000015], [133.80071079999996, -2.2766176], [133.85787410000003, -2.280219599999961], [133.91864220000002, -2.272844], [133.87489030000003, -2.308963499999967], [133.821332, -2.322685200000036], [133.87180039999998, -2.339494100000012], [133.9459364, -2.323443399999976], [133.9867493, -2.363270499999965], [133.95316790000004, -2.404326500000026], [133.86905380000002, -2.386832300000014], [133.8656206, -2.438285100000021], [133.81515209999998, -2.412216], [133.76126870000002, -2.418415899999966], [133.7461328, -2.471552600000033], [133.8102189, -2.466399900000022], [133.8005577, -2.526943600000015], [133.8073205, -2.622911699999959], [133.83630420000003, -2.666387200000015], [133.7850997, -2.620335399999957], [133.7525736, -2.556893399999966], [133.7374377, -2.506333], [133.69299609999996, -2.548198299999955], [133.69170790000004, -2.611318300000038], [133.74935320000003, -2.619047200000042], [133.68558910000002, -2.61647090000004], [133.6649785, -2.671539900000026], [133.6643344, -2.617115], [133.6730295, -2.563012199999976], [133.63213039999997, -2.531452200000023], [133.57738339999997, -2.548842399999957], [133.5252128, -2.55302889999996], [133.5297214, -2.605199500000028], [133.48978830000004, -2.536604800000026], [133.46821160000002, -2.5833007], [133.46821160000002, -2.636115399999978], [133.45210959999997, -2.5836228], [133.44212629999998, -2.493451399999975], [133.4021256, -2.53452640000001], [133.39798990000003, -2.5865179], [133.40862450000003, -2.645599099999957], [133.36785839999996, -2.682820299999984], [133.30168750000004, -2.670413199999972], [133.2550133, -2.7123609], [133.30759560000004, -2.661551], [133.3684493, -2.675139699999979], [133.3731758, -2.600697400000024], [133.3790839, -2.5221193], [133.33240969999997, -2.477217599999976], [133.28455390000005, -2.435860699999976], [133.22901760000002, -2.414000699999958], [133.16993629999996, -2.431134199999969], [133.117354, -2.44354129999998], [133.0694982, -2.482534900000017], [133.01927920000003, -2.53098149999998], [132.96551530000005, -2.601288199999969], [132.9300665, -2.6432359], [132.8210735, -2.7520871], [132.7734304, -2.781864100000037], [132.704518, -2.791222500000041], [132.63305339999997, -2.724011699999968], [132.5862611, -2.693384], [132.5292595, -2.679771699999984], [132.4680041, -2.69593630000003], [132.463334, -2.751057900000015], [132.42051329999998, -2.725222799999989], [132.43317010000004, -2.676020400000018], [132.38074680000003, -2.68156109999998], [132.33088070000002, -2.6640866], [132.28058840000006, -2.66025079999997], [132.21410029999998, -2.6534315], [132.13823560000003, -2.66834870000004], [132.2065615, -2.701142700000043], [132.1491704, -2.714890400000042], [132.09112449999998, -2.710962500000031], [132.04320940000002, -2.736755799999974], [131.99057839999998, -2.7537983], [132.04421190000002, -2.774098800000042], [132.01564080000003, -2.81896050000004], [132.02842260000003, -2.868584], [131.97907939999996, -2.8771561], [132.023593, -2.902492399999963], [132.0784171, -2.915319700000014], [132.1186063, -2.949378300000022], [132.20132289999998, -2.930232599999966], [132.3003512, -2.9347135], [132.35163589999996, -2.9391039], [132.396217, -2.986879899999979], [132.43883990000003, -3.013333], [132.4843301, -3.043503299999967], [132.52246380000003, -3.081007599999969], [132.5632944, -3.116182499999971], [132.58492370000002, -3.164689799999982], [132.63170920000005, -3.1829923], [132.59578610000003, -3.220754800000043], [132.63661590000004, -3.263557400000023], [132.664176, -3.317228], [132.7114705, -3.339306899999956], [132.7315452, -3.283599299999979], [132.78632510000006, -3.276805499999986], [132.82817570000003, -3.311793200000041], [132.80116970000003, -3.356996499999971], [132.81690860000003, -3.412732], [132.835383, -3.461085799999958], [132.8870477, -3.465108299999981], [132.89625610000002, -3.51687539999997], [132.93671489999997, -3.551237899999988], [132.89520459999997, -3.5940259], [132.84387930000003, -3.6390787], [132.7686322, -3.6364723], [132.7322257, -3.68475689999997], [132.76243969999996, -3.75768810000004], [132.78489610000003, -3.8159472], [132.80710539999998, -3.861155], [132.8415752, -3.9251205], [132.83917190000003, -3.976839], [132.88397550000002, -4.0211911], [132.92002440000002, -4.0609175], [132.9509235, -4.100299500000022], [133.00207859999998, -4.11091519999996], [133.041904, -4.066396800000033], [133.09954769999996, -4.060326200000015], [133.15022229999997, -4.071704900000023], [133.23141820000006, -4.074102100000038], [133.268497, -4.0400271], [133.3133007, -4.0172526], [133.35365510000003, -3.963817899999961], [133.39192160000002, -3.916043700000033], [133.43020210000003, -3.869459599999987], [133.4516597, -3.821845199999958], [133.4108043, -3.788958800000037], [133.39489309999996, -3.734464800000021], [133.39724309999997, -3.678814900000022], [133.453548, -3.671106], [133.48874920000003, -3.628935299999975], [133.5328978, -3.59837250000002], [133.58388329999997, -3.572061200000027], [133.5805774, -3.506463], [133.5501934, -3.4548882], [133.58795889999996, -3.421131800000039], [133.6373973, -3.412906700000013], [133.66313289999997, -3.366148300000022], [133.65935640000004, -3.310281700000035], [133.65296560000002, -3.241394199999965], [133.6602147, -3.188769499999983], [133.6526616, -3.133578600000037], [133.70295829999998, -3.072385400000039], [133.73231240000004, -3.030388], [133.78329590000004, -3.0230168], [133.80492520000007, -2.971931700000036], [133.81470989999997, -2.920844199999967], [133.85436370000002, -2.9520456], [133.85934189999998, -3.006045900000027], [133.87788130000007, -3.054386700000029], [133.83942909999996, -3.018731199999964], [133.83153270000003, -3.07169969999997], [133.8040669, -3.117123600000033], [133.77435940000004, -3.157572499999956], [133.72166939999997, -3.176428899999967], [133.68922539999997, -3.216021], [133.66948439999996, -3.281833], [133.67429090000002, -3.3342739], [133.70038340000002, -3.40710370000002], [133.6584981, -3.444973100000032], [133.6287679, -3.488917900000017], [133.66484949999997, -3.5362989], [133.6888821, -3.5811874], [133.69420360000004, -3.637552], [133.7494217, -3.644912699999987], [133.80347169999996, -3.716067399999973], [133.79325220000004, -3.650229199999961], [133.78535580000002, -3.600718399999964], [133.821748, -3.562855300000029], [133.83607310000002, -3.616861], [133.8831083, -3.670825], [133.90726189999998, -3.716581399999958], [133.9378683, -3.764183599999955], [133.93426339999996, -3.830470699999983], [133.98559010000002, -3.823619500000037], [134.02575890000003, -3.79296], [134.07021919999997, -3.821564199999978], [134.11788719999998, -3.79228], [134.135395, -3.744699499999966], [134.1725294, -3.778743199999985], [134.185404, -3.832183400000028], [134.14729520000003, -3.87072], [134.11073129999997, -3.906514600000028], [134.162573, -3.9126801], [134.19079550000004, -3.9554422], [134.2361401, -3.981478], [134.28068220000003, -4.009043100000016], [134.31451510000002, -4.048232099999966], [134.31033390000002, -3.979815499999956], [134.2696501, -3.93871510000004], [134.33419480000003, -3.9664581], [134.348271, -3.916794], [134.4098975, -3.925699500000041], [134.46294079999996, -3.953100400000038], [134.47332180000004, -4.00389380000002], [134.50619950000004, -4.044715699999985], [134.5516898, -4.023139900000034], [134.6035269, -3.9984179], [134.62679349999996, -3.952104300000043], [134.6713378, -3.922788100000025], [134.73124760000002, -3.935461200000018], [134.77948440000003, -3.9195342], [134.83235610000003, -3.94042759999998], [134.88436949999996, -3.944880299999982], [134.93672619999998, -3.956354199999963], [134.87612979999997, -3.977931799999974], [134.82239980000003, -3.95018910000003], [134.7719313, -3.9344337], [134.80746519999997, -3.976733], [134.750817, -3.964574300000018], [134.68146579999998, -3.937516299999972], [134.6609897, -3.984140100000017], [134.66996449999996, -4.03786630000001], [134.7195746, -4.054133500000018], [134.6725394, -4.078276800000042], [134.6340872, -4.114062400000035], [134.6833541, -4.140087299999957], [134.72678440000004, -4.178780600000016], [134.76969970000002, -4.2125072], [134.81124179999998, -4.24195259999996], [134.86085190000003, -4.251539300000024], [134.91458189999997, -4.2688292], [134.9480559, -4.305975499999965], [134.99354619999997, -4.327372300000027], [134.93518130000004, -4.305804300000011], [134.982475, -4.333040399999961], [135.03186370000003, -4.361635199999975], [135.08620310000003, -4.400991299999985], [135.19150359999998, -4.455122800000028], [135.2432573, -4.4584383], [135.29542660000004, -4.4437257], [135.35279219999998, -4.439995700000027], [135.4636959, -4.4379192], [135.58399739999996, -4.463970300000037], [135.63229429999998, -4.477523799999956], [135.70194990000002, -4.489060100000037], [135.75279149999997, -4.489566899999959], [135.805884, -4.484679300000034], [135.87442969999998, -4.485215800000015], [135.938132, -4.498900599999962], [135.9774253, -4.541221], [136.0227766, -4.5646768], [136.07155490000002, -4.589737900000019], [136.11492379999999, -4.624279600000031], [136.15013150000004, -4.588569599999987], [136.1790469, -4.64139719999997], [136.25721319999997, -4.6644874], [136.3201737, -4.66791410000001], [136.5379708, -4.788835600000036], [136.60821489999998, -4.814809099999968], [136.68119449999998, -4.849788400000039], [136.73729610000004, -4.8710144], [136.78942839999996, -4.881384599999967], [136.87579879999998, -4.895427300000039], [136.9245077, -4.869285799999973], [136.9770051, -4.86214], [136.92828189999997, -4.884673899999987], [136.97248319999997, -4.934803500000024], [137.033598, -4.954277100000033], [137.09130269999997, -4.9768546], [137.15113279999997, -4.97701], [137.2048398, -4.998301300000014], [137.259371, -5.015518500000022], [137.3289503, -5.032438300000026], [137.36509969999997, -5.081837500000026], [137.4137089, -5.11159580000003], [137.46786060000002, -5.114168800000025], [137.5142939, -5.142438799999988], [137.5590975, -5.17885449999998], [137.61832059999998, -5.199711399999957], [137.67143260000006, -5.214971], [137.71396609999996, -5.2719681], [137.72539070000005, -5.3339578], [137.77331480000004, -5.362448500000013], [137.83235409999998, -5.375042899999978], [137.8932095, -5.370006700000014], [137.92937110000003, -5.413368299999973], [137.9825861, -5.475912899999964], [138.05543879999996, -5.511241], [138.0589754, -5.5639086], [138.0435259, -5.618408], [138.0493624, -5.6693151], [138.0670435, -5.727904], [138.12578940000003, -5.724554799999988], [138.17604850000004, -5.730636799999973], [138.15785240000002, -5.7829003], [138.200881, -5.8249282], [138.2633026, -5.8323801], [138.2513358, -5.885576300000024], [138.2697036, -5.9374838], [138.3086741, -5.994568100000015], [138.33460160000004, -6.050898700000025], [138.394011, -6.167943800000038], [138.3902028, -6.227946300000016], [138.4114583, -6.292652900000014], [138.4233671, -6.3504721], [138.4644053, -6.3942936], [138.57646249999996, -6.491590600000026], [138.62053820000003, -6.5435399], [138.66994380000003, -6.5937787], [138.72625150000002, -6.626749], [138.791398, -6.665086799999982], [138.82974990000005, -6.707238400000011], [138.82734659999997, -6.771848500000018], [138.8730085, -6.798440100000021], [138.92261869999996, -6.781735300000043], [138.95334610000003, -6.828439199999965], [139.0008963, -6.849744199999981], [139.0594328, -6.900531399999983], [139.106468, -6.9312056], [139.16208630000003, -6.959321899999956], [139.2091215, -6.987266099999963], [139.15212990000003, -6.970397600000029], [139.0858686, -6.936999400000039], [139.0396917, -6.906836799999978], [138.94132980000003, -6.845483200000031], [138.89068960000003, -6.840199600000026], [138.8412512, -6.8533233], [138.7840879, -6.859629300000043], [138.73748450000005, -6.897401], [138.66083509999999, -6.8947372], [138.6074484, -6.889283699999978], [138.56642130000006, -6.921492300000039], [138.58530410000003, -6.979087499999966], [138.6346309, -7.021151300000013], [138.67851620000002, -7.048942], [138.72085259999997, -7.083408500000028], [138.7719829, -7.1237722], [138.8538223, -7.1572886], [138.9156384, -7.155479100000036], [138.96936840000004, -7.169786199999957], [139.02172519999996, -7.194822399999963], [139.0692754, -7.211853], [139.1362233, -7.207936], [139.1889233, -7.194992700000021], [139.211926, -7.146111199999956], [139.21055270000005, -7.202145599999972], [139.1648908, -7.2382493], [139.09313630000003, -7.240803699999961], [139.02944989999997, -7.241655099999973], [138.96576360000003, -7.221049299999989], [138.91855670000007, -7.1990801], [138.8203664, -7.2074251], [138.73301919999997, -7.204706799999967], [138.674289, -7.196554500000015], [138.7124145, -7.237926600000029], [138.77043610000004, -7.2624482], [138.81626969999996, -7.2988876], [138.8705147, -7.321703200000036], [138.90572990000004, -7.3660545], [138.9469286, -7.4862309], [139.01027159999998, -7.516525100000034], [139.08820590000002, -7.530990700000014], [139.1101609, -7.582252899999971], [139.07943350000002, -7.6217283], [139.0578042, -7.67515039999996], [139.03789149999997, -7.7212514], [139.0147172, -7.7712593], [139.02433020000004, -7.841668500000039], [138.96167380000003, -7.8899616], [138.91275030000003, -7.922777300000024], [138.92150510000002, -7.982791], [138.903309, -8.030897600000028], [138.92456030000002, -8.077340899999971], [138.87275320000003, -8.08715630000004], [138.8337823, -8.1249006], [138.8545534, -8.182505500000023], [138.89764040000006, -8.233306500000012], [138.9245912, -8.27696630000004], [138.96681990000002, -8.24163110000001], [138.99222579999997, -8.196268300000028], [139.0505907, -8.163304800000034], [139.13092820000003, -8.120822], [139.20886249999998, -8.097709499999958], [139.25006120000003, -8.142064], [139.3039629, -8.181316100000021], [139.4244691, -8.198986799999982], [139.48523730000002, -8.178937300000019], [139.58583079999997, -8.141044400000016], [139.63732930000003, -8.117593099999961], [139.7066805, -8.10518719999996], [139.8297617, -8.102977900000038], [139.8809167, -8.109435899999959], [139.95164119999998, -8.101958200000045], [139.96348590000002, -8.156168], [139.99592990000002, -8.202045099999985], [140.05446640000002, -8.2545424], [140.13085570000004, -8.305504], [140.172717, -8.338489499999987], [140.2268581, -8.356194400000025], [140.2690461, -8.4170847], [140.3136781, -8.454951], [140.371528, -8.505377], [140.457187, -8.584822700000036], [140.498729, -8.6129982], [140.529205, -8.688493], [140.573735, -8.7472335], [140.60052120000006, -8.795580499999986], [140.6709024, -8.8668235], [140.72709590000002, -8.906740799999987], [140.76194750000002, -8.94287050000003], [140.80788820000004, -8.999773499999971], [140.86380709999997, -9.05070820000001], [140.90855920000007, -9.09119250000002], [140.997012, -9.114833400000041], [141.01944440000005, -9.026321700000025], [141.01944440000005, -6.892027100000038], [140.96684620000002, -6.889403899999976], [140.91431159999996, -6.872476399999957], [140.91912930000004, -6.818455099999972], [140.87080340000003, -6.794717799999968], [140.8994772, -6.7511252], [140.84953290000004, -6.723086], [140.87085480000002, -6.675008799999989], [140.87706580000003, -6.6218375], [140.9101314, -6.5830999], [140.92998170000004, -6.537048100000027], [140.95272280000003, -6.492384099999955], [140.9390007, -6.443596], [140.9664206, -6.396830600000032], [140.9700287, -6.345630399999965], [141.0, -5.293377899999981], [141.0, -4.987149500000038], [141.0, -4.534487600000043], [141.0, -3.93147], [141.0, -2.8289098], [141.0, -2.6044444], [140.937, -2.61525], [140.8095, -2.60625], [140.76275, -2.629], [140.71021849999997, -2.594401700000033], [140.71322659999998, -2.544449899999963], [140.7205, -2.49125], [140.671, -2.475], [140.622, -2.451], [140.57, -2.45125], [140.52525, -2.428], [140.475, -2.43075], [140.427, -2.41675], [140.37801929999998, -2.4002267], [140.37245530000004, -2.4501], [140.32111779999997, -2.446708500000023], [140.27625, -2.42225], [140.227, -2.40875], [140.18025, -2.37775], [140.15469, -2.3265437], [140.104, -2.321], [140.06725, -2.35725], [140.016, -2.36075], [139.96125, -2.3655], [139.88275, -2.37525], [139.82, -2.37525], [139.87125, -2.38075], [139.81875, -2.37625], [139.7665, -2.36275], [139.7065, -2.33375], [139.6465, -2.2925], [139.582, -2.27225], [139.5285, -2.24425], [139.48575, -2.216], [139.44175, -2.1865], [139.3935, -2.1645], [139.33725, -2.141], [139.27664280000002, -2.121571500000014], [139.2285, -2.09675], [139.1845, -2.069], [139.13425, -2.0415], [139.08825, -2.02125], [139.03025, -1.9975], [138.96, -1.96875], [138.906, -1.95525], [138.8555, -1.96], [138.809, -1.9355], [138.775, -1.89575], [138.7510709, -1.846505099999957], [138.68701490000004, -1.808344199999985], [138.6215, -1.77875], [138.571, -1.77025], [138.522, -1.75925], [138.47275, -1.74875], [138.42225, -1.734], [138.345, -1.71125], [138.2625, -1.6755], [138.18226170000003, -1.633924700000017], [138.1725, -1.68425], [138.17440480000002, -1.630402], [138.111, -1.61975], [138.054, -1.59325], [138.0126323, -1.560915499999977], [138.034, -1.6085], [138.1215, -1.637], [138.07175, -1.62925], [138.0195, -1.62725], [137.96775, -1.62375], [137.95375, -1.57375], [137.94925, -1.5215], [137.9335, -1.4605], [137.8835, -1.46525], [137.83175, -1.4665], [137.7845, -1.50525], [137.73319919999997, -1.504180199999967], [137.66547350000002, -1.51296920000002], [137.6110568, -1.54523], [137.53775740000003, -1.573028900000024], [137.4854007, -1.5944783], [137.4469485, -1.6269095], [137.4026599, -1.6519618], [137.33262210000004, -1.688510199999966], [137.27460050000002, -1.722655599999962], [137.2706523, -1.785111100000043], [137.22265689999998, -1.7465231], [137.17280530000005, -1.759545799999957], [137.18606489999996, -1.812693400000038], [137.1434512, -1.844647700000019], [137.17229029999996, -1.901952], [137.19254639999997, -1.948274400000011], [137.22979690000003, -1.99288], [137.22739360000003, -2.042974], [137.1877399, -2.080715], [137.140533, -2.099756800000014], [137.08783290000002, -2.100957599999981], [137.02500490000003, -2.114852800000017], [136.96990159999996, -2.131492500000027], [136.9202914, -2.158596], [136.8735995, -2.176607500000022], [136.8130031, -2.174720600000041], [136.80750989999999, -2.228925600000037], [136.75532490000006, -2.238702799999965], [136.7055431, -2.227724799999981], [136.66382929999997, -2.2591148], [136.60958439999996, -2.250195299999975], [136.5840068, -2.197191900000012], [136.53645660000007, -2.22052050000004], [136.4830699, -2.206111699999964], [136.4245334, -2.204224799999983], [136.3819614, -2.232699199999983], [136.3393893, -2.2639176], [136.34041930000004, -2.339216100000014], [136.3230815, -2.390842199999971], [136.28595010000004, -2.44848429999996], [136.27947950000004, -2.51432510000001], [136.26059679999997, -2.560971200000035], [136.22330340000002, -2.612916899999968], [136.17596769999997, -2.637453400000018], [136.12584260000003, -2.658202300000029], [136.06558940000002, -2.672949200000014], [136.0194125, -2.692325699999982], [135.99417830000004, -2.741194200000036], [135.95418120000002, -2.77788709999996], [135.94267989999997, -2.838753700000025], [135.90886259999996, -2.877158], [135.93495509999997, -2.922418600000027], [135.91229579999998, -2.9717917], [135.8632007, -2.993048899999968], [135.82354689999997, -3.023562500000027], [135.7825198, -3.057675], [135.73067810000003, -3.066588600000026], [135.7784, -3.105842099999984], [135.71866180000004, -3.1276108], [135.679008, -3.15863480000001], [135.62750960000005, -3.17029], [135.58645329999996, -3.212897], [135.5548204, -3.262633599999971], [135.54030560000004, -3.313911900000017], [135.50528669999997, -3.354869500000019], [135.4546466, -3.377147], [135.38684040000004, -3.380402900000041], [135.33843190000002, -3.399424], [135.28384350000002, -3.384687], [135.2215305, -3.376632900000038], [135.1672855, -3.370635200000011], [135.1140704, -3.3816025], [135.06909520000002, -3.334305300000013], [135.00403550000004, -3.336875799999978], [134.95957520000002, -3.296260200000029], [134.92953450000002, -3.241075200000038], [134.87666280000002, -3.247245100000013], [134.85211520000001, -3.2026838], [134.85537669999997, -3.151436], [134.80799820000001, -3.1334386], [134.81400630000002, -3.081330300000024], [134.81331969999997, -3.023391099999968], [134.84971189999996, -2.987906], [134.84353210000006, -2.9371622], [134.85554839999998, -2.884358699999973], [134.80508, -2.911617899999969], [134.7781291, -2.955334199999966], [134.7419086, -2.991334599999968], [134.6900668, -2.968020199999961], [134.6770206, -2.919332699999961], [134.66740749999997, -2.862928], [134.66963910000004, -2.809606699999973], [134.662086, -2.757140300000033], [134.6562495, -2.699870400000021], [134.66019780000002, -2.648085100000037], [134.6584811, -2.590124199999961], [134.651443, -2.5400493], [134.62895539999997, -2.494088400000011], [134.57522540000002, -2.477109900000036], [134.531795, -2.450184], [134.57179209999998, -2.480197], [134.5163455, -2.483112500000024], [134.47926670000004, -2.521870899999962], [134.46021219999997, -2.580006500000016], [134.47463179999997, -2.631108699999968], [134.49883609999998, -2.6756928], [134.5043292, -2.727476899999976], [134.5146289, -2.7808019], [134.51428560000002, -2.8334387], [134.4741168, -2.864471], [134.45077090000004, -2.819894], [134.4236484, -2.7770298], [134.40871380000002, -2.71838909999998], [134.37953139999996, -2.673635100000011], [134.3527522, -2.63076570000001], [134.3321529, -2.584465099999973], [134.31086689999995, -2.53439], [134.29061079999997, -2.484141499999987], [134.25868180000003, -2.444695900000033], [134.209415, -2.407478699999983], [134.18572570000003, -2.362885399999987], [134.16787290000002, -2.3155464], [134.15448329999998, -2.260315500000038], [134.1436687, -2.210057], [134.1422954, -2.159796799999986], [134.11603119999998, -2.111593399999984], [134.10813479999996, -2.0601291], [134.142467, -2.000428499999957], [134.13869049999997, -1.941240300000031], [134.12306930000003, -1.8842805], [134.1010966, -1.83349550000001], [134.101955, -1.778248], [134.08959529999998, -1.72746], [134.0789523, -1.677700200000027], [134.11036639999998, -1.6384062], [134.14322910000004, -1.5991039], [134.18108730000003, -1.5618551], [134.21071250000003, -1.507728199999987], [134.19792010000003, -1.455629600000014], [134.21360880000003, -1.407119799999974], [134.240707, -1.361514], [134.24206619999998, -1.301726099999973], [134.212121, -1.253864700000024], [134.19212690000006, -1.2056847], [134.14443220000004, -1.1700868], [134.10166130000002, -1.126050299999976], [134.0719639, -1.072330100000036], [134.06269420000004, -1.018265799999957], [134.02458540000003, -0.981879099999967], [134.02338369999998, -0.931246100000022], [134.05342470000002, -0.889425700000041], [134.104703, -0.873314499999973], [134.0853866, -0.824406400000017], [134.03062059999996, -0.795295], [133.98787689999997, -0.753070100000015], [133.951313, -0.713247899999987], [133.89795350000003, -0.72637770000002], [133.83527, -0.7340173], [133.7809611, -0.7271837], [133.7300415, -0.723375200000016], [133.65399550000004, -0.735733800000011], [133.60318380000007, -0.734532199999977], [133.5357209, -0.74740580000004], [133.4850807, -0.740539900000032], [133.42036439999998, -0.736592], [133.31942749999996, -0.697284599999987], [133.2742806, -0.6524841], [133.23840339999998, -0.611631200000035], [133.19085310000003, -0.5903464], [133.1567473, -0.55121639999996], [133.10585239999997, -0.5484753], [133.06262209999994, -0.519281900000019], [133.00631720000004, -0.496280200000038], [132.96117019999997, -0.47448], [132.8995438, -0.462292400000026], [132.8526802, -0.440663699999961], [132.79860689999998, -0.416116900000036], [132.7546279, -0.391761599999969], [132.710475, -0.365272900000042], [132.65114769999997, -0.362636300000025], [132.59904559999998, -0.3577453], [132.53665160000003, -0.35432020000002], [132.47605520000002, -0.355350099999969], [132.450306, -0.350200400000029]], [[139.994, -2.37275], [139.994, -2.37275]]], [[[104.271308, -0.3589712], [104.271308, -0.3589712]]], [[[104.17323739999998, -0.3440406], [104.17323739999998, -0.3440406]]], [[[104.48373779999999, -0.339351], [104.4335649, -0.357692], [104.40383639999997, -0.405432099999976], [104.35405480000004, -0.399091700000016], [104.32773380000005, -0.353545499999958], [104.29741290000004, -0.396371199999985], [104.26924210000001, -0.439811], [104.25151469999999, -0.487857700000022], [104.29381470000004, -0.530112299999958], [104.32782150000003, -0.570041], [104.3436182, -0.619315299999974], [104.35603620000003, -0.673898199999973], [104.39429930000001, -0.6300652], [104.4266936, -0.5883219], [104.46792950000001, -0.624361100000021], [104.51878609999999, -0.570392], [104.54870309999998, -0.51934120000004], [104.59294290000004, -0.491938399999976], [104.5734603, -0.444900899999984], [104.54135189999997, -0.393278100000034], [104.500061, -0.360588399999957], [104.48373779999999, -0.339351]]], [[[127.29021429999999, -0.333541500000029], [127.29021429999999, -0.333541500000029]]], [[[104.237472, -0.347800100000024], [104.237472, -0.347800100000024]]], [[[127.745502, -0.326873], [127.73474049999999, -0.3759801], [127.74806260000003, -0.327518], [127.745502, -0.326873]]], [[[121.95445829999997, -0.323604], [121.9355232, -0.37098770000002], [121.88813209999998, -0.340682499999973], [121.85893429999999, -0.381411], [121.8904262, -0.424080600000016], [121.94087450000004, -0.424990399999976], [121.994909, -0.423063599999979], [122.0463837, -0.421781200000011], [122.05304790000001, -0.3703488], [122.0019998, -0.3579997], [121.95780080000003, -0.3308146], [121.95445829999997, -0.323604]]], [[[127.40931369999998, -0.3205105], [127.40931369999998, -0.3205105]]], [[[130.21718579999998, -0.331389300000035], [130.21718579999998, -0.331389300000035]]], [[[130.15137320000002, -0.3118048], [130.15137320000002, -0.3118048]]], [[[130.6755, -0.3070945], [130.6755, -0.3070945]]], [[[130.49730419999997, -0.2991306], [130.49730419999997, -0.2991306]]], [[[127.54729890000002, -0.298459299999971], [127.5012274, -0.33367020000002], [127.4745926, -0.3761959], [127.443349, -0.416142], [127.41160869999997, -0.3751536], [127.3860136, -0.331847700000038], [127.33429639999997, -0.337509299999967], [127.33787129999999, -0.388284599999961], [127.31686830000001, -0.433899700000035], [127.295991, -0.482606500000033], [127.32516520000001, -0.529006600000043], [127.35907880000002, -0.566646100000041], [127.39837040000003, -0.5975868], [127.4422734, -0.6255652], [127.4781093, -0.66050220000003], [127.4506966, -0.709209], [127.44824559999998, -0.761789800000019], [127.46282150000002, -0.813603699999971], [127.5215939, -0.795710900000019], [127.5720471, -0.770209900000014], [127.62198650000002, -0.750765], [127.66499860000002, -0.7765561], [127.686363, -0.831727699999957], [127.7441023, -0.857267499999976], [127.7960884, -0.858186], [127.84372760000002, -0.841057900000026], [127.87944330000002, -0.795753399999983], [127.8762915, -0.7376788], [127.8378748, -0.702620499999968], [127.78999179999995, -0.682242900000036], [127.7374943, -0.686611600000015], [127.69216260000003, -0.709541900000039], [127.64812559999997, -0.682978100000026], [127.64685989999995, -0.629102700000034], [127.59616140000001, -0.6216138], [127.6120493, -0.572899199999972], [127.64457860000003, -0.5305025], [127.672882, -0.487073399999966], [127.65483960000003, -0.4362877], [127.61464459999996, -0.402512299999975], [127.58699789999997, -0.3607488], [127.5562792, -0.3144746], [127.54729890000002, -0.298459299999971]]], [[[130.2292149, -0.278025600000015], [130.2292149, -0.278025600000015]]], [[[104.471086, -0.277766299999966], [104.41996609999998, -0.287024799999964], [104.46033539999998, -0.328183399999988], [104.48157320000003, -0.282154200000024], [104.471086, -0.277766299999966]]], [[[122.01408730000003, -0.287078499999966], [122.01408730000003, -0.287078499999966]]], [[[127.06038890000005, -0.274837099999987], [127.06038890000005, -0.274837099999987]]], [[[122.0912143, -0.27521870000003], [122.0696982, -0.327811200000012], [122.064571, -0.381178200000038], [122.08479680000005, -0.430165299999958], [122.13217719999999, -0.410834300000024], [122.144731, -0.362365700000018], [122.107344, -0.328200900000015], [122.09339050000003, -0.2772815], [122.0912143, -0.27521870000003]]], [[[98.39036990000001, -0.276460600000023], [98.39036990000001, -0.276460600000023]]], [[[122.12189070000002, -0.2704275], [122.12189070000002, -0.2704275]]], [[[127.2416344, -0.2460001], [127.18915330000002, -0.25501310000003], [127.14051279999998, -0.2681496], [127.13973620000004, -0.320207100000031], [127.12846270000003, -0.370716300000035], [127.11616429999995, -0.419420399999987], [127.1493045, -0.4611779], [127.12458860000004, -0.507816699999958], [127.17168569999998, -0.5306377], [127.2210992, -0.514802699999956], [127.26514020000005, -0.488526600000034], [127.27308880000001, -0.438013499999974], [127.2823161, -0.387757799999983], [127.27003680000001, -0.339044399999972], [127.26466880000004, -0.289301699999973], [127.2416344, -0.2460001]]], [[[122.08841669999998, -0.260986199999975], [122.0291935, -0.275577300000036], [122.079662, -0.266136], [122.08841669999998, -0.260986199999975]]], [[[98.43143339999999, -0.25158579999996], [98.4442818, -0.301079699999979], [98.39920939999998, -0.32381], [98.38274279999999, -0.379519799999956], [98.37824530000002, -0.44479779999998], [98.3526926, -0.492930299999978], [98.30144970000003, -0.514737900000013], [98.34968889999998, -0.542374499999971], [98.41110080000004, -0.57925389999996], [98.429931, -0.53182769999996], [98.47977360000003, -0.5389955], [98.50601369999998, -0.493326900000019], [98.50890260000001, -0.439094], [98.5142194, -0.38934729999996], [98.50043049999998, -0.330192], [98.47296419999998, -0.282291500000015], [98.43323989999998, -0.2486954], [98.43143339999999, -0.25158579999996]]], [[[127.06116360000001, -0.228451400000013], [127.02250669999995, -0.2616886], [127.075493, -0.265690800000035], [127.06116360000001, -0.228451400000013]]], [[[127.30973470000005, -0.2271942], [127.30973470000005, -0.2271942]]], [[[122.20313239999999, -0.210513200000035], [122.15703340000002, -0.234488099999981], [122.17879880000004, -0.279866], [122.23283579999998, -0.283865500000042], [122.18614450000004, -0.250197500000022], [122.20313239999999, -0.210513200000035]]], [[[122.24174969999999, -0.210449], [122.26904050000002, -0.261524500000016], [122.32704390000005, -0.288246200000037], [122.36777480000003, -0.354497600000043], [122.37381539999997, -0.299389600000028], [122.33794260000005, -0.2499923], [122.28479509999997, -0.242561499999978], [122.24286929999997, -0.212576300000029], [122.24174969999999, -0.210449]]], [[[103.5680779, -0.194636600000015], [103.50700750000004, -0.185079600000011], [103.5680779, -0.194636600000015]]], [[[130.2749411, -0.17715680000004], [130.2749411, -0.17715680000004]]], [[[127.13514840000005, -0.1771767], [127.09034650000002, -0.218920200000012], [127.13744989999996, -0.199726299999964], [127.13514840000005, -0.1771767]]], [[[130.23394620000002, -0.163872500000013], [130.23394620000002, -0.163872500000013]]], [[[130.26402909999996, -0.150418200000042], [130.26402909999996, -0.150418200000042]]], [[[130.69314540000002, -0.133120600000042], [130.69314540000002, -0.133120600000042]]], [[[104.9241724, -0.137642800000021], [104.9241724, -0.137642800000021]]], [[[121.63203260000003, -0.125883200000027], [121.58477920000001, -0.143385299999983], [121.57846510000002, -0.19810510000003], [121.62777029999997, -0.208275299999967], [121.65602870000004, -0.160018800000012], [121.63203260000003, -0.125883200000027]]], [[[98.18922079999999, -0.1427833], [98.18922079999999, -0.1427833]]], [[[130.26914810000005, -0.106594400000033], [130.26914810000005, -0.106594400000033]]], [[[104.76597179999996, -0.151290700000024], [104.74025429999999, -0.106130099999985], [104.76572360000003, -0.1543314], [104.76597179999996, -0.151290700000024]]], [[[98.48518409999996, -0.121556599999979], [98.48518409999996, -0.121556599999979]]], [[[98.305403, -0.095403799999955], [98.305403, -0.095403799999955]]], [[[98.34346250000004, -0.138920799999982], [98.34346250000004, -0.138920799999982]]], [[[130.1777326, -0.085716700000022], [130.1777326, -0.085716700000022]]], [[[129.4214822, -0.078771], [129.4214822, -0.078771]]], [[[127.272303, -0.07900389999998], [127.21807570000004, -0.110106500000013], [127.26845509999995, -0.0947162], [127.272303, -0.07900389999998]]], [[[130.06275520000003, -0.063806899999969], [130.06275520000003, -0.063806899999969]]], [[[97.88912419999998, -0.060610199999973], [97.8373261, -0.064123799999988], [97.89139070000002, -0.113579599999964], [97.88912419999998, -0.060610199999973]]], [[[98.297724, -0.0583885], [98.348096, -0.097815500000015], [98.297724, -0.0583885]]], [[[127.42085859999997, -0.0588963], [127.42085859999997, -0.0588963]]], [[[98.33254730000002, -0.052317599999958], [98.33254730000002, -0.052317599999958]]], [[[104.7275833, -0.087593], [104.68910109999999, -0.046529599999962], [104.72594079999998, -0.089235500000024], [104.7275833, -0.087593]]], [[[130.52698380000004, -0.03492640000003], [130.52698380000004, -0.03492640000003]]], [[[131.07532289999997, -0.032467499999973], [131.07532289999997, -0.032467499999973]]], [[[98.2854676, -0.09347819999997], [98.27610950000002, -0.037701699999976], [98.28207729999997, -0.088009899999959], [98.2854676, -0.09347819999997]]], [[[98.5387788, -0.060931199999976], [98.5387788, -0.060931199999976]]], [[[98.50310620000003, -0.040727], [98.50310620000003, -0.040727]]], [[[127.42201110000002, -0.0176563], [127.40280810000003, -0.07255649999996], [127.4231636, -0.0220381], [127.42201110000002, -0.0176563]]], [[[130.94358239999997, -0.017810100000021], [130.94358239999997, -0.017810100000021]]], [[[104.6705639, -0.020953], [104.6705639, -0.020953]]], [[[127.1743234, -0.012242], [127.1743234, -0.012242]]], [[[130.799382, -0.006056800000016], [130.75253430000004, -0.025128800000013], [130.70978219999995, -0.056057300000029], [130.64987560000003, -0.055414400000037], [130.5971353, -0.044204200000026], [130.54900289999998, -0.058897099999983], [130.49713330000003, -0.082283], [130.44821839999997, -0.100435099999958], [130.40011780000003, -0.081585], [130.37387510000002, -0.125020200000032], [130.35364529999998, -0.079266500000037], [130.3024352, -0.092930699999966], [130.28382020000004, -0.1446757], [130.322156, -0.1774815], [130.3733669, -0.1841799], [130.3380105, -0.1455452], [130.3832234, -0.170774900000021], [130.41657790000002, -0.131858], [130.3854005, -0.176058700000043], [130.45168479999998, -0.198751300000028], [130.40369550000003, -0.222333099999956], [130.3572371, -0.2006788], [130.3016161, -0.216741699999973], [130.25302209999998, -0.203909], [130.308533, -0.242124699999986], [130.36257590000002, -0.255519800000032], [130.41208169999996, -0.263898499999977], [130.46324620000001, -0.261759600000017], [130.51516119999997, -0.242148299999984], [130.51774809999998, -0.294034200000032], [130.54902820000004, -0.333146799999968], [130.54596450000003, -0.384955899999968], [130.59050960000002, -0.36071930000004], [130.60849879999998, -0.309503899999958], [130.66016409999997, -0.301804], [130.7063475, -0.323153899999957], [130.70367349999998, -0.375131899999987], [130.7172528, -0.426030699999986], [130.7664105, -0.44187], [130.82375179999997, -0.427552300000029], [130.87392389999997, -0.4158149], [130.91897229999995, -0.3924813], [130.93406490000004, -0.343644099999969], [130.88373959999998, -0.311536700000021], [130.83114789999996, -0.287998], [130.7776451, -0.291872300000035], [130.7287442, -0.263787400000021], [130.70236960000003, -0.218687699999959], [130.6759958, -0.1725556], [130.63067890000002, -0.148074099999979], [130.65474160000002, -0.101678900000019], [130.69942029999999, -0.0778072], [130.7204389, -0.1305888], [130.76325649999998, -0.159440200000011], [130.79587160000003, -0.20117349999998], [130.831397, -0.2400628], [130.882596, -0.2485601], [130.9047453, -0.294428499999972], [130.939182, -0.331531299999972], [130.98756680000002, -0.35806379999997], [131.0349173, -0.341303899999962], [131.0874058, -0.313060399999971], [131.15470120000003, -0.328652], [131.20090470000002, -0.3574995], [131.251201, -0.378099], [131.28087839999998, -0.337254400000015], [131.31490650000006, -0.296282], [131.29631469999998, -0.240300300000024], [131.30925780000004, -0.186143600000028], [131.26625940000002, -0.148790800000038], [131.214817, -0.136943900000015], [131.1794952, -0.098555699999975], [131.13393629999996, -0.070730400000036], [131.07839529999998, -0.062615599999988], [131.04409609999996, -0.020744], [130.99239219999998, -0.044322899999989], [130.93889420000002, -0.040974200000027], [130.89179389999998, -0.019972699999988], [130.833429, -0.0095356], [130.799382, -0.006056800000016]]], [[[129.59845519999996, -0.0037391], [129.606651, -0.0640723], [129.65710410000003, -0.064587299999969], [129.60639449999996, -0.006575300000017], [129.59845519999996, -0.0037391]]], [[[98.3842778, 0.006711200000014], [98.33296969999996, -0.002957], [98.35368710000003, -0.048744299999976], [98.3799176, -0.1022498], [98.4036258, -0.151366399999981], [98.43597949999999, -0.193278900000033], [98.46529089999996, -0.242333799999967], [98.49639979999998, -0.287912200000024], [98.52662150000005, -0.331274699999968], [98.54786590000002, -0.3802621], [98.56840860000003, -0.330522399999984], [98.57295460000002, -0.280368499999978], [98.5378642, -0.240227400000032], [98.49299850000003, -0.210396399999963], [98.48265849999999, -0.158251299999963], [98.46876479999997, -0.108169100000028], [98.4425343, -0.061511300000012], [98.4147949, -0.017290899999962], [98.3842778, 0.006711200000014]]], [[[98.2346945, 0.0076234], [98.2346945, 0.0076234]]], [[[127.4293037, 0.006040699999959], [127.4293037, 0.006040699999959]]], [[[98.2498237, -0.0001], [98.2498237, -0.0001]]], [[[130.13788630000005, 0.016642900000024], [130.08930439999997, 0.002373700000041], [130.1046229, -0.04653340000001], [130.12856730000001, -0.091647700000037], [130.154813, -0.040603199999973], [130.114738, -0.008894499999974], [130.13788630000005, 0.016642900000024]]], [[[104.54009939999997, 0.017957], [104.54009939999997, 0.017957]]], [[[129.63266179999997, 0.00666750000004], [129.63266179999997, 0.00666750000004]]], [[[104.58968483485711, -0.0001], [104.53262589999997, -0.001364900000029], [104.50191, -0.045113], [104.51112479999998, -0.104306700000018], [104.47132590000001, -0.137743], [104.44833289999995, -0.182719499999957], [104.43007889999996, -0.2370862], [104.48036509999999, -0.243273199999978], [104.52218249999999, -0.275348899999967], [104.56198139999995, -0.243009900000041], [104.6149881, -0.23840250000003], [104.68405479999998, -0.2060634], [104.7330205, -0.221661], [104.7697572, -0.263548], [104.827841, -0.308165200000039], [104.88294609999998, -0.326471199999984], [104.91440809999999, -0.278937499999971], [104.9680239, -0.296685099999989], [104.889524, -0.223957100000034], [104.85775160000001, -0.175306], [104.82622750000002, -0.134784], [104.81691919999999, -0.184614199999961], [104.756043, -0.19013709999996], [104.7349442, -0.142975299999987], [104.69733869999997, -0.105121600000031], [104.63993750000003, -0.096371900000031], [104.64248179999996, -0.045052200000024], [104.58968483485711, -0.0001]]], [[[127.23046830000001, 0.0249425], [127.23046830000001, 0.0249425]]], [[[130.89101480000002, 0.039674199999967], [130.89101480000002, 0.039674199999967]]], [[[104.50063890000004, 0.0276208], [104.50063890000004, 0.0276208]]], [[[129.2868637, 0.050743], [129.34409740000004, 0.012427300000011], [129.38152779999996, -0.027718499999969], [129.4140549, -0.07142209999998], [129.46271690000003, -0.09192049999996], [129.47654789999999, -0.142972400000014], [129.512917, -0.184354100000023], [129.56209160000003, -0.212198899999978], [129.55952850000006, -0.153284], [129.518806, -0.112546600000025], [129.47116859999997, -0.085732199999972], [129.43044609999998, -0.04783], [129.3569953, 0.012324], [129.29866010000003, 0.045478599999987], [129.2868637, 0.050743]]], [[[104.54470119999998, 0.034753599999975], [104.54470119999998, 0.034753599999975]]], [[[104.77700230000002, 0.044867799999986], [104.77700230000002, 0.044867799999986]]], [[[104.50662120000003, 0.050744899999982], [104.50662120000003, 0.050744899999982]]], [[[98.23900140000002, 0.05301380000004], [98.23900140000002, 0.05301380000004]]], [[[104.52330279999995, 0.0541962], [104.52330279999995, 0.0541962]]], [[[104.7475507, 0.080945900000023], [104.7475507, 0.080945900000023]]], [[[104.54217019999999, 0.102285], [104.54217019999999, 0.102285]]], [[[130.24488270000003, 0.1109808], [130.24488270000003, 0.1109808]]], [[[130.21422209999997, 0.112183500000034], [130.21422209999997, 0.112183500000034]]], [[[127.433911, 0.131652700000034], [127.413973, 0.08120660000001], [127.4067593, 0.0228955], [127.44287770000001, -0.017784799999971], [127.46992719999997, 0.034322], [127.44626809999995, 0.080039], [127.4590996, 0.131233100000044], [127.433911, 0.131652700000034]]], [[[108.6078376, 0.122391800000015], [108.6078376, 0.122391800000015]]], [[[127.21497919999999, 0.14327290000004], [127.21497919999999, 0.14327290000004]]], [[[130.07721880000003, 0.14527810000004], [130.07721880000003, 0.14527810000004]]], [[[107.24459740000002, 0.14247210000004], [107.24459740000002, 0.14247210000004]]], [[[130.11929339999998, 0.146710100000041], [130.11929339999998, 0.146710100000041]]], [[[127.12046860000002, 0.1468835], [127.12046860000002, 0.1468835]]], [[[104.4116814, 0.155199], [104.4239049, 0.105873600000022], [104.44139070000003, 0.052355500000017], [104.48223169999997, 0.015080900000013], [104.46290409999997, 0.061904200000045], [104.4541043, 0.115221], [104.4116814, 0.155199]]], [[[104.2924875, 0.155891200000029], [104.2924875, 0.155891200000029]]], [[[130.06024469999994, 0.1753267], [130.06024469999994, 0.1753267]]], [[[104.33631309999998, 0.130532299999969], [104.29534850000002, 0.171756800000027], [104.30900339999998, 0.123639899999988], [104.33631309999998, 0.130532299999969]]], [[[98.61598209999995, 0.17958789999996], [98.55912449999995, 0.166952299999961], [98.53133639999999, 0.119251299999961], [98.57602919999995, 0.095401200000039], [98.62635570000003, 0.08882740000004], [98.677894, 0.075482], [98.7281626, 0.073707500000014], [98.782973, 0.0961769], [98.83009920000003, 0.079288600000032], [98.8436736, 0.129053], [98.79680290000005, 0.162315], [98.74685950000004, 0.156126200000022], [98.6838537, 0.172111599999985], [98.62212889999998, 0.173141799999959], [98.61598209999995, 0.17958789999996]]], [[[130.03815710000003, 0.186452899999983], [130.03815710000003, 0.186452899999983]]], [[[104.35268869999999, 0.187685199999981], [104.37946879999996, 0.132226], [104.35556319999998, 0.178025199999981], [104.35268869999999, 0.187685199999981]]], [[[128.96517520000003, 0.179156399999963], [128.96517520000003, 0.179156399999963]]], [[[99.311445, 0.181084599999986], [99.311445, 0.181084599999986]]], [[[104.24007889999996, 0.168245600000033], [104.24007889999996, 0.168245600000033]]], [[[104.34298110000005, 0.176564800000028], [104.34298110000005, 0.176564800000028]]], [[[104.50398069999996, 0.203037400000044], [104.50398069999996, 0.203037400000044]]], [[[99.28733710000002, 0.227859099999977], [99.28733710000002, 0.227859099999977]]], [[[104.54621689999998, 0.211893], [104.49916810000002, 0.238399099999958], [104.52226910000005, 0.194001299999973], [104.54347170000003, 0.145806], [104.577028, 0.107077299999963], [104.62488670000003, 0.091394399999983], [104.67068379999998, 0.028736300000014], [104.6492579, 0.094486799999965], [104.61104450000003, 0.1371914], [104.5769201, 0.178760200000044], [104.54621689999998, 0.211893]]], [[[104.43605379999997, 0.2501862], [104.43605379999997, 0.2501862]]], [[[104.51222980000001, 0.250838399999969], [104.51222980000001, 0.250838399999969]]], [[[104.3580088, 0.272448900000038], [104.3580088, 0.272448900000038]]], [[[104.32693409999996, 0.2822554], [104.32693409999996, 0.2822554]]], [[[104.3458381, 0.277190100000018], [104.3458381, 0.277190100000018]]], [[[104.4309081, 0.2824132], [104.4309081, 0.2824132]]], [[[104.34841959999999, 0.312490500000012], [104.386542, 0.273888200000021], [104.34841959999999, 0.312490500000012]]], [[[129.87355429999997, 0.324147500000043], [129.88821879999998, 0.2741487], [129.87355429999997, 0.324147500000043]]], [[[129.87345879999998, 0.341106700000021], [129.87345879999998, 0.341106700000021]]], [[[104.5639517, 0.3405161], [104.5639517, 0.3405161]]], [[[127.89835650000002, 0.350753900000027], [127.89835650000002, 0.350753900000027]]], [[[104.48458420000003, 0.353268499999986], [104.48458420000003, 0.353268499999986]]], [[[104.4228389, 0.370174600000011], [104.4228389, 0.370174600000011]]], [[[99.10523480000005, 0.366816], [99.10523480000005, 0.366816]]], [[[127.41934, 0.373349599999989], [127.36600930000004, 0.357179], [127.3503569, 0.308417499999985], [127.39313110000003, 0.275195900000041], [127.43858229999996, 0.311840599999973], [127.42563469999999, 0.361865499999963], [127.41934, 0.373349599999989]]], [[[104.33350030000004, 0.374049], [104.34492209999998, 0.324509599999983], [104.389033, 0.299944200000029], [104.37599409999996, 0.3488159], [104.33350030000004, 0.374049]]], [[[104.46685080000003, 0.3835893], [104.46685080000003, 0.3835893]]], [[[104.42605479999999, 0.385886299999976], [104.42605479999999, 0.385886299999976]]], [[[104.32810749999997, 0.3831299], [104.32810749999997, 0.3831299]]], [[[131.04502210000004, 0.389720400000042], [131.04502210000004, 0.389720400000042]]], [[[104.43974529999996, 0.403068], [104.43974529999996, 0.403068]]], [[[104.51625, 0.43175], [104.52675, 0.3805], [104.51625, 0.43175]]], [[[103.59178169999998, 0.413303399999981], [103.5509263, 0.446948100000027], [103.58731860000002, 0.4071238], [103.59178169999998, 0.413303399999981]]], [[[104.42158450000004, 0.449695399999966], [104.42158450000004, 0.449695399999966]]], [[[104.38592249999996, 0.453073200000025], [104.38592249999996, 0.453073200000025]]], [[[104.40917750000003, 0.47243009999997], [104.40917750000003, 0.47243009999997]]], [[[128.8745531, 0.4554623], [128.8745531, 0.4554623]]], [[[127.40713070000001, 0.48042409999997], [127.40713070000001, 0.48042409999997]]], [[[104.4433408, 0.480753799999983], [104.4433408, 0.480753799999983]]], [[[104.38726969999996, 0.495908100000014], [104.38726969999996, 0.495908100000014]]], [[[104.2754744, 0.4859667], [104.2754744, 0.4859667]]], [[[121.69214979999998, 0.510684200000016], [121.69214979999998, 0.510684200000016]]], [[[108.8604951, 0.516554900000015], [108.8604951, 0.516554900000015]]], [[[104.29573380000002, 0.475837399999984], [104.2837808, 0.5256737], [104.29391049999997, 0.4756348], [104.29573380000002, 0.475837399999984]]], [[[103.6381303, 0.5176701], [103.6381303, 0.5176701]]], [[[103.56241309999999, 0.547566200000043], [103.56241309999999, 0.547566200000043]]], [[[104.22124219999998, 0.556757800000012], [104.22124219999998, 0.556757800000012]]], [[[103.590395, 0.535801199999957], [103.590395, 0.535801199999957]]], [[[128.8589738, 0.490573499999963], [128.8298606, 0.551446600000032], [128.85235720000003, 0.496055799999978], [128.8589738, 0.490573499999963]]], [[[104.21770480000004, 0.5677336], [104.21770480000004, 0.5677336]]], [[[103.66765610000004, 0.553030800000014], [103.66765610000004, 0.553030800000014]]], [[[128.6476711, 0.575104200000014], [128.6476711, 0.575104200000014]]], [[[127.39445880000002, 0.585932699999974], [127.39445880000002, 0.585932699999974]]], [[[131.19048360000005, 0.574030399999986], [131.19048360000005, 0.574030399999986]]], [[[104.194828, 0.608914700000012], [104.1904463, 0.551099299999985], [104.20155909999995, 0.604596799999973], [104.194828, 0.608914700000012]]], [[[103.64258259999997, 0.623609200000013], [103.64258259999997, 0.623609200000013]]], [[[128.64626649999997, 0.62257650000001], [128.64626649999997, 0.62257650000001]]], [[[103.67634450000003, 0.636677500000021], [103.67634450000003, 0.636677500000021]]], [[[128.52235550000003, 0.624991], [128.52235550000003, 0.624991]]], [[[104.08875, 0.642], [104.08875, 0.642]]], [[[104.25115470000004, 0.636288499999987], [104.25115470000004, 0.636288499999987]]], [[[103.07036589999997, 0.564852700000012], [103.069464, 0.620200699999989], [103.03805389999997, 0.6604692], [103.06626629999995, 0.5650447], [103.07036589999997, 0.564852700000012]]], [[[103.1071879, 0.636194400000017], [103.1071879, 0.636194400000017]]], [[[103.58490079999999, 0.670125499999957], [103.58490079999999, 0.670125499999957]]], [[[104.32939110000004, 0.664756800000015], [104.32939110000004, 0.664756800000015]]], [[[104.29584360000004, 0.690573400000021], [104.29584360000004, 0.690573400000021]]], [[[103.49485370000002, 0.631884500000018], [103.5211292, 0.6754363], [103.47579929999998, 0.653340800000029], [103.49485370000002, 0.631884500000018]]], [[[103.58919229999997, 0.682141], [103.58919229999997, 0.682141]]], [[[104.3227309, 0.691888899999975], [104.3227309, 0.691888899999975]]], [[[103.1711174, 0.498647800000034], [103.28561310000002, 0.529810399999969], [103.3010985, 0.598918900000028], [103.28025489999997, 0.653336899999973], [103.23769510000001, 0.694505700000041], [103.18155460000001, 0.697115100000028], [103.14970030000003, 0.637170500000044], [103.13908629999997, 0.580800300000044], [103.1504931, 0.521314], [103.1711174, 0.498647800000034]]], [[[103.5064821, 0.693326800000021], [103.5064821, 0.693326800000021]]], [[[104.23149122601336, 0.703025], [104.25075970000005, 0.650468], [104.28897169999998, 0.611018199999974], [104.28579869999999, 0.661487300000035], [104.24384489999998, 0.690380599999967], [104.23149122601336, 0.703025]]], [[[104.62108448068686, 0.703025], [104.62108448068686, 0.703025]]], [[[103.73616524686666, 0.703025], [103.73616524686666, 0.703025]]], [[[103.68825540000002, 0.724681400000032], [103.68825540000002, 0.724681400000032]]], [[[127.37021150000001, 0.741260299999984], [127.37021150000001, 0.741260299999984]]], [[[118.0131144, 0.741293499999978], [118.0131144, 0.741293499999978]]], [[[103.56275639999997, 0.746509], [103.56275639999997, 0.746509]]], [[[104.6620759, 0.752688299999987], [104.6114358, 0.7312324], [104.6620759, 0.752688299999987]]], [[[103.73613440000001, 0.749770299999957], [103.73613440000001, 0.749770299999957]]], [[[104.7455701, 0.748132100000037], [104.7455701, 0.748132100000037]]], [[[127.40662440000004, 0.757329599999961], [127.37968729999997, 0.7064623], [127.36460790000001, 0.655958800000016], [127.40170240000003, 0.621944300000015], [127.44555920000002, 0.6503283], [127.45763389999996, 0.70696930000002], [127.430972, 0.749721900000038], [127.40662440000004, 0.757329599999961]]], [[[104.7061929, 0.739299800000042], [104.7061929, 0.739299800000042]]], [[[104.30982789999999, 0.763581], [104.35704290000001, 0.74181570000002], [104.30982789999999, 0.763581]]], [[[108.7699041, 0.728786799999986], [108.7699041, 0.728786799999986]]], [[[103.96677579999997, 0.767797500000016], [103.96677579999997, 0.767797500000016]]], [[[128.3016106, 0.778770400000022], [128.3016106, 0.778770400000022]]], [[[104.703103, 0.792338399999986], [104.73796329999996, 0.752356], [104.703103, 0.792338399999986]]], [[[104.61195079999997, 0.789077199999982], [104.61195079999997, 0.789077199999982]]], [[[103.54004089999995, 0.7936363], [103.54004089999995, 0.7936363]]], [[[103.101576, 0.719769499999961], [103.11359230000002, 0.778816], [103.07788669999998, 0.737277599999969], [103.101576, 0.719769499999961]]], [[[104.55017120000004, 0.793329], [104.50569240000002, 0.767449900000033], [104.56417230000004, 0.774394200000044], [104.55017120000004, 0.793329]]], [[[104.2558902, 0.802051600000036], [104.202945, 0.795250699999988], [104.1888037, 0.742461], [104.23020620000004, 0.712125699999982], [104.28500780000002, 0.707772], [104.25820180000004, 0.765557899999985], [104.2558902, 0.802051600000036]]], [[[103.84397480000003, 0.78430019999997], [103.84397480000003, 0.78430019999997]]], [[[108.72613049999995, 0.7305033], [108.70724769999998, 0.781997200000022], [108.71892070000001, 0.731704800000015], [108.72613049999995, 0.7305033]]], [[[128.3468681, 0.8022971], [128.3468681, 0.8022971]]], [[[124.6857087, 0.812337799999979], [124.6857087, 0.812337799999979]]], [[[128.2461002, 0.814073], [128.2461002, 0.814073]]], [[[104.15120650000003, 0.792105499999989], [104.15120650000003, 0.792105499999989]]], [[[103.0882855, 0.800313099999988], [103.0882855, 0.800313099999988]]], [[[103.7261781, 0.758352599999961], [103.7038621, 0.803838600000011], [103.70472039999997, 0.753374900000042], [103.7261781, 0.758352599999961]]], [[[103.93668780000003, 0.794604800000014], [103.88639960000002, 0.794570700000035], [103.9193972, 0.7540658], [103.93668780000003, 0.794604800000014]]], [[[104.62235450000004, 0.818380299999982], [104.62235450000004, 0.818380299999982]]], [[[108.7884879, 0.840157199999963], [108.7884879, 0.840157199999963]]], [[[97.35135239999997, 0.837347700000029], [97.35135239999997, 0.837347700000029]]], [[[128.3247711, 0.8388415], [128.3247711, 0.8388415]]], [[[134.30639919999996, 0.843231], [134.30639919999996, 0.843231]]], [[[104.36390120000002, 0.815932799999979], [104.36390120000002, 0.815932799999979]]], [[[103.70472039999997, 0.8397122], [103.70472039999997, 0.8397122]]], [[[97.33006640000002, 0.845071599999974], [97.33006640000002, 0.845071599999974]]], [[[104.62463740000001, 0.856575500000039], [104.62463740000001, 0.856575500000039]]], [[[97.37710170000001, 0.8577731], [97.37710170000001, 0.8577731]]], [[[127.32755, 0.867087], [127.295516, 0.824605900000035], [127.30526670000003, 0.76659479999998], [127.35649420000004, 0.760418199999984], [127.38776819999995, 0.7996981], [127.36578890000001, 0.846598199999987], [127.32755, 0.867087]]], [[[104.66495479999998, 0.825579400000025], [104.66495479999998, 0.825579400000025]]], [[[103.6896142, 0.835592700000037], [103.65614019999997, 0.874040600000042], [103.683606, 0.828555399999969], [103.6896142, 0.835592700000037]]], [[[97.35556569999997, 0.867313699999988], [97.35556569999997, 0.867313699999988]]], [[[127.54215549999998, 0.880504099999973], [127.54215549999998, 0.880504099999973]]], [[[127.50256679999998, 0.883184200000036], [127.50256679999998, 0.883184200000036]]], [[[103.4532657, 0.856679600000037], [103.41086189999997, 0.88535069999997], [103.43311850000003, 0.830957699999962], [103.48791319999998, 0.8001415], [103.52536369999997, 0.766417399999957], [103.509445, 0.823443100000015], [103.4708564, 0.856608099999983], [103.4532657, 0.856679600000037]]], [[[103.75589849999999, 0.880342899999958], [103.73775350000004, 0.828052899999959], [103.7840039, 0.793864599999965], [103.82281639999998, 0.7617924], [103.8341932, 0.811993900000035], [103.7918391, 0.861017599999963], [103.75589849999999, 0.880342899999958]]], [[[104.45708030000003, 0.883527800000044], [104.45708030000003, 0.883527800000044]]], [[[107.54720519999996, 0.878158599999972], [107.54720519999996, 0.878158599999972]]], [[[104.62461429999996, 0.896639099999968], [104.62461429999996, 0.896639099999968]]], [[[103.474426, 0.6682744], [103.50498180000004, 0.7182242], [103.49639869999996, 0.776927400000032], [103.4590399, 0.8224671], [103.4042475, 0.863043], [103.3535764, 0.843697], [103.3516881, 0.769718200000041], [103.377094, 0.699171199999975], [103.40198490000002, 0.6540274], [103.45892510000002, 0.638484400000044], [103.474426, 0.6682744]]], [[[104.69963039999998, 0.885654100000027], [104.69963039999998, 0.885654100000027]]], [[[118.0273258, 0.890907099999987], [118.0273258, 0.890907099999987]]], [[[103.89672970000004, 0.808015500000019], [103.86381760000003, 0.8802672], [103.8123192, 0.898117800000014], [103.82964540000005, 0.847567900000017], [103.88332339999995, 0.797009799999964], [103.89672970000004, 0.808015500000019]]], [[[122.85906219999998, 0.8988294], [122.89333849999997, 0.852950899999987], [122.86562580000003, 0.897835], [122.85906219999998, 0.8988294]]], [[[103.76729959999997, 0.8837086], [103.76729959999997, 0.8837086]]], [[[127.31466260000002, 0.913348699999988], [127.31466260000002, 0.913348699999988]]], [[[122.77134780000003, 0.913637], [122.8065694, 0.874545499999984], [122.77134780000003, 0.913637]]], [[[97.2837436, 0.895664299999959], [97.2837436, 0.895664299999959]]], [[[103.33803820000001, 0.917627900000022], [103.33803820000001, 0.917627900000022]]], [[[104.05679789999998, 0.917980599999984], [104.05679789999998, 0.917980599999984]]], [[[103.96023409999995, 0.90702980000003], [103.96023409999995, 0.90702980000003]]], [[[104.21287620000003, 0.921535899999986], [104.21287620000003, 0.921535899999986]]], [[[103.47487240000002, 0.9145211], [103.4215773, 0.911169599999988], [103.45791359999998, 0.857752099999958], [103.47748410000003, 0.910234], [103.47487240000002, 0.9145211]]], [[[103.51682640000004, 0.8656672], [103.50252709999997, 0.919639500000018], [103.49742870000001, 0.8672119], [103.51682640000004, 0.8656672]]], [[[118.0050516, 0.929541200000033], [118.0050516, 0.929541200000033]]], [[[103.45873239999997, 0.9236916], [103.45873239999997, 0.9236916]]], [[[104.1893586, 0.918961300000037], [104.1893586, 0.918961300000037]]], [[[103.76556369999997, 0.948740800000019], [103.76556369999997, 0.948740800000019]]], [[[103.41717829999999, 0.949648499999983], [103.41717829999999, 0.949648499999983]]], [[[107.508489, 0.948066900000038], [107.508489, 0.948066900000038]]], [[[104.17322239999999, 0.959639600000022], [104.17322239999999, 0.959639600000022]]], [[[103.4406622, 0.961765200000036], [103.47509590000004, 0.919883400000037], [103.4406622, 0.961765200000036]]], [[[104.1195124, 0.958186599999971], [104.09121430000002, 0.91180320000001], [104.11950290000001, 0.8700994], [104.1575803, 0.824828900000012], [104.19995439999997, 0.797912799999983], [104.2450249, 0.820622699999978], [104.23400329999997, 0.875689599999967], [104.18121370000003, 0.868440599999969], [104.1503527, 0.908562800000039], [104.12618530000002, 0.952877100000043], [104.1195124, 0.958186599999971]]], [[[107.48132749999998, 0.961707300000041], [107.48132749999998, 0.961707300000041]]], [[[103.79299450000003, 0.964122400000027], [103.79299450000003, 0.964122400000027]]], [[[107.416, 0.96825], [107.416, 0.96825]]], [[[126.1476489, 0.968018499999983], [126.1476489, 0.968018499999983]]], [[[104.08417529999998, 0.9721664], [104.08417529999998, 0.9721664]]], [[[104.0624, 0.967451288235315], [104.06846280000005, 0.914507500000033], [104.063839, 0.9647748], [104.0624, 0.967451288235315]]], [[[104.151948, 0.9718005], [104.151948, 0.9718005]]], [[[103.99550479999998, 0.949190800000038], [103.99550479999998, 0.949190800000038]]], [[[124.90635579999999, 0.976773399999969], [124.90635579999999, 0.976773399999969]]], [[[126.13175739999998, 0.980313699999973], [126.13175739999998, 0.980313699999973]]], [[[104.114408, 0.9742071], [104.114408, 0.9742071]]], [[[120.2357694, 0.969353899999986], [120.2357694, 0.969353899999986]]], [[[118.00781779999998, 0.964197], [118.00781779999998, 0.964197]]], [[[107.41525, 0.9915], [107.41525, 0.9915]]], [[[103.3781734, 0.994897599999971], [103.3781734, 0.994897599999971]]], [[[104.1331185, 0.987812699999962], [104.1331185, 0.987812699999962]]], [[[104.24353960000003, 0.9964609], [104.24353960000003, 0.9964609]]], [[[103.95048959999998, 1.000110900000022], [103.95048959999998, 1.000110900000022]]], [[[120.7264079, 1.001711], [120.7264079, 1.001711]]], [[[122.6653835, 1.001497099999964], [122.6653835, 1.001497099999964]]], [[[107.3945, 1.00925], [107.3945, 1.00925]]], [[[104.38949680000003, 0.99390190000001], [104.38949680000003, 0.99390190000001]]], [[[104.10891860000001, 1.004896899999979], [104.10891860000001, 1.004896899999979]]], [[[102.74539449999997, 0.997854799999958], [102.64102440000003, 0.989273], [102.5899674, 1.00114770000001], [102.53987090000004, 0.965078199999974], [102.481033, 0.9271791], [102.42507140000002, 0.910358500000024], [102.4130551, 0.854060200000022], [102.46661339999997, 0.807716499999971], [102.55409679999998, 0.7704209], [102.61625479999996, 0.7771353], [102.69582759999996, 0.791310400000016], [102.78337490000003, 0.7899372], [102.85341279999999, 0.792683600000037], [102.9179575, 0.7762056], [102.96155940000003, 0.732950699999984], [102.99528510000003, 0.689044399999988], [103.04927120000004, 0.718585], [103.055914, 0.785510199999989], [103.0121563, 0.848528800000031], [102.935252, 0.8955585], [102.87885860000004, 0.952044], [102.79817780000003, 0.979677600000011], [102.741618, 0.980691200000033], [102.69982859999998, 0.948643400000043], [102.74806380000004, 0.908262200000037], [102.79104050000004, 0.9403311], [102.74967009999999, 0.906518199999978], [102.70349319999997, 0.926943300000021], [102.7227352, 0.9748555], [102.74539449999997, 0.997854799999958]]], [[[104.10079610000003, 1.02372670000001], [104.10079610000003, 1.02372670000001]]], [[[107.36795340000003, 1.0228786], [107.36795340000003, 1.0228786]]], [[[107.5385, 1.026], [107.5425, 0.976], [107.59425, 0.99075], [107.55325, 1.02275], [107.5385, 1.026]]], [[[104.17112440000002, 0.995732300000023], [104.17112440000002, 0.995732300000023]]], [[[103.87255120000003, 1.034804299999974], [103.831676, 0.989742300000012], [103.8826402, 0.949621300000041], [103.94350230000005, 0.9093374], [103.96704229999999, 0.956295800000023], [103.93715570000002, 0.997946399999988], [103.891403, 1.0314115], [103.87255120000003, 1.034804299999974]]], [[[131.23357019999997, 1.013081500000029], [131.23357019999997, 1.013081500000029]]], [[[103.88240149999997, 1.045070500000039], [103.88240149999997, 1.045070500000039]]], [[[107.50669070000004, 1.0475981], [107.50669070000004, 1.0475981]]], [[[103.78481240000002, 1.041756600000026], [103.7851051, 0.976292499999969], [103.79886349999998, 1.02575660000001], [103.78481240000002, 1.041756600000026]]], [[[103.82974380000002, 1.043830500000025], [103.82974380000002, 1.043830500000025]]], [[[103.81903229999996, 1.0524757], [103.81903229999996, 1.0524757]]], [[[120.621568, 1.065819399999961], [120.6568771, 1.022737499999964], [120.6251587, 1.0631866], [120.621568, 1.065819399999961]]], [[[104.182969, 1.06799], [104.182969, 1.06799]]], [[[121.97189869999997, 1.071063499999985], [121.97189869999997, 1.071063499999985]]], [[[102.86585260000004, 1.058341300000015], [102.86585260000004, 1.058341300000015]]], [[[103.846908, 1.073378899999982], [103.846908, 1.073378899999982]]], [[[103.8290986, 1.077249799999985], [103.8290986, 1.077249799999985]]], [[[120.3896316, 1.077090500000038], [120.36635380000001, 1.0299396], [120.39936160000002, 1.071504], [120.3896316, 1.077090500000038]]], [[[131.26123790000003, 1.0472191], [131.26123790000003, 1.0472191]]], [[[103.87078310000003, 1.067314400000024], [103.87078310000003, 1.067314400000024]]], [[[103.8064294, 1.095426900000012], [103.8064294, 1.095426900000012]]], [[[107.41675, 1.1015], [107.41675, 1.1015]]], [[[102.54095439999998, 1.125679200000034], [102.48199179999997, 1.126158399999982], [102.46009610000003, 1.076956499999964], [102.48309290000005, 1.0129975], [102.49648249999998, 0.9625365], [102.55927169999997, 0.972300199999959], [102.60890829999998, 1.005128400000038], [102.56424709999996, 1.097301899999986], [102.54095439999998, 1.125679200000034]]], [[[103.3785844, 1.135216099999974], [103.32834170000001, 1.110535099999959], [103.31451240000001, 1.05959979999996], [103.33688789999995, 1.013032499999971], [103.3937029, 0.992521099999982], [103.44542289999998, 0.992179400000042], [103.42069059999999, 1.03985640000001], [103.3827656, 1.080767499999984], [103.38218950000002, 1.132384499999988], [103.3785844, 1.135216099999974]]], [[[103.30186540000004, 1.139583], [103.30186540000004, 1.139583]]], [[[102.9667093, 1.097169100000011], [102.90216459999998, 1.122226900000028], [102.84311309999998, 1.1404195], [102.78097169999997, 1.157582200000034], [102.71447960000002, 1.139253800000011], [102.6784307, 1.101152299999979], [102.66012210000002, 1.0395009], [102.71895869999999, 1.033898], [102.77801019999997, 1.018794200000011], [102.818607, 1.05020460000002], [102.86545139999997, 1.067730399999983], [102.81616079999998, 1.032150599999964], [102.83465839999997, 0.984810399999974], [102.91224940000004, 0.94911], [102.950453, 0.909376500000041], [103.04202540000003, 0.858484], [103.08309570000003, 0.8290721], [103.13865479999998, 0.836831799999976], [103.1602841, 0.884376600000019], [103.11942870000001, 0.9355253], [103.08206569999999, 0.9862942], [103.03640380000003, 1.033665299999969], [103.0027582, 1.072454300000041], [102.9667093, 1.097169100000011]]], [[[103.89640149999997, 1.150282500000015], [103.89640149999997, 1.150282500000015]]], [[[103.39296619999996, 1.163066500000037], [103.39296619999996, 1.163066500000037]]], [[[104.0975669, 1.199125299999986], [104.0902415, 1.147847199999957], [104.04505060000002, 1.17052], [103.99636039999999, 1.156159700000019], [103.94801859999998, 1.142455], [103.9345954, 1.093108], [103.908851, 1.0441577], [103.951161, 1.008606799999983], [104.00890149999998, 0.994372500000045], [104.06559569999996, 0.984628600000031], [104.09079340000001, 1.028926800000034], [104.13938179999998, 1.05438389999996], [104.14424219999997, 1.104693599999978], [104.14013910000003, 1.155761400000015], [104.10401320000003, 1.1939707], [104.0975669, 1.199125299999986]]], [[[97.10201179999996, 1.195116600000039], [97.10201179999996, 1.195116600000039]]], [[[104.57376919999997, 1.228863500000015], [104.536068, 1.1874055], [104.47462189999997, 1.1744018], [104.41908990000005, 1.1982452], [104.37127080000005, 1.179074099999971], [104.318944, 1.18252370000002], [104.29918840000003, 1.132739599999971], [104.24356090000002, 1.120068699999981], [104.2137895, 1.0718194], [104.2260258, 1.020061], [104.281648, 1.001716299999982], [104.33178060000004, 0.995384400000015], [104.3794511, 1.01115489999996], [104.4153075, 1.055678699999978], [104.47464080000002, 1.027714], [104.47947580000003, 0.975224100000032], [104.42655670000003, 0.975267399999973], [104.4637804, 0.938812600000032], [104.48027010000003, 0.882528200000026], [104.50862440000004, 0.840212700000025], [104.5550915, 0.814422499999983], [104.6096798, 0.827124200000034], [104.613113, 0.885139199999967], [104.6562, 0.913288200000045], [104.64487789999997, 0.968145800000036], [104.65389079999999, 1.024595899999985], [104.642354, 1.0762859], [104.59755039999996, 1.1257153], [104.57734150000005, 1.17621490000001], [104.58442979999998, 1.228403], [104.57376919999997, 1.228863500000015]]], [[[97.08556950000003, 1.209682499999969], [97.08556950000003, 1.209682499999969]]], [[[98.82464639999998, 1.266853399999961], [98.82464639999998, 1.266853399999961]]], [[[128.02540979999998, 1.3002757], [128.02540979999998, 1.3002757]]], [[[126.38732389999998, 1.348728400000015], [126.38316849999998, 1.2984574], [126.38732389999998, 1.348728400000015]]], [[[120.8893009, 1.360357699999975], [120.8893009, 1.360357699999975]]], [[[102.28948109999999, 1.411566100000011], [102.22840159999998, 1.411743300000017], [102.22932970000004, 1.347012100000027], [102.21393090000002, 1.296142100000013], [102.23640570000002, 1.224225499999958], [102.2487545, 1.1574808], [102.24056890000004, 1.096402199999973], [102.26027950000004, 1.049344900000031], [102.28293880000001, 0.994422], [102.33066059999996, 0.958378400000031], [102.3828457, 0.914095699999978], [102.43571739999997, 0.94876670000003], [102.473982, 0.981695700000012], [102.449107, 1.0438527], [102.45425679999995, 1.116967399999973], [102.47722539999995, 1.179800600000041], [102.48633069999998, 1.233008300000032], [102.44582140000003, 1.2721331], [102.39732309999997, 1.307653900000021], [102.320597, 1.3808138], [102.28948109999999, 1.411566100000011]]], [[[97.25751850000005, 1.4624047], [97.25751850000005, 1.4624047]]], [[[118.47018559999997, 1.4657871], [118.47119059999999, 1.402995], [118.52989859999997, 1.386333900000041], [118.49405409999999, 1.422000300000031], [118.47018559999997, 1.4657871]]], [[[97.37782889999995, 1.517396399999987], [97.3367205, 1.471850300000026], [97.29218880000003, 1.448136700000029], [97.2529054, 1.4125762], [97.20310549999998, 1.401373099999963], [97.1488727, 1.421832], [97.09579469999998, 1.420524], [97.15091959999998, 1.368081299999984], [97.18530910000001, 1.322252800000017], [97.2100283, 1.2742], [97.25613619999999, 1.2494285], [97.28683010000003, 1.202444199999968], [97.3212649, 1.158869599999973], [97.34624350000003, 1.1154809], [97.37236990000001, 1.071953199999969], [97.39526939999996, 1.017783499999963], [97.410965, 0.962631699999966], [97.46059620000003, 0.943533400000012], [97.51062240000005, 0.922387700000032], [97.552267, 0.88728150000003], [97.6039124, 0.838364200000024], [97.63460370000001, 0.7931372], [97.6564591, 0.741754600000027], [97.66914369999998, 0.69074860000004], [97.69378310000002, 0.625058899999969], [97.702397, 0.5644919], [97.75479439999997, 0.5539162], [97.80468009999998, 0.559395500000031], [97.85320549999999, 0.588714800000039], [97.89919720000005, 0.6235318], [97.89387270000003, 0.675698], [97.89119469999997, 0.7258984], [97.89985659999998, 0.7827515], [97.89793919999997, 0.835679500000024], [97.90154179999998, 0.886440099999957], [97.93212889999998, 0.935856200000023], [97.9303921, 0.9910089], [97.89667459999995, 1.054572500000022], [97.8449249, 1.076596800000045], [97.81608580000001, 1.1328913], [97.763998, 1.1548713], [97.71396820000001, 1.173923100000012], [97.67964720000005, 1.211494399999962], [97.64529779999995, 1.248238400000028], [97.61303639999997, 1.2917536], [97.57860749999996, 1.345876], [97.54290970000004, 1.389579800000023], [97.5103569, 1.436240899999957], [97.48128939999997, 1.479402499999976], [97.43274469999997, 1.492091500000042], [97.38367169999995, 1.5128141], [97.37782889999995, 1.517396399999987]]], [[[125.29293169999998, 1.5482305], [125.26668280000001, 1.50175169999997], [125.24245139999996, 1.4573423], [125.188906, 1.427794900000039], [125.23404260000002, 1.400706799999989], [125.2622429, 1.4439209], [125.28161959999997, 1.495050199999975], [125.29341489999999, 1.5459782], [125.29293169999998, 1.5482305]]], [[[98.59482850000003, 1.57855279999996], [98.59482850000003, 1.57855279999996]]], [[[98.51795520000002, 1.580953299999981], [98.51795520000002, 1.580953299999981]]], [[[128.06459350000003, 1.56190259999997], [128.06459350000003, 1.56190259999997]]], [[[102.02986180000002, 1.6088868], [102.01831260000003, 1.552710499999959], [102.06877249999995, 1.49584139999998], [102.125142, 1.4568883], [102.20025679999998, 1.434993300000025], [102.264099, 1.4353559], [102.31101969999996, 1.412135200000025], [102.35577040000001, 1.368242700000016], [102.39592239999998, 1.3253334], [102.48490570000003, 1.262742700000013], [102.49887160000004, 1.331187400000038], [102.49235159999996, 1.397012600000041], [102.49606520000002, 1.469056699999987], [102.46086409999998, 1.518482599999976], [102.40815610000003, 1.536677300000038], [102.3506326, 1.547907800000042], [102.28195589999996, 1.553979499999974], [102.23302890000004, 1.5651114], [102.18226349999998, 1.5702845], [102.09529329999997, 1.597197500000041], [102.02986180000002, 1.6088868]]], [[[98.56977520000004, 1.613816], [98.56977520000004, 1.613816]]], [[[124.744637, 1.633428], [124.7816156, 1.595216099999968], [124.744637, 1.633428]]], [[[124.7025193, 1.648832], [124.7025193, 1.648832]]], [[[128.05064840000003, 1.656875900000026], [128.05064840000003, 1.656875900000026]]], [[[98.49426110000005, 1.682581199999971], [98.444136, 1.6788062], [98.49689710000001, 1.629908099999982], [98.55331270000003, 1.625270200000022], [98.60618440000002, 1.6115427], [98.59107819999997, 1.661647400000026], [98.53477320000005, 1.6403702], [98.498381, 1.6753745], [98.49426110000005, 1.682581199999971]]], [[[125.02742130000003, 1.7061244], [125.02742130000003, 1.7061244]]], [[[128.07296440000005, 1.716245], [128.07296440000005, 1.716245]]], [[[124.76854169999999, 1.740724], [124.76854169999999, 1.740724]]], [[[124.99437339999997, 1.7505256], [124.96775, 1.70475], [124.92725, 1.6745], [124.894, 1.636], [124.85869349999999, 1.5984262], [124.804663, 1.57127970000001], [124.83789010000001, 1.529071700000022], [124.833476, 1.474846300000026], [124.77686910000004, 1.459489700000043], [124.73026419999997, 1.432025799999986], [124.68513480000001, 1.406843599999979], [124.6327317, 1.4087793], [124.58369949999997, 1.398613], [124.5442557, 1.366541500000034], [124.516313, 1.319857900000015], [124.5430397, 1.275832799999959], [124.592359, 1.264236100000032], [124.58410720000005, 1.195889300000024], [124.5325872, 1.2130857], [124.49013250000002, 1.184780200000029], [124.42817920000002, 1.187761100000023], [124.3702888, 1.172718800000021], [124.34026289999997, 1.115644899999973], [124.32263640000002, 1.067959], [124.29727540000005, 1.00984840000004], [124.24411120000002, 1.001848700000012], [124.19294469999998, 0.982306800000037], [124.15825040000004, 0.945169799999961], [124.10476829999999, 0.91965670000002], [124.046901, 0.909507300000028], [123.99960460000003, 0.884596299999989], [123.93256169999998, 0.860154699999976], [123.88577480000004, 0.839797599999963], [123.82835179999996, 0.839943500000045], [123.77826290000002, 0.830036600000044], [123.73548260000001, 0.85768139999997], [123.6816574, 0.875539299999966], [123.61807810000002, 0.897469600000028], [123.56236569999999, 0.888274600000043], [123.4946353, 0.88996129999998], [123.4267619, 0.900446799999981], [123.37303409999996, 0.91322350000002], [123.3224384, 0.907499399999983], [123.27014489999998, 0.917566900000038], [123.21464729999997, 0.9467235], [123.17854379999996, 0.9015945], [123.13303670000002, 0.923149600000011], [123.08548219999997, 0.907111300000023], [123.04697509999997, 0.939485600000028], [122.99453570000003, 0.945892199999959], [122.94656869999997, 0.9641898], [122.946155, 0.9127734], [122.92467410000002, 0.866450599999984], [122.88152460000002, 0.8304956], [122.83216909999999, 0.8186875], [122.78933330000002, 0.848813200000025], [122.74266090000003, 0.879629], [122.69370720000003, 0.893040700000041], [122.66418209999998, 0.935186899999978], [122.61893480000003, 0.961246099999984], [122.5621185, 0.959593799999963], [122.47799379999995, 1.001417799999976], [122.36785449999996, 1.0004165], [122.33481269999999, 1.03946590000003], [122.258513, 1.007135800000041], [122.1936766, 1.034665899999981], [122.1435323, 1.045177600000018], [122.06346940000005, 1.063496300000038], [122.01630009999998, 1.039512900000011], [121.9661669, 1.032357300000013], [121.94003209999997, 1.076161900000033], [121.890851, 1.091324300000023], [121.82878389999996, 1.08670520000002], [121.7782235, 1.074962], [121.72242549999999, 1.074831199999975], [121.6687174, 1.0687739], [121.6180516, 1.055480099999977], [121.56727689999997, 1.063505099999967], [121.5106185, 1.08684570000001], [121.45429150000004, 1.139575], [121.4209327, 1.185588700000045], [121.42038239999997, 1.244104500000025], [121.46966249999997, 1.263912], [121.44320350000001, 1.313524500000012], [121.41010409999996, 1.267483699999977], [121.3616575, 1.250777], [121.30976520000004, 1.256474800000012], [121.2541148, 1.230440600000032], [121.19335990000002, 1.256491399999964], [121.14542290000004, 1.291133500000024], [121.10133449999998, 1.3154942], [121.04952859999999, 1.308800500000034], [121.0006685, 1.330428], [120.94212549999999, 1.349916299999981], [120.9116525, 1.309943700000032], [120.85746829999995, 1.316027800000013], [120.807501, 1.3246785], [120.8111547, 1.2708643], [120.81093139999999, 1.220262499999974], [120.7989624, 1.157551499999981], [120.77638009999998, 1.108486900000043], [120.79790320000002, 1.061385600000014], [120.77082110000002, 1.0145217], [120.73862180000002, 0.974636199999972], [120.68763629999995, 0.97926550000002], [120.6508508, 0.94104569999997], [120.61939250000003, 0.898427300000042], [120.60497180000003, 0.846087], [120.59758249999997, 0.792594200000012], [120.56445989999996, 0.753070099999958], [120.52934, 0.79087079999997], [120.47810829999997, 0.779187299999966], [120.41624590000002, 0.792467900000043], [120.376069, 0.8265838], [120.32841019999998, 0.851496700000014], [120.34027929999998, 0.902055], [120.34776769999998, 0.95161230000002], [120.30137270000003, 0.981208], [120.25695120000005, 0.956374499999962], [120.24183350000003, 0.9045949], [120.2436387, 0.840817599999982], [120.2215299, 0.78522979999997], [120.17825329999997, 0.756964], [120.12733, 0.742421100000017], [120.07250180000003, 0.7405208], [120.03676130000004, 0.6993497], [120.01593649999995, 0.650242299999986], [120.03809829999999, 0.550933699999961], [120.01643220000003, 0.4924193], [119.951317, 0.474237799999971], [119.89468230000003, 0.4664759], [119.88673709999998, 0.4146755], [119.84768770000004, 0.356602], [119.86593239999996, 0.305376299999976], [119.89754390000002, 0.244699299999967], [119.85402229999995, 0.213898600000045], [119.80844789999996, 0.23584549999997], [119.77221940000001, 0.1987247], [119.81124429999997, 0.1567839], [119.85013290000002, 0.1242659], [119.87869960000002, 0.075297400000023], [119.88553159999998, -0.001106200000029], [119.86457689999999, -0.060894499999959], [119.82594150000001, -0.113127599999958], [119.77171940000002, -0.106989699999966], [119.73782820000001, -0.061079499999989], [119.72420070000001, -0.012622100000021], [119.67084969999998, 0.01089819999997], [119.61548180000004, -0.0069841], [119.63489390000002, -0.061943200000043], [119.66545750000004, -0.110551299999956], [119.709417, -0.140959900000032], [119.77614520000003, -0.125570299999984], [119.8108121, -0.17325], [119.80364610000004, -0.22912929999997], [119.78064459999999, -0.275055400000019], [119.769479, -0.328814199999956], [119.75913689999999, -0.3834921], [119.756471, -0.4352067], [119.75808609999999, -0.491373300000026], [119.78533730000004, -0.55666620000004], [119.79233249999999, -0.606402599999962], [119.81174669999997, -0.659881700000026], [119.84445130000003, -0.698202199999971], [119.8594503, -0.750648500000024], [119.87722590000004, -0.802277799999979], [119.8775679, -0.857451199999987], [119.8244986, -0.848704399999962], [119.80459050000002, -0.799626900000023], [119.78266459999996, -0.750492299999978], [119.7659751, -0.702028899999958], [119.74034260000005, -0.656459500000024], [119.6899508, -0.692132400000018], [119.68611930000004, -0.747833199999965], [119.65087240000004, -0.785637199999984], [119.6196301, -0.825072499999974], [119.57368919999996, -0.848909399999959], [119.53598270000002, -0.886507700000012], [119.52140220000004, -0.941478500000043], [119.49691619999999, -0.988818099999984], [119.4601871, -1.07370310000004], [119.40958270000002, -1.130021], [119.37254860000002, -1.164693599999984], [119.33170859999998, -1.2015293], [119.30347650000004, -1.276121], [119.33694069999999, -1.350395299999969], [119.28878490000002, -1.388756700000011], [119.28633630000002, -1.45242039999996], [119.32061669999999, -1.556894199999965], [119.31245470000003, -1.609131100000011], [119.2928659, -1.6597356], [119.30764939999999, -1.747164899999982], [119.318615, -1.799853099999977], [119.3587329, -1.838098899999958], [119.35391880000002, -1.89800829999996], [119.33359239999997, -1.950964], [119.2637872, -1.969953100000039], [119.21323860000003, -1.995896100000023], [119.2057499, -2.055538], [119.18863290000002, -2.121064], [119.16028290000001, -2.170542700000039], [119.1530617, -2.236336099999987], [119.12872350000002, -2.292233799999972], [119.13407260000002, -2.353213], [119.13850429999998, -2.4137157], [119.12972559999997, -2.463072400000039], [119.08704619999997, -2.4919606], [119.03270789999996, -2.527057400000016], [119.0292604, -2.583745300000013], [118.98849010000004, -2.620441500000032], [118.936092, -2.648247200000037], [118.889304, -2.6701678], [118.84138789999999, -2.649147800000035], [118.79339760000003, -2.669828800000024], [118.7762315, -2.720927300000026], [118.7619836, -2.77356669999998], [118.76747680000003, -2.843177600000041], [118.82189340000002, -2.852778699999964], [118.87475440000003, -2.873101599999989], [118.875485, -2.923247699999971], [118.85966820000003, -2.972599300000029], [118.8603119, -3.024596100000016], [118.8398508, -3.078981099999984], [118.78795349999999, -3.083804600000024], [118.7887232, -3.1348576], [118.82933049999995, -3.1703955], [118.83390550000004, -3.221907500000027], [118.84446519999997, -3.271432200000019], [118.84249840000004, -3.326011100000043], [118.84544759999999, -3.376551799999989], [118.87076279999998, -3.427444600000024], [118.8831765, -3.478383599999974], [118.91297819999996, -3.534823100000024], [118.9654512, -3.5448993], [119.01886220000003, -3.5193962], [119.0860803, -3.506826400000024], [119.13874450000004, -3.493102300000023], [119.1890771, -3.492262399999985], [119.24143380000001, -3.4696449], [119.288984, -3.448397699999967], [119.34288570000001, -3.4334901], [119.38923430000003, -3.457307900000012], [119.44382260000002, -3.48026830000004], [119.50012750000003, -3.530299700000034], [119.51212339999995, -3.581147199999963], [119.4810002, -3.6315912], [119.44996160000002, -3.6783315], [119.46354359999998, -3.730512400000025], [119.49497859999998, -3.786861300000039], [119.5280883, -3.877815900000032], [119.5543278, -3.922249100000014], [119.57860569999997, -3.9840305], [119.584942, -4.036937099999955], [119.58755790000002, -3.982345600000043], [119.623622, -4.02233939999997], [119.61430359999999, -4.07470540000004], [119.621123, -4.130066200000011], [119.63468130000001, -4.1807867], [119.62713190000004, -4.230747700000032], [119.62127349999999, -4.280993], [119.6288961, -4.334024899999973], [119.60964430000004, -4.382457400000012], [119.59998950000002, -4.433546599999955], [119.59648, -4.483568], [119.588411, -4.539302199999968], [119.57990019999997, -4.596717400000012], [119.55131339999998, -4.644467], [119.51809629999997, -4.6949391], [119.4894204, -4.743644499999961], [119.49481849999998, -4.793458700000015], [119.5001873, -4.8498825], [119.5209337, -4.90417], [119.50327629999998, -4.9551334], [119.47804139999997, -4.999507900000017], [119.47776530000003, -5.058278699999958], [119.45078630000003, -5.1037538], [119.4060873, -5.126404], [119.3876014, -5.1791338], [119.379572, -5.252715200000043], [119.36745420000004, -5.304623800000015], [119.35869509999998, -5.381161100000027], [119.37331359999999, -5.430103599999987], [119.4035948, -5.472581099999981], [119.43491989999998, -5.521131600000014], [119.42506960000004, -5.576093099999986], [119.47292649999997, -5.607276300000026], [119.480528, -5.555525200000029], [119.526144, -5.577424800000037], [119.57078569999997, -5.604974299999983], [119.57366689999998, -5.6560933], [119.6075368, -5.6161524], [119.65462449999998, -5.633796], [119.66636569999996, -5.6886341], [119.73488920000003, -5.700511499999979], [119.78927770000001, -5.7012341], [119.838888, -5.671701], [119.85611210000003, -5.623572], [119.89685690000002, -5.5921038], [119.93027289999996, -5.5460002], [119.98276289999998, -5.560756300000043], [120.0367082, -5.573897300000026], [120.0898538, -5.5845908], [120.14742890000004, -5.580590300000028], [120.20340070000003, -5.55396], [120.26199549999997, -5.536055900000021], [120.31068179999995, -5.507492899999973], [120.35943059999997, -5.5270278], [120.39182409999997, -5.58409180000002], [120.43463540000005, -5.61171090000004], [120.44531859999996, -5.557577], [120.44629490000001, -5.500426299999968], [120.4249125, -5.452261499999962], [120.4123403, -5.4012385], [120.40721129999999, -5.348967799999989], [120.3639267, -5.322070099999972], [120.3333718, -5.2804001], [120.31418410000002, -5.2329717], [120.284837, -5.1854147], [120.279718, -5.127538500000012], [120.289346, -5.072143399999957], [120.29412169999996, -5.016960400000043], [120.3046623, -4.966087], [120.295339, -4.916236499999977], [120.31144780000001, -4.8590197], [120.3636152, -4.843797699999969], [120.386332, -4.793607100000036], [120.39970639999996, -4.73416770000002], [120.42685260000002, -4.682964100000026], [120.43967180000001, -4.632920299999983], [120.39707669999999, -4.600685200000038], [120.38657460000002, -4.550245800000036], [120.38705389999998, -4.489650300000021], [120.365149, -4.4432104], [120.3383569, -4.4004881], [120.37747820000003, -4.366757799999982], [120.38920020000002, -4.31580040000002], [120.36811509999998, -4.254169899999988], [120.37508680000005, -4.202680699999989], [120.37322549999996, -4.145237500000027], [120.33422440000001, -4.110078800000034], [120.35594839999997, -4.0558058], [120.344973, -3.99962170000004], [120.33848649999997, -3.942937800000019], [120.34351010000005, -3.8909492], [120.37132520000003, -3.843960200000025], [120.39433240000002, -3.79846640000004], [120.43204129999998, -3.754798400000043], [120.437089, -3.700283100000041], [120.411114, -3.652961399999983], [120.41986130000002, -3.6027723], [120.40022929999996, -3.5453867], [120.37949720000002, -3.499674900000011], [120.389361, -3.44494109999996], [120.400729, -3.396082600000023], [120.4044526, -3.341506], [120.399516, -3.288209400000037], [120.38796829999997, -3.228684300000035], [120.338308, -3.187439900000017], [120.29129219999997, -3.1683742], [120.259555, -3.127621900000028], [120.25808550000002, -3.069210100000037], [120.2268199, -3.030093400000029], [120.199132, -2.985736799999989], [120.23844060000005, -2.947112300000027], [120.2838578, -2.92000850000001], [120.32989, -2.8927503], [120.37064250000003, -2.860537300000027], [120.41682130000002, -2.841296199999983], [120.46166790000002, -2.814908299999958], [120.497309, -2.7794998], [120.5354954, -2.7467092], [120.56926679999995, -2.708048399999969], [120.6155879, -2.681059899999989], [120.66158489999997, -2.660895], [120.70849980000003, -2.642038400000041], [120.75496720000001, -2.619923499999983], [120.81164159999996, -2.618534], [120.84808420000005, -2.652768], [120.89976640000003, -2.645037799999967], [120.94780440000002, -2.661271300000029], [120.9996056, -2.6792329], [121.03745380000002, -2.640253200000037], [121.0373965, -2.6943301], [121.08748879999996, -2.7149908], [121.05803109999997, -2.766571400000013], [121.01581249999998, -2.800861], [120.9888885, -2.8453197], [121.04125739999996, -2.838605], [121.0712, -2.896358699999963], [121.07977949999997, -2.947083599999962], [121.07340810000002, -2.998707], [121.04389929999998, -3.040951], [121.05653919999997, -3.094756199999955], [121.0612851, -3.145124799999961], [121.06302589999996, -3.19802559999996], [121.02196649999998, -3.231974200000016], [120.9786488, -3.259082499999961], [120.95758619999998, -3.329825199999965], [120.91135220000002, -3.358905800000029], [120.88152210000004, -3.417847199999963], [120.87374910000003, -3.482518599999979], [120.8849363, -3.5355571], [120.9135857, -3.5801858], [120.9446934, -3.61999229999997], [121.0007629, -3.664337400000035], [121.04357929999998, -3.6972618], [121.09334940000002, -3.726664200000036], [121.13535170000003, -3.772487800000041], [121.16834620000002, -3.8235504], [121.24087530000003, -3.825402899999981], [121.24814949999998, -3.878230200000027], [121.3000049, -3.88924], [121.31668159999995, -3.936738600000018], [121.34443130000004, -3.9837009], [121.40702190000002, -3.998515900000028], [121.45291349999997, -4.024120299999973], [121.50605479999997, -4.017260500000026], [121.55297879999998, -4.043120599999989], [121.6019724, -4.063482300000027], [121.61362029999998, -4.119901], [121.60820139999998, -4.1700351], [121.5856527, -4.217422099999963], [121.56207919999996, -4.262227800000035], [121.52592019999997, -4.3070075], [121.5164461, -4.359827399999967], [121.51915219999998, -4.419888], [121.50697809999998, -4.471928199999981], [121.48398149999997, -4.539667099999962], [121.47026689999996, -4.588093400000021], [121.46900119999995, -4.639123300000032], [121.47184680000004, -4.6895173], [121.50979230000004, -4.724266200000022], [121.54439710000003, -4.761197799999978], [121.58827970000002, -4.786291300000018], [121.6391696, -4.778146200000039], [121.67811250000001, -4.83621890000004], [121.7341251, -4.839419], [121.78396739999998, -4.845181499999979], [121.83432250000001, -4.852745600000025], [121.880032, -4.873445499999979], [121.9319355, -4.8799746], [121.98152530000004, -4.888043099999956], [122.03141280000003, -4.869168799999974], [122.07514349999998, -4.8404865], [122.067767, -4.78427679999996], [122.03828019999999, -4.737059500000013], [122.03445490000003, -4.668733200000014], [122.05415080000004, -4.620136900000011], [122.07810460000002, -4.564935399999987], [122.12623190000004, -4.533663599999988], [122.17919490000003, -4.5124447], [122.21774680000001, -4.479989], [122.2674905, -4.489842], [122.33254850000004, -4.4744103], [122.38171049999997, -4.459681099999974], [122.426537, -4.435116800000023], [122.4753428, -4.449801], [122.5257038, -4.43834069999996], [122.5666314, -4.405376], [122.6265946, -4.419974099999974], [122.6633871, -4.455230200000033], [122.67281870000002, -4.511265699999962], [122.73143709999997, -4.505372499999966], [122.76474720000004, -4.4478509], [122.72584520000004, -4.413816899999984], [122.6855291, -4.367924200000035], [122.74355390000002, -4.3836809], [122.7863125, -4.416181100000022], [122.83110809999997, -4.449064699999978], [122.87571119999997, -4.419281699999972], [122.90206310000003, -4.37224739999998], [122.9057091, -4.320743099999975], [122.88942430000003, -4.273332400000013], [122.895477, -4.22264], [122.89187959999998, -4.16991620000003], [122.88088070000003, -4.117358199999972], [122.85490909999999, -4.070778799999959], [122.80208580000001, -4.060265], [122.80948549999997, -4.115170200000035], [122.84205739999996, -4.1550518], [122.78883359999998, -4.15433109999997], [122.714748, -4.134090099999971], [122.65914779999999, -4.151342599999969], [122.664433, -4.100036700000038], [122.66047630000004, -4.0456326], [122.632419, -4.003368], [122.587522, -3.979574], [122.537066, -3.989764], [122.587122, -3.974518], [122.62740320000003, -3.938876399999975], [122.66626889999998, -3.897812399999962], [122.61395060000004, -3.89316410000003], [122.5614467, -3.900427499999976], [122.50905930000003, -3.883544], [122.47974760000002, -3.8212597], [122.44599309999995, -3.767484], [122.39461520000002, -3.743046299999959], [122.33010659999997, -3.73376309999996], [122.28333040000001, -3.684208], [122.24282529999998, -3.654823699999971], [122.20536049999995, -3.621557200000042], [122.19690839999998, -3.571339099999966], [122.24520570000001, -3.558373099999985], [122.27839990000001, -3.517536400000038], [122.30070479999998, -3.46658930000004], [122.263104, -3.431154500000028], [122.26765729999997, -3.38008], [122.3242061, -3.3731598], [122.31640279999996, -3.426242500000038], [122.364542, -3.440482600000012], [122.3748108, -3.391256500000035], [122.33118859999996, -3.366073300000034], [122.29154110000002, -3.313424899999957], [122.31575940000002, -3.269570199999967], [122.36845059999999, -3.227024500000015], [122.4087053, -3.256806500000026], [122.42375989999996, -3.204115299999961], [122.48725120000005, -3.1812061], [122.44437820000002, -3.1452059], [122.36681419999996, -3.13244219999998], [122.33474130000002, -3.086623799999961], [122.2918684, -3.052914499999988], [122.24966629999997, -3.021621099999978], [122.28619260000005, -2.981973600000016], [122.31216609999998, -2.938165], [122.28505980000003, -2.890410400000027], [122.23054450000002, -2.8870491], [122.1830794, -2.865502], [122.1644528, -2.81880270000004], [122.11647750000003, -2.788980199999964], [122.06961250000002, -2.7660012], [122.029067, -2.725967399999957], [122.0107936, -2.674367799999972], [122.00168159999996, -2.62345189999998], [121.98053919999998, -2.568486599999959], [121.95971150000003, -2.519306200000033], [121.92793930000002, -2.463493399999967], [121.89482250000003, -2.4210334], [121.8546298, -2.3561474], [121.83237520000002, -2.30803809999996], [121.776084, -2.269092399999979], [121.7431239, -2.2303957], [121.70475160000004, -2.18856619999997], [121.64998769999998, -2.1852678], [121.59619909999998, -2.182381600000022], [121.54353419999995, -2.149239099999962], [121.53643840000002, -2.0986006], [121.5345285, -2.047272600000023], [121.49173489999997, -2.020716600000034], [121.44875570000002, -1.9945314], [121.4210658, -1.952383700000022], [121.3943731, -1.907778899999963], [121.3760075, -1.96165889999998], [121.3486859, -2.007914700000041], [121.34973390000002, -1.957293600000016], [121.32782119999999, -1.9085372], [121.35949920000003, -1.86916379999998], [121.31143029999996, -1.854225599999976], [121.29641550000002, -1.8062404], [121.33712679999998, -1.776662099999966], [121.37708289999998, -1.80785430000004], [121.42786280000001, -1.810784500000013], [121.4556555, -1.852846], [121.49458790000003, -1.887821499999982], [121.54060909999995, -1.919235099999989], [121.57379619999998, -1.9590721], [121.62559239999999, -1.9604965], [121.676076, -1.946627199999968], [121.71658290000002, -1.907642699999974], [121.76399090000001, -1.852912899999987], [121.77869339999997, -1.801405299999976], [121.80198490000004, -1.746222399999981], [121.83863570000003, -1.7063289], [121.88596779999997, -1.687086799999966], [121.93852890000002, -1.676788199999974], [121.9934915, -1.653054700000018], [122.03083039999999, -1.611626900000013], [122.0888142, -1.619719], [122.13723819999996, -1.6052547], [122.19401769999999, -1.608403699999956], [122.244832, -1.574917100000023], [122.30277390000003, -1.535966], [122.3497649, -1.518608399999961], [122.39308030000004, -1.4923566], [122.41559849999997, -1.445641599999965], [122.4565198, -1.411977199999976], [122.49163830000003, -1.368499299999987], [122.53746209999997, -1.329998400000038], [122.57079880000002, -1.2877855], [122.62464740000001, -1.240360700000027], [122.63818460000002, -1.1919229], [122.66641350000003, -1.139626399999988], [122.7151457, -1.112773200000012], [122.7498256, -1.062074799999985], [122.78912549999997, -1.01531230000001], [122.79302309999997, -0.965096300000019], [122.83242669999998, -0.93157550000001], [122.89310539999997, -0.929275899999988], [122.95021360000001, -0.911508099999986], [123.00223789999995, -0.899996399999987], [123.04043029999997, -0.86656149999998], [123.09359409999996, -0.8480403], [123.13766780000005, -0.873012300000015], [123.14058390000001, -0.927142200000015], [123.186529, -0.968349100000038], [123.23538380000002, -1.000761800000022], [123.26737109999998, -1.044501099999968], [123.32330080000003, -1.0502509], [123.36499289999998, -1.02121640000002], [123.3888465, -0.959123199999985], [123.38847320000002, -0.9083942], [123.40997220000001, -0.857062100000034], [123.43458130000003, -0.804442699999958], [123.446263, -0.7530184], [123.41958190000003, -0.710167799999956], [123.38233159999999, -0.673449100000029], [123.3531639, -0.6304989], [123.27325310000002, -0.5863757], [123.22061879999995, -0.5793574], [123.16667169999998, -0.58438069999996], [123.11315540000004, -0.570245100000017], [123.05817979999996, -0.56464539999997], [123.0157671, -0.601355499999984], [122.96883290000002, -0.618607799999966], [122.9131677, -0.626216399999963], [122.86199449999995, -0.6220637], [122.8065984, -0.634633100000032], [122.76265270000002, -0.664735399999989], [122.798143, -0.705524800000019], [122.8480681, -0.708871399999984], [122.89261819999999, -0.7386266], [122.9581689, -0.73779], [122.89797980000004, -0.768000800000019], [122.84675460000004, -0.767828499999974], [122.7903945, -0.77554730000003], [122.7406273, -0.804560500000024], [122.68537209999997, -0.811797199999981], [122.63655889999997, -0.78196870000003], [122.5849068, -0.782855400000033], [122.5333436, -0.78162280000001], [122.4843351, -0.768338100000038], [122.42833790000003, -0.7790861], [122.3768011, -0.782320099999973], [122.31940539999998, -0.7876747], [122.26669080000002, -0.786744699999959], [122.21387470000002, -0.7942797], [122.16412719999997, -0.815499499999978], [122.150783, -0.8683823], [122.1420606, -0.920825699999989], [122.099026, -0.962660600000016], [122.03575319999999, -0.945883900000039], [121.97459040000001, -0.9816486], [121.91031760000003, -0.992015200000013], [121.82064670000003, -0.9629888], [121.73719579999997, -0.957287100000032], [121.6596876, -0.911549], [121.66580919999997, -0.857446300000026], [121.6345667, -0.803861800000034], [121.60070009999998, -0.851471], [121.55007910000005, -0.864506300000018], [121.48684290000003, -0.893532700000039], [121.4569158, -0.9467788], [121.4113757, -0.993871300000022], [121.38539009999997, -1.039644500000032], [121.33571729999997, -1.065093], [121.3009184, -1.1120861], [121.27897, -1.158724899999958], [121.230906, -1.194191500000025], [121.20159709999999, -1.2644915], [121.17998729999998, -1.317995], [121.14732989999999, -1.375543], [121.12087840000004, -1.4192189], [121.06678439999999, -1.437265499999969], [121.01922780000004, -1.421034500000024], [120.96825329999999, -1.406778100000034], [120.91853360000003, -1.417000699999955], [120.86331730000002, -1.4134525], [120.84488229999997, -1.3663858], [120.79276059999995, -1.359487299999957], [120.75057470000002, -1.38923020000002], [120.70118889999998, -1.4106259], [120.64802189999997, -1.371785600000026], [120.64170390000001, -1.321096100000025], [120.57286419999998, -1.247905], [120.57493760000003, -1.1965904], [120.58582250000003, -1.104327899999975], [120.525178, -1.019840300000025], [120.45750280000001, -0.983783499999975], [120.4094839, -0.922044899999969], [120.35019769999995, -0.945527], [120.28556940000004, -0.9396725], [120.24754689999997, -0.8913199], [120.22121089999999, -0.845345], [120.17910689999998, -0.81243039999997], [120.14164109999997, -0.772524699999961], [120.10164859999998, -0.70081509999998], [120.05903909999998, -0.6318922], [120.0496865, -0.523660600000026], [120.071981, -0.455062199999984], [120.04514380000003, -0.39801520000003], [120.031089, -0.3480628], [120.02035729999999, -0.2953294], [120.00529219999996, -0.235378500000023], [120.01014720000003, -0.185548399999986], [120.04025420000002, -0.139509600000027], [120.03363789999997, -0.085019499999978], [120.08063239999996, -0.0465815], [120.10276660000002, 0.000573500000039], [120.1118533, 0.055599899999963], [120.111789, 0.106712100000033], [120.1339492, 0.153353400000016], [120.146226, 0.2083956], [120.18086179999997, 0.2476657], [120.21471109999997, 0.290064699999986], [120.24448309999997, 0.336704500000023], [120.27986260000002, 0.3765196], [120.31131729999996, 0.4241412], [120.3578037, 0.453070100000035], [120.40932459999996, 0.476141700000026], [120.46040480000005, 0.4925544], [120.50988689999998, 0.5125958], [120.5599722, 0.5128439], [120.61108009999998, 0.520615299999976], [120.67109630000002, 0.5091641], [120.725637, 0.4770582], [120.78086709999998, 0.463208], [120.82952090000003, 0.443311100000015], [120.875378, 0.420580900000028], [120.93312009999997, 0.400058600000024], [120.97885320000005, 0.421747800000032], [121.02739289999998, 0.438948600000016], [121.06669089999998, 0.40636769999997], [121.1219257, 0.411428700000032], [121.16224180000005, 0.44378360000003], [121.21106450000005, 0.456876300000014], [121.25296220000001, 0.48791740000002], [121.30494659999997, 0.487751699999988], [121.3609339, 0.470985299999976], [121.42363920000004, 0.48717910000004], [121.52199149999998, 0.495690300000023], [121.53239419999997, 0.555269100000027], [121.58440739999999, 0.534463799999967], [121.66573719999997, 0.535409499999966], [121.71396769999998, 0.5193327], [121.74311590000005, 0.4759116], [121.783934, 0.436835399999962], [121.83713529999997, 0.425431700000017], [121.8900451, 0.439890399999959], [121.94308160000003, 0.448211700000039], [121.99247349999996, 0.459180100000028], [122.05515990000005, 0.478744099999966], [122.12912790000001, 0.492853200000026], [122.253014, 0.489070400000029], [122.40148819999999, 0.525952599999984], [122.58873589999999, 0.503255900000015], [122.63847609999996, 0.482337800000037], [122.6883866, 0.495512399999958], [122.836508, 0.492853200000026], [122.8885104, 0.48517], [122.953682, 0.490362800000026], [123.00490879999998, 0.489865099999969], [123.05867890000005, 0.507019099999988], [123.0995532, 0.4757549], [123.13220160000003, 0.434521299999984], [123.17200750000003, 0.398505300000023], [123.21655960000001, 0.372207], [123.25401910000002, 0.3333165], [123.3142983, 0.3133685], [123.367511, 0.312004899999978], [123.43777490000004, 0.318344], [123.48870519999997, 0.310096399999987], [123.53910249999996, 0.319460800000043], [123.58994349999998, 0.308729400000034], [123.64389480000003, 0.30177], [123.69572630000002, 0.311815700000045], [123.74763330000003, 0.3174326], [123.8015706, 0.32311729999998], [123.8534195, 0.329748099999987], [123.9063836, 0.35083110000002], [123.95989909999997, 0.358962600000028], [124.05172649999997, 0.365184400000034], [124.23897419999997, 0.396392299999986], [124.289096, 0.404903599999978], [124.32786950000002, 0.4465142], [124.38579640000003, 0.441882500000029], [124.43787690000002, 0.445991600000022], [124.48118669999995, 0.47786], [124.49336619999997, 0.542975099999959], [124.54159669999999, 0.587422799999986], [124.55577879999996, 0.652131100000036], [124.581528, 0.696245], [124.62973669999998, 0.713579800000035], [124.6242689, 0.763813499999982], [124.65644170000004, 0.807378299999966], [124.69980910000004, 0.841191700000026], [124.71739809999998, 0.891065400000029], [124.76795239999998, 0.891237100000025], [124.78666349999997, 0.941012499999976], [124.83403340000001, 0.962295600000045], [124.88587519999997, 0.9712207], [124.90672130000003, 1.016923], [124.95160770000004, 1.057741799999972], [124.98582940000003, 1.09449689999998], [125.01726889999996, 1.1361171], [125.0351037, 1.188230499999959], [125.05022279999997, 1.237503800000022], [125.06770419999998, 1.295500699999968], [125.073016, 1.34592519999998], [125.1015, 1.38825], [125.14123659999997, 1.4373899], [125.19565070000004, 1.4383292], [125.23527969999998, 1.46933129999997], [125.23776840000002, 1.522641600000012], [125.1978841, 1.553034], [125.15493230000001, 1.581961800000025], [125.1514649, 1.636311199999978], [125.17527669999996, 1.684584], [125.1245, 1.6715], [125.07325, 1.67275], [125.02442770000005, 1.686196300000036], [125.01210330000004, 1.73514780000003], [124.99437339999997, 1.7505256]]], [[[124.74417470000002, 1.741643200000025], [124.74417470000002, 1.741643200000025]]], [[[128.04258030000003, 1.7541648], [128.04258030000003, 1.7541648]]], [[[125.0535, 1.76], [125.0535, 1.76]]], [[[124.79779739999998, 1.7939511], [124.79779739999998, 1.7939511]]], [[[128.0067031, 1.790024800000028], [128.0067031, 1.790024800000028]]], [[[101.3815736, 1.7734687], [101.3815736, 1.7734687]]], [[[101.41096720000003, 1.765666499999979], [101.4039498, 1.8279324], [101.3970744, 1.7768124], [101.41096720000003, 1.765666499999979]]], [[[125.14475, 1.832], [125.13125, 1.78125], [125.15075, 1.7345], [125.18517360000001, 1.7750445], [125.15670120000001, 1.817367900000038], [125.14475, 1.832]]], [[[125.099, 1.88675], [125.06425, 1.85075], [125.099, 1.88675]]], [[[101.3697291, 1.8728434], [101.3697291, 1.8728434]]], [[[100.88327530000004, 1.997639599999983], [100.84877140000005, 2.062658399999966], [100.80602769999996, 2.095252599999958], [100.83263520000004, 2.035038599999977], [100.870229, 1.9955809], [100.88327530000004, 1.997639599999983]]], [[[97.11234810000005, 2.114265200000014], [97.082994, 2.060913900000044], [97.11166139999999, 2.013050700000035], [97.15217349999999, 2.0531942], [97.12487940000004, 2.110491200000036], [97.11234810000005, 2.114265200000014]]], [[[96.64988960000004, 2.124911199999973], [96.612635, 2.087864700000013], [96.6605992, 2.067511599999976], [96.66292870000002, 2.12330419999997], [96.64988960000004, 2.124911199999973]]], [[[101.71735779999997, 2.059126400000027], [101.68979579999997, 2.106799500000028], [101.636868, 2.1132302], [101.58895510000002, 2.089319], [101.56853089999996, 2.040118], [101.4900781, 2.0594695], [101.43789309999998, 2.049176400000013], [101.396351, 1.993249700000026], [101.4028741, 1.942467900000027], [101.42088580000002, 1.826235600000031], [101.45150769999998, 1.729343800000043], [101.5239488, 1.704292500000031], [101.6157215, 1.687770099999957], [101.69504179999998, 1.734864599999957], [101.74102920000004, 1.791321799999961], [101.75064229999998, 1.878824200000045], [101.77615880000002, 1.924948200000037], [101.78087250000003, 1.9802112], [101.74902090000002, 2.030626200000023], [101.71735779999997, 2.059126400000027]]], [[[127.7761662, 2.1281942], [127.7761662, 2.1281942]]], [[[125.40798729999997, 2.1134127], [125.35353390000003, 2.124684699999973], [125.34322990000003, 2.0724755], [125.39053930000004, 2.0982555], [125.40798729999997, 2.1134127]]], [[[128.2297794, 2.130603699999972], [128.2297794, 2.130603699999972]]], [[[118.5463819, 2.143664100000036], [118.5463819, 2.143664100000036]]], [[[96.65201129999998, 2.150638200000026], [96.60908870000003, 2.1821599], [96.65201129999998, 2.150638200000026]]], [[[97.43914990000005, 2.162497900000043], [97.43914990000005, 2.162497900000043]]], [[[97.31491819999997, 2.193452800000022], [97.31491819999997, 2.193452800000022]]], [[[127.72240380000002, 2.1933151], [127.762433, 2.159199200000044], [127.72455849999996, 2.1935545], [127.72240380000002, 2.1933151]]], [[[128.21280960000004, 2.203526499999969], [128.21280960000004, 2.203526499999969]]], [[[127.7658257, 2.21128339999998], [127.7658257, 2.21128339999998]]], [[[100.68504840000004, 2.166941099999969], [100.65362889999999, 2.2162784], [100.67706879999999, 2.1619575], [100.68504840000004, 2.166941099999969]]], [[[127.9556283, 2.221893299999971], [127.9287534, 2.170941899999972], [127.8893703, 2.1324493], [127.85004939999996, 2.100531], [127.8148601, 2.064039700000036], [127.78769359999995, 2.019101500000014], [127.7552253, 1.977368499999981], [127.71375930000002, 1.94521739999997], [127.67791130000002, 1.905601], [127.65787310000002, 1.858605], [127.62665380000001, 1.805749900000036], [127.5870057, 1.769438], [127.56559139999999, 1.719635599999963], [127.57916189999999, 1.670551500000011], [127.54521550000003, 1.633452599999979], [127.54515679999997, 1.5802161], [127.52776630000001, 1.530992499999966], [127.5328596, 1.4763616], [127.51704759999998, 1.4242649], [127.48612439999997, 1.371096200000038], [127.468106, 1.3228494], [127.43062110000002, 1.270867199999975], [127.40894219999997, 1.21855], [127.4171802, 1.167093900000021], [127.42533010000002, 1.115388399999977], [127.3968866, 1.070411400000031], [127.44340959999997, 1.047524499999957], [127.4949163, 1.055306099999969], [127.4747267, 1.006427699999984], [127.51112629999997, 0.9680338], [127.49150769999996, 0.921767699999981], [127.5259531, 0.885409699999967], [127.57386549999998, 0.865326699999985], [127.62935790000002, 0.861430700000037], [127.6336709, 0.806491699999972], [127.6035595, 0.765028499999969], [127.55889819999999, 0.741546500000039], [127.55094509999998, 0.681863899999973], [127.5406787, 0.6315643], [127.53668050000003, 0.57366680000001], [127.5592839, 0.5207531], [127.56993659999998, 0.471205], [127.5856178, 0.4227125], [127.62302160000004, 0.386679200000033], [127.658483, 0.343536599999988], [127.70982119999996, 0.352906599999974], [127.73339769999998, 0.300227899999966], [127.71505060000001, 0.243797699999975], [127.7013177, 0.195197900000037], [127.69236389999999, 0.143394100000032], [127.71227079999997, 0.090835800000038], [127.70986529999998, 0.0402671], [127.70083959999997, -0.011987299999989], [127.69834409999999, -0.075847], [127.68563839999996, -0.1261867], [127.6680716, -0.187500300000016], [127.67957559999996, -0.238833199999961], [127.71382839999997, -0.290800800000019], [127.75600129999998, -0.320429599999967], [127.81151760000003, -0.336580300000017], [127.85885829999998, -0.3637244], [127.88389739999995, -0.410803300000035], [127.90616749999998, -0.473194300000019], [127.9412451, -0.510839200000019], [127.95532189999997, -0.55930880000002], [127.98822109999998, -0.610876300000013], [128.000471, -0.659400900000035], [128.0363507, -0.699442800000034], [128.0862868, -0.7230434], [128.14493249999998, -0.7434227], [128.20153080000003, -0.7628984], [128.2518581, -0.76329480000002], [128.26798480000002, -0.816152], [128.27655589999998, -0.867719200000023], [128.32893369999996, -0.872111900000034], [128.38003229999998, -0.8780508], [128.4289412, -0.902226500000031], [128.386439, -0.8576831], [128.34706439999997, -0.8157401], [128.3056424, -0.774390599999981], [128.25634579999996, -0.73313], [128.21614040000003, -0.700895100000027], [128.192713, -0.654225099999978], [128.1646774, -0.6029143], [128.1258626, -0.5384556], [128.08389439999996, -0.475798400000011], [128.064472, -0.426848200000036], [128.0381575, -0.381050599999961], [128.0177316, -0.327082700000043], [127.98402819999998, -0.268446400000039], [127.9717535, -0.211530800000032], [127.95933740000004, -0.153008100000013], [127.93568, -0.0943641], [127.9069964, -0.038144], [127.88775779999997, 0.009810899999978], [127.8941806, 0.063334399999986], [127.92998949999998, 0.1073954], [127.92156609999998, 0.165745899999974], [127.92206089999996, 0.21906], [127.917109, 0.270343199999983], [127.8759243, 0.301695499999981], [127.87929159999999, 0.35389580000002], [127.910169, 0.394879100000017], [127.91100640000005, 0.4462875], [127.95628870000003, 0.467718799999977], [128.00740010000004, 0.475125699999984], [128.065365, 0.468849099999973], [128.1218007, 0.453792799999968], [128.17262089999997, 0.45588079999998], [128.21042990000007, 0.422539900000023], [128.26142830000003, 0.404097399999975], [128.31694549999997, 0.396621799999968], [128.3740384, 0.403840799999971], [128.42391220000002, 0.3948628], [128.47855159999997, 0.394730499999978], [128.507153, 0.351232899999959], [128.5529226, 0.32704719999998], [128.60286990000003, 0.316969300000041], [128.65089309999996, 0.302494500000011], [128.71381259999998, 0.291317800000018], [128.76980040000004, 0.2768475], [128.82267310000003, 0.262565400000019], [128.8655969, 0.223233300000041], [128.8571261, 0.277408100000025], [128.81247689999998, 0.304944200000017], [128.7623266, 0.316372300000028], [128.71374489999997, 0.332933400000018], [128.66651729999995, 0.361108899999978], [128.68483760000004, 0.410743600000012], [128.68020020000003, 0.4776967], [128.68944649999997, 0.530251499999961], [128.64187920000003, 0.5548684], [128.5720583, 0.562267100000041], [128.523392, 0.592041599999964], [128.470229, 0.58869559999996], [128.43478860000002, 0.632413199999975], [128.38179279999997, 0.644766399999968], [128.3328392, 0.6586659], [128.295648, 0.695048900000044], [128.26043229999996, 0.738471499999987], [128.215196, 0.761709200000043], [128.22036039999995, 0.812715399999957], [128.26935389999997, 0.833949399999961], [128.29650229999993, 0.880796099999975], [128.33986550000003, 0.910365100000037], [128.3923322, 0.9207889], [128.44167170000003, 0.929267], [128.48430519999997, 0.959113899999958], [128.53303169999998, 0.970739], [128.57389319999996, 1.008925], [128.61093260000004, 1.0432195], [128.6605848, 1.0562145], [128.68938939999998, 1.105449800000018], [128.69423650000002, 1.159549600000014], [128.6984408, 1.215039199999984], [128.71128630000004, 1.269155600000021], [128.74205570000004, 1.310446299999962], [128.74194750000004, 1.3644779], [128.71180959999998, 1.419159099999961], [128.68528239999998, 1.465239499999987], [128.69743709999997, 1.514751199999969], [128.72339820000002, 1.5583263], [128.67369520000003, 1.589591399999984], [128.6144662, 1.575515], [128.5642605, 1.5702093], [128.52600280000001, 1.536768699999962], [128.47734479999997, 1.54904850000001], [128.4236471, 1.5285348], [128.37207889999996, 1.501632699999982], [128.34030589999998, 1.459017], [128.29228670000003, 1.432931200000025], [128.229113, 1.405816099999962], [128.16752040000003, 1.366998800000035], [128.13789049999997, 1.3120859], [128.093862, 1.284717799999962], [128.13688879999995, 1.251196], [128.1941096, 1.215302099999976], [128.1953955, 1.164235], [128.150574, 1.12393240000001], [128.1003886, 1.125916300000023], [128.0445455, 1.114306800000014], [127.98153820000002, 1.087928199999959], [127.9640322, 1.038147], [127.93486150000003, 0.997449099999963], [127.92933230000004, 0.94471990000004], [127.93352050000001, 0.894387600000018], [127.903379, 0.854027499999981], [127.860859, 0.817987100000044], [127.80634619999998, 0.798355800000044], [127.7537206, 0.807651199999986], [127.72002549999998, 0.846380299999987], [127.67555310000003, 0.883591100000041], [127.634444, 0.91569289999997], [127.62989590000004, 0.966631599999983], [127.65260929999997, 1.018700199999961], [127.71077649999997, 1.043041700000041], [127.758594, 1.068825700000014], [127.79295990000004, 1.108592499999988], [127.82640679999997, 1.1481396], [127.881423, 1.154176100000031], [127.91400450000003, 1.194456699999973], [127.9455764, 1.242779099999963], [127.97163079999996, 1.285836499999975], [128.0053663, 1.323268300000018], [127.99027459999996, 1.381399399999966], [128.01357030000003, 1.432101799999968], [128.02325280000002, 1.487816800000024], [128.03246649999997, 1.541584499999987], [128.02916320000003, 1.593284800000044], [127.99069629999997, 1.625415], [128.00694619999996, 1.676265], [128.009394, 1.73362970000001], [127.9710481, 1.770824299999967], [127.9350382, 1.805738399999973], [127.88447519999997, 1.797786399999984], [127.84150770000002, 1.845264700000032], [127.849431, 1.901813100000032], [127.88301109999998, 1.949589300000037], [127.92930159999999, 1.979820800000025], [127.95160970000003, 2.029106100000016], [127.99353760000004, 2.083390700000026], [128.03408419999997, 2.1264617], [128.06298289999998, 2.1692451], [128.01970869999997, 2.196645], [127.962552, 2.219553199999973], [127.9556283, 2.221893299999971]]], [[[97.25928339999997, 2.234487600000017], [97.2175126, 2.205072399999979], [97.16676469999997, 2.23502770000003], [97.11851619999996, 2.221373500000039], [97.16221710000002, 2.1902902], [97.2138, 2.179450700000023], [97.24781960000003, 2.141146800000032], [97.28959860000005, 2.095800399999986], [97.32910480000004, 2.054586299999988], [97.3588818, 2.095717], [97.3404624, 2.14264], [97.304515, 2.182495], [97.27491140000002, 2.225250500000014], [97.25928339999997, 2.234487600000017]]], [[[97.22451649999998, 2.233802299999981], [97.22451649999998, 2.233802299999981]]], [[[100.785874, 2.124646800000034], [100.7777029, 2.185478100000021], [100.75196410000002, 2.254063400000044], [100.7114806, 2.2142851], [100.7324269, 2.154482], [100.78510619999997, 2.120916], [100.785874, 2.124646800000034]]], [[[97.2755981, 2.281854900000029], [97.2755981, 2.281854900000029]]], [[[97.2594555, 2.280874299999985], [97.2594555, 2.280874299999985]]], [[[127.77577710000004, 2.2951311], [127.77372130000003, 2.24118309999996], [127.82395389999996, 2.259859299999983], [127.780731, 2.286362699999971], [127.77577710000004, 2.2951311]]], [[[101.034509, 2.3055542], [101.034509, 2.3055542]]], [[[97.316253, 2.294219800000013], [97.316253, 2.294219800000013]]], [[[118.57670210000005, 2.308719699999989], [118.56186479999995, 2.254763100000028], [118.59739350000001, 2.195055400000017], [118.64301540000002, 2.172563600000037], [118.60768869999998, 2.209175700000026], [118.57246290000003, 2.248106600000026], [118.570747, 2.305290700000045], [118.6116251, 2.263436600000029], [118.57670210000005, 2.308719699999989]]], [[[125.38288870000004, 2.310207499999988], [125.38288870000004, 2.310207499999988]]], [[[96.19663380000001, 2.347692099999959], [96.19663380000001, 2.347692099999959]]], [[[97.40863560000003, 2.342916599999983], [97.40863560000003, 2.342916599999983]]], [[[125.30350179999996, 2.347721800000018], [125.30350179999996, 2.347721800000018]]], [[[96.26127740000004, 2.361340700000019], [96.26127740000004, 2.361340700000019]]], [[[125.40091310000004, 2.367666099999981], [125.42134080000002, 2.316039199999958], [125.46288289999998, 2.347770300000034], [125.42546070000003, 2.381901800000035], [125.40091310000004, 2.367666099999981]]], [[[118.21770969999997, 2.351074400000035], [118.21770969999997, 2.351074400000035]]], [[[128.182305, 2.366545800000013], [128.13184049999998, 2.354455899999957], [128.13901830000003, 2.3002879], [128.17816509999994, 2.333325299999983], [128.182305, 2.366545800000013]]], [[[96.49853409999996, 2.4334538], [96.49853409999996, 2.4334538]]], [[[108.954081, 2.499739199999967], [108.954081, 2.499739199999967]]], [[[108.9885515, 2.499263799999978], [108.9885515, 2.499263799999978]]], [[[95.94128819999999, 2.541139099999972], [95.94128819999999, 2.541139099999972]]], [[[108.99540930000005, 2.560232400000045], [109.02300469999997, 2.516375300000034], [109.069579, 2.497785699999982], [109.1165618, 2.522942800000044], [109.05613410000002, 2.524761], [109.01007980000003, 2.556076800000023], [108.99540930000005, 2.560232400000045]]], [[[109.16005210000004, 2.584871100000024], [109.16005210000004, 2.584871100000024]]], [[[100.12515849999997, 2.54927550000003], [100.114404, 2.602598699999985], [100.11577730000003, 2.552524299999986], [100.12515849999997, 2.54927550000003]]], [[[128.606481, 2.577967700000022], [128.58814649999994, 2.627095500000037], [128.5353119, 2.59066650000001], [128.48481790000002, 2.589412800000018], [128.4393901, 2.566721300000035], [128.40778180000004, 2.525906799999971], [128.3566988, 2.500739400000034], [128.31829919999998, 2.463774], [128.29524579999998, 2.417493], [128.276509, 2.362780699999972], [128.24222860000003, 2.321878], [128.2029, 2.290279200000017], [128.23644539999998, 2.250764799999965], [128.24803450000002, 2.19893370000001], [128.2464825, 2.148533399999957], [128.25332160000005, 2.093722199999986], [128.291541, 2.0576081], [128.2782727, 2.006462700000016], [128.32728680000002, 2.0327201], [128.37525759999997, 2.04766960000004], [128.431439, 2.0595049], [128.484186, 2.062694], [128.53188489999997, 2.081406], [128.5775337, 2.1118637], [128.59215770000003, 2.164992400000026], [128.62126909999995, 2.211017700000022], [128.6384899, 2.276024199999965], [128.6414967, 2.3320149], [128.6636377, 2.377215399999971], [128.693838, 2.423608799999959], [128.6901981, 2.49164969999997], [128.6533228, 2.526153699999972], [128.61571390000006, 2.565456900000045], [128.606481, 2.577967700000022]]], [[[96.36509380000001, 2.6626618], [96.36509380000001, 2.6626618]]], [[[125.462025, 2.674474], [125.462025, 2.674474]]], [[[125.46322660000001, 2.687848899999972], [125.46322660000001, 2.687848899999972]]], [[[95.7475451, 2.714243500000018], [95.7475451, 2.714243500000018]]], [[[106.2667186, 2.716075399999978], [106.2667186, 2.716075399999978]]], [[[125.1748198, 2.7269056], [125.1748198, 2.7269056]]], [[[106.17770920000001, 2.7591586], [106.17770920000001, 2.7591586]]], [[[108.9135493, 2.737224299999957], [108.9135493, 2.737224299999957]]], [[[106.2048158, 2.809123299999978], [106.20270209999998, 2.756794200000028], [106.2428634, 2.7234652], [106.246638, 2.773458300000014], [106.2048158, 2.809123299999978]]], [[[125.4062724, 2.811782800000024], [125.3717427, 2.773851200000015], [125.35904149999999, 2.723457200000039], [125.37344020000003, 2.667538900000038], [125.4110416, 2.632633500000042], [125.3934466, 2.68020530000001], [125.412256, 2.7321956], [125.4555019, 2.758322099999971], [125.43216809999998, 2.805702800000027], [125.4062724, 2.811782800000024]]], [[[117.63195159999998, 2.79933879999998], [117.63195159999998, 2.79933879999998]]], [[[117.65020090000003, 2.803895699999988], [117.65020090000003, 2.803895699999988]]], [[[117.69293050000002, 2.853128100000042], [117.650776, 2.825138], [117.69434350000003, 2.799969899999972], [117.69293050000002, 2.853128100000042]]], [[[108.72600289999997, 2.900017200000011], [108.72600289999997, 2.900017200000011]]], [[[105.68957520000002, 2.913924], [105.68957520000002, 2.913924]]], [[[95.80652159999998, 2.927543900000025], [95.769271, 2.893255900000042], [95.7778541, 2.843193599999978], [95.727729, 2.827248599999983], [95.69477, 2.78146989999996], [95.72412409999995, 2.73757559999998], [95.76515120000002, 2.7089405], [95.79450529999998, 2.659041799999978], [95.839, 2.6215], [95.89, 2.6175], [95.92585619999998, 2.582322299999989], [95.98, 2.58825], [96.04575, 2.5765], [96.099, 2.54975], [96.1390259, 2.5133445], [96.18145410000001, 2.484767400000026], [96.2261417, 2.447842299999985], [96.30681320000004, 2.4234804], [96.33459720000002, 2.372243199999973], [96.38735560000005, 2.348537600000016], [96.43714049999998, 2.3279281], [96.48357139999997, 2.346673200000032], [96.4771148, 2.3965217], [96.472331, 2.448288599999964], [96.43498430000002, 2.486960700000045], [96.39126170000003, 2.4618252], [96.36481649999998, 2.507086800000041], [96.3391205, 2.552106599999975], [96.2908216, 2.5665213], [96.24784569999998, 2.593116300000025], [96.19748869999997, 2.647522], [96.14478889999998, 2.645862899999967], [96.08856539999995, 2.678878099999976], [96.15159190000003, 2.688863100000043], [96.11125, 2.72225], [96.07325, 2.75675], [96.02325, 2.76], [95.9805, 2.79075], [95.94125, 2.82325], [95.8896057, 2.825877], [95.91810139999997, 2.868225], [95.87638770000002, 2.911085800000031], [95.8262626, 2.903199499999971], [95.80652159999998, 2.927543900000025]]], [[[117.69409110000002, 2.9325975], [117.6439767, 2.926576600000015], [117.59273189999998, 2.915287200000023], [117.64190430000004, 2.9011754], [117.6976707, 2.9017399], [117.69409110000002, 2.9325975]]], [[[106.12825, 2.9425], [106.12825, 2.9425]]], [[[106.186, 2.95025], [106.186, 2.95025]]], [[[106.16764380000004, 2.961746699999974], [106.16764380000004, 2.961746699999974]]], [[[95.3877348, 2.98524249999998], [95.3877348, 2.98524249999998]]], [[[106.14174379999997, 2.981446799999983], [106.14174379999997, 2.981446799999983]]], [[[108.86412619999997, 3.011553600000045], [108.83679670000002, 2.9642289], [108.80843349999998, 2.918226600000047], [108.77579050000004, 2.877801], [108.8180088, 2.843387300000018], [108.86334640000003, 2.879032600000038], [108.88198920000004, 2.926847599999967], [108.88924320000001, 3.0029128], [108.86412619999997, 3.011553600000045]]], [[[107.79225, 3.01875], [107.75375, 2.981], [107.80975, 2.97975], [107.79225, 3.01875]]], [[[106.4005, 3.03675], [106.4005, 3.03675]]], [[[108.84191580000001, 3.054612099999972], [108.84191580000001, 3.054612099999972]]], [[[105.718071, 3.0328966], [105.71206280000001, 2.983011899999983], [105.70382310000002, 2.932096400000024], [105.69901659999996, 2.8803213], [105.71326449999997, 2.831458599999976], [105.76476290000002, 2.835744899999977], [105.7264824, 2.8707204], [105.77214429999995, 2.896608499999971], [105.82278440000005, 2.887007699999984], [105.81351470000001, 2.939982499999978], [105.84664539999997, 2.9783833], [105.79995349999999, 2.999469], [105.75514979999998, 2.968440400000034], [105.73729709999998, 3.016268599999989], [105.718071, 3.0328966]]], [[[117.50552730000001, 3.077551200000013], [117.50552730000001, 3.077551200000013]]], [[[117.63908149999997, 3.070134099999962], [117.63908149999997, 3.070134099999962]]], [[[117.57135370000003, 3.051436], [117.62153039999997, 3.0685845], [117.57192460000002, 3.079086699999962], [117.57135370000003, 3.051436]]], [[[117.4932865, 3.085456699999973], [117.45035229999996, 3.05863859999997], [117.4932865, 3.085456699999973]]], [[[105.98394820000004, 3.033757600000015], [105.98486470000002, 3.084917699999963], [105.96855079999997, 3.037144], [105.98394820000004, 3.033757600000015]]], [[[105.9556279, 3.076315], [105.9556279, 3.076315]]], [[[105.58812330000003, 3.093235], [105.58812330000003, 3.093235]]], [[[125.50306949999998, 3.094053800000047], [125.50306949999998, 3.094053800000047]]], [[[106.35575, 3.09225], [106.35575, 3.09225]]], [[[117.57987670000001, 3.083617300000014], [117.57987670000001, 3.083617300000014]]], [[[117.5465737, 3.0930581], [117.5465737, 3.0930581]]], [[[105.70107649999997, 3.09974859999997], [105.70107649999997, 3.09974859999997]]], [[[117.5510802, 3.095977], [117.5510802, 3.095977]]], [[[117.5060145, 3.102483699999965], [117.5060145, 3.102483699999965]]], [[[117.5712438, 3.097979], [117.5712438, 3.097979]]], [[[105.68940350000003, 3.116032500000028], [105.68940350000003, 3.116032500000028]]], [[[105.6518097, 3.120146299999966], [105.6518097, 3.120146299999966]]], [[[117.60364869999995, 3.107068200000036], [117.60364869999995, 3.107068200000036]]], [[[106.41925, 3.15175], [106.41925, 3.15175]]], [[[106.39625, 3.15275], [106.39625, 3.15275]]], [[[106.407, 3.1605], [106.407, 3.1605]]], [[[106.317, 3.1655], [106.2855, 3.12575], [106.337, 3.12575], [106.317, 3.1655]]], [[[106.367, 3.175], [106.367, 3.175]]], [[[125.52599829999997, 3.191900399999987], [125.52599829999997, 3.191900399999987]]], [[[106.444, 3.1935], [106.444, 3.1935]]], [[[106.48775, 3.21], [106.48775, 3.21]]], [[[106.2397698, 3.218912599999975], [106.20982510000005, 3.166919500000027], [106.22225, 3.117], [106.2705, 3.098], [106.28525, 3.14825], [106.272, 3.1975], [106.2397698, 3.218912599999975]]], [[[106.3045, 3.23425], [106.3045, 3.23425]]], [[[106.45175, 3.24575], [106.45175, 3.24575]]], [[[125.46027930000004, 3.254147], [125.46027930000004, 3.254147]]], [[[106.30125, 3.2695], [106.30125, 3.2695]]], [[[106.41575, 3.29375], [106.41575, 3.29375]]], [[[106.20048170000004, 3.291161299999974], [106.20048170000004, 3.291161299999974]]], [[[106.4009484, 3.304667300000048], [106.4009484, 3.304667300000048]]], [[[106.28187239999998, 3.383721300000015], [106.26457860000004, 3.33595070000003], [106.23875, 3.293], [106.24375, 3.2415], [106.2645, 3.28825], [106.29620240000003, 3.340029800000028], [106.28187239999998, 3.383721300000015]]], [[[106.214532, 3.362346399999989], [106.17299580000002, 3.33446910000001], [106.2097023, 3.300015900000037], [106.2383592, 3.3447397], [106.214532, 3.362346399999989]]], [[[106.4380448, 3.378592300000012], [106.4380448, 3.378592300000012]]], [[[106.28500970000005, 3.397189499999982], [106.28500970000005, 3.397189499999982]]], [[[117.49487220000002, 3.4075796], [117.45058360000002, 3.383760499999973], [117.490409, 3.3412618], [117.4989921, 3.4032956], [117.49487220000002, 3.4075796]]], [[[125.56971269999997, 3.414111900000023], [125.56971269999997, 3.414111900000023]]], [[[106.3455, 3.4115], [106.3265, 3.354], [106.343, 3.4025], [106.3455, 3.4115]]], [[[117.55371189999997, 3.442657300000036], [117.514511, 3.385072800000017], [117.5417431, 3.325948400000041], [117.58328520000003, 3.296765600000047], [117.61839589999997, 3.257101100000011], [117.65842880000002, 3.3141592], [117.668712, 3.364759900000021], [117.662326, 3.419801200000023], [117.6147284, 3.4411454], [117.56108319999997, 3.438348699999967], [117.55371189999997, 3.442657300000036]]], [[[125.71063850000004, 3.46785330000003], [125.71063850000004, 3.46785330000003]]], [[[117.58692229999997, 3.512084], [117.53785680000004, 3.501596599999974], [117.60567779999998, 3.473605299999978], [117.58692229999997, 3.512084]]], [[[125.64267829999997, 3.552764300000018], [125.64267829999997, 3.552764300000018]]], [[[117.54602130000004, 3.5207581], [117.48140939999996, 3.548741200000034], [117.42379490000005, 3.555762400000013], [117.453578, 3.515512400000027], [117.50360409999996, 3.5067215], [117.54602130000004, 3.5207581]]], [[[108.08280180000003, 3.583091700000036], [108.08280180000003, 3.583091700000036]]], [[[117.3314411, 3.579405799999975], [117.3314411, 3.579405799999975]]], [[[117.41656410000004, 3.565795599999984], [117.41656410000004, 3.565795599999984]]], [[[117.39905839999996, 3.57696], [117.39905839999996, 3.57696]]], [[[117.598366, 3.582406199999983], [117.54515949999995, 3.574779900000031], [117.60498979999998, 3.541525899999982], [117.65770990000004, 3.54435920000002], [117.598366, 3.582406199999983]]], [[[117.8683197, 3.483200699999962], [117.8501236, 3.536658500000041], [117.80068510000004, 3.59011329999996], [117.75502320000001, 3.561330400000013], [117.826299, 3.474946], [117.8683197, 3.483200699999962]]], [[[117.4971038, 3.5724115], [117.4971038, 3.5724115]]], [[[108.043663, 3.590116], [108.043663, 3.590116]]], [[[117.41177860000003, 3.606132300000038], [117.35839189999997, 3.60441910000004], [117.3051769, 3.601506600000022], [117.38156620000002, 3.589856600000036], [117.4346095, 3.56295829999997], [117.41177860000003, 3.606132300000038]]], [[[117.5480777, 3.580433700000025], [117.5480777, 3.580433700000025]]], [[[117.3376209, 3.6114433], [117.3376209, 3.6114433]]], [[[108.12228389999999, 3.615471699999979], [108.06889720000002, 3.6021086], [108.12056729999998, 3.606734300000021], [108.12228389999999, 3.615471699999979]]], [[[108.08499560000001, 3.638550699999961], [108.08499560000001, 3.638550699999961]]], [[[108.09001159999998, 3.6930761], [108.09001159999998, 3.6930761]]], [[[125.46137620000002, 3.7342387], [125.412796, 3.721048700000047], [125.3992348, 3.670856499999982], [125.42961879999999, 3.630769299999965], [125.48047559999998, 3.605229400000027], [125.50904260000001, 3.5618166], [125.492708, 3.510439699999974], [125.5018066, 3.439577600000039], [125.54430629999999, 3.41029920000004], [125.59282260000003, 3.389396900000037], [125.64211550000002, 3.380961899999964], [125.67635459999997, 3.42629340000002], [125.665747, 3.4764469], [125.63018979999997, 3.515258399999972], [125.60057009999997, 3.558621699999982], [125.5753593, 3.603529499999976], [125.56206190000003, 3.656917499999963], [125.52085920000002, 3.7099423], [125.46944430000002, 3.730984], [125.46137620000002, 3.7342387]]], [[[125.56832120000004, 3.770210300000016], [125.56832120000004, 3.770210300000016]]], [[[108.23489380000002, 3.7794096], [108.23489380000002, 3.7794096]]], [[[125.60334010000001, 3.793505400000026], [125.60334010000001, 3.793505400000026]]], [[[108.00143429999996, 3.817263399999966], [108.03110660000004, 3.775469100000013], [108.00143429999996, 3.817263399999966]]], [[[126.79476429999997, 3.835956599999975], [126.7436092, 3.841437499999962], [126.75493890000004, 3.785257200000043], [126.7884129, 3.743804800000046], [126.84042630000002, 3.740207600000041], [126.83510479999998, 3.79399280000003], [126.80197410000001, 3.834757699999987], [126.79476429999997, 3.835956599999975]]], [[[107.90351839999997, 3.909383700000042], [107.90351839999997, 3.909383700000042]]], [[[126.643359, 3.986666800000034], [126.622073, 4.037525199999976], [126.6141766, 3.985468], [126.64557, 3.945242100000019], [126.66377470000002, 3.889779399999966], [126.67511629999998, 3.84058109999998], [126.70618709999995, 3.88083], [126.70000720000004, 3.9380315], [126.65760690000005, 3.968000700000047], [126.643359, 3.986666800000034]]], [[[117.5576099, 4.100028500000015], [117.58868059999998, 4.140093399999962], [117.53666720000002, 4.115952], [117.5576099, 4.100028500000015]]], [[[117.723267, 3.987035399999979], [117.74369469999998, 4.033784299999983], [117.66779719999997, 4.144511], [117.62215729999997, 4.1237967], [117.58971439999998, 4.081557700000022], [117.6013874, 4.022140100000033], [117.635548, 3.982754299999964], [117.71496330000002, 3.983146800000021], [117.723267, 3.987035399999979]]], [[[107.86196089999999, 4.124865], [107.86196089999999, 4.124865]]], [[[117.91398160000004, 4.0464029], [117.91981809999997, 4.10359289999997], [117.90557469999999, 4.154808200000044], [117.6839801421335, 4.16553], [117.7294429, 4.121944599999967], [117.77596589999997, 4.0881828], [117.82248340000001, 4.059276599999979], [117.88187819999999, 4.035304], [117.91398160000004, 4.0464029]]], [[[98.26203519999999, 4.1753032], [98.26203519999999, 4.1753032]]], [[[108.2267492, 4.180001], [108.22579569999998, 4.232857], [108.19386670000004, 4.192796799999972], [108.15610120000002, 4.148283], [108.11232759999999, 4.116265800000036], [108.0697556, 4.077055800000036], [108.02323529999998, 4.056337100000036], [107.97362520000003, 4.014041800000019], [107.99033580000004, 3.966885499999968], [108.0113255, 3.920504], [108.02718349999998, 3.871386400000016], [108.07009889999998, 3.832849800000044], [108.1241722, 3.823943300000039], [108.172924, 3.804417300000047], [108.22287750000002, 3.789344199999984], [108.25626730000002, 3.7464148], [108.2010765, 3.772386799999978], [108.1502647, 3.761766700000031], [108.11394380000004, 3.722813200000026], [108.09104160000004, 3.678001199999965], [108.1403084, 3.661898100000034], [108.19352339999998, 3.648364399999977], [108.24279020000003, 3.664467800000022], [108.29531860000004, 3.657444], [108.3045883, 3.716544599999967], [108.33685089999999, 3.765270600000044], [108.38252260000004, 3.7924274], [108.39505390000002, 3.8450104], [108.3688165, 3.893594699999987], [108.38851059999998, 3.9399572], [108.34667389999997, 3.998774499999964], [108.30496150000005, 4.049729900000028], [108.26457150000002, 4.0922854], [108.23008729999998, 4.1390376], [108.2267492, 4.180001]]], [[[125.32692659999996, 4.236411900000032], [125.32692659999996, 4.236411900000032]]], [[[108.21068950000002, 4.267950800000015], [108.21068950000002, 4.267950800000015]]], [[[116.581194, 4.385939], [116.531068, 4.357031], [116.48502, 4.333741], [116.450102, 4.297816], [116.400189, 4.352631], [116.35958, 4.384404], [116.29998, 4.37128], [116.247374, 4.377902], [116.179363, 4.382907], [116.149841, 4.339463], [116.104569, 4.314007], [116.056297, 4.288754], [116.022153, 4.334382], [115.97672, 4.357574], [115.922793, 4.36121], [115.879007, 4.391408], [115.862128, 4.343374], [115.850192, 4.294179], [115.829175, 4.240417], [115.77628, 4.246809], [115.735824, 4.212401], [115.689054, 4.174012], [115.675888, 4.118745], [115.667353, 4.064013], [115.651239, 4.014448], [115.639216, 3.964129], [115.592913, 3.941562], [115.583608, 3.884688], [115.618992, 3.840442], [115.596742, 3.790847], [115.582342, 3.728339], [115.574588, 3.673902], [115.579936, 3.62168], [115.605984, 3.576073], [115.610384, 3.523693], [115.629341, 3.4741], [115.635764, 3.422642], [115.590101, 3.448783], [115.557665, 3.404224], [115.539089, 3.351975], [115.522475, 3.299378], [115.526703, 3.249358], [115.521719, 3.1935], [115.567383, 3.162243], [115.529244, 3.117672], [115.519564, 3.057923], [115.483647, 3.014589], [115.433477, 3.017198], [115.397316, 2.978911], [115.344545, 2.977143], [115.313632, 3.017864], [115.260843, 3.001507], [115.228659, 2.955686], [115.168976, 2.929016], [115.150794, 2.87994], [115.113873, 2.833274], [115.152945, 2.786702], [115.122206, 2.727341], [115.107156, 2.677753], [115.097348, 2.622378], [115.128895, 2.582695], [115.181924, 2.591378], [115.211058, 2.543012], [115.221404, 2.490908], [115.172163, 2.479212], [115.122737, 2.457569], [115.092959, 2.415636], [115.043661, 2.396341], [115.002917, 2.364601], [114.951738, 2.353732], [114.966113, 2.299128], [114.9163, 2.262211], [114.863978, 2.27199], [114.808089, 2.25742], [114.790258, 2.204017], [114.780241, 2.144541], [114.810469, 2.100404], [114.793103, 2.05027], [114.84655, 2.040977], [114.869141, 1.994283], [114.848914, 1.944664], [114.838751, 1.893662], [114.795178, 1.861826], [114.743725, 1.869543], [114.716809, 1.826356], [114.713272, 1.770112], [114.718449, 1.718756], [114.701277, 1.659177], [114.648779, 1.589578], [114.609933, 1.553015], [114.611, 1.500762], [114.585832, 1.446654], [114.536987, 1.435199], [114.498104, 1.473714], [114.445173, 1.494552], [114.400505, 1.519313], [114.357446, 1.487477], [114.309724, 1.470401], [114.25422, 1.450271], [114.2128, 1.41017], [114.171703, 1.439047], [114.122148, 1.463005], [114.058829, 1.457024], [113.998801, 1.443511], [113.945346, 1.436311], [113.901678, 1.405215], [113.851689, 1.387616], [113.828964, 1.337748], [113.786908, 1.291323], [113.74113, 1.27121], [113.692532, 1.245776], [113.643348, 1.220123], [113.595629, 1.260226], [113.56668, 1.308385], [113.512493, 1.313559], [113.462333, 1.300208], [113.408218, 1.299158], [113.366748, 1.3346], [113.329183, 1.368821], [113.275484, 1.383295], [113.22331, 1.392253], [113.1711, 1.3862], [113.127139, 1.414539], [113.074758, 1.430673], [113.02433, 1.406386], [112.977148, 1.423033], [113.011589, 1.462038], [113.049691, 1.499652], [113.062432, 1.549885], [113.011954, 1.56973], [112.957718, 1.57051], [112.904581, 1.583325], [112.854811, 1.557061], [112.800867, 1.541171], [112.749353, 1.55506], [112.693725, 1.552326], [112.641173, 1.564066], [112.580078, 1.570413], [112.524816, 1.577662], [112.474766, 1.566483], [112.435883, 1.526331], [112.385968, 1.510416], [112.329046, 1.505144], [112.287185, 1.472095], [112.235622, 1.456839], [112.19503, 1.413562], [112.21795, 1.366404], [112.188073, 1.318075], [112.174136, 1.259714], [112.163591, 1.206258], [112.153743, 1.153804], [112.099421, 1.138378], [112.042585, 1.132422], [111.991934, 1.123384], [111.938659, 1.118728], [111.907617, 1.074583], [111.870639, 1.037013], [111.837223, 0.99369], [111.775549, 0.999122], [111.719763, 1.006518], [111.666717, 1.04281], [111.616592, 1.017155], [111.576784, 0.974471], [111.522962, 0.957352], [111.513604, 1.007157], [111.463503, 1.036443], [111.405038, 1.009402], [111.357529, 1.035751], [111.296354, 1.055239], [111.245328, 1.077611], [111.188939, 1.063369], [111.125689, 1.053509], [111.060132, 1.045553], [111.009337, 1.031023], [110.958934, 1.026455], [110.905498, 1.02835], [110.88779, 0.980864], [110.834755, 0.94971], [110.804848, 0.900484], [110.753667, 0.900249], [110.702687, 0.88956], [110.649213, 0.892932], [110.601842, 0.868892], [110.546547, 0.863565], [110.490642, 0.876374], [110.452561, 0.909295], [110.420059, 0.948236], [110.395363, 0.996504], [110.343236, 0.993042], [110.287903, 0.994801], [110.279871, 1.051965], [110.248368, 1.097712], [110.207906, 1.130537], [110.192202, 1.183033], [110.145195, 1.200558], [110.094735, 1.20031], [110.064818, 1.251499], [110.023953, 1.284107], [109.968752, 1.340786], [109.962999, 1.393095], [109.91411, 1.422935], [109.856793, 1.418924], [109.832193, 1.464733], [109.793747, 1.502565], [109.750582, 1.535449], [109.714958, 1.573479], [109.681976, 1.612773], [109.66031, 1.674608], [109.667653, 1.733193], [109.685503, 1.782126], [109.638597, 1.799906], [109.587775, 1.791934], [109.575834, 1.8437], [109.546534, 1.885885], [109.564366, 1.936602], [109.593037, 1.979102], [109.629523, 2.01391], [109.638964, 2.064277], [109.60443950000001, 2.0251931], [109.53726310000003, 1.98972250000004], [109.4706721, 1.980807400000034], [109.37817879999997, 1.945418700000017], [109.32283660000002, 1.926918299999974], [109.34422989999997, 1.8749121], [109.28741, 1.776166799999961], [109.285011, 1.724104699999989], [109.26037330000001, 1.67279439999996], [109.22078389999997, 1.633008800000029], [109.150819, 1.5987202], [109.10425570000001, 1.567149599999967], [109.05966849999999, 1.524277099999976], [109.03958409999997, 1.467819799999964], [109.0407858, 1.403467], [109.04353229999998, 1.346835], [109.00353520000004, 1.288142399999986], [108.9642248, 1.218292899999989], [109.0248212, 1.214002299999988], [109.10241219999997, 1.234940300000014], [109.06636330000003, 1.198727899999968], [109.00508019999998, 1.198727899999968], [108.9565, 1.1664624], [108.90468960000004, 1.16292270000004], [108.92594429999998, 1.115317499999973], [108.9502227, 1.0667419], [108.97761440000002, 1.014226399999989], [108.97555440000002, 0.956556700000027], [108.954222, 0.906928399999989], [108.91110259999996, 0.863027199999971], [108.86821169999996, 0.83627579999998], [108.85168020000003, 0.7855308], [108.8829558, 0.736688800000012], [108.9074049, 0.677978899999959], [108.92882270000003, 0.613631600000025], [108.92714590000001, 0.562972499999963], [108.90745519999999, 0.505282199999984], [108.93195239999999, 0.459121499999975], [108.94705860000003, 0.3873691], [108.924056, 0.341536399999958], [108.96661690000003, 0.314564899999963], [109.0145216, 0.296905100000016], [109.09228419999997, 0.245407300000016], [109.12747470000002, 0.192192699999987], [109.13283279999997, 0.1421045], [109.16747280000004, 0.0859447], [109.1692736, 0.027813500000045], [109.15945459999999, -0.0377954], [109.11820579999997, -0.108092900000029], [109.07704290000002, -0.202762700000021], [109.051562, -0.255102], [109.09420090000002, -0.32953860000003], [109.1136741, -0.436679099999965], [109.11503719999999, -0.516626300000029], [109.14726390000003, -0.571007899999982], [109.19542, -0.5531845], [109.24314179999998, -0.596784300000037], [109.29549859999999, -0.5921497], [109.35043019999998, -0.584940299999987], [109.36022710000003, -0.652731799999968], [109.40707849999998, -0.673168900000027], [109.45737519999999, -0.706640499999962], [109.519345, -0.727409899999982], [109.4693915, -0.754358500000036], [109.423043, -0.72311870000002], [109.36982790000002, -0.713678099999965], [109.3193595, -0.705267300000029], [109.2687194, -0.667161199999972], [109.24228350000001, -0.759164599999968], [109.24108189999998, -0.8185538], [109.2833106, -0.883434600000028], [109.32691260000003, -0.9153597], [109.39729379999997, -0.9330385], [109.43248430000001, -0.89630769999996], [109.47795350000001, -0.868719600000018], [109.52689809999997, -0.8791436], [109.57256, -0.9021434], [109.60757889999998, -0.941620399999971], [109.64284709999997, -0.98094189999996], [109.68311, -1.013707700000028], [109.72102139999998, -0.97417260000004], [109.76859730000002, -1.002379799999959], [109.80001139999999, -1.045803199999968], [109.82558890000001, -1.094374899999979], [109.8827521, -1.09952380000003], [109.92875740000002, -1.119947699999974], [109.9230926, -1.176412900000019], [109.9346151, -1.2275864], [109.96018830000003, -1.272370399999973], [110.01731139999998, -1.28694259999998], [110.06165019999997, -1.346518899999955], [110.07439730000004, -1.405178400000013], [110.0647401, -1.457550599999974], [110.03555760000003, -1.524647400000029], [110.04208080000002, -1.582819299999978], [110.036416, -1.6471667], [110.01718989999996, -1.701731700000037], [109.9838876, -1.740338100000011], [109.931017, -1.757326700000023], [109.90887160000001, -1.804851899999955], [109.92168719999998, -1.855828900000029], [109.97805109999999, -1.8851477], [110.03401270000002, -1.913627900000032], [110.076928, -1.941592799999976], [110.10662550000004, -2.0052414], [110.11726850000002, -2.0544773], [110.11023029999996, -2.150028399999988], [110.0951241, -2.20337649999996], [110.06319509999999, -2.245401900000028], [110.11367629999998, -2.261680700000019], [110.14569690000003, -2.3278373], [110.1507, -2.39473439999996], [110.1731682, -2.4467619], [110.18531030000001, -2.497927400000039], [110.1922533, -2.564907799999967], [110.16296169999998, -2.606308200000013], [110.21097279999996, -2.6445176], [110.23344410000003, -2.6930763], [110.22684030000003, -2.74273250000004], [110.2641702, -2.779103], [110.25453970000004, -2.843687599999962], [110.22445559999998, -2.886375599999964], [110.25151289999998, -2.9298863], [110.29898509999997, -2.983260700000018], [110.37526860000003, -2.925744399999958], [110.468803, -2.870794599999977], [110.55316730000001, -2.8396552], [110.60372329999997, -2.860953600000011], [110.63332069999998, -2.930055100000024], [110.63908929999998, -2.990438299999971], [110.65159909999996, -3.041903500000027], [110.72685039999998, -3.003581300000031], [110.80075820000002, -2.97702850000004], [110.85211039999996, -3.0118271], [110.91630059999996, -3.039298799999985], [110.97132079999999, -3.066769900000017], [111.05935309999995, -3.044793100000016], [111.17656190000001, -2.997666899999968], [111.2523486, -2.952319899999962], [111.343014, -2.909150099999975], [111.39307889999998, -2.91862160000001], [111.46807870000005, -2.932401], [111.52702490000001, -2.97886], [111.57387419999998, -3.000135600000037], [111.63428469999997, -2.958789400000034], [111.69110459999996, -2.942674700000032], [111.66964690000002, -2.89467180000001], [111.7085915, -2.85064569999996], [111.76177769999998, -2.90742809999996], [111.8035428, -2.978332600000028], [111.82259719999996, -3.029931599999964], [111.82122390000004, -3.0856421], [111.80395989999997, -3.158334899999977], [111.81605290000002, -3.303386800000025], [111.818632, -3.35974930000001], [111.81295859999996, -3.417396399999967], [111.78501469999998, -3.490326400000027], [111.84352969999998, -3.541011899999964], [111.895543, -3.543410600000014], [111.9381151, -3.51], [112.00025650000003, -3.4603103], [112.04523180000001, -3.428438899999959], [112.18135919999999, -3.343100799999982], [112.25156870000002, -3.31482450000003], [112.30495539999998, -3.310197299999979], [112.3878679, -3.3372742], [112.45136429999997, -3.390873300000036], [112.53992050000002, -3.442985900000012], [112.6091001, -3.4167688], [112.65615930000001, -3.38552359999998], [112.81168450000004, -3.30121], [112.9181146, -3.24225470000002], [112.96661040000004, -3.202027300000038], [113.04176690000001, -3.130285399999961], [113.00229769999997, -3.162043799999987], [112.95010319999997, -3.133375799999955], [112.981742, -3.053994700000013], [113.01939479999999, -3.0182282], [113.04634559999997, -2.973657199999986], [113.08332289999997, -3.023169899999962], [113.12798379999995, -3.055806], [113.176471, -3.078510200000013], [113.22642179999998, -3.126715800000019], [113.2585546, -3.176153800000032], [113.30790109999998, -3.2366822], [113.3416785, -3.279438699999988], [113.31945889999997, -3.230428899999966], [113.35722269999995, -3.270994200000017], [113.38992249999998, -3.231719399999983], [113.43006219999998, -3.189633499999973], [113.47472189999996, -3.163637300000028], [113.52621419999996, -3.1565575], [113.57591250000002, -3.150382400000035], [113.61197740000003, -3.191485199999972], [113.63059469999997, -3.2615003], [113.63083030000001, -3.328189499999985], [113.61443509999998, -3.3824184], [113.5813162, -3.441977399999969], [113.62786890000004, -3.464845], [113.72369920000003, -3.467938899999973], [113.78944619999996, -3.460286800000018], [113.84063719999997, -3.438631499999973], [113.88591820000003, -3.412872], [113.92939280000002, -3.384028900000031], [113.98952120000001, -3.3564215], [114.04542480000005, -3.34713], [114.111389, -3.3712909], [114.16446019999998, -3.3855968], [114.21419419999997, -3.378659], [114.26919980000004, -3.4113961], [114.3112777, -3.440361500000028], [114.36829249999997, -3.445285899999979], [114.41359190000003, -3.4706529], [114.47306860000002, -3.5027824], [114.513692, -3.5432302], [114.56356209999997, -3.567425399999975], [114.59889640000002, -3.612262599999989], [114.62001079999997, -3.669310500000018], [114.6213841, -3.721215699999975], [114.60713620000001, -3.7847655], [114.60782279999998, -3.853277600000011], [114.61796780000005, -3.919121400000042], [114.62981540000004, -3.968125400000028], [114.63854929999998, -4.039165200000012], [114.629109, -4.1524883], [114.68240280000005, -4.177894299999958], [114.7486804, -4.1512935], [114.82501160000001, -4.106934400000013], [114.87871279999997, -4.0795098], [114.93086219999998, -4.055940699999978], [115.00512239999996, -4.013868400000026], [115.0811524, -3.980808699999978], [115.13687960000001, -3.9605787], [115.19133480000002, -3.934671100000015], [115.2496262, -3.913921], [115.37802220000003, -3.8609805], [115.42489489999997, -3.839387899999986], [115.47924770000003, -3.812912900000038], [115.52655270000004, -3.794517599999987], [115.57985759999998, -3.774096800000033], [115.63327540000004, -3.751246300000039], [115.68331879999997, -3.736607300000012], [115.73292429999998, -3.710723400000033], [115.788371, -3.677675299999967], [115.8302834, -3.634521499999972], [115.9054101, -3.615770399999969], [115.96682719999995, -3.609674199999963], [115.996136, -3.565457], [115.99776429999997, -3.506875299999985], [116.00776879999998, -3.453599899999988], [116.022784, -3.395226499999977], [116.04940030000004, -3.351710799999969], [116.07399410000004, -3.299467800000039], [116.14190150000002, -3.267284400000021], [116.186825, -3.23852909999996], [116.167413, -3.175789099999966], [116.20673920000003, -3.129221300000024], [116.26198020000004, -3.126644399999973], [116.220872, -3.088480500000019], [116.18185310000001, -3.050990200000021], [116.17726730000001, -2.998175799999975], [116.12999270000003, -2.9767629], [116.1017208, -2.9333428], [116.132304, -2.889314699999963], [116.12874650000003, -2.836595900000011], [116.15488429999996, -2.8792827], [116.18281, -2.924263700000013], [116.2088386, -2.974232], [116.25637150000004, -3.0034778], [116.30208369999997, -2.9635454], [116.34217240000002, -2.8980015], [116.36556429999996, -2.832619], [116.3619127, -2.779032300000035], [116.36078160000001, -2.720518], [116.3686445, -2.662265799999981], [116.40688259999996, -2.592836400000015], [116.362841, -2.564035], [116.31730170000003, -2.541311299999977], [116.37786470000003, -2.522748700000028], [116.4245273, -2.499696899999988], [116.47589460000003, -2.5121298], [116.47952080000005, -2.5623985], [116.53129789999997, -2.537008799999969], [116.54681249999997, -2.458628300000038], [116.55857270000001, -2.406638600000017], [116.57184380000001, -2.35047], [116.59111470000003, -2.253327300000036], [116.59573350000002, -2.1961216], [116.54565590000001, -2.209056900000023], [116.51812540000005, -2.165028], [116.5037974, -2.1086545], [116.43534759999999, -2.1327728], [116.3766932, -2.1161461], [116.42521389999996, -2.076478499999974], [116.46109309999997, -2.034079800000017], [116.45405329999997, -1.967142], [116.45747270000001, -1.916685599999985], [116.43572539999998, -1.868311299999965], [116.45238409999996, -1.812677699999982], [116.41657069999998, -1.7677356], [116.36136629999999, -1.777154600000037], [116.2803755, -1.803902600000013], [116.2183021, -1.794615], [116.26519390000001, -1.760016900000034], [116.3090818, -1.725317799999965], [116.3837544, -1.685174099999982], [116.43507369999998, -1.655106399999957], [116.50235070000002, -1.638491400000037], [116.5594637, -1.601161100000043], [116.54850490000003, -1.534135899999962], [116.53567910000001, -1.474102099999969], [116.59033889999998, -1.4260117], [116.641217, -1.407833799999986], [116.68927059999999, -1.391234500000033], [116.74883710000005, -1.371095899999981], [116.76347130000002, -1.3173549], [116.7718398, -1.2655864], [116.74709480000004, -1.219489], [116.75061379999997, -1.168121899999958], [116.71237869999999, -1.134845600000018], [116.70130279999998, -1.085883899999979], [116.73378879999999, -1.044157799999985], [116.7573286, -0.999387299999983], [116.7376512, -1.057459400000022], [116.73387469999999, -1.108090399999979], [116.78099570000005, -1.1464493], [116.78417150000001, -1.197250399999989], [116.8163319, -1.238114299999966], [116.85456509999999, -1.274260300000025], [116.90562249999996, -1.267418599999976], [116.9533691, -1.2362554], [116.99854169999998, -1.201656300000026], [117.016614, -1.153284200000011], [117.05563559999999, -1.112954], [117.098991, -1.0597435], [117.12417590000003, -1.013391299999961], [117.15604230000001, -0.969615099999983], [117.19734179999998, -0.932043], [117.24829830000004, -0.9097918], [117.286734, -0.876812699999958], [117.32897839999998, -0.904293399999984], [117.37669209999997, -0.889187200000025], [117.43008070000002, -0.890559699999988], [117.42995349999997, -0.827525800000013], [117.48197739999998, -0.8391523], [117.52973590000002, -0.812695100000022], [117.58997409999996, -0.782161099999962], [117.6047109, -0.726781], [117.55047820000003, -0.7270505], [117.49516330000003, -0.721364299999989], [117.53125360000001, -0.672971699999964], [117.56523930000003, -0.634244500000031], [117.56766029999997, -0.5834924], [117.585935, -0.522080300000011], [117.618576, -0.462973299999964], [117.60789280000002, -0.4076802], [117.55749679999997, -0.433268600000043], [117.53382179999997, -0.387517099999963], [117.49391509999997, -0.345887699999976], [117.44653619999997, -0.318399500000039], [117.41731780000005, -0.247021499999962], [117.44278640000005, -0.20174530000004], [117.4730744, -0.103569300000023], [117.506963, -0.048527100000035], [117.50645710000003, 0.00232549999996], [117.50178740000001, 0.05248159999997], [117.46377120000002, 0.0978374], [117.51399290000005, 0.117995699999989], [117.484282, 0.1591005], [117.51864749999997, 0.19841219999998], [117.52142220000005, 0.251593700000024], [117.52899779999997, 0.306786200000014], [117.55317160000004, 0.3609363], [117.55772180000002, 0.412702199999975], [117.61300770000001, 0.437111900000014], [117.60565160000003, 0.487923199999967], [117.64299070000004, 0.534331600000042], [117.66808890000003, 0.5878061], [117.71010639999997, 0.624276599999989], [117.71279449999999, 0.691027500000024], [117.75433650000002, 0.755223799999987], [117.8096115, 0.7964187], [117.87346950000004, 0.807747300000033], [117.91584150000001, 0.83630420000002], [117.9594224, 0.793762300000028], [118.02648259999995, 0.777669300000044], [118.02856890000001, 0.83175920000002], [118.009941, 0.885848300000019], [117.97715610000002, 0.9311455], [117.98677030000005, 0.985979199999958], [118.030646, 0.952971], [118.0587113, 0.910101800000012], [118.12424060000002, 0.887292799999988], [118.20073729999996, 0.869204500000025], [118.2741329, 0.854733799999979], [118.34004530000003, 0.840198900000038], [118.38576930000005, 0.8020994], [118.4497829, 0.8371509], [118.49989249999997, 0.820558700000012], [118.54903280000005, 0.8101976], [118.60018639999998, 0.8181497], [118.65185359999998, 0.8455346], [118.70884820000003, 0.829802400000029], [118.75947489999999, 0.8055646], [118.8093626, 0.816294200000039], [118.845156, 0.8616246], [118.89384350000002, 0.8751199], [118.9313948, 0.9132341], [118.974941, 0.9698467], [118.9859562, 1.024399900000022], [118.94623919999997, 1.0584516], [118.87026129999997, 1.067572], [118.80893519999998, 1.114415899999981], [118.77438829999998, 1.156149200000039], [118.72240460000002, 1.155424600000037], [118.76928389999998, 1.19677080000004], [118.72821640000002, 1.231750399999958], [118.688827, 1.264218800000021], [118.6470759, 1.29868090000002], [118.604318, 1.326902], [118.56607890000002, 1.362158799999962], [118.51574509999996, 1.356276599999989], [118.461976, 1.390305], [118.42434709999996, 1.4287842], [118.41062739999998, 1.4868869], [118.35322530000003, 1.508931899999959], [118.30709570000002, 1.531633], [118.25249570000003, 1.556627499999957], [118.21192150000005, 1.589479200000026], [118.16476980000002, 1.627987399999958], [118.11780049999999, 1.650328], [118.08324960000002, 1.69380820000004], [118.05219780000002, 1.735101800000043], [118.03620609999997, 1.7878519], [117.97448169999998, 1.793208700000031], [117.91813389999997, 1.814369899999962], [117.88806190000004, 1.856438799999987], [117.87175290000003, 1.9043395], [117.87884009999996, 1.972880800000015], [117.83913720000004, 2.007962500000032], [117.77047270000003, 2.0131092], [117.81941110000001, 2.030493599999977], [117.8779099, 2.03459030000001], [117.91547580000004, 2.089286100000026], [117.95745510000003, 2.1198148], [117.93651430000003, 2.178984], [117.99878229999996, 2.197349], [118.10228029999996, 2.284502900000012], [118.06761739999996, 2.357512399999989], [118.01853760000002, 2.3725505], [118.00199360000002, 2.425393900000044], [117.94831389999996, 2.461488899999969], [117.88788910000004, 2.537634], [117.8236877, 2.601084799999958], [117.79049040000004, 2.64389529999997], [117.79306030000004, 2.712832499999978], [117.74732580000003, 2.754859800000025], [117.703381, 2.783191], [117.618288, 2.796757800000034], [117.65138370000003, 2.835624400000043], [117.71001790000003, 2.86060179999998], [117.65624029999995, 2.8953121], [117.59751409999997, 2.90608470000004], [117.64496260000004, 2.933674300000018], [117.69684169999996, 2.946517200000027], [117.66619230000005, 2.990475399999966], [117.61126130000002, 2.981724400000036], [117.62416340000004, 3.033056], [117.57618119999995, 3.047236499999979], [117.51568540000002, 3.068028], [117.46383690000005, 3.0548927], [117.47787889999998, 3.102909400000016], [117.45137539999998, 3.152918600000039], [117.39906870000002, 3.159182100000031], [117.34151250000002, 3.1814129], [117.37832049999997, 3.230054400000011], [117.42831539999997, 3.25437189999997], [117.48920660000002, 3.277089], [117.45908360000004, 3.334644], [117.44431610000004, 3.4040363], [117.48792690000002, 3.436215699999963], [117.51787210000003, 3.4806121], [117.4709286, 3.503820500000039], [117.42750809999995, 3.5336213], [117.37057989999998, 3.562444299999985], [117.312215, 3.559703], [117.2815609, 3.61893610000001], [117.35959350000002, 3.633543299999982], [117.440961, 3.617953399999969], [117.4933177, 3.597566200000042], [117.52122040000005, 3.639796099999977], [117.5871383, 3.6308877], [117.66404259999999, 3.615469], [117.71400480000003, 3.630714599999969], [117.76329330000002, 3.6614308], [117.8122112, 3.702399600000046], [117.834576, 3.793995800000012], [117.78530790000005, 3.837815600000045], [117.73008390000003, 3.876059500000046], [117.6777003, 3.875593899999981], [117.635693, 3.9145187], [117.57814879999995, 3.970204500000047], [117.54769729999997, 4.0156442], [117.47249759999997, 4.080876], [117.418179, 4.094265899999989], [117.48472419999996, 4.11029], [117.53392059999997, 4.123485600000016], [117.58164250000002, 4.157043399999978], [117.530892, 4.164263], [117.476161, 4.171232], [117.438415, 4.207924], [117.406442, 4.253738], [117.34183, 4.291045], [117.293205, 4.313797], [117.26423, 4.357562], [117.210498, 4.353052], [117.160457, 4.34598], [117.106142, 4.333271], [117.054741, 4.341983], [117.008003, 4.320152], [116.95896, 4.346839], [116.907719, 4.368741], [116.865072, 4.336821], [116.810854, 4.351181], [116.756718, 4.383598], [116.716417, 4.345276], [116.651319, 4.34206], [116.61195, 4.376697], [116.581194, 4.385939]]], [[[126.7475574, 4.545586], [126.72249490000004, 4.5021199], [126.72524150000001, 4.452147700000015], [126.70206720000004, 4.4028567], [126.68438610000001, 4.354931900000043], [126.7073887, 4.307688599999988], [126.73880270000004, 4.2635238], [126.79321940000004, 4.2364759], [126.76438029999997, 4.188883], [126.74429589999997, 4.138547799999976], [126.72197989999997, 4.093346], [126.68198280000004, 4.062354], [126.67151149999997, 4.002592500000031], [126.73657110000003, 3.993516600000042], [126.785323, 4.017148], [126.80420570000001, 4.06372379999997], [126.80489229999998, 4.122624700000017], [126.8328732, 4.190252599999962], [126.8711214, 4.2226841], [126.902396, 4.266605199999969], [126.8854015, 4.316418600000045], [126.85776409999997, 4.358184], [126.85087520000002, 4.411017799999968], [126.8533009, 4.46601020000001], [126.81965520000003, 4.510505299999963], [126.77519490000003, 4.539767899999987], [126.7475574, 4.545586]]], [[[127.14698210000005, 4.613241900000027], [127.14698210000005, 4.613241900000027]]], [[[127.142642, 4.687483100000041], [127.142642, 4.687483100000041]]], [[[127.07037260000001, 4.739149599999966], [127.07037260000001, 4.739149599999966]]], [[[125.491792, 4.740772799999977], [125.491792, 4.740772799999977]]], [[[107.96573770000005, 4.670131700000031], [107.99543509999998, 4.734972300000013], [107.95389310000004, 4.704007], [107.96573770000005, 4.670131700000031]]], [[[127.13388729999997, 4.732648700000048], [127.13388729999997, 4.732648700000048]]], [[[127.06196120000003, 4.791667399999984], [127.06196120000003, 4.791667399999984]]], [[[95.37106240000004, 4.8768708], [95.37106240000004, 4.8768708]]], [[[95.29668390000003, 5.1155701], [95.29668390000003, 5.1155701]]], [[[95.17497509999997, 5.553575699999964], [95.17497509999997, 5.553575699999964]]], [[[126.58580709999997, 5.565694199999989], [126.58580709999997, 5.565694199999989]]], [[[95.21223190000002, 5.580473399999981], [95.21223190000002, 5.580473399999981]]], [[[95.0855655, 5.644305099999976], [95.0855655, 5.644305099999976]]], [[[95.456968, 5.651036400000038], [95.38248309999997, 5.6151483], [95.32717339999996, 5.593400600000038], [95.28260069999999, 5.559151800000013], [95.22780160000005, 5.575681100000036], [95.19544340000004, 5.530934], [95.22951589999995, 5.490118799999983], [95.23751090000003, 5.436918900000016], [95.2528929, 5.376902400000034], [95.235965, 5.318776199999959], [95.21949749999996, 5.270876899999983], [95.25329370000003, 5.230495300000033], [95.2874819, 5.193993], [95.30774250000003, 5.146640699999967], [95.31385849999998, 5.095726700000043], [95.33384020000003, 5.0493058], [95.3567969, 4.999625099999978], [95.36641860000005, 4.948348200000048], [95.39262460000002, 4.902411700000027], [95.41784269999998, 4.8522682], [95.44827150000005, 4.805183199999981], [95.49230269999998, 4.751252899999976], [95.51178909999999, 4.704989700000013], [95.54017190000005, 4.6562494], [95.5799342, 4.623239200000047], [95.64048790000002, 4.589208300000021], [95.72805969999999, 4.517399199999979], [95.77973259999999, 4.466101500000015], [95.88823049999998, 4.355010599999982], [95.95003840000003, 4.281601100000039], [96.02062159999998, 4.2096075], [96.07315, 4.190261900000021], [96.11231789999997, 4.15104140000004], [96.1674314, 4.126975700000042], [96.22695859999999, 4.066762], [96.2893638, 3.991518600000017], [96.3452423, 3.909676600000029], [96.38442810000004, 3.849488100000027], [96.4674699, 3.771000600000036], [96.524447, 3.734588], [96.57573279999998, 3.734220199999978], [96.63492370000004, 3.741705], [96.69494650000001, 3.7421253], [96.754373, 3.738808900000041], [96.80781150000003, 3.722893800000033], [96.86822640000001, 3.689983099999967], [96.8960694, 3.635143500000044], [96.92387210000003, 3.58567159999998], [96.98179540000001, 3.557421], [97.01815259999995, 3.520022], [97.04954880000004, 3.469546699999988], [97.07103920000003, 3.421293899999984], [97.10883919999998, 3.361109599999974], [97.13467, 3.318026499999966], [97.1602631, 3.273932], [97.20387719999997, 3.248255399999973], [97.25909630000002, 3.219695900000037], [97.28924659999996, 3.138585900000042], [97.31625589999997, 3.056183799999985], [97.37260510000002, 2.9863162], [97.4225978, 2.936518399999972], [97.48478210000003, 2.921406199999961], [97.5338041, 2.888544], [97.58787669999995, 2.881735899999978], [97.61813549999998, 2.820435800000016], [97.63998090000004, 2.730816600000024], [97.64921949999999, 2.678268299999969], [97.65572659999998, 2.592790299999963], [97.65855790000002, 2.525448399999968], [97.65761779999995, 2.46174190000003], [97.66255579999996, 2.402915800000043], [97.69985189999997, 2.358479900000015], [97.735808, 2.313210600000042], [97.7703522, 2.257019], [97.82746, 2.26694120000001], [97.884888, 2.276707600000021], [97.9361, 2.270206099999966], [98.004831, 2.241996600000034], [98.0956631, 2.195968399999975], [98.137789, 2.158358899999973], [98.1925058, 2.112479499999969], [98.24513610000001, 2.076379], [98.267537, 2.0314965], [98.32210510000004, 2.0446055], [98.36804489999997, 2.020776200000023], [98.41590860000002, 2.0059773], [98.46377229999999, 1.9870415], [98.50108380000003, 1.943109700000017], [98.54531559999995, 1.906025100000013], [98.571878, 1.863130399999962], [98.62342649999997, 1.8166536], [98.67377479999998, 1.743427899999988], [98.72357759999997, 1.715611399999977], [98.73180610000001, 1.767967300000011], [98.68074510000001, 1.767423799999984], [98.73782410000003, 1.777822099999964], [98.77855420000004, 1.734325700000044], [98.7937603, 1.684637], [98.83597679999998, 1.649692699999965], [98.82039539999997, 1.600342899999967], [98.77794780000005, 1.56797680000002], [98.72364, 1.565531400000014], [98.740637, 1.518135], [98.77363149999996, 1.475671], [98.78427450000002, 1.423502599999987], [98.82204, 1.37648150000002], [98.85122240000003, 1.316073299999958], [98.86764759999996, 1.231640500000013], [98.89820349999997, 1.152183900000042], [98.91665040000002, 1.103816300000043], [98.928361, 1.048399499999968], [98.956661, 0.971545599999962], [98.97382890000002, 0.922217299999966], [98.9862336, 0.853065300000038], [99.01991440000002, 0.8140471], [99.04244830000002, 0.769274600000019], [99.06080330000003, 0.717706399999967], [99.04895059999997, 0.6685898], [99.07536849999998, 0.624934299999962], [99.10926530000002, 0.567947099999982], [99.09544839999998, 0.518132299999968], [99.1289382, 0.478278], [99.13937910000004, 0.4196477], [99.12787810000003, 0.36797579999998], [99.1554384, 0.313867], [99.1410779, 0.263930800000017], [99.19043130000003, 0.253791200000036], [99.22075, 0.210505599999971], [99.27169170000003, 0.219287699999986], [99.32599039999997, 0.235525599999969], [99.3767628, 0.207536399999968], [99.395497, 0.154722300000037], [99.48374780000003, 0.129238699999961], [99.6055682, 0.0722904], [99.65123579999998, 0.043047800000034], [99.68502379999998, 0.005402700000017], [99.72855090000004, -0.019857], [99.76287320000002, -0.068275300000026], [99.7559739, -0.121501699999966], [99.7783608, -0.18625180000001], [99.80491989999999, -0.2416838], [99.8177049, -0.299640299999988], [99.8866087, -0.34686459999998], [99.91884160000002, -0.398210899999969], [99.9639155, -0.435599399999981], [100.0187024, -0.486016800000028], [100.0818923, -0.550215], [100.11154350000002, -0.6065684], [100.13832019999998, -0.6548575], [100.19209, -0.708841800000021], [100.26062580000004, -0.773133100000029], [100.2902258, -0.8157403], [100.3253427, -0.851490299999986], [100.3441002, -0.903695900000018], [100.35291690000004, -0.956728800000024], [100.3850793, -0.995565200000021], [100.41107340000005, -1.03933769999996], [100.37249819999998, -1.073560599999974], [100.37427760000004, -1.1241141], [100.3484111, -1.171534300000038], [100.3983158, -1.180850800000039], [100.42921829999999, -1.2213066], [100.4010639, -1.2668166], [100.4515819, -1.258165100000037], [100.48949210000002, -1.298956100000021], [100.53989080000004, -1.309443099999969], [100.57147639999998, -1.350273], [100.59072090000004, -1.396856100000027], [100.56111620000004, -1.441668300000016], [100.5973502, -1.487553200000031], [100.62532250000002, -1.541504399999988], [100.64101740000002, -1.595125299999973], [100.6851908, -1.66015680000003], [100.7281899, -1.724986], [100.76591809999995, -1.782976900000028], [100.825155, -1.859983599999977], [100.86258340000003, -1.92368849999996], [100.86853079999999, -1.974603100000023], [100.88003489999997, -2.038306499999971], [100.8668715, -2.0948724], [100.8289507, -2.135398299999986], [100.85115129999996, -2.215789099999983], [100.87902239999995, -2.263495399999977], [100.8891734, -2.31337529999996], [100.9196402, -2.35558190000001], [100.9911387, -2.430580299999969], [101.02125929999997, -2.476315300000016], [101.05582349999997, -2.514358899999964], [101.08936359999998, -2.555762], [101.11718480000003, -2.5985492], [101.1608836, -2.641248699999982], [101.237121, -2.6785107], [101.28607090000001, -2.70679940000001], [101.3263638, -2.754690899999963], [101.40295480000002, -2.925149899999974], [101.48035119999997, -3.0138604], [101.5063313, -3.068483200000022], [101.540128, -3.136941], [101.58184189999997, -3.193607900000012], [101.6235148, -3.245832], [101.69387330000002, -3.29446730000001], [101.78794230000004, -3.3630232], [101.87826550000001, -3.419110799999975], [101.92610879999998, -3.459446500000036], [101.97253310000004, -3.497514599999969], [102.09185739999998, -3.561382799999963], [102.13652379999998, -3.59905], [102.1896437, -3.637905600000019], [102.2376572, -3.68466], [102.25940250000004, -3.758770900000014], [102.26903619999999, -3.814606], [102.3022619, -3.869077800000015], [102.2918847, -3.923818500000015], [102.30713379999996, -3.9883146], [102.36048339999998, -4.0300696], [102.47140319999997, -4.108625799999983], [102.62646610000002, -4.225386], [102.68026110000002, -4.265016799999961], [102.72589289999996, -4.30571090000001], [102.79559940000003, -4.354263699999967], [102.85593409999996, -4.413653699999982], [102.89343830000004, -4.455586600000034], [102.95161590000002, -4.505161900000038], [103.0152928, -4.5247787], [103.06841730000004, -4.557965299999973], [103.11994830000002, -4.57941069999997], [103.164083, -4.613331], [103.20520960000005, -4.643503299999969], [103.24514029999999, -4.674792], [103.28408650000002, -4.709996199999972], [103.31928009999996, -4.7621149], [103.3360274, -4.811561899999967], [103.3916785, -4.811072100000031], [103.413137, -4.865046300000026], [103.48236520000003, -4.869903899999956], [103.53111739999997, -4.903906400000031], [103.58344480000004, -4.923011800000038], [103.6581716, -4.958780699999982], [103.7185094, -4.969242399999969], [103.74942820000003, -5.009418], [103.79334669999996, -5.0457285], [103.83947539999998, -5.066719599999987], [103.86686930000002, -5.110338800000031], [103.91379129999996, -5.132070299999986], [103.9328358, -5.183308], [103.9042607, -5.232330300000039], [103.97574970000004, -5.253317699999978], [104.0079003, -5.293821], [104.03178429999998, -5.3439378], [104.06517069999997, -5.396398199999981], [104.107405, -5.429615099999981], [104.18740120000004, -5.4874657], [104.25200040000003, -5.539259699999984], [104.3105031, -5.589076199999961], [104.301185, -5.641934800000022], [104.36445550000005, -5.670908300000018], [104.41630139999998, -5.708404], [104.45025950000003, -5.763400100000012], [104.48877920000002, -5.800579300000027], [104.53884850000004, -5.83955339999996], [104.57279010000005, -5.8849749], [104.58147630000003, -5.942615699999972], [104.637143, -5.938963600000043], [104.7008459, -5.936054200000014], [104.70409609999999, -5.885621500000034], [104.71204430000002, -5.833924199999958], [104.67972, -5.784418899999973], [104.6474996, -5.745744200000032], [104.6432744, -5.690621300000028], [104.56891910000004, -5.6062304], [104.546577, -5.558136399999987], [104.60512919999998, -5.496227600000021], [104.66357920000003, -5.517757399999986], [104.71904680000004, -5.534730699999975], [104.76194869999998, -5.58195980000001], [104.82906690000003, -5.62378519999996], [104.87417010000003, -5.6509634], [104.93745670000004, -5.703249799999973], [104.98805030000001, -5.7121189], [105.02586080000003, -5.751111899999979], [105.08598849999998, -5.757256], [105.12875159999997, -5.787756099999959], [105.18649850000003, -5.8030693], [105.16379820000002, -5.757776400000021], [105.20131330000002, -5.717514500000028], [105.18056790000004, -5.66864430000001], [105.1673296, -5.606149], [105.2339662, -5.591392600000041], [105.26187159999998, -5.543952899999989], [105.25206989999998, -5.479369], [105.28966280000003, -5.4452609], [105.32302360000004, -5.483959599999973], [105.34835070000004, -5.52740229999998], [105.37690139999997, -5.569767], [105.40511079999997, -5.612800699999972], [105.44709009999995, -5.641356699999974], [105.49167389999997, -5.666575900000022], [105.54693849999997, -5.668206400000016], [105.5888239, -5.732773500000017], [105.58264410000001, -5.80279839999996], [105.62465669999999, -5.835332799999978], [105.69641110000003, -5.848652900000036], [105.71804049999999, -5.895782800000034], [105.7582092, -5.857874199999975], [105.7848545, -5.812081], [105.79990050000004, -5.751349600000018], [105.79578270000003, -5.701481600000043], [105.81262119999997, -5.6473855], [105.82737269999998, -5.593805899999967], [105.81777570000004, -5.516412700000013], [105.82029119999999, -5.328674099999982], [105.85326060000003, -5.273672200000042], [105.8612843, -5.20636220000002], [105.86240569999997, -5.156103699999976], [105.8583688, -5.061011], [105.86679849999999, -4.9855325], [105.90215980000005, -4.940302099999967], [105.88019790000004, -4.892144500000024], [105.86217350000003, -4.823555599999969], [105.8628601, -4.763855300000037], [105.88380279999997, -4.700043900000034], [105.91624679999997, -4.647176899999989], [105.88483280000001, -4.597728099999971], [105.90577549999998, -4.551356099999976], [105.89908070000001, -4.495397700000032], [105.91264190000004, -4.4375523], [105.8647484, -4.410339500000033], [105.84123079999998, -4.365838400000028], [105.8185715, -4.300451200000028], [105.81994480000002, -4.236599100000033], [105.82166140000002, -4.171714499999963], [105.84552230000004, -4.1229191], [105.85719529999997, -4.068812599999989], [105.88277290000002, -3.984221299999986], [105.92671820000004, -3.9114383], [105.953669, -3.861771], [105.9258599, -3.774589300000015], [105.85994190000004, -3.7415299], [105.824408, -3.6889406], [105.82698289999998, -3.59900060000003], [105.8508438, -3.516076599999957], [105.87195819999995, -3.465701799999971], [105.89684910000003, -3.421835800000023], [105.92929310000002, -3.366829199999961], [105.97993320000002, -3.318845800000043], [106.039077, -3.285263700000025], [106.08903470000003, -3.2534977], [106.07888970000005, -3.184024599999963], [106.050395, -3.127025100000031], [106.056094, -3.073880600000029], [106.05041119999997, -3.0197234], [106.018499, -2.969621799999961], [105.95842570000003, -2.943521799999955], [105.9032595, -2.959501900000012], [105.85251270000005, -2.9534143], [105.81378670000004, -2.918239500000015], [105.787335, -2.873129199999964], [105.782207, -2.80207270000002], [105.78909810000002, -2.745723], [105.77922160000004, -2.682008400000042], [105.7002781, -2.68492409999997], [105.65549530000003, -2.662245], [105.61545279999999, -2.60481139999998], [105.60400339999998, -2.5335538], [105.61763570000002, -2.477781299999988], [105.63047760000005, -2.410280199999965], [105.5786958, -2.418612], [105.48781670000002, -2.3880848], [105.41091240000003, -2.3880848], [105.31473190000001, -2.374137099999968], [105.26168860000003, -2.3559565], [105.21144179999997, -2.326682099999983], [105.15940609999997, -2.34928359999998], [105.11526139999997, -2.3784249], [105.0647935, -2.361588499999973], [105.02479639999999, -2.392632400000034], [105.01320289999997, -2.336530500000029], [104.954415, -2.329679099999977], [104.9181889, -2.291852500000042], [104.84883770000002, -2.284305399999981], [104.83923040000003, -2.336547], [104.79871840000004, -2.376681700000011], [104.73091209999998, -2.385085900000023], [104.77605909999997, -2.297611699999964], [104.81364709999997, -2.259948599999968], [104.870467, -2.218095300000018], [104.90565760000001, -2.1681784], [104.89827609999998, -2.1113981], [104.88091189999997, -2.058004499999983], [104.84343219999997, -2.0110346], [104.7929943, -2.0024354], [104.71889579999998, -1.9943276], [104.6902284, -2.0511121], [104.68681469999999, -1.9973289], [104.63632669999997, -1.972882799999971], [104.58602990000004, -2.00650810000001], [104.6213922, -1.95126610000001], [104.59821790000004, -1.876806599999965], [104.55252669999997, -1.854494600000029], [104.52332530000004, -1.914417399999985], [104.4656953, -1.9112917], [104.50723730000003, -1.806461800000021], [104.53796470000002, -1.746924], [104.48915109999997, -1.660497200000039], [104.45798019999997, -1.589775800000021], [104.43989530000002, -1.5160432], [104.45164049999998, -1.432591300000025], [104.452002, -1.374678899999966], [104.44292939999998, -1.318468400000034], [104.41695680000004, -1.27147], [104.3923818, -1.217076600000039], [104.40899529999997, -1.159815599999964], [104.39412470000005, -1.072536299999955], [104.37110989999996, -1.027706799999956], [104.26627430000005, -1.042550499999956], [104.20570120000002, -1.069695700000024], [104.13306510000002, -1.047699500000016], [104.0230789, -0.998633599999971], [103.91162189999997, -0.982478299999984], [103.83415309999998, -1.012603], [103.8132104, -1.060488600000015], [103.80737389999999, -1.0002452], [103.75438010000002, -0.992433299999968], [103.69387390000003, -0.949869600000037], [103.55593950000002, -0.855808599999969], [103.52469719999998, -0.803629099999965], [103.469716, -0.811269800000042], [103.39727490000004, -0.8323819], [103.3432015, -0.8359865], [103.4020814, -0.825001300000034], [103.4611329, -0.8033741], [103.48075180000004, -0.755568300000037], [103.38905440000003, -0.718231500000039], [103.42113579999997, -0.665884699999959], [103.43074879999999, -0.613874600000026], [103.437272, -0.548303299999981], [103.46645440000002, -0.506419700000011], [103.5279092, -0.511054399999972], [103.60404650000004, -0.434503399999981], [103.63050170000004, -0.387107900000034], [103.6978839, -0.355213300000019], [103.76311109999999, -0.34530010000003], [103.71037730000003, -0.256702], [103.64566889999998, -0.23691719999997], [103.56708339999996, -0.2158198], [103.51455839999997, -0.202194099999959], [103.4504899, -0.213743100000025], [103.45409480000004, -0.161215], [103.405343, -0.148512099999982], [103.4667977, -0.170656399999986], [103.45375149999997, -0.111605], [103.5272663, -0.123073199999963], [103.5843858, -0.103537], [103.56533140000005, -0.054956800000012], [103.61820310000003, -0.036760700000011], [103.675538, -0.047747099999979], [103.7627419, -0.009981600000037], [103.8137749, -0.004743399999969], [103.78385629999995, 0.0640045], [103.77218330000002, 0.1307806], [103.76982959999997, 0.187173800000034], [103.73755729999996, 0.259957599999987], [103.712838, 0.304589100000035], [103.66098, 0.330663599999975], [103.6046418, 0.351878399999988], [103.530681, 0.4362797], [103.48535169999995, 0.465830300000041], [103.40704650000004, 0.5257423], [103.3275237, 0.54362730000001], [103.2779847, 0.504281], [103.22020279999998, 0.485541199999966], [103.1075764, 0.4557877], [103.07693449999998, 0.51428709999996], [103.04323239999998, 0.555392400000015], [103.0039681, 0.6083391], [102.9583236, 0.659631], [102.9159364, 0.7121795], [102.84528679999998, 0.7396846], [102.79080650000003, 0.731583099999982], [102.72082030000001, 0.74932260000004], [102.664524, 0.752675], [102.5906264, 0.73731], [102.528463, 0.745970299999959], [102.47050039999996, 0.7769389], [102.42186429999995, 0.800185], [102.37498420000003, 0.8557259], [102.33915, 0.900616299999973], [102.2975494, 0.9370636], [102.23997380000002, 0.981772399999963], [102.19519539999997, 1.076671800000033], [102.19554729999996, 1.126769600000015], [102.20923729999998, 1.188855399999971], [102.17931660000004, 1.230412800000041], [102.15202930000002, 1.276403600000025], [102.156406, 1.328237600000042], [102.1475311, 1.379424100000042], [102.09809690000003, 1.398897600000042], [102.043391, 1.432567300000025], [102.0018884, 1.46553139999998], [101.92639879999999, 1.5279174], [101.87296920000003, 1.562516100000016], [101.82769349999997, 1.599859700000044], [101.78977780000002, 1.636387499999985], [101.73546840000002, 1.669869], [101.66461520000001, 1.664807099999981], [101.61687179999997, 1.643101], [101.5614467, 1.637245500000011], [101.50809549999995, 1.658869799999978], [101.43180769999998, 1.688483099999976], [101.36515860000002, 1.758659099999987], [101.35878670000002, 1.813901899999964], [101.34531370000002, 1.875698200000036], [101.32956889999998, 1.930135100000035], [101.3210717, 1.98246130000001], [101.30453570000005, 2.038725500000032], [101.27111819999998, 2.075958100000024], [101.21934080000001, 2.101072600000025], [101.1092152, 2.18874580000003], [101.06877559999997, 2.225240100000041], [101.05837550000001, 2.275170600000036], [101.00845480000002, 2.2907342], [100.92070669999995, 2.301174399999988], [100.79820190000002, 2.288560199999983], [100.76645829999998, 2.208530500000021], [100.7787936, 2.159553799999985], [100.84872219999997, 2.074781500000016], [100.8839619, 2.0321222], [100.88997010000001, 1.976194900000044], [100.82285050000002, 2.030406699999981], [100.78296489999998, 2.075191099999978], [100.73289989999996, 2.0940518], [100.68606619999996, 2.1199297], [100.56645249999997, 2.157437300000014], [100.5191856, 2.195518599999973], [100.47546339999995, 2.226832099999958], [100.43077589999999, 2.2715923], [100.39466679999995, 2.321172200000026], [100.38196389999999, 2.3753716], [100.3422529, 2.4575861], [100.3305286, 2.512316899999972], [100.29835279999999, 2.567719600000034], [100.270899, 2.613068700000037], [100.218932, 2.682554100000017], [100.16384249999997, 2.706342399999977], [100.127905, 2.6699998], [100.12178540000004, 2.6182037], [100.14301119999998, 2.524237499999964], [100.1494521, 2.47363729999998], [100.20068950000004, 2.436086200000014], [100.15399760000004, 2.463869899999976], [100.0963194, 2.487537100000042], [100.12412850000001, 2.533498199999967], [100.1018125, 2.59317660000004], [100.09288609999996, 2.642906400000038], [100.090892, 2.699699799999971], [100.05065740000003, 2.740131], [99.9998149, 2.7250434], [100.02625079999999, 2.681661399999962], [100.0338039, 2.6305613], [100.01346709999999, 2.58339229999997], [99.99415009999997, 2.6353627], [99.96496770000002, 2.6780605], [99.95947449999998, 2.7289871], [99.9934119, 2.7823024], [99.9894637, 2.844883299999985], [99.99118030000001, 2.927862], [99.95126550000005, 2.96318580000003], [99.90196380000003, 3.011914300000047], [99.8585048, 3.038252799999981], [99.78945459999997, 3.110813699999966], [99.7585556, 3.1677199], [99.6895477, 3.205427], [99.6210066, 3.221171900000037], [99.568289, 3.234356800000011], [99.51258830000003, 3.2864491], [99.48573839999997, 3.335945899999988], [99.44142610000004, 3.372927700000012], [99.37768679999996, 3.396463400000034], [99.3331689, 3.424603199999972], [99.29875279999999, 3.463254500000019], [99.24558430000003, 3.496937699999965], [99.15935649999999, 3.557677800000043], [99.1000001, 3.585008700000021], [99.05869559999998, 3.617283200000028], [99.01220380000002, 3.635901200000031], [98.96150719999997, 3.665475], [98.91020550000003, 3.680070600000036], [98.8469434, 3.7025922], [98.7954777, 3.723333900000032], [98.75969550000002, 3.759978599999965], [98.70938280000001, 3.7713329], [98.69986309999999, 3.823708599999982], [98.6949983, 3.8739389], [98.66105109999997, 3.9111811], [98.6094668, 3.914349500000043], [98.56946109999998, 3.946280499999961], [98.54022720000002, 3.988390800000037], [98.49619339999995, 4.014769199999986], [98.44536759999995, 4.039737499999969], [98.40216889999998, 4.0700811], [98.34391770000005, 4.074970200000045], [98.29834559999998, 4.106487700000034], [98.24909459999998, 4.130542899999963], [98.17826450000003, 4.1452711], [98.21456479999998, 4.183022899999962], [98.24678290000003, 4.2363385], [98.25182559999999, 4.288170500000028], [98.28023190000005, 4.330677], [98.27814690000001, 4.384067899999984], [98.2520352, 4.444879500000027], [98.20874979999996, 4.478088], [98.16306010000002, 4.506657], [98.11105550000002, 4.521758299999963], [98.06542, 4.553732399999983], [98.00164610000002, 4.531036900000025], [97.98908169999996, 4.581324800000015], [97.99444059999998, 4.633913], [97.9622309, 4.676621], [97.96074369999997, 4.731185899999986], [97.93997840000002, 4.7943812], [97.903414, 4.890406100000018], [97.84536269999998, 4.90624480000001], [97.79915550000003, 4.94087890000003], [97.7358439, 4.99718], [97.67257930000002, 5.055258300000016], [97.65446030000001, 5.1161228], [97.593934, 5.143356099999981], [97.56097470000003, 5.1931709], [97.520992, 5.236675499999972], [97.44590050000002, 5.22916559999997], [97.3984107, 5.2127561], [97.3282552, 5.187200199999982], [97.27064530000001, 5.166444899999973], [97.21945030000002, 5.148352600000035], [97.16182970000003, 5.146110200000038], [97.14029610000001, 5.2009084], [97.088969, 5.227680500000016], [97.03592120000002, 5.2469197], [96.98541139999998, 5.261630900000043], [96.91384170000002, 5.250612700000019], [96.85963909999995, 5.2749304], [96.77896929999997, 5.258118], [96.66099570000004, 5.219799400000031], [96.61168269999999, 5.209845799999986], [96.55637150000003, 5.202336799999969], [96.500815, 5.201557399999963], [96.46095540000002, 5.235697400000046], [96.39884809999997, 5.209592199999964], [96.3442547, 5.22665970000002], [96.25815140000003, 5.2635648], [96.19977480000001, 5.2586697], [96.1451346, 5.277172400000048], [96.0771626, 5.294118800000032], [96.02831819999997, 5.339133299999972], [95.9813677, 5.37334290000004], [95.92162950000004, 5.4218786], [95.8919321, 5.462720700000041], [95.87483660000002, 5.512103500000016], [95.82846550000002, 5.535567300000039], [95.77029220000004, 5.558350499999971], [95.71667569999998, 5.57926669999997], [95.66361750000002, 5.59531030000004], [95.61543150000003, 5.62359970000001], [95.56072410000003, 5.614240600000038], [95.50279019999996, 5.600497499999975], [95.46434329999995, 5.6457362], [95.456968, 5.651036400000038]]], [[[95.14829849999995, 5.661227800000042], [95.11864139999997, 5.614904], [95.16715629999999, 5.600647899999984], [95.16494970000002, 5.652344800000026], [95.14829849999995, 5.661227800000042]]], [[[95.0580905, 5.752043700000016], [95.01098450000003, 5.723905], [95.06021390000002, 5.7145286], [95.06953160000003, 5.663588399999959], [95.133974, 5.668049899999978], [95.1061649, 5.712461899999983], [95.06400609999999, 5.7408346], [95.0580905, 5.752043700000016]]], [[[95.21688550000003, 5.907234800000012], [95.23700220000005, 5.85881910000003], [95.26350569999995, 5.8146033], [95.3003728, 5.780332], [95.34774140000002, 5.804731], [95.36865579999996, 5.852049099999963], [95.3370947, 5.895025899999968], [95.30432690000004, 5.8407536], [95.25888530000002, 5.866785], [95.2230607, 5.905858700000017], [95.21688550000003, 5.907234800000012]]]]}}]}