{"type": "FeatureCollection", "features": [{"type": "Feature", "properties": {"code": "JPN", "name": "Japan", "tier": "country"}, "geometry": {"type": "MultiPolygon", "coordinates": [[[[123.76600816500013, 24.068408874000056], [123.76600816500013, 24.068408874000056]]], [[[123.76600816500013, 24.068408874000056], [123.76600816500013, 24.068408874000056]]], [[[123.5695360410001, 24.196492847000115], [123.5695360410001, 24.196492847000115]]], [[[123.93450308700005, 24.221387532000165], [123.93450308700005, 24.221387532000165]]], [[[123.95433555100021, 24.237333892000095], [123.95433555100021, 24.237333892000095]]], [[[141.4702605580003, 24.24207166700012], [141.4702605580003, 24.24207166700012]]], [[[124.0167847470002, 24.247027252000123], [124.0167847470002, 24.247027252000123]]], [[[153.98607194600004, 24.281547694000153], [153.98607194600004, 24.281547694000153]]], [[[124.1612905190002, 24.331111459000056], [124.1612905190002, 24.331111459000056]]], [[[124.09036350600013, 24.338043585000037], [124.09036350600013, 24.338043585000037]]], [[[123.93521360600016, 24.342940279000175], [123.93521360600016, 24.342940279000175]]], [[[123.95440323600008, 24.331892457000038], [123.95440323600008, 24.331892457000038]]], [[[123.73125138800003, 24.36301333300014], [123.73125138800003, 24.36301333300014]]], [[[124.00372, 24.36112], [124.00372, 24.36112]]], [[[123.94395722400009, 24.367374441000038], [123.94395722400009, 24.367374441000038]]], [[[123.7251022180003, 24.38012389200003], [123.7251022180003, 24.38012389200003]]], [[[123.80997739300017, 24.399676538000108], [123.74440416300001, 24.342485], [123.66509972800009, 24.30992361300008], [123.74359693900033, 24.287595559000067], [123.83264472100007, 24.27215500000011], [123.90714111500006, 24.312073333000114], [123.88112861200011, 24.391227495000123], [123.80997739300017, 24.399676538000108]]], [[[124.1189464790001, 24.452076090000105], [124.1189464790001, 24.452076090000105]]], [[[124.15254216100004, 24.454911607000156], [124.15254216100004, 24.454911607000156]]], [[[124.1474559400001, 24.46318244100007], [124.1474559400001, 24.46318244100007]]], [[[131.18837457900008, 24.461339479000173], [131.18837457900008, 24.461339479000173]]], [[[123.00349199100015, 24.472766054000147], [123.00349199100015, 24.472766054000147]]], [[[123.00349199100015, 24.472766054000147], [123.00349199100015, 24.472766054000147]]], [[[123.82269788600013, 24.46753876600019], [123.82269788600013, 24.46753876600019]]], [[[124.11752927400005, 24.484436676000144], [124.11752927400005, 24.484436676000144]]], [[[124.3399655930001, 24.60482735700009], [124.29302419800024, 24.539422572000092], [124.22927766500027, 24.490235450000114], [124.15254216100004, 24.454911607000156], [124.07207394000011, 24.438424455000074], [124.1410935670001, 24.392328595000095], [124.2151122570001, 24.355312036000043], [124.24994237400006, 24.430610351000098], [124.28179269800012, 24.504108378000126], [124.3322126590001, 24.570124225000086], [124.3399655930001, 24.60482735700009]]], [[[124.3177750110001, 24.616420532000177], [124.3177750110001, 24.616420532000177]]], [[[124.73020763900001, 24.64205882900012], [124.73020763900001, 24.64205882900012]]], [[[124.69678472100009, 24.67729722500019], [124.69678472100009, 24.67729722500019]]], [[[125.25093333300003, 24.728189721000035], [125.25093333300003, 24.728189721000035]]], [[[124.70550544700006, 24.748503080999967], [124.70550544700006, 24.748503080999967]]], [[[125.28149650000012, 24.765022768], [125.28149650000012, 24.765022768]]], [[[141.28602286600005, 24.798481054000092], [141.28602286600005, 24.798481054000092]]], [[[125.22255354100025, 24.80638058600016], [125.22255354100025, 24.80638058600016]]], [[[125.26918347600008, 24.8091065320001], [125.26918347600008, 24.8091065320001]]], [[[141.3439958370003, 24.792993613000192], [141.3439958370003, 24.792993613000192]]], [[[125.27894933300001, 24.818477122000047], [125.27894933300001, 24.818477122000047]]], [[[125.21271235600022, 24.841058718000113], [125.21271235600022, 24.841058718000113]], [[125.16589783400025, 24.82233180700007], [125.16589783400025, 24.82233180700007]], [[125.16444779200003, 24.82478856500012], [125.16444779200003, 24.82478856500012]], [[125.16595551300031, 24.823495207000065], [125.16595551300031, 24.823495207000065]]], [[[125.29643558100008, 24.87805434000012], [125.2692963290001, 24.80253353200004], [125.2899158370002, 24.722958333000065], [125.37039111500007, 24.72939249500007], [125.45342472100003, 24.730671667000024], [125.38898861200005, 24.78342277500019], [125.32248221800012, 24.830477775000134], [125.29643558100008, 24.87805434000012]]], [[[125.30674523500011, 24.91345593700015], [125.30674523500011, 24.91345593700015]]], [[[125.24861427600013, 24.926043549000156], [125.24861427600013, 24.926043549000156]]], [[[141.2876483010001, 25.420769829000164], [141.2876483010001, 25.420769829000164]]], [[[123.5556449290001, 25.720998611000084], [123.5556449290001, 25.720998611000084]]], [[[123.54474277600013, 25.7262305590001], [123.54474277600013, 25.7262305590001]]], [[[123.48385, 25.749725], [123.48385, 25.749725]]], [[[123.54493858600017, 25.78106258600019], [123.54493858600017, 25.78106258600019]]], [[[131.22680225000022, 25.870117027000163], [131.22680225000022, 25.870117027000163]], [[131.22680225000022, 25.870117027000163], [131.22680225000022, 25.870117027000163]]], [[[124.56096501400009, 25.92243341600016], [124.56096501400009, 25.92243341600016]]], [[[123.68772424700023, 25.92399667300009], [123.68772424700023, 25.92399667300009]]], [[[131.2859019460002, 25.961000279000018], [131.2859019460002, 25.961000279000018]]], [[[127.76116945600018, 26.12399605800016], [127.76116945600018, 26.12399605800016]]], [[[127.77513515600003, 26.132013347000168], [127.77513515600003, 26.132013347000168]]], [[[127.6577202210002, 26.134821180000017], [127.6577202210002, 26.134821180000017]]], [[[127.65850232800017, 26.135236135000184], [127.65850232800017, 26.135236135000184]]], [[[127.8101431130001, 26.14504508100015], [127.8101431130001, 26.14504508100015]]], [[[127.34532749700008, 26.144484441000145], [127.34532749700008, 26.144484441000145]]], [[[127.27332777600009, 26.156651946000125], [127.27332777600009, 26.156651946000125]]], [[[127.29092221200017, 26.155964784000105], [127.29092221200017, 26.155964784000105]]], [[[127.27332777600009, 26.156651946000125], [127.27332777600009, 26.156651946000125]]], [[[127.33961805600018, 26.16092890300007], [127.33961805600018, 26.16092890300007]]], [[[127.88635018200011, 26.16013982000004], [127.88635018200011, 26.16013982000004]]], [[[127.29255499400006, 26.160824721000154], [127.29255499400006, 26.160824721000154]]], [[[127.23759110900005, 26.180465554000136], [127.23759110900005, 26.180465554000136]]], [[[127.2737118030002, 26.17889124800007], [127.2737118030002, 26.17889124800007]]], [[[127.23759110900005, 26.180465554000136], [127.23759110900005, 26.180465554000136]]], [[[127.27445111600002, 26.18208736100013], [127.27445111600002, 26.18208736100013]]], [[[127.28648388500005, 26.17583750000017], [127.28648388500005, 26.17583750000017]]], [[[127.38016527900015, 26.19914861300009], [127.38016527900015, 26.19914861300009]]], [[[127.29168639400018, 26.1984447210001], [127.29168639400018, 26.1984447210001]]], [[[127.26804388500022, 26.21531666700008], [127.26804388500022, 26.21531666700008]]], [[[127.31396027200014, 26.1999311080001], [127.31396027200014, 26.1999311080001]]], [[[127.29598527900009, 26.217188054000133], [127.29598527900009, 26.217188054000133]]], [[[127.66153391700004, 26.218574428000068], [127.66153391700004, 26.218574428000068]]], [[[127.28845972800002, 26.21897527900012], [127.28845972800002, 26.21897527900012]]], [[[127.24942693900005, 26.223052775000156], [127.24942693900005, 26.223052775000156]]], [[[127.45430485900033, 26.223487007000188], [127.45430485900033, 26.223487007000188]]], [[[127.34703424800023, 26.16579428000017], [127.34703424800023, 26.16579428000017]]], [[[127.28527221800005, 26.227018892000103], [127.28527221800005, 26.227018892000103]]], [[[127.33562888500023, 26.22619305400019], [127.33562888500023, 26.22619305400019]]], [[[127.45257637000009, 26.228393321000055], [127.45257637000009, 26.228393321000055]]], [[[127.45457966100003, 26.234771698000145], [127.45457966100003, 26.234771698000145]]], [[[127.36925666700006, 26.224275833000092], [127.36925666700006, 26.224275833000092]]], [[[127.45778178000012, 26.238498946000163], [127.45778178000012, 26.238498946000163]]], [[[127.93764863600006, 26.243170530000157], [127.93764863600006, 26.243170530000157]]], [[[127.56081861200005, 26.250469441], [127.56081861200005, 26.250469441]]], [[[127.31110246700007, 26.249854896000045], [127.31110246700007, 26.249854896000045]]], [[[127.4031533330002, 26.25660444100015], [127.4031533330002, 26.25660444100015]]], [[[127.94293727700006, 26.242631027000186], [127.94293727700006, 26.242631027000186]]], [[[127.58453666700007, 26.262105829000063], [127.58453666700007, 26.262105829000063]]], [[[127.57803246800006, 26.259047843000133], [127.57803246800006, 26.259047843000133]]], [[[127.9481309470001, 26.263771613000188], [127.9481309470001, 26.263771613000188]]], [[[127.554211946, 26.26558861300009], [127.554211946, 26.26558861300009]]], [[[127.91762027200014, 26.29011608100018], [127.91762027200014, 26.29011608100018]]], [[[127.98128472100007, 26.290242225000156], [127.98128472100007, 26.290242225000156]]], [[[126.81620569400002, 26.29316819400003], [126.81620569400002, 26.29316819400003]]], [[[127.84695096700023, 26.30207429700016], [127.84695096700023, 26.30207429700016]]], [[[127.99276880700006, 26.303182414000105], [127.99276880700006, 26.303182414000105]]], [[[127.84695096700023, 26.30207429700016], [127.84695096700023, 26.30207429700016]]], [[[127.84730371000023, 26.314492266000116], [127.85934752300011, 26.396429775000115], [127.92569472100001, 26.441596667000113], [127.99886692700011, 26.481078386000036], [128.0342641120002, 26.553733000000136], [128.12624389100006, 26.555258892000097], [128.15943360600022, 26.630831108], [128.24075444900018, 26.63431163500013], [128.29211666700007, 26.70163082900001], [128.32515860900003, 26.774729513000125], [128.2895606950002, 26.84647948100013], [128.22623610900007, 26.797216667000157], [128.1634608300002, 26.743066387000056], [128.1036953570001, 26.68568000000016], [128.03983697800015, 26.63665022500004], [127.97969832700005, 26.695209721000083], [127.8990905060001, 26.703514054000152], [127.89503263300003, 26.613182946000165], [127.97899051800005, 26.586896978000027], [127.9212513880002, 26.52866027900012], [127.84403138800019, 26.503969441000038], [127.79905583700008, 26.43740166700013], [127.71299196200005, 26.441629284000044], [127.73787341100012, 26.36437127900018], [127.73932941600003, 26.28354164600006], [127.66928861200017, 26.242445108000027], [127.64951379800004, 26.164674020000064], [127.65653844400003, 26.084550919000094], [127.73939367000003, 26.10929228900011], [127.8103261350002, 26.14875219800018], [127.7827896890002, 26.22490005400016], [127.81451718500023, 26.298395486000175], [127.84730371000023, 26.314492266000116]], [[127.9216782950001, 26.30950446900016], [127.9216782950001, 26.30950446900016]], [[127.95247368400021, 26.597765473000038], [127.95247368400021, 26.597765473000038]], [[127.75899338500017, 26.433785775000104], [127.75899338500017, 26.433785775000104]]], [[[127.92844229700017, 26.316911381000182], [127.92844229700017, 26.316911381000182]]], [[[127.96096693200002, 26.312561988000084], [127.96096693200002, 26.312561988000084]]], [[[127.93965556500018, 26.33578256800007], [127.93965556500018, 26.33578256800007]]], [[[126.85562111500019, 26.338080559000048], [126.85562111500019, 26.338080559000048]]], [[[126.86563250300003, 26.34002694600008], [126.86563250300003, 26.34002694600008]]], [[[126.83423666700003, 26.337305], [126.83423666700003, 26.337305]]], [[[126.84237027200004, 26.338405829000124], [126.84237027200004, 26.338405829000124]]], [[[126.87212306100002, 26.345329161999985], [126.87212306100002, 26.345329161999985]]], [[[126.83731250300002, 26.347128054000166], [126.83731250300002, 26.347128054000166]]], [[[126.72878075200015, 26.34518641500017], [126.72878075200015, 26.34518641500017]]], [[[127.94655530500017, 26.341530982000165], [127.94655530500017, 26.341530982000165]], [[127.98662180300005, 26.37603427500011], [127.98662180300005, 26.37603427500011]]], [[[126.89603305500009, 26.349593748000075], [126.89603305500009, 26.349593748000075]]], [[[126.8986933330001, 26.35221389200018], [126.8986933330001, 26.35221389200018]]], [[[126.73050138800022, 26.340756667000107], [126.73050138800022, 26.340756667000107]]], [[[126.70956555200007, 26.355854027000134], [126.70956555200007, 26.355854027000134]]], [[[127.1532990280001, 26.35422236000005], [127.1532990280001, 26.35422236000005]], [[127.13915169300014, 26.37115372100004], [127.13915169300014, 26.37115372100004]]], [[[127.104328054, 26.383389162000185], [127.104328054, 26.383389162000185]]], [[[126.81433152400007, 26.339131667000174], [126.74211083000012, 26.379592775], [126.77883555100004, 26.306281387000126], [126.81433152400007, 26.339131667000174]]], [[[128.00198103300022, 26.399850577000166], [128.00198103300022, 26.399850577000166]]], [[[127.95216535700001, 26.45612630400018], [127.95216535700001, 26.45612630400018]]], [[[127.83669, 26.486435], [127.83669, 26.486435]]], [[[127.83906832700029, 26.493198892000123], [127.83906832700029, 26.493198892000123]]], [[[127.86915303500018, 26.510733824000056], [127.86915303500018, 26.510733824000056]]], [[[128.10002944200005, 26.53155861300013], [128.10002944200005, 26.53155861300013]]], [[[142.1558577820001, 26.540719721000187], [142.1558577820001, 26.540719721000187]]], [[[142.20842306100008, 26.550610279000125], [142.20842306100008, 26.550610279000125]]], [[[142.21664486600014, 26.56340276900005], [142.21664486600014, 26.56340276900005]]], [[[142.15457472100013, 26.564984441000036], [142.15457472100013, 26.564984441000036]]], [[[142.23829345800004, 26.570411556000067], [142.23829345800004, 26.570411556000067]]], [[[142.15855249700007, 26.58326527500003], [142.15855249700007, 26.58326527500003]]], [[[142.16550604400015, 26.5923027770001], [142.16550604400015, 26.5923027770001]]], [[[142.16902917000016, 26.59366527900005], [142.16902917000016, 26.59366527900005]]], [[[126.83265944200002, 26.595688333000112], [126.83265944200002, 26.595688333000112]]], [[[127.24474712400001, 26.59636874199998], [127.24474712400001, 26.59636874199998]]], [[[127.23261074300012, 26.578082382000105], [127.23261074300012, 26.578082382000105]]], [[[142.17674171300018, 26.602955127000087], [142.17674171300018, 26.602955127000087]]], [[[142.13201610900023, 26.61050889200004], [142.13201610900023, 26.61050889200004]]], [[[142.1848013880001, 26.622205360000066], [142.1848013880001, 26.622205360000066]]], [[[128.0354774970001, 26.638977495000177], [128.0354774970001, 26.638977495000177]]], [[[127.81497766500013, 26.650743829000135], [127.81497766500013, 26.650743829000135]]], [[[127.99232610900003, 26.651505279000048], [127.99232610900003, 26.651505279000048]]], [[[127.87287516200001, 26.64690069400018], [127.87287516200001, 26.64690069400018]]], [[[128.1040171730001, 26.66793461300017], [128.1040171730001, 26.66793461300017]]], [[[128.02470400100003, 26.67292869400012], [128.02470400100003, 26.67292869400012]]], [[[128.02069077800013, 26.67864691900013], [128.02069077800013, 26.67864691900013]]], [[[142.14785970600008, 26.69423402600006], [142.17628836600022, 26.616155054000046], [142.145656292, 26.691222133000167], [142.14785970600008, 26.69423402600006]]], [[[128.0184102720001, 26.71436194600011], [128.0184102720001, 26.71436194600011]]], [[[127.80995535700004, 26.70600718500009], [127.80995535700004, 26.70600718500009]]], [[[128.33521859400025, 26.745653209000068], [128.33521859400025, 26.745653209000068]]], [[[128.17696585500016, 26.749204180000106], [128.17696585500016, 26.749204180000106]]], [[[127.9257586120001, 26.902449441000158], [127.9257586120001, 26.902449441000158]]], [[[127.94279173800021, 26.952652189000105], [127.94279173800021, 26.952652189000105]]], [[[127.9477506940002, 26.977236807000168], [127.9477506940002, 26.977236807000168]]], [[[127.92633277600032, 26.997186108000108], [127.92633277600032, 26.997186108000108]]], [[[142.17795966800009, 27.043603650000023], [142.17795966800009, 27.043603650000023]]], [[[142.17401027200003, 27.04409389200009], [142.17401027200003, 27.04409389200009]]], [[[142.18280438600004, 27.04690288600017], [142.18280438600004, 27.04690288600017]]], [[[142.24093141800006, 27.047240690000024], [142.24093141800006, 27.047240690000024]]], [[[142.2350232110001, 27.0505753060001], [142.2350232110001, 27.0505753060001]]], [[[128.39997221800002, 27.051261167000064], [128.39997221800002, 27.051261167000064]], [[128.39997221800002, 27.051261167000064], [128.39997221800002, 27.051261167000064]]], [[[142.18468910500007, 27.086524790000055], [142.18468910500007, 27.086524790000055]]], [[[128.02221499400014, 27.09297749500007], [127.95060583700024, 27.0445633330001], [128.02187111500018, 27.090166667000176], [128.02221499400014, 27.09297749500007]]], [[[142.24722266000003, 27.09095007899998], [142.24722266000003, 27.09095007899998]]], [[[142.2350232110001, 27.0505753060001], [142.2350232110001, 27.0505753060001]]], [[[142.1883004650001, 27.116154702000074], [142.1883004650001, 27.116154702000074]]], [[[142.16841778200023, 27.12156916200007], [142.16841778200023, 27.12156916200007]]], [[[142.1778850060001, 27.126510829000154], [142.1778850060001, 27.126510829000154]]], [[[142.18215801000008, 27.12709742800007], [142.18215801000008, 27.12709742800007]]], [[[142.21927110900026, 27.130305973000077], [142.21927110900026, 27.130305973000077]]], [[[142.18884610900034, 27.18748194600016], [142.18884610900034, 27.18748194600016]]], [[[142.19856083000025, 27.196769721000067], [142.19856083000025, 27.196769721000067]]], [[[140.88667511000006, 27.238926604000028], [140.88667511000006, 27.238926604000028]]], [[[128.664210227, 27.398328235000122], [128.664210227, 27.398328235000122]]], [[[128.664210227, 27.398328235000122], [128.57765333300017, 27.40113972100005], [128.65788580000014, 27.392444447], [128.664210227, 27.398328235000122]]], [[[142.20877167300034, 27.488074441000037], [142.20877167300034, 27.488074441000037]]], [[[142.21906959600005, 27.49339551900016], [142.21906959600005, 27.49339551900016]]], [[[142.21452374900002, 27.492590559000178], [142.21452374900002, 27.492590559000178]]], [[[142.1725147210002, 27.624415829000043], [142.1725147210002, 27.624415829000043]]], [[[142.1705056940001, 27.635053888000186], [142.1705056940001, 27.635053888000186]]], [[[142.15804064300005, 27.6575236110001], [142.15804064300005, 27.6575236110001]]], [[[142.15797931600002, 27.65986734300003], [142.15797931600002, 27.65986734300003]]], [[[142.12714250300007, 27.679561108000144], [142.12714250300007, 27.679561108000144]]], [[[142.13863917000015, 27.672639167], [142.13863917000015, 27.672639167]]], [[[142.10873347000017, 27.716006108000045], [142.10873347000017, 27.716006108000045]]], [[[142.10129055800007, 27.715820554000175], [142.10129055800007, 27.715820554000175]]], [[[128.88566389100004, 27.855530000000158], [128.88566389100004, 27.855530000000158]]], [[[128.23580958200023, 27.862504930000114], [128.23580958200023, 27.862504930000114]]], [[[128.97042976800026, 27.669647806000057], [129.02286399000013, 27.730732529000022], [128.98605888500015, 27.804278054000065], [128.96881333300018, 27.886337225000148], [128.88879027200016, 27.876839162000067], [128.8901977820001, 27.796478054000033], [128.8928216600001, 27.707856946000106], [128.9657506100002, 27.67096866700018], [128.97042976800026, 27.669647806000057]]], [[[129.2556808300003, 28.003687225000192], [129.2556808300003, 28.003687225000192]]], [[[129.2378441630002, 28.014189162000037], [129.2378441630002, 28.014189162000037]]], [[[129.2748056590001, 28.025137311000037], [129.2748056590001, 28.025137311000037]]], [[[129.190768885, 28.046092775000147], [129.190768885, 28.046092775000147]]], [[[129.25265607900008, 28.049296709000032], [129.25265607900008, 28.049296709000032]]], [[[129.23240470700011, 28.032819527000072], [129.23240470700011, 28.032819527000072]]], [[[129.1727103170001, 28.06890845200013], [129.1727103170001, 28.06890845200013]]], [[[129.17050472100004, 28.12031777500016], [129.17050472100004, 28.12031777500016]]], [[[129.15075778200003, 28.132246108000118], [129.15075778200003, 28.132246108000118]]], [[[129.27810693900017, 28.150389162000067], [129.27810693900017, 28.150389162000067]]], [[[129.16257958200003, 28.189252744999976], [129.16257958200003, 28.189252744999976]]], [[[129.17279111500022, 28.19687555900009], [129.17279111500022, 28.19687555900009]]], [[[129.34069933, 28.076656666000133], [129.27210194600025, 28.12092027900013], [129.211806109, 28.173840829000028], [129.2220822180002, 28.091788333000068], [129.30394250300014, 28.086448613000186], [129.34069933, 28.076656666000133]]], [[[129.4460502720001, 28.232423054000094], [129.4460502720001, 28.232423054000094]]], [[[129.42352150500005, 28.245642973000145], [129.42352150500005, 28.245642973000145]]], [[[129.18445268300002, 28.271516044000123], [129.18445268300002, 28.271516044000123]]], [[[129.18451402200003, 28.305940713000098], [129.18451402200003, 28.305940713000098]]], [[[130.0297044030002, 28.355958554000154], [129.95269395600008, 28.327237207000053], [130.0300486120002, 28.351888613000085], [130.0297044030002, 28.355958554000154]], [[130.0297044030002, 28.355958554000154], [130.0297044030002, 28.355958554000154]]], [[[129.5078510430002, 28.39955970800014], [129.5078510430002, 28.39955970800014]]], [[[129.5877996160001, 28.364632491000123], [129.6605136060001, 28.398811667000132], [129.7200272240002, 28.45337638700005], [129.6897927760001, 28.530858333000083], [129.6659400000002, 28.447633333000056], [129.58962421500007, 28.413718964000168], [129.5078510430002, 28.39955970800014], [129.42571832700025, 28.38943027900018], [129.3482483270002, 28.367958053999985], [129.27469454000004, 28.325868581000123], [129.21904250300008, 28.26836472100007], [129.13552805400002, 28.256212775], [129.20879306100005, 28.21978249500006], [129.2894658370002, 28.22269], [129.3084262640001, 28.14487062800015], [129.38757693900016, 28.162303892000182], [129.45568576200003, 28.205026320000115], [129.4575288850001, 28.287716108000097], [129.5378380540002, 28.306494441000098], [129.5877996160001, 28.364632491000123]], [[129.40956263300006, 28.363836667000157], [129.40956263300006, 28.363836667000157]], [[129.31316866400016, 28.14455184300016], [129.31316866400016, 28.14455184300016]]], [[[129.00352250300023, 28.799915559000112], [129.00352250300023, 28.799915559000112]]], [[[129.00341917000014, 28.835454441000024], [129.00341917000014, 28.835454441000024]]], [[[129.20731192000005, 29.156652041000143], [129.20731192000005, 29.156652041000143]]], [[[129.32947087600007, 29.227251252000087], [129.32947087600007, 29.227251252000087]]], [[[129.3473455510001, 29.22592582900012], [129.3473455510001, 29.22592582900012]]], [[[129.59597524700018, 29.45385646900013], [129.59597524700018, 29.45385646900013]]], [[[129.74282749700012, 29.669683054000075], [129.6976636060001, 29.603128054000024], [129.74282749700012, 29.669683054000075]]], [[[129.53918374800014, 29.6755743060001], [129.53918374800014, 29.6755743060001]]], [[[129.53209196100033, 29.67958179700014], [129.53209196100033, 29.67958179700014]]], [[[129.907006109, 29.811708054000178], [129.907006109, 29.811708054000178]]], [[[129.89291527900014, 29.86980472099998], [129.89291527900014, 29.86980472099998]]], [[[129.6216928020001, 29.884207468], [129.6216928020001, 29.884207468]]], [[[129.53788666700018, 29.914993054000092], [129.53788666700018, 29.914993054000092]]], [[[129.91751693900017, 30.006628054000032], [129.91751693900017, 30.006628054000032]]], [[[130.58733541300012, 30.242549800000063], [130.58733541300012, 30.242549800000063]]], [[[130.9599263880002, 30.365789721000056], [130.9599263880002, 30.365789721000056]]], [[[130.9596855520001, 30.367246802000068], [130.9596855520001, 30.367246802000068]]], [[[130.97234072500032, 30.36970641500011], [130.97234072500032, 30.36970641500011]]], [[[130.95952241900022, 30.37162118100008], [130.96138583700008, 30.454258054000036], [130.99208793800005, 30.53004348600018], [131.04790485, 30.594869826000036], [131.063589728, 30.675607775000117], [131.0723049940001, 30.755585559], [131.06217865500003, 30.834956543000033], [131.00783055800002, 30.77583305400009], [130.96217250300015, 30.692313892000072], [130.94915544700007, 30.60957421500018], [130.9161728790001, 30.520168703000024], [130.85021986100014, 30.46825261700002], [130.8632464860001, 30.38477373900014], [130.94407243800003, 30.37610661300016], [130.95952241900022, 30.37162118100008]]], [[[130.9821136060001, 30.39944361300013], [130.9821136060001, 30.39944361300013]]], [[[130.97657610900012, 30.451728333000062], [130.97657610900012, 30.451728333000062]]], [[[130.97928778200003, 30.450278613000023], [130.97928778200003, 30.450278613000023]]], [[[130.58733541300012, 30.242549800000063], [130.64967472100022, 30.297060279], [130.67165749700007, 30.376017775000093], [130.59688472100004, 30.41310972100007], [130.5243633330001, 30.447393333000036], [130.44432333300006, 30.42332638700003], [130.37841333300003, 30.37746444100003], [130.40719360600008, 30.302350559000047], [130.45241904300008, 30.235171361000027], [130.53735555100013, 30.230949162000172], [130.58733541300012, 30.242549800000063]]], [[[130.26506095700006, 30.44449018000006], [130.1864194420001, 30.475653054000134], [130.26105413100015, 30.433092890000125], [130.26506095700006, 30.44449018000006]]], [[[140.31396390700024, 30.484988596], [140.31396390700024, 30.484988596]]], [[[131.0316902720001, 30.556142495000188], [131.0316902720001, 30.556142495000188]]], [[[130.86045320100004, 30.76411911200006], [130.86045320100004, 30.76411911200006]]], [[[130.34270416300012, 30.8039044410001], [130.34270416300012, 30.8039044410001]]], [[[130.32171694400006, 30.792174106000175], [130.32171694400006, 30.792174106000175]]], [[[130.43114444900016, 30.81551555900012], [130.43114444900016, 30.81551555900012]]], [[[129.42553708200012, 30.828784054000096], [129.42553708200012, 30.828784054000096]]], [[[129.42817574800006, 30.838938897000162], [129.42817574800006, 30.838938897000162]]], [[[129.43603132600015, 30.848203821000084], [129.43603132600015, 30.848203821000084]]], [[[129.93919472100004, 30.851467495000122], [129.93919472100004, 30.851467495000122]]], [[[129.44576522700004, 30.853529892000154], [129.44576522700004, 30.853529892000154]]], [[[129.4629513100001, 30.856810414000165], [129.4629513100001, 30.856810414000165]]], [[[129.46872182900017, 30.859928865000143], [129.46872182900017, 30.859928865000143]]], [[[130.6604609750001, 30.991653978000045], [130.6604609750001, 30.991653978000045]]], [[[130.67327444900013, 30.99566082900003], [130.67327444900013, 30.99566082900003]]], [[[129.42349722400024, 31.136425829000075], [129.42349722400024, 31.136425829000075]]], [[[129.41880430600008, 31.17166569400007], [129.41880430600008, 31.17166569400007]]], [[[129.44742944200016, 31.178151387000128], [129.44742944200016, 31.178151387000128]]], [[[129.44742944200016, 31.178151387000128], [129.44742944200016, 31.178151387000128]]], [[[129.47174477900035, 31.202008944000113], [129.47174477900035, 31.202008944000113]]], [[[130.44017194200023, 31.25009173000018], [130.44017194200023, 31.25009173000018]]], [[[130.44017194200023, 31.25009173000018], [130.44017194200023, 31.25009173000018]]], [[[130.2155983030002, 31.26316622100012], [130.2155983030002, 31.26316622100012]]], [[[130.67745722400014, 31.280517495000083], [130.67745722400014, 31.280517495000083]]], [[[130.16931972800012, 31.364169162000167], [130.16931972800012, 31.364169162000167]]], [[[131.02535722400012, 31.363240279000138], [131.02535722400012, 31.363240279000138]]], [[[130.20184666700015, 31.414912225000137], [130.20184666700015, 31.414912225000137]]], [[[130.18136027200023, 31.426178613000104], [130.18136027200023, 31.426178613000104]]], [[[131.21659360600006, 31.42676555900016], [131.21659360600006, 31.42676555900016]]], [[[130.19124847000012, 31.419313613000156], [130.19124847000012, 31.419313613000156]]], [[[131.2175293360002, 31.42807319100018], [131.2175293360002, 31.42807319100018]]], [[[130.18605722400014, 31.431412495000075], [130.18605722400014, 31.431412495000075]]], [[[131.11951166000028, 31.426155279000113], [131.11951166000028, 31.426155279000113]]], [[[140.05160053200007, 31.438133802000095], [140.05160053200007, 31.438133802000095]]], [[[129.7333910120002, 31.44945710800016], [129.7333910120002, 31.44945710800016]]], [[[131.1696292360001, 31.45300594000014], [131.1696292360001, 31.45300594000014]]], [[[131.07347717900018, 31.45468677100007], [131.07347717900018, 31.45468677100007]]], [[[131.38697295400016, 31.45311528500008], [131.38697295400016, 31.45311528500008]]], [[[131.37953285100014, 31.45476590100003], [131.37953285100014, 31.45476590100003]]], [[[131.11105250300022, 31.46901774800017], [131.11105250300022, 31.46901774800017]]], [[[131.39250083000024, 31.474231667000026], [131.39250083000024, 31.474231667000026]]], [[[131.39020088300015, 31.50156456700006], [131.39020088300015, 31.50156456700006]]], [[[131.3862060050002, 31.515331225000125], [131.3862060050002, 31.515331225000125]]], [[[131.38530281600015, 31.524305745000163], [131.38530281600015, 31.524305745000163]]], [[[130.69657027200003, 31.529822775000127], [130.69657027200003, 31.529822775000127]]], [[[130.55766620000009, 31.53724949499997], [130.55766620000009, 31.53724949499997]]], [[[131.41696789900004, 31.529604212000038], [131.41696789900004, 31.529604212000038]]], [[[130.61545823600022, 31.54214231500015], [130.61545823600022, 31.54214231500015]]], [[[130.59210374800034, 31.56675158600018], [130.59210374800034, 31.56675158600018]]], [[[130.5904964460001, 31.566619802000105], [130.5904964460001, 31.566619802000105]]], [[[130.56350654400012, 31.593885122000074], [130.56350654400012, 31.593885122000074]]], [[[130.72496377400012, 31.61919525200011], [130.72496377400012, 31.61919525200011]]], [[[130.32048327500002, 31.651191271000073], [130.32048327500002, 31.651191271000073]]], [[[130.71454313900006, 31.699331919000144], [130.71454313900006, 31.699331919000144]]], [[[130.71879522100016, 31.705576541000084], [130.71879522100016, 31.705576541000084]]], [[[130.66657772400004, 31.729160140000147], [130.66657772400004, 31.729160140000147]]], [[[131.47235295700023, 31.740330721000078], [131.47235295700023, 31.740330721000078]]], [[[130.18038693900007, 31.739474162000192], [130.18038693900007, 31.739474162000192]]], [[[129.79781900100022, 31.778901135000183], [129.79781900100022, 31.778901135000183]]], [[[129.71777876800002, 31.633420041000136], [129.7489046170001, 31.717514613], [129.79715924800007, 31.78268922500007], [129.73422756200011, 31.731207613000038], [129.67749985700004, 31.66821333300004], [129.71777876800002, 31.633420041000136]]], [[[129.84200712900008, 31.802440107000052], [129.84200712900008, 31.802440107000052]]], [[[131.47689610900022, 31.804251387000136], [131.47689610900022, 31.804251387000136]]], [[[129.84142064300022, 31.802243235000105], [129.84142064300022, 31.802243235000105]]], [[[129.84531051500016, 31.829823762000103], [129.84531051500016, 31.829823762000103]]], [[[129.95175817100017, 31.85086549500005], [129.95175817100017, 31.85086549500005]]], [[[129.97600855400003, 31.86226646000017], [129.97600855400003, 31.86226646000017]]], [[[129.97600855400003, 31.86226646000017], [129.97600855400003, 31.86226646000017]]], [[[129.96357097300006, 31.865793829000097], [129.96357097300006, 31.865793829000097]]], [[[129.95386834800001, 31.867881876000126], [129.95386834800001, 31.867881876000126]]], [[[129.91734697800007, 31.850845063000122], [129.83522778200006, 31.88202041400001], [129.87412627800006, 31.80815436000006], [129.93129549900016, 31.864974667000183], [129.91734697800007, 31.850845063000122]], [[129.92154745800008, 31.84137651400016], [129.92154745800008, 31.84137651400016]], [[129.91734697800007, 31.850845063000122], [129.91734697800007, 31.850845063000122]]], [[[130.19739153000023, 31.97985808100003], [130.19739153000023, 31.97985808100003]]], [[[128.34907656900032, 31.988568357000077], [128.34907656900032, 31.988568357000077]]], [[[128.35299802700024, 31.99468442200009], [128.35299802700024, 31.99468442200009]]], [[[128.36528605700005, 32.01391238700006], [128.36528605700005, 32.01391238700006]]], [[[130.1659904080002, 32.02710444000007], [130.1659904080002, 32.02710444000007]]], [[[128.37344795100012, 32.02560841400009], [128.37344795100012, 32.02560841400009]]], [[[130.18961070000034, 32.033425], [130.18961070000034, 32.033425]]], [[[128.37875687400003, 32.03044187900008], [128.37875687400003, 32.03044187900008]]], [[[130.16170036400013, 32.03753414400006], [130.16170036400013, 32.03753414400006]]], [[[128.40108614700023, 32.0506651660001], [128.40108614700023, 32.0506651660001]]], [[[130.19018055800007, 32.07963610800016], [130.19018055800007, 32.07963610800016]]], [[[130.15795389100003, 32.086393612999984], [130.15795389100003, 32.086393612999984]]], [[[130.32687880700007, 32.12367774799998], [130.32687880700007, 32.12367774799998]]], [[[130.33636914400006, 32.13333333300017], [130.33636914400006, 32.13333333300017]]], [[[129.97316555100008, 32.14638944100005], [129.97316555100008, 32.14638944100005]]], [[[130.26284193900028, 32.14748326200004], [130.26284193900028, 32.14748326200004]]], [[[130.0237302720002, 32.15440249500011], [130.0237302720002, 32.15440249500011]]], [[[130.04275666700016, 32.15612889200008], [130.04275666700016, 32.15612889200008]]], [[[130.0562466670001, 32.16315444100002], [130.0562466670001, 32.16315444100002]]], [[[130.04888138800004, 32.17578889200013], [130.04888138800004, 32.17578889200013]]], [[[130.01646111500008, 32.18410305400005], [130.01646111500008, 32.18410305400005]]], [[[129.9690113360001, 32.180412], [129.9690113360001, 32.180412]]], [[[130.0210586060001, 32.15788446900012], [130.0210586060001, 32.15788446900012]], [[130.02850675800016, 32.190975036000054], [130.02850675800016, 32.190975036000054]]], [[[130.36582284000008, 32.199954266000134], [130.36582284000008, 32.199954266000134]]], [[[130.07994138800007, 32.19671694600015], [130.07994138800007, 32.19671694600015]]], [[[129.97201476300006, 32.20134334400012], [129.97201476300006, 32.20134334400012]]], [[[130.38499543500006, 32.21745532400007], [130.38499543500006, 32.21745532400007]]], [[[130.2204155510002, 32.226906108000094], [130.2204155510002, 32.226906108000094]]], [[[130.18192180300002, 32.22514422100005], [130.18192180300002, 32.22514422100005]]], [[[130.17644757500022, 32.22492522300007], [130.10105917000033, 32.19499249500018], [130.1254244490001, 32.115547775000095], [130.20525221800028, 32.148806387000036], [130.17644757500022, 32.22492522300007]], [[130.17666666000014, 32.11728315800008], [130.17666666000014, 32.11728315800008]]], [[[129.98410277300013, 32.23783543600001], [129.98410277300013, 32.23783543600001]]], [[[130.18376639400014, 32.24144361300006], [130.18376639400014, 32.24144361300006]]], [[[130.20355944200003, 32.22614416200008], [130.20355944200003, 32.22614416200008]]], [[[130.19400083000016, 32.24550889200009], [130.19400083000016, 32.24550889200009]]], [[[130.09713319800005, 32.2533176980001], [130.09713319800005, 32.2533176980001]]], [[[130.226412309, 32.24855566800011], [130.226412309, 32.24855566800011]]], [[[130.18149194600005, 32.26185749500013], [130.18149194600005, 32.26185749500013]]], [[[130.1862132230002, 32.25698446000007], [130.1862132230002, 32.25698446000007]], [[130.1862132230002, 32.25698446000007], [130.1862132230002, 32.25698446000007]]], [[[130.14021944200022, 32.26269082900018], [130.14021944200022, 32.26269082900018]]], [[[130.03359027200008, 32.28625944099997], [130.03359027200008, 32.28625944099997]]], [[[130.23530832700033, 32.303438054000026], [130.23530832700033, 32.303438054000026]]], [[[130.2574766670001, 32.30814610800019], [130.2574766670001, 32.30814610800019]]], [[[130.3047100000001, 32.32010277500012], [130.3047100000001, 32.32010277500012]]], [[[131.62383652400013, 32.32580772100016], [131.62383652400013, 32.32580772100016]]], [[[130.3039802720001, 32.33439916200007], [130.3039802720001, 32.33439916200007]]], [[[130.29107639400024, 32.340295559000026], [130.29107639400024, 32.340295559000026]]], [[[130.28934778200005, 32.343250559000126], [130.28934778200005, 32.343250559000126]]], [[[130.33381333300008, 32.34207194600003], [130.33381333300008, 32.34207194600003]]], [[[130.4806340990001, 32.34834831500018], [130.4806340990001, 32.34834831500018]]], [[[130.33342814600007, 32.31792551600017], [130.33342814600007, 32.31792551600017]]], [[[130.35887622600012, 32.35140361300006], [130.35887622600012, 32.35140361300006]]], [[[130.3280849360001, 32.36210898100012], [130.3280849360001, 32.36210898100012]]], [[[130.3280849360001, 32.36210898100012], [130.3280849360001, 32.36210898100012]]], [[[130.31600059700008, 32.36947158600009], [130.31600059700008, 32.36947158600009]]], [[[130.34423831100003, 32.364157196], [130.34423831100003, 32.364157196]], [[130.34423831100003, 32.364157196], [130.34423831100003, 32.364157196]]], [[[130.3102002720002, 32.374475036000035], [130.3102002720002, 32.374475036000035]]], [[[130.4117119540001, 32.371031764000065], [130.4117119540001, 32.371031764000065]]], [[[130.31438341100022, 32.376890514000024], [130.31438341100022, 32.376890514000024]]], [[[130.23647138800004, 32.37917582900019], [130.23647138800004, 32.37917582900019]]], [[[130.32574647200022, 32.38106509000011], [130.32574647200022, 32.38106509000011]]], [[[130.3429270690002, 32.38926044100009], [130.3429270690002, 32.38926044100009]]], [[[130.40580801000033, 32.388776113000176], [130.40580801000033, 32.388776113000176]]], [[[130.32847291800022, 32.39552310800019], [130.32847291800022, 32.39552310800019]]], [[[130.4230302080001, 32.393859703000146], [130.4230302080001, 32.393859703000146]]], [[[130.23279861200024, 32.40209722500009], [130.23279861200024, 32.40209722500009]]], [[[130.23312416300007, 32.4057163870001], [130.23312416300007, 32.4057163870001]]], [[[131.67767961800018, 32.41759173700012], [131.67767961800018, 32.41759173700012]]], [[[131.67846937800016, 32.41835077500008], [131.7190404150001, 32.48807246800004], [131.70365917000015, 32.58113622500014], [131.76930861200015, 32.63000947800015], [131.8181116600001, 32.694669440999974], [131.88153888500005, 32.74431666700019], [131.9486827500001, 32.796875441000054], [131.98664527900007, 32.870284162000075], [132.0339469390002, 32.93695833300018], [131.95360363200018, 32.95283812600019], [131.91989000000024, 33.029091135000044], [131.99700693900002, 33.056886108000015], [131.9156019200002, 33.06833625200011], [131.86168072600003, 33.12802897300003], [131.86370046700006, 33.21038027900005], [131.77936406300012, 33.24597705700012], [131.691914773, 33.2794277750001], [131.599202192, 33.256571946000065], [131.51781112800006, 33.26535121600011], [131.49714153000014, 33.34303453200005], [131.58704525600012, 33.34553026700007], [131.64016944200023, 33.40634619800005], [131.7150949160001, 33.444010134999985], [131.7374004410001, 33.53153946800012], [131.70387166000012, 33.60868666700003], [131.64620036300016, 33.66689989200012], [131.56633962400008, 33.67473866700004], [131.4902956420002, 33.64711280200004], [131.42393635700023, 33.591900911000096], [131.34277763900013, 33.57275719800003], [131.25573474700002, 33.598952559000054], [131.17869083000005, 33.62126089200012], [131.09713862500018, 33.623302405000175], [131.04950236100012, 33.6886544140001], [131.00080809300027, 33.75727774800009], [130.95669189400007, 33.829614162000155], [130.99363741900015, 33.902301721000015], [130.905482892, 33.894208081000045], [130.82476316500004, 33.92051836000013], [130.7503613880001, 33.87393222500003], [130.8185652530001, 33.922962559000155], [130.73801369600017, 33.92700810800011], [130.6571193420001, 33.90978666400002], [130.582880143, 33.878053387000136], [130.48848192000003, 33.850996135000116], [130.4710686640001, 33.771196468000085], [130.41590114100006, 33.70671819800009], [130.34626697800024, 33.661882414000104], [130.42754581100007, 33.68647074800009], [130.3959527500001, 33.610202468000125], [130.3130217250001, 33.59799338700009], [130.2315496890002, 33.617211], [130.14318044100003, 33.59347380200012], [130.12680102500008, 33.5100446940001], [130.0448432810001, 33.496135198000104], [129.97072538300006, 33.4547755590001], [129.92951089500025, 33.53683655900005], [129.85093333300017, 33.55640777500008], [129.83579666700007, 33.47628500000013], [129.8686763940002, 33.39987277500006], [129.84352116700006, 33.32353033300018], [129.77596782100022, 33.37169736000004], [129.69681464300027, 33.353958288000115], [129.61824832700006, 33.36967527900015], [129.5910191700002, 33.29104491900017], [129.55458581100004, 33.21918346800004], [129.63436138800023, 33.19591925200018], [129.6980880030003, 33.142503224999984], [129.78303744500022, 33.14357141400018], [129.81257557700008, 33.06786095500013], [129.89289888500002, 33.056769441000085], [129.94810265900003, 32.99619233300007], [129.9488074840002, 32.908266495000134], [130.00495399500016, 32.840473973000144], [129.92728199700002, 32.85990044100009], [129.8490398570002, 32.841697225000075], [129.80448966300003, 32.908751694000046], [129.81065022000007, 32.99243186500013], [129.73160138800006, 33.00561249500004], [129.7103747210001, 33.08808638700009], [129.646939728, 33.037421946], [129.63152472100023, 32.95861249500001], [129.67438580300006, 32.884425823000186], [129.7265086120002, 32.82030891900001], [129.7947007260002, 32.77830419800006], [129.87068643300017, 32.748704387000146], [129.80535635500019, 32.690880892000166], [129.78852930000005, 32.61193808100012], [129.8628754990001, 32.645283198000186], [129.9160629180002, 32.705524081000135], [129.9717240340001, 32.764188973000046], [130.05505923500004, 32.780385523000064], [130.13521728900014, 32.789797991000114], [130.20788489000017, 32.75266998200004], [130.1584221920001, 32.68542782900005], [130.1739659660002, 32.602810865000095], [130.25528249, 32.62867775700016], [130.3278750060001, 32.66365485600005], [130.36963377400002, 32.7351622700001], [130.36325094100016, 32.815798902000154], [130.30651954600012, 32.87664105400006], [130.22466053200014, 32.86033830600013], [130.1529674320002, 32.899125991], [130.2100133050003, 32.956516507000174], [130.17767639400006, 33.03018555900019], [130.12921202300015, 33.09410827900007], [130.19007255500014, 33.1460786670001], [130.24642972800007, 33.202901198], [130.30648871600022, 33.146085946000085], [130.3881412840002, 33.111457532000145], [130.41927403400007, 33.03609794600004], [130.43989837900006, 32.93371159500009], [130.5081474450003, 32.88958506300003], [130.578889053, 32.84148089200005], [130.6037272760002, 32.75664174800005], [130.55403507100027, 32.68786573900013], [130.4770190050001, 32.64040019700019], [130.55704243800017, 32.62496726100011], [130.64062625200006, 32.63791782000004], [130.5839190920001, 32.56948860400013], [130.54440645900013, 32.49860565800009], [130.54549617400016, 32.41805834200011], [130.48641268500035, 32.35965963100011], [130.46578250300013, 32.28179908100009], [130.3989414790002, 32.228390514000125], [130.36327629100015, 32.152194189], [130.28371221800023, 32.109848198000066], [130.20313610900007, 32.12004222500019], [130.2033826070001, 32.0383897210001], [130.21678944200005, 31.947703874000126], [130.2030125030002, 31.868168748000073], [130.16613527900017, 31.79441130600003], [130.23122, 31.738215559000025], [130.29488910500015, 31.67872236000011], [130.33499861200016, 31.57904805400011], [130.30626444900008, 31.476586387000168], [130.25110221800003, 31.412039721000156], [130.17095133600014, 31.420258135000154], [130.20782749700015, 31.34910110800007], [130.2285122180001, 31.27083833300003], [130.31524311300007, 31.25772374800016], [130.39528583700007, 31.25346582900005], [130.48625805400025, 31.23712944100015], [130.53020221800023, 31.163433333000057], [130.60780166000018, 31.183307775000117], [130.65717972800007, 31.256862495000064], [130.59048555100014, 31.302871667000147], [130.54613347600014, 31.37444874800019], [130.51627291800003, 31.45069077500017], [130.54400900100006, 31.533465586000148], [130.5756304150001, 31.614280279000127], [130.61116083000013, 31.687160279000068], [130.6850318290002, 31.73486772100017], [130.76686616100005, 31.707956721000187], [130.8184131910001, 31.645057919000124], [130.77744917000007, 31.572876108000173], [130.70166428000016, 31.614718829000026], [130.61165661500002, 31.609097252000026], [130.66977849500006, 31.552648198000156], [130.69851221800013, 31.461734440999976], [130.76567889800003, 31.40764794600011], [130.80351898800006, 31.332731622000097], [130.78856644600012, 31.252564586000176], [130.75898666700004, 31.16851110800019], [130.6994597280002, 31.09982], [130.67215972800022, 31.02439694600008], [130.74779538300015, 31.060915973000192], [130.8270576100001, 31.088523078000094], [130.9155216600003, 31.112916946000155], [130.97775360600008, 31.168880279000064], [131.03543861200012, 31.225728892000063], [131.1110238910003, 31.261769162000064], [131.08242944200003, 31.33653777500018], [131.01918166000007, 31.390752495000072], [131.07347717900018, 31.45468677100007], [131.15336499400019, 31.467449162000037], [131.22655083000006, 31.431606667000153], [131.29466639400005, 31.389265], [131.36688291200016, 31.424812363000058], [131.37340002600013, 31.506095225000138], [131.4010973280001, 31.581999559000167], [131.45618639400004, 31.641276667000056], [131.46823055800007, 31.72089638700004], [131.47203861200023, 31.80319610800018], [131.4574566670001, 31.883224279000103], [131.50301119300002, 32.038024468000174], [131.53714335900008, 32.123406162000094], [131.5627454470001, 32.21688813500015], [131.59823345000018, 32.31792810800005], [131.6435498310001, 32.40775186500008], [131.67846937800016, 32.41835077500008]], [[131.6899078800003, 32.511357360000034], [131.6899078800003, 32.511357360000034]], [[131.99304110900016, 32.919828126000084], [131.99304110900016, 32.919828126000084]], [[132.06714188800004, 32.946156527000085], [132.06714188800004, 32.946156527000085]], [[131.82522176400005, 33.122469307000074], [131.82522176400005, 33.122469307000074]], [[131.4974741640001, 33.32720403200011], [131.4974741640001, 33.32720403200011]], [[131.37188092700012, 33.577043401000026], [131.37188092700012, 33.577043401000026]], [[131.14058718600006, 33.626012973000115], [131.14058718600006, 33.626012973000115]], [[131.0351973930001, 33.70272526600013], [131.0351973930001, 33.70272526600013]], [[130.41316289300005, 33.61864456800015], [130.41316289300005, 33.61864456800015]], [[129.83651640900018, 33.449195223], [129.83651640900018, 33.449195223]], [[129.83668360000001, 33.44766853300018], [129.83668360000001, 33.44766853300018]], [[130.6055029910001, 32.74528950500019], [130.6055029910001, 32.74528950500019]], [[130.4770190050001, 32.64040019700019], [130.4770190050001, 32.64040019700019]], [[130.6757220940001, 31.55150005400003], [130.6757220940001, 31.55150005400003]], [[130.57268123200004, 32.434875865000095], [130.57268123200004, 32.434875865000095]]], [[[131.72937719200002, 32.4652376790001], [131.72937719200002, 32.4652376790001]]], [[[131.67058980900003, 32.46692775700018], [131.67058980900003, 32.46692775700018]]], [[[139.779896118, 32.45865713000018], [139.779896118, 32.45865713000018]]], [[[131.70352525800013, 32.475004423000144], [131.70352525800013, 32.475004423000144]]], [[[130.5019845390002, 32.48903026900018], [130.5019845390002, 32.48903026900018]]], [[[130.5104469390002, 32.49069427000006], [130.5104469390002, 32.49069427000006]]], [[[130.19242221800027, 32.4968192340001], [130.19242221800027, 32.4968192340001]]], [[[131.71132423500012, 32.5160361400001], [131.71132423500012, 32.5160361400001]]], [[[130.04241612900023, 32.52869157400005], [130.04241612900023, 32.52869157400005]]], [[[130.4296405580003, 32.52895651400007], [130.4296405580003, 32.52895651400007]]], [[[130.41788447500005, 32.529226838000056], [130.41788447500005, 32.529226838000056]]], [[[130.43592783400004, 32.47026473000011], [130.3681474970001, 32.51329582900007], [130.28822722500013, 32.48733416200008], [130.210775785, 32.45288626100012], [130.2785874970001, 32.40592138700015], [130.35631821000004, 32.37701482900013], [130.4192161090001, 32.42937842300017], [130.43592783400004, 32.47026473000011]], [[130.3481221530002, 32.41992924400017], [130.3481221530002, 32.41992924400017]]], [[[130.37404083, 32.528616108000165], [130.37404083, 32.528616108000165]]], [[[130.4297028220003, 32.53093576099997], [130.4297028220003, 32.53093576099997]]], [[[130.5263741120002, 32.53247376600012], [130.5263741120002, 32.53247376600012]]], [[[130.43487793800023, 32.53340886100017], [130.43487793800023, 32.53340886100017]]], [[[130.42177438400017, 32.53613730600006], [130.42177438400017, 32.53613730600006]]], [[[130.435262114, 32.53634318000019], [130.435262114, 32.53634318000019]]], [[[130.41375819100006, 32.538919512], [130.41375819100006, 32.538919512]]], [[[130.43487793800023, 32.53340886100017], [130.43487793800023, 32.53340886100017]]], [[[130.43748107700003, 32.540586314999985], [130.43748107700003, 32.540586314999985]]], [[[130.40297632300008, 32.54373868000016], [130.40297632300008, 32.54373868000016]]], [[[130.19756555100014, 32.54034749500016], [130.19756555100014, 32.54034749500016]]], [[[130.4242616460001, 32.54340004500011], [130.4242616460001, 32.54340004500011]], [[130.42579648600008, 32.543644968000024], [130.42579648600008, 32.543644968000024]]], [[[130.39411625200034, 32.544483414000126], [130.39411625200034, 32.544483414000126]]], [[[130.19242221800027, 32.4968192340001], [130.12728446200003, 32.546509739000044], [130.05322688400008, 32.51599804200009], [130.01806555100018, 32.43922110799997], [129.9773403370001, 32.36258601600008], [130.03697972800012, 32.304999162], [129.97392778200015, 32.25509861300009], [130.02240856000003, 32.18864723399997], [130.0829898830002, 32.2426569910001], [130.1514374970002, 32.28575472100016], [130.20680791200004, 32.34810480700014], [130.21074211400014, 32.42814540500012], [130.19242221800027, 32.4968192340001]]], [[[130.11495888500008, 32.55321555900008], [130.11495888500008, 32.55321555900008]]], [[[128.89110972800006, 32.5580674950001], [128.89110972800006, 32.5580674950001]]], [[[130.4605388140003, 32.55952103100009], [130.4605388140003, 32.55952103100009]]], [[[130.45523108900022, 32.56250058600017], [130.45523108900022, 32.56250058600017]]], [[[130.4534071080002, 32.56576233300012], [130.4534071080002, 32.56576233300012]]], [[[129.78519940400008, 32.566830433000064], [129.78519940400008, 32.566830433000064]]], [[[129.78523739900015, 32.57083599000009], [129.78523739900015, 32.57083599000009]]], [[[128.9055288850002, 32.571249162000186], [128.9055288850002, 32.571249162000186]]], [[[130.4571173810001, 32.57194094800019], [130.4571173810001, 32.57194094800019]]], [[[128.7263725030001, 32.57893694600011], [128.7263725030001, 32.57893694600011]]], [[[129.78666102500017, 32.57817466700004], [129.78666102500017, 32.57817466700004]]], [[[128.7231440270001, 32.579039027000135], [128.7231440270001, 32.579039027000135]]], [[[130.38973160800015, 32.58679625200011], [130.38973160800015, 32.58679625200011]]], [[[130.46524951100025, 32.55319791600016], [130.46524951100025, 32.55319791600016]], [[130.46827445500003, 32.585882969000124], [130.46827445500003, 32.585882969000124]]], [[[130.4587056480002, 32.58702585100019], [130.4587056480002, 32.58702585100019]]], [[[130.37559335900016, 32.58825494600018], [130.37559335900016, 32.58825494600018]]], [[[128.66149277600016, 32.58775861300006], [128.66149277600016, 32.58775861300006]]], [[[128.90344778200006, 32.587859162000086], [128.90344778200006, 32.587859162000086]]], [[[130.4735224640001, 32.59334909000012], [130.4735224640001, 32.59334909000012]]], [[[128.9064444490001, 32.593982495000034], [128.9064444490001, 32.593982495000034]]], [[[128.92621796400022, 32.596612122000124], [128.92621796400022, 32.596612122000124]]], [[[130.44843137500015, 32.598210613000106], [130.44843137500015, 32.598210613000106]]], [[[128.79038354100032, 32.602124329000105], [128.79038354100032, 32.602124329000105]]], [[[128.8329530420001, 32.60529622600012], [128.8329530420001, 32.60529622600012]]], [[[130.34373664100008, 32.603662640000096], [130.34373664100008, 32.603662640000096]]], [[[130.48969073900014, 32.58496077900003], [130.48969073900014, 32.58496077900003]]], [[[131.7633534280003, 32.61326972000012], [131.7633534280003, 32.61326972000012]]], [[[130.50541229600003, 32.613312099000154], [130.50541229600003, 32.613312099000154]]], [[[128.781969913, 32.616795089], [128.781969913, 32.616795089]]], [[[128.77814417000025, 32.621313613000154], [128.77814417000025, 32.621313613000154]]], [[[128.77814417000025, 32.621313613000154], [128.77814417000025, 32.621313613000154]]], [[[130.4587056480002, 32.58702585100019], [130.4587056480002, 32.58702585100019]], [[130.42231409900012, 32.60982843000011], [130.42231409900012, 32.60982843000011]], [[130.41092608300005, 32.551706121999985], [130.41092608300005, 32.551706121999985]], [[130.4394175880003, 32.55528809000009], [130.4394175880003, 32.55528809000009]]], [[[130.44895937700016, 32.62558715300008], [130.44895937700016, 32.62558715300008]]], [[[129.73745446400005, 32.62593986900009], [129.73745446400005, 32.62593986900009]]], [[[129.74710352800003, 32.632341667000105], [129.74710352800003, 32.632341667000105]]], [[[129.79874372200004, 32.6482404140001], [129.79874372200004, 32.6482404140001]]], [[[130.290648282, 32.65060845900018], [130.290648282, 32.65060845900018]]], [[[131.82308973400006, 32.65327580800016], [131.82308973400006, 32.65327580800016]]], [[[129.79748634800012, 32.657612945000096], [129.79748634800012, 32.657612945000096]]], [[[128.6507311150001, 32.66362472100013], [128.6507311150001, 32.66362472100013]]], [[[129.7574533720001, 32.66697630700014], [129.7574533720001, 32.66697630700014]]], [[[131.81176291200006, 32.658782915000074], [131.81176291200006, 32.658782915000074]]], [[[128.63555944200004, 32.67905055900013], [128.63555944200004, 32.67905055900013]]], [[[131.80754861200023, 32.684100829000045], [131.80754861200023, 32.684100829000045]]], [[[131.83435610900005, 32.68458082900014], [131.83435610900005, 32.68458082900014]]], [[[131.84745027200017, 32.68201305400004], [131.84745027200017, 32.68201305400004]]], [[[131.84609791900004, 32.688921942000036], [131.84609791900004, 32.688921942000036]]], [[[129.83232236100002, 32.69092227900012], [129.83232236100002, 32.69092227900012]]], [[[130.56309677000002, 32.69479764900012], [130.56309677000002, 32.69479764900012]]], [[[129.7739742240002, 32.70131280900006], [129.7739742240002, 32.70131280900006]]], [[[129.81470022000008, 32.7023846670001], [129.81470022000008, 32.7023846670001]]], [[[128.89910499400003, 32.70709861300003], [128.89910499400003, 32.70709861300003]]], [[[129.7739742240002, 32.70131280900006], [129.7739742240002, 32.70131280900006]]], [[[131.8654278780001, 32.71572392200005], [131.8654278780001, 32.71572392200005]]], [[[129.83223883300002, 32.71555346800017], [129.83223883300002, 32.71555346800017]]], [[[129.82667255800004, 32.71705339700003], [129.82667255800004, 32.71705339700003]]], [[[128.85865499400006, 32.713906387000065], [128.85865499400006, 32.713906387000065]]], [[[129.81755066800008, 32.71833818100009], [129.81755066800008, 32.71833818100009]]], [[[131.93400005900003, 32.71774957200017], [131.93400005900003, 32.71774957200017]]], [[[131.9324669980001, 32.718032074000064], [131.9324669980001, 32.718032074000064]]], [[[129.81278988300005, 32.71984638700019], [129.81278988300005, 32.71984638700019]]], [[[128.85568832700017, 32.721969721], [128.85568832700017, 32.721969721]]], [[[131.92974459800007, 32.723275514000136], [131.92974459800007, 32.723275514000136]]], [[[128.96239194600014, 32.72960055900006], [128.96239194600014, 32.72960055900006]]], [[[128.86262778200012, 32.729254721000075], [128.86262778200012, 32.729254721000075]]], [[[128.60603448000018, 32.74075642700012], [128.60603448000018, 32.74075642700012]]], [[[132.49017389100015, 32.7370369460001], [132.49017389100015, 32.7370369460001]]], [[[128.77555027200003, 32.741704441000024], [128.77555027200003, 32.741704441000024]]], [[[128.95196972800022, 32.744851667000034], [128.95196972800022, 32.744851667000034]]], [[[132.60415055800001, 32.74499055900014], [132.60415055800001, 32.74499055900014]]], [[[128.87814015900017, 32.74362382700002], [128.87814015900017, 32.74362382700002]]], [[[128.95244985800014, 32.749817157000166], [128.95244985800014, 32.749817157000166]]], [[[128.842537224, 32.753269162000095], [128.842537224, 32.753269162000095]]], [[[129.9991809730002, 32.75442446800008], [129.9991809730002, 32.75442446800008]]], [[[132.55053221800006, 32.75012805400007], [132.55053221800006, 32.75012805400007]]], [[[130.00715216600008, 32.75190136000003], [130.00715216600008, 32.75190136000003]]], [[[132.6272094420001, 32.755751108000084], [132.6272094420001, 32.755751108000084]]], [[[128.95235363200015, 32.754745207999974], [128.95235363200015, 32.754745207999974]]], [[[130.59446265900021, 32.76137822499999], [130.59446265900021, 32.76137822499999]]], [[[129.966309883, 32.760126306000075], [129.966309883, 32.760126306000075]]], [[[128.74458777600023, 32.762364791000095], [128.74458777600023, 32.762364791000095]]], [[[130.04116944200018, 32.75935249500009], [130.04116944200018, 32.75935249500009]]], [[[130.03193046100023, 32.763972816000035], [130.03193046100023, 32.763972816000035]]], [[[130.5929759270001, 32.768674631000124], [130.5929759270001, 32.768674631000124]]], [[[132.62926343900017, 32.77223592400014], [132.62926343900017, 32.77223592400014]]], [[[130.37994762000005, 32.773655604000055], [130.37994762000005, 32.773655604000055]]], [[[130.37852525300025, 32.773839613000064], [130.37852525300025, 32.773839613000064]]], [[[128.96520546000022, 32.76154103100015], [128.96520546000022, 32.76154103100015]]], [[[132.7278711150002, 32.778269441000134], [132.7278711150002, 32.778269441000134]]], [[[130.38193898800034, 32.77849311700015], [130.38193898800034, 32.77849311700015]]], [[[131.92349143700005, 32.770537384000136], [131.92349143700005, 32.770537384000136]]], [[[132.90094639400013, 32.780985828999974], [132.90094639400013, 32.780985828999974]]], [[[132.72380437900028, 32.78429513500009], [132.72380437900028, 32.78429513500009]]], [[[132.8580265500002, 32.78375325200011], [132.8580265500002, 32.78375325200011]]], [[[130.38001617400005, 32.784509252000134], [130.38001617400005, 32.784509252000134]]], [[[132.9979557590001, 32.78746887400001], [132.9979557590001, 32.78746887400001]]], [[[129.00562236100006, 32.75450332900016], [129.00562236100006, 32.75450332900016]]], [[[128.9260147120001, 32.79117662900012], [128.9260147120001, 32.79117662900012]]], [[[129.76281024100012, 32.79236576500011], [129.76281024100012, 32.79236576500011]]], [[[128.92596166000033, 32.79342138700008], [128.92596166000033, 32.79342138700008]]], [[[128.83673877, 32.75461361600014], [128.75776666700006, 32.76906610800006], [128.6774036060001, 32.77866110800011], [128.65692311300018, 32.70071786500006], [128.64220639400003, 32.618945829000154], [128.72841828800017, 32.607521045000055], [128.79730250300008, 32.65243889200019], [128.88251472100023, 32.639585000000125], [128.84080936400005, 32.709226000000115], [128.83673877, 32.75461361600014]]], [[[132.48838360600007, 32.806725], [132.48838360600007, 32.806725]]], [[[128.93226841400008, 32.80240660400017], [128.93226841400008, 32.80240660400017]]], [[[128.680511388, 32.81036249500005], [128.680511388, 32.81036249500005]]], [[[128.94804653100005, 32.810204307000106], [128.94804653100005, 32.810204307000106]]], [[[128.89619888500022, 32.82609722500007], [128.89619888500022, 32.82609722500007]]], [[[129.00370888500004, 32.832482225000035], [129.00370888500004, 32.832482225000035]]], [[[128.83951722500012, 32.77787694600005], [128.83951722500012, 32.77787694600005]]], [[[129.0383037270003, 32.84565575000016], [129.0383037270003, 32.84565575000016]]], [[[129.03873874900012, 32.850549442000045], [129.03873874900012, 32.850549442000045]]], [[[129.00266221800018, 32.85576610800001], [129.00266221800018, 32.85576610800001]]], [[[129.04717769800016, 32.86194397800011], [129.04717769800016, 32.86194397800011]]], [[[129.0324202720002, 32.868654720999984], [129.0324202720002, 32.868654720999984]]], [[[129.8273372240003, 32.86762805400008], [129.8273372240003, 32.86762805400008]]], [[[129.63162503500018, 32.86876243000012], [129.63162503500018, 32.86876243000012]]], [[[129.56850061000023, 32.86922725200003], [129.56850061000023, 32.86922725200003]]], [[[129.5593777040001, 32.86643378700012], [129.5593777040001, 32.86643378700012]]], [[[129.8048918420002, 32.87082112600012], [129.8048918420002, 32.87082112600012]]], [[[128.94112805400005, 32.87128527900006], [128.94112805400005, 32.87128527900006]]], [[[129.92962289200022, 32.87219905400008], [129.92962289200022, 32.87219905400008]]], [[[128.90674444900003, 32.87501666700007], [128.90674444900003, 32.87501666700007]]], [[[129.80293705600013, 32.87894477499998], [129.80293705600013, 32.87894477499998]]], [[[132.03501778200007, 32.88087500000012], [132.03501778200007, 32.88087500000012]]], [[[129.0360394420003, 32.87215582900012], [129.0360394420003, 32.87215582900012]]], [[[129.05740333300002, 32.884337495000125], [129.05740333300002, 32.884337495000125]]], [[[128.94804653100005, 32.810204307000106], [128.8950005580001, 32.878382225000166], [128.93885555100007, 32.81093694600008], [128.94804653100005, 32.810204307000106]]], [[[132.02550832700013, 32.88895416200012], [132.02550832700013, 32.88895416200012]]], [[[129.60211885900026, 32.891175559000146], [129.60211885900026, 32.891175559000146]]], [[[129.83945472100004, 32.889655559000175], [129.83945472100004, 32.889655559000175]]], [[[129.04895499400027, 32.89038277500009], [129.04895499400027, 32.89038277500009]]], [[[129.85744144000012, 32.89403461300009], [129.85744144000012, 32.89403461300009]]], [[[128.91752610900005, 32.89562277500005], [128.91752610900005, 32.89562277500005]]], [[[128.94735805400035, 32.89787333300012], [128.94735805400035, 32.89787333300012]]], [[[129.94330491600022, 32.90342180200008], [129.94330491600022, 32.90342180200008]]], [[[129.03459499400014, 32.909639162000076], [129.03459499400014, 32.909639162000076]]], [[[132.55244055800006, 32.911729414000035], [132.55244055800006, 32.911729414000035]]], [[[132.5638406070001, 32.910329403000105], [132.5638406070001, 32.910329403000105]]], [[[132.5388739140002, 32.91187863200014], [132.5388739140002, 32.91187863200014]]], [[[128.96699832700017, 32.91132500000015], [128.96699832700017, 32.91132500000015]]], [[[132.04679958500014, 32.917662496000105], [132.04679958500014, 32.917662496000105]]], [[[129.0458105580002, 32.918604162000065], [129.0458105580002, 32.918604162000065]]], [[[132.70255329400015, 32.91847683400016], [132.70255329400015, 32.91847683400016]]], [[[132.66066194600023, 32.91677138700004], [132.66066194600023, 32.91677138700004]]], [[[132.04679958500014, 32.917662496000105], [132.04679958500014, 32.917662496000105]]], [[[132.66443444900017, 32.92070694600011], [132.66443444900017, 32.92070694600011]]], [[[132.7039716600001, 32.922534441000096], [132.7039716600001, 32.922534441000096]]], [[[132.04594501700012, 32.920025711000164], [132.04594501700012, 32.920025711000164]]], [[[129.11598000000015, 32.92302055900018], [129.11598000000015, 32.92302055900018]]], [[[129.19169822200013, 32.92463266000004], [129.19169822200013, 32.92463266000004]]], [[[128.9371870450002, 32.92574851900008], [128.9371870450002, 32.92574851900008]]], [[[132.69403574600005, 32.92317666700012], [132.69403574600005, 32.92317666700012]]], [[[132.42711027200016, 32.927209162000054], [132.42711027200016, 32.927209162000054]]], [[[129.9039936580001, 32.92908564900017], [129.9039936580001, 32.92908564900017]]], [[[129.63447115400004, 32.93049798700014], [129.63447115400004, 32.93049798700014]]], [[[132.4325574970003, 32.92925722500013], [132.4325574970003, 32.92925722500013]]], [[[128.9626745070001, 32.91784268500004], [128.9626745070001, 32.91784268500004]]], [[[129.02388998100002, 32.90328666700003], [129.02388998100002, 32.90328666700003]], [[129.02388998100002, 32.90328666700003], [129.02388998100002, 32.90328666700003]]], [[[132.41179722400022, 32.934857495000074], [132.41179722400022, 32.934857495000074]]], [[[129.1164408300001, 32.935028892000105], [129.1164408300001, 32.935028892000105]]], [[[132.40334541500022, 32.933606388000044], [132.40334541500022, 32.933606388000044]]], [[[129.59822091000024, 32.946720133000156], [129.59822091000024, 32.946720133000156]]], [[[129.6319126720001, 32.94732513500014], [129.6319126720001, 32.94732513500014]]], [[[129.59822091000024, 32.946720133000156], [129.59822091000024, 32.946720133000156]]], [[[132.43562444300005, 32.939582261], [132.43562444300005, 32.939582261]]], [[[129.10320516900003, 32.95540901400011], [129.10320516900003, 32.95540901400011]]], [[[130.22306527900002, 32.96013446800009], [130.22306527900002, 32.96013446800009]]], [[[129.8093235890001, 32.96038126600007], [129.8093235890001, 32.96038126600007]]], [[[129.81229740600008, 32.96384448700019], [129.81229740600008, 32.96384448700019]]], [[[128.97742829100014, 32.94835049500006], [128.97742829100014, 32.94835049500006]]], [[[129.81229740600008, 32.96384448700019], [129.81229740600008, 32.96384448700019]]], [[[132.54207907900025, 32.96619530600009], [132.54207907900025, 32.96619530600009]]], [[[131.95886416300027, 32.97083082900008], [131.95886416300027, 32.97083082900008]]], [[[132.07509691300004, 32.976441671000146], [132.07509691300004, 32.976441671000146]]], [[[132.07509691300004, 32.976441671000146], [132.07509691300004, 32.976441671000146]]], [[[132.07507277600007, 32.979303892000075], [132.07507277600007, 32.979303892000075]]], [[[132.06982832000017, 32.984514537000166], [132.06982832000017, 32.984514537000166]]], [[[129.01932166000017, 32.98694222500012], [129.01932166000017, 32.98694222500012]]], [[[129.12192144000005, 32.99049391900019], [129.12192144000005, 32.99049391900019]]], [[[129.0270777820001, 32.97678555900018], [129.0270777820001, 32.97678555900018]]], [[[131.95666924600016, 32.99344314000007], [131.95666924600016, 32.99344314000007]]], [[[129.82036469500008, 32.99562655900013], [129.82036469500008, 32.99562655900013]]], [[[129.10268221800004, 32.99485889200014], [129.10268221800004, 32.99485889200014]]], [[[129.232037224, 32.9962894410001], [129.232037224, 32.9962894410001]]], [[[129.74729083700015, 32.99939352700005], [129.74729083700015, 32.99939352700005]]], [[[129.7436947210001, 32.998915559000125], [129.7436947210001, 32.998915559000125]]], [[[129.74122832700016, 32.99804194600006], [129.74122832700016, 32.99804194600006]]], [[[129.25984221800002, 33.00171138700017], [129.25984221800002, 33.00171138700017]]], [[[129.74729083700015, 32.99939352700005], [129.74729083700015, 32.99939352700005]]], [[[129.81579306100002, 33.004582225000036], [129.81579306100002, 33.004582225000036]]], [[[129.54494555100018, 33.00839305400012], [129.54494555100018, 33.00839305400012]]], [[[129.5363886120001, 33.01033777500004], [129.5363886120001, 33.01033777500004]]], [[[133.0111308050001, 33.012875856000164], [133.0111308050001, 33.012875856000164]]], [[[129.03185, 33.013668333000055], [129.03185, 33.013668333000055]]], [[[131.91257527900018, 33.009729721000156], [131.91257527900018, 33.009729721000156]]], [[[131.93540361200007, 32.997952207000026], [131.93540361200007, 32.997952207000026]]], [[[132.38223180300008, 33.01618708100011], [132.38223180300008, 33.01618708100011]]], [[[129.19112166000002, 33.01972527900011], [129.19112166000002, 33.01972527900011]]], [[[129.35504972800004, 33.02023833300012], [129.35504972800004, 33.02023833300012]]], [[[129.43345166000017, 33.021849721000024], [129.43345166000017, 33.021849721000024]]], [[[129.18592972800013, 33.021467495000024], [129.18592972800013, 33.021467495000024]]], [[[129.24720389100014, 33.019015559000024], [129.24720389100014, 33.019015559000024]]], [[[129.15781444900006, 33.02475444100003], [129.15781444900006, 33.02475444100003]]], [[[129.56422583100004, 33.0293625], [129.56422583100004, 33.0293625]]], [[[132.4533351360002, 33.031336], [132.4533351360002, 33.031336]]], [[[129.7550902720002, 33.0303094410001], [129.7550902720002, 33.0303094410001]]], [[[129.16320221800004, 33.03355694600015], [129.16320221800004, 33.03355694600015]]], [[[129.75903083000014, 33.033607495000126], [129.75903083000014, 33.033607495000126]]], [[[129.90746983100018, 33.03776969400019], [129.90746983100018, 33.03776969400019]]], [[[129.63762452700007, 33.04089183800005], [129.63762452700007, 33.04089183800005]]], [[[129.1085386120002, 33.05220305400019], [129.1085386120002, 33.05220305400019]]], [[[129.81875673200022, 33.05271345000011], [129.81875673200022, 33.05271345000011]]], [[[129.86938840500022, 33.05894376600014], [129.86938840500022, 33.05894376600014]]], [[[129.6479155510002, 33.06039416200002], [129.6479155510002, 33.06039416200002]]], [[[129.78841466400002, 33.06073753300012], [129.78841466400002, 33.06073753300012]]], [[[129.6443694420003, 33.062327775000085], [129.6443694420003, 33.062327775000085]]], [[[129.5671111150001, 33.06529777500015], [129.5671111150001, 33.06529777500015]]], [[[129.6246342510002, 33.035514572000125], [129.6246342510002, 33.035514572000125]]], [[[129.80105361200003, 33.068184221000024], [129.80105361200003, 33.068184221000024]]], [[[131.95366224500015, 33.07060973400007], [131.95366224500015, 33.07060973400007]]], [[[133.11597988300002, 33.07184970300011], [133.11597988300002, 33.07184970300011]]], [[[129.7835537220002, 33.075801892000186], [129.7835537220002, 33.075801892000186]]], [[[133.1185510250001, 33.07750207200013], [133.1185510250001, 33.07750207200013]]], [[[132.35027741900012, 33.105166027000166], [132.35027741900012, 33.105166027000166]]], [[[131.8959228020003, 33.10165097300012], [131.8959228020003, 33.10165097300012]]], [[[132.32836169400002, 33.10406297700018], [132.32836169400002, 33.10406297700018]]], [[[132.00634199800015, 33.099651873000084], [132.00634199800015, 33.099651873000084]]], [[[132.4221661350001, 33.11380030600003], [132.4221661350001, 33.11380030600003]]], [[[129.09463610900013, 33.11529916200004], [129.09463610900013, 33.11529916200004]]], [[[129.75529744500022, 33.132466252000086], [129.75529744500022, 33.132466252000086]]], [[[129.67671250000012, 33.134383813], [129.67671250000012, 33.134383813]]], [[[129.67972411200026, 33.135601987000086], [129.67972411200026, 33.135601987000086]]], [[[129.6648412190001, 33.13573997300017], [129.6648412190001, 33.13573997300017]]], [[[139.68742111500035, 33.13597416200008], [139.68742111500035, 33.13597416200008]]], [[[129.13532730000009, 33.132133928000144], [129.13532730000009, 33.132133928000144]]], [[[129.6795252620002, 33.136663125000155], [129.6795252620002, 33.136663125000155]]], [[[129.6639373280001, 33.14136958600011], [129.6639373280001, 33.14136958600011]]], [[[129.65445664100014, 33.14192672100012], [129.65445664100014, 33.14192672100012]]], [[[129.78787598600002, 33.13826760800009], [129.73946508400002, 33.07160227900005], [129.79586038900015, 33.13228066700009], [129.78787598600002, 33.13826760800009]]], [[[131.861988171, 33.140221225], [131.861988171, 33.140221225]]], [[[129.67972411200026, 33.135601987000086], [129.67972411200026, 33.135601987000086]]], [[[129.65074861200003, 33.145954387000074], [129.65074861200003, 33.145954387000074]]], [[[129.66670594000016, 33.147130054000115], [129.66670594000016, 33.147130054000115]]], [[[129.546418495, 33.14938000000012], [129.546418495, 33.14938000000012]]], [[[129.66549719800014, 33.15277386499997], [129.66549719800014, 33.15277386499997]]], [[[129.67250150200005, 33.154058811000084], [129.67250150200005, 33.154058811000084]]], [[[128.9036630610002, 33.15494861300016], [128.9036630610002, 33.15494861300016]]], [[[129.67250150200005, 33.154058811000084], [129.67250150200005, 33.154058811000084]]], [[[139.80492111600006, 33.131757789000176], [139.83260333300018, 33.04527755900011], [139.81828316500014, 33.12425990100007], [139.80492111600006, 33.131757789000176]]], [[[131.980751305, 33.15980831100012], [131.980751305, 33.15980831100012]]], [[[132.32482712800015, 33.153893772], [132.32482712800015, 33.153893772]]], [[[129.6524341630003, 33.160065], [129.6524341630003, 33.160065]]], [[[129.66263045400012, 33.16142036500008], [129.66263045400012, 33.16142036500008]]], [[[129.67099420900013, 33.16191733300013], [129.67099420900013, 33.16191733300013]]], [[[129.63805116700007, 33.163185468], [129.63805116700007, 33.163185468]]], [[[129.6676389040001, 33.16274054100006], [129.6676389040001, 33.16274054100006]]], [[[132.28938528000003, 33.162897838], [132.28938528000003, 33.162897838]]], [[[129.10659978000012, 33.060674883000104], [129.11412722400019, 33.141772225000125], [129.08242988300003, 33.05893344100008], [129.0437758370001, 32.98644889200011], [129.0617033330002, 32.905869721000045], [129.04952827500006, 32.82591782000003], [129.08460972800003, 32.89871027900011], [129.14997596600017, 32.9575453600001], [129.08949632300016, 33.016580217000126], [129.10659978000012, 33.060674883000104]]], [[[129.6609175680003, 33.16556578000012], [129.6609175680003, 33.16556578000012]]], [[[129.6742703440002, 33.15858712600004], [129.6742703440002, 33.15858712600004]]], [[[128.9948458370003, 33.16550472100016], [128.9948458370003, 33.16550472100016]]], [[[132.39708719800012, 33.167582919000154], [132.39708719800012, 33.167582919000154]]], [[[129.6443765890001, 33.16927777500007], [129.6443765890001, 33.16927777500007]]], [[[129.6497625100002, 33.170717376000084], [129.6497625100002, 33.170717376000084]]], [[[131.9897536420002, 33.170998751000184], [131.9897536420002, 33.170998751000184]]], [[[129.52497068700018, 33.167814378], [129.52497068700018, 33.167814378]]], [[[128.9033747210001, 33.168305000000146], [128.9033747210001, 33.168305000000146]]], [[[129.03804055800015, 33.17444138700006], [129.03804055800015, 33.17444138700006]]], [[[129.0239541750002, 33.175102972], [129.0239541750002, 33.175102972]]], [[[131.83700782200003, 33.17845591800017], [131.83700782200003, 33.17845591800017]]], [[[129.33285861200022, 33.17837555900019], [129.33285861200022, 33.17837555900019]]], [[[129.05045961100018, 33.18071644100007], [129.05045961100018, 33.18071644100007]]], [[[129.04682194600002, 33.182757494999976], [129.04682194600002, 33.182757494999976]]], [[[132.39952215500023, 33.17971654900009], [132.39952215500023, 33.17971654900009]]], [[[132.28938528000003, 33.162897838], [132.28938528000003, 33.162897838]]], [[[129.017314972, 33.18499930300004], [129.017314972, 33.18499930300004]]], [[[129.05599928100003, 33.18289142900005], [129.05599928100003, 33.18289142900005]]], [[[129.07500000000016, 33.18526619800019], [129.07500000000016, 33.18526619800019]]], [[[129.34837291200006, 33.18230514000015], [129.34837291200006, 33.18230514000015]]], [[[132.37454716700006, 33.18264397600012], [132.37454716700006, 33.18264397600012]]], [[[129.062566349, 33.185874496000054], [129.062566349, 33.185874496000054]]], [[[132.27277558900005, 33.18662407500017], [132.27277558900005, 33.18662407500017]]], [[[129.61283237400005, 33.189074761000086], [129.61283237400005, 33.189074761000086]]], [[[129.34093555100014, 33.189103892000105], [129.34093555100014, 33.189103892000105]]], [[[129.03010333300006, 33.18656249500003], [129.03010333300006, 33.18656249500003]]], [[[132.26264361300002, 33.19039628200011], [132.26264361300002, 33.19039628200011]]], [[[129.6466059400001, 33.19183949500007], [129.6466059400001, 33.19183949500007]]], [[[129.35673067400012, 33.191397075000054], [129.35673067400012, 33.191397075000054]]], [[[129.35446577200025, 33.19242713500017], [129.35446577200025, 33.19242713500017]]], [[[128.99410693900006, 33.190965], [128.99410693900006, 33.190965]]], [[[129.59077822300003, 33.193861135000134], [129.59077822300003, 33.193861135000134]]], [[[129.61325841100006, 33.19334590600005], [129.61325841100006, 33.19334590600005]]], [[[129.6447470830002, 33.19415877300008], [129.6447470830002, 33.19415877300008]]], [[[128.92733324300002, 33.19465310100014], [128.92733324300002, 33.19465310100014]]], [[[129.34409944200002, 33.196996667000064], [129.34409944200002, 33.196996667000064]]], [[[129.61283237400005, 33.189074761000086], [129.61283237400005, 33.189074761000086]], [[129.60962574600012, 33.192912707], [129.60962574600012, 33.192912707]]], [[[129.60562377400026, 33.19739930600008], [129.60562377400026, 33.19739930600008]]], [[[129.5803771730001, 33.19838230600004], [129.5803771730001, 33.19838230600004]]], [[[129.61685160800005, 33.19812310800012], [129.61685160800005, 33.19812310800012]]], [[[129.5994969000003, 33.195308487000034], [129.5994969000003, 33.195308487000034]]], [[[132.4904035090001, 33.196399419000045], [132.4904035090001, 33.196399419000045]]], [[[129.6085843840001, 33.19977464000016], [129.6085843840001, 33.19977464000016]]], [[[129.58470614200007, 33.198042499999985], [129.58470614200007, 33.198042499999985]]], [[[129.58920968300015, 33.20160040600007], [129.58920968300015, 33.20160040600007]]], [[[129.50422333300003, 33.20375055900007], [129.50422333300003, 33.20375055900007]]], [[[132.49928286600004, 33.208333333000155], [132.49928286600004, 33.208333333000155]]], [[[129.59980574600013, 33.2068876670001], [129.59980574600013, 33.2068876670001]]], [[[132.3912250420002, 33.207996310000055], [132.3912250420002, 33.207996310000055]]], [[[129.34816291200013, 33.209360904000164], [129.34816291200013, 33.209360904000164]]], [[[129.02752574400006, 33.207331926000165], [129.02752574400006, 33.207331926000165]]], [[[129.57985138800007, 33.20903305400003], [129.57985138800007, 33.20903305400003]]], [[[129.13058055800013, 33.20431194600002], [129.13058055800013, 33.20431194600002]]], [[[129.5682077560001, 33.21477619800004], [129.5682077560001, 33.21477619800004]]], [[[129.05978191300005, 33.18698692800007], [129.05978191300005, 33.18698692800007]]], [[[132.49233231900018, 33.21984133400014], [132.49233231900018, 33.21984133400014]]], [[[132.36285659500015, 33.19898434700002], [132.36285659500015, 33.19898434700002]], [[132.36081376800018, 33.19715936100005], [132.36081376800018, 33.19715936100005]]], [[[129.13085199600005, 33.22117511000016], [129.13085199600005, 33.22117511000016]]], [[[129.13085199600005, 33.22117511000016], [129.13085199600005, 33.22117511000016]]], [[[129.54735408600004, 33.22807961300009], [129.54735408600004, 33.22807961300009]]], [[[129.0678693450002, 33.217146762000084], [129.0678693450002, 33.217146762000084]], [[129.0678693450002, 33.217146762000084], [129.0678693450002, 33.217146762000084]]], [[[129.55718367100008, 33.228458680000074], [129.55718367100008, 33.228458680000074]]], [[[132.36520141400013, 33.22596705400014], [132.36520141400013, 33.22596705400014]]], [[[129.54833531300017, 33.23096046100005], [129.54833531300017, 33.23096046100005]]], [[[129.56076440900006, 33.22728912600013], [129.56076440900006, 33.22728912600013]]], [[[129.5571704150002, 33.2361235140001], [129.5571704150002, 33.2361235140001]]], [[[132.47946175100003, 33.23819466700013], [132.47946175100003, 33.23819466700013]]], [[[131.89554447500018, 33.23824319800019], [131.89554447500018, 33.23824319800019]]], [[[129.34286527900008, 33.237468613000146], [129.34286527900008, 33.237468613000146]]], [[[129.41720888500015, 33.23980889200004], [129.41720888500015, 33.23980889200004]]], [[[132.53389588400023, 33.224671962000116], [132.53389588400023, 33.224671962000116]]], [[[129.0754082750001, 33.247842766000076], [129.0754082750001, 33.247842766000076]]], [[[129.55211080400034, 33.25065430600017], [129.55211080400034, 33.25065430600017]]], [[[129.14067994800018, 33.2507704950001], [129.14067994800018, 33.2507704950001]]], [[[129.3420072240001, 33.25174861300019], [129.3420072240001, 33.25174861300019]]], [[[129.55679586300016, 33.25395853200018], [129.55679586300016, 33.25395853200018]]], [[[131.59848544800002, 33.252409667000165], [131.59848544800002, 33.252409667000165]]], [[[129.56479257700005, 33.25423449900018], [129.56479257700005, 33.25423449900018]]], [[[129.5509365700002, 33.25950223000001], [129.5509365700002, 33.25950223000001]]], [[[129.5521835410001, 33.26130117600019], [129.5521835410001, 33.26130117600019]]], [[[129.0754082750001, 33.247842766000076], [129.0754082750001, 33.247842766000076]]], [[[129.56181511000023, 33.26337074800017], [129.56181511000023, 33.26337074800017]]], [[[129.5582478340001, 33.263112865000096], [129.5582478340001, 33.263112865000096]]], [[[129.55175241300026, 33.26168166700012], [129.55175241300026, 33.26168166700012]]], [[[134.15935081500004, 33.2677351530001], [134.15935081500004, 33.2677351530001]]], [[[129.5628984440001, 33.26743582900019], [129.5628984440001, 33.26743582900019]]], [[[129.56821690000015, 33.27574834700016], [129.56821690000015, 33.27574834700016]]], [[[131.94543243600015, 33.270794592000186], [131.94543243600015, 33.270794592000186]]], [[[131.95847204100016, 33.279404398000054], [131.95847204100016, 33.279404398000054]]], [[[129.57325269800026, 33.28003116200006], [129.57325269800026, 33.28003116200006]]], [[[129.49374841200006, 33.28302971199997], [129.49374841200006, 33.28302971199997]]], [[[129.51494972800015, 33.28154389200017], [129.51494972800015, 33.28154389200017]]], [[[129.56680013000005, 33.28842558600007], [129.56680013000005, 33.28842558600007]]], [[[129.56680013000005, 33.28842558600007], [129.56680013000005, 33.28842558600007]]], [[[129.58081472100002, 33.28954661299997], [129.58081472100002, 33.28954661299997]]], [[[129.57681671800015, 33.290176052000106], [129.57681671800015, 33.290176052000106]]], [[[129.51759944200035, 33.290619721000155], [129.51759944200035, 33.290619721000155]]], [[[129.41440728900034, 33.29256632000016], [129.41440728900034, 33.29256632000016]]], [[[129.8394369130002, 33.29639253200003], [129.8394369130002, 33.29639253200003]]], [[[129.50894416300002, 33.298585], [129.50894416300002, 33.298585]]], [[[129.17096028100013, 33.302075444000025], [129.17096028100013, 33.302075444000025]]], [[[129.135305, 33.29862420300003], [129.135305, 33.29862420300003]], [[129.1326790400002, 33.262114654000186], [129.1326790400002, 33.262114654000186]]], [[[129.58080792500004, 33.30627107200007], [129.58080792500004, 33.30627107200007]]], [[[129.43753455900003, 33.30962415400006], [129.43753455900003, 33.30962415400006]]], [[[132.4839844820002, 33.31501376000011], [132.4839844820002, 33.31501376000011]]], [[[129.43055499400032, 33.315112775000046], [129.43055499400032, 33.315112775000046]]], [[[129.83928761300012, 33.31842824800003], [129.83928761300012, 33.31842824800003]]], [[[132.37908622600003, 33.34571355900016], [132.37908622600003, 33.34571355900016]]], [[[133.32311661000017, 33.34757958400007], [133.32311661000017, 33.34757958400007]]], [[[129.82450277600026, 33.35297416200001], [129.82450277600026, 33.35297416200001]]], [[[129.82868722400008, 33.35007110800018], [129.82868722400008, 33.35007110800018]]], [[[133.310227445, 33.35871082900013], [133.310227445, 33.35871082900013]]], [[[129.8492230610001, 33.3596505590001], [129.8492230610001, 33.3596505590001]]], [[[132.40397058400015, 33.35909736000002], [132.40397058400015, 33.35909736000002]]], [[[133.3017530610001, 33.364220279000165], [133.3017530610001, 33.364220279000165]]], [[[132.38631622600008, 33.367762252000034], [132.38631622600008, 33.367762252000034]]], [[[129.56243945500023, 33.372863775000155], [129.56243945500023, 33.372863775000155]]], [[[132.3445319650001, 33.378717509000126], [132.3445319650001, 33.378717509000126]]], [[[129.59923312600017, 33.38279426999998], [129.59923312600017, 33.38279426999998]]], [[[129.858993606, 33.38546610800006], [129.858993606, 33.38546610800006]]], [[[129.854373333, 33.39034749500013], [129.854373333, 33.39034749500013]]], [[[129.77352375500016, 33.392162635000034], [129.77352375500016, 33.392162635000034]]], [[[129.52686833300015, 33.393302820000144], [129.52686833300015, 33.393302820000144]]], [[[132.34632700400005, 33.39520687400011], [132.34632700400005, 33.39520687400011]]], [[[132.33962517500004, 33.39915125200014], [132.33962517500004, 33.39915125200014]]], [[[129.78234778200022, 33.39926833300018], [129.78234778200022, 33.39926833300018]]], [[[129.86649402700004, 33.403022081000074], [129.86649402700004, 33.403022081000074]]], [[[129.85561864500005, 33.4043073200001], [129.85561864500005, 33.4043073200001]]], [[[129.51578138800005, 33.40404166700006], [129.51578138800005, 33.40404166700006]]], [[[129.67829832700033, 33.405511946000104], [129.67829832700033, 33.405511946000104]]], [[[129.77313389100004, 33.40677110799999], [129.77313389100004, 33.40677110799999]]], [[[131.63789508500008, 33.407990428000176], [131.63789508500008, 33.407990428000176]]], [[[129.49374841200006, 33.28302971199997], [129.54579285300008, 33.348697685000104], [129.4542936060002, 33.34869333300014], [129.41397242300002, 33.276245812000184], [129.39309166000032, 33.196957775000044], [129.468917497, 33.22387277500019], [129.49374841200006, 33.28302971199997]]], [[[129.85834930600015, 33.38156250000003], [129.85834930600015, 33.38156250000003]], [[129.82812242100022, 33.36441192500001], [129.82812242100022, 33.36441192500001]]], [[[129.53448610900023, 33.42270319400018], [129.53448610900023, 33.42270319400018]]], [[[129.6879772240003, 33.42171277500006], [129.6879772240003, 33.42171277500006]]], [[[129.71301306100008, 33.420915279000155], [129.71301306100008, 33.420915279000155]]], [[[129.53448610900023, 33.42270319400018], [129.53448610900023, 33.42270319400018]]], [[[132.3688100390002, 33.44036002700017], [132.3688100390002, 33.44036002700017]]], [[[135.78980347000004, 33.44120848699998], [135.78980347000004, 33.44120848699998]]], [[[129.43458778200022, 33.44068889200008], [129.4038036060001, 33.36365305400005], [129.43505277600013, 33.437356387000136], [129.43458778200022, 33.44068889200008]]], [[[135.78980347000004, 33.44120848699998], [135.78980347000004, 33.44120848699998]]], [[[133.444829442, 33.44684861300004], [133.444829442, 33.44684861300004]]], [[[135.82067279000012, 33.45115960200013], [135.82067279000012, 33.45115960200013]]], [[[129.51529894300018, 33.43134756800009], [129.51529894300018, 33.43134756800009]]], [[[129.84598889100016, 33.45516777500018], [129.84598889100016, 33.45516777500018]]], [[[129.8449136060001, 33.45525777500018], [129.8449136060001, 33.45525777500018]]], [[[129.84598889100016, 33.45516777500018], [129.84598889100016, 33.45516777500018]]], [[[129.774608327, 33.45834642300014], [129.774608327, 33.45834642300014]]], [[[132.3524375620001, 33.45823605400011], [132.3524375620001, 33.45823605400011]]], [[[135.79750477300001, 33.46073541400017], [135.79750477300001, 33.46073541400017]]], [[[129.7284015560001, 33.456083038000145], [129.7284015560001, 33.456083038000145]]], [[[129.9773514750002, 33.46422940800005], [129.9773514750002, 33.46422940800005]]], [[[135.7740768870001, 33.46747270700013], [135.7740768870001, 33.46747270700013]]], [[[129.72553988100003, 33.41177280100004], [129.72553988100003, 33.41177280100004]]], [[[129.8504184210002, 33.47214047500012], [129.8504184210002, 33.47214047500012]]], [[[129.99374827500003, 33.47234883400006], [129.99374827500003, 33.47234883400006]]], [[[135.8319708680001, 33.45000573900012], [135.8319708680001, 33.45000573900012]]], [[[129.77685129100007, 33.48869606800014], [129.77685129100007, 33.48869606800014]]], [[[133.58664940300014, 33.49959492800019], [133.58664940300014, 33.49959492800019]]], [[[135.62604642000008, 33.50195761300006], [135.62604642000008, 33.50195761300006]]], [[[135.58912203600005, 33.50003732500011], [135.58912203600005, 33.50003732500011]]], [[[131.7306524710001, 33.501965081000094], [131.7306524710001, 33.501965081000094]]], [[[135.82676917000003, 33.50467991900001], [135.82676917000003, 33.50467991900001]]], [[[130.0704566930002, 33.50872233300004], [130.0704566930002, 33.50872233300004]]], [[[129.52972015100022, 33.48169224900016], [129.52972015100022, 33.48169224900016]]], [[[135.552953655, 33.509915949000174], [135.552953655, 33.509915949000174]]], [[[135.55890999700011, 33.51282628500013], [135.55890999700011, 33.51282628500013]]], [[[135.84317472100008, 33.514657194000165], [135.84317472100008, 33.514657194000165]]], [[[134.31357305200027, 33.53815985300014], [134.31357305200027, 33.53815985300014]]], [[[129.9754045530002, 33.54293049500012], [129.9754045530002, 33.54293049500012]]], [[[135.48927308700013, 33.54316640100012], [135.48927308700013, 33.54316640100012]]], [[[134.3238061090001, 33.540185], [134.3238061090001, 33.540185]]], [[[129.90339944200014, 33.55792208100013], [129.90339944200014, 33.55792208100013]]], [[[129.88971262600012, 33.55777342199997], [129.88971262600012, 33.55777342199997]]], [[[130.04983280000022, 33.57558721200007], [130.04983280000022, 33.57558721200007]]], [[[129.76190136000014, 33.582757159000096], [129.76190136000014, 33.582757159000096]]], [[[134.36893499400003, 33.58889916200019], [134.36893499400003, 33.58889916200019]]], [[[129.8478013880001, 33.59031555900003], [129.8478013880001, 33.59031555900003]]], [[[129.8989687100003, 33.59437233300014], [129.8989687100003, 33.59437233300014]], [[129.8989687100003, 33.59437233300014], [129.8989687100003, 33.59437233300014]]], [[[129.55776722400014, 33.60714138700007], [129.55776722400014, 33.60714138700007]]], [[[135.95275058400034, 33.61555933300008], [135.95275058400034, 33.61555933300008]]], [[[129.86105312500013, 33.61016737700015], [129.86105312500013, 33.61016737700015]]], [[[135.94701511000005, 33.621626279000054], [135.94701511000005, 33.621626279000054]]], [[[134.4233825780001, 33.63641312700014], [134.4233825780001, 33.63641312700014]]], [[[130.3092324590001, 33.61056075100004], [130.3092324590001, 33.61056075100004]]], [[[134.44993749700018, 33.63893722500006], [134.44993749700018, 33.63893722500006]]], [[[134.49014527900022, 33.64237027900009], [134.49014527900022, 33.64237027900009]]], [[[139.29952722400014, 33.651435054000046], [139.29952722400014, 33.651435054000046]]], [[[132.57691617400008, 33.65290350600003], [132.57691617400008, 33.65290350600003]]], [[[135.33857306100015, 33.662968892000094], [135.33857306100015, 33.662968892000094]]], [[[135.9858949290001, 33.66098733400014], [135.9858949290001, 33.66098733400014]]], [[[130.42516795100016, 33.67158553200005], [130.42516795100016, 33.67158553200005]]], [[[130.22035246400003, 33.67756123400011], [130.22035246400003, 33.67756123400011]]], [[[135.99010992100034, 33.679604097000094], [135.99010992100034, 33.679604097000094]]], [[[135.98991641700013, 33.68545412599997], [135.98991641700013, 33.68545412599997]]], [[[135.36051570200016, 33.684573969999974], [135.36051570200016, 33.684573969999974]]], [[[135.36648989000003, 33.68612152700007], [135.36648989000003, 33.68612152700007]]], [[[130.30303103100005, 33.68774725500009], [130.30303103100005, 33.68774725500009]]], [[[130.2375271000002, 33.68406188800009], [130.2375271000002, 33.68406188800009]]], [[[130.219838664, 33.696723441000074], [130.219838664, 33.696723441000074]]], [[[135.36434159500004, 33.69720743300019], [135.36434159500004, 33.69720743300019]]], [[[129.6263260830002, 33.69901605399997], [129.6263260830002, 33.69901605399997]]], [[[129.62808535700003, 33.701603829000135], [129.62808535700003, 33.701603829000135]]], [[[135.37560372200005, 33.70454294600006], [135.37560372200005, 33.70454294600006]]], [[[129.65252486400004, 33.71063049500003], [129.65252486400004, 33.71063049500003]]], [[[129.64963199700026, 33.71211130600011], [129.64963199700026, 33.71211130600011]]], [[[131.02792070700002, 33.72840409900016], [131.02792070700002, 33.72840409900016]]], [[[129.64828099300007, 33.72850407200019], [129.64828099300007, 33.72850407200019]]], [[[129.62464601800002, 33.72788527100005], [129.62464601800002, 33.72788527100005]]], [[[129.62464601800002, 33.72788527100005], [129.62464601800002, 33.72788527100005]]], [[[135.3496519460001, 33.73252527900013], [135.3496519460001, 33.73252527900013]]], [[[129.75959964800006, 33.730321599000035], [129.75959964800006, 33.730321599000035]]], [[[132.4842467960001, 33.739051081000014], [132.4842467960001, 33.739051081000014]]], [[[131.68332086900023, 33.73752311800018], [131.68332086900023, 33.73752311800018]], [[131.68332086900023, 33.73752311800018], [131.68332086900023, 33.73752311800018]]], [[[132.03127693900012, 33.74019416200019], [132.03127693900012, 33.74019416200019]]], [[[129.86435083000003, 33.738048613000046], [129.86435083000003, 33.738048613000046]]], [[[129.78885369600016, 33.740841387000046], [129.78885369600016, 33.740841387000046]]], [[[129.86851000000013, 33.74197722500003], [129.86851000000013, 33.74197722500003]]], [[[129.6409385600001, 33.74404182900014], [129.6409385600001, 33.74404182900014]]], [[[129.63878394300013, 33.7437919190001], [129.63878394300013, 33.7437919190001]]], [[[129.66583722400003, 33.74616164000014], [129.66583722400003, 33.74616164000014]]], [[[129.66583195900023, 33.74978865400004], [129.66583195900023, 33.74978865400004]]], [[[135.31534988300007, 33.75247827900006], [135.31534988300007, 33.75247827900006]]], [[[129.64582077800014, 33.75403527900011], [129.64582077800014, 33.75403527900011]]], [[[132.14606569400019, 33.75425014000007], [132.14606569400019, 33.75425014000007]]], [[[134.59356917000002, 33.75916666700016], [134.59356917000002, 33.75916666700016]]], [[[132.14606569400019, 33.75425014000007], [132.14606569400019, 33.75425014000007]]], [[[130.36522057800016, 33.75709394600017], [130.36522057800016, 33.75709394600017]]], [[[132.25772153100024, 33.768367081000065], [132.25772153100024, 33.768367081000065]]], [[[129.7870186120001, 33.77833194600004], [129.7870186120001, 33.77833194600004]]], [[[132.05491888500012, 33.77543361300013], [132.05491888500012, 33.77543361300013]]], [[[129.78052, 33.781121667000036], [129.78052, 33.781121667000036]]], [[[131.94545050800002, 33.78087682800009], [131.94545050800002, 33.78087682800009]]], [[[132.39254944200002, 33.780855279000036], [132.39254944200002, 33.780855279000036]]], [[[129.6529803630002, 33.78497238700015], [129.6529803630002, 33.78497238700015]]], [[[132.0253066670001, 33.78449777500015], [132.0253066670001, 33.78449777500015]]], [[[131.00753169300003, 33.78993191900014], [131.00753169300003, 33.78993191900014]]], [[[131.94021610900006, 33.78885361300013], [131.94021610900006, 33.78885361300013]]], [[[131.97753250300002, 33.79604333300006], [131.97753250300002, 33.79604333300006]]], [[[132.39768083, 33.80238749500006], [132.39768083, 33.80238749500006]]], [[[129.6606305580002, 33.81593833300008], [129.6606305580002, 33.81593833300008]]], [[[132.255424994, 33.807612225000184], [132.255424994, 33.807612225000184]]], [[[129.76123862500003, 33.818117347000054], [129.76123862500003, 33.818117347000054]]], [[[132.2630406940001, 33.77847610800006], [132.18786000000023, 33.80768472100016], [132.25772153100024, 33.768367081000065], [132.2630406940001, 33.77847610800006]]], [[[132.12130111500005, 33.81258444100018], [132.12130111500005, 33.81258444100018]]], [[[132.0403211150002, 33.826466667000034], [132.0403211150002, 33.826466667000034]]], [[[130.97727007800006, 33.83009149500009], [130.97727007800006, 33.83009149500009]]], [[[132.11111990300003, 33.832551834000185], [132.11111990300003, 33.832551834000185]]], [[[129.66074269800004, 33.829985414000134], [129.66074269800004, 33.829985414000134]]], [[[134.79854104900016, 33.84713842000008], [134.79854104900016, 33.84713842000008]]], [[[132.18577610900002, 33.84612797300002], [132.18577610900002, 33.84612797300002]]], [[[132.20247975400002, 33.847050919000026], [132.20247975400002, 33.847050919000026]]], [[[134.74071998700026, 33.84969485600004], [134.74071998700026, 33.84969485600004]]], [[[132.53397972800008, 33.85275110800012], [132.53397972800008, 33.85275110800012]]], [[[134.82040610900003, 33.85123777500007], [134.82040610900003, 33.85123777500007]]], [[[134.71085520400004, 33.85704930000014], [134.71085520400004, 33.85704930000014]]], [[[131.04186075200016, 33.82125558600006], [131.04186075200016, 33.82125558600006]]], [[[132.0730129120002, 33.85810583300008], [132.03258166000012, 33.78846027900005], [132.10628327100005, 33.824640785000156], [132.0730129120002, 33.85810583300008]]], [[[132.36303832700014, 33.85489472100011], [132.36303832700014, 33.85489472100011]]], [[[135.15502219200005, 33.85817936000018], [135.15502219200005, 33.85817936000018]]], [[[129.76824944300017, 33.84598729300012], [129.68544666700006, 33.85400513500008], [129.6591884180002, 33.77617927900019], [129.70679944200015, 33.70991291900003], [129.78183425400005, 33.74318264000004], [129.76336639400017, 33.82371166700017], [129.76824944300017, 33.84598729300012]], [[129.65597327500006, 33.797877748000076], [129.65597327500006, 33.797877748000076]], [[129.67184965000013, 33.75789455400013], [129.67184965000013, 33.75789455400013]]], [[[132.3600032820001, 33.863223288000086], [132.3600032820001, 33.863223288000086]]], [[[130.47055929600003, 33.864529701000095], [130.47055929600003, 33.864529701000095]]], [[[129.70389208200015, 33.86529291900018], [129.70389208200015, 33.86529291900018]]], [[[132.69942639400006, 33.86742136000015], [132.69942639400006, 33.86742136000015]]], [[[132.3135341630002, 33.863952225000105], [132.3135341630002, 33.863952225000105]]], [[[134.65673443600008, 33.867511919000094], [134.65673443600008, 33.867511919000094]]], [[[129.70389208200015, 33.86529291900018], [129.70389208200015, 33.86529291900018]]], [[[134.67843473400023, 33.866460378000056], [134.67843473400023, 33.866460378000056]]], [[[129.6782645730002, 33.86242833600005], [129.6782645730002, 33.86242833600005]]], [[[131.981892334, 33.86885820200001], [131.981892334, 33.86885820200001]]], [[[129.68610652200005, 33.87112002600014], [129.68610652200005, 33.87112002600014]]], [[[132.00977687400007, 33.85961933400017], [132.00977687400007, 33.85961933400017]]], [[[130.037093066, 33.8620971790001], [130.037093066, 33.8620971790001]]], [[[134.66728036300003, 33.87730656800005], [134.66728036300003, 33.87730656800005]]], [[[130.52745058400023, 33.88015635100004], [130.52745058400023, 33.88015635100004]]], [[[132.0660308560001, 33.883429198000044], [132.0660308560001, 33.883429198000044]]], [[[132.05891158200018, 33.887420586000076], [132.05891158200018, 33.887420586000076]]], [[[132.63727335900012, 33.89553441400011], [132.63727335900012, 33.89553441400011]]], [[[132.05002323600013, 33.89701705400006], [132.05002323600013, 33.89701705400006]]], [[[132.28510006400006, 33.901041485000064], [132.28510006400006, 33.901041485000064]]], [[[139.6196441640002, 33.85167778000016], [139.6196441640002, 33.85167778000016]]], [[[130.65905408600008, 33.90122010800019], [130.65905408600008, 33.90122010800019]]], [[[132.39360000000022, 33.90159555900004], [132.39360000000022, 33.90159555900004]]], [[[136.17336271600004, 33.911970224000015], [136.17336271600004, 33.911970224000015]]], [[[132.58808749700006, 33.91015166700009], [132.58808749700006, 33.91015166700009]]], [[[134.71376179000004, 33.91133715400008], [134.71376179000004, 33.91133715400008]]], [[[130.4890558950002, 33.91358532700019], [130.4890558950002, 33.91358532700019]]], [[[132.33592722400022, 33.912651108000034], [132.33592722400022, 33.912651108000034]]], [[[130.4433185280003, 33.90452229300007], [130.4433185280003, 33.90452229300007]]], [[[132.1356616600002, 33.91887444100013], [132.1356616600002, 33.91887444100013]]], [[[132.5691613880001, 33.922010000000114], [132.5691613880001, 33.922010000000114]]], [[[131.24603834800007, 33.92134168600006], [131.24603834800007, 33.92134168600006]]], [[[134.72280776900004, 33.92609760099998], [134.72280776900004, 33.92609760099998]]], [[[132.69810273700023, 33.92302354100019], [132.69810273700023, 33.92302354100019]]], [[[132.46211972800018, 33.92195805400007], [132.46211972800018, 33.92195805400007]]], [[[132.31311221800001, 33.92663166700015], [132.31311221800001, 33.92663166700015]]], [[[132.56257749700023, 33.92614], [132.56257749700023, 33.92614]]], [[[130.82073878100016, 33.926770892000036], [130.82073878100016, 33.926770892000036]]], [[[136.21178371000008, 33.93216362200019], [136.21178371000008, 33.93216362200019]]], [[[132.15554383900007, 33.93144372100005], [132.15554383900007, 33.93144372100005]]], [[[130.73136481200004, 33.93380189200019], [130.73136481200004, 33.93380189200019]]], [[[132.35414778200004, 33.93327194600005], [132.35414778200004, 33.93327194600005]]], [[[130.9318489110001, 33.93428133300017], [130.9318489110001, 33.93428133300017]]], [[[132.55434666700012, 33.9364897210001], [132.55434666700012, 33.9364897210001]]], [[[131.93151963700018, 33.93689272100005], [131.93151963700018, 33.93689272100005]]], [[[132.16357328100003, 33.939474414000074], [132.16357328100003, 33.939474414000074]]], [[[130.76872908400014, 33.94731130800011], [130.76872908400014, 33.94731130800011]]], [[[131.69696888500005, 33.94638000000015], [131.69696888500005, 33.94638000000015]]], [[[130.83229163400006, 33.9498436130001], [130.83229163400006, 33.9498436130001]]], [[[135.07553138800017, 33.94749194600013], [135.07553138800017, 33.94749194600013]]], [[[132.63705047400003, 33.9491970630001], [132.63705047400003, 33.9491970630001]]], [[[131.86031809400015, 33.95185258100008], [131.86031809400015, 33.95185258100008]]], [[[130.87656963700022, 33.948404112000105], [130.87656963700022, 33.948404112000105]]], [[[130.87656963700022, 33.948404112000105], [130.87656963700022, 33.948404112000105]]], [[[131.6988795850002, 33.95571916700004], [131.6988795850002, 33.95571916700004]]], [[[133.10687455300013, 33.95402453200012], [133.10687455300013, 33.95402453200012]]], [[[132.49132749700004, 33.95846694600016], [132.49132749700004, 33.95846694600016]]], [[[131.6988795850002, 33.95571916700004], [131.6988795850002, 33.95571916700004]]], [[[132.35025435700004, 33.961289943000054], [132.35025435700004, 33.961289943000054]]], [[[131.8011391760001, 33.95811038400012], [131.8011391760001, 33.95811038400012]]], [[[130.85585444900005, 33.96311305400013], [130.85585444900005, 33.96311305400013]]], [[[132.4708011150002, 33.96656889200011], [132.4708011150002, 33.96656889200011]]], [[[132.3434284760002, 33.905081992000135], [132.27763238500006, 33.95368707300014], [132.19297297000014, 33.9550683060001], [132.2044414400001, 33.87200041400013], [132.2816277820002, 33.897941946000174], [132.35571722400005, 33.86669582900009], [132.41764832700005, 33.91791916200003], [132.3434284760002, 33.905081992000135]]], [[[131.51196527900015, 33.96778249500005], [131.51196527900015, 33.96778249500005]]], [[[130.84612778200005, 33.969020279000176], [130.84612778200005, 33.969020279000176]]], [[[132.56504022700005, 33.969304163000174], [132.56504022700005, 33.969304163000174]]], [[[131.42099965700004, 33.967582777000075], [131.42099965700004, 33.967582777000075]]], [[[130.85237221800014, 33.97140472100011], [130.85237221800014, 33.97140472100011]]], [[[132.35025435700004, 33.961289943000054], [132.35025435700004, 33.961289943000054]]], [[[132.66178722400002, 33.97382694600003], [132.66178722400002, 33.97382694600003]]], [[[132.76722328100016, 33.97303705400003], [132.76722328100016, 33.97303705400003]]], [[[132.68957666700032, 33.9774272250001], [132.68957666700032, 33.9774272250001]]], [[[130.86829159900003, 33.9762173740001], [130.86829159900003, 33.9762173740001]]], [[[131.73705555100003, 33.978817775000095], [131.73705555100003, 33.978817775000095]]], [[[131.76701294400004, 33.980772014000024], [131.76701294400004, 33.980772014000024]]], [[[132.432478327, 33.980699162000064], [132.432478327, 33.980699162000064]]], [[[132.35459111500018, 33.988781108000126], [132.35459111500018, 33.988781108000126]]], [[[131.86031809400015, 33.95185258100008], [131.86031809400015, 33.95185258100008]]], [[[132.51354526600005, 33.981950654], [132.51354526600005, 33.981950654]]], [[[135.08961339200016, 33.98685664000004], [135.08961339200016, 33.98685664000004]]], [[[133.33205386500003, 33.992306761000066], [133.33205386500003, 33.992306761000066]]], [[[132.4327858370002, 33.988653333000116], [132.4327858370002, 33.988653333000116]]], [[[130.89786552500004, 33.99096480200012], [130.89786552500004, 33.99096480200012]]], [[[131.00953138800003, 33.99452082900012], [131.00953138800003, 33.99452082900012]]], [[[132.24983048, 33.99503988300006], [132.24983048, 33.99503988300006]]], [[[132.5205755510001, 33.99261110800012], [132.5205755510001, 33.99261110800012]]], [[[132.53965835900033, 33.9744731130001], [132.53965835900033, 33.9744731130001]], [[132.53965835900033, 33.9744731130001], [132.53965835900033, 33.9744731130001]]], [[[130.81642221800007, 34.0005252790001], [130.81642221800007, 34.0005252790001]]], [[[135.08819244500012, 34.00197502700013], [135.08819244500012, 34.00197502700013]]], [[[132.33364083000004, 33.99914638700005], [132.33364083000004, 33.99914638700005]]], [[[130.71271846700006, 34.00476010400007], [130.71271846700006, 34.00476010400007]]], [[[133.36059051300003, 33.98988036100002], [133.36059051300003, 33.98988036100002]]], [[[135.09493566800018, 34.00608910800008], [135.09493566800018, 34.00608910800008]]], [[[132.26942286700012, 34.00098922600017], [132.26942286700012, 34.00098922600017]]], [[[132.43198625200023, 34.00232986100019], [132.43198625200023, 34.00232986100019]]], [[[131.7254311150001, 34.01588166700003], [131.7254311150001, 34.01588166700003]]], [[[132.63258896900015, 33.97718856800003], [132.63258896900015, 33.97718856800003]]], [[[130.72622894000017, 34.01878338000006], [130.72622894000017, 34.01878338000006]]], [[[135.12134389100004, 34.01964277500019], [135.12134389100004, 34.01964277500019]]], [[[133.105237439, 34.02291838000008], [133.105237439, 34.02291838000008]]], [[[131.58272129700003, 34.02386007200016], [131.58272129700003, 34.02386007200016]]], [[[131.79712861200017, 34.02053416200016], [131.79712861200017, 34.02053416200016]]], [[[132.32539805400017, 34.02273777500011], [132.32539805400017, 34.02273777500011]]], [[[133.0977903370001, 34.02260166700006], [133.0977903370001, 34.02260166700006]]], [[[132.41816138800016, 34.02699702700011], [132.41816138800016, 34.02699702700011]]], [[[132.59530660200028, 34.026435505], [132.59530660200028, 34.026435505]]], [[[131.72083610900006, 34.03288833300013], [131.72083610900006, 34.03288833300013]]], [[[131.7150878210001, 33.98950614000006], [131.7150878210001, 33.98950614000006]]], [[[132.4228313880002, 34.036498333000054], [132.4228313880002, 34.036498333000054]]], [[[132.60249398200006, 34.03643522500016], [132.60249398200006, 34.03643522500016]]], [[[132.3925286120001, 34.04221889200005], [132.3925286120001, 34.04221889200005]]], [[[132.52196610900023, 34.04004027899998], [132.52196610900023, 34.04004027899998]]], [[[132.48540192000007, 34.03697], [132.48540192000007, 34.03697]]], [[[139.38498444900017, 34.04881194600006], [139.38498444900017, 34.04881194600006]]], [[[131.7729772240001, 34.050319721], [131.7729772240001, 34.050319721]]], [[[134.59610958500002, 34.04932402700007], [134.59610958500002, 34.04932402700007]]], [[[132.72746758800008, 34.049783081000044], [132.72746758800008, 34.049783081000044]]], [[[132.39538360600022, 34.06009527900005], [132.39538360600022, 34.06009527900005]]], [[[136.2624054470001, 34.06088794600004], [136.2624054470001, 34.06088794600004]]], [[[132.46239138800024, 34.0613344410001], [132.46239138800024, 34.0613344410001]]], [[[133.09669661500004, 34.06124319800011], [133.09669661500004, 34.06124319800011]]], [[[133.111570195, 34.06157033300008], [133.111570195, 34.06157033300008]]], [[[132.39230749700016, 34.069693892000146], [132.39230749700016, 34.069693892000146]]], [[[132.88340075300027, 34.072994428000186], [132.88340075300027, 34.072994428000186]]], [[[136.25453241200034, 34.071255495000116], [136.25453241200034, 34.071255495000116]]], [[[132.70962983100003, 34.073881829000186], [132.70962983100003, 34.073881829000186]]], [[[132.52209632300014, 34.05375893299998], [132.52209632300014, 34.05375893299998]]], [[[130.87127237900006, 34.08721636500019], [130.87127237900006, 34.08721636500019]]], [[[132.5205236060001, 34.09052555900007], [132.5205236060001, 34.09052555900007]]], [[[129.2441296720001, 34.09800909300003], [129.2441296720001, 34.09800909300003]]], [[[133.17544775600015, 34.107481135], [133.17544775600015, 34.107481135]]], [[[133.4501152790001, 34.10720777500012], [133.4501152790001, 34.10720777500012]]], [[[133.18509011700007, 34.10890813500015], [133.18509011700007, 34.10890813500015]]], [[[135.08342537400029, 34.11334711000018], [135.08342537400029, 34.11334711000018]]], [[[130.77662861200008, 34.11534805400015], [130.77662861200008, 34.11534805400015]]], [[[135.10161506800023, 34.10854735400005], [135.10161506800023, 34.10854735400005]]], [[[133.00547483800005, 34.11740780200006], [133.00547483800005, 34.11740780200006]]], [[[132.97068652400014, 34.11807496000017], [132.97068652400014, 34.11807496000017]]], [[[132.79240389100005, 34.12205527900011], [132.79240389100005, 34.12205527900011]]], [[[132.98997214000008, 34.11628341900018], [132.98997214000008, 34.11628341900018]]], [[[133.18767491600022, 34.11658382899998], [133.18767491600022, 34.11658382899998]]], [[[133.01135617400018, 34.12212206300012], [133.01135617400018, 34.12212206300012]]], [[[132.31794389100003, 34.124119721], [132.31794389100003, 34.124119721]]], [[[133.1594550320001, 34.12417502700015], [133.1594550320001, 34.12417502700015]]], [[[139.54512910800008, 34.05664796500014], [139.49280072600016, 34.11963189200003], [139.52992616100016, 34.04650558600002], [139.54512910800008, 34.05664796500014]]], [[[132.9834034500002, 34.12543955900014], [132.9834034500002, 34.12543955900014]]], [[[132.41879576500014, 34.13427640100019], [132.41879576500014, 34.13427640100019]]], [[[133.53166016000011, 34.124330857000075], [133.53166016000011, 34.124330857000075]]], [[[129.28716189400006, 34.1449047750001], [129.28716189400006, 34.1449047750001]]], [[[133.01167644600002, 34.14463972100003], [133.01167644600002, 34.14463972100003]]], [[[136.36587958000018, 34.14908955200002], [136.36587958000018, 34.14908955200002]]], [[[133.45653630400022, 34.15345010800007], [133.45653630400022, 34.15345010800007]]], [[[132.56341138800008, 34.156233333000046], [132.56341138800008, 34.156233333000046]]], [[[132.6586500000002, 34.15632416200003], [132.6586500000002, 34.15632416200003]]], [[[132.77507472100012, 34.154410279], [132.77507472100012, 34.154410279]]], [[[133.0050945590002, 34.153715667000085], [133.0050945590002, 34.153715667000085]]], [[[135.18097185500005, 34.15896082900014], [135.18097185500005, 34.15896082900014]]], [[[132.6735802720001, 34.1593386130001], [132.6735802720001, 34.1593386130001]]], [[[133.10811169900035, 34.15870519800018], [133.10811169900035, 34.15870519800018]]], [[[132.43902778200004, 34.15694777500016], [132.43902778200004, 34.15694777500016]]], [[[136.30539976800003, 34.16383252600008], [136.30539976800003, 34.16383252600008]]], [[[133.31865888500022, 34.16568638700005], [133.31865888500022, 34.16568638700005]]], [[[136.3235651550002, 34.16525973500012], [136.3235651550002, 34.16525973500012]]], [[[132.57932027200002, 34.16029444100013], [132.57932027200002, 34.16029444100013]]], [[[136.30523953300008, 34.171069198], [136.30523953300008, 34.171069198]]], [[[136.32014659300012, 34.167591936000065], [136.32014659300012, 34.167591936000065]]], [[[133.36621306100005, 34.167045829000074], [133.36621306100005, 34.167045829000074]]], [[[136.31998033700006, 34.17253746799997], [136.31998033700006, 34.17253746799997]]], [[[132.24662203000003, 34.17563344600018], [132.24662203000003, 34.17563344600018]]], [[[130.90593527900023, 34.17257582900004], [130.90593527900023, 34.17257582900004]]], [[[132.38767824900026, 34.17603777500017], [132.38767824900026, 34.17603777500017]]], [[[134.8209211950002, 34.171136722000085], [134.8209211950002, 34.171136722000085]]], [[[130.90182583700016, 34.180179721], [130.90182583700016, 34.180179721]]], [[[133.08020535700007, 34.183621], [133.08020535700007, 34.183621]]], [[[133.3129644490001, 34.18072472100016], [133.3129644490001, 34.18072472100016]]], [[[139.07419805400002, 34.185938892000024], [139.07419805400002, 34.185938892000024]]], [[[139.0767911150001, 34.18643555900019], [139.0767911150001, 34.18643555900019]]], [[[132.7937951250001, 34.18288997100012], [132.7937951250001, 34.18288997100012]]], [[[132.8632846690001, 34.18699746800007], [132.8632846690001, 34.18699746800007]]], [[[132.94194691300015, 34.18961033300013], [132.94194691300015, 34.18961033300013]]], [[[132.90631094700018, 34.19037133300003], [132.90631094700018, 34.19037133300003]]], [[[133.63600262000023, 34.19297282000008], [133.63600262000023, 34.19297282000008]]], [[[133.08867491600006, 34.19298622500003], [133.08867491600006, 34.19298622500003]]], [[[132.85958499400022, 34.192778054000144], [132.85958499400022, 34.192778054000144]]], [[[132.85279972800026, 34.19204582900005], [132.85279972800026, 34.19204582900005]]], [[[133.08292122600005, 34.15274438700004], [133.01279988300018, 34.110538], [133.08292122600005, 34.15274438700004]]], [[[136.38002830700032, 34.194194430000096], [136.38002830700032, 34.194194430000096]]], [[[132.82876591500008, 34.18603146000004], [132.82876591500008, 34.18603146000004]]], [[[133.07579172500016, 34.196226279000086], [133.07579172500016, 34.196226279000086]]], [[[132.82082111500017, 34.196134721000135], [132.82082111500017, 34.196134721000135]]], [[[132.8835151300001, 34.18236471600005], [132.8835151300001, 34.18236471600005]]], [[[132.31436916400014, 34.19428805900009], [132.31436916400014, 34.19428805900009]]], [[[132.51463502600018, 34.199503014000015], [132.51463502600018, 34.199503014000015]]], [[[136.34063055800004, 34.19891097300018], [136.34063055800004, 34.19891097300018]]], [[[133.2727913880002, 34.195535279000126], [133.2727913880002, 34.195535279000126]]], [[[132.4974178210001, 34.17346112700011], [132.4473233330001, 34.108373054000026], [132.52922325600014, 34.099623198000074], [132.556835642, 34.179975775], [132.4974178210001, 34.17346112700011]], [[132.4974178210001, 34.17346112700011], [132.4974178210001, 34.17346112700011]]], [[[132.318938612, 34.196390829], [132.318938612, 34.196390829]]], [[[132.92879272400023, 34.195486748000064], [132.92879272400023, 34.195486748000064]]], [[[132.67212277600026, 34.20348361300012], [132.67212277600026, 34.20348361300012]]], [[[133.62529456500022, 34.20352734200014], [133.62529456500022, 34.20352734200014]]], [[[132.6883115820002, 34.19083938800014], [132.6883115820002, 34.19083938800014]]], [[[132.93498564200013, 34.200299387000086], [132.93498564200013, 34.200299387000086]]], [[[139.19309861200009, 34.20805277500017], [139.19309861200009, 34.20805277500017]]], [[[139.18847111500008, 34.2111488920001], [139.18847111500008, 34.2111488920001]]], [[[133.60985287600033, 34.21665663800019], [133.60985287600033, 34.21665663800019]]], [[[135.14036434500008, 34.221174401000155], [135.14036434500008, 34.221174401000155]]], [[[132.70107182900006, 34.21845927900006], [132.70107182900006, 34.21845927900006]]], [[[132.80447250300017, 34.228565279000065], [132.80447250300017, 34.228565279000065]]], [[[133.15666693900005, 34.22471555900006], [133.15666693900005, 34.22471555900006]]], [[[136.81172369800004, 34.229509854000185], [136.81172369800004, 34.229509854000185]]], [[[130.11289242500004, 34.23118241399999], [130.11289242500004, 34.23118241399999]]], [[[133.2604638910001, 34.23545666700005], [133.2604638910001, 34.23545666700005]]], [[[132.2662174970003, 34.23350472100003], [132.2662174970003, 34.23350472100003]]], [[[136.81767167300006, 34.23566038700005], [136.81767167300006, 34.23566038700005]]], [[[134.62527736400023, 34.232147835000035], [134.62527736400023, 34.232147835000035]]], [[[133.10882814500007, 34.23952777500011], [133.10882814500007, 34.23952777500011]]], [[[132.3582672240001, 34.23880582900006], [132.3582672240001, 34.23880582900006]]], [[[139.12000405900005, 34.18978416900012], [139.12000405900005, 34.18978416900012]]], [[[134.68924289200015, 34.242518333000135], [134.68924289200015, 34.242518333000135]]], [[[132.77034805400012, 34.24322061300012], [132.77034805400012, 34.24322061300012]]], [[[133.168219442, 34.24549249500018], [133.168219442, 34.24549249500018]]], [[[129.32254050600022, 34.24499310800013], [129.32254050600022, 34.24499310800013]]], [[[134.70874124500006, 34.248609], [134.70874124500006, 34.248609]]], [[[132.95755924800005, 34.24439330600006], [132.95755924800005, 34.24439330600006]]], [[[136.55558735900001, 34.24279437500002], [136.55558735900001, 34.24279437500002]]], [[[134.71316250300015, 34.248087748000046], [134.71316250300015, 34.248087748000046]]], [[[130.112004092, 34.250035050000065], [130.112004092, 34.250035050000065]]], [[[129.3245546820002, 34.248782946], [129.3245546820002, 34.248782946]]], [[[134.6072361350001, 34.25164925200005], [134.6072361350001, 34.25164925200005]]], [[[132.95130097300012, 34.25295649500009], [132.95130097300012, 34.25295649500009]]], [[[132.86151944200003, 34.25352833300019], [132.86151944200003, 34.25352833300019]]], [[[132.84112277600013, 34.25444], [132.84112277600013, 34.25444]]], [[[133.19490472100017, 34.25546333300002], [133.19490472100017, 34.25546333300002]]], [[[136.52629299600005, 34.25810522500012], [136.52629299600005, 34.25810522500012]]], [[[133.70297024600018, 34.25809302700003], [133.70297024600018, 34.25809302700003]]], [[[132.77545016900012, 34.26090672100014], [132.77545016900012, 34.26090672100014]]], [[[132.7856382230002, 34.260983000000124], [132.7856382230002, 34.260983000000124]]], [[[136.51285112400012, 34.26270826900014], [136.51285112400012, 34.26270826900014]]], [[[132.9007661090002, 34.26312694600006], [132.9007661090002, 34.26312694600006]]], [[[136.8393026330001, 34.264852721000125], [136.8393026330001, 34.264852721000125]]], [[[132.80015691300014, 34.26417580200018], [132.80015691300014, 34.26417580200018]]], [[[136.53031269500002, 34.26831883000011], [136.53031269500002, 34.26831883000011]]], [[[132.7744362520001, 34.26736091900017], [132.7744362520001, 34.26736091900017]]], [[[136.83544705600002, 34.267995613000096], [136.83544705600002, 34.267995613000096]]], [[[136.84154961100023, 34.26750797300008], [136.84154961100023, 34.26750797300008]]], [[[132.87101555100014, 34.268388892000075], [132.87101555100014, 34.268388892000075]]], [[[132.88768888500033, 34.2717763870001], [132.88768888500033, 34.2717763870001]]], [[[136.55983496800002, 34.27345455900007], [136.55983496800002, 34.27345455900007]]], [[[133.68434732800006, 34.270289018000085], [133.68434732800006, 34.270289018000085]]], [[[132.88311610900018, 34.27310555900016], [132.88311610900018, 34.27310555900016]]], [[[136.80499267200003, 34.276962946000026], [136.80499267200003, 34.276962946000026]]], [[[132.96423910500005, 34.27730449500012], [132.96423910500005, 34.27730449500012]]], [[[132.9101208300002, 34.27852777500004], [132.9101208300002, 34.27852777500004]]], [[[135.07343322300017, 34.27859395500002], [135.07343322300017, 34.27859395500002]]], [[[132.3705966670002, 34.279842225000095], [132.3705966670002, 34.279842225000095]]], [[[133.15523805400005, 34.27463722500005], [133.15523805400005, 34.27463722500005]]], [[[134.95823572600034, 34.281736476000106], [134.95823572600034, 34.281736476000106]]], [[[132.80608861200005, 34.28146733300008], [132.80608861200005, 34.28146733300008]]], [[[134.3082493930001, 34.28291027500012], [134.3082493930001, 34.28291027500012]]], [[[134.3082493930001, 34.28291027500012], [134.3082493930001, 34.28291027500012]]], [[[132.87392476000002, 34.206377960000054], [132.9384829700001, 34.272930360000146], [132.8615774970001, 34.24457972100015], [132.87392476000002, 34.206377960000054]]], [[[133.18604872200012, 34.263815775000126], [133.18604872200012, 34.263815775000126]]], [[[136.57459072600034, 34.28364280200009], [136.57459072600034, 34.28364280200009]]], [[[133.0508094810001, 34.28403216200013], [133.0508094810001, 34.28403216200013]]], [[[136.82675022000012, 34.28609569400015], [136.82675022000012, 34.28609569400015]]], [[[129.30566455300004, 34.283988879], [129.30566455300004, 34.283988879]]], [[[133.63490433200013, 34.26921169400009], [133.63490433200013, 34.26921169400009]]], [[[132.94413360600015, 34.28350166700005], [132.94413360600015, 34.28350166700005]]], [[[132.89041111500012, 34.28538889200013], [132.89041111500012, 34.28538889200013]]], [[[132.88546306100022, 34.2850388920001], [132.88546306100022, 34.2850388920001]]], [[[133.16538778200015, 34.28714861300017], [133.16538778200015, 34.28714861300017]]], [[[132.81672102500022, 34.287771054000075], [132.81672102500022, 34.287771054000075]]], [[[136.82743850400004, 34.29061449000011], [136.82743850400004, 34.29061449000011]]], [[[136.82769699100004, 34.28990851400016], [136.82769699100004, 34.28990851400016]]], [[[133.17361472100004, 34.28810805400002], [133.17361472100004, 34.28810805400002]]], [[[132.36288862000004, 34.29182626700009], [132.36288862000004, 34.29182626700009]]], [[[133.22995666700012, 34.29082138700011], [133.22995666700012, 34.29082138700011]]], [[[136.82372610000016, 34.29103540400013], [136.82372610000016, 34.29103540400013]]], [[[136.82256027300002, 34.29143242700002], [136.82256027300002, 34.29143242700002]]], [[[135.01808313900028, 34.284927198000105], [135.01808313900028, 34.284927198000105]]], [[[135.02655628200012, 34.290873386000044], [135.02655628200012, 34.290873386000044]]], [[[136.82480159600016, 34.292757406000135], [136.82480159600016, 34.292757406000135]]], [[[136.82175728000016, 34.29392289600014], [136.82175728000016, 34.29392289600014]]], [[[136.8237838670001, 34.293417446000035], [136.8237838670001, 34.293417446000035]]], [[[132.4135836060001, 34.2595052800001], [132.4276097280001, 34.179656667000074], [132.49269684800004, 34.230740586000024], [132.43414642000005, 34.286028802000146], [132.47411852100004, 34.208456333000186], [132.4135836060001, 34.2595052800001]]], [[[136.69075058200008, 34.29449008600017], [136.69075058200008, 34.29449008600017]]], [[[132.8050114140001, 34.29472766700019], [132.8050114140001, 34.29472766700019]]], [[[136.81788566800026, 34.29576422500014], [136.81788566800026, 34.29576422500014]]], [[[134.95823572600034, 34.281736476000106], [134.95823572600034, 34.281736476000106]]], [[[135.05527722400006, 34.29919241400006], [135.05527722400006, 34.29919241400006]]], [[[132.90269111500015, 34.29453972100009], [132.90269111500015, 34.29453972100009]]], [[[133.05509780500017, 34.22483583300004], [133.0113431320002, 34.29975334699998], [132.98666457800005, 34.22328872100013], [133.05509780500017, 34.22483583300004]]], [[[129.3148517000003, 34.29222323500011], [129.3148517000003, 34.29222323500011]]], [[[132.9051562520001, 34.28925986100006], [132.9051562520001, 34.28925986100006]]], [[[136.82634919600014, 34.299482682000075], [136.82634919600014, 34.299482682000075]]], [[[136.68269496100004, 34.2943251530001], [136.68269496100004, 34.2943251530001]]], [[[129.23365437100006, 34.29975205400018], [129.23365437100006, 34.29975205400018]]], [[[133.2743170560001, 34.30165449500009], [133.2743170560001, 34.30165449500009]]], [[[136.81564647200014, 34.30076991900006], [136.81564647200014, 34.30076991900006]]], [[[136.81873180300022, 34.30265402700019], [136.81873180300022, 34.30265402700019]]], [[[129.32911029800005, 34.306480104000116], [129.32911029800005, 34.306480104000116]]], [[[129.26389044100006, 34.30842166700012], [129.26389044100006, 34.30842166700012]]], [[[133.53803179700003, 34.309672050000074], [133.53803179700003, 34.309672050000074]]], [[[132.98105590100022, 34.307318523000106], [132.98105590100022, 34.307318523000106]]], [[[136.800807834, 34.30989561300004], [136.800807834, 34.30989561300004]]], [[[132.33396994800012, 34.30584697300003], [132.2672047210001, 34.255835559000104], [132.34721472100023, 34.28067722500009], [132.33396994800012, 34.30584697300003]]], [[[136.82523269800015, 34.30964787400006], [136.82523269800015, 34.30964787400006]]], [[[129.26503489000015, 34.313899135000156], [129.26503489000015, 34.313899135000156]]], [[[132.98910232200012, 34.31591181100009], [132.98910232200012, 34.31591181100009]]], [[[133.47062527900005, 34.31528333300014], [133.47062527900005, 34.31528333300014]]], [[[132.465333385, 34.313136892000045], [132.465333385, 34.313136892000045]]], [[[133.1121073930002, 34.26606714000013], [133.1121073930002, 34.26606714000013]]], [[[129.3016812190001, 34.31691736000005], [129.3016812190001, 34.31691736000005]]], [[[133.51754944200002, 34.319901667000124], [133.51754944200002, 34.319901667000124]]], [[[134.27522616400006, 34.32161429700011], [134.27522616400006, 34.32161429700011]]], [[[129.39581588800013, 34.32293749500013], [129.39581588800013, 34.32293749500013]]], [[[132.9401792870001, 34.32419812600011], [132.9401792870001, 34.32419812600011]]], [[[133.68251300300005, 34.308397599000045], [133.68251300300005, 34.308397599000045]], [[133.68251300300005, 34.308397599000045], [133.68251300300005, 34.308397599000045]]], [[[132.4481331390001, 34.31610680200015], [132.4481331390001, 34.31610680200015]]], [[[139.2807601170001, 34.325110306000056], [139.2807601170001, 34.325110306000056]]], [[[129.3891488070002, 34.32712933300007], [129.3891488070002, 34.32712933300007]]], [[[129.3354586380002, 34.33042591000009], [129.3354586380002, 34.33042591000009]]], [[[129.37754503200006, 34.3311081170001], [129.37754503200006, 34.3311081170001]]], [[[133.07655966300013, 34.33412733299997], [133.07655966300013, 34.33412733299997]]], [[[139.2167598970002, 34.33343538600019], [139.2167598970002, 34.33343538600019]], [[139.22369166700003, 34.33153983400001], [139.22369166700003, 34.33153983400001]]], [[[132.321805551, 34.33664276100012], [132.321805551, 34.33664276100012]]], [[[129.33439365800007, 34.309683478000125], [129.33439365800007, 34.309683478000125]], [[129.32554821700012, 34.31752348700019], [129.32554821700012, 34.31752348700019]]], [[[133.64658499400002, 34.334281387000146], [133.64658499400002, 34.334281387000146]]], [[[129.34048203600003, 34.336926892000065], [129.34048203600003, 34.336926892000065]]], [[[135.18149875500012, 34.34032146800013], [135.18149875500012, 34.34032146800013]]], [[[136.71975141400014, 34.33847541400013], [136.71975141400014, 34.33847541400013]]], [[[136.70925630400006, 34.34052683400006], [136.70925630400006, 34.34052683400006]]], [[[129.33505869000032, 34.34148969400013], [129.33505869000032, 34.34148969400013]]], [[[129.33135332000018, 34.34157680200008], [129.33135332000018, 34.34157680200008]]], [[[132.48230433200013, 34.330677], [132.48230433200013, 34.330677]]], [[[129.33622019500024, 34.34657725200009], [129.33622019500024, 34.34657725200009]]], [[[130.85296089200017, 34.34811337999997], [130.85296089200017, 34.34811337999997]]], [[[129.35026226200011, 34.34883648700003], [129.35026226200011, 34.34883648700003]]], [[[133.50309749700023, 34.34646749500013], [133.50309749700023, 34.34646749500013]]], [[[129.34823962400003, 34.35092494600008], [129.34823962400003, 34.35092494600008]]], [[[133.43287235000014, 34.34859329300019], [133.43287235000014, 34.34859329300019]], [[133.43287235000014, 34.34859329300019], [133.43287235000014, 34.34859329300019]]], [[[130.886981751, 34.35182694600013], [130.886981751, 34.35182694600013]]], [[[132.46001773700004, 34.35185120799997], [132.46001773700004, 34.35185120799997]]], [[[133.5231719200002, 34.34566274800011], [133.5231719200002, 34.34566274800011]]], [[[129.41569931300012, 34.35377359500018], [129.41569931300012, 34.35377359500018]]], [[[134.8969075230001, 34.35331438700018], [134.8969075230001, 34.35331438700018]]], [[[133.62818666700002, 34.33518889200013], [133.62818666700002, 34.33518889200013]]], [[[129.34174321700016, 34.3535634860001], [129.34174321700016, 34.3535634860001]]], [[[133.46786083000018, 34.35520138700019], [133.46786083000018, 34.35520138700019]]], [[[133.13916616100016, 34.35738753200013], [133.13916616100016, 34.35738753200013]]], [[[133.28792591400008, 34.357777892000115], [133.28792591400008, 34.357777892000115]]], [[[133.19949019500018, 34.28714214000007], [133.16175622600008, 34.359251559000086], [133.1805933070002, 34.28066616200016], [133.19949019500018, 34.28714214000007]]], [[[129.39988587500022, 34.35496249500011], [129.39988587500022, 34.35496249500011]]], [[[133.11221316500007, 34.36016179300009], [133.11221316500007, 34.36016179300009]]], [[[129.33366639400003, 34.35592644100012], [129.33366639400003, 34.35592644100012]]], [[[134.11512754300009, 34.36013093700018], [134.11512754300009, 34.36013093700018]]], [[[129.41193291800016, 34.362488333000044], [129.41193291800016, 34.362488333000044]]], [[[133.99991455300005, 34.35833333300013], [133.99991455300005, 34.35833333300013]]], [[[129.28723326800025, 34.36337480200007], [129.28723326800025, 34.36337480200007]]], [[[133.59108917000003, 34.36172805400008], [133.59108917000003, 34.36172805400008]]], [[[130.96691795100003, 34.35954669400007], [130.96691795100003, 34.35954669400007]]], [[[133.78129433300012, 34.36367320699998], [133.78129433300012, 34.36367320699998]]], [[[136.87817834700013, 34.36609139600017], [136.87817834700013, 34.36609139600017]]], [[[133.1090100260002, 34.366161243000136], [133.1090100260002, 34.366161243000136]]], [[[129.29823410300003, 34.36844489900011], [129.29823410300003, 34.36844489900011]]], [[[133.22048756200013, 34.369076495000115], [133.22048756200013, 34.369076495000115]]], [[[133.1465063290001, 34.37062346800013], [133.1465063290001, 34.37062346800013]]], [[[133.33882944200013, 34.370848333000026], [133.33882944200013, 34.370848333000026]]], [[[133.3199300000001, 34.36752361300006], [133.3199300000001, 34.36752361300006]]], [[[133.85496579900018, 34.37211784600015], [133.85496579900018, 34.37211784600015]]], [[[133.59411861200022, 34.373375], [133.59411861200022, 34.373375]]], [[[129.3951593390001, 34.3738334410001], [129.3951593390001, 34.3738334410001]]], [[[133.22318897500008, 34.374665387000164], [133.22318897500008, 34.374665387000164]]], [[[139.22893701800012, 34.36784499200013], [139.22893701800012, 34.36784499200013]]], [[[133.58732555100005, 34.37341416200013], [133.58732555100005, 34.37341416200013]]], [[[131.00534319100018, 34.37770416200016], [131.00534319100018, 34.37770416200016]]], [[[133.24647083000002, 34.3751883330001], [133.24647083000002, 34.3751883330001]]], [[[133.58882805400015, 34.38121582900004], [133.58882805400015, 34.38121582900004]]], [[[133.3908311150002, 34.38128666700004], [133.3908311150002, 34.38128666700004]]], [[[133.65187488200002, 34.37798997400017], [133.65187488200002, 34.37798997400017]]], [[[133.26250138800003, 34.382105279000086], [133.26250138800003, 34.382105279000086]]], [[[133.4954424770001, 34.384831973000075], [133.4954424770001, 34.384831973000075]]], [[[133.39548754200007, 34.38000912600012], [133.39548754200007, 34.38000912600012]]], [[[133.16893549900033, 34.38625733300006], [133.16893549900033, 34.38625733300006]]], [[[131.01008930000023, 34.391077135000046], [131.01008930000023, 34.391077135000046]]], [[[131.2538303890002, 34.391525135], [131.2538303890002, 34.391525135]]], [[[133.83223542200017, 34.3877926670001], [133.83223542200017, 34.3877926670001]]], [[[133.8223473910001, 34.38280070900004], [133.8223473910001, 34.38280070900004]]], [[[131.20456351500002, 34.393487685000025], [131.20456351500002, 34.393487685000025]]], [[[133.92534345, 34.39413149500018], [133.92534345, 34.39413149500018]]], [[[133.81266332000007, 34.39512819800012], [133.81266332000007, 34.39512819800012]]], [[[134.17643386500004, 34.39124930600019], [134.17643386500004, 34.39124930600019]]], [[[133.01046490300007, 32.76760959900008], [132.95036092100008, 32.82060330600012], [133.00554917000022, 32.879425], [132.99552616100004, 32.96282958600017], [133.0376791440002, 33.03763762200009], [133.1092448510003, 33.07612487400007], [133.1657367370002, 33.13771313600006], [133.22620861200005, 33.1942813870001], [133.25678194600005, 33.27408944100006], [133.26466555100012, 33.35941694600018], [133.3425055250001, 33.39251284300002], [133.42018832700023, 33.41229666700008], [133.4874976130002, 33.462704441000085], [133.57488294400002, 33.495499], [133.6592307520001, 33.53104638700006], [133.74571948100004, 33.53702231500017], [133.83497360600006, 33.512789721000104], [133.9219253050003, 33.49210509000011], [133.98235832700027, 33.43498389200005], [134.03738578500008, 33.371106252000175], [134.10573061900016, 33.322258569000155], [134.16403946800017, 33.26622665800005], [134.19997111500015, 33.349888892000024], [134.24155106600028, 33.450473776000024], [134.28972584700023, 33.52011808000009], [134.35232340200002, 33.57806743000009], [134.39159749700013, 33.647897495], [134.4661404420001, 33.68021520900004], [134.54418548800015, 33.72115804900017], [134.61003068600007, 33.776351724000165], [134.68476509800018, 33.80493239800006], [134.63223854700004, 33.865538765999986], [134.7031772040002, 33.91392196300012], [134.65346810600022, 33.98269782900013], [134.58931338500008, 34.0320391620001], [134.60546888500005, 34.12220389200007], [134.58537547300023, 34.201749], [134.50617347600007, 34.22580636000015], [134.41529082500017, 34.21944126700009], [134.34234105100018, 34.25336266700015], [134.2709683270001, 34.29021255900017], [134.21656959300003, 34.36208823200002], [134.14301325600002, 34.39779719799998], [134.07867180300002, 34.350000000000136], [133.99642175100007, 34.354903387000036], [133.91640861200005, 34.37704749500011], [133.85311219200003, 34.32761241400016], [133.77214150500004, 34.3059760270001], [133.71316023400004, 34.24773743300011], [133.6263004020002, 34.238238901000045], [133.6456872240002, 34.158973829000104], [133.6367721140001, 34.07802158600015], [133.57797616100015, 34.02239400000019], [133.51083364500028, 33.97149680200016], [133.43117026000016, 33.98690964000019], [133.3467656490002, 33.98254401899999], [133.26687955900002, 33.97265410799997], [133.18860623900002, 33.94386950500018], [133.10776016900002, 33.94776272100006], [133.0504644230001, 34.00909630600006], [133.0020477820001, 34.074925613], [132.94573518800007, 34.136003027000015], [132.9118966410001, 34.06245013500006], [132.833159689, 34.03254558600008], [132.77189766500032, 33.97924589200005], [132.73163803600016, 33.902789456000164], [132.68732946800014, 33.834117720999984], [132.6929932170002, 33.75237561300008], [132.6379079410002, 33.689873978000094], [132.56195050600013, 33.64751636000017], [132.48640778200001, 33.616755360000184], [132.42624311300006, 33.554803748000154], [132.3530641630001, 33.510430559000156], [132.27743138800008, 33.47314110800005], [132.19464055800006, 33.452322495000146], [132.12750472100004, 33.40669838700012], [132.04504610900017, 33.36792889200018], [132.129471942, 33.363509444000044], [132.20216483100012, 33.41473548300007], [132.28084840200006, 33.44703524900018], [132.35340983100014, 33.48873797300013], [132.40611802900014, 33.42834491900004], [132.41154435800013, 33.346722108000165], [132.48807297000008, 33.31786641400009], [132.52272787000004, 33.24525619200011], [132.4929963940001, 33.168335495000065], [132.4224950580002, 33.21114253200017], [132.44886566800005, 33.134940162000134], [132.48844406000012, 33.0646651080001], [132.40375084200025, 33.06917414700007], [132.48158367100007, 33.04955338700006], [132.51393367100013, 32.975836000000186], [132.4721850230003, 32.90600407000005], [132.54846128400015, 32.932799333000105], [132.63835522400018, 32.925234710000154], [132.71710033700003, 32.908613973000115], [132.65684583700022, 32.85425861300007], [132.6389555510002, 32.77523138700013], [132.71678991700003, 32.79372438399997], [132.78864027200018, 32.754655000000184], [132.86173692600005, 32.79064036900019], [132.94351202300015, 32.78325577500004], [133.00074134400018, 32.72268458600007], [133.01046490300007, 32.76760959900008]], [[132.96065638000016, 32.86149117700006], [132.96065638000016, 32.86149117700006]], [[133.24884844400015, 33.24344686500007], [133.24884844400015, 33.24344686500007]], [[133.24297262700009, 33.33278516700017], [133.24297262700009, 33.33278516700017]], [[133.44132153100009, 33.435778667000136], [133.44132153100009, 33.435778667000136]], [[133.50528539000015, 33.46861401400014], [133.50528539000015, 33.46861401400014]], [[133.6937665180002, 33.535444392000045], [133.6937665180002, 33.535444392000045]], [[133.95618840500003, 33.44506419400011], [133.95618840500003, 33.44506419400011]], [[134.14658532400017, 33.286163126000076], [134.14658532400017, 33.286163126000076]], [[134.63773493500003, 33.87179802700018], [134.63773493500003, 33.87179802700018]], [[134.58789292500012, 34.04554304100003], [134.58789292500012, 34.04554304100003]], [[133.8273345140002, 34.32250325300009], [133.8273345140002, 34.32250325300009]], [[133.44338758600009, 33.983715573000154], [133.44338758600009, 33.983715573000154]], [[132.76971801600007, 33.97572998200013], [132.76971801600007, 33.97572998200013]], [[134.5944148880002, 34.063514342000076], [134.5944148880002, 34.063514342000076]], [[132.69924736700023, 33.75658597300014], [132.69924736700023, 33.75658597300014]]], [[[133.71274204900033, 34.40056838700008], [133.71274204900033, 34.40056838700008]]], [[[133.78408625200007, 34.39709191900016], [133.78408625200007, 34.39709191900016]]], [[[133.54501168600018, 34.402156946000105], [133.54501168600018, 34.402156946000105]]], [[[129.38729579200003, 34.401487104000125], [129.38729579200003, 34.401487104000125]]], [[[133.77484027200012, 34.40419972100011], [133.77484027200012, 34.40419972100011]]], [[[133.78396527900009, 34.40723416200012], [133.78396527900009, 34.40723416200012]]], [[[133.81290552500013, 34.407344829000124], [133.81290552500013, 34.407344829000124]]], [[[133.21548055800008, 34.409089027], [133.21548055800008, 34.409089027]]], [[[134.0567327760001, 34.39608572100008], [134.0567327760001, 34.39608572100008]]], [[[131.27560166000023, 34.41030849500004], [131.27560166000023, 34.41030849500004]]], [[[133.67604166, 34.40929949500003], [133.67604166, 34.40929949500003]]], [[[134.13753590700003, 34.41112083399997], [134.13753590700003, 34.41112083399997]]], [[[134.1230529510001, 34.410410840000054], [134.1230529510001, 34.410410840000054]]], [[[134.09913515000005, 34.401437807000036], [134.09913515000005, 34.401437807000036]]], [[[133.78023649800002, 34.415174586000035], [133.78023649800002, 34.415174586000035]]], [[[133.51807643400014, 34.41023611300005], [133.51807643400014, 34.41023611300005]]], [[[131.26890429300022, 34.417036794000126], [131.26890429300022, 34.417036794000126]]], [[[133.51666888500006, 34.42085555900013], [133.51666888500006, 34.42085555900013]]], [[[135.3171821530002, 34.42062614900016], [135.24882878400024, 34.376767341000175], [135.17649514900017, 34.33768904100015], [135.09820897500003, 34.31458313500008], [135.13273547300003, 34.22988249500003], [135.18358500600016, 34.15964991900012], [135.11425452700018, 34.11913289200015], [135.14616180300004, 34.04532110800005], [135.08961339200016, 33.98685664000004], [135.0817838910001, 33.906603333000135], [135.15896341100017, 33.867304946000104], [135.2183806490001, 33.81152770300014], [135.29472299600002, 33.77155541400015], [135.3642697800001, 33.729579748], [135.37790220700015, 33.650184951000085], [135.40893441600008, 33.57572400900011], [135.48661943900015, 33.54812610300013], [135.55975869000008, 33.51413941400017], [135.63985600500007, 33.50504464000011], [135.72160403400017, 33.479242667000165], [135.795968119, 33.44492723000013], [135.83986302200003, 33.51323991900006], [135.91252429700012, 33.55004523700012], [135.9435734760001, 33.625990613], [135.9931752790003, 33.69566638700002], [136.04112800300004, 33.7950611980001], [136.1008461350001, 33.885394667000185], [136.17240094700014, 33.92604527900011], [136.2104399220001, 33.99925308100018], [136.21452167300004, 34.080030946000136], [136.29286413700015, 34.09671438700019], [136.30227941600015, 34.17626266700012], [136.3796785280001, 34.20310365300014], [136.45741075200021, 34.22260228400012], [136.52474799900006, 34.26712778399997], [136.60510705600018, 34.25848546800006], [136.66988235700035, 34.30836407100014], [136.75176226100007, 34.29332491600002], [136.83715347600003, 34.30742336000003], [136.76300288000016, 34.27700620600001], [136.840659533, 34.252264468000135], [136.8927195660002, 34.31573104900019], [136.8195425550001, 34.35855094600009], [136.89636678300008, 34.38943844100004], [136.87127500600013, 34.46853966700007], [136.7953215560001, 34.506523973000185], [136.72251897500007, 34.54274955900007], [136.64787494200016, 34.588914721000094], [136.56505727000024, 34.60774451100002], [136.52986630400017, 34.68417816200008], [136.54045157000007, 34.76603759500017], [136.59555215600005, 34.82800606800009], [136.64706131000014, 34.90408425200013], [136.65038639400007, 34.99135194600018], [136.72998596600019, 35.02561169400013], [136.83008258100006, 35.050249838000184], [136.8201333850002, 34.966436559000044], [136.8221162330001, 34.883582394000086], [136.85716854700013, 34.80374573900019], [136.88150367100025, 34.72686808100008], [136.96457693900015, 34.701181667000185], [136.91464630400003, 34.770454532000144], [136.92622238700017, 34.85146294600008], [136.9732470040003, 34.91742597300015], [136.95752564200018, 34.837114973000155], [137.01990802900002, 34.784372892000135], [137.10386511000002, 34.78486001400012], [137.18936216600002, 34.77571074800005], [137.2647168870002, 34.80593874800019], [137.32031422800003, 34.73283444100008], [137.2326692480001, 34.699144387], [137.15786050600002, 34.65467636000017], [137.07517158200017, 34.66300380200016], [137.027256329, 34.59049810800008], [137.11763689100007, 34.58714556300009], [137.2096679770002, 34.61149627900011], [137.3082227760002, 34.63958149500007], [137.43537297000034, 34.66668069400009], [137.57142399500003, 34.68020666700005], [137.67676718500013, 34.669861333000085], [137.7583450840002, 34.65415158600007], [137.8422924380003, 34.65651249500013], [137.9701703630002, 34.66535586500015], [138.08568594000008, 34.64055038700013], [138.18040613500023, 34.607212829000105], [138.20590508400016, 34.68361794600008], [138.26756808000027, 34.753113252000105], [138.32828353000002, 34.81757299500009], [138.3479256940002, 34.89618942800013], [138.41465447500002, 34.94276191900019], [138.5023049680002, 34.97437494600007], [138.53434771700006, 35.05596930600018], [138.60120430600034, 35.11518214400007], [138.68094058400004, 35.13217505400013], [138.77217756200002, 35.12717453200008], [138.85111277600004, 35.086524748000045], [138.89722917000006, 35.02075346800018], [138.81380255500017, 35.02281725200004], [138.76583416300002, 34.95226889200012], [138.75822431900008, 34.87097687400018], [138.75857527900018, 34.79084110800011], [138.7397254330001, 34.70484554800004], [138.78750616100024, 34.64014128800011], [138.8656571470002, 34.61982906300017], [138.9357583210001, 34.659039054000175], [138.99286589600013, 34.717712920999986], [139.0515782750001, 34.78059709900015], [139.08594250300007, 34.85413194600011], [139.14024861200016, 34.92100444100009], [139.0929802720001, 34.99111027900017], [139.0742211150001, 35.07866389200012], [139.1172490790001, 35.147366], [139.14191007800014, 35.225636973000064], [139.20659680900008, 35.27651186500003], [139.31201907900015, 35.30592108100012], [139.39406700400002, 35.31637466700016], [139.48161793800023, 35.30670318000011], [139.5650615070001, 35.29259176300019], [139.60742163400016, 35.22370861300004], [139.60774407300005, 35.142801176000035], [139.6898660830003, 35.208711027000106], [139.67187330700017, 35.28838238700007], [139.65093605700008, 35.36641650500013], [139.69061389100023, 35.43922397300008], [139.73031083, 35.51529597300015], [139.8260277820001, 35.54157017100016], [139.74978422800007, 35.56662580200003], [139.7609873020001, 35.65187197300003], [139.84025416300028, 35.63389222500007], [139.93950655000015, 35.64048886500018], [140.04857935500013, 35.62714235300007], [140.11415461700017, 35.57251422500008], [140.0377289490001, 35.51628322500011], [139.96569007800008, 35.46851400000014], [139.89721949800014, 35.42325871500003], [139.83916549900005, 35.36730419800011], [139.85199199700003, 35.28610710800018], [139.82978783400017, 35.203238802000044], [139.83119313900022, 35.11923336000007], [139.82427697200023, 35.03780650000016], [139.76577556400002, 34.97478220700009], [139.82576942900016, 34.919615225000086], [139.90917367100008, 34.90489566700006], [139.9608074450001, 34.967871414], [140.00906939000004, 35.03507477500017], [140.08308139300004, 35.068815735000044], [140.15005394300022, 35.116644694000115], [140.23251302200003, 35.11513480200006], [140.3043930870001, 35.15121222500005], [140.38271111500012, 35.18769197300003], [140.4000585990002, 35.269673153000156], [140.39201310700014, 35.3588870590001], [140.40565614200034, 35.44901715300017], [140.44666830100005, 35.52097253200009], [140.5505548640001, 35.621670225000116], [140.62240682300023, 35.67128239200014], [140.7173950580002, 35.699941468000134], [140.807829222, 35.711877306000076], [140.7981096110002, 35.79344517100003], [140.7405559140002, 35.86968441400012], [140.6713744230001, 35.911605802000054], [140.66183160800006, 35.991236135000065], [140.6197171340001, 36.066120360000184], [140.5864337480001, 36.13935160400001], [140.5662469780002, 36.21790736000008], [140.57294103700008, 36.302709754000034], [140.6229309470002, 36.367202919000135], [140.60836666700004, 36.45201438700019], [140.6381965500002, 36.53746686500011], [140.68002530500019, 36.61483353200009], [140.71650738000005, 36.692645946000084], [140.7484519200001, 36.78436433300004], [140.79658014300014, 36.84961050500016], [140.8540124770002, 36.92022358600019], [140.93425513600005, 36.94997917100005], [140.97278600500022, 37.02230294600008], [140.9897764200001, 37.10175261300009], [141.00104461700028, 37.19090102700011], [141.01803474700023, 37.27770214400016], [141.03332645900002, 37.357025712000166], [141.035984137, 37.44577978400008], [141.03045167300002, 37.528798838000114], [141.0224069520001, 37.62105831500003], [141.01237831400022, 37.72624286500013], [140.98587108900017, 37.80834567600016], [140.93589940300012, 37.87386055000013], [140.91462282700024, 37.97567440500012], [140.9297535930002, 38.09662155000018], [140.96317714300005, 38.17362817500003], [141.0222777170003, 38.264326748000144], [141.05009325600008, 38.33956791000003], [141.1193523610001, 38.38074241400011], [141.2036620880001, 38.39022174800016], [141.28532817100006, 38.419428486000186], [141.36905605700008, 38.40745177500003], [141.44374985700017, 38.376103838000176], [141.4876564980001, 38.30720453200013], [141.50584879400003, 38.386147099000084], [141.44845485100006, 38.445751613000084], [141.4832354990001, 38.5198606670001], [141.50196961100016, 38.59985477500015], [141.44615856000007, 38.662458694000065], [141.52147634900018, 38.699865721000094], [141.51768926100033, 38.78027786500007], [141.58577745800017, 38.82521675700008], [141.57500692600001, 38.90617799100005], [141.65119691300004, 38.87302041400005], [141.63134771700004, 38.95425866700009], [141.71399119300008, 38.94573933300006], [141.7099981450001, 39.02569853200015], [141.790214858, 39.03316962600013], [141.8679816010001, 39.06094460700007], [141.8503565010002, 39.139013331000115], [141.92225905300006, 39.177949640000065], [141.963759728, 39.24761666700016], [141.8861842540001, 39.26986608100003], [141.95703359700008, 39.313863988000094], [141.94595561600022, 39.393692225000166], [142.02300697800013, 39.42022766700012], [141.95375710800022, 39.46662152300007], [142.02536391700005, 39.5074528020001], [142.03203293200033, 39.58879076000011], [141.94807276300014, 39.58766390100004], [141.97593374200028, 39.664487980000104], [141.98912892300007, 39.746076261000155], [141.98847335900018, 39.8266886940001], [141.94941251600005, 39.90597859500019], [141.95404044100007, 39.98709343900009], [141.88700828800006, 40.031372306000094], [141.8287475750003, 40.08624784700004], [141.86326946100007, 40.1609167740001], [141.8319756640002, 40.23491385400007], [141.78963756300016, 40.303979495000135], [141.74775438400013, 40.37587564900019], [141.69378800300024, 40.43518389200011], [141.63017372200022, 40.49095330600005], [141.56585931000006, 40.54312656000013], [141.48351717300034, 40.561300306000135], [141.44145547300002, 40.65871272100014], [141.41908488000013, 40.73837144900017], [141.39998666700012, 40.8360757480001], [141.39044031100002, 40.917549027000064], [141.3861921140001, 41.023745973000075], [141.3943862000001, 41.104582685000025], [141.39369391700006, 41.18773308100009], [141.44190022000032, 41.35596180200014], [141.34477124500017, 41.359489892], [141.26358238700004, 41.35604600000016], [141.17871352800012, 41.399348252000095], [141.119803917, 41.45578397300005], [141.0205272500001, 41.483147225000096], [140.9449160570001, 41.52351113500009], [140.8821645270001, 41.4681951980001], [140.8327263550002, 41.405256694000116], [140.80100766500004, 41.32804658600003], [140.78559289200007, 41.23471494600011], [140.7655734760001, 41.153983973000095], [140.8471286900002, 41.15550402700012], [140.9294524380001, 41.17328933300013], [141.00871352800004, 41.1977045860001], [141.09881022000002, 41.212905667000086], [141.15912464300004, 41.27778264000017], [141.24800291800022, 41.22370491900011], [141.27248005200022, 41.13505236000003], [141.2420093390001, 41.05972958600012], [141.21172461700007, 40.952109721000056], [141.15868399500016, 40.88624889200014], [141.07190941600004, 40.90219955900017], [140.99853083000005, 40.93716841400004], [140.93974394300005, 40.99517725200019], [140.86001099900034, 40.97175502700014], [140.85891394300018, 40.89035272100011], [140.79501308700014, 40.83592869400002], [140.7144531910002, 40.84581397300019], [140.66681714000003, 40.93192465900006], [140.64883945500003, 41.01471258600009], [140.63152208800022, 41.09793825200012], [140.63712461700004, 41.18637827900011], [140.56343180300007, 41.2266368650001], [140.4868029050001, 41.1844268430001], [140.40672697800017, 41.21893244100016], [140.33238202300004, 41.18387644100005], [140.26484102500012, 41.135578108000175], [140.32323705600004, 41.079504027000155], [140.31224238700008, 40.95912397300009], [140.27694469500022, 40.84614189200005], [140.22759085600012, 40.78150727900015], [140.14264639400005, 40.75038030600018], [140.05800610900008, 40.769139919000054], [139.98976797700004, 40.723063532000026], [139.93551677200003, 40.66388555400016], [139.8645686640001, 40.61642261300011], [139.93332335900004, 40.56575155900015], [139.9471467830001, 40.47843572100004], [139.97098102600035, 40.39914780100014], [140.02459632900013, 40.318351721], [140.0072419710001, 40.23823225199999], [139.97257797700001, 40.12514338700004], [139.92355863800003, 40.0408456670001], [139.84962469500022, 39.97349827900018], [139.7657190010002, 39.97486527900014], [139.71652710100022, 39.9101838740001], [139.78410381300012, 39.85902290100012], [139.85976823700003, 39.89458251100018], [139.950374527, 39.889816919000054], [140.0211317510002, 39.82789169400013], [140.04901000000018, 39.75229297300007], [140.06301880700005, 39.65355861300003], [140.05613272400012, 39.56621622500006], [140.04002330700007, 39.477414559000124], [140.01434170400012, 39.394828861000065], [139.9743293900001, 39.30423036000002], [139.91496697800005, 39.249141414000064], [139.89493199700019, 39.1560510270001], [139.8728026980001, 39.07779486499999], [139.84162308700002, 38.98789291900016], [139.80484878100003, 38.90610027900016], [139.75379555100005, 38.78599364000007], [139.69340180300014, 38.727980505000176], [139.6211303890001, 38.67848225200015], [139.57422301500014, 38.60949074900003], [139.52998055800015, 38.51412800000014], [139.48635163400002, 38.446013441000105], [139.45021380000003, 38.36113836000004], [139.44946360600022, 38.27622538700007], [139.42825712100012, 38.19839633400005], [139.36751503200003, 38.09952327900015], [139.30384815800005, 38.04219127000016], [139.22735719900004, 37.99896196900016], [139.12418713400007, 37.96020677500019], [139.04117295700019, 37.93424400900017], [138.95520783400002, 37.883735027000114], [138.87901330700004, 37.84560433300015], [138.81815194600006, 37.78875638700015], [138.78427430600027, 37.71442822500012], [138.75992875500003, 37.63505513500013], [138.71463114100004, 37.56021972100007], [138.6481415820001, 37.50925625200017], [138.5948214140002, 37.434607333000145], [138.54415650500005, 37.372678353000026], [138.46794075200012, 37.33663464000017], [138.38823732800017, 37.28235664000016], [138.31892306100008, 37.22711394600009], [138.24939652400008, 37.18251246800014], [138.16897804100006, 37.16221783400016], [138.08778194600006, 37.16546191900005], [138.0192301950001, 37.114040775000035], [137.94285866400003, 37.08087033300012], [137.8439270560002, 37.04491150500013], [137.767298911, 37.017546559000095], [137.68004791200008, 36.99060810800006], [137.587606939, 36.97481453200015], [137.49083335900002, 36.95427117100007], [137.41911252900013, 36.911698306], [137.39593644600018, 36.82752283800005], [137.33464674400022, 36.76551958599998], [137.24278483800003, 36.766107054000145], [137.15557450100005, 36.76322761299997], [137.0791963040001, 36.78827297300012], [137.008067782, 36.835692027000164], [137.02689045400007, 36.91778341500003], [137.0537966280001, 36.994812468000134], [137.05445128400015, 37.0750032520001], [136.9777963040001, 37.05076983800018], [136.9065016080001, 37.088862252000126], [136.8890913360002, 37.168867300000045], [136.94934391700008, 37.23031902700018], [137.018562244, 37.188775108000186], [137.0863188070001, 37.24948117100007], [137.15064819700012, 37.298437053999976], [137.2328673280001, 37.296829468000055], [137.23703699100008, 37.38373536000017], [137.30027197100003, 37.44263975700005], [137.3459815860001, 37.50975759300013], [137.26666992200023, 37.528263865000156], [137.18913712400013, 37.5040130700001], [137.1105169130003, 37.4866974410001], [137.02948730200012, 37.43278713500018], [136.92593655000007, 37.39530480200011], [136.84542783400002, 37.39962291900008], [136.7719394940001, 37.36754427900013], [136.72453494200022, 37.30308402700018], [136.7011409470001, 37.223102919000155], [136.66950498800009, 37.14699430100006], [136.7237356420003, 37.08635825200008], [136.75099075200012, 37.01081594600015], [136.74974160800002, 36.92755808099997], [136.7441338650001, 36.82820474800019], [136.69397011700016, 36.737834135000185], [136.64714177700012, 36.67044027900016], [136.58643932800032, 36.609323687000085], [136.5366495850002, 36.54576094600009], [136.478631725, 36.49065344100006], [136.41251224400003, 36.41586010800006], [136.34689255500007, 36.365921387000185], [136.27902333300017, 36.323374892000174], [136.21334255500017, 36.273560585999974], [136.12609216900012, 36.25123707900008], [136.09038902700013, 36.16051541400003], [136.03472209600022, 36.10238884600005], [136.0034250320001, 36.02798933300011], [135.9864093440001, 35.94732990300008], [136.01341008600002, 35.86992389000005], [136.07668523100006, 35.81068352000017], [136.09598269800006, 35.729619559000184], [136.0569036710001, 35.65674583800012], [136.0282597920002, 35.73703683800005], [135.97229705600012, 35.67669369400005], [135.926221284, 35.61017366700008], [135.84368691300017, 35.62638041400015], [135.82555808000006, 35.54652741400008], [135.74472632900006, 35.56439183800006], [135.71963138800004, 35.485040387000026], [135.63851399500004, 35.47973991900005], [135.5560953050001, 35.490550441000096], [135.50198355400028, 35.55359772100002], [135.42612585400002, 35.58008744800003], [135.35190747100012, 35.54430200000019], [135.3982207260002, 35.478885441000045], [135.32172827500005, 35.45244166700019], [135.2720505840001, 35.524714505000134], [135.19248744500032, 35.540191802000095], [135.2334412450001, 35.61132941400007], [135.28739861200017, 35.67582833300014], [135.2508633330001, 35.75135972100003], [135.16706031100023, 35.75738210800017], [135.08463596600006, 35.73919685200008], [135.01852044100008, 35.692454135000105], [134.94330997100008, 35.653778154000065], [134.86256394300017, 35.657838225000035], [134.7826777560001, 35.66468055900003], [134.69778378600017, 35.6553852350001], [134.6163001430001, 35.639275333000114], [134.53878447500006, 35.67039380200015], [134.4613477820002, 35.64008166700006], [134.3830602720003, 35.613697775], [134.30513490600003, 35.592843605999974], [134.23095966300014, 35.546398171000135], [134.15164946800007, 35.53076291900004], [134.07225880700003, 35.52036777500001], [133.9915092220001, 35.5254450540001], [133.90757910900004, 35.50961287200005], [133.81571655000005, 35.50147425200004], [133.7174329180001, 35.50401395500012], [133.63318739300007, 35.51943644100004], [133.54608583700008, 35.521476667000115], [133.46032202300012, 35.49874664000015], [133.3924497800001, 35.453513306000104], [133.30124350200015, 35.47431044100006], [133.24454924800023, 35.53512155900006], [133.32151011700023, 35.56344474600007], [133.23676944200008, 35.56992583800019], [133.15621888500016, 35.565473054], [133.08391027200014, 35.60089944100014], [133.02818666700034, 35.53842917100019], [132.946636667, 35.51600055900019], [132.86534477000032, 35.51325589200019], [132.79002055800015, 35.481322505000094], [132.7098361090001, 35.44126250500017], [132.62891194500003, 35.435154100000034], [132.66946172500013, 35.34853980200006], [132.61489029200004, 35.28160565400009], [132.5362619030002, 35.25579700200018], [132.46681897500002, 35.21178853200007], [132.40138308700023, 35.16501280199998], [132.34908549900013, 35.10338694600006], [132.28559936400018, 35.04824205400013], [132.20210308700018, 35.0053616940001], [132.1176314400003, 34.951285946000155], [132.05745752200005, 34.88893060900017], [131.99297198900013, 34.838201713000046], [131.93109119300004, 34.78291622500018], [131.86859593400004, 34.73257683600019], [131.80002795100017, 34.68877308100002], [131.71991978900007, 34.676569998000105], [131.64383518800014, 34.64715945000012], [131.5661263940002, 34.62062361300019], [131.52034972800016, 34.55399916200014], [131.4500644750001, 34.506990054000084], [131.4142442540002, 34.43393869400006], [131.33515360600018, 34.415124081000044], [131.25816961100008, 34.385632559000044], [131.1781456030002, 34.37770587400013], [131.1059147210002, 34.41415330600006], [131.00975605700012, 34.41322672100006], [130.95315736700013, 34.35488991900013], [130.8849053570001, 34.31086905400019], [130.9230193000002, 34.23549382900012], [130.9042209470001, 34.152787162000095], [130.88208902200006, 34.074498166000126], [130.9086942280003, 33.99249638700013], [130.99030258100004, 33.98520586500018], [131.03684763900003, 34.05708210800009], [131.11037489000012, 34.01793905400018], [131.1591013100002, 33.953865694000115], [131.24219533100006, 33.94871616200015], [131.32783814800007, 33.95197023100019], [131.3833407000003, 34.02219564000012], [131.4574794680001, 33.98695580200007], [131.54016549900007, 33.99751330600003], [131.61794142700023, 34.02799891900008], [131.69744697800002, 34.046446833], [131.78002691300026, 34.05351019800014], [131.78928989000008, 33.973621725000044], [131.86417102500013, 34.0070507480001], [131.9245626060001, 33.95280929500018], [131.99685655300016, 33.918365772000186], [132.07713043500007, 33.90077430600007], [132.12463666700023, 33.835133054000096], [132.12485422800023, 33.92652100000015], [132.20056988300018, 33.983348829000136], [132.20930902700013, 34.06776253200002], [132.2523759400002, 34.158098162000044], [132.22065968900006, 34.232760000000155], [132.2820907260001, 34.28597213500018], [132.34762495100006, 34.341656359000126], [132.42956710800001, 34.356292468000106], [132.51759364500003, 34.36510427900009], [132.51645066100002, 34.284852595000075], [132.5435959140001, 34.206077], [132.62547542200014, 34.21158453200013], [132.7013184440001, 34.23751577500008], [132.76962858600007, 34.27921964], [132.85270166000032, 34.29330761300014], [132.92920753600004, 34.32577296400018], [133.01063954600022, 34.32914206300018], [133.08373140100002, 34.36554099100016], [133.16453961100024, 34.39580218100002], [133.2454816080001, 34.42421022500008], [133.31471221800007, 34.380997225000044], [133.38678245200015, 34.42057553600017], [133.44570944200018, 34.47717194600011], [133.52414549900004, 34.45121589200011], [133.60179055800006, 34.47320555900012], [133.66965752300007, 34.519204495000054], [133.73741396900016, 34.47077046800018], [133.8125443580002, 34.43195413500007], [133.9005535540001, 34.456546991000096], [133.96167967700012, 34.513519141000074], [134.03242306100003, 34.55288249500006], [133.95872166000004, 34.58406144100019], [134.04215568100005, 34.60829444600017], [134.12020610900004, 34.588741946000084], [134.17312897500005, 34.651019775000066], [134.2376174970002, 34.70010527900013], [134.31530023300013, 34.73211574800001], [134.40129863800018, 34.729403892], [134.46014805400023, 34.785771865000186], [134.54077849300006, 34.770157651000034], [134.62377749900008, 34.77196125100005], [134.703701582, 34.77648838700014], [134.78534980500012, 34.74057182900009], [134.86389886100028, 34.708469299000114], [134.93565647200012, 34.66595002700012], [135.0138013620001, 34.64169138700004], [135.10232208800005, 34.63707513500003], [135.18331108900009, 34.64948927900008], [135.26819538300015, 34.701838495000175], [135.34889031100022, 34.714665360000026], [135.42225972800009, 34.67963297299997], [135.4465658370002, 34.601861162000034], [135.41887617400005, 34.519482234000066], [135.35397093400002, 34.46294300400018], [135.3171821530002, 34.42062614900016]], [[135.78571965000003, 33.47544324800009], [135.78571965000003, 33.47544324800009]], [[135.94916396900032, 33.62902397300019], [135.94916396900032, 33.62902397300019]], [[135.97589003300004, 33.66133138800018], [135.97589003300004, 33.66133138800018]], [[136.02078454600007, 33.736550960000045], [136.02078454600007, 33.736550960000045]], [[136.2212159820001, 34.0641165510001], [136.2212159820001, 34.0641165510001]], [[136.80877296600033, 34.32785252600013], [136.80877296600033, 34.32785252600013]], [[136.85965784100017, 34.27115483700004], [136.85965784100017, 34.27115483700004]], [[136.86554490300023, 34.461529946000155], [136.86554490300023, 34.461529946000155]], [[136.8225179120002, 34.90462439200007], [136.8225179120002, 34.90462439200007]], [[136.84389682200003, 34.871411488000035], [136.84389682200003, 34.871411488000035]], [[136.97260871000026, 34.69870489200014], [136.97260871000026, 34.69870489200014]], [[137.13640629700012, 34.78795765600012], [137.13640629700012, 34.78795765600012]], [[137.10333767600002, 34.638562962000094], [137.10333767600002, 34.638562962000094]], [[138.26779148600008, 34.754584766000164], [138.26779148600008, 34.754584766000164]], [[138.7689656550001, 34.77357375300005], [138.7689656550001, 34.77357375300005]], [[139.94232958500004, 34.92360874800005], [139.94232958500004, 34.92360874800005]], [[140.10808098600023, 35.093095221000056], [140.10808098600023, 35.093095221000056]], [[140.2203183470001, 35.11600568], [140.2203183470001, 35.11600568]], [[140.3319486260002, 35.15489996000008], [140.3319486260002, 35.15489996000008]], [[141.50395073300012, 38.60134089700017], [141.50395073300012, 38.60134089700017]], [[142.05299053900023, 39.53214227000012], [142.05299053900023, 39.53214227000012]], [[140.85688310000012, 41.43316251400017], [140.85688310000012, 41.43316251400017]], [[140.73457447500004, 40.833146419000116], [140.73457447500004, 40.833146419000116]], [[139.89687531800007, 39.2015329730001], [139.89687531800007, 39.2015329730001]], [[139.73290657000018, 38.763316766000116], [139.73290657000018, 38.763316766000116]], [[137.42645104100018, 36.92486686200016], [137.42645104100018, 36.92486686200016]], [[137.41547598700015, 36.892263927000045], [137.41547598700015, 36.892263927000045]], [[137.09224611600018, 37.47204639200015], [137.09224611600018, 37.47204639200015]], [[135.63517348300002, 35.480380041000046], [135.63517348300002, 35.480380041000046]], [[133.93818976500006, 35.51678704100004], [133.93818976500006, 35.51678704100004]], [[133.25391527900024, 35.553125834000184], [133.25391527900024, 35.553125834000184]], [[132.02038108700003, 34.869941396000115], [132.02038108700003, 34.869941396000115]], [[130.88749279500018, 34.272493347000136], [130.88749279500018, 34.272493347000136]], [[130.90832806100013, 34.248277462000146], [130.90832806100013, 34.248277462000146]], [[131.26224313900013, 33.924737572000026], [131.26224313900013, 33.924737572000026]], [[131.74348563600006, 34.07053052700019], [131.74348563600006, 34.07053052700019]], [[132.21818221200022, 34.04290337400005], [132.21818221200022, 34.04290337400005]], [[132.26705502000004, 34.27783196000013], [132.26705502000004, 34.27783196000013]], [[132.87567467600002, 34.31453353600017], [132.87567467600002, 34.31453353600017]], [[133.38678245200015, 34.42057553600017], [133.38678245200015, 34.42057553600017]], [[133.55902599900003, 34.46705554500005], [133.55902599900003, 34.46705554500005]], [[133.84722873600026, 34.46962809900009], [133.84722873600026, 34.46962809900009]], [[134.70137134900006, 34.77619272100003], [134.70137134900006, 34.77619272100003]], [[135.3171821530002, 34.42062614900016], [135.3171821530002, 34.42062614900016]], [[136.64982308700007, 34.29024805400019], [136.64982308700007, 34.29024805400019]], [[139.9013226320002, 35.415378555000075], [139.9013226320002, 35.415378555000075]]], [[[134.12662024600024, 34.41824536000007], [134.12662024600024, 34.41824536000007]]], [[[133.924874358, 34.417429613000024], [133.924874358, 34.417429613000024]]], [[[129.269014835, 34.4174640920001], [129.269014835, 34.4174640920001]]], [[[133.83677832700005, 34.425470775000065], [133.83677832700005, 34.425470775000065]]], [[[133.81875891100003, 34.42545986500005], [133.81875891100003, 34.42545986500005]]], [[[134.2901839430001, 34.42562627899997], [134.2901839430001, 34.42562627899997]]], [[[133.8080979130001, 34.422478397000134], [133.8080979130001, 34.422478397000134]]], [[[131.19570242600003, 34.428358554], [131.19570242600003, 34.428358554]]], [[[129.2667345010002, 34.427697613000134], [129.2667345010002, 34.427697613000134]]], [[[131.16847594700005, 34.428536473000065], [131.16847594700005, 34.428536473000065]]], [[[133.76885163400004, 34.42575466700015], [133.76885163400004, 34.42575466700015]]], [[[139.24264768800015, 34.362879772000156], [139.24264768800015, 34.362879772000156]]], [[[133.49086722400034, 34.432132495000076], [133.49086722400034, 34.432132495000076]]], [[[131.31909623900003, 34.432979944000124], [131.31909623900003, 34.432979944000124]]], [[[134.05909450100023, 34.41989253200012], [134.05909450100023, 34.41989253200012]]], [[[133.51313472100003, 34.433778892000134], [133.51313472100003, 34.433778892000134]]], [[[131.23531394300005, 34.43669910800003], [131.23531394300005, 34.43669910800003]]], [[[133.50057778200005, 34.433964721000166], [133.50057778200005, 34.433964721000166]]], [[[133.79287333300022, 34.43766861300003], [133.79287333300022, 34.43766861300003]]], [[[131.25362521600005, 34.423479386000054], [131.17248228300002, 34.427604279000036], [131.25304388900008, 34.42390758000016], [131.25362521600005, 34.423479386000054]]], [[[133.5044641630003, 34.4383150000001], [133.5044641630003, 34.4383150000001]]], [[[134.3502079120001, 34.43746025200011], [134.3502079120001, 34.43746025200011]]], [[[133.8143230290002, 34.44056790600018], [133.8143230290002, 34.44056790600018]]], [[[134.01484083000003, 34.44176527900004], [134.01484083000003, 34.44176527900004]]], [[[134.3240720040002, 34.44683020700006], [134.3240720040002, 34.44683020700006]]], [[[134.3240720040002, 34.44683020700006], [134.3240720040002, 34.44683020700006]]], [[[133.75452247400005, 34.44783352100012], [133.75452247400005, 34.44783352100012]]], [[[133.85334230900014, 34.45021725200013], [133.85334230900014, 34.45021725200013]]], [[[134.01683639400005, 34.45006944100004], [134.01683639400005, 34.45006944100004]]], [[[129.37737238700026, 34.45265098900012], [129.37737238700026, 34.45265098900012]]], [[[136.89100824900027, 34.45251480200011], [136.89100824900027, 34.45251480200011]]], [[[135.2399195590002, 34.438503279000145], [135.2399195590002, 34.438503279000145]]], [[[133.74683941600006, 34.455260973000065], [133.74683941600006, 34.455260973000065]]], [[[136.89525143100002, 34.455537227000036], [136.89525143100002, 34.455537227000036]]], [[[133.9662063940001, 34.461161108], [133.9662063940001, 34.461161108]]], [[[133.76223557700007, 34.462242252000124], [133.76223557700007, 34.462242252000124]]], [[[133.69294099900014, 34.462334775000045], [133.69294099900014, 34.462334775000045]]], [[[134.1114041630001, 34.463489441000036], [134.1114041630001, 34.463489441000036]]], [[[133.7152451620001, 34.46436453200005], [133.7152451620001, 34.46436453200005]]], [[[131.379420341, 34.465658011000016], [131.379420341, 34.465658011000016]]], [[[135.32977866800013, 34.447766546000025], [135.32977866800013, 34.447766546000025]]], [[[134.3121831130003, 34.47055586500011], [134.3121831130003, 34.47055586500011]]], [[[134.00435194600004, 34.47318], [134.00435194600004, 34.47318]]], [[[134.19039444900022, 34.47078166700015], [134.19039444900022, 34.47078166700015]]], [[[133.52637722400004, 34.473465], [133.52637722400004, 34.473465]]], [[[133.95839111500004, 34.47166361300009], [133.95839111500004, 34.47166361300009]]], [[[139.29173625200008, 34.46994638800004], [139.29173625200008, 34.46994638800004]]], [[[133.99577083000008, 34.476507495000135], [133.99577083000008, 34.476507495000135]]], [[[133.9698149940001, 34.477985279], [133.9698149940001, 34.477985279]]], [[[135.3598048880001, 34.47367778600005], [135.3598048880001, 34.47367778600005]]], [[[133.97234389100004, 34.48051194600009], [133.97234389100004, 34.48051194600009]]], [[[134.12814416300012, 34.48151027900019], [134.12814416300012, 34.48151027900019]]], [[[136.8479470560003, 34.48333074800007], [136.8479470560003, 34.48333074800007]]], [[[135.3605743840002, 34.48293269400017], [135.3605743840002, 34.48293269400017]]], [[[133.99450194600024, 34.483368892000044], [133.99450194600024, 34.483368892000044]]], [[[131.38170953300005, 34.487473054000134], [131.38170953300005, 34.487473054000134]]], [[[136.86163963700005, 34.490583468000125], [136.86163963700005, 34.490583468000125]]], [[[134.35496564200014, 34.491434865000144], [134.35496564200014, 34.491434865000144]]], [[[129.42163111500008, 34.49209774800016], [129.42163111500008, 34.49209774800016]]], [[[133.97905527900002, 34.49509749500015], [133.97905527900002, 34.49509749500015]]], [[[133.97614455300004, 34.497573973000044], [133.97614455300004, 34.497573973000044]]], [[[131.45756477300017, 34.49782130600016], [131.45756477300017, 34.49782130600016]]], [[[134.05782790800015, 34.48776594900016], [134.05782790800015, 34.48776594900016]]], [[[136.90476748400033, 34.50292312100015], [136.90476748400033, 34.50292312100015]]], [[[131.34368880700004, 34.503671108000106], [131.34368880700004, 34.503671108000106]]], [[[133.68441632900021, 34.504266721000135], [133.68441632900021, 34.504266721000135]]], [[[133.9778819390001, 34.50437319400015], [133.9778819390001, 34.50437319400015]]], [[[136.8362330870002, 34.50235172100014], [136.8362330870002, 34.50235172100014]]], [[[134.0213986120001, 34.50748305400003], [134.0213986120001, 34.50748305400003]]], [[[133.97468389100015, 34.511155829000074], [133.97468389100015, 34.511155829000074]]], [[[131.40958597300016, 34.49060714000012], [131.40958597300016, 34.49060714000012]]], [[[131.45099463700012, 34.51444122100014], [131.45099463700012, 34.51444122100014]]], [[[131.28154020800025, 34.51431116700002], [131.28154020800025, 34.51431116700002]]], [[[136.84450036300018, 34.52026827900016], [136.84450036300018, 34.52026827900016]]], [[[134.15300055800003, 34.520401108000044], [134.15300055800003, 34.520401108000044]]], [[[134.16469221800014, 34.52210444100001], [134.16469221800014, 34.52210444100001]]], [[[136.85762649800006, 34.52113089200003], [136.85762649800006, 34.52113089200003]]], [[[131.3924692480001, 34.52218972100019], [131.3924692480001, 34.52218972100019]]], [[[134.1719049940001, 34.52758], [134.1719049940001, 34.52758]]], [[[136.75739557700012, 34.52833941400013], [136.75739557700012, 34.52833941400013]]], [[[134.1603961090001, 34.52969610800017], [134.1603961090001, 34.52969610800017]]], [[[135.40269494200004, 34.52556269400009], [135.40269494200004, 34.52556269400009]]], [[[139.28047311500018, 34.53334949200007], [139.28047311500018, 34.53334949200007]]], [[[134.9064409990002, 34.53368772599998], [134.9064409990002, 34.53368772599998]]], [[[136.73759364500017, 34.53722977500007], [136.73759364500017, 34.53722977500007]]], [[[136.90446935800003, 34.52892829300009], [136.90446935800003, 34.52892829300009]]], [[[136.9029334500001, 34.53874822500012], [136.9029334500001, 34.53874822500012]]], [[[136.73253657400005, 34.535737305000055], [136.73253657400005, 34.535737305000055]]], [[[134.3622101950001, 34.54161413500009], [134.3622101950001, 34.54161413500009]]], [[[136.90909164100015, 34.54402457000015], [136.90909164100015, 34.54402457000015]]], [[[136.92390708000016, 34.54819479900016], [136.92390708000016, 34.54819479900016]]], [[[136.9779691760001, 34.5508122920001], [136.9779691760001, 34.5508122920001]]], [[[134.29841111500014, 34.551560829000096], [134.29841111500014, 34.551560829000096]]], [[[136.98198939100007, 34.54001159300003], [136.98198939100007, 34.54001159300003]]], [[[135.44095866400016, 34.554258559], [135.44095866400016, 34.554258559]]], [[[134.2820174970002, 34.55694916199997], [134.2820174970002, 34.55694916199997]]], [[[135.01249944000006, 34.55690073700015], [135.01249944000006, 34.55690073700015]]], [[[134.09376869000027, 34.55772105400007], [134.09376869000027, 34.55772105400007]]], [[[134.09162058400022, 34.5615576400001], [134.09162058400022, 34.5615576400001]]], [[[134.11086735900005, 34.562291926000114], [134.11086735900005, 34.562291926000114]]], [[[134.3476933920001, 34.56024806800008], [134.26437306100001, 34.55327472100015], [134.19183027200006, 34.51882889200016], [134.23807849500008, 34.449465721000024], [134.3142257850002, 34.47517741400014], [134.34778053200034, 34.5508407480001], [134.3476933920001, 34.56024806800008]], [[134.18926368600012, 34.481857739000134], [134.18926368600012, 34.481857739000134]]], [[[131.51658707500007, 34.564714050000134], [131.51658707500007, 34.564714050000134]]], [[[131.51658707500007, 34.564714050000134], [131.51658707500007, 34.564714050000134]]], [[[134.1057743130002, 34.56666659000001], [134.1057743130002, 34.56666659000001]]], [[[134.09823955900026, 34.56519346800019], [134.09823955900026, 34.56519346800019]]], [[[131.47998830100005, 34.57235633300013], [131.47998830100005, 34.57235633300013]]], [[[138.94234221800014, 34.57565194600005], [138.94234221800014, 34.57565194600005]]], [[[134.4628158370001, 34.59547166700014], [134.4628158370001, 34.59547166700014]]], [[[134.46755166000014, 34.595522225000025], [134.46755166000014, 34.595522225000025]]], [[[134.4840147210001, 34.59993277500013], [134.4840147210001, 34.59993277500013]]], [[[134.16332416700004, 34.59949458300008], [134.16332416700004, 34.59949458300008]]], [[[134.190963333, 34.60138055900018], [134.190963333, 34.60138055900018]]], [[[134.46785166000006, 34.60310805400019], [134.46785166000006, 34.60310805400019]]], [[[133.99075810600027, 34.60297372100018], [133.99075810600027, 34.60297372100018]]], [[[138.82461269800012, 34.60624938700016], [138.82461269800012, 34.60624938700016]]], [[[133.98384108300002, 34.606706248000194], [133.98384108300002, 34.606706248000194]]], [[[134.94801452700005, 34.28942628000004], [134.89482788600003, 34.35127669400009], [134.91130627800032, 34.42980582500013], [134.97260044100005, 34.49700205400006], [135.0256676130001, 34.57612010800011], [134.93588983100005, 34.551886468000134], [134.85898578500007, 34.49623220700005], [134.79072832700012, 34.430465279000146], [134.74303784300002, 34.357614481000155], [134.67352919600012, 34.31689080200016], [134.70114740100018, 34.24125602400005], [134.77543727600016, 34.200506441000186], [134.8845677820001, 34.244198081000036], [134.94801452700005, 34.28942628000004]], [[134.9142115830001, 34.331220541000164], [134.9142115830001, 34.331220541000164]], [[134.89922763500022, 34.34720543000003], [134.89922763500022, 34.34720543000003]], [[134.65824348000012, 34.292552054000055], [134.65824348000012, 34.292552054000055]]], [[[134.474598054, 34.61081805400005], [134.474598054, 34.61081805400005]]], [[[134.2086435020001, 34.61143800000019], [134.2086435020001, 34.61143800000019]]], [[[129.46421443600002, 34.61353894600012], [129.46421443600002, 34.61353894600012]]], [[[138.8110593790002, 34.61493264600017], [138.8110593790002, 34.61493264600017]]], [[[134.16473622, 34.6068716370001], [134.16473622, 34.6068716370001]]], [[[135.40220046700006, 34.62067364000018], [135.40220046700006, 34.62067364000018]]], [[[134.42422306100002, 34.622685559000104], [134.42422306100002, 34.622685559000104]]], [[[136.5484929180002, 34.62907058600018], [136.5484929180002, 34.62907058600018]]], [[[138.21056294400023, 34.62999855900017], [138.21056294400023, 34.62999855900017]]], [[[131.59852608300014, 34.63081497300004], [131.59852608300014, 34.63081497300004]]], [[[131.5799291860002, 34.63100023100009], [131.5799291860002, 34.63100023100009]]], [[[129.48524663500018, 34.63071754100014], [129.48524663500018, 34.63071754100014]]], [[[135.349357004, 34.62006964000011], [135.349357004, 34.62006964000011]]], [[[134.50010113700012, 34.63019081600015], [134.50010113700012, 34.63019081600015]]], [[[134.48153444900004, 34.639413613000045], [134.48153444900004, 34.639413613000045]]], [[[135.2365491700001, 34.640808865000054], [135.2365491700001, 34.640808865000054]]], [[[135.41691289200014, 34.64467716200011], [135.41691289200014, 34.64467716200011]]], [[[134.5863257960002, 34.64086137200019], [134.5863257960002, 34.64086137200019]]], [[[134.96650734800016, 34.64602148700004], [134.96650734800016, 34.64602148700004]]], [[[137.11552319100008, 34.643214865000175], [137.11552319100008, 34.643214865000175]]], [[[134.53180431400017, 34.64244500700005], [134.53180431400017, 34.64244500700005]]], [[[137.12639741300018, 34.649230581000154], [137.12639741300018, 34.649230581000154]]], [[[129.47746888400013, 34.649281171999974], [129.47746888400013, 34.649281171999974]]], [[[137.10196624600007, 34.65252402699997], [137.10196624600007, 34.65252402699997]]], [[[137.124875136, 34.65333174800014], [137.124875136, 34.65333174800014]]], [[[137.09477596700015, 34.652881969000134], [137.09477596700015, 34.652881969000134]]], [[[134.44110888500006, 34.653885], [134.44110888500006, 34.653885]]], [[[138.95846417000018, 34.65462286500008], [138.95846417000018, 34.65462286500008]]], [[[134.52984096900013, 34.655255785000065], [134.52984096900013, 34.655255785000065]]], [[[134.51333162800006, 34.65681081300011], [134.51333162800006, 34.65681081300011]]], [[[137.00917584, 34.65755018300018], [137.00917584, 34.65755018300018]]], [[[135.39882448600008, 34.65721153700008], [135.39882448600008, 34.65721153700008]], [[135.39682432100005, 34.64621903000011], [135.39682432100005, 34.64621903000011]]], [[[138.9458648220001, 34.665099598000154], [138.9458648220001, 34.665099598000154]]], [[[135.28019223100011, 34.65135209900018], [135.28019223100011, 34.65135209900018]]], [[[134.21516610900005, 34.66710861300004], [134.21516610900005, 34.66710861300004]]], [[[138.979694547, 34.66836588800004], [138.979694547, 34.66836588800004]]], [[[134.50106194600005, 34.64648750000015], [134.50106194600005, 34.64648750000015]]], [[[135.4109496890003, 34.665644108000095], [135.4109496890003, 34.665644108000095]]], [[[131.60578462600006, 34.67523134300012], [131.60578462600006, 34.67523134300012]]], [[[134.5733787810002, 34.67668116200008], [134.5733787810002, 34.67668116200008]]], [[[134.60850861200015, 34.67806846900004], [134.60850861200015, 34.67806846900004]]], [[[134.60850861200015, 34.67806846900004], [134.60850861200015, 34.67806846900004]]], [[[134.24149527900022, 34.67844277500012], [134.24149527900022, 34.67844277500012]]], [[[137.00055581100003, 34.68015782900005], [137.00055581100003, 34.68015782900005]]], [[[134.22633888500013, 34.68076416200006], [134.22633888500013, 34.68076416200006]]], [[[135.22552311300012, 34.67788819800012], [135.22552311300012, 34.67788819800012]]], [[[129.4795004670001, 34.68329486500011], [129.4795004670001, 34.68329486500011]]], [[[136.999782481, 34.673269700000105], [136.999782481, 34.673269700000105]], [[137.00421418300004, 34.68265730700011], [137.00421418300004, 34.68265730700011]]], [[[138.20903700400027, 34.685881054000106], [138.20903700400027, 34.685881054000106]]], [[[134.53763250300017, 34.68463166700002], [134.53763250300017, 34.68463166700002]]], [[[134.29166666700007, 34.68566138700015], [134.29166666700007, 34.68566138700015]]], [[[134.6378794420002, 34.687464441000145], [134.6378794420002, 34.687464441000145]]], [[[134.25581499400027, 34.687979161999976], [134.25581499400027, 34.687979161999976]]], [[[134.71527308700013, 34.68607894600018], [134.71527308700013, 34.68607894600018]]], [[[137.00828972800002, 34.69127555900013], [137.00828972800002, 34.69127555900013]]], [[[134.32122517500022, 34.692673901000035], [134.32122517500022, 34.692673901000035]]], [[[135.28815830100018, 34.6966677210001], [135.28815830100018, 34.6966677210001]]], [[[134.87434800300014, 34.69942972100017], [134.87434800300014, 34.69942972100017]]], [[[134.2837598660002, 34.698474679000185], [134.2837598660002, 34.698474679000185]]], [[[129.44551719800018, 34.705190225000024], [129.44551719800018, 34.705190225000024]]], [[[129.47746888400013, 34.649281171999974], [129.39566198400018, 34.663141811000116], [129.31773310000017, 34.625896811000075], [129.32706337700006, 34.54404201500006], [129.27989168600016, 34.47552945900003], [129.27116330700017, 34.3943233870001], [129.35001029800003, 34.37434706300013], [129.3551787030002, 34.293792072000144], [129.27791490300012, 34.32345081100016], [129.19794561600008, 34.318978167000125], [129.1912917640002, 34.235772784], [129.17250651100017, 34.15582331500002], [129.21246909200022, 34.08487153200008], [129.27636649800002, 34.13314473900016], [129.30448612200007, 34.21074385600019], [129.34838173800006, 34.278215910000085], [129.38580085600017, 34.35027345900011], [129.36396000000013, 34.428493162000166], [129.41720041500002, 34.49181295500017], [129.47162857300032, 34.55302940500013], [129.44524901400018, 34.62858991900015], [129.47746888400013, 34.649281171999974]], [[129.34768344400004, 34.33120488800006], [129.34768344400004, 34.33120488800006]], [[129.34029518600016, 34.29356322900014], [129.34029518600016, 34.29356322900014]], [[129.40954617400007, 34.49031228000007], [129.40954617400007, 34.49031228000007]], [[129.44671812900015, 34.52974507900018], [129.44671812900015, 34.52974507900018]]], [[[134.2640947210001, 34.70609110800007], [134.2640947210001, 34.70609110800007]]], [[[129.43576941600008, 34.707873919], [129.43576941600008, 34.707873919]]], [[[136.5241152980002, 34.70933637900009], [136.5241152980002, 34.70933637900009]]], [[[137.00753444900033, 34.70936014000017], [137.00753444900033, 34.70936014000017]]], [[[134.86211632900006, 34.70744208100018], [134.86211632900006, 34.70744208100018]]], [[[134.21513673200002, 34.71246632400016], [134.21513673200002, 34.71246632400016]]], [[[134.26624491600012, 34.713622972999985], [134.26624491600012, 34.713622972999985]]], [[[135.353051154, 34.70733200900014], [135.353051154, 34.70733200900014]]], [[[137.2532598570001, 34.7154455320001], [137.2532598570001, 34.7154455320001]]], [[[135.3220401230003, 34.708204275000185], [135.3220401230003, 34.708204275000185]], [[135.3220401230003, 34.708204275000185], [135.3220401230003, 34.708204275000185]]], [[[137.04569599900003, 34.71609183800007], [137.04569599900003, 34.71609183800007]]], [[[135.3040711670002, 34.70569941400015], [135.3040711670002, 34.70569941400015]]], [[[135.33471104400007, 34.72156824800004], [135.33471104400007, 34.72156824800004]]], [[[129.44462831400017, 34.724274676000164], [129.44462831400017, 34.724274676000164]]], [[[134.21877753600018, 34.723092351000105], [134.21877753600018, 34.723092351000105]]], [[[134.31113277600002, 34.72714231500004], [134.31113277600002, 34.72714231500004]]], [[[137.0489052380001, 34.71533100500011], [137.0489052380001, 34.71533100500011]]], [[[134.49382, 34.74058749500011], [134.49382, 34.74058749500011]]], [[[137.31880941600002, 34.748491694000165], [137.31880941600002, 34.748491694000165]]], [[[134.50006333300018, 34.749223891999975], [134.50006333300018, 34.749223891999975]]], [[[134.43968204900034, 34.76391927900005], [134.43968204900034, 34.76391927900005]]], [[[134.45231498700002, 34.76771244200012], [134.45231498700002, 34.76771244200012]]], [[[137.1033149420001, 34.766845721000095], [137.1033149420001, 34.766845721000095]]], [[[134.6988203760003, 34.76273532900018], [134.6988203760003, 34.76273532900018]]], [[[134.59308683200004, 34.76947894900019], [134.59308683200004, 34.76947894900019]]], [[[134.66337027200007, 34.76543916200012], [134.66337027200007, 34.76543916200012]]], [[[137.14791549900008, 34.77213746800015], [137.14791549900008, 34.77213746800015]]], [[[137.08499237400008, 34.77845876600003], [137.08499237400008, 34.77845876600003]]], [[[137.14618655000015, 34.77887119800005], [137.14618655000015, 34.77887119800005]]], [[[131.91379024200023, 34.77979202800003], [131.91379024200023, 34.77979202800003]]], [[[138.7593875250002, 34.78257370100005], [138.7593875250002, 34.78257370100005]]], [[[137.14548176400012, 34.78636772100009], [137.14548176400012, 34.78636772100009]]], [[[137.23631031100012, 34.78940836000004], [137.23631031100012, 34.78940836000004]]], [[[131.1351784440002, 34.79249794100019], [131.1351784440002, 34.79249794100019]]], [[[139.35186435300022, 34.74687823600004], [139.4015965220002, 34.68195715500008], [139.44089233600027, 34.75241814100008], [139.3728363040002, 34.79830010799998], [139.35186435300022, 34.74687823600004]]], [[[138.75556840800016, 34.80506895600013], [138.75556840800016, 34.80506895600013]]], [[[137.31137350200015, 34.7990636940001], [137.31137350200015, 34.7990636940001]]], [[[137.2323608040001, 34.81089777500006], [137.2323608040001, 34.81089777500006]]], [[[136.9571996100002, 34.827501030000064], [136.9571996100002, 34.827501030000064]]], [[[131.8335188850001, 34.83739527900008], [131.8335188850001, 34.83739527900008]]], [[[136.8190287550001, 34.861233441000024], [136.8190287550001, 34.861233441000024]]], [[[132.05179280200002, 34.896683225000174], [132.05179280200002, 34.896683225000174]]], [[[132.0633769330001, 34.903658667], [132.0633769330001, 34.903658667]]], [[[132.05175814500024, 34.90523319800019], [132.05175814500024, 34.90523319800019]]], [[[139.92983307400016, 34.90951760400014], [139.92983307400016, 34.90951760400014]]], [[[136.82178441100018, 34.96117343300011], [136.82178441100018, 34.96117343300011]]], [[[136.67299822300004, 34.99793802700003], [136.67299822300004, 34.99793802700003]]], [[[136.8154277760001, 35.00043638700015], [136.8154277760001, 35.00043638700015]]], [[[139.84829544700005, 35.023321450000026], [139.84829544700005, 35.023321450000026]]], [[[140.0113300370001, 35.0340915540001], [140.0113300370001, 35.0340915540001]]], [[[138.89049525300004, 35.03103408099997], [138.89049525300004, 35.03103408099997]]], [[[139.1696792800002, 35.042557820000184], [139.1696792800002, 35.042557820000184]]], [[[136.8309026070002, 35.049372000000176], [136.8309026070002, 35.049372000000176]]], [[[132.28383649800003, 35.050788414000124], [132.28383649800003, 35.050788414000124]]], [[[136.84866975400007, 35.05604525200005], [136.84866975400007, 35.05604525200005]]], [[[136.87709391700025, 35.05507217100012], [136.87709391700025, 35.05507217100012]]], [[[140.10254547700004, 35.07756672300002], [140.10254547700004, 35.07756672300002]]], [[[139.81551989000002, 35.10842286100012], [139.81551989000002, 35.10842286100012]]], [[[139.61231873600013, 35.137653905000036], [139.61231873600013, 35.137653905000036]]], [[[132.39899123200007, 35.16944693300013], [132.39899123200007, 35.16944693300013]]], [[[139.60586003900016, 35.220139928000094], [139.60586003900016, 35.220139928000094]]], [[[139.59905588900028, 35.22438178100015], [139.59905588900028, 35.22438178100015]]], [[[139.73640472100033, 35.246472180000126], [139.73640472100033, 35.246472180000126]]], [[[139.56096557800004, 35.271579092000025], [139.56096557800004, 35.271579092000025]]], [[[139.6948751100001, 35.28604464000017], [139.6948751100001, 35.28604464000017]]], [[[139.82560140700014, 35.30045495100012], [139.82560140700014, 35.30045495100012]]], [[[139.82303852100017, 35.30146983800017], [139.82303852100017, 35.30146983800017]]], [[[139.48336460100006, 35.3010685270001], [139.48336460100006, 35.3010685270001]]], [[[139.65184241200006, 35.30741844100004], [139.65184241200006, 35.30741844100004]]], [[[139.7442833330001, 35.312294387000065], [139.7442833330001, 35.312294387000065]]], [[[139.76830246400016, 35.31573357700006], [139.76830246400016, 35.31573357700006]]], [[[139.41432334700028, 35.31590864000003], [139.41432334700028, 35.31590864000003]]], [[[139.81344155000022, 35.316198081000095], [139.81344155000022, 35.316198081000095]]], [[[139.63807688200006, 35.32690212800014], [139.63807688200006, 35.32690212800014]]], [[[139.6459310700002, 35.33433636000012], [139.6459310700002, 35.33433636000012]]], [[[139.91311535700004, 35.38550233300009], [139.91311535700004, 35.38550233300009]]], [[[132.66215180300014, 35.40125486500017], [132.66215180300014, 35.40125486500017]]], [[[139.69211589500014, 35.41005300500018], [139.69211589500014, 35.41005300500018]]], [[[132.63811720700016, 35.43196840900015], [132.63811720700016, 35.43196840900015]]], [[[132.65580908900006, 35.44045144100005], [132.65580908900006, 35.44045144100005]]], [[[132.75372413700018, 35.45571933300016], [132.75372413700018, 35.45571933300016]]], [[[139.6730947750002, 35.460592199000075], [139.6730947750002, 35.460592199000075]]], [[[135.33599583700004, 35.47321846800003], [135.33599583700004, 35.47321846800003]]], [[[139.6559611670001, 35.47022408100014], [139.6559611670001, 35.47022408100014]]], [[[135.34389802900012, 35.49087272100013], [135.34389802900012, 35.49087272100013]]], [[[139.83581620000018, 35.49153461300017], [139.83581620000018, 35.49153461300017]]], [[[139.72532834000003, 35.46979643200001], [139.72532834000003, 35.46979643200001]]], [[[135.54551312500007, 35.49642718400008], [135.54551312500007, 35.49642718400008]]], [[[135.36875557700023, 35.497202613000184], [135.36875557700023, 35.497202613000184]]], [[[135.34046758800014, 35.49872605400003], [135.34046758800014, 35.49872605400003]]], [[[135.68387180300022, 35.49735708100019], [135.68387180300022, 35.49735708100019]]], [[[139.77835458900006, 35.50448350900007], [139.77835458900006, 35.50448350900007]]], [[[135.6499295850001, 35.52084277500006], [135.6499295850001, 35.52084277500006]]], [[[135.73834736700007, 35.52528797300016], [135.73834736700007, 35.52528797300016]]], [[[139.76128994800013, 35.52215755500015], [139.76128994800013, 35.52215755500015]]], [[[135.65339491300006, 35.52983177700008], [135.65339491300006, 35.52983177700008]]], [[[133.01935527900002, 35.54460444100005], [133.01935527900002, 35.54460444100005]]], [[[134.18475280200016, 35.547002333000194], [134.18475280200016, 35.547002333000194]]], [[[140.0710123870001, 35.55761219800013], [140.0710123870001, 35.55761219800013]]], [[[135.48127992200023, 35.56656189200004], [135.48127992200023, 35.56656189200004]]], [[[133.05298359300002, 35.564748], [133.05298359300002, 35.564748]]], [[[133.0462080540001, 35.57194889200008], [133.0462080540001, 35.57194889200008]]], [[[139.7738019970002, 35.574520532000065], [139.7738019970002, 35.574520532000065]]], [[[133.21346777600002, 35.57554861300014], [133.21346777600002, 35.57554861300014]]], [[[135.3957754490001, 35.576589790000185], [135.3957754490001, 35.576589790000185]]], [[[135.8383253830001, 35.577815279000106], [135.8383253830001, 35.577815279000106]]], [[[135.39037095300012, 35.580047345000025], [135.39037095300012, 35.580047345000025]]], [[[133.23461357900032, 35.579304120000074], [133.23461357900032, 35.579304120000074]]], [[[133.05602597300003, 35.580844446000185], [133.05602597300003, 35.580844446000185]]], [[[134.3045331730001, 35.593554501000085], [134.3045331730001, 35.593554501000085]]], [[[133.11962957900016, 35.590170694000165], [133.11962957900016, 35.590170694000165]]], [[[133.12110922400007, 35.595072226000184], [133.12110922400007, 35.595072226000184]]], [[[133.0976605180001, 35.60376722500007], [133.0976605180001, 35.60376722500007]]], [[[135.48151750300008, 35.594379027000116], [135.48151750300008, 35.594379027000116]]], [[[139.8270045270002, 35.59702580200019], [139.8270045270002, 35.59702580200019]]], [[[139.81085013000006, 35.61305172100003], [139.81085013000006, 35.61305172100003]]], [[[139.75798944200005, 35.61767917100008], [139.75798944200005, 35.61767917100008]]], [[[134.38637560100005, 35.616639428000155], [134.38637560100005, 35.616639428000155]]], [[[139.79762758800007, 35.61737969400008], [139.79762758800007, 35.61737969400008]]], [[[139.8401157720001, 35.63116013500013], [139.8401157720001, 35.63116013500013]]], [[[139.75974955900028, 35.619353027000045], [139.75974955900028, 35.619353027000045]]], [[[139.77317433200005, 35.634178919000135], [139.77317433200005, 35.634178919000135]]], [[[139.77317433200005, 35.634178919000135], [139.77317433200005, 35.634178919000135]]], [[[139.86384601600002, 35.63701237600003], [139.86384601600002, 35.63701237600003]]], [[[135.80667155600008, 35.6318082790001], [135.80667155600008, 35.6318082790001]]], [[[139.85560474700014, 35.63856361300003], [139.85560474700014, 35.63856361300003]]], [[[139.82612856000014, 35.64283030600018], [139.82612856000014, 35.64283030600018]]], [[[134.64546627800019, 35.65877613500015], [134.64546627800019, 35.65877613500015]]], [[[134.6373673930002, 35.66021846800004], [134.6373673930002, 35.66021846800004]]], [[[134.50368861200002, 35.6620869460001], [134.50368861200002, 35.6620869460001]]], [[[134.6733284620002, 35.66098809600015], [134.6733284620002, 35.66098809600015]]], [[[135.28162264000002, 35.6659609730001], [135.28162264000002, 35.6659609730001]]], [[[140.62240682300023, 35.67128239200014], [140.62240682300023, 35.67128239200014]]], [[[134.96304255500024, 35.67382489199997], [134.96304255500024, 35.67382489199997]]], [[[139.96336780800016, 35.67964494600017], [139.96336780800016, 35.67964494600017]]], [[[135.4262927760003, 35.67870833300003], [135.4262927760003, 35.67870833300003]]], [[[140.73494060900032, 35.69041287900018], [140.73494060900032, 35.69041287900018]]], [[[135.43835084400007, 35.711230194000166], [135.43835084400007, 35.711230194000166]]], [[[135.0839118550001, 35.73800361299999], [135.0839118550001, 35.73800361299999]]], [[[140.87173647200018, 35.741047014], [140.87173647200018, 35.741047014]]], [[[135.11056339800007, 35.74545893700014], [135.11056339800007, 35.74545893700014]]], [[[140.87173647200018, 35.741047014], [140.87173647200018, 35.741047014]]], [[[135.1560470300002, 35.75403178900012], [135.1560470300002, 35.75403178900012]]], [[[140.69622262000019, 35.93013846800011], [140.69622262000019, 35.93013846800011]]], [[[133.02936832700004, 35.993644441000015], [133.02936832700004, 35.993644441000015]]], [[[133.0403605580002, 35.99644944100015], [133.0403605580002, 35.99644944100015]]], [[[133.0796941630001, 35.99490722500008], [133.0796941630001, 35.99490722500008]]], [[[133.05249305400002, 35.994190973000116], [133.05249305400002, 35.994190973000116]]], [[[133.01185291800005, 36.032542639999974], [133.01185291800005, 36.032542639999974]]], [[[133.0047897280001, 36.04895027900017], [133.0047897280001, 36.04895027900017]]], [[[133.1372522180003, 36.07044861300011], [133.1372522180003, 36.07044861300011]]], [[[133.16701055800013, 36.107363054000075], [133.16701055800013, 36.107363054000075]]], [[[133.0824234700002, 36.04068375200018], [133.13601274400003, 36.10193674400017], [133.07260666700006, 36.050198333000026], [133.0824234700002, 36.04068375200018]]], [[[136.05185848800022, 36.125846043000024], [136.05185848800022, 36.125846043000024]]], [[[133.12204982900005, 36.129122515], [133.12204982900005, 36.129122515]]], [[[133.09010743100032, 36.13741999600006], [133.09010743100032, 36.13741999600006]]], [[[133.17966306100016, 36.13699472100018], [133.17966306100016, 36.13699472100018]]], [[[133.09010743100032, 36.13741999600006], [133.00664555100002, 36.112703613000065], [133.08622424800012, 36.125742173000106], [133.09010743100032, 36.13741999600006]]], [[[133.1226516600002, 36.14847166700014], [133.1226516600002, 36.14847166700014]]], [[[133.25547389100007, 36.15322944100012], [133.25547389100007, 36.15322944100012]]], [[[133.0739058370001, 36.153834171000085], [133.0739058370001, 36.153834171000085]]], [[[133.2390566670001, 36.15752666700007], [133.2390566670001, 36.15752666700007]]], [[[133.25376194600005, 36.15656055900007], [133.25376194600005, 36.15656055900007]]], [[[133.3463818240001, 36.20708687200005], [133.3463818240001, 36.20708687200005]]], [[[133.18823499400014, 36.24592833300011], [133.18823499400014, 36.24592833300011]]], [[[133.37832221800022, 36.25146138700018], [133.37832221800022, 36.25146138700018]]], [[[136.12063632900004, 36.25354344100015], [136.12063632900004, 36.25354344100015]]], [[[133.385745143, 36.27028111300018], [133.385745143, 36.27028111300018]]], [[[140.58099869800003, 36.30863130600011], [140.58099869800003, 36.30863130600011]]], [[[133.34417696900005, 36.308987311000124], [133.34417696900005, 36.308987311000124]]], [[[133.3623648570001, 36.29524430599997], [133.28818972800025, 36.33619750499997], [133.20707055800005, 36.30872833300003], [133.1832908870001, 36.224069842000176], [133.24309208800014, 36.16596041400004], [133.32555708200016, 36.16711474800019], [133.37780393000014, 36.23176646000013], [133.3623648570001, 36.29524430599997]]], [[[133.27750277600012, 36.349685000000136], [133.27750277600012, 36.349685000000136]]], [[[133.28091083000004, 36.35120861300015], [133.28091083000004, 36.35120861300015]]], [[[133.27819917000022, 36.35415194600006], [133.27819917000022, 36.35415194600006]]], [[[140.64411188500003, 36.54071973900011], [140.64411188500003, 36.54071973900011]]], [[[137.2291412320002, 36.76458343700011], [137.2291412320002, 36.76458343700011]]], [[[137.09725622700023, 36.78286619200014], [137.09725622700023, 36.78286619200014]]], [[[137.41532030500002, 36.86650498900002], [137.41532030500002, 36.86650498900002]]], [[[140.9144880870001, 36.93830022999998], [140.9144880870001, 36.93830022999998]]], [[[136.72212337200017, 37.060618707000174], [136.72212337200017, 37.060618707000174]]], [[[136.89200547400014, 37.10289023900009], [136.89200547400014, 37.10289023900009]]], [[[137.05081307800003, 37.15645899800006], [136.9676854600001, 37.15531609100009], [137.03847622600017, 37.117964802000074], [137.05081307800003, 37.15645899800006]]], [[[136.67437011700008, 37.16788997300006], [136.67437011700008, 37.16788997300006]]], [[[136.92065457800015, 37.20163236000013], [136.92065457800015, 37.20163236000013]]], [[[131.86790995800015, 37.239117432000114], [131.86790995800015, 37.239117432000114]]], [[[131.8661954730003, 37.24272066700007], [131.8661954730003, 37.24272066700007]]], [[[141.02967625800022, 37.33599423400011], [141.02967625800022, 37.33599423400011]]], [[[136.90121655000019, 37.39952487800008], [136.90121655000019, 37.39952487800008]]], [[[137.30980481200004, 37.4367747930001], [137.30980481200004, 37.4367747930001]]], [[[141.0430534830001, 37.481041090000076], [141.0430534830001, 37.481041090000076]]], [[[137.12200632300005, 37.49212382700006], [137.12200632300005, 37.49212382700006]]], [[[138.6847912600001, 37.543801510000094], [138.6847912600001, 37.543801510000094]]], [[[136.8548994680002, 37.58912955900007], [136.8548994680002, 37.58912955900007]]], [[[136.87791005200006, 37.58714317099998], [136.87791005200006, 37.58714317099998]]], [[[136.86376866400008, 37.592572333000135], [136.86376866400008, 37.592572333000135]]], [[[136.89796955900022, 37.611197865000065], [136.89796955900022, 37.611197865000065]]], [[[136.90239232800013, 37.61035105900015], [136.90239232800013, 37.61035105900015]]], [[[140.97598107700003, 37.83036765800006], [140.97598107700003, 37.83036765800006]]], [[[136.92445467400034, 37.85230573300004], [136.92445467400034, 37.85230573300004]], [[136.91985928000008, 37.84886990600006], [136.91985928000008, 37.84886990600006]]], [[[139.02045844400004, 37.923349068000164], [139.02045844400004, 37.923349068000164]]], [[[138.33489933900023, 37.959697973], [138.33489933900023, 37.959697973]]], [[[138.45646236100026, 38.070710167000016], [138.45646236100026, 38.070710167000016]]], [[[138.2411068030001, 38.08523454100009], [138.2411068030001, 38.08523454100009]]], [[[140.96686924800008, 38.16957646800006], [140.96686924800008, 38.16957646800006]]], [[[138.39308907900022, 38.24735246800009], [138.39308907900022, 38.24735246800009]]], [[[141.0278945660001, 38.26544937800014], [141.0278945660001, 38.26544937800014]]], [[[141.47472383900003, 38.281249081000055], [141.47472383900003, 38.281249081000055]]], [[[141.43526138800007, 38.28922494600016], [141.43526138800007, 38.28922494600016]]], [[[141.4767995850002, 38.301046982000116], [141.4767995850002, 38.301046982000116]]], [[[141.42512760700015, 38.294143045000055], [141.42512760700015, 38.294143045000055]]], [[[141.5777054670001, 38.305941104000055], [141.5777054670001, 38.305941104000055]]], [[[141.18721306100008, 38.31531800000016], [141.18721306100008, 38.31531800000016]]], [[[141.1566840400002, 38.31766060800015], [141.1566840400002, 38.31766060800015]]], [[[141.11976105100007, 38.319505198], [141.11976105100007, 38.319505198]]], [[[141.1389072610002, 38.323050353000156], [141.1389072610002, 38.323050353000156]]], [[[141.0745196370001, 38.32704291900012], [141.0745196370001, 38.32704291900012]]], [[[141.46761149200017, 38.32699434200009], [141.46761149200017, 38.32699434200009]]], [[[138.49682041800008, 38.22655453900006], [138.51230403400007, 38.31483755900007], [138.4370362520001, 38.270035721000056], [138.36380856000005, 38.21288280200014], [138.30282007800008, 38.158331225000154], [138.25471347600023, 38.09354025200014], [138.2239185210001, 38.018857892000085], [138.3134290270001, 38.002129027000194], [138.28967053200006, 37.92184564000007], [138.26467469500005, 37.84398008100004], [138.34428817100002, 37.82495227900006], [138.41352145400015, 37.86653912800011], [138.48505608300002, 37.91374891900011], [138.52673966300017, 37.98260144100004], [138.56732423000005, 38.055580596000084], [138.48656356700008, 38.06465935100016], [138.45031317200016, 38.13952177100015], [138.49368230200014, 38.21694258100007], [138.49682041800008, 38.22655453900006]], [[138.24039630400023, 38.0832400270001], [138.24039630400023, 38.0832400270001]]], [[[138.4848559210002, 38.331949667], [138.4848559210002, 38.331949667]]], [[[141.0916105130002, 38.33663226600015], [141.0916105130002, 38.33663226600015]]], [[[141.05170540200004, 38.33603975200015], [141.05170540200004, 38.33603975200015]]], [[[141.04426518800028, 38.34124793700005], [141.04426518800028, 38.34124793700005]]], [[[141.104648547, 38.34014958199998], [141.104648547, 38.34014958199998]]], [[[141.11519161700016, 38.34344675800014], [141.11519161700016, 38.34344675800014]]], [[[141.12685096600035, 38.34357278200008], [141.12685096600035, 38.34357278200008]]], [[[141.11052179000023, 38.33511391200011], [141.11052179000023, 38.33511391200011]]], [[[141.1365565240003, 38.34594253200004], [141.1365565240003, 38.34594253200004]]], [[[141.11223526600008, 38.34714784200014], [141.11223526600008, 38.34714784200014]]], [[[141.12823826400006, 38.34373217700005], [141.12823826400006, 38.34373217700005]]], [[[141.1676405290001, 38.348884924000174], [141.1676405290001, 38.348884924000174]]], [[[141.1676405290001, 38.348884924000174], [141.1676405290001, 38.348884924000174]]], [[[141.12227188100007, 38.34874140500011], [141.12227188100007, 38.34874140500011]]], [[[141.1159040340002, 38.350183369000035], [141.1159040340002, 38.350183369000035]]], [[[141.12378302200023, 38.354223811], [141.12378302200023, 38.354223811]]], [[[141.11778125800004, 38.35386355000014], [141.11778125800004, 38.35386355000014]]], [[[141.1612920670001, 38.35251112900005], [141.1612920670001, 38.35251112900005]]], [[[141.1612920670001, 38.35251112900005], [141.1612920670001, 38.35251112900005]]], [[[141.52719399100022, 38.356432478000045], [141.52719399100022, 38.356432478000045]]], [[[141.53104387100007, 38.358390483000164], [141.53104387100007, 38.358390483000164]]], [[[141.07622079500015, 38.364513678000094], [141.07622079500015, 38.364513678000094]]], [[[141.08141450100015, 38.36662853200011], [141.08141450100015, 38.36662853200011]]], [[[141.0704364200002, 38.36783391900008], [141.0704364200002, 38.36783391900008]]], [[[141.0801554950001, 38.37638301100009], [141.0801554950001, 38.37638301100009]]], [[[141.42066228300018, 38.38081372100004], [141.42066228300018, 38.38081372100004]]], [[[141.37900434200014, 38.381722133000096], [141.37900434200014, 38.381722133000096]]], [[[141.60633273700012, 38.39200468500019], [141.60633273700012, 38.39200468500019]]], [[[141.597975775, 38.40013821400015], [141.597975775, 38.40013821400015]]], [[[141.597975775, 38.40013821400015], [141.597975775, 38.40013821400015]]], [[[141.549564507, 38.40351959500009], [141.549564507, 38.40351959500009]]], [[[141.58222167300005, 38.401443955000104], [141.58222167300005, 38.401443955000104]]], [[[141.5536528020001, 38.40340344900005], [141.5536528020001, 38.40340344900005]]], [[[141.59316380500002, 38.42437361800006], [141.59316380500002, 38.42437361800006]]], [[[141.51520572000027, 38.45840032400014], [141.51520572000027, 38.45840032400014]]], [[[141.52173924800013, 38.439497194000126], [141.52173924800013, 38.439497194000126]]], [[[139.2544841900002, 38.46414150000015], [139.2544841900002, 38.46414150000015]]], [[[141.51185812800009, 38.549870092], [141.51185812800009, 38.549870092]]], [[[141.49317090900013, 38.55681023500006], [141.49317090900013, 38.55681023500006]]], [[[141.51658955900007, 38.561826360000055], [141.51658955900007, 38.561826360000055]]], [[[141.47640179500013, 38.56038666400008], [141.47640179500013, 38.56038666400008]]], [[[139.5924112460002, 38.63978897300012], [139.5924112460002, 38.63978897300012]]], [[[141.48963732700008, 38.65075598400006], [141.48963732700008, 38.65075598400006]]], [[[141.46355197100024, 38.66705972100016], [141.46355197100024, 38.66705972100016]]], [[[141.5563179510001, 38.69989346800003], [141.5563179510001, 38.69989346800003]]], [[[139.6836971340001, 38.72437464000018], [139.6836971340001, 38.72437464000018]]], [[[141.5488909400001, 38.74206553200003], [141.5488909400001, 38.74206553200003]]], [[[141.64331508400005, 38.8412996670001], [141.64331508400005, 38.8412996670001]]], [[[141.63895289200002, 38.851930081000035], [141.63895289200002, 38.851930081000035]]], [[[141.63758076500017, 38.83931406800008], [141.63758076500017, 38.83931406800008]]], [[[141.71036501400022, 38.93905474200005], [141.71036501400022, 38.93905474200005]]], [[[141.6460812780001, 38.941849693999984], [141.6460812780001, 38.941849693999984]]], [[[141.74325199800012, 38.98623220800016], [141.74325199800012, 38.98623220800016]]], [[[141.85179535700001, 39.03515527900004], [141.85179535700001, 39.03515527900004]]], [[[139.54810212100017, 39.18649576600018], [139.54810212100017, 39.18649576600018]]], [[[139.5228342800002, 39.18662917100011], [139.5228342800002, 39.18662917100011]]], [[[141.92192574600006, 39.238816874000065], [141.92192574600006, 39.238816874000065]]], [[[141.98187968100012, 39.30908816800019], [141.98187968100012, 39.30908816800019]]], [[[141.969692387, 39.38189383800017], [141.969692387, 39.38189383800017]]], [[[140.01293321100002, 39.395040774999984], [140.01293321100002, 39.395040774999984]]], [[[141.9991504760003, 39.403220003000115], [141.9991504760003, 39.403220003000115]]], [[[142.012108054, 39.4143127210001], [142.012108054, 39.4143127210001]]], [[[142.0390825290002, 39.41986497300013], [142.0390825290002, 39.41986497300013]]], [[[141.97615700400013, 39.46175036000017], [141.97615700400013, 39.46175036000017]]], [[[141.95974085600005, 39.46117074799997], [141.95974085600005, 39.46117074799997]]], [[[141.95445690700012, 39.472086023000145], [141.95445690700012, 39.472086023000145]]], [[[141.9884267440001, 39.67160853200005], [141.9884267440001, 39.67160853200005]]], [[[141.9804694290001, 39.67125729700018], [141.9804694290001, 39.67125729700018]]], [[[141.98778302100004, 39.68650338599997], [141.98778302100004, 39.68650338599997]]], [[[141.98791844400034, 39.7126422610001], [141.98791844400034, 39.7126422610001]]], [[[139.77357518800034, 39.85916443900015], [139.77357518800034, 39.85916443900015]]], [[[139.70146700700002, 39.9471709340001], [139.70146700700002, 39.9471709340001]]], [[[139.69954882800005, 40.01524793100009], [139.69954882800005, 40.01524793100009]]], [[[141.88827041500008, 40.033540378000055], [141.88827041500008, 40.033540378000055]]], [[[139.97053347600013, 40.199995198000124], [139.97053347600013, 40.199995198000124]]], [[[141.76582974100006, 40.35180448200009], [141.76582974100006, 40.35180448200009]]], [[[140.01160350200007, 40.36678408100005], [140.01160350200007, 40.36678408100005]]], [[[141.72310368400008, 40.40688903200004], [141.72310368400008, 40.40688903200004]]], [[[141.61897626500001, 40.50416162200008], [141.61897626500001, 40.50416162200008]]], [[[141.52876786000013, 40.53999836000014], [141.52876786000013, 40.53999836000014]]], [[[140.00063729600004, 40.744970433000105], [140.00063729600004, 40.744970433000105]]], [[[140.03112588800013, 40.75865019800017], [140.03112588800013, 40.75865019800017]]], [[[140.85176677000004, 40.89522864600008], [140.85176677000004, 40.89522864600008]]], [[[140.85271394300003, 40.90845730600017], [140.85271394300003, 40.90845730600017]]], [[[141.3856277110001, 40.9308729010001], [141.3856277110001, 40.9308729010001]]], [[[140.85800000000017, 40.933328775000064], [140.85800000000017, 40.933328775000064]]], [[[140.8766178080001, 41.011175721000086], [140.8766178080001, 41.011175721000086]]], [[[141.25833878100013, 41.201523414000064], [141.25833878100013, 41.201523414000064]]], [[[139.78673333300003, 41.36116250500015], [139.78673333300003, 41.36116250500015]]], [[[139.80660397800023, 41.36547599300013], [139.80660397800023, 41.36547599300013]]], [[[141.45380936700008, 41.396327557], [141.45380936700008, 41.396327557]]], [[[140.08943167300004, 41.420082775000026], [140.08943167300004, 41.420082775000026]]], [[[140.2577067320002, 41.475337279000144], [140.3368132170001, 41.50706283800014], [140.41690111200012, 41.52505215300005], [140.42876722400013, 41.60427610800008], [140.44572847000006, 41.6855240000001], [140.52672527900017, 41.70045222500005], [140.6014013880001, 41.74211361300013], [140.6441490530001, 41.81815872100009], [140.7236561090001, 41.79522146800019], [140.80768822300013, 41.767558586], [140.9067964720001, 41.745702054000105], [140.99284027200008, 41.717372775000115], [141.0695241630001, 41.7410688920001], [141.14192455300008, 41.78513105400003], [141.12337001300023, 41.864746505000085], [141.04621472100007, 41.89356646800019], [140.9611864200001, 41.91524217100016], [140.90872861200012, 41.982908054], [140.82571428000006, 42.03141225200011], [140.7697516730001, 42.09093694600011], [140.69458674400005, 42.128849171000184], [140.61566869000035, 42.114973], [140.53532411200013, 42.121411441000134], [140.465611673, 42.164203613000154], [140.4002201950001, 42.21451036000008], [140.32086025900014, 42.23489061300012], [140.2762142800001, 42.31342983800016], [140.3153530610001, 42.41895889200015], [140.3625975230001, 42.4911124410001], [140.44762333300002, 42.572244171000136], [140.52583306100007, 42.589079721000076], [140.60703306100004, 42.57397361300002], [140.6864227760001, 42.587312225], [140.77072727600023, 42.54015727900003], [140.8342155250001, 42.473439198], [140.8990302200002, 42.418919441000185], [140.9560996370003, 42.35939627900018], [141.0347343840001, 42.33551208100016], [141.09762347600008, 42.40010013500006], [141.17402114100014, 42.44510886500012], [141.3009732170001, 42.51478464000007], [141.38741671900016, 42.56087391900007], [141.46180613500007, 42.59251141400006], [141.58318914400002, 42.62378130600007], [141.66500830100006, 42.647166306000145], [141.75600046700004, 42.62167600000015], [141.90510700400012, 42.576707586000055], [141.97644728900002, 42.5221791080001], [142.0685993000002, 42.478436784000166], [142.16716834000022, 42.45943750500015], [142.24175194600002, 42.408532775000026], [142.3178194420001, 42.35618694600009], [142.39496055800032, 42.31590833300015], [142.47234917000003, 42.278210559000115], [142.55080442300005, 42.249919919000035], [142.62838577200023, 42.22258672100014], [142.71720722400005, 42.18580055900003], [142.80118749700011, 42.150452225000095], [142.89207610900007, 42.133334171], [142.97789000000012, 42.10196222500008], [143.06334722400027, 42.06445194600002], [143.13978083000006, 42.02297769400019], [143.1962558370002, 41.95764027900003], [143.26057805400023, 42.00547805400015], [143.30752360600013, 42.07581166700015], [143.32261416300003, 42.154762225000184], [143.31489444900012, 42.235725838000064], [143.32739435800022, 42.315078919000086], [143.3950461090002, 42.425188054000046], [143.4440930610001, 42.489481108000064], [143.52415666700006, 42.57346889200011], [143.63172917000009, 42.66990972100018], [143.75237472100002, 42.75735417100009], [143.82014230900006, 42.80378917100006], [143.89495000000022, 42.85984694600012], [143.96813749700004, 42.901867505000155], [144.08025486400015, 42.953331297000034], [144.18147058400018, 42.987817387000064], [144.27173233500002, 43.003760712000144], [144.35195744500015, 42.99782305400004], [144.42297797700007, 42.952457532000096], [144.51398861200005, 42.94819638700005], [144.59473805400023, 42.94902805400005], [144.67496277600003, 42.93890138700016], [144.78136168800006, 42.93396967300009], [144.7256080540002, 42.993307505000075], [144.78309181600002, 43.05469081100017], [144.85376058400016, 43.012229559], [144.93818944200007, 42.98813222500013], [145.02213027200003, 42.99972527900013], [145.08814766500006, 43.05139950500018], [145.17264834000002, 43.07603417100006], [145.21975805400007, 43.14168610800016], [145.2970850060001, 43.17265638700013], [145.38018162300023, 43.1821965690001], [145.47888167300005, 43.18809055900016], [145.55382007100013, 43.21625361300016], [145.59685094600002, 43.28421414400009], [145.67088527900023, 43.316921667000145], [145.75120194600004, 43.337646667], [145.817485486, 43.38529104300005], [145.73635805400033, 43.38968777500003], [145.65054632000022, 43.39167180600015], [145.58141996400013, 43.34680517600009], [145.51375693900013, 43.29600417100011], [145.40987000000018, 43.29214555900006], [145.3182200000001, 43.348285000000146], [145.26285610900004, 43.436374441000055], [145.24473972800013, 43.52447110800017], [145.19521221800005, 43.600834441000075], [145.2880373280002, 43.60295330600019], [145.1631183400001, 43.639155838000136], [145.0964508300001, 43.718019171000094], [145.0644041190002, 43.79668507600013], [145.09331749700027, 43.87245694600006], [145.1275741630002, 43.946005279000076], [145.18191666700034, 44.00846333300012], [145.23921500600022, 44.06440333300014], [145.28635111500023, 44.150808054000095], [145.33736610900007, 44.2134419460001], [145.34876111500012, 44.29457000000019], [145.26701972800004, 44.28308777500001], [145.20883306100006, 44.215441946], [145.1358022180002, 44.17056444100007], [145.06939972800012, 44.123768613000095], [145.0004, 44.077728333000096], [144.9292463940002, 44.033196946000146], [144.8560002720002, 43.97440777500003], [144.76047138800016, 43.92495055900008], [144.68060557700016, 43.91763764000012], [144.5541944490002, 43.92131027900018], [144.39848194600017, 43.946102775000156], [144.29893221800012, 43.982325306000064], [144.26164583700017, 44.056839441000136], [144.19007198300017, 44.105478056000095], [144.10791525300021, 44.12029025200013], [143.99989133600013, 44.133736342000134], [143.8789833330003, 44.15803777500008], [143.7982136060001, 44.17712138700006], [143.69130778200008, 44.20818889200012], [143.5673897280002, 44.24927610800012], [143.4814855510001, 44.28061638700018], [143.38285830100006, 44.3248305410001], [143.32286614800023, 44.380985505000126], [143.23195630400005, 44.42304872100004], [143.15176680900015, 44.47098677500003], [143.06339527900025, 44.519261946000086], [142.98976083000002, 44.560611387000165], [142.93080610900006, 44.619004171000086], [142.86274277600012, 44.67202194600003], [142.78838472100006, 44.72089889200004], [142.71968604400013, 44.78613269400006], [142.65755917, 44.842629721000094], [142.5863526720001, 44.921519640000156], [142.54012111500003, 44.99112666700006], [142.489983606, 45.05929166700014], [142.41390666700022, 45.11468], [142.26326555100013, 45.24540694600006], [142.18437194600006, 45.323259171000075], [142.1162108300001, 45.36642444100005], [142.04202444900022, 45.408907775000046], [141.9851519460001, 45.470759440999984], [141.91289972800007, 45.51761972100019], [141.8569230610001, 45.433771946000036], [141.7794563550001, 45.4042248020001], [141.69798683500005, 45.40265855900009], [141.6446014400001, 45.3348174680001], [141.59032280200006, 45.25488000000013], [141.58864, 45.15082583800012], [141.66347555100003, 45.03132583800004], [141.73191444900021, 44.89990333300011], [141.77753917000018, 44.75711222500007], [141.79190277600003, 44.66185472100017], [141.7799002720002, 44.56660805400014], [141.76056861200004, 44.47205527900013], [141.71036722400004, 44.39290983800004], [141.66169583700002, 44.31561], [141.6548749960001, 44.225733480000144], [141.65326, 44.14031110800005], [141.66278389100023, 44.0430980540001], [141.64122422800006, 43.96014717100013], [141.59755722400018, 43.884455000000116], [141.52016533100004, 43.859299505000195], [141.4335402720002, 43.82640417100015], [141.36507639400008, 43.769921667], [141.33887075200005, 43.693604414], [141.38084639400017, 43.606808892000174], [141.35918306100018, 43.528454171000135], [141.404340272, 43.45762500000018], [141.42479, 43.37116027900004], [141.37348269800032, 43.27645118900017], [141.3154076520001, 43.22059806300007], [141.24382703000003, 43.173802973000136], [141.1611284180002, 43.14394858600008], [141.07793552500004, 43.17194436000011], [141.0020604670001, 43.20065125200017], [140.92566832700004, 43.22767217300009], [140.82887680900023, 43.195028027000035], [140.7538369130001, 43.23139672100007], [140.67209286300022, 43.25807167300019], [140.60281841800008, 43.301064910000036], [140.5334811150001, 43.34576472100008], [140.4533375540001, 43.34217239900005], [140.36669888500012, 43.3300627750001], [140.32685389100004, 43.25885583800016], [140.35898083000006, 43.180214171000046], [140.4294998050001, 43.142362973000104], [140.48160416300004, 43.076366387], [140.52904194600012, 43.00599100000011], [140.45864291800012, 42.95962817100019], [140.3803446170001, 42.90363358600018], [140.32293861200003, 42.83960194600019], [140.28056610900023, 42.76937110800003], [140.20471500600001, 42.809480279000184], [140.14426639400017, 42.754555], [140.06745861200034, 42.72092138700009], [139.98916250300022, 42.69210472100019], [139.89872805400012, 42.67990194600014], [139.83937871600006, 42.62353194600007], [139.8378711150001, 42.540865279000116], [139.84777749700015, 42.456233892], [139.81540121700004, 42.38150131900005], [139.76974346300028, 42.312196018], [139.79342, 42.233525838000105], [139.88064805400018, 42.20778500000017], [139.92116083700012, 42.136148748000096], [140.00516472100014, 42.11996972100019], [140.06747527900006, 42.06939805400003], [140.11919111500015, 42.00395750500002], [140.1410536840001, 41.917513279000104], [140.12301904000003, 41.82529305400004], [140.06731608300004, 41.760032027000136], [140.00857944200015, 41.69202444100017], [139.98226664300023, 41.607072536000146], [140.00185688700003, 41.523674721000134], [140.03611333300023, 41.45125889200017], [140.1136711150001, 41.42693166700019], [140.1992338910003, 41.397897225000065], [140.2494022180001, 41.464608054000166], [140.2577067320002, 41.475337279000144]], [[145.11691037600008, 43.078827987000125], [145.11691037600008, 43.078827987000125]], [[141.2918557720002, 43.193671140000106], [141.2918557720002, 43.193671140000106]]], [[[140.99971159600022, 41.4884331], [140.99971159600022, 41.4884331]]], [[[140.01553693900019, 41.48964694600011], [140.01553693900019, 41.48964694600011]]], [[[140.90069352800015, 41.51198917100015], [140.90069352800015, 41.51198917100015]]], [[[139.34872809400008, 41.52464106200006], [139.34872809400008, 41.52464106200006]]], [[[140.9051219070002, 41.53459630600008], [140.9051219070002, 41.53459630600008]]], [[[140.91323350200014, 41.555710360000035], [140.91323350200014, 41.555710360000035]]], [[[141.03097888500008, 41.71595722500007], [141.03097888500008, 41.71595722500007]]], [[[140.60820769100008, 41.758615252000084], [140.60820769100008, 41.758615252000084]]], [[[140.71161804200017, 41.77071232000003], [140.71161804200017, 41.77071232000003]]], [[[142.91124642000023, 42.12684969400004], [142.91124642000023, 42.12684969400004]]], [[[139.91736513000023, 42.13693459900003], [139.91736513000023, 42.13693459900003]]], [[[139.83211930000004, 42.21932727000018], [139.83211930000004, 42.21932727000018]]], [[[139.53751107900018, 42.23407507200005], [139.45896360600034, 42.2156269460001], [139.42310416300006, 42.136361108000074], [139.449888664, 42.051901838000106], [139.51230500600013, 42.1194683330001], [139.53371972800005, 42.19741027900017], [139.53751107900018, 42.23407507200005]]], [[[140.96789679000005, 42.30731702700018], [140.96789679000005, 42.30731702700018]]], [[[140.92764376200012, 42.348250181000026], [140.92764376200012, 42.348250181000026]]], [[[141.1859105350003, 42.45060691900011], [141.1859105350003, 42.45060691900011]]], [[[140.85703801600016, 42.465206199000136], [140.85703801600016, 42.465206199000136]]], [[[140.77706892900028, 42.517028184000026], [140.77706892900028, 42.517028184000026]]], [[[141.9413846120002, 42.544982271000094], [141.9413846120002, 42.544982271000094]]], [[[141.62102731200002, 42.626917244000026], [141.62102731200002, 42.626917244000026]]], [[[144.8713147210001, 42.949385], [144.8713147210001, 42.949385]]], [[[144.8806544490002, 42.974657225000044], [144.8806544490002, 42.974657225000044]]], [[[140.50722705600003, 42.997388225], [140.50722705600003, 42.997388225]]], [[[145.1139983400002, 43.049510559], [145.1139983400002, 43.049510559]]], [[[140.44950861200016, 43.11190000000016], [140.44950861200016, 43.11190000000016]]], [[[140.34537233600008, 43.19718622400018], [140.34537233600008, 43.19718622400018]]], [[[141.26244347600004, 43.20022364000016], [141.26244347600004, 43.20022364000016]]], [[[145.59836333300007, 43.219455], [145.59836333300007, 43.219455]]], [[[145.61140229800003, 43.228968082999984], [145.61140229800003, 43.228968082999984]]], [[[145.673813611, 43.298298705000036], [145.673813611, 43.298298705000036]]], [[[145.6744847210001, 43.30322917100017], [145.6744847210001, 43.30322917100017]]], [[[140.60319250300006, 43.307743333000076], [140.60319250300006, 43.307743333000076]]], [[[145.7755991700002, 43.33567805400014], [145.7755991700002, 43.33567805400014]]], [[[145.75451534800004, 43.33676892500006], [145.75451534800004, 43.33676892500006]]], [[[145.57674425400012, 43.34116130600012], [145.57674425400012, 43.34116130600012]]], [[[146.01231391400006, 43.36860002900016], [146.01231391400006, 43.36860002900016]]], [[[145.89373085600005, 43.38316797300007], [145.89373085600005, 43.38316797300007]]], [[[146.1569331390001, 43.41022869400007], [146.1569331390001, 43.41022869400007]]], [[[146.08069088900004, 43.41356054100015], [146.08069088900004, 43.41356054100015]]], [[[146.09775609600024, 43.41948633300018], [146.09775609600024, 43.41948633300018]]], [[[146.16685322700005, 43.42157619700009], [146.16685322700005, 43.42157619700009]]], [[[146.17614566300017, 43.427609228000165], [146.17614566300017, 43.427609228000165]]], [[[146.1797433910001, 43.42885738400008], [146.1797433910001, 43.42885738400008]]], [[[146.08069088900004, 43.41356054100015], [146.08069088900004, 43.41356054100015]]], [[[145.94166638600018, 43.457173419000185], [145.94166638600018, 43.457173419000185]]], [[[145.88902737400008, 43.45996248700004], [145.88902737400008, 43.45996248700004]]], [[[146.16359145900003, 43.47448032000017], [146.10944693900024, 43.54060502700008], [146.1157699030001, 43.458207266000045], [146.16359145900003, 43.47448032000017]]], [[[145.2738791700001, 43.56047319800007], [145.2738791700001, 43.56047319800007]]], [[[146.40170832400008, 43.56543640800004], [146.40170832400008, 43.56543640800004]]], [[[146.40170832400008, 43.56543640800004], [146.40170832400008, 43.56543640800004]]], [[[146.4018443780003, 43.567351293000115], [146.4018443780003, 43.567351293000115]]], [[[145.32918399300002, 43.56823769800013], [145.32918399300002, 43.56823769800013]]], [[[146.4031755970001, 43.56785090100004], [146.4031755970001, 43.56785090100004]]], [[[146.4031755970001, 43.56785090100004], [146.4031755970001, 43.56785090100004]]], [[[145.32918399300002, 43.56823769800013], [145.32918399300002, 43.56823769800013]]], [[[146.43625841800008, 43.573239333000174], [146.43625841800008, 43.573239333000174]]], [[[145.24207224400004, 43.570351838000136], [145.24207224400004, 43.570351838000136]]], [[[146.43122891100006, 43.575860225000156], [146.43122891100006, 43.575860225000156]]], [[[145.32305767200023, 43.578260041000135], [145.32305767200023, 43.578260041000135]]], [[[145.31722911200006, 43.58441654500007], [145.31722911200006, 43.58441654500007]]], [[[145.30787211400013, 43.595456360000185], [145.30787211400013, 43.595456360000185]]], [[[146.4322086960002, 43.60095612000015], [146.4322086960002, 43.60095612000015]]], [[[146.31863455300004, 43.64624910800012], [146.31863455300004, 43.64624910800012]]], [[[145.13337214000035, 43.66416073900018], [145.13337214000035, 43.66416073900018]]], [[[145.43677162000006, 43.71785402300014], [145.43677162000006, 43.71785402300014]]], [[[146.71404225200024, 43.73270289800013], [146.71404225200024, 43.73270289800013]]], [[[146.6901086260001, 43.727181514000165], [146.6901086260001, 43.727181514000165]]], [[[146.71404225200024, 43.73270289800013], [146.71404225200024, 43.73270289800013]]], [[[146.59342752300006, 43.73712244100011], [146.59342752300006, 43.73712244100011]]], [[[146.80311604400015, 43.75017572100012], [146.80311604400015, 43.75017572100012]]], [[[146.84443079200014, 43.78956591900004], [146.84443079200014, 43.78956591900004]]], [[[146.85045827500016, 43.793125026999974], [146.85045827500016, 43.793125026999974]]], [[[146.84351852100008, 43.799759721000044], [146.84351852100008, 43.799759721000044]]], [[[146.88643313900002, 43.80611019800011], [146.88643313900002, 43.80611019800011]]], [[[146.8684906420001, 43.81037712700015], [146.8684906420001, 43.81037712700015]]], [[[146.8780949610001, 43.810903068000016], [146.8780949610001, 43.810903068000016]]], [[[146.91269600500004, 43.81908855900008], [146.91269600500004, 43.81908855900008]]], [[[146.915182866, 43.82186589200012], [146.915182866, 43.82186589200012]]], [[[146.8684906420001, 43.81037712700015], [146.8456300260001, 43.887506694000194], [146.76729433200012, 43.86923094600013], [146.6901491960001, 43.82834172100007], [146.60681144000011, 43.81847230600016], [146.5920364200001, 43.739133559000095], [146.67142459700005, 43.7079701560001], [146.74226736700018, 43.75003294600015], [146.8107081710001, 43.792146892000176], [146.8684906420001, 43.81037712700015]]], [[[145.72209949600006, 43.91312963900009], [145.72209949600006, 43.91312963900009]]], [[[145.72917328200003, 43.91716313300003], [145.79095383900005, 43.979601667000054], [145.85497844400015, 44.029435027000034], [145.90334686100016, 44.09469483800012], [145.95762958500018, 44.156182613000055], [146.03285535700002, 44.18598666700012], [146.11023525300027, 44.262438027000144], [146.19575968900017, 44.268936081000106], [146.2782300260002, 44.27409817100016], [146.3504350840002, 44.320452532000104], [146.43150075200003, 44.37591317099998], [146.51558430600005, 44.367814387000124], [146.57142172500005, 44.452698171000065], [146.47674247700013, 44.421128865000185], [146.36088153000014, 44.41734572100012], [146.27870192000012, 44.44008674800011], [146.19416345000013, 44.49350519800004], [146.11292389100015, 44.4953431080001], [146.0542269130001, 44.42449672100008], [146.0049023350001, 44.35324872100006], [145.94609185500008, 44.27889183800005], [145.87105019500007, 44.2278238020001], [145.81758433200002, 44.165608171000144], [145.753557977, 44.10889741400018], [145.7101753310002, 44.036374667000075], [145.64089372200033, 43.98898636000018], [145.563672633, 43.94316508100013], [145.49215408600003, 43.90703061300013], [145.42942605700011, 43.847047414000144], [145.4181781970001, 43.75180450500005], [145.5027515050001, 43.7343345860001], [145.5383743320001, 43.653536531999976], [145.57161919600014, 43.77054961300013], [145.58511252900007, 43.86237510800004], [145.66357678300017, 43.91058674800013], [145.72917328200003, 43.91716313300003]]], [[[145.7334853440002, 43.91879842800006], [145.7334853440002, 43.91879842800006]]], [[[145.7437207290002, 43.921826945000134], [145.7437207290002, 43.921826945000134]]], [[[145.74993513300012, 43.92368788300007], [145.74993513300012, 43.92368788300007]]], [[[145.74993513300012, 43.92368788300007], [145.74993513300012, 43.92368788300007]]], [[[144.29464027200015, 44.00729155900018], [144.29464027200015, 44.00729155900018]]], [[[144.28443447500013, 44.02696694600019], [144.28443447500013, 44.02696694600019]]], [[[145.7420009990002, 44.05856361300016], [145.7420009990002, 44.05856361300016]]], [[[141.6556553810001, 44.155919009000115], [141.6556553810001, 44.155919009000115]]], [[[146.0507500000001, 44.18061677500009], [146.0507500000001, 44.18061677500009]]], [[[146.04703147200007, 44.18529679300008], [146.04703147200007, 44.18529679300008]]], [[[141.32731605700008, 44.44171950500015], [141.32731605700008, 44.44171950500015]]], [[[141.42716333300018, 44.44617417100011], [141.42716333300018, 44.44617417100011]]], [[[146.17322922200015, 44.50838297300015], [146.17322922200015, 44.50838297300015]]], [[[147.21089700400012, 44.5690748020001], [147.21089700400012, 44.5690748020001]]], [[[147.269669442, 44.60697058599999], [147.269669442, 44.60697058599999]]], [[[146.97798092100004, 44.650195027000166], [146.97798092100004, 44.650195027000166]]], [[[147.2938942280001, 44.66010046800005], [147.2938942280001, 44.66010046800005]]], [[[147.30461968900022, 44.666730865000034], [147.30461968900022, 44.666730865000034]]], [[[142.51835472100015, 45.03880777500012], [142.51835472100015, 45.03880777500012]]], [[[148.13634224400005, 45.1222350540001], [148.13634224400005, 45.1222350540001]]], [[[148.49275689400008, 45.25334634700016], [148.49275689400008, 45.25334634700016]]], [[[141.20579940000005, 45.112861140000064], [141.28592773400032, 45.10911785200011], [141.32461333300012, 45.18366055900003], [141.25306600500016, 45.23543464000005], [141.17117583700008, 45.23873555900008], [141.14214990900007, 45.163146171000164], [141.20579940000005, 45.112861140000064]]], [[[141.05000000000018, 45.29468233300014], [141.05000000000018, 45.29468233300014]]], [[[141.60826461700015, 45.31043613500009], [141.60826461700015, 45.31043613500009]]], [[[148.71530381000014, 45.335166712000046], [148.71530381000014, 45.335166712000046]]], [[[140.97659161800004, 45.455218177], [140.98923834000016, 45.36787361300003], [141.0267572240001, 45.295968054000184], [141.05924666700002, 45.37811861300003], [141.03389610900024, 45.46080805400004], [140.97659161800004, 45.455218177]]], [[[140.96487078500002, 45.47973721000005], [140.96487078500002, 45.47973721000005]]], [[[148.88883744900022, 45.48490802400016], [148.8382571080001, 45.550688198000046], [148.75735072600014, 45.55497344100013], [148.67054883300023, 45.53667889200017], [148.60074905300007, 45.49187189200006], [148.52958671900012, 45.449758252000095], [148.47473708200005, 45.391506559], [148.4164747210001, 45.33623244100005], [148.34199325600014, 45.297729802000106], [148.22135544700006, 45.26422872100011], [148.12541769100005, 45.25646289200017], [148.0384903370001, 45.26640710800018], [148.0007707000001, 45.337466532000064], [147.96275802900004, 45.412469865000105], [147.87636360600004, 45.40615238700019], [147.85710321700014, 45.31845458599997], [147.86804674400014, 45.23434274800013], [147.79124243800004, 45.20683997300017], [147.71628639400012, 45.17002525200007], [147.6880021400002, 45.09382064000005], [147.58425730200008, 45.08449027900019], [147.50993313900005, 45.11715061300015], [147.5241580290001, 45.03656610800016], [147.46396591400003, 44.978004360000114], [147.40228002600008, 44.924833612999976], [147.32845669300002, 44.88830489200018], [147.25600247700015, 44.83972786500016], [147.17796457800011, 44.81083622500006], [147.19427297000016, 44.71455530600008], [147.12976736700023, 44.652291559000105], [147.04791489000002, 44.65414944100013], [147.00461321700004, 44.580997505000084], [146.93656374800003, 44.53388294600012], [146.87052834000008, 44.482056838000176], [146.93078457800004, 44.429351135000104], [147.0044442540002, 44.48283830600013], [147.05924674400023, 44.54457289200019], [147.14571141400006, 44.55936689200013], [147.2332341890001, 44.593063802000074], [147.2830547210001, 44.65899966700016], [147.34261119300004, 44.71638383800007], [147.42123489000005, 44.76460780200006], [147.49688797700003, 44.79202889200013], [147.57562703000008, 44.83762644100017], [147.63946355400014, 44.91352113500011], [147.65650128400011, 44.995279919000154], [147.73904016900008, 44.969353387000126], [147.82328775600013, 44.956033838], [147.90442732800022, 44.96097825200019], [147.9791148380001, 45.001777532000176], [148.04078966300006, 45.06513872100004], [148.12223836600015, 45.12431553200008], [148.1998476240002, 45.15430154000012], [148.27289341100004, 45.19501677500011], [148.3469140340003, 45.22539269400016], [148.4246423090002, 45.24709305400012], [148.50211302200023, 45.273474135000185], [148.57338197100034, 45.31654117100004], [148.65163961100006, 45.33478125200014], [148.73819144000015, 45.33738846800003], [148.83334830100011, 45.33733369400011], [148.8567883400001, 45.41395519800017], [148.88883744900022, 45.48490802400016]]]]}}]}