{"type": "FeatureCollection", "features": [{"type": "Feature", "properties": {"code": "MMR", "name": "Myanmar", "tier": "country"}, "geometry": {"type": "MultiPolygon", "coordinates": [[[[97.90662060200003, 9.671713680000039], [97.90662060200003, 9.671713680000039]]], [[[98.10501796500006, 9.698350380000022], [98.10501796500006, 9.698350380000022]]], [[[98.15500605400007, 9.767959865000023], [98.15500605400007, 9.767959865000023]]], [[[98.03250315800005, 9.771906534000038], [98.03250315800005, 9.771906534000038]]], [[[98.11674594000004, 9.79987533800005], [98.11674594000004, 9.79987533800005]]], [[[98.11417543800007, 9.823543577000066], [98.11417543800007, 9.823543577000066]]], [[[98.03428826300006, 9.833706865000067], [98.03428826300006, 9.833706865000067]]], [[[98.23409081600005, 9.92411334600007], [98.23409081600005, 9.92411334600007]]], [[[98.52998399400008, 9.955817075000027], [98.52998399400008, 9.955817075000027]]], [[[98.49631515300007, 9.973721501000057], [98.49631515300007, 9.973721501000057]]], [[[98.47710331500008, 9.993964769000058], [98.47710331500008, 9.993964769000058]]], [[[98.52129090900007, 10.016235204000054], [98.52129090900007, 10.016235204000054]]], [[[97.99244555700005, 10.038389308000035], [97.99244555700005, 10.038389308000035]]], [[[98.22178718900005, 10.057902611000031], [98.22178718900005, 10.057902611000031]]], [[[98.26250626400008, 10.062359988000026], [98.21944360500004, 10.035603545000072], [98.17084941300004, 10.011522743000057], [98.15337461100006, 9.964370515000041], [98.12467251500004, 9.922337260000063], [98.12142809400007, 9.870714942000063], [98.17016648400005, 9.885350878000054], [98.19648232800006, 9.927960919000043], [98.24017384200005, 9.957304889000056], [98.25991072800008, 10.014390649000063], [98.29749792600006, 10.052073980000046], [98.26250626400008, 10.062359988000026]]], [[[97.98306667100007, 10.076605173000075], [97.98306667100007, 10.076605173000075]]], [[[98.62957766400007, 10.107930938000038], [98.62957766400007, 10.107930938000038]]], [[[98.32785631600007, 10.136752285000057], [98.32785631600007, 10.136752285000057]]], [[[98.30776494700007, 10.142712405000054], [98.30776494700007, 10.142712405000054]]], [[[98.27759585300004, 10.139988695000056], [98.28490180500006, 10.088590681000028], [98.28541450300008, 10.139091472000075], [98.27759585300004, 10.139988695000056]]], [[[98.15914829100007, 10.153532476000066], [98.15914829100007, 10.153532476000066]]], [[[97.93029078700005, 10.16733141800006], [97.93029078700005, 10.16733141800006]]], [[[97.98633512600009, 10.151373681000052], [97.98633512600009, 10.151373681000052]]], [[[98.18997916100005, 10.189141177000067], [98.16677467800008, 10.143833929000039], [98.19121330000007, 10.098374677000038], [98.17583234900007, 10.046421245000033], [98.20146726900003, 10.090513301000044], [98.22761488400005, 10.134263563000047], [98.20967044300005, 10.183482606000041], [98.18997916100005, 10.189141177000067]]], [[[98.04251831900007, 10.157461976000036], [98.04251831900007, 10.157461976000036]]], [[[97.87446507900006, 10.20905424700004], [97.87446507900006, 10.20905424700004]]], [[[97.96863768400004, 10.204589501000044], [97.96863768400004, 10.204589501000044]]], [[[97.96953490700008, 10.213305373000026], [97.96953490700008, 10.213305373000026]]], [[[98.24155065400004, 10.257933864000051], [98.24155065400004, 10.257933864000051]]], [[[97.99664917300004, 10.327888839000025], [97.99664917300004, 10.327888839000025]]], [[[97.96684858200007, 10.347884072000056], [97.96684858200007, 10.347884072000056]]], [[[97.94781465600005, 10.368552224000041], [97.94781465600005, 10.368552224000041]]], [[[97.94803735600004, 10.392519269000047], [97.94803735600004, 10.392519269000047]]], [[[97.96224833000008, 10.410531976000073], [97.96224833000008, 10.410531976000073]]], [[[98.27870868500008, 10.431872231000057], [98.27870868500008, 10.431872231000057]]], [[[98.16450638200007, 10.446890764000045], [98.16450638200007, 10.446890764000045]]], [[[98.25048022800007, 10.448182005000035], [98.25048022800007, 10.448182005000035]]], [[[97.68578784900006, 10.458380479000027], [97.68578784900006, 10.458380479000027]]], [[[98.19229302100007, 10.467659638000043], [98.19229302100007, 10.467659638000043]]], [[[98.21948643100006, 10.46568364500007], [98.21948643100006, 10.46568364500007]]], [[[98.16387637600008, 10.477445502000023], [98.16387637600008, 10.477445502000023]]], [[[97.90407507800006, 10.465356083000074], [97.89590394700008, 10.412964720000048], [97.94618043000008, 10.43767037200007], [97.90407507800006, 10.465356083000074]]], [[[97.91795066700007, 10.512337702000025], [97.91795066700007, 10.512337702000025]]], [[[98.23813812100008, 10.532334164000076], [98.19043203400008, 10.510692348000077], [98.23663260300003, 10.490932431000033], [98.23813812100008, 10.532334164000076]]], [[[98.23333928500006, 10.563667747000068], [98.23333928500006, 10.563667747000068]]], [[[98.09853420700006, 10.557070513000042], [98.09853420700006, 10.557070513000042]]], [[[98.04885193800004, 10.57491602500005], [98.04885193800004, 10.57491602500005]]], [[[98.02454281400009, 10.588038314000073], [97.97561349400007, 10.572700854000061], [98.03376411100004, 10.569125249000024], [98.02454281400009, 10.588038314000073]]], [[[98.23284093100006, 10.616657088000068], [98.23284093100006, 10.616657088000068]]], [[[98.26248080700003, 10.620514978000074], [98.26248080700003, 10.620514978000074]]], [[[98.27217257700005, 10.680453396000075], [98.27217257700005, 10.680453396000075]]], [[[98.19944945600008, 10.818081891000077], [98.19944945600008, 10.818081891000077]]], [[[98.61775486600004, 10.84127447700007], [98.61775486600004, 10.84127447700007]]], [[[98.19679805600003, 10.858639689000029], [98.19679805600003, 10.858639689000029]]], [[[98.62163976000005, 10.847525413000028], [98.62163976000005, 10.847525413000028]]], [[[98.06715488800006, 10.873173290000068], [98.06715488800006, 10.873173290000068]]], [[[98.50089207000008, 10.882748413000058], [98.50382369900007, 10.829720408000071], [98.50582558600007, 10.774992758000053], [98.55814506900003, 10.811613287000057], [98.54728079300008, 10.867400470000064], [98.50089207000008, 10.882748413000058]]], [[[98.01080764900007, 10.876646778000065], [98.01080764900007, 10.876646778000065]]], [[[98.54331447200008, 10.876683963000062], [98.54331447200008, 10.876683963000062]]], [[[98.48640637100004, 10.898430874000042], [98.48640637100004, 10.898430874000042]]], [[[97.92772205900008, 10.926364959000068], [97.88754149000005, 10.896272646000057], [97.87848792800008, 10.843503317000057], [97.93160215500006, 10.87307828400003], [97.94798478900003, 10.92265731200007], [97.92772205900008, 10.926364959000068]]], [[[98.43788479000006, 10.927660943000035], [98.43788479000006, 10.927660943000035]]], [[[98.70589644800003, 10.933785811000064], [98.70589644800003, 10.933785811000064]]], [[[98.67271891000007, 10.98824746200006], [98.67271891000007, 10.98824746200006]]], [[[98.18171741800006, 10.982322192000026], [98.13918654500009, 10.946942528000022], [98.10029400900004, 10.90980642900007], [98.15662545700008, 10.925990744000046], [98.19677259400004, 10.887600044000067], [98.22889030100004, 10.847201988000052], [98.24532553600005, 10.798899966000022], [98.23415961300003, 10.748339667000039], [98.23064673800008, 10.69840666600004], [98.28601892300009, 10.708417202000021], [98.27744324300005, 10.762265704000072], [98.27643956500003, 10.816338878000067], [98.25322950400005, 10.86150440700004], [98.22901576200007, 10.907171773000073], [98.21910443700006, 10.956979312000044], [98.18171741800006, 10.982322192000026]]], [[[98.19123112200003, 10.990333307000071], [98.19123112200003, 10.990333307000071]]], [[[98.69507498100006, 10.994005334000065], [98.69507498100006, 10.994005334000065]]], [[[98.46179460800005, 11.010724393000032], [98.43814639700008, 10.961409217000039], [98.46592824100009, 11.00514879700006], [98.46179460800005, 11.010724393000032]]], [[[98.30770071500007, 11.041622489000076], [98.30770071500007, 11.041622489000076]]], [[[98.67582481800008, 11.063243933000024], [98.63698791500008, 11.029886494000039], [98.68591856700004, 11.042383517000076], [98.67582481800008, 11.063243933000024]]], [[[98.61305131200004, 11.061898099000075], [98.61305131200004, 11.061898099000075]]], [[[98.54610144700007, 11.021202666000022], [98.53581543600006, 11.070229448000077], [98.51101365200003, 11.025720819000071], [98.47304193000008, 10.991305940000075], [98.50120829800005, 10.944201778000036], [98.54177555600006, 10.976117252000051], [98.54610144700007, 11.021202666000022]]], [[[98.52854253100008, 11.111661884000057], [98.52854253100008, 11.111661884000057]]], [[[98.25206130000004, 11.187281729000063], [98.25206130000004, 11.187281729000063]]], [[[98.26170823100006, 11.258071193000035], [98.21265833400008, 11.244076347000032], [98.24268611200006, 11.203042914000036], [98.29227949600005, 11.224782480000044], [98.26170823100006, 11.258071193000035]]], [[[97.92475166200006, 11.276737697000044], [97.92475166200006, 11.276737697000044]]], [[[98.54897067100006, 11.264359986000045], [98.53401796600008, 11.315263251000033], [98.54346208200008, 11.26399518900007], [98.54897067100006, 11.264359986000045]]], [[[98.00573047700004, 11.32342365200003], [98.00573047700004, 11.32342365200003]]], [[[98.27217039700008, 11.337556483000071], [98.23263156100006, 11.303860153000073], [98.28249669300004, 11.31296359700002], [98.27217039700008, 11.337556483000071]]], [[[98.00166394300004, 11.350138869000034], [98.00166394300004, 11.350138869000034]]], [[[98.01420406400007, 11.36051302800007], [98.01420406400007, 11.36051302800007]]], [[[98.26075712700003, 11.376415957000063], [98.26075712700003, 11.376415957000063]]], [[[98.23045760600007, 11.381986721000033], [98.23045760600007, 11.381986721000033]]], [[[98.27587873100003, 11.399975687000051], [98.27587873100003, 11.399975687000051]]], [[[98.14567329700009, 11.410655774000077], [98.09404182500003, 11.407123095000031], [98.12352611300008, 11.366497281000022], [98.14567329700009, 11.410655774000077]]], [[[98.00366350200005, 11.397943076000047], [98.00366350200005, 11.397943076000047]]], [[[98.51535459200005, 11.438711356000056], [98.51535459200005, 11.438711356000056]]], [[[98.12542832500009, 11.467586262000054], [98.12542832500009, 11.467586262000054]]], [[[98.01522876900003, 11.47132820400003], [97.96876044400005, 11.449724510000067], [98.01767446900004, 11.467116162000025], [98.01522876900003, 11.47132820400003]]], [[[98.68647788600003, 11.49879001100004], [98.68647788600003, 11.49879001100004]]], [[[98.31276831900004, 11.527958010000077], [98.31276831900004, 11.527958010000077]]], [[[98.31368545800007, 11.561076881000076], [98.31368545800007, 11.561076881000076]]], [[[97.52340466100009, 11.652256019000049], [97.52340466100009, 11.652256019000049]]], [[[98.84118050500007, 11.694944092000071], [98.84118050500007, 11.694944092000071]]], [[[98.11155266900005, 11.75708015300006], [98.11155266900005, 11.75708015300006]]], [[[98.29511017000004, 11.803870183000072], [98.26986057000005, 11.759304070000042], [98.24499594200006, 11.712835747000042], [98.22420748000008, 11.666231552000056], [98.21225071900005, 11.616909909000071], [98.19268511000007, 11.568131760000028], [98.19812000100006, 11.51242411800007], [98.18969591700005, 11.460928521000028], [98.23548488000006, 11.481173493000028], [98.27488784400003, 11.515956800000026], [98.28059448100004, 11.566637162000063], [98.27842052400007, 11.625605738000047], [98.29132839200008, 11.682400354000038], [98.31836697800009, 11.725879487000043], [98.29474784500007, 11.773434790000067], [98.29511017000004, 11.803870183000072]]], [[[98.53175663600007, 11.793996437000033], [98.48025193200004, 11.79139054600006], [98.42384201800007, 11.784799169000053], [98.36712552800009, 11.779280808000067], [98.38230102000006, 11.71367362500007], [98.43058668200007, 11.72854254400005], [98.37785567500003, 11.704323070000044], [98.37570964600008, 11.65419795500003], [98.42384201800007, 11.622314090000032], [98.43165969500006, 11.570656100000065], [98.48439070100005, 11.565291025000022], [98.51949361100009, 11.526202635000061], [98.52332580500007, 11.578320490000067], [98.54141376700005, 11.626912725000068], [98.54386637200008, 11.690987029000041], [98.54708541700006, 11.762572438000063], [98.53175663600007, 11.793996437000033]]], [[[97.48886112600007, 11.81332820700004], [97.43904258900005, 11.802444774000037], [97.47613823900008, 11.763203095000051], [97.52718307800006, 11.793094216000043], [97.48886112600007, 11.81332820700004]]], [[[97.66286360800007, 11.820720085000062], [97.66286360800007, 11.820720085000062]]], [[[97.46939357500008, 11.817160404000049], [97.46939357500008, 11.817160404000049]]], [[[98.07707369400003, 11.836568212000032], [98.06151620000009, 11.788757369000052], [98.07707369400003, 11.836568212000032]]], [[[98.29141897200009, 11.835286874000076], [98.29141897200009, 11.835286874000076]]], [[[98.46995917700008, 11.828089257000045], [98.46995917700008, 11.828089257000045]]], [[[98.20257972500008, 11.85074234800004], [98.20257972500008, 11.85074234800004]]], [[[98.00696658400005, 11.859321228000056], [98.01253186900004, 11.807884517000048], [98.01124594900006, 11.757670483000027], [98.02794180100005, 11.709733158000063], [98.05058238500004, 11.658760221000023], [98.08878046600006, 11.62625390900007], [98.06791065300007, 11.67406475200005], [98.07752341500009, 11.72389933200003], [98.04727799600005, 11.76408953400005], [98.01438696300005, 11.802150589000064], [98.01809715100006, 11.857128842000066], [98.00696658400005, 11.859321228000056]]], [[[98.48846867800006, 11.828319188000023], [98.48846867800006, 11.828319188000023]]], [[[98.41213134900005, 11.865568127000074], [98.41213134900005, 11.865568127000074]]], [[[98.20724184300008, 11.871454379000056], [98.20724184300008, 11.871454379000056]]], [[[97.68555020400004, 11.870385339000052], [97.63511851300007, 11.870232049000037], [97.66730895300003, 11.82807790000004], [97.68555020400004, 11.870385339000052]]], [[[98.26797062300005, 11.92286505800007], [98.25280600100007, 11.873804547000077], [98.27000870800003, 11.921336495000048], [98.26797062300005, 11.92286505800007]]], [[[97.98229523500004, 11.97270684700004], [97.98229523500004, 11.97270684700004]]], [[[98.24675968500009, 11.992058730000053], [98.24193621800003, 11.938072139000042], [98.25389298100004, 11.989024249000067], [98.24675968500009, 11.992058730000053]]], [[[98.68332322900005, 11.945542180000075], [98.64500724200008, 11.985488634000035], [98.67639374200007, 11.944862817000057], [98.68332322900005, 11.945542180000075]]], [[[97.92196250500007, 12.005466131000048], [97.92196250500007, 12.005466131000048]]], [[[98.15352110100008, 11.995681990000037], [98.15352110100008, 11.995681990000037]]], [[[97.74478326100007, 12.016117620000045], [97.74478326100007, 12.016117620000045]]], [[[97.98381303700006, 12.029877486000032], [97.98381303700006, 12.029877486000032]]], [[[98.54855867300006, 12.00899454000006], [98.54855867300006, 12.00899454000006]]], [[[97.79079509100006, 12.048239383000066], [97.79079509100006, 12.048239383000066]]], [[[97.94118802800006, 12.046320369000057], [97.94118802800006, 12.046320369000057]]], [[[97.68882896600007, 12.05512901000003], [97.65067184000009, 12.017114261000074], [97.69181889000004, 12.047583011000029], [97.68882896600007, 12.05512901000003]]], [[[98.40345482100008, 12.063998914000024], [98.40345482100008, 12.063998914000024]]], [[[97.64739716100007, 12.06723108400007], [97.64739716100007, 12.06723108400007]]], [[[97.96054003600005, 12.06820205200006], [97.96054003600005, 12.06820205200006]]], [[[98.00278559500003, 12.078320748000067], [98.00278559500003, 12.078320748000067]]], [[[97.97571808000004, 12.091475052000021], [97.97571808000004, 12.091475052000021]]], [[[98.45028547200008, 12.094011594000051], [98.43466016000008, 12.045776931000034], [98.43995917900008, 11.988438823000024], [98.45297272300007, 11.938603886000067], [98.46547297700005, 11.887923522000051], [98.52575363500006, 11.895827040000029], [98.57009463800006, 11.921348107000028], [98.62553053400006, 11.920668744000068], [98.67050426200007, 11.943359416000021], [98.62226959700007, 11.958305368000026], [98.57743174100005, 11.982218892000049], [98.52770248400009, 11.995126760000062], [98.49131890600006, 12.030151616000069], [98.45997299400005, 12.070830055000044], [98.45028547200008, 12.094011594000051]]], [[[97.99857650000007, 12.097728971000038], [97.99857650000007, 12.097728971000038]]], [[[97.96979442600008, 12.10627364800007], [97.96979442600008, 12.10627364800007]]], [[[98.39000346600005, 12.112641197000073], [98.39000346600005, 12.112641197000073]]], [[[97.98216172300005, 12.119765244000064], [97.98216172300005, 12.119765244000064]]], [[[98.00734603500007, 12.131233100000031], [98.00734603500007, 12.131233100000031]]], [[[97.74695698700003, 12.139706095000065], [97.74695698700003, 12.139706095000065]]], [[[98.40019388700006, 12.14103850500004], [98.40019388700006, 12.14103850500004]]], [[[98.15224592300007, 12.18559164900006], [98.15224592300007, 12.18559164900006]]], [[[98.05311341700008, 12.193901561000075], [98.05311341700008, 12.193901561000075]]], [[[98.67002034800004, 12.187912521000044], [98.67002034800004, 12.187912521000044]]], [[[98.69577270000008, 12.202832534000038], [98.69577270000008, 12.202832534000038]]], [[[98.18628098800008, 12.198725025000044], [98.18628098800008, 12.198725025000044]]], [[[98.14192812300007, 12.21448149300005], [98.14192812300007, 12.21448149300005]]], [[[98.40916145800009, 12.211556224000049], [98.40916145800009, 12.211556224000049]]], [[[98.25170348900008, 12.202470005000066], [98.25170348900008, 12.202470005000066]]], [[[98.22029151600003, 12.225551308000036], [98.22029151600003, 12.225551308000036]]], [[[98.42419233100009, 12.228642165000053], [98.42419233100009, 12.228642165000053]]], [[[98.13650172400008, 12.219678608000038], [98.13650172400008, 12.219678608000038]]], [[[98.64856005400009, 12.187299370000062], [98.69638585100006, 12.222453373000064], [98.64467676400005, 12.221431454000026], [98.64856005400009, 12.187299370000062]]], [[[98.45722250900008, 12.234548837000034], [98.45722250900008, 12.234548837000034]]], [[[97.88019377200004, 12.236331670000027], [97.88019377200004, 12.236331670000027]]], [[[97.94254829300007, 12.212930283000048], [97.94254829300007, 12.212930283000048]]], [[[98.44661126000005, 12.243723990000035], [98.44661126000005, 12.243723990000035]]], [[[98.49437519400004, 12.264400482000042], [98.49437519400004, 12.264400482000042]]], [[[98.43577258800008, 12.274386117000063], [98.43577258800008, 12.274386117000063]]], [[[98.53377815800008, 12.280433412000036], [98.53377815800008, 12.280433412000036]]], [[[98.16198627000006, 12.287016530000074], [98.16198627000006, 12.287016530000074]]], [[[97.88092721400005, 12.291433917000063], [97.88092721400005, 12.291433917000063]]], [[[98.46788009500006, 12.297689195000032], [98.46788009500006, 12.297689195000032]]], [[[97.95868880400008, 12.29545845900003], [97.95868880400008, 12.29545845900003]]], [[[98.09851693000007, 12.293966775000058], [98.05762786700006, 12.263777654000023], [98.04937362700008, 12.212341504000051], [98.07467134600006, 12.168013173000077], [98.12710106200007, 12.162357491000023], [98.11877039200004, 12.215092918000039], [98.13069318400005, 12.266376211000022], [98.09851693000007, 12.293966775000058]]], [[[97.96633161900007, 12.299738435000052], [97.96633161900007, 12.299738435000052]]], [[[97.77746353700007, 12.266137173000061], [97.77746353700007, 12.266137173000061]]], [[[98.36081272900003, 12.29225430300005], [98.36081272900003, 12.29225430300005]]], [[[98.04865324300005, 12.314378674000068], [98.04865324300005, 12.314378674000068]]], [[[98.39681888600006, 12.312635145000058], [98.39681888600006, 12.312635145000058]]], [[[98.62875289100003, 12.314129742000034], [98.62875289100003, 12.314129742000034]]], [[[98.61666025800008, 12.313042762000066], [98.61666025800008, 12.313042762000066]]], [[[98.06984932000006, 12.314922162000073], [98.06984932000006, 12.314922162000073]]], [[[98.53151967500008, 12.316689655000062], [98.53151967500008, 12.316689655000062]]], [[[98.40366384400005, 12.338021604000062], [98.40366384400005, 12.338021604000062]]], [[[98.50244300100007, 12.331499735000023], [98.50244300100007, 12.331499735000023]]], [[[98.25231266500003, 12.330961777000027], [98.25231266500003, 12.330961777000027]]], [[[98.08330067500003, 12.339922663000038], [98.08330067500003, 12.339922663000038]]], [[[98.17851506600005, 12.359850598000037], [98.17851506600005, 12.359850598000037]]], [[[98.13004354500004, 12.371240361000048], [98.09861741800006, 12.331576978000044], [98.14956952500006, 12.327093191000074], [98.13004354500004, 12.371240361000048]]], [[[98.22174474400003, 12.371282978000067], [98.22174474400003, 12.371282978000067]]], [[[98.01190167600004, 12.38084286700007], [98.01190167600004, 12.38084286700007]]], [[[98.41315598700004, 12.374289189000024], [98.41315598700004, 12.374289189000024]]], [[[98.14560000500006, 12.384511419000034], [98.14560000500006, 12.384511419000034]]], [[[98.42975132500004, 12.360576406000064], [98.42975132500004, 12.360576406000064]]], [[[98.47499679800006, 12.332994330000076], [98.48338001000008, 12.38680524700004], [98.43912651400007, 12.357858959000055], [98.47499679800006, 12.332994330000076]]], [[[98.51009965800006, 12.372865298000022], [98.51009965800006, 12.372865298000022]]], [[[98.43523184700007, 12.406456036000066], [98.43523184700007, 12.406456036000066]]], [[[98.00914837500005, 12.418558749000056], [98.00914837500005, 12.418558749000056]]], [[[98.59332336700004, 12.403341958000055], [98.59332336700004, 12.403341958000055]]], [[[98.14386574900004, 12.427707484000052], [98.14386574900004, 12.427707484000052]]], [[[98.09515741900003, 12.435361622000073], [98.05510906200004, 12.38960663100005], [98.01424547200008, 12.357099185000038], [98.02980096200008, 12.416792409000038], [97.98496310700006, 12.389617954000073], [97.93822304200006, 12.355514009000046], [97.96857351400007, 12.310845995000022], [98.01422660100008, 12.263460533000057], [98.03205984000004, 12.314922162000073], [98.06984932000006, 12.348618489000046], [98.10962781700005, 12.384511419000034], [98.08843174000003, 12.432508303000077], [98.09515741900003, 12.435361622000073]]], [[[98.44904770500005, 12.418337227000052], [98.44904770500005, 12.418337227000052]]], [[[98.03115968400004, 12.441928783000037], [98.03115968400004, 12.441928783000037]]], [[[98.52586084300003, 12.40801093400006], [98.52586084300003, 12.40801093400006]]], [[[98.09579715300003, 12.45500271700007], [98.09579715300003, 12.45500271700007]]], [[[98.59068702600007, 12.432467948000067], [98.59068702600007, 12.432467948000067]]], [[[97.83462949100004, 12.438117545000068], [97.83462949100004, 12.438117545000068]]], [[[98.52885003500006, 12.468942110000057], [98.52885003500006, 12.468942110000057]]], [[[98.15686811500007, 12.496717226000044], [98.15686811500007, 12.496717226000044]]], [[[97.80132738500004, 12.494704953000053], [97.80132738500004, 12.494704953000053]]], [[[98.49938084200005, 12.517010709000033], [98.47821495900007, 12.467613581000023], [98.46480889300005, 12.414170477000027], [98.51480989800007, 12.404025345000036], [98.50901267800003, 12.461997525000072], [98.50469496000005, 12.514836752000065], [98.49938084200005, 12.517010709000033]]], [[[98.48532309400008, 12.54866895400005], [98.48532309400008, 12.54866895400005]]], [[[98.25545751800007, 12.564585916000055], [98.22060383000007, 12.516112930000077], [98.26702659900008, 12.490045885000029], [98.26951614800004, 12.547451959000057], [98.25545751800007, 12.564585916000055]]], [[[97.85344921300003, 12.591897145000075], [97.85401839000008, 12.541525007000075], [97.85344921300003, 12.591897145000075]]], [[[97.86065878400007, 12.604798483000025], [97.86065878400007, 12.604798483000025]]], [[[97.87782894800006, 12.624055629000054], [97.87782894800006, 12.624055629000054]]], [[[98.21541238200007, 12.64501107700005], [98.21541238200007, 12.64501107700005]]], [[[98.19327994900004, 12.651720677000071], [98.19327994900004, 12.651720677000071]]], [[[98.21816379600006, 12.66019480600005], [98.21816379600006, 12.66019480600005]]], [[[98.31903597600007, 12.672228731000075], [98.29651514300008, 12.620155673000056], [98.30558461800007, 12.557688386000052], [98.32009464700008, 12.502399685000057], [98.32716000600004, 12.447326114000077], [98.32244976600003, 12.391346727000041], [98.30397113400005, 12.34080223500007], [98.36303029400005, 12.321236623000061], [98.39636429500007, 12.36815785500005], [98.42679969000005, 12.412180481000064], [98.46067718200004, 12.45475379900006], [98.46611207400008, 12.506385271000056], [98.47118464000005, 12.562002332000077], [98.44559924900005, 12.609991704000038], [98.44957528300006, 12.559216950000064], [98.42654492900004, 12.51223910300007], [98.41217643500005, 12.563293116000068], [98.39210130100008, 12.61281856900007], [98.38201278400004, 12.662242118000052], [98.33146828900004, 12.665910670000073], [98.31903597600007, 12.672228731000075]]], [[[98.36164557000006, 12.708981766000022], [98.34153647100004, 12.755903], [98.35657300400004, 12.708075953000048], [98.36164557000006, 12.708981766000022]]], [[[98.64791337600008, 12.76511729400005], [98.64791337600008, 12.76511729400005]]], [[[98.68510879800004, 12.775274941000077], [98.68510879800004, 12.775274941000077]]], [[[98.51799870200006, 12.784905584000057], [98.51799870200006, 12.784905584000057]]], [[[98.22314737400006, 12.814891962000047], [98.22314737400006, 12.814891962000047]]], [[[97.85780862800004, 12.81748340300004], [97.85780862800004, 12.81748340300004]]], [[[98.32365976400007, 12.841031930000042], [98.32365976400007, 12.841031930000042]]], [[[98.31522751500006, 12.867846478000047], [98.31522751500006, 12.867846478000047]]], [[[98.55999078900004, 12.901665175000062], [98.55999078900004, 12.901665175000062]]], [[[98.54137628700005, 12.936312613000041], [98.54137628700005, 12.936312613000041]]], [[[98.19515231200006, 12.929064594000067], [98.19515231200006, 12.929064594000067]]], [[[98.32217356200005, 13.01967503800006], [98.32217356200005, 13.01967503800006]]], [[[98.31225488600006, 13.11369866900003], [98.31225488600006, 13.11369866900003]]], [[[98.31157552400003, 13.132313174000046], [98.31157552400003, 13.132313174000046]]], [[[98.29581433600003, 13.142367725000042], [98.29581433600003, 13.142367725000042]]], [[[98.52904102700006, 13.12416587000007], [98.52904102700006, 13.12416587000007]]], [[[98.54748569300006, 13.196517869000047], [98.56868177200005, 13.150864776000049], [98.54748569300006, 13.196517869000047]]], [[[98.25646798400004, 13.216259611000055], [98.23896876300006, 13.16702854600004], [98.24528682400006, 13.11475168000004], [98.27122145000004, 13.037881925000022], [98.28698798600004, 12.983908331000066], [98.29921114600006, 12.92850472400005], [98.29459148600006, 12.995625639000025], [98.28548804300004, 13.047528859000067], [98.32874638600003, 13.072970946000055], [98.28951326000004, 13.109146947000056], [98.27168001900009, 13.157143836000046], [98.25701147100006, 13.209918903000073], [98.25646798400004, 13.216259611000055]]], [[[98.51110989600005, 13.23964574100006], [98.48950218700008, 13.176442735000023], [98.53637813300008, 13.203243548000046], [98.51110989600005, 13.23964574100006]]], [[[98.20636269000005, 13.598620010000047], [98.20636269000005, 13.598620010000047]]], [[[98.19369876700006, 13.612571790000061], [98.19369876700006, 13.612571790000061]]], [[[98.18661555500006, 13.669237484000064], [98.18661555500006, 13.669237484000064]]], [[[98.20377505200008, 13.758234739000045], [98.22724266100005, 13.848098514000071], [98.18832077100006, 13.794008535000046], [98.20377505200008, 13.758234739000045]]], [[[97.91775591400005, 13.86114748600005], [97.90332110100007, 13.812502468000048], [97.92430193600006, 13.860029782000026], [97.91775591400005, 13.86114748600005]]], [[[97.91747744200006, 13.906691159000047], [97.91747744200006, 13.906691159000047]]], [[[98.21850491300006, 13.930306697000049], [98.21850491300006, 13.930306697000049]]], [[[97.81446822500004, 14.13772365400007], [97.81446822500004, 14.13772365400007]]], [[[93.38054028800008, 14.06416542900007], [93.39582959300003, 14.140833217000022], [93.37248364800007, 14.07527764200006], [93.38054028800008, 14.06416542900007]]], [[[97.82138688900005, 14.182919609000066], [97.77762858000006, 14.152100098000062], [97.81779277700008, 14.182560197000043], [97.82138688900005, 14.182919609000066]]], [[[97.81067943300008, 14.267530989000022], [97.81067943300008, 14.267530989000022]]], [[[97.78090861300007, 14.396380041000043], [97.78090861300007, 14.396380041000043]]], [[[97.77176750900009, 14.444485108000038], [97.77176750900009, 14.444485108000038]]], [[[93.72248975100007, 14.904444020000028], [93.67859025100006, 14.853330893000077], [93.71609631800004, 14.888056082000048], [93.72248975100007, 14.904444020000028]]], [[[97.73584836600008, 15.05998469800005], [97.73584836600008, 15.05998469800005]]], [[[97.74299589000003, 15.08292846300003], [97.74299589000003, 15.08292846300003]]], [[[97.73670680700008, 15.194225802000062], [97.73670680700008, 15.194225802000062]]], [[[97.65969735200008, 15.504035238000029], [97.65921440500006, 15.554422632000069], [97.65744360000008, 15.502908365000053], [97.65969735200008, 15.504035238000029]]], [[[95.27338533700004, 15.67788537000007], [95.32376219500009, 15.674654321000048], [95.27338533700004, 15.67788537000007]]], [[[95.24598731600008, 15.688185284000042], [95.24598731600008, 15.688185284000042]]], [[[95.04436639000005, 15.71653393400004], [95.04436639000005, 15.71653393400004]]], [[[95.06350069400008, 15.814859704000071], [95.06350069400008, 15.814859704000071]]], [[[95.00189336700004, 15.844309167000063], [94.98294240700005, 15.781364849000056], [95.03021369900006, 15.79957484700003], [95.00189336700004, 15.844309167000063]]], [[[94.27571622300007, 15.859239858000024], [94.27571622300007, 15.859239858000024]]], [[[94.84494146400004, 15.892278987000054], [94.84494146400004, 15.892278987000054]]], [[[94.50885522400006, 15.932367605000024], [94.50885522400006, 15.932367605000024]]], [[[94.81903599800006, 15.840349046000028], [94.82779740100005, 15.892913842000041], [94.77429708200003, 15.888689329000044], [94.74700674000007, 15.836813289000077], [94.78480658100005, 15.792819052000027], [94.81903599800006, 15.840349046000028]]], [[[95.31704454700008, 15.928591091000044], [95.31704454700008, 15.928591091000044]]], [[[95.34493761300007, 15.962271053000052], [95.34493761300007, 15.962271053000052]]], [[[95.24204315800006, 15.914703159000055], [95.26926164900004, 15.961042718000044], [95.23778276600007, 15.916487055000061], [95.24204315800006, 15.914703159000055]]], [[[95.11095934100007, 15.940985040000044], [95.11710067300004, 15.992901535000044], [95.10690839800009, 15.940369518000068], [95.11095934100007, 15.940985040000044]]], [[[95.34735994700009, 15.97130044000005], [95.34735994700009, 15.97130044000005]]], [[[94.33104488900005, 16.017295759000035], [94.27592512600006, 15.992501190000041], [94.32651440900008, 15.978387777000023], [94.33104488900005, 16.017295759000035]]], [[[94.69478617500005, 16.00625552300005], [94.69478617500005, 16.00625552300005]]], [[[94.81579537100004, 15.985688244000073], [94.85387695900005, 16.024731514000052], [94.80865609500006, 16.00254215800004], [94.81579537100004, 15.985688244000073]]], [[[94.45919934500006, 16.04870061300005], [94.45919934500006, 16.04870061300005]]], [[[95.34423952500003, 16.068186120000064], [95.34423952500003, 16.068186120000064]]], [[[95.24856691700006, 15.850145655000063], [95.31346254500005, 15.945646600000032], [95.34464769500005, 16.041941004000023], [95.30580645000003, 16.079786615000046], [95.27219515200005, 16.03134377500004], [95.27366762300005, 15.956594782000025], [95.24177293900004, 15.89343102500004], [95.24856691700006, 15.850145655000063]]], [[[95.34816866300008, 16.06993706700007], [95.34816866300008, 16.06993706700007]]], [[[94.62561085900006, 16.054864210000062], [94.62561085900006, 16.054864210000062]]], [[[95.18274838800005, 16.112317380000036], [95.12124454600007, 16.09095826500004], [95.08992132200007, 16.043066340000053], [95.09784416900004, 15.988152185000047], [95.11604992200006, 16.035545684000056], [95.17502232000004, 16.029286589000037], [95.17766287500007, 16.087867794000033], [95.18274838800005, 16.112317380000036]]], [[[94.66609401400007, 16.133683946000076], [94.66609401400007, 16.133683946000076]]], [[[94.54278151500006, 16.15692835400006], [94.54278151500006, 16.15692835400006]]], [[[95.32483797400005, 16.119871454000076], [95.36162309800005, 16.16260369300005], [95.30995302600007, 16.167059261000077], [95.32483797400005, 16.119871454000076]]], [[[95.87071911100008, 16.216495878000046], [95.87071911100008, 16.216495878000046]]], [[[94.64263484500003, 16.10889793800004], [94.65889408100008, 16.166093628000056], [94.65784661900005, 16.21899035000007], [94.59447529800008, 16.21427678200007], [94.55362436000007, 16.163474979000057], [94.50883917800007, 16.110642944000062], [94.48297810200006, 16.06398265400003], [94.44482764800006, 16.019351044000075], [94.38317801200009, 16.002382449000038], [94.38917316300007, 15.914441392000072], [94.41296136400007, 15.865297597000051], [94.43934762600009, 15.90907887700007], [94.47770650500007, 15.943336331000069], [94.51318831200007, 15.988162902000056], [94.56881252900007, 16.000071238000032], [94.57028184800004, 16.05092835000005], [94.58538186600003, 16.102789205000022], [94.57316197200004, 16.04977629800004], [94.62826837000006, 16.08145767600007], [94.64263484500003, 16.10889793800004]]], [[[94.66397589600007, 16.282067077000022], [94.66397589600007, 16.282067077000022]]], [[[94.54782241700008, 16.20391674800004], [94.54134125800005, 16.274031095000055], [94.51173415000005, 16.231461669000055], [94.54782241700008, 16.20391674800004]]], [[[94.51291254200004, 16.279481160000046], [94.51291254200004, 16.279481160000046]]], [[[94.67811660500007, 16.300184857000033], [94.67811660500007, 16.300184857000033]]], [[[95.12432989000007, 16.145082788000025], [95.11669890700006, 16.195923486000027], [95.14709441500008, 16.239319481000052], [95.14190642700004, 16.297485985000037], [95.09692351600006, 16.27349913300003], [95.06311004000008, 16.225281359000064], [95.03668181700004, 16.177490866000028], [94.99744491900003, 16.138829575000045], [94.94335157100005, 16.112851440000043], [94.89868133000004, 16.08032286300005], [94.91974957400004, 16.03304799600005], [94.87148065900004, 16.00256389200007], [94.83342624000005, 15.963415576000045], [94.84359726700006, 15.902780607000068], [94.83990182400004, 15.852700060000075], [94.86222241700005, 15.899520665000068], [94.91031022300007, 15.93568431400007], [94.87454516400004, 15.898050604000048], [94.88913707300009, 15.830339372000026], [94.83648650500004, 15.804077780000057], [94.86010710900007, 15.756897607000042], [94.91358355900007, 15.760113795000052], [94.96364718300003, 15.747337368000046], [94.98229949300008, 15.800293602000067], [94.98187224600008, 15.85070864100004], [95.03757572000006, 15.846784888000059], [95.06332756900008, 15.92911642000007], [95.06664568300005, 15.983946727000045], [95.05108611400004, 16.034729637000055], [95.07287566600007, 16.08190981200005], [95.11187712800006, 16.114319480000063], [95.12432989000007, 16.145082788000025]]], [[[96.13935584300003, 16.311109892000047], [96.13935584300003, 16.311109892000047]]], [[[97.58899497700008, 16.244873254000026], [97.59871304200004, 16.299257029000046], [97.58507037600003, 16.24375193800006], [97.58899497700008, 16.244873254000026]]], [[[95.95798714700004, 16.29932223900005], [95.95186206800008, 16.361346639000033], [95.95238004300006, 16.300235024000074], [95.95798714700004, 16.29932223900005]]], [[[96.05555079400006, 16.361788147000027], [96.05555079400006, 16.361788147000027]]], [[[94.66654544700003, 16.338548075000062], [94.61219209900008, 16.328973639000026], [94.60026087600005, 16.270495916000073], [94.64783846900008, 16.30643688500004], [94.66654544700003, 16.338548075000062]]], [[[95.88586155400009, 16.196871010000052], [95.92400290400008, 16.236674934000064], [95.94962606900003, 16.292615584000032], [95.94483395000003, 16.352468164000072], [95.90688819500008, 16.30435138400003], [95.89290303200005, 16.248508532000074], [95.85900996200007, 16.210287443000027], [95.88586155400009, 16.196871010000052]]], [[[95.93118403300008, 16.21381603900005], [95.99739954900008, 16.233461729000055], [96.04142879400007, 16.27975951800005], [96.08077738700007, 16.328775755000038], [96.02517435900006, 16.371130340000036], [95.97418140300005, 16.358467201000053], [95.96791334000005, 16.307173593000073], [95.95082972600005, 16.250456205000035], [95.93118403300008, 16.21381603900005]]], [[[94.22527010600004, 16.378210394000064], [94.22527010600004, 16.378210394000064]]], [[[94.64916415900007, 16.34061026300003], [94.65800210100008, 16.390839236000033], [94.61749486600007, 16.341346757000053], [94.64916415900007, 16.34061026300003]]], [[[96.01019437900004, 16.387351153000054], [96.01019437900004, 16.387351153000054]]], [[[95.94798164300005, 16.378507167000066], [95.94798164300005, 16.378507167000066]]], [[[97.60790159000004, 16.379894912000054], [97.60790159000004, 16.379894912000054]]], [[[95.96188787600005, 16.34912808000007], [95.99131906100007, 16.391927078000037], [95.95933488800006, 16.349478796000028], [95.96188787600005, 16.34912808000007]]], [[[97.51550472600007, 16.50092587100005], [97.46203450400009, 16.488294215000053], [97.45291447500006, 16.43312551300005], [97.46906141200009, 16.382591582000032], [97.46637025600006, 16.330114039000023], [97.47699822100009, 16.277458954000053], [97.50342621300007, 16.23021655200006], [97.54738526600005, 16.199744816000077], [97.56633548900004, 16.246279386000026], [97.56652922100005, 16.32201844800005], [97.58891399000004, 16.36763520100004], [97.59668844100008, 16.432372453000028], [97.60666624400005, 16.48162592400007], [97.55517124200009, 16.49125452900006], [97.51550472600007, 16.50092587100005]]], [[[97.53245308800007, 16.518345457000066], [97.53245308800007, 16.518345457000066]]], [[[97.64902057300009, 16.51071624700006], [97.64902057300009, 16.51071624700006]]], [[[97.58194046000006, 16.52567138200004], [97.58194046000006, 16.52567138200004]]], [[[97.53095800100004, 16.532249766000064], [97.53095800100004, 16.532249766000064]]], [[[94.24250115500007, 16.52059640300007], [94.24250115500007, 16.52059640300007]]], [[[97.71313648300008, 16.56484082000003], [97.71313648300008, 16.56484082000003]]], [[[97.65323178900007, 16.57426298300004], [97.65323178900007, 16.57426298300004]]], [[[97.62569603900005, 16.54887389000004], [97.64401208900006, 16.59843354800006], [97.62058906500005, 16.54236780100007], [97.62569603900005, 16.54887389000004]]], [[[94.73749815000008, 16.628027160000045], [94.69836085400004, 16.559485187000064], [94.67364924500004, 16.511484850000045], [94.72594645000004, 16.513318533000074], [94.73732294300004, 16.57394517000006], [94.75535408200005, 16.625655617000064], [94.73749815000008, 16.628027160000045]]], [[[94.37149991300004, 18.346913314000062], [94.37149991300004, 18.346913314000062]]], [[[94.23661080800008, 18.54002236900004], [94.23661080800008, 18.54002236900004]]], [[[93.79096657700006, 18.602620185000035], [93.79574242600006, 18.667674979000026], [93.77302488000004, 18.621723578000058], [93.79096657700006, 18.602620185000035]]], [[[93.81430437200004, 18.71428250200006], [93.81430437200004, 18.71428250200006]]], [[[94.00835865500005, 18.73183300900007], [94.00835865500005, 18.73183300900007]]], [[[93.97559509300004, 18.83017258700005], [93.95641970900004, 18.77978471700004], [93.97559509300004, 18.83017258700005]]], [[[94.11217110500007, 18.852722716000073], [94.06080347200003, 18.839425917000028], [94.12000921800006, 18.810452891000068], [94.13960450100006, 18.864619851000043], [94.11217110500007, 18.852722716000073]]], [[[93.62552413500003, 18.90025156400003], [93.57139399900007, 18.890970667000033], [93.52013522700008, 18.882759312000076], [93.50379333100005, 18.82876791700005], [93.54001006700008, 18.775007424000023], [93.59601363700006, 18.73095148500005], [93.63434773300008, 18.682203145000074], [93.68958777000006, 18.66826872300004], [93.73412816000007, 18.695639911000058], [93.75428330700004, 18.748889315000042], [93.75055087100009, 18.800396916000068], [93.74524766200005, 18.851181620000034], [93.69232488800009, 18.873801468000067], [93.63658719500006, 18.889228867000043], [93.62552413500003, 18.90025156400003]]], [[[94.04124980800003, 19.022085364000077], [94.04124980800003, 19.022085364000077]]], [[[94.02903111900008, 19.042470370000046], [94.02903111900008, 19.042470370000046]]], [[[94.00854938200007, 19.094631149000065], [94.00854938200007, 19.094631149000065]]], [[[93.83289819600003, 19.255086752000068], [93.83289819600003, 19.255086752000068]]], [[[93.75745343800008, 19.27555682600007], [93.75745343800008, 19.27555682600007]]], [[[93.85951765500005, 19.298521186000073], [93.85951765500005, 19.298521186000073]]], [[[93.84498341200003, 19.278443631000073], [93.79781874100007, 19.304582740000058], [93.84036452500004, 19.271410326000023], [93.84498341200003, 19.278443631000073]]], [[[93.65585096900008, 19.372518684000056], [93.67274719400007, 19.320857207000074], [93.67672845700008, 19.37440520900003], [93.65585096900008, 19.372518684000056]]], [[[93.68497206900008, 19.388691679000033], [93.68497206900008, 19.388691679000033]]], [[[93.66810146400007, 19.42437375700007], [93.66810146400007, 19.42437375700007]]], [[[93.63719690200008, 19.401232659000073], [93.63719690200008, 19.401232659000073]]], [[[93.61196564100004, 19.432883710000056], [93.61196564100004, 19.432883710000056]]], [[[93.53880991300008, 19.465579840000032], [93.53880991300008, 19.465579840000032]]], [[[93.64645334000005, 19.45512902200005], [93.61226423500005, 19.491706883000063], [93.62958273500004, 19.444528904000038], [93.64645334000005, 19.45512902200005]]], [[[93.51641530400008, 19.521417068000062], [93.54134797000006, 19.47767292900005], [93.59061611400006, 19.467072814000062], [93.54418462100006, 19.49140828900005], [93.51641530400008, 19.521417068000062]]], [[[93.83113238700008, 19.483502900000076], [93.79873485100006, 19.52978509600007], [93.82053226900007, 19.483502900000076], [93.83113238700008, 19.483502900000076]]], [[[93.52907885700006, 19.53346776500007], [93.52907885700006, 19.53346776500007]]], [[[93.59788007300006, 19.55237876800004], [93.59788007300006, 19.55237876800004]]], [[[93.50240438700007, 19.54561061900006], [93.50240438700007, 19.54561061900006]]], [[[93.65625535900006, 19.568204293000065], [93.65625535900006, 19.568204293000065]]], [[[93.67252877800007, 19.566711319000035], [93.67252877800007, 19.566711319000035]]], [[[93.73252145000004, 19.58577162200004], [93.73252145000004, 19.58577162200004]]], [[[93.62715694800005, 19.62082041900004], [93.62715694800005, 19.62082041900004]]], [[[93.65793447000004, 19.62857735600005], [93.65793447000004, 19.62857735600005]]], [[[93.54245621100006, 19.651848163000068], [93.54245621100006, 19.651848163000068]]], [[[93.69189121100004, 19.654212828000027], [93.69189121100004, 19.654212828000027]]], [[[93.57661175300007, 19.648094807000064], [93.57661175300007, 19.648094807000064]]], [[[93.81306740200006, 19.70774760300003], [93.81306740200006, 19.70774760300003]]], [[[93.50375139500005, 19.717916634000062], [93.46042974000005, 19.746346724000034], [93.50375139500005, 19.717916634000062]]], [[[93.44533812100008, 19.746307629000057], [93.45691096900003, 19.69422981100007], [93.44533812100008, 19.746307629000057]]], [[[93.57831181200004, 19.72760598800005], [93.52642521100006, 19.719473292000032], [93.57619731000005, 19.713455098000054], [93.57831181200004, 19.72760598800005]]], [[[93.70868757900007, 19.75263829200003], [93.65059119700004, 19.739076359000023], [93.69310968500008, 19.70480499200005], [93.70868757900007, 19.75263829200003]]], [[[93.57538404100006, 19.778679319000048], [93.57538404100006, 19.778679319000048]]], [[[93.40326463900004, 19.795904302000054], [93.40326463900004, 19.795904302000054]]], [[[93.74861738900006, 19.824525695000034], [93.70007392100007, 19.807802366000033], [93.74861738900006, 19.824525695000034]]], [[[93.56432357500006, 19.838535964000073], [93.56432357500006, 19.838535964000073]]], [[[93.73110436800005, 19.832804098000054], [93.67441621200004, 19.82191410400003], [93.65114100400007, 19.774630613000056], [93.69677507100005, 19.806702751000046], [93.73110436800005, 19.832804098000054]]], [[[93.77132921600008, 19.858776657000078], [93.74064517200009, 19.818340353000053], [93.70373930700003, 19.782694465000077], [93.75727686400006, 19.762397385000043], [93.78146841800003, 19.813804439000023], [93.77132921600008, 19.858776657000078]]], [[[93.70855817300009, 19.87282144200003], [93.66159062100007, 19.85528931700003], [93.61344506000006, 19.800474945000076], [93.59490251300008, 19.740455648000022], [93.64106119100006, 19.775180422000062], [93.68467929600007, 19.80578640400006], [93.70575526800008, 19.852886624000064], [93.76366838400008, 19.86699836500003], [93.70924821900007, 19.867163052000024], [93.70855817300009, 19.87282144200003]]], [[[93.71193488300008, 19.88480985600006], [93.65479051800008, 19.880598211000063], [93.70583248600008, 19.87741025200006], [93.71193488300008, 19.88480985600006]]], [[[93.71434618000006, 19.893576108000047], [93.71434618000006, 19.893576108000047]]], [[[93.60173397600005, 19.848295198000073], [93.64955423000004, 19.884729678000042], [93.59961947500005, 19.879524751000076], [93.54724491400003, 19.86325936000003], [93.59539047500004, 19.834469616000035], [93.60173397600005, 19.848295198000073]]], [[[93.58254081500007, 19.878060867000045], [93.58254081500007, 19.878060867000045]]], [[[93.71423873600008, 19.919428012000026], [93.71423873600008, 19.919428012000026]]], [[[93.50252306300007, 19.917478706000054], [93.50252306300007, 19.917478706000054]]], [[[93.46300029200006, 19.939609291000068], [93.46300029200006, 19.939609291000068]]], [[[93.44753146000005, 19.929524766000043], [93.39791620500006, 19.966736208000043], [93.40772173200008, 19.914828185000033], [93.42980200200003, 19.867739872000072], [93.43443763800008, 19.810892327000033], [93.46383733600004, 19.767707710000025], [93.50904078700006, 19.73344255300003], [93.50683188800008, 19.783397641000022], [93.48525264900007, 19.83301289600007], [93.52626255600006, 19.868138977000058], [93.52935298200003, 19.919049656000027], [93.47403824300005, 19.905736628000056], [93.44753146000005, 19.929524766000043]]], [[[93.48996887500005, 19.93086448400004], [93.48996887500005, 19.93086448400004]]], [[[93.46187796100008, 19.961924329000055], [93.46187796100008, 19.961924329000055]]], [[[93.46374720300008, 19.998326577000057], [93.46374720300008, 19.998326577000057]]], [[[93.13487318300008, 20.060598533000075], [93.14185512600005, 20.003252709000037], [93.17007321300008, 19.940449688000058], [93.20537310800006, 19.874310171000047], [93.22232215600008, 19.82511970300004], [93.21047056600008, 19.894700003000025], [93.18472840500004, 19.940322250000065], [93.15720213200007, 19.997031470000024], [93.13487318300008, 20.060598533000075]]], [[[93.11692225900003, 20.056442755000035], [93.11692225900003, 20.056442755000035]]], [[[93.17160660800005, 20.037993180000058], [93.13852950100005, 20.080877446000045], [93.16529052600004, 20.037660639000023], [93.17160660800005, 20.037993180000058]]], [[[92.93701188800009, 20.10492223800003], [92.91367895300004, 20.05884758600007], [92.94579293500004, 20.00545171400006], [92.99129253000007, 19.923280858000055], [93.01205988600003, 19.86807522600003], [93.01499092600005, 19.93574397900005], [92.98254161600005, 19.988386295000055], [92.96856015300006, 20.037280613000064], [92.94743868100005, 20.09315855400007], [92.93701188800009, 20.10492223800003]]], [[[92.99467178700007, 20.122898160000034], [92.97604528100004, 20.073909064000077], [93.01829640800008, 20.035772149000024], [93.04786166300005, 19.983268332000023], [93.06990816700005, 19.935224792000042], [93.09743444000009, 19.88654407000007], [93.12763687700004, 19.840412077000053], [93.16344651800006, 19.803328073000046], [93.13617511900009, 19.849205192000056], [93.11463835800004, 19.90642415600007], [93.10610011700004, 19.957398733000048], [93.13897872100006, 19.99907045200007], [93.10041164500007, 20.064504171000067], [93.07628244300008, 20.113591110000073], [93.01893874900009, 20.12921490100007], [92.99467178700007, 20.122898160000034]]], [[[93.11309921100008, 20.065252358000066], [93.10844423800006, 20.123595532000024], [93.09880476600006, 20.07273204300003], [93.11309921100008, 20.065252358000066]]], [[[93.06664188600007, 20.12838453200004], [93.06664188600007, 20.12838453200004]]], [[[93.17883449100003, 20.189555271000074], [93.11567366100007, 20.18722719400006], [93.11160212600004, 20.13190658900004], [93.12789182200004, 20.084201681000025], [93.18074797300005, 20.058105951000073], [93.20435702900005, 20.102599006000048], [93.22293030300006, 20.158698583000046], [93.17883449100003, 20.189555271000074]]], [[[92.97100464900007, 20.17523616400007], [92.97807159000007, 20.23644502800005], [92.94882990100007, 20.191295101000037], [92.97100464900007, 20.17523616400007]]], [[[93.28849968100008, 20.205776396000033], [93.26354355400008, 20.258132], [93.21339428100003, 20.243337621000023], [93.17900046300008, 20.199196061000066], [93.21943955200004, 20.16966908300003], [93.23613505900005, 20.118074560000025], [93.19700231900003, 20.08664178400005], [93.20268847600005, 20.034835480000027], [93.25271859000009, 20.032342963000076], [93.29373701700007, 20.073316705000025], [93.34165169100004, 20.05384872600007], [93.31102431900007, 20.11480019000004], [93.30400232300008, 20.172903294000037], [93.28849968100008, 20.205776396000033]]], [[[93.26608292800006, 20.294866642000045], [93.26608292800006, 20.294866642000045]]], [[[93.32392428400004, 20.328942711000025], [93.27389445600005, 20.315311871000063], [93.26558483300005, 20.26045910700003], [93.30573147500007, 20.204656529000033], [93.30808019400007, 20.150551927000038], [93.34189752300006, 20.08868618500003], [93.35972764800005, 20.035647913000048], [93.37443665000006, 20.08351953500005], [93.41381239500004, 20.124557784000046], [93.40288924400005, 20.182580613000027], [93.37528571200005, 20.237190046000023], [93.34420320800007, 20.27641748900004], [93.32392428400004, 20.328942711000025]]], [[[92.74841329600008, 20.342044129000044], [92.75668339800006, 20.397387782000067], [92.73908944000004, 20.346706075000043], [92.74841329600008, 20.342044129000044]]], [[[92.83932474200003, 20.441887742000063], [92.80029958800009, 20.478770272000077], [92.75870451100008, 20.444224502000054], [92.76848889900003, 20.39104850600006], [92.76418420000005, 20.333349509000072], [92.78589904900008, 20.28648445300007], [92.85943618200008, 20.308141762000048], [92.83856943300003, 20.368034254000065], [92.83673086900006, 20.428239811000026], [92.83932474200003, 20.441887742000063]]], [[[92.79359290800005, 20.474904610000067], [92.79359290800005, 20.474904610000067]]], [[[93.11074782400004, 20.42256387900005], [93.09855766000004, 20.49104632700005], [93.03916533400007, 20.434087324000075], [93.03285031600007, 20.37232726900004], [93.07373806200007, 20.406162919000053], [93.11074782400004, 20.42256387900005]]], [[[92.72287787000005, 20.57085538700005], [92.72287787000005, 20.57085538700005]]], [[[92.33509767700008, 20.583965914000032], [92.32507631700008, 20.641385599000046], [92.33238920100007, 20.583695067000065], [92.33509767700008, 20.583965914000032]]], [[[97.59673890600004, 28.526162921000036], [97.53909629800006, 28.521843637000075], [97.50404829300004, 28.478323102000047], [97.50154849500007, 28.423125810000045], [97.48445931800006, 28.371180603000028], [97.51972012100003, 28.328807265000023], [97.47075724300004, 28.304834922000055], [97.41797544300005, 28.29553880800006], [97.40476183600003, 28.246492769000042], [97.35001080400008, 28.239243335000026], [97.35492065300008, 28.17961244600008], [97.32606296300008, 28.136579281000024], [97.31991864900004, 28.077762990000053], [97.36556222600007, 28.046395794000034], [97.38664896000006, 27.991877473000045], [97.36932522000006, 27.93819652600007], [97.37316527900003, 27.887588686000072], [97.32004978400005, 27.889451111000028], [97.26971882400005, 27.902619526000024], [97.22329251000008, 27.871950825000056], [97.18212048500004, 27.837091788000066], [97.13946797900007, 27.808482285000025], [97.09560410500006, 27.769131049000066], [97.04736007600007, 27.739973427000052], [96.98909134000007, 27.687647342000048], [96.94614194400003, 27.662044751000053], [96.91540462700004, 27.62126190600003], [96.89553260000008, 27.575137878000078], [96.91342166400005, 27.51609061100004], [96.90269306300007, 27.456744851000053], [96.93463873500008, 27.417860524000048], [96.96334780400008, 27.376827054000046], [96.99910492800007, 27.318328061000045], [97.04189548100004, 27.283329168000023], [97.07660090900004, 27.24558926900005], [97.10789072900008, 27.20093100200006], [97.14640624200007, 27.16060151100004], [97.14307399500007, 27.09759215500003], [97.09162296700003, 27.094922847000078], [97.04272981400004, 27.114257691000034], [96.99473332300005, 27.140685981000047], [96.93064910500004, 27.16245216300007], [96.85914112400008, 27.190177342000027], [96.88300702100008, 27.241267340000036], [96.84664519100005, 27.28955634600004], [96.80654469200005, 27.32863308800006], [96.75372027200007, 27.353002848000074], [96.70262564300003, 27.37204735800003], [96.64952105700007, 27.359448946000043], [96.59640047800008, 27.352122862000044], [96.55254279500008, 27.317917886000032], [96.49013210600003, 27.300749040000028], [96.43738840900005, 27.303399759000058], [96.38500332900009, 27.28367885600005], [96.33080388700006, 27.285071783000035], [96.27682411000006, 27.284179678000044], [96.21192394200006, 27.261888671000065], [96.15412111800003, 27.246969673000024], [96.08985431200006, 27.222908070000074], [96.04625472700008, 27.190640607000034], [96.00468820900005, 27.139059478000036], [95.96934109000006, 27.09997548000007], [95.94603368600008, 27.05072919500003], [95.89565962500006, 27.026294015000076], [95.84190223100006, 27.012384761000078], [95.78956070800007, 26.995601798000052], [95.75511492900006, 26.952686776000064], [95.74213648000006, 26.895792122000046], [95.66833958400008, 26.902564986000073], [95.62831907100008, 26.86604711500007], [95.60697130600005, 26.81237026900004], [95.55743165600006, 26.829508012000076], [95.50664956000008, 26.807985858000052], [95.48551182700004, 26.75952882100006], [95.44470255600004, 26.723139674000038], [95.40413047700008, 26.693297525000048], [95.34897405900006, 26.673699971000076], [95.30255077500004, 26.65250015500004], [95.25431179300006, 26.67899136500006], [95.21225473000004, 26.65171596500005], [95.16575374500007, 26.625244034000048], [95.14802156500008, 26.578347717000042], [95.10637561100003, 26.541338503000077], [95.08758132600008, 26.48860239700008], [95.06516146900003, 26.44294904000003], [95.09654483800006, 26.401040201000058], [95.12406082800004, 26.348838773000068], [95.12873557000006, 26.295608965000042], [95.11724367300008, 26.241067127000065], [95.12214988900007, 26.18521832600004], [95.12523240900003, 26.13178283900004], [95.15553545700004, 26.090735531000064], [95.15889492900004, 26.026390159000073], [95.12436625300006, 25.987204275000067], [95.07116422200005, 25.941850587000033], [95.02546500300008, 25.913200447000065], [95.00995817700004, 25.86480090200007], [95.03266594000007, 25.814355445000047], [95.04662066200007, 25.757425323000064], [94.99431547600005, 25.723790448000045], [94.93609807800004, 25.66922615900006], [94.91537770100007, 25.60974680000004], [94.88823866000007, 25.566521003000048], [94.83803984100007, 25.554255951000073], [94.80723719100007, 25.494968898000025], [94.75278537000008, 25.492692770000076], [94.69423921800006, 25.466031283000063], [94.66959476300008, 25.41626079300005], [94.63473807700007, 25.35933343800008], [94.60802183500005, 25.316298810000035], [94.58615456700005, 25.26530943100005], [94.57769996900004, 25.21369250400005], [94.62024632600009, 25.186535824000032], [94.66593311300005, 25.160987780000028], [94.72911395700004, 25.13401338400007], [94.74521593900005, 25.081097535000026], [94.73881962600007, 25.029337463000047], [94.70369941100006, 24.982616422000035], [94.71352767500008, 24.931226951000042], [94.68370870000007, 24.88654575700008], [94.64752871600007, 24.850530929000058], [94.62789382800008, 24.802893280000035], [94.62330723400004, 24.748435193000034], [94.59312032900004, 24.708527968000055], [94.54377592700007, 24.697150693000026], [94.54158315200004, 24.642623144000027], [94.51050524500005, 24.59328376600007], [94.45614869200006, 24.570514993000074], [94.43924268700005, 24.51635685900004], [94.39415882600008, 24.483245055000054], [94.39714709500004, 24.408696075000023], [94.35071207400006, 24.333369701000038], [94.32331465200008, 24.275955703000022], [94.28971235000006, 24.231574151000075], [94.27742227300007, 24.17168024700004], [94.25231485800003, 24.124864869000078], [94.23962951500005, 24.052643783000065], [94.22032600400007, 24.00579106400005], [94.18832140200004, 23.93082448000007], [94.15607872800007, 23.847910583000044], [94.10555413500003, 23.871704883000064], [94.05235036500005, 23.886821506000047], [94.01521376200009, 23.926339120000023], [93.95707680900006, 23.931897310000068], [93.90175521800006, 23.95045131100005], [93.83597862800008, 23.929946501000074], [93.78515594900006, 23.961725242000057], [93.75444372100009, 24.00468019500005], [93.68881551900006, 24.00688767400004], [93.62600411000005, 24.010690703000023], [93.59496546600008, 23.965383875000043], [93.54484839000008, 23.961002906000033], [93.49156223700004, 23.952358747000062], [93.46386177500005, 23.994046781000065], [93.42581768900004, 24.045781747000035], [93.39055840700007, 24.08245249400005], [93.34550497400005, 24.105976748000046], [93.32565966800007, 24.052950217000046], [93.33385383200005, 23.998627429000067], [93.35373782400006, 23.945530750000046], [93.38694364800006, 23.873550678000072], [93.39201255300009, 23.817269142000043], [93.39263929300006, 23.76168412900006], [93.40886603600006, 23.71033705600007], [93.42506809300005, 23.662125668000044], [93.42820783600007, 23.59495037100004], [93.41841337000005, 23.538146684000026], [93.39392442800005, 23.478757474000076], [93.38935234000007, 23.419721391000053], [93.38455071600004, 23.363572244000068], [93.36519992300003, 23.29442143400007], [93.38154865500007, 23.232931404000055], [93.37262256700006, 23.175819139000055], [93.36055542900004, 23.117702806000068], [93.34319472100003, 23.069398927000066], [93.31481920800007, 23.027819968000074], [93.26057192000007, 23.008903144000044], [93.21329678000006, 23.041405283000074], [93.15687771700004, 23.045710675000066], [93.12156407000003, 23.00330963400006], [93.13987439500005, 22.952669048000075], [93.13084127700006, 22.90052600300004], [93.11626633800006, 22.841548853000063], [93.09749930800007, 22.794187753000074], [93.10366971000008, 22.743164584000056], [93.09594244400006, 22.676305495000065], [93.12038150200004, 22.626614327000027], [93.12574939000007, 22.57556183400004], [93.10752702700006, 22.527226394000024], [93.13087309100007, 22.47375192100003], [93.17518035300009, 22.43915731100003], [93.18543719100006, 22.38665216000004], [93.19265820800007, 22.32941681400007], [93.19771767400005, 22.271479741000064], [93.15324786000008, 22.248451377000038], [93.16014556000005, 22.19765983700006], [93.10946752500007, 22.200990122000064], [93.04876289700007, 22.202430887000048], [93.04135906800008, 22.15265576300004], [93.05773971800005, 22.09779160100004], [93.00861898300008, 22.10742562200005], [92.99476702400005, 22.040571200000045], [93.00496153400007, 21.988165640000034], [92.96159905800005, 22.01869420400004], [92.91822185600006, 21.982300999000074], [92.87752218400004, 22.019146188000036], [92.85235203300005, 22.06641750800003], [92.80941996800004, 22.094291475000034], [92.76444387100008, 22.11770557500006], [92.71254129900007, 22.146988355000076], [92.69289204200004, 22.095408641000063], [92.68585957100004, 22.041800133000038], [92.64946140600006, 22.006762828000035], [92.60637166700008, 21.97438575500007], [92.61525169600009, 21.923842456000045], [92.63382469800007, 21.87328397700003], [92.62019518100004, 21.824486359000048], [92.61090905600008, 21.769225525000024], [92.60288624500004, 21.71455911000004], [92.60407749200004, 21.65049595100004], [92.60882066100004, 21.59132052900003], [92.62122701400006, 21.522972958000025], [92.62697484500006, 21.464448623000067], [92.64092063200007, 21.413646620000065], [92.65233443300008, 21.35642100900003], [92.67311867500007, 21.308462726000073], [92.63639680200004, 21.272238125000058], [92.58472714100003, 21.276104677000035], [92.57271035400004, 21.328151976000072], [92.56233697300007, 21.37773371000003], [92.50853021000006, 21.376125090000073], [92.43925125800007, 21.36454530900005], [92.42435804800004, 21.433009640000023], [92.38057407100007, 21.479632839000033], [92.33676096800008, 21.442379741000025], [92.28654486900007, 21.427436874000023], [92.25496625900007, 21.38789980300004], [92.21959044300007, 21.344635622000055], [92.21054078100008, 21.28561571000006], [92.22044746400007, 21.23377935800005], [92.18142458100004, 21.19028327500007], [92.19798283400007, 21.13773845000003], [92.23529052900005, 21.094909667000024], [92.26489479600008, 21.051956527000073], [92.30960557800006, 21.074729339000044], [92.27137727800005, 21.041318562000072], [92.27789306700004, 20.974121094000054], [92.30230713000003, 20.929687501000046], [92.35272216800007, 20.945922851000034], [92.31563493600004, 20.908422074000043], [92.33367919900007, 20.85772705100004], [92.37908935600007, 20.892089844000054], [92.34551142900006, 20.852161588000058], [92.35692512200006, 20.801589413000045], [92.38701143600008, 20.756517028000076], [92.40090635200005, 20.708204242000022], [92.44927978600003, 20.660888673000045], [92.50250244100005, 20.612121582000043], [92.52850341700008, 20.56292724700006], [92.56872558600008, 20.51593017600004], [92.61484015300005, 20.468477002000043], [92.64993138200003, 20.410087701000066], [92.67231844100007, 20.360992275000058], [92.69939265000005, 20.31073506000007], [92.73518030100007, 20.26970652700004], [92.73066789200004, 20.322643732000074], [92.73111812900004, 20.377235290000044], [92.74681025600006, 20.426951878000068], [92.72127722400006, 20.498782186000028], [92.73224249200007, 20.55612190100004], [92.69248232000007, 20.59218641600006], [92.67038129000008, 20.640336055000034], [92.63703052800008, 20.698833560000025], [92.57852328700005, 20.72010878900005], [92.56683881600009, 20.78530832900003], [92.55511965400007, 20.851255786000024], [92.56658927200004, 20.797525489000066], [92.59089865200008, 20.752771178000046], [92.59869092800005, 20.692184158000032], [92.63984404100006, 20.729158767000058], [92.65904698500003, 20.676587091000044], [92.68547567800005, 20.627053974000034], [92.72714899000005, 20.582482665000043], [92.73903257800004, 20.528942064000034], [92.75269376500006, 20.479078788000038], [92.79249775500006, 20.50937103600006], [92.81969880400004, 20.46331820100005], [92.84135485600007, 20.416509656000073], [92.89523669400006, 20.387295782000024], [92.92753536500004, 20.431286193000062], [92.89643824300003, 20.477078600000027], [92.93253094700003, 20.437677002000044], [92.91809513000004, 20.380227801000046], [92.85087343200007, 20.39451381300006], [92.87105263700005, 20.335663384000043], [92.92677004000006, 20.31569999000004], [92.93674299800006, 20.36579063000005], [92.93071764500007, 20.314459331000023], [92.87407251800005, 20.300904760000037], [92.81294694600007, 20.266643078000072], [92.79280937900006, 20.22036490200003], [92.80813647200006, 20.163926610000033], [92.85152751000004, 20.128517444000067], [92.90295841100004, 20.14295568500006], [92.92200453600003, 20.19082938100007], [92.88017369200008, 20.236347545000058], [92.91662115700007, 20.19941075500003], [92.94820072900006, 20.254115625000054], [93.01304968300008, 20.30519835900003], [93.02126124400007, 20.367574587000036], [93.02072985300003, 20.42712077400006], [93.05200868400004, 20.476449170000024], [93.07727186700004, 20.541441586000076], [93.05483228500003, 20.589146361000076], [93.01593792200003, 20.621392412000034], [93.07826826600007, 20.590642712000033], [93.08426252200007, 20.51535130800005], [93.11384620000007, 20.44307146600005], [93.07777871100006, 20.40533894600003], [93.07013391100008, 20.35131731100006], [93.03190600300007, 20.292973479000068], [92.99667032100007, 20.21401841200003], [92.99350720000007, 20.162458650000076], [93.06149547800004, 20.166300774000035], [93.12220374200007, 20.221528340000077], [93.16259283600004, 20.25755717100003], [93.19799554600007, 20.293461257000047], [93.16470482400007, 20.253716137000026], [93.12016061200006, 20.207173819000047], [93.16907620200004, 20.19634674200006], [93.20933262000005, 20.235300332000065], [93.23117796300005, 20.28888229200004], [93.27412593000008, 20.326043922000053], [93.31245435700004, 20.383961450000072], [93.29284216300005, 20.332765359000064], [93.34154298200008, 20.308165561000067], [93.41175181200003, 20.17421567300005], [93.42067487300005, 20.116425425000045], [93.37845762900008, 20.069883121000032], [93.40588388000003, 20.006886122000026], [93.44677325100008, 19.950704354000038], [93.459737, 19.999739501000022], [93.51319605500004, 19.99749219100005], [93.51012126100005, 19.945344748000025], [93.56796380700007, 19.92028797100005], [93.63158136800007, 19.918375370000035], [93.69855858800008, 19.91006950900004], [93.70537668800006, 19.967466709000064], [93.73334214500005, 19.92417752500006], [93.75914094300003, 19.87837064200005], [93.79279421300004, 19.91582715000004], [93.78476726600007, 19.863974420000034], [93.78517962400008, 19.810643042000038], [93.78366765100009, 19.758686182000076], [93.73157334000007, 19.750713965000045], [93.70855921500004, 19.70192500400003], [93.74976530100008, 19.67281201000003], [93.80157150200006, 19.70550814300003], [93.83635779800005, 19.663107680000053], [93.78753754500008, 19.68624877800005], [93.81948719000007, 19.640713068000025], [93.77186131700006, 19.664600654000026], [93.72542982300007, 19.63459187500007], [93.76320206700007, 19.592490006000048], [93.81530686200006, 19.602492933000065], [93.81469057500004, 19.54947506900004], [93.86472430300006, 19.516945519000046], [93.91458963600007, 19.485145171000056], [93.94310544100006, 19.52784422800005], [93.92474185900005, 19.47753100400007], [93.97654806000008, 19.462153370000067], [93.91559313200008, 19.448828096000057], [93.87130068200008, 19.472441072000038], [93.81941253800005, 19.47952163700006], [93.77243362100006, 19.505797978000032], [93.74376852100005, 19.549790947000076], [93.68686387300005, 19.56582486600007], [93.65239850900008, 19.523912730000063], [93.64483410900004, 19.471559108000065], [93.67787860200008, 19.421196117000022], [93.72963503500006, 19.41223827300007], [93.73262098300006, 19.353514629000074], [93.76934814400005, 19.301360069000054], [93.82209989200004, 19.30414695500008], [93.87228850800005, 19.317704181000067], [93.86158108500007, 19.367882105000035], [93.88062298400007, 19.320841761000054], [93.91075073100006, 19.367555517000028], [93.88828613800007, 19.318427343000053], [93.94045858100009, 19.343726252000067], [93.96911454300005, 19.388595730000077], [93.95135262500008, 19.341241852000053], [93.92615868900003, 19.29746738800003], [93.87178177800007, 19.25243322800003], [93.82527797100005, 19.227239292000036], [93.76250308000004, 19.239416362000043], [93.72387238100004, 19.276997314000027], [93.67453425600007, 19.29977683100003], [93.66015271800006, 19.24487504800004], [93.66613627600003, 19.313843445000032], [93.61942252100005, 19.34271149600005], [93.61083853700006, 19.392519958000037], [93.56291695600004, 19.406909377000034], [93.51827415100007, 19.432133535000048], [93.47885963600004, 19.40028342200003], [93.48244277500004, 19.33737945300004], [93.52981981600004, 19.274276420000035], [93.55350833800009, 19.227297503000045], [93.58953877500005, 19.17255512400004], [93.63067021000006, 19.143641195000043], [93.65306481900006, 19.07894565500004], [93.66137268000006, 19.025363379000055], [93.70945110600007, 19.002163962000054], [93.74650718600003, 18.968362100000036], [93.79574033200004, 18.950936296000066], [93.84308393500004, 18.918709054000033], [93.88676918000004, 18.89436575600007], [93.92653884600008, 18.853624720000028], [93.95882499600003, 18.898436038000057], [93.98729830100007, 18.968239803000074], [93.95980247700004, 19.01871427800006], [93.95469611200008, 19.104933320000043], [93.92994987000009, 19.159532170000034], [93.97688916900006, 19.139499498000077], [93.99220827000005, 19.192919953000057], [94.02465145400004, 19.297340659000042], [94.05702423100007, 19.354200536000064], [94.04042280500005, 19.28509710800006], [94.07445572600005, 19.236330426000052], [94.03544238000006, 19.180923172000064], [94.03486304700004, 19.122064547000036], [94.06803506300008, 19.159995415000026], [94.11926273200004, 19.151877370000022], [94.05123910700007, 19.113806535000037], [94.11044485600007, 19.111287141000048], [94.06789509600009, 19.074895901000048], [94.04704011700005, 19.016110052000045], [94.03910091800003, 18.958801625000035], [94.02715712600008, 18.899580325000045], [94.07791823900004, 18.876936885000077], [94.09920968300008, 18.93602224400007], [94.09061629400009, 18.883515302000035], [94.03784899500005, 18.885614797000073], [94.08459774200008, 18.85370247900005], [94.13946453400007, 18.867139245000033], [94.16157921100006, 18.79855575600004], [94.19181193400004, 18.756705827000076], [94.23826234200004, 18.736574491000056], [94.17963713200004, 18.73443835000006], [94.21405274200004, 18.694326361000037], [94.16895642500003, 18.72043475600003], [94.20310146100007, 18.679547781000053], [94.24079971500004, 18.642099819000066], [94.25039749200005, 18.584200344000067], [94.26750259300007, 18.536200011000062], [94.28379898100007, 18.475000910000063], [94.31870337400005, 18.426703028000077], [94.33249731700005, 18.369200282000065], [94.38332066200007, 18.356966475000036], [94.39379500500007, 18.30462928000003], [94.34459753900006, 18.315802148000046], [94.31710119900004, 18.267500451000046], [94.36830206800005, 18.251699976000054], [94.41960211700007, 18.233301692000055], [94.43499823500008, 18.171701960000064], [94.46929840100006, 18.092530142000044], [94.48010162500003, 18.030884635000064], [94.44904237800006, 17.991506960000038], [94.48052878300007, 17.901673209000023], [94.47827048100004, 17.848694694000073], [94.47526160900009, 17.798103311000034], [94.51125582600008, 17.761905067000043], [94.53552145900005, 17.71331871800004], [94.55568689000006, 17.64653259000005], [94.57391257200004, 17.59747407800006], [94.60089011200006, 17.554322223000042], [94.60467429000005, 17.50250337600005], [94.59387106800006, 17.555909136000025], [94.55670065800007, 17.59747407800006], [94.55291647800004, 17.529297808000024], [94.56091231100004, 17.477112977000047], [94.55511375900005, 17.426697705000038], [94.57012840900006, 17.36792084900003], [94.56829735300005, 17.31671235300007], [94.62742152600003, 17.30170552100003], [94.57507225500007, 17.298706983000045], [94.52549058500006, 17.290216196000074], [94.50012108400006, 17.24432465600006], [94.52331444300006, 17.197876903000065], [94.47808737600008, 17.175904255000034], [94.48941054400007, 17.11703972400005], [94.45907283200006, 17.075568910000072], [94.45208640100003, 17.02331636300005], [94.45049948500008, 16.96930024900007], [94.43147007600004, 16.920791692000023], [94.38173436400007, 16.90423348400003], [94.39288230000005, 16.832520465000073], [94.39330954400003, 16.778687458000036], [94.36431784700005, 16.73547456800003], [94.36094289400006, 16.684655993000035], [94.35089011100007, 16.631714802000033], [94.34650064100003, 16.58064746900004], [94.32171530600004, 16.53552339600003], [94.26751608700005, 16.540528278000068], [94.26092429000005, 16.47332857200007], [94.25168826900006, 16.41470275000006], [94.24300317300003, 16.35975198600005], [94.23632703700008, 16.28833101200007], [94.22747440200004, 16.23682126500006], [94.21832314200003, 16.17530851300006], [94.20831189800003, 16.126282760000038], [94.20330701400007, 16.074280808000026], [94.20208687500008, 16.018904543000076], [94.23545701300009, 15.965276183000071], [94.27728162400007, 15.997925826000028], [94.32656032400007, 16.01996785700004], [94.37692278700007, 16.055733908000036], [94.42523687400006, 16.071053009000025], [94.45469668400006, 16.115537320000044], [94.49093225000007, 16.160021632000053], [94.52219238200007, 16.215406074000043], [94.51287732800006, 16.265503953000064], [94.47107961400008, 16.29303267000006], [94.52160318600005, 16.29317997100003], [94.56373071400009, 16.260184985000024], [94.59922978200007, 16.306731481000043], [94.62810039600004, 16.36712409000006], [94.67685638100005, 16.384652677000076], [94.67986790500004, 16.437488420000022], [94.66959908300004, 16.49998155800006], [94.68583360400004, 16.54985871100007], [94.69258169000005, 16.614307815000075], [94.67531620800008, 16.663350966000053], [94.68671277100003, 16.716583823000065], [94.67608637100005, 16.65481806100007], [94.72945166500006, 16.631031333000067], [94.71253255200008, 16.69831658800007], [94.73210179500006, 16.644549150000046], [94.77235614500006, 16.608033705000025], [94.74188114500004, 16.552918501000022], [94.72369267000005, 16.501893111000072], [94.70751835200008, 16.43548686200006], [94.76190067600004, 16.41333110100004], [94.70831180900007, 16.387513230000025], [94.68872099600009, 16.333528632000025], [94.66387991700003, 16.272289972000067], [94.67311025600009, 16.215829788000065], [94.72446455100004, 16.231416194000076], [94.75417184200006, 16.284278494000034], [94.75730397900008, 16.231788211000037], [94.71294405000003, 16.207991177000054], [94.67388798300004, 16.155091355000025], [94.65192828800008, 16.07745006400006], [94.61727005000006, 16.02965152200005], [94.58591188900004, 15.987215020000065], [94.55267216300007, 15.947083543000076], [94.60957912500004, 15.950513440000066], [94.68731571700005, 15.997315474000061], [94.70992115100006, 16.049009071000057], [94.75145191300004, 16.09303821900005], [94.77518431100003, 16.148718074000044], [94.79943829900009, 16.210396225000068], [94.84245326700005, 16.247331399000075], [94.88010562800008, 16.285570549000056], [94.92157212200004, 16.31442105900004], [94.97073274400003, 16.328264383000032], [94.92000734900006, 16.298284332000037], [94.87244838000004, 16.264227617000074], [94.83581928000007, 16.21548174000003], [94.78941353500005, 16.156426900000042], [94.76441566100004, 16.107069446000025], [94.73278932800008, 16.068121123000026], [94.72458997100006, 16.015842731000077], [94.67144053500004, 15.960654010000042], [94.61896556100004, 15.936068285000033], [94.63457911700004, 15.872641315000067], [94.68013804600008, 15.84281038000006], [94.72383733000004, 15.867555104000076], [94.76769670400006, 15.935465564000026], [94.80672769200004, 15.973111140000071], [94.81619199900007, 16.024470717000042], [94.83640365600007, 16.07193551100005], [94.84057638300004, 16.127876161000074], [94.86926389800004, 16.189554315000066], [94.92285738600003, 16.210809152000024], [94.98440514000004, 16.24849411200006], [95.03193315400006, 16.317152726000074], [95.00490444300004, 16.248919530000023], [94.95376166200003, 16.199594943000022], [94.89677783000008, 16.190336701000035], [94.86052724500007, 16.133222471000067], [94.86743832800005, 16.078976993000026], [94.87513179700005, 16.019515601000023], [94.89351788600004, 16.071153125000023], [94.93167553700005, 16.11027246200007], [94.97196845100007, 16.147631425000043], [95.03954710500005, 16.185772778000057], [95.06636079700007, 16.24252580500007], [95.10551103600005, 16.292628038000032], [95.15002473800007, 16.250025589000074], [95.12740739800006, 16.20069010800006], [95.13113054300004, 16.139376479000077], [95.18090843900006, 16.159167127000046], [95.24554085400007, 16.14903147800004], [95.20947130200005, 16.102296033000073], [95.18847521000004, 16.046509898000068], [95.12988145900005, 16.03527942900007], [95.12792833400005, 15.981873669000038], [95.11791856800005, 15.917481580000072], [95.10967882300008, 15.861878550000029], [95.11352403600006, 15.811280407000027], [95.17352159600006, 15.77227894200007], [95.22524221100008, 15.798957264000023], [95.21345797800006, 15.860211779000053], [95.23187213000006, 15.928786119000051], [95.25906006900004, 15.982673006000027], [95.26619934800004, 16.03401713100004], [95.30306932300005, 16.085850251000068], [95.30047471900008, 16.147278941000025], [95.32021255500007, 16.19337952500007], [95.38452012900007, 16.23889271200005], [95.38835354900004, 16.29694796600006], [95.39136084700004, 16.24230314400006], [95.36642227100003, 16.182377211000073], [95.34896526600005, 16.129126016000043], [95.35589464100008, 16.064088024000057], [95.36108263000006, 16.000306287000058], [95.34612901600008, 15.939271131000055], [95.30529649800008, 15.896302381000055], [95.27790368700005, 15.84805897800004], [95.27612171300007, 15.786500123000053], [95.28210315800004, 15.732300907000024], [95.33452342800007, 15.709118106000062], [95.40532942400006, 15.716289983000024], [95.45918370900006, 15.738457606000054], [95.49749613800003, 15.771729705000041], [95.56063318500009, 15.840428673000076], [95.64513094800009, 15.925578425000026], [95.68842301300003, 15.992733284000053], [95.70354915400009, 16.046848363000038], [95.73341024600006, 16.106570547000047], [95.72389120900004, 16.162902388000077], [95.71841450000005, 16.217017467000062], [95.71906649100004, 16.27074135400005], [95.72402160500008, 16.214670308000052], [95.73432303100003, 16.157425682000053], [95.78948129200006, 16.149080225000034], [95.83955404000005, 16.186765182000045], [95.86824155200009, 16.230448440000032], [95.89476120100005, 16.27951060500004], [95.90463883300004, 16.337896213000022], [95.92928401400007, 16.38347023700004], [95.88228174200003, 16.412855969000077], [95.85804048400007, 16.460188048000077], [95.88738108000007, 16.414572488000033], [95.95696094300007, 16.41545029200006], [96.01042179200005, 16.398341027000072], [96.05824664900007, 16.367075854000063], [96.10132602600004, 16.329226430000062], [96.15602488400003, 16.33336919100003], [96.20587109800005, 16.35775863200007], [96.26786425100005, 16.374602054000036], [96.30739950300006, 16.405949534000058], [96.32767155500005, 16.456933052000068], [96.28411478800007, 16.48644536200004], [96.23786160400005, 16.576476024000044], [96.24405667200006, 16.63264362500007], [96.21041092700005, 16.675298074000068], [96.19089323100008, 16.736361341000077], [96.13684552200004, 16.768754040000033], [96.11495596100008, 16.81389124900005], [96.16531761500005, 16.766157934000034], [96.21330269200007, 16.786200353000027], [96.26750182500007, 16.810400792000053], [96.30000304400005, 16.856703588000073], [96.33789824700006, 16.906702825000025], [96.31386359300006, 16.84833608300005], [96.27814305600003, 16.805685637000067], [96.22975454500005, 16.782543299000054], [96.22753530800009, 16.725149946000045], [96.26178359300008, 16.65329638700007], [96.27554759800006, 16.58081700500003], [96.31393431900005, 16.61858645800004], [96.36836623500005, 16.633467592000045], [96.41875838600004, 16.620829498000035], [96.46978377600004, 16.613100923000047], [96.41893004800005, 16.61858645800004], [96.36867904100006, 16.63015643400007], [96.31609061500006, 16.614136692000045], [96.28246306700004, 16.575652040000023], [96.34028243300008, 16.531874574000028], [96.38358306300006, 16.49690524300007], [96.43024062300003, 16.476721679000036], [96.48550024200006, 16.483282960000054], [96.55319586100006, 16.50711337300004], [96.64299383400004, 16.553049959000077], [96.72448721000006, 16.653220092000026], [96.72728023400003, 16.716068370000073], [96.77132711300004, 16.773476498000036], [96.82941037300009, 16.799075044000062], [96.85139065700008, 16.844801818000064], [96.81822576800005, 16.88851825000006], [96.82942571800004, 16.939421570000036], [96.87157040700004, 16.909926332000055], [96.89327221900004, 16.988493836000032], [96.91272717600003, 17.04829684500004], [96.92283486900004, 17.10670988000004], [96.97326524500005, 17.113408777000075], [96.92401584700008, 17.165810776000058], [96.89210214400003, 17.204422841000053], [96.91849858100005, 17.249339921000058], [96.89525252100003, 17.294650207000075], [96.94602768400006, 17.29957607800003], [96.94070975200003, 17.248158226000044], [96.97623323400006, 17.20586036800006], [97.03704103100006, 17.179307237000046], [97.06570465400006, 17.123752851000063], [97.04733586500004, 17.071743771000058], [97.02824455700005, 17.015568992000055], [97.06230929600008, 16.96142234000007], [97.08373984600007, 16.914715327000067], [97.12308480200005, 16.950108605000025], [97.10564733800004, 17.000823619000073], [97.12377204900008, 17.053711262000036], [97.13250582800003, 17.117281717000026], [97.16741230500008, 17.070377032000067], [97.17600290800004, 17.02072335200006], [97.16775044000008, 16.96221199100006], [97.19464093200008, 16.91729571700006], [97.21266677200003, 16.867355733000068], [97.22773811600007, 16.79111579000005], [97.22069339300003, 16.739199204000045], [97.23931013300006, 16.692325073000063], [97.28335741200004, 16.656421943000055], [97.32827767800006, 16.63350840800007], [97.33324475100005, 16.58344344300002], [97.34903514600006, 16.524125680000054], [97.41135573500009, 16.52683552700006], [97.46736542100007, 16.53547665900004], [97.52034288500005, 16.546901614000035], [97.56938173200007, 16.53673502600003], [97.61720806000005, 16.520585770000025], [97.60413159000007, 16.578430617000038], [97.61587650900003, 16.629627002000063], [97.65510377400005, 16.582199115000037], [97.70984509900006, 16.57341791500005], [97.76441748600007, 16.538018975000057], [97.81995569800006, 16.531968911000035], [97.76286585100007, 16.525201673000026], [97.70493680600003, 16.559112416000062], [97.66111140200007, 16.526994629000058], [97.61941375600009, 16.498903807000033], [97.61971277300006, 16.446127250000075], [97.63037920500005, 16.393319924000025], [97.63675676100007, 16.313961591000066], [97.63789676400006, 16.236067579000064], [97.62799181600008, 16.181496915000025], [97.60276222900006, 16.123188537000033], [97.55722633000005, 16.07967917900004], [97.57357299900008, 16.029009759000076], [97.59473782000003, 15.981634203000056], [97.63832894000006, 15.933697988000063], [97.69271271500008, 15.887163415000032], [97.71331687700007, 15.833620626000027], [97.71766197300008, 15.78218030100004], [97.71179258900008, 15.72909304600006], [97.71778461800005, 15.678528749000066], [97.72976867000006, 15.619869959000027], [97.74658839500006, 15.572354235000034], [97.74448593100004, 15.503603612000063], [97.76982064100008, 15.441265506000036], [97.75909806500005, 15.390806332000068], [97.72209467200008, 15.357166884000037], [97.73639143900004, 15.298823463000076], [97.73365823200004, 15.242897881000033], [97.76729470500004, 15.195690642000045], [97.81596975900004, 15.208522566000056], [97.80272422600007, 15.155750683000065], [97.80240885800004, 15.097197016000052], [97.79753802500005, 15.035178463000022], [97.80698626900005, 14.970160515000032], [97.78972094000005, 14.911241073000042], [97.80010428500003, 14.853528999000048], [97.81582186800006, 14.80083397900006], [97.83052989800007, 14.731705807000026], [97.88280882900006, 14.716613737000046], [97.88547174100006, 14.773359920000075], [97.92365120700003, 14.738739869000028], [97.93999100500008, 14.78752634400007], [97.94879135900004, 14.736870649000025], [97.97240206600009, 14.691151740000066], [97.93505422200008, 14.725065296000025], [97.88997923900007, 14.698234949000039], [97.89126709600004, 14.638134974000025], [97.90470041200007, 14.584399589000043], [97.92603922500007, 14.53703822500006], [97.95437207300006, 14.495612169000026], [97.96235983800005, 14.43182895800004], [97.99905313300007, 14.481376061000049], [97.96942337900003, 14.419445746000065], [97.96789456500005, 14.361889721000068], [97.99579812600007, 14.315312239000036], [98.02842382800009, 14.253495119000036], [98.07628916700008, 14.176223721000042], [98.09882666100003, 14.110543029000041], [98.07628916700008, 14.056023766000067], [98.06147881700008, 14.002363071000048], [98.07306952700009, 13.942477737000047], [98.09947058700004, 13.890748829000074], [98.08787987700003, 13.83558563400004], [98.06813274200005, 13.78943743900004], [98.08916773400006, 13.735347460000071], [98.10912951300008, 13.687482121000073], [98.15291664000006, 13.650134277000063], [98.13510128800004, 13.601410368000074], [98.12157879200004, 13.553115741000056], [98.16922949100007, 13.536158964000037], [98.16064377800006, 13.618581789000075], [98.18296662700004, 13.666876413000068], [98.18146412900006, 13.719463894000057], [98.17324808100005, 13.797379221000028], [98.19757426000007, 13.854617294000036], [98.21617663500007, 13.906417751000049], [98.20240670600003, 13.956224812000073], [98.24050281700005, 13.91614822400004], [98.24078900600006, 13.848321106000071], [98.24415491900004, 13.797511538000037], [98.23672246400008, 13.747586243000057], [98.27138765200004, 13.707476262000057], [98.31294957800009, 13.673174061000054], [98.34144399900003, 13.629071229000033], [98.37411276400007, 13.585512877000042], [98.39316954100008, 13.527435077000064], [98.42021201900008, 13.48151731400003], [98.43672789300007, 13.415635309000038], [98.46631127400008, 13.373165916000062], [98.46776321800007, 13.318354991000035], [98.49255931400006, 13.27131557000007], [98.52995816500004, 13.23238815600007], [98.56501322000008, 13.193358838000051], [98.57347127000008, 13.140776258000074], [98.59002399100007, 13.086173625000072], [98.59120721400006, 13.031530318000023], [98.59630242300005, 12.97996678000004], [98.65031166300008, 12.979151545000036], [98.60384333700006, 12.956732616000068], [98.61698898100008, 12.907512877000045], [98.63565337600005, 12.854439884000044], [98.64875443700004, 12.802940036000052], [98.69713346800006, 12.789412250000055], [98.66778469900004, 12.747487862000071], [98.61724020400004, 12.757678286000043], [98.65688094700005, 12.726189882000028], [98.70314546300006, 12.746265013000027], [98.67929987600007, 12.70193667600006], [98.64725099700007, 12.661201408000068], [98.68013209400004, 12.618809252000062], [98.63067457700004, 12.579134540000041], [98.65214240100005, 12.533209705000047], [98.70363800100006, 12.542720766000059], [98.72062203800004, 12.489458827000021], [98.66627311900004, 12.504676524000047], [98.61891407600007, 12.484522133000041], [98.59500055200004, 12.437510318000022], [98.62299024500004, 12.394710547000045], [98.67435752000006, 12.374254217000043], [98.72216166900006, 12.345678124000074], [98.65247453300003, 12.372699232000059], [98.60179416600005, 12.403406373000053], [98.54773022700005, 12.392979710000077], [98.54434851500008, 12.340563200000076], [98.60811791200007, 12.324862402000065], [98.67019645500005, 12.32558705300005], [98.60642705800007, 12.303605935000064], [98.54434851500008, 12.27437829400003], [98.54002245500004, 12.217525248000072], [98.59893143600004, 12.193926798000064], [98.63113317100004, 12.234960232000049], [98.68194940800004, 12.240259251000055], [98.73004820100005, 12.202350882000076], [98.67529166700007, 12.181698293000068], [98.63602457300004, 12.150447665000058], [98.66931328500004, 12.109006614000066], [98.61836117300004, 12.104115212000067], [98.66265554100005, 12.048407570000052], [98.71116195100007, 12.068788415000029], [98.76551087100006, 12.031151788000045], [98.71863492800009, 12.063625268000067], [98.69893344600007, 12.017292815000076], [98.71224893100003, 11.968378787000063], [98.66741107300004, 11.938486885000032], [98.61083840700007, 11.906661839000037], [98.55572405000004, 11.907779747000063], [98.61170343400005, 11.87571388400005], [98.66535837400005, 11.88415055300004], [98.71527728000007, 11.871333535000076], [98.66445893500008, 11.862564], [98.60149815400007, 11.848847544000023], [98.65276621900006, 11.831083608000029], [98.60104843400006, 11.794431441000029], [98.65209163800006, 11.776217784000039], [98.59003029600007, 11.758903572000065], [98.61701349000003, 11.710783545000027], [98.66176061500005, 11.685599233000062], [98.71078007900007, 11.699090829000056], [98.69925545900009, 11.74856552700004], [98.75327860700008, 11.762726188000045], [98.80049919400005, 11.807473316000028], [98.78116123900008, 11.756430111000043], [98.84996837700004, 11.722701122000046], [98.90011214300006, 11.70291344900005], [98.92124897500008, 11.655243143000064], [98.95115534800004, 11.605099379000023], [98.91272462800003, 11.640487098000051], [98.88555161300008, 11.686288154000067], [98.82624950000007, 11.68047757000005], [98.77378336700008, 11.68201566600004], [98.72627331700005, 11.658773340000039], [98.72644421700005, 11.607332604000021], [98.72046273600006, 11.554011973000058], [98.75430082900004, 11.516584991000059], [98.75990490600003, 11.46455559800006], [98.70876324500006, 11.437638935000052], [98.70260086300004, 11.386199892000036], [98.72465689400008, 11.34073894100004], [98.74067384700004, 11.287964230000057], [98.78725343400004, 11.267165496000075], [98.74094538100007, 11.230173573000059], [98.73425829700005, 11.179899055000021], [98.70004737200009, 11.139248480000049], [98.64941840700004, 11.131686179000042], [98.67736046800007, 11.086312373000055], [98.72146966000008, 11.060678661000054], [98.68816028700007, 11.018501207000043], [98.76790090600008, 10.991896968000049], [98.71584600100005, 10.989806122000061], [98.71274577600008, 10.933857910000029], [98.72230279600006, 10.883797719000029], [98.68257668200005, 10.851137231000052], [98.65900056700008, 10.912132316000054], [98.59784927100009, 10.887803176000034], [98.63386633100004, 10.851786116000028], [98.59656752400008, 10.810513897000021], [98.56811276400003, 10.756296044000067], [98.51479213400006, 10.745657551000022], [98.53760721000003, 10.69797660300003], [98.49441237400004, 10.733865488000049], [98.46259753100009, 10.69248909700002], [98.45685721700005, 10.62863414800006], [98.48197943800005, 10.565828600000032], [98.49736038800006, 10.51750677900003], [98.49584036800007, 10.459995298000024], [98.50389729400007, 10.407789328000035], [98.54106792400006, 10.366260759000056], [98.51902189500004, 10.303711560000067], [98.51585608400006, 10.241615411000055], [98.48069769100005, 10.201300060000051], [98.51786832300007, 10.143877842000052], [98.51697110100008, 10.092608006000034], [98.52286713300003, 10.032750473000021], [98.54670760700009, 9.976481827000043], [98.58849252500005, 10.044286185000033], [98.61592188700007, 10.095812371000022], [98.64652414900007, 10.157878573000062], [98.63572486100009, 10.212579423000022], [98.69412863500008, 10.211021814000048], [98.68177628900008, 10.260687802000064], [98.65966721100006, 10.310882242000048], [98.68746788100003, 10.266379390000054], [98.72864821800005, 10.315929715000038], [98.75292117900005, 10.389920400000051], [98.78514949700008, 10.443583776000025], [98.81268420400005, 10.490144876000045], [98.81876738900007, 10.546851480000043], [98.79791552600005, 10.595009865000065], [98.77917353400005, 10.641826594000065], [98.79468970900007, 10.691519072000062], [98.83094522300007, 10.733721682000066], [98.86182102400005, 10.777056458000061], [98.90640962500004, 10.80040159400005], [98.96412002500006, 10.817037028000072], [99.00796740900006, 10.851296141000034], [99.00446575400008, 10.904731136000066], [99.01746322100007, 10.961060635000024], [99.06920274900006, 10.938297628000043], [99.09894261100004, 10.980513752000036], [99.13050791300009, 11.030117776000054], [99.17322218700008, 11.058474771000022], [99.21196055000007, 11.09898127300005], [99.23285413200006, 11.14471325900007], [99.26526737000006, 11.207376828000065], [99.30324424100007, 11.253706295000029], [99.31495403800005, 11.310869826000044], [99.35588567600007, 11.358028742000045], [99.40258336600004, 11.388822936000054], [99.40094925700004, 11.443803457000058], [99.43496855900008, 11.48990678000007], [99.47434090900003, 11.531892750000054], [99.45831526600006, 11.581259381000052], [99.48480643000005, 11.626021076000029], [99.54153533300007, 11.621805381000058], [99.58335559600005, 11.652585313000031], [99.59844147700005, 11.702096760000074], [99.63928735800005, 11.732659374000036], [99.64360680500005, 11.783115943000041], [99.62698963600008, 11.830421435000062], [99.60029941200008, 11.875174078000043], [99.58334527600005, 11.936674881000044], [99.59365696100008, 11.988651993000076], [99.53973849900007, 12.014010216000031], [99.53672022800004, 12.067376219000039], [99.56009179700004, 12.119381760000067], [99.51723994300005, 12.14744797000003], [99.49538436900008, 12.200745827000048], [99.48247527800004, 12.251039927000022], [99.45861078800004, 12.298366950000059], [99.43700832000007, 12.345664641000042], [99.44343397600005, 12.396764911000048], [99.42583475500004, 12.447597044000076], [99.42039262400004, 12.503355702000022], [99.42455187600007, 12.555531773000041], [99.42253055500004, 12.608688984000025], [99.36716153700007, 12.624964289000047], [99.33281729500004, 12.667590740000037], [99.29208835700007, 12.697021007000046], [99.24682425500004, 12.719421905000047], [99.23356973200003, 12.768376340000032], [99.21786909600007, 12.828389338000022], [99.18929878000006, 12.880576276000056], [99.16226290500003, 12.927446147000069], [99.19366364100006, 12.967212666000023], [99.17104903900008, 13.01446504300003], [99.12076529100005, 13.043381658000044], [99.12166649000005, 13.09670655900004], [99.13696298600007, 13.149138765000032], [99.13140785100006, 13.201557989000037], [99.18407711100008, 13.192099718000065], [99.19938714100005, 13.243093388000034], [99.19047565100004, 13.294507503000034], [99.20473611200003, 13.354834599000071], [99.20902726100007, 13.410079668000037], [99.20563260900008, 13.46075907100004], [99.18511951400006, 13.508007492000047], [99.17959214900009, 13.559056618000056], [99.16605709000004, 13.613189548000037], [99.17182630800005, 13.667008605000035], [99.16816950700007, 13.72843444800003], [99.13074056500005, 13.765040646000045], [99.11733887200006, 13.815042221000056], [99.11171387000007, 13.866413988000033], [99.07284820500007, 13.909588244000076], [99.02836302600008, 13.944459961000064], [99.00956511900006, 13.994039073000067], [98.97188219700007, 14.033291116000044], [98.96718417800008, 14.089366985000026], [98.92003279500005, 14.110181204000071], [98.86919336700004, 14.147156299000073], [98.82394487800008, 14.176222898000049], [98.77578287100005, 14.20692095100003], [98.73419994500006, 14.238415876000033], [98.69499607100005, 14.275446725000052], [98.63951319700004, 14.303756404000069], [98.59748711700007, 14.33514628000006], [98.56612155100004, 14.384264423000047], [98.54907156300004, 14.432785843000033], [98.51931334200003, 14.474306630000058], [98.49440372800007, 14.53517907500003], [98.46012077300009, 14.572461602000033], [98.42564191800005, 14.622473933000038], [98.38041361700004, 14.652896510000062], [98.34955947000003, 14.698181617000046], [98.30610941000003, 14.732648658000073], [98.28158363600005, 14.782836284000041], [98.25016693900005, 14.825533626000038], [98.23346836300004, 14.883869693000065], [98.24312807100006, 14.941093633000037], [98.21086347400006, 14.979368604000058], [98.22606065300005, 15.033704379000028], [98.20332402500009, 15.078294423000045], [98.18829611200005, 15.129748297000049], [98.20955898400007, 15.176560039000037], [98.19976472400003, 15.225652835000062], [98.25139333600004, 15.237990358000047], [98.29582959000004, 15.272589293000067], [98.34384698700006, 15.29533672100007], [98.38918174500009, 15.270517606000055], [98.40147877500004, 15.321624517000032], [98.43093259400007, 15.363717559000065], [98.48072748400006, 15.383706046000043], [98.52957149800005, 15.371718772000065], [98.58078340700007, 15.380388002000075], [98.58628921300004, 15.470097373000044], [98.55319713300008, 15.599946914000043], [98.54981305300004, 15.67356069400006], [98.56744520300003, 15.766749238000045], [98.59186937700008, 15.834178160000022], [98.58905886100007, 15.89278685100004], [98.59453009300006, 15.943464628000072], [98.59701636100004, 16.004621992000068], [98.56262481900006, 16.042091550000066], [98.61463376800003, 16.03988392100007], [98.66160146000004, 16.07496496600004], [98.66206149400006, 16.126045846000068], [98.71249313200008, 16.133669131000033], [98.76569697800005, 16.119206759000065], [98.81523406700006, 16.109415010000077], [98.85357843500003, 16.147421488000077], [98.85808129800006, 16.19950418700006], [98.88864294800004, 16.244328179000036], [98.91554839900004, 16.291566356000033], [98.91108222300005, 16.34411388600006], [98.91951046600008, 16.39649016100003], [98.85807780700009, 16.42286682100007], [98.81710770100005, 16.38783710000007], [98.77764159500003, 16.35152659700003], [98.72826664900003, 16.33088094900006], [98.70764566500009, 16.28284480900004], [98.67065200500008, 16.318278942000063], [98.65351614100007, 16.371442837000075], [98.63865740000006, 16.422729097000058], [98.65091562300006, 16.47251990600006], [98.61000453400004, 16.52167460900006], [98.57795179900006, 16.56436191800003], [98.57056123000007, 16.615113128000075], [98.52568486900003, 16.642271941000047], [98.51232614600008, 16.694579403000034], [98.46916467200003, 16.726940435000074], [98.48810258500004, 16.773544350000066], [98.54857405200005, 16.813969214000053], [98.49625752600008, 16.836583430000076], [98.54039218900004, 16.86055523300007], [98.52111298900007, 16.908823865000045], [98.49992325900007, 16.955047166000043], [98.46809755500004, 16.99581863000003], [98.43740054800008, 17.038085892000026], [98.39267016100007, 17.061461355000063], [98.33934407100008, 17.052795725000067], [98.30750609600005, 17.092114469000023], [98.28538082600005, 17.145958977000078], [98.25873395900004, 17.188439901000038], [98.22180447300008, 17.225324958000044], [98.18386106700007, 17.259147091000045], [98.14597989200007, 17.292559547000053], [98.10619512600005, 17.335485032000065], [98.10281101200007, 17.389525855000045], [98.04573570000008, 17.429770508000047], [98.00539802800006, 17.491038839000055], [97.96419575000004, 17.52682602400006], [97.92036307600006, 17.556372484000065], [97.88627831100007, 17.59987869400004], [97.84155891900008, 17.637526425000033], [97.80493060100008, 17.672479114000055], [97.76456044500009, 17.725589811000077], [97.74619234800008, 17.772892951000074], [97.72010778300006, 17.817610329000047], [97.68393995800005, 17.85506969200003], [97.68722758100006, 17.91308904300007], [97.73168140400008, 17.95307821700004], [97.72148399700006, 18.01430076400004], [97.70048662100004, 18.064888430000053], [97.67791902300007, 18.116527263000023], [97.65641038300004, 18.174039445000062], [97.62167270900005, 18.215278760000047], [97.63951415200006, 18.28026414800007], [97.60537072500006, 18.324114120000047], [97.55533155900008, 18.338153876000035], [97.53388836600004, 18.282801204000066], [97.46973174500005, 18.300474845000053], [97.44397999400007, 18.34506278200007], [97.44297020900007, 18.400673727000026], [97.41179021300007, 18.443464626000036], [97.39035361900005, 18.495516860000066], [97.35500473400003, 18.531435188000046], [97.35646072900005, 18.589946007000037], [97.40313907200004, 18.565893113000072], [97.43037221100008, 18.523676942000066], [97.47776491400003, 18.503755351000052], [97.52763624000005, 18.495096112000056], [97.57188634500005, 18.534019621000027], [97.62607044100008, 18.56468968200005], [97.67643532100004, 18.577094937000027], [97.73059056000005, 18.585853302000032], [97.77453986400008, 18.618733035000048], [97.76879709800005, 18.66885391900007], [97.75538228000005, 18.72012009900004], [97.75395170100006, 18.772506344000078], [97.73933098600008, 18.828936660000068], [97.74187998200006, 18.881593680000037], [97.69882612400005, 18.907587953000075], [97.66953413700008, 18.94824645400007], [97.71818319200008, 18.968864093000036], [97.74000151100006, 19.021527073000073], [97.76573245900005, 19.066533013000026], [97.81339691300008, 19.089704577000077], [97.83488509000006, 19.141721905000054], [97.83931732500008, 19.193948873000068], [97.81626982400007, 19.242597811000053], [97.83159465400007, 19.290787918000035], [97.81446851200008, 19.33853546100005], [97.80049011000006, 19.386739551000062], [97.82814489900005, 19.429132202000062], [97.86078096800009, 19.47157271100002], [97.86702218800008, 19.531650326000033], [97.88611594500009, 19.577915450000035], [97.93781813700008, 19.59229709400006], [97.97499094900007, 19.63116799100004], [98.02476593700004, 19.638225282000064], [98.02981658000004, 19.688174409000055], [98.03575383200007, 19.750355698000078], [98.03430543800005, 19.804614626000046], [98.08592302400007, 19.80596147500006], [98.13400614300008, 19.787143446000073], [98.17766695200004, 19.760522931000025], [98.21570216100008, 19.726040486000045], [98.24468928300007, 19.682079076000036], [98.29973748900005, 19.68555473200007], [98.36645407200007, 19.692592408000053], [98.41715349100008, 19.690111416000036], [98.47137169500007, 19.693138402000045], [98.51780807000006, 19.713544425000066], [98.56013799300007, 19.673994119000042], [98.61219929400005, 19.70837890200005], [98.65548126700008, 19.73974137700003], [98.70970657400005, 19.762270405000038], [98.77922404300006, 19.751991258000032], [98.81773481400006, 19.78455787100006], [98.87108189000008, 19.790850334000027], [98.90656629400007, 19.75139924000007], [98.99923994600005, 19.78736921600006], [99.03135492600006, 19.835195549000048], [99.03612004000007, 19.885045372000036], [99.04227861300006, 19.935031534000075], [99.04024203000006, 19.993926988000055], [99.04947018700005, 20.047032586000057], [99.07338221500004, 20.097304819000044], [99.13143261000005, 20.104039052000076], [99.17699227000008, 20.126843308000048], [99.23149457300008, 20.125612255000078], [99.27931660300004, 20.09492967600005], [99.32892674300007, 20.06416438900004], [99.37732046900004, 20.089855889000034], [99.43127378000008, 20.090321904000064], [99.48187140400006, 20.10859818800003], [99.51158418500006, 20.150780145000056], [99.55500341500004, 20.182713700000022], [99.53237829100004, 20.232352954000078], [99.51385835900004, 20.279787964000036], [99.50376445100005, 20.330244872000037], [99.45896718400007, 20.360969410000052], [99.51325371400009, 20.36543015600006], [99.56281866000006, 20.35150531100004], [99.61231711600004, 20.331389684000044], [99.66560183200005, 20.32771450200005], [99.71899588800005, 20.335395892000065], [99.77868389400004, 20.334909909000032], [99.83366321500006, 20.370204364000074], [99.85586385900007, 20.41590773300004], [99.89655752600004, 20.44873373400003], [99.94728815300004, 20.45939327700006], [99.98841129500005, 20.424993079000046], [100.03615472000007, 20.398989635000078], [100.07999213400007, 20.372930482000072], [100.12096358300005, 20.404138356000033], [100.12872909600009, 20.467494909000038], [100.15270727700005, 20.559011222000038], [100.16766614000005, 20.616798609000057], [100.19962139500007, 20.671124519000045], [100.22385967800005, 20.71495042600003], [100.26245681500006, 20.75325115100003], [100.30985369600006, 20.783656823000058], [100.35751627100007, 20.818449782000073], [100.40599534200004, 20.831408174000046], [100.46812904300003, 20.822146442000076], [100.52105315400007, 20.816299179000055], [100.57215422400009, 20.824078537000048], [100.62229149700005, 20.853253272000075], [100.57540543400006, 20.88105858700004], [100.52497966200008, 20.873140644000046], [100.52108362000007, 20.92951031800004], [100.55000768000008, 20.984998309000048], [100.57588264100008, 21.030530489000057], [100.62286713200007, 21.05725061100003], [100.64974079400008, 21.110147245000064], [100.68408562900004, 21.16553311000007], [100.69997963600008, 21.21848641100007], [100.71788622500009, 21.272931071000073], [100.75912216000006, 21.307882087000053], [100.80940382200004, 21.293007627000065], [100.87367303600007, 21.32649507700006], [100.91950582000004, 21.35718991300007], [100.97709906300008, 21.38873416100006], [101.03249168900004, 21.422977442000047], [101.07148359100006, 21.45937475100004], [101.11783145100009, 21.48818185300007], [101.16144834700003, 21.524119186000064], [101.13905248600008, 21.57186207700005], [101.16187736700005, 21.61930482300005], [101.15232864600006, 21.66920149500004], [101.11938865100007, 21.711051871000052], [101.11586098400005, 21.768970410000065], [101.06517184000006, 21.756487440000058], [101.01541866100007, 21.722328009000023], [100.96851107900005, 21.699511490000077], [100.91883971800007, 21.689196545000073], [100.85835318100004, 21.66533998600005], [100.81286335200008, 21.621415299000034], [100.79294957800005, 21.57454739900004], [100.73968953400004, 21.53167514200004], [100.68705162700007, 21.504671709000036], [100.62739060000007, 21.476752987000054], [100.57445813300006, 21.45066600900003], [100.51838880500009, 21.471760524000047], [100.46738927400008, 21.477339267000048], [100.43206344100008, 21.540501923000022], [100.38135487400007, 21.526657887000056], [100.32998275600005, 21.504256361000046], [100.28085389800003, 21.48485293400006], [100.23224904800009, 21.472073004000038], [100.18705763000008, 21.51968869700005], [100.12972750200004, 21.507228161000057], [100.12130475000004, 21.557373340000026], [100.12560145900005, 21.61051315900005], [100.16185574800005, 21.65102743700004], [100.13577353500006, 21.698886101000028], [100.08165207000008, 21.692275745000074], [100.03155571600007, 21.676082490000056], [99.98249217500006, 21.71724073200005], [99.96670705400004, 21.768812973000024], [99.94545066800003, 21.814990563000038], [99.94562295800006, 21.865033354000047], [99.97518945700006, 21.913832140000068], [99.99418730900004, 21.967714400000034], [99.96858751500008, 22.018167753000057], [99.93664544000006, 22.06104396300003], [99.87860716900008, 22.069223373000057], [99.85369396000004, 22.024155370000074], [99.80894371600004, 22.053088384000034], [99.75824537600005, 22.07132380200005], [99.71669738400004, 22.041544248000037], [99.67353256000007, 22.074918256000046], [99.62577033900004, 22.10115148700004], [99.57306028000005, 22.10093486100004], [99.52175142900006, 22.09740714700007], [99.48321369100006, 22.13368380000003], [99.43441435700004, 22.108000737000054], [99.38431455700004, 22.102230038000073], [99.33188110700007, 22.098313435000023], [99.27636875200005, 22.106931149000047], [99.20874767700008, 22.125412408000045], [99.15571632400008, 22.16268906600004], [99.18804569500008, 22.207552876000022], [99.23352443800007, 22.249487931000033], [99.23715083900004, 22.307131411000057], [99.27603896900007, 22.34679837500005], [99.24848334800004, 22.392488676000028], [99.29931075000007, 22.417267639000045], [99.33671800700006, 22.455351676000078], [99.37760400600007, 22.491370279000023], [99.35970497900007, 22.540488653000068], [99.37096714000006, 22.603647068000043], [99.35841124500007, 22.656419785000026], [99.33874155500007, 22.710540094000066], [99.34860100600008, 22.759574007000026], [99.39088251200008, 22.80803174500005], [99.43818737600009, 22.845622568000067], [99.43574124900005, 22.912434645000076], [99.49347317800004, 22.911639200000025], [99.55073068300004, 22.904433440000048], [99.55096010000005, 22.95965545200005], [99.52072951000008, 22.999931297000046], [99.53273429200004, 23.051763616000073], [99.48903700400007, 23.082570433000058], [99.43698995500006, 23.084143855000036], [99.38547003300005, 23.10052561400005], [99.34806360100004, 23.136161853000033], [99.30889523100006, 23.104034644000023], [99.26152228200004, 23.087405465000074], [99.21081279100008, 23.099024127000064], [99.15839719000007, 23.105304020000062], [99.10641021100008, 23.091706989000045], [99.04826023100009, 23.123327502000052], [99.06051966400008, 23.17188015200003], [99.00269572500008, 23.16339679500004], [98.94263697800005, 23.18233570900003], [98.88605102000008, 23.181971243000078], [98.90974098700008, 23.23301569100005], [98.92562876800008, 23.289027789000045], [98.90647876900005, 23.33530600200004], [98.91101572000008, 23.394076055000028], [98.89681030400004, 23.449623444000053], [98.85007855100008, 23.484109094000075], [98.80744401000004, 23.51926612400007], [98.83452553300003, 23.56568192700007], [98.89057325400006, 23.604400653000027], [98.84642409400004, 23.640362280000033], [98.82611127300004, 23.692827332000036], [98.81920796100007, 23.744099250000033], [98.78665218700007, 23.78287991600007], [98.73592773100006, 23.78966509600008], [98.68612015000008, 23.802343842000028], [98.69341819800007, 23.855134004000035], [98.68368936300004, 23.90548738500007], [98.70060425100007, 23.953278229000034], [98.74377189600006, 23.981639372000075], [98.77338888700007, 24.026648350000073], [98.82572504200004, 24.04644369300007], [98.86895974100008, 24.075170206000053], [98.89214656800004, 24.120295105000025], [98.83812852400007, 24.129700326000034], [98.77742853900008, 24.13259443100003], [98.71737197900006, 24.130668711000055], [98.65829250100006, 24.10839335000003], [98.61167060200006, 24.086979346000078], [98.55431325900008, 24.11322664900007], [98.49067568700008, 24.12489839600005], [98.37414629600005, 24.115777755000067], [98.29542303400007, 24.10279780700006], [98.22044227000004, 24.116231179000067], [98.16672010700006, 24.106219620000047], [98.09605675200004, 24.08801674500006], [98.04103669900007, 24.073868249000043], [97.99535161900008, 24.050660631000028], [97.94337707000005, 24.02200762700005], [97.89373337000006, 24.012291438000034], [97.84833612800008, 23.971819697000058], [97.79407968300006, 23.956856370000025], [97.76451700500007, 23.909365010000045], [97.71915171400008, 23.88356401900006], [97.67038177300003, 23.862585852000052], [97.62229883500004, 23.88668510800005], [97.57076296100007, 23.914427854000053], [97.53129434800007, 23.948751944000037], [97.57120118100005, 23.981721793000077], [97.62782922500008, 24.007203401000027], [97.65564926600007, 24.064721304000045], [97.69698387100004, 24.097139729000048], [97.73720791400007, 24.13533435200003], [97.72799430700007, 24.187953552000067], [97.74554893900006, 24.24785412600005], [97.72236433200004, 24.297990278000043], [97.66757115700005, 24.299263315000076], [97.69558632400003, 24.345705389000045], [97.68159554800008, 24.403230247000067], [97.67114628700006, 24.453813985000068], [97.59576751300006, 24.44174066100004], [97.54431751400006, 24.438572393000072], [97.55423984200007, 24.48946184400006], [97.56122069700007, 24.54837130900006], [97.56937136600004, 24.602584336000064], [97.57190203300007, 24.660618446000058], [97.56887489700006, 24.718253150000066], [97.57410239200004, 24.771139181000024], [97.63083929500004, 24.78833663000006], [97.67908116300003, 24.828197402000058], [97.73252115900004, 24.829810689000055], [97.78269609700004, 24.839447025000027], [97.74326414900008, 24.89629573700006], [97.73236346100003, 24.949706737000042], [97.71930431900006, 25.016691482000056], [97.72505787100005, 25.070997851000072], [97.76340029500005, 25.105121917000076], [97.79612933500005, 25.159914997000044], [97.81792185500007, 25.227286724000066], [97.84794650000003, 25.27036868400006], [97.89496963900007, 25.23418343700007], [97.94562438600008, 25.224210437000067], [97.99061049000005, 25.259655940000073], [98.02022558300007, 25.309082447000037], [98.07080188100008, 25.314648858000055], [98.10180336000008, 25.391650885000047], [98.14910593300004, 25.415154117000043], [98.15405198900004, 25.465425582000023], [98.12611993600007, 25.509231772000078], [98.16470562700005, 25.54714941800006], [98.18016640000008, 25.60232423900004], [98.23010805500007, 25.609623793000026], [98.27618934000009, 25.59019586900007], [98.31367144900008, 25.547968125000068], [98.36108798800007, 25.576933890000078], [98.40911815100009, 25.613286299000038], [98.41713310500006, 25.666721221000046], [98.46806017200004, 25.708574999000064], [98.48047173000003, 25.760106205000056], [98.49964926000007, 25.812815878000038], [98.54652352600004, 25.844534185000043], [98.59412907200004, 25.820059118000074], [98.64558920700006, 25.805810242000064], [98.68761011900006, 25.84546229700004], [98.70458449600005, 25.89673538200003], [98.67675192600007, 25.942293044000053], [98.62637939900009, 25.972588097000028], [98.60551342500008, 26.022164045000068], [98.59400021600004, 26.074404168000058], [98.57292686300008, 26.120778682000036], [98.62821836600006, 26.147971380000058], [98.65674072100006, 26.09950585000007], [98.70808126900005, 26.117649189000076], [98.73263398700004, 26.17362693800004], [98.71331240400008, 26.225756200000035], [98.67750739900004, 26.282907412000043], [98.72774516600003, 26.348438475000023], [98.74216902300009, 26.402856978000045], [98.74660658100004, 26.458889115000034], [98.74823706500007, 26.509819977000063], [98.75541494200007, 26.564733454000077], [98.77731203500008, 26.611015058000078], [98.76200574900008, 26.66556502700007], [98.74343821000008, 26.712092505000044], [98.76227625400008, 26.800048597000057], [98.73541298700007, 26.84468415500004], [98.75519842700004, 26.903349622000064], [98.73894124000009, 26.96209122500005], [98.74460014200008, 27.014411386000063], [98.74906540000006, 27.065471768000066], [98.70995260700005, 27.108094248000043], [98.70377838800005, 27.18197071000003], [98.72304302100008, 27.229989733000025], [98.72803066600005, 27.280273067000053], [98.74025779000004, 27.333576281000035], [98.69902918900004, 27.38181812700003], [98.68672567100003, 27.431843901000036], [98.68686210200008, 27.48673406200004], [98.69876553900008, 27.53923904900006], [98.67404361900009, 27.58553135300008], [98.61887629000006, 27.577947279000057], [98.57276741300007, 27.611787655000057], [98.51911322400008, 27.626819927000042], [98.46219575700007, 27.64850069700003], [98.42887401800004, 27.596391698000048], [98.40579727400007, 27.544569462000027], [98.34881682900004, 27.51621343200003], [98.30648377900008, 27.562074030000076], [98.30175268000005, 27.631090026000038], [98.26657547700006, 27.668027795000057], [98.23245349900009, 27.70604085000008], [98.21921641800009, 27.759320579000075], [98.22493624300006, 27.811312542000053], [98.17591428100008, 27.83657766300007], [98.20394045400008, 27.891762525000047], [98.18555533300008, 27.94052255500003], [98.13717924300005, 27.962994799000057], [98.14406655100004, 28.02201007900004], [98.15954152700004, 28.087575601000026], [98.13629762500005, 28.14749637700004], [98.09067060500007, 28.193454786000075], [98.03155849500007, 28.189335924000034], [98.01483231900005, 28.238696403000063], [97.99196888200004, 28.291041607000068], [97.95107552600007, 28.324974290000057], [97.91377763400004, 28.364591784000027], [97.85920240300004, 28.357771257000024], [97.81237988600009, 28.332829686000025], [97.77091747600008, 28.376412541000036], [97.73764250500005, 28.416771580000045], [97.73423881500008, 28.47366908400005], [97.69170573500008, 28.506051355000068], [97.63007591000007, 28.536325803000068], [97.59673890600004, 28.526162921000036]]]]}}]}