{"type": "FeatureCollection", "features": [{"type": "Feature", "properties": {"code": "PHL", "name": "The Philippines", "tier": "country"}, "geometry": {"type": "MultiPolygon", "coordinates": [[[[119.46876076500007, 4.59360219000007], [119.46876076500007, 4.59360219000007]]], [[[119.4701593850001, 4.602214924000066], [119.4701593850001, 4.602214924000066]]], [[[119.38482335100002, 4.62609899000006], [119.38482335100002, 4.62609899000006]]], [[[119.38559128200006, 4.634695774000022], [119.38559128200006, 4.634695774000022]]], [[[119.3869027940001, 4.640084076000051], [119.3869027940001, 4.640084076000051]]], [[[119.45574208100004, 4.641930612000067], [119.45574208100004, 4.641930612000067]]], [[[119.39110902200002, 4.650766094000062], [119.39110902200002, 4.650766094000062]]], [[[119.39558477300011, 4.667010713000025], [119.39558477300011, 4.667010713000025]]], [[[119.20855450400006, 4.669228965000059], [119.20855450400006, 4.669228965000059]]], [[[119.39357638900003, 4.678423412000029], [119.39357638900003, 4.678423412000029]]], [[[119.14649321400009, 4.722332488000063], [119.14649321400009, 4.722332488000063]]], [[[119.23779548400012, 4.726248443000031], [119.23779548400012, 4.726248443000031]]], [[[119.42216259600002, 4.787864003000038], [119.40139355800011, 4.708748398000068], [119.42216259600002, 4.787864003000038]]], [[[119.82664122100005, 4.822658842000067], [119.82664122100005, 4.822658842000067]]], [[[119.41226183700007, 4.866602592000049], [119.41226183700007, 4.866602592000049]]], [[[119.93156820900003, 4.902249367000024], [119.93156820900003, 4.902249367000024]]], [[[119.40379514500012, 4.90424951500006], [119.40379514500012, 4.90424951500006]]], [[[119.39729694000005, 4.906483172000037], [119.39729694000005, 4.906483172000037]]], [[[119.94310463200009, 4.909832213000072], [119.94310463200009, 4.909832213000072]]], [[[119.454818627, 4.913843534000023], [119.45941159600011, 4.832545706000076], [119.46554666300005, 4.751826878000031], [119.46113385500007, 4.669861063000042], [119.50562626900012, 4.74524055400002], [119.4942164040001, 4.835761736000052], [119.45735636300003, 4.913260662000027], [119.454818627, 4.913843534000023]]], [[[119.9494294220001, 4.91710461200006], [119.9494294220001, 4.91710461200006]]], [[[119.83006353200005, 4.917683535000037], [119.83006353200005, 4.917683535000037]]], [[[119.96189176400003, 4.925479297000038], [119.96189176400003, 4.925479297000038]]], [[[119.80171236000001, 4.926614810000046], [119.85199989500006, 4.863409103000038], [119.80171236000001, 4.926614810000046]]], [[[119.9720427100001, 4.938182185000073], [119.9720427100001, 4.938182185000073]]], [[[119.970216961, 4.940489183000068], [119.970216961, 4.940489183000068]]], [[[119.87352189, 4.944523296000057], [119.87352189, 4.944523296000057]]], [[[119.97829249400002, 4.953225436000025], [119.97829249400002, 4.953225436000025]]], [[[119.9877117640001, 4.963230743000054], [119.9877117640001, 4.963230743000054]]], [[[119.98540077100006, 4.972704409000073], [119.98540077100006, 4.972704409000073]]], [[[119.98629607700002, 4.97827824500007], [119.98629607700002, 4.97827824500007]]], [[[119.98896714200009, 4.986067670000068], [119.98896714200009, 4.986067670000068]]], [[[119.98965940000005, 5.001725485000065], [119.98965940000005, 5.001725485000065]]], [[[119.98779670800002, 5.008290962000046], [119.98779670800002, 5.008290962000046]]], [[[120.030273437, 5.005493164000029], [120.030273437, 5.005493164000029]]], [[[120.18933109700004, 5.013254639000024], [120.18933109700004, 5.013254639000024]]], [[[120.11593836300005, 5.013275445000033], [120.11593836300005, 5.013275445000033]]], [[[119.98650568000005, 5.01385506400004], [119.98650568000005, 5.01385506400004]]], [[[120.01348056800009, 5.01654872000006], [120.01348056800009, 5.01654872000006]]], [[[120.11001929100007, 5.019311682000023], [120.11001929100007, 5.019311682000023]]], [[[119.98432542400008, 5.022709673000065], [119.98432542400008, 5.022709673000065]]], [[[120.01245958400011, 5.021423993000042], [120.01245958400011, 5.021423993000042]]], [[[120.01611328100012, 5.023681641000053], [120.01611328100012, 5.023681641000053]]], [[[120.01427451300003, 5.028531074000057], [120.01427451300003, 5.028531074000057]]], [[[119.75876430800008, 5.03531220900004], [119.75876430800008, 5.03531220900004]]], [[[120.10617482900011, 5.03702111900003], [120.10617482900011, 5.03702111900003]]], [[[120.01511415800007, 5.034282349000023], [120.01511415800007, 5.034282349000023]]], [[[119.78771319900011, 5.039670037000064], [119.78771319900011, 5.039670037000064]]], [[[120.21023181700002, 5.045145045000027], [120.21023181700002, 5.045145045000027]]], [[[120.05008054600012, 5.045362982000029], [120.05008054600012, 5.045362982000029]]], [[[120.07151326500002, 5.061487800000066], [120.07151326500002, 5.061487800000066]]], [[[119.92142615000012, 5.072680515000059], [119.92142615000012, 5.072680515000059]]], [[[119.81629077500008, 5.074552880000056], [119.81629077500008, 5.074552880000056]]], [[[119.95373863100008, 5.07851398300005], [119.95373863100008, 5.07851398300005]]], [[[119.94088540300004, 5.086265295000032], [119.94088540300004, 5.086265295000032]]], [[[120.2596707990001, 5.089736022000068], [120.2596707990001, 5.089736022000068]]], [[[119.99178753000001, 5.101738417000035], [119.99178753000001, 5.101738417000035]]], [[[119.80900945200005, 5.104685391000032], [119.80900945200005, 5.104685391000032]]], [[[119.98245455000006, 5.110892964000072], [119.98245455000006, 5.110892964000072]]], [[[119.80959315100006, 5.12307564300005], [119.74450962100002, 5.057598101000053], [119.80633453500002, 5.112863048000065], [119.80959315100006, 5.12307564300005]]], [[[120.31285168800002, 5.130493914000056], [120.31285168800002, 5.130493914000056]]], [[[120.3130852490001, 5.132792867000035], [120.3130852490001, 5.132792867000035]]], [[[119.81022560400004, 5.13304290800005], [119.81022560400004, 5.13304290800005]]], [[[120.2312562400001, 5.141810949000046], [120.2312562400001, 5.141810949000046]]], [[[120.14992305900012, 5.149753328000031], [120.14992305900012, 5.149753328000031]]], [[[120.45063690400002, 5.151740665000034], [120.45063690400002, 5.151740665000034]]], [[[120.50207519500009, 5.158081055000025], [120.50207519500009, 5.158081055000025]]], [[[119.85216210400006, 5.161015345000067], [119.85216210400006, 5.161015345000067]]], [[[120.3424104830001, 5.161136217000035], [120.3424104830001, 5.161136217000035]]], [[[120.06363041800012, 5.161308666000025], [120.06363041800012, 5.161308666000025]]], [[[120.283493152, 5.161667726000076], [120.283493152, 5.161667726000076]]], [[[120.23463183000001, 5.161942220000071], [120.23463183000001, 5.161942220000071]]], [[[120.14000427200006, 5.162280795000072], [120.14000427200006, 5.162280795000072]]], [[[119.85045101800006, 5.164907865000032], [119.85045101800006, 5.164907865000032]]], [[[120.14964960500004, 5.165762982000047], [120.14964960500004, 5.165762982000047]]], [[[120.45730447200003, 5.16327085000006], [120.45730447200003, 5.16327085000006]]], [[[120.29957234800008, 5.171062051000035], [120.29957234800008, 5.171062051000035]]], [[[120.28887312000006, 5.170426804000044], [120.28887312000006, 5.170426804000044]]], [[[120.2613113650001, 5.173009537000041], [120.2613113650001, 5.173009537000041]]], [[[120.31890869200004, 5.173278809000067], [120.31890869200004, 5.173278809000067]]], [[[120.35066521400006, 5.176445341000033], [120.35066521400006, 5.176445341000033]]], [[[120.28248159700001, 5.177022364000038], [120.28248159700001, 5.177022364000038]]], [[[120.4547119130001, 5.176513672000056], [120.4547119130001, 5.176513672000056]]], [[[120.52691650400004, 5.177124024000022], [120.52691650400004, 5.177124024000022]]], [[[120.28225414500002, 5.180762077000054], [120.28225414500002, 5.180762077000054]]], [[[120.45111084000007, 5.179077148000033], [120.45111084000007, 5.179077148000033]]], [[[120.26597439500006, 5.18244278100002], [120.26597439500006, 5.18244278100002]]], [[[120.48206627200011, 5.193963318000044], [120.48206627200011, 5.193963318000044]]], [[[120.50848388700001, 5.194274903000064], [120.50848388700001, 5.194274903000064]]], [[[120.6096801760001, 5.195129395000038], [120.6096801760001, 5.195129395000038]]], [[[120.24065728200003, 5.197674969000047], [120.24065728200003, 5.197674969000047]]], [[[120.35602767400007, 5.197839377000037], [120.35602767400007, 5.197839377000037]]], [[[120.59509904700008, 5.20088348400003], [120.59509904700008, 5.20088348400003]]], [[[119.87798622000003, 5.19974101300005], [119.87798622000003, 5.19974101300005]]], [[[120.58439973400004, 5.199096680000025], [120.58439973400004, 5.199096680000025]]], [[[120.59138931400003, 5.202707480000072], [120.59138931400003, 5.202707480000072]]], [[[120.51189339600012, 5.203146489000062], [120.51189339600012, 5.203146489000062]]], [[[120.58706270700009, 5.202029280000033], [120.58706270700009, 5.202029280000033]]], [[[120.35632324200003, 5.209899902000075], [120.35632324200003, 5.209899902000075]]], [[[120.69647216800001, 5.209472657000049], [120.69647216800001, 5.209472657000049]]], [[[119.87878558700004, 5.213348900000028], [119.87878558700004, 5.213348900000028]]], [[[120.61090087800005, 5.213500976000034], [120.61090087800005, 5.213500976000034]]], [[[120.35446648600009, 5.219585700000039], [120.35446648600009, 5.219585700000039]]], [[[120.60353639400012, 5.219888647000062], [120.60353639400012, 5.219888647000062]]], [[[119.906925279, 5.220308691000071], [119.906925279, 5.220308691000071]]], [[[120.33032226600005, 5.218688965000069], [120.33032226600005, 5.218688965000069]]], [[[119.89949460300011, 5.221546481000075], [119.89949460300011, 5.221546481000075]]], [[[120.32765924000012, 5.220116917000041], [120.32765924000012, 5.220116917000041]]], [[[120.24751936900009, 5.222155106000059], [120.24751936900009, 5.222155106000059]]], [[[120.58227539000006, 5.218322754000042], [120.58227539000006, 5.218322754000042]]], [[[120.675292968, 5.220520020000038], [120.675292968, 5.220520020000038]]], [[[120.66082203100007, 5.22298956000003], [120.66082203100007, 5.22298956000003]]], [[[120.312483487, 5.223045470000045], [120.312483487, 5.223045470000045]]], [[[119.90540846600004, 5.225035237000043], [119.90540846600004, 5.225035237000043]]], [[[119.90898761900007, 5.226130922000038], [119.90898761900007, 5.226130922000038]]], [[[120.36907959000007, 5.223876953000058], [120.36907959000007, 5.223876953000058]]], [[[120.31360787800008, 5.22733541100007], [120.31360787800008, 5.22733541100007]]], [[[119.92001568300009, 5.227847383000039], [119.92001568300009, 5.227847383000039]]], [[[120.250733104, 5.224561496000035], [120.250733104, 5.224561496000035]]], [[[120.32508317700001, 5.230026149000025], [120.32508317700001, 5.230026149000025]]], [[[120.32077694800012, 5.23297393100006], [120.32077694800012, 5.23297393100006]]], [[[120.32782208600008, 5.233010180000065], [120.32782208600008, 5.233010180000065]]], [[[119.90592047200005, 5.233321756000066], [119.90592047200005, 5.233321756000066]]], [[[120.6480712880001, 5.233520508000026], [120.6480712880001, 5.233520508000026]]], [[[120.63926522300005, 5.235012452000035], [120.63926522300005, 5.235012452000035]]], [[[120.32518344700009, 5.234883302000071], [120.32518344700009, 5.234883302000071]]], [[[120.377772348, 5.234961670000075], [120.377772348, 5.234961670000075]]], [[[120.40439540300008, 5.236733340000058], [120.40439540300008, 5.236733340000058]]], [[[119.92596657700005, 5.241381614000034], [119.92596657700005, 5.241381614000034]]], [[[119.94913727200003, 5.241542016000039], [119.94913727200003, 5.241542016000039]]], [[[120.3233309530001, 5.244534430000044], [120.3233309530001, 5.244534430000044]]], [[[120.34651785100004, 5.246382009000058], [120.34651785100004, 5.246382009000058]]], [[[119.93630195900005, 5.24694919500007], [119.93630195900005, 5.24694919500007]]], [[[119.96342322100008, 5.246144896000033], [119.96342322100008, 5.246144896000033]]], [[[120.29821627900003, 5.249044617000038], [120.29821627900003, 5.249044617000038]]], [[[120.31480139100006, 5.250839867000025], [120.31480139100006, 5.250839867000025]]], [[[119.96349458700001, 5.250625565000064], [119.96349458700001, 5.250625565000064]]], [[[120.32517582100002, 5.25242343900004], [120.32517582100002, 5.25242343900004]]], [[[119.94537326400007, 5.253020227000036], [119.94537326400007, 5.253020227000036]]], [[[120.27030337700012, 5.256442140000047], [120.24375995700007, 5.180808188000071], [120.27030337700012, 5.256442140000047]]], [[[120.28037449900012, 5.258500534000063], [120.28037449900012, 5.258500534000063]]], [[[120.35813995100011, 5.258682250000049], [120.35813995100011, 5.258682250000049]]], [[[120.36749311500012, 5.260958023000057], [120.36749311500012, 5.260958023000057]]], [[[120.25555954000004, 5.262039915000059], [120.25555954000004, 5.262039915000059]]], [[[120.26537228200004, 5.262598946000026], [120.26537228200004, 5.262598946000026]]], [[[120.28088183000011, 5.269745195000041], [120.28088183000011, 5.269745195000041]]], [[[120.27404313000011, 5.26745539500007], [120.27404313000011, 5.26745539500007]]], [[[120.2822202970001, 5.271985070000028], [120.2822202970001, 5.271985070000028]]], [[[120.37268087300004, 5.27237978900007], [120.37268087300004, 5.27237978900007]]], [[[120.26952280300009, 5.271427484000071], [120.26952280300009, 5.271427484000071]]], [[[120.26287841800001, 5.271911622000061], [120.26287841800001, 5.271911622000061]]], [[[120.28905502100008, 5.274678867000034], [120.28905502100008, 5.274678867000034]]], [[[120.2558394460001, 5.274030343000049], [120.2558394460001, 5.274030343000049]]], [[[120.295105508, 5.276148919000036], [120.295105508, 5.276148919000036]]], [[[120.29277758300009, 5.276513794000039], [120.29277758300009, 5.276513794000039]]], [[[120.30591917400011, 5.283159642000044], [120.30591917400011, 5.283159642000044]]], [[[120.26054217100011, 5.284861090000049], [120.26054217100011, 5.284861090000049]]], [[[120.26356818400006, 5.285108841000067], [120.26356818400006, 5.285108841000067]]], [[[120.2710637880001, 5.287027726000076], [120.2710637880001, 5.287027726000076]]], [[[120.27614777800011, 5.285204130000068], [120.27614777800011, 5.285204130000068]]], [[[120.24100389500006, 5.296174076000057], [120.24100389500006, 5.296174076000057]]], [[[120.47743729800004, 5.296206909000034], [120.47743729800004, 5.296206909000034]]], [[[120.22563432600009, 5.298889359000043], [120.22563432600009, 5.298889359000043]]], [[[120.28446418200008, 5.300205819000041], [120.28446418200008, 5.300205819000041]]], [[[120.57287682800006, 5.302617958000042], [120.57287682800006, 5.302617958000042]]], [[[120.41713171600009, 5.308680706000075], [120.41713171600009, 5.308680706000075]]], [[[120.26611213900003, 5.314083055000026], [120.26611213900003, 5.314083055000026]]], [[[120.21974532100012, 5.31536830500005], [120.21974532100012, 5.31536830500005]]], [[[120.22615243300004, 5.326141335000045], [120.22615243300004, 5.326141335000045]]], [[[120.57927303800011, 5.329774212000075], [120.57927303800011, 5.329774212000075]]], [[[120.26726865600006, 5.348774167000045], [120.26726865600006, 5.348774167000045]]], [[[120.2097818200001, 5.348895184000071], [120.12419014800003, 5.308411845000023], [120.05809998500001, 5.260526709000032], [119.98102587700009, 5.234030157000063], [119.91816360100006, 5.178426524000031], [119.83963376000008, 5.152881199000035], [119.82204694200004, 5.073681323000073], [119.90327849700009, 5.069454409000059], [119.98058927400007, 5.098124703000053], [120.02164931800007, 5.168993453000041], [120.10124801900008, 5.158543403000067], [120.17873768100003, 5.183375839000064], [120.24823156200011, 5.229200827000057], [120.21466491800004, 5.302188240000021], [120.2097818200001, 5.348895184000071]]], [[[120.22599064300005, 5.358664506000025], [120.22599064300005, 5.358664506000025]]], [[[120.32128549800007, 5.386889401000076], [120.32128549800007, 5.386889401000076]]], [[[120.39172597800007, 5.404842822000035], [120.39172597800007, 5.404842822000035]]], [[[120.58695545500007, 5.424287172000049], [120.58695545500007, 5.424287172000049]]], [[[120.58618905700007, 5.434978955000076], [120.58618905700007, 5.434978955000076]]], [[[120.2305630620001, 5.447652607000066], [120.2305630620001, 5.447652607000066]]], [[[120.23882140400008, 5.454308130000072], [120.23882140400008, 5.454308130000072]]], [[[120.1905455640001, 5.461566980000043], [120.1905455640001, 5.461566980000043]]], [[[120.81697993300008, 5.463613125000052], [120.81697993300008, 5.463613125000052]]], [[[120.23295085100006, 5.466359984000064], [120.23295085100006, 5.466359984000064]]], [[[120.82469596500005, 5.467528687000026], [120.82469596500005, 5.467528687000026]]], [[[120.5871826880001, 5.467912555000055], [120.5871826880001, 5.467912555000055]]], [[[120.79906103200005, 5.474980484000071], [120.79906103200005, 5.474980484000071]]], [[[120.86257100000012, 5.474551], [120.86257100000012, 5.474551]]], [[[120.85060799900009, 5.479399001000047], [120.85060799900009, 5.479399001000047]]], [[[120.853462, 5.487243], [120.853462, 5.487243]]], [[[120.7216827200001, 5.488077590000046], [120.7216827200001, 5.488077590000046]]], [[[120.866333, 5.486416], [120.866333, 5.486416]]], [[[120.844749, 5.49001], [120.844749, 5.49001]]], [[[120.902999, 5.491876], [120.902999, 5.491876]]], [[[120.899223, 5.491819999000029], [120.899223, 5.491819999000029]]], [[[120.89310400000011, 5.492638], [120.89310400000011, 5.492638]]], [[[120.884201, 5.493223999000065], [120.884201, 5.493223999000065]]], [[[120.76979714000004, 5.493947796000043], [120.76979714000004, 5.493947796000043]]], [[[120.94764699900009, 5.494998], [120.94764699900009, 5.494998]]], [[[120.94352027700006, 5.495396885000048], [120.94352027700006, 5.495396885000048]]], [[[120.92565162500011, 5.500669945000027], [120.92565162500011, 5.500669945000027]]], [[[120.92829703300004, 5.502307851000069], [120.92829703300004, 5.502307851000069]]], [[[120.56689453100012, 5.498107910000044], [120.56689453100012, 5.498107910000044]]], [[[120.78447335300007, 5.505682318000026], [120.78447335300007, 5.505682318000026]]], [[[120.9336067480001, 5.505102931000067], [120.9336067480001, 5.505102931000067]]], [[[120.96323694800003, 5.50688395100002], [120.96323694800003, 5.50688395100002]]], [[[120.94638740100004, 5.506980622000071], [120.94638740100004, 5.506980622000071]]], [[[120.94069357400008, 5.507725622000066], [120.94069357400008, 5.507725622000066]]], [[[120.907028, 5.508042], [120.907028, 5.508042]]], [[[120.94564914900002, 5.514940140000022], [120.94564914900002, 5.514940140000022]]], [[[120.95327251000003, 5.517656242000044], [120.95327251000003, 5.517656242000044]]], [[[120.94783594500007, 5.518126688000052], [120.94783594500007, 5.518126688000052]]], [[[120.95493785800011, 5.519476429000065], [120.95493785800011, 5.519476429000065]]], [[[120.963897, 5.517041], [120.963897, 5.517041]]], [[[120.80672575000006, 5.508959200000049], [120.80672575000006, 5.508959200000049]]], [[[120.95641588700005, 5.524365231000047], [120.95641588700005, 5.524365231000047]]], [[[120.90942915900007, 5.526133837000032], [120.90942915900007, 5.526133837000032]]], [[[120.80161053000006, 5.526411569000061], [120.80161053000006, 5.526411569000061]]], [[[120.80366258000004, 5.514685792000023], [120.80366258000004, 5.514685792000023]]], [[[120.75637494900002, 5.555750556000021], [120.75637494900002, 5.555750556000021]]], [[[120.91243098600012, 5.556719807000036], [120.91243098600012, 5.556719807000036]]], [[[120.79411646200003, 5.569782560000021], [120.75878612500003, 5.497786850000068], [120.81069048800009, 5.559031214000072], [120.79411646200003, 5.569782560000021]]], [[[120.72936950400003, 5.586067329000059], [120.72936950400003, 5.586067329000059]]], [[[120.85073244300008, 5.592251361000024], [120.82596587700004, 5.514623923000045], [120.90525650200004, 5.529723533000038], [120.85073244300008, 5.592251361000024]]], [[[120.85743983900011, 5.600536625000075], [120.85743983900011, 5.600536625000075]]], [[[120.27564225000003, 5.629650402000038], [120.27564225000003, 5.629650402000038]]], [[[120.27922495200005, 5.639652893000061], [120.27922495200005, 5.639652893000061]]], [[[120.2816599030001, 5.655532659000073], [120.2816599030001, 5.655532659000073]]], [[[120.34858697900006, 5.669886041000041], [120.34858697900006, 5.669886041000041]]], [[[121.01278876900005, 5.685343274000047], [121.01278876900005, 5.685343274000047]]], [[[121.0110711320001, 5.691994945000033], [121.0110711320001, 5.691994945000033]]], [[[121.06690138800002, 5.694177133000039], [121.06690138800002, 5.694177133000039]]], [[[121.01560485300001, 5.694409317000066], [121.01560485300001, 5.694409317000066]]], [[[120.994292158, 5.698180187000048], [120.994292158, 5.698180187000048]]], [[[120.90981802700003, 5.698176811000053], [120.90981802700003, 5.698176811000053]]], [[[120.22028273900003, 5.698426357000073], [120.22028273900003, 5.698426357000073]]], [[[120.91540929500002, 5.701662144000068], [120.91540929500002, 5.701662144000068]]], [[[121.01867675800008, 5.707092285000044], [121.01867675800008, 5.707092285000044]]], [[[120.83627921200002, 5.710169099000041], [120.83627921200002, 5.710169099000041]]], [[[121.017723, 5.713039], [121.017723, 5.713039]]], [[[121.03070068400007, 5.713928223000039], [121.03070068400007, 5.713928223000039]]], [[[121.02807617100007, 5.716674803000046], [121.02807617100007, 5.716674803000046]]], [[[121.01313891100006, 5.721163337000064], [121.01313891100006, 5.721163337000064]]], [[[121.0247192380001, 5.721496583000032], [121.0247192380001, 5.721496583000032]]], [[[120.29945397900008, 5.732872970000074], [120.29945397900008, 5.732872970000074]]], [[[120.99796906300003, 5.737726473000066], [120.99796906300003, 5.737726473000066]]], [[[120.40688896200004, 5.734393092000062], [120.40688896200004, 5.734393092000062]]], [[[120.91082791600002, 5.759481673000039], [120.91082791600002, 5.759481673000039]]], [[[120.41566311200006, 5.763638624000066], [120.41566311200006, 5.763638624000066]]], [[[121.20917294500009, 5.806579085000067], [121.20917294500009, 5.806579085000067]]], [[[121.21270945200001, 5.81007167000007], [121.21270945200001, 5.81007167000007]]], [[[120.39942147900001, 5.811546514000042], [120.39942147900001, 5.811546514000042]]], [[[121.21010923600011, 5.821240618000047], [121.21010923600011, 5.821240618000047]]], [[[121.20333205000009, 5.828793104000056], [121.20333205000009, 5.828793104000056]]], [[[121.19866454600003, 5.838194711000028], [121.19866454600003, 5.838194711000028]]], [[[121.19547613600002, 5.83945600800007], [121.19547613600002, 5.83945600800007]]], [[[121.23995118100004, 5.843678657000055], [121.23995118100004, 5.843678657000055]]], [[[121.0274762460001, 5.841191753000032], [121.0274762460001, 5.841191753000032]]], [[[121.12930255100002, 5.845058030000075], [121.12930255100002, 5.845058030000075]]], [[[121.10377292500004, 5.844833965000021], [121.10377292500004, 5.844833965000021]]], [[[121.146611731, 5.849783845000047], [121.146611731, 5.849783845000047]]], [[[121.08999997700005, 5.85915667300003], [121.08999997700005, 5.85915667300003]]], [[[121.21748693400002, 5.859419372000048], [121.21748693400002, 5.859419372000048]]], [[[121.29936735400008, 5.875323896000054], [121.29936735400008, 5.875323896000054]]], [[[119.97994547300004, 5.875239312000076], [119.97994547300004, 5.875239312000076]]], [[[119.97604438600001, 5.875589781000031], [119.97604438600001, 5.875589781000031]]], [[[121.21301920500002, 5.876213023000048], [121.21301920500002, 5.876213023000048]]], [[[121.257578566, 5.881035697000073], [121.257578566, 5.881035697000073]]], [[[119.93958933300007, 5.884971500000063], [119.93958933300007, 5.884971500000063]]], [[[119.975036982, 5.885241256000029], [119.975036982, 5.885241256000029]]], [[[120.01776435700003, 5.88046345500004], [120.01776435700003, 5.88046345500004]]], [[[119.97724057900007, 5.887797705000025], [119.97724057900007, 5.887797705000025]]], [[[120.00999934700008, 5.888587193000035], [120.00999934700008, 5.888587193000035]]], [[[121.3096374590001, 5.880024072000026], [121.3096374590001, 5.880024072000026]]], [[[120.01154919100009, 5.890425054000048], [120.01154919100009, 5.890425054000048]]], [[[120.00930165900002, 5.891747683000062], [120.00930165900002, 5.891747683000062]]], [[[119.97193920200004, 5.893329273000063], [119.97193920200004, 5.893329273000063]]], [[[120.07327194900006, 5.893912439000076], [120.07327194900006, 5.893912439000076]]], [[[120.00963196400005, 5.900825456000064], [120.00963196400005, 5.900825456000064]]], [[[120.01015114400002, 5.902509503000033], [120.01015114400002, 5.902509503000033]]], [[[119.98645304100012, 5.90808802500004], [119.98645304100012, 5.90808802500004]]], [[[121.03841264900007, 5.908916860000033], [121.03841264900007, 5.908916860000033]]], [[[121.0416706530001, 5.907037702000025], [121.0416706530001, 5.907037702000025]]], [[[119.98443224400012, 5.910855668000067], [119.98443224400012, 5.910855668000067]]], [[[119.98564418700005, 5.914309420000052], [119.98564418700005, 5.914309420000052]]], [[[121.38825455800009, 5.914500095000051], [121.38825455800009, 5.914500095000051]]], [[[119.9947020730001, 5.915909861000046], [119.9947020730001, 5.915909861000046]]], [[[119.99023438800009, 5.917913613000053], [119.99023438800009, 5.917913613000053]]], [[[119.99418157900004, 5.920420061000073], [119.99418157900004, 5.920420061000073]]], [[[120.00352518500006, 5.921047971000064], [120.00352518500006, 5.921047971000064]]], [[[120.00345177300005, 5.92436222300006], [120.00345177300005, 5.92436222300006]]], [[[119.99176649300011, 5.940498944000069], [119.99176649300011, 5.940498944000069]]], [[[120.12054496700011, 5.968905714000073], [120.12054496700011, 5.968905714000073]]], [[[120.1036051320001, 5.969366655000044], [120.1036051320001, 5.969366655000044]]], [[[121.57860546400002, 5.979331108000054], [121.57860546400002, 5.979331108000054]]], [[[120.10283101100003, 5.989327029000037], [120.10283101100003, 5.989327029000037]]], [[[121.67394508400002, 6.015144147000058], [121.67394508400002, 6.015144147000058]]], [[[121.36765412800003, 6.016152632000058], [121.36765412800003, 6.016152632000058]]], [[[120.88153076200001, 6.014892579000048], [120.88153076200001, 6.014892579000048]]], [[[121.66617543200005, 6.027979215000073], [121.66617543200005, 6.027979215000073]]], [[[121.32738190000009, 6.034086424000066], [121.32738190000009, 6.034086424000066]]], [[[121.66346457200007, 6.041080603000069], [121.66346457200007, 6.041080603000069]]], [[[121.5511122470001, 6.042056303000038], [121.5511122470001, 6.042056303000038]]], [[[121.51791005100006, 6.050046366000061], [121.51791005100006, 6.050046366000061]]], [[[121.78061611200008, 6.052070951000076], [121.78061611200008, 6.052070951000076]]], [[[121.40752729000008, 6.057120550000036], [121.40752729000008, 6.057120550000036]]], [[[121.67759060700007, 6.057386554000061], [121.67759060700007, 6.057386554000061]]], [[[120.48332373500011, 6.060443617000033], [120.48332373500011, 6.060443617000033]]], [[[121.192871093, 6.071289062000062], [121.192871093, 6.071289062000062]]], [[[121.4530357750001, 6.076421529000072], [121.4530357750001, 6.076421529000072]]], [[[121.7042341230001, 6.076702089000037], [121.7042341230001, 6.076702089000037]]], [[[121.16545906700003, 6.078401674000077], [121.16545906700003, 6.078401674000077]]], [[[118.31771998300007, 6.086710464000021], [118.31771998300007, 6.086710464000021]]], [[[121.27229778300011, 6.09082810600006], [121.27229778300011, 6.09082810600006]]], [[[121.05967660600004, 6.091090096000073], [120.98907867700007, 6.05183841500002], [120.91505426900005, 6.01837107700004], [120.87593449600001, 5.941660846000048], [120.94096225500004, 5.889417898000033], [121.01293129800001, 5.925717686000041], [121.0808196260001, 5.88045231600006], [121.14723317100004, 5.925884458000041], [121.232002985, 5.940721566000036], [121.28249688400001, 5.876078637000035], [121.35358999100004, 5.915868610000075], [121.42548527300005, 5.959704295000051], [121.35410888000001, 6.005080369000041], [121.2729982940001, 6.018314984000028], [121.19184778500005, 6.013112531000047], [121.1345034740001, 6.078784232000032], [121.05967660600004, 6.091090096000073]]], [[[121.66289626200012, 6.091519443000038], [121.66289626200012, 6.091519443000038]]], [[[121.76428985500002, 6.094636853000054], [121.81862416700005, 6.019586509000021], [121.89894782600004, 6.012480581000034], [121.81786645900002, 6.03926029400003], [121.76428985500002, 6.094636853000054]]], [[[118.4495463180001, 6.106405388000042], [118.4495463180001, 6.106405388000042]]], [[[120.50472394100007, 6.112256653000031], [120.50472394100007, 6.112256653000031]]], [[[120.9661957300001, 6.11432161700003], [120.9661957300001, 6.11432161700003]]], [[[120.97929380500011, 6.121549031000029], [120.97929380500011, 6.121549031000029]]], [[[120.88889649300006, 6.128677709000044], [120.88889649300006, 6.128677709000044]]], [[[120.89811217400006, 6.131009420000055], [120.89811217400006, 6.131009420000055]]], [[[120.98328443100002, 6.131437234000032], [120.98328443100002, 6.131437234000032]]], [[[120.99217539500012, 6.131655109000064], [120.99217539500012, 6.131655109000064]]], [[[120.88233433100004, 6.135251771000071], [120.88233433100004, 6.135251771000071]]], [[[121.00049879300002, 6.135150520000025], [121.00049879300002, 6.135150520000025]]], [[[120.99126772900001, 6.13617649300005], [120.99126772900001, 6.13617649300005]]], [[[120.97802654000009, 6.137295839000046], [120.97802654000009, 6.137295839000046]]], [[[120.89939102900007, 6.137306832000036], [120.89939102900007, 6.137306832000036]]], [[[120.99277700500011, 6.14042433700007], [120.99277700500011, 6.14042433700007]]], [[[120.98870336200002, 6.140714401000025], [120.98870336200002, 6.140714401000025]]], [[[120.53500667300011, 6.145129487000077], [120.53500667300011, 6.145129487000077]]], [[[121.76352205400008, 6.145567425000024], [121.76352205400008, 6.145567425000024]]], [[[120.90771806900011, 6.147458090000043], [120.90771806900011, 6.147458090000043]]], [[[121.84104161200003, 6.147588711000026], [121.84104161200003, 6.147588711000026]]], [[[120.93327256900011, 6.142133551000029], [120.93327256900011, 6.142133551000029]]], [[[120.479770088, 6.149233145000039], [120.479770088, 6.149233145000039]]], [[[120.89696022600003, 6.151027844000055], [120.89696022600003, 6.151027844000055]]], [[[121.87099075800006, 6.156549194000036], [121.87099075800006, 6.156549194000036]]], [[[120.94837691600003, 6.166042676000075], [120.94837691600003, 6.166042676000075]]], [[[120.94099589600012, 6.167786453000076], [120.94099589600012, 6.167786453000076]]], [[[118.11031580800011, 6.164868609000052], [118.11031580800011, 6.164868609000052]]], [[[120.99172174000012, 6.168939274000024], [120.99172174000012, 6.168939274000024]]], [[[121.00501537100001, 6.172305708000067], [121.00501537100001, 6.172305708000067]]], [[[120.458291744, 6.171958564000022], [120.458291744, 6.171958564000022]]], [[[120.95164254200006, 6.175249632000032], [120.95164254200006, 6.175249632000032]]], [[[121.81758118700009, 6.176278909000075], [121.81758118700009, 6.176278909000075]]], [[[120.93410900200001, 6.177392282000028], [120.93410900200001, 6.177392282000028]]], [[[120.93007560100011, 6.178108890000033], [120.93007560100011, 6.178108890000033]]], [[[120.96420051900009, 6.179730981000034], [120.96420051900009, 6.179730981000034]]], [[[118.12254801600011, 6.190174300000024], [118.12254801600011, 6.190174300000024]]], [[[120.97057117000008, 6.190764852000029], [120.97057117000008, 6.190764852000029]]], [[[120.96505995200005, 6.206409592000057], [120.96505995200005, 6.206409592000057]]], [[[118.14991533000011, 6.206928080000068], [118.14991533000011, 6.206928080000068]]], [[[121.04389585500007, 6.207875280000053], [121.04389585500007, 6.207875280000053]]], [[[120.85563451500002, 6.21831923600007], [120.85563451500002, 6.21831923600007]]], [[[118.07044894900002, 6.235952085000065], [118.07044894900002, 6.235952085000065]]], [[[121.8343626090001, 6.242493710000076], [121.8343626090001, 6.242493710000076]]], [[[121.99767066200002, 6.288588190000041], [121.99767066200002, 6.288588190000041]]], [[[118.07914738900001, 6.290202109000063], [118.07914738900001, 6.290202109000063]]], [[[120.65082869200012, 6.292594434000023], [120.65082869200012, 6.292594434000023]]], [[[120.65138276900007, 6.296052682000038], [120.65138276900007, 6.296052682000038]]], [[[120.65235474100007, 6.300847016000034], [120.65235474100007, 6.300847016000034]]], [[[121.96316167700002, 6.312896298000055], [121.96316167700002, 6.312896298000055]]], [[[121.99525561900009, 6.313109424000061], [121.99525561900009, 6.313109424000061]]], [[[122.00071838600002, 6.316252291000069], [122.00071838600002, 6.316252291000069]]], [[[120.65358232800008, 6.320532891000028], [120.65358232800008, 6.320532891000028]]], [[[121.924201003, 6.327577267000038], [121.924201003, 6.327577267000038]]], [[[122.05001033600001, 6.342050172000029], [122.05001033600001, 6.342050172000029]]], [[[120.85606471100004, 6.342773267000041], [120.85606471100004, 6.342773267000041]]], [[[122.02957766200007, 6.350389227000051], [122.02957766200007, 6.350389227000051]]], [[[121.97578390600006, 6.361866175000046], [121.97578390600006, 6.361866175000046]]], [[[120.59546068400005, 6.394604762000029], [120.54245491000006, 6.328508960000022], [120.48093089300005, 6.271929300000068], [120.56914197300011, 6.245843039000022], [120.58572068500007, 6.327378117000023], [120.59546068400005, 6.394604762000029]]], [[[122.03990268200005, 6.397995405000074], [122.03990268200005, 6.397995405000074]]], [[[122.12183392400004, 6.430126035000058], [122.12183392400004, 6.430126035000058]]], [[[122.13407548300006, 6.430045070000062], [122.13407548300006, 6.430045070000062]]], [[[120.71114813100007, 6.437376265000069], [120.71114813100007, 6.437376265000069]]], [[[122.14315699600002, 6.444594719000065], [122.14315699600002, 6.444594719000065]]], [[[122.17464381400009, 6.453470853000056], [122.17464381400009, 6.453470853000056]]], [[[121.85658386600005, 6.453654437000068], [121.85658386600005, 6.453654437000068]]], [[[122.17982573400002, 6.454015346000062], [122.17982573400002, 6.454015346000062]]], [[[122.17617456000005, 6.45701397800002], [122.17617456000005, 6.45701397800002]]], [[[122.22239792200003, 6.465527697000027], [122.22239792200003, 6.465527697000027]]], [[[121.82710866700006, 6.46829525000004], [121.82710866700006, 6.46829525000004]]], [[[122.20633786700012, 6.479009187000031], [122.20633786700012, 6.479009187000031]]], [[[122.21171586700007, 6.487392813000042], [122.21171586700007, 6.487392813000042]]], [[[122.20522264800002, 6.486159800000053], [122.20522264800002, 6.486159800000053]]], [[[122.20676593500002, 6.489839495000069], [122.20676593500002, 6.489839495000069]]], [[[122.20786859600003, 6.507983086000024], [122.20786859600003, 6.507983086000024]]], [[[121.77909457500004, 6.526616378000028], [121.77909457500004, 6.526616378000028]]], [[[122.20214138000006, 6.52009791100005], [122.20214138000006, 6.52009791100005]]], [[[121.78829255000005, 6.531935597000029], [121.78829255000005, 6.531935597000029]]], [[[121.83660340100005, 6.533072942000047], [121.83660340100005, 6.533072942000047]]], [[[121.75741588800008, 6.540588079000031], [121.75741588800008, 6.540588079000031]]], [[[121.831682526, 6.550752701000022], [121.831682526, 6.550752701000022]]], [[[121.86573922800005, 6.550242784000034], [121.86573922800005, 6.550242784000034]]], [[[121.79390727200007, 6.566765545000067], [121.79390727200007, 6.566765545000067]]], [[[121.748983672, 6.562701675000028], [121.748983672, 6.562701675000028]]], [[[121.6919263630001, 6.586061790000031], [121.6919263630001, 6.586061790000031]]], [[[121.56316900400009, 6.587214561000053], [121.56316900400009, 6.587214561000053]]], [[[121.6121557130001, 6.587248764000037], [121.6121557130001, 6.587248764000037]]], [[[121.77404259500008, 6.596298684000033], [121.77404259500008, 6.596298684000033]]], [[[121.61626267000008, 6.598814383000047], [121.61626267000008, 6.598814383000047]]], [[[121.61692299900005, 6.601897158000043], [121.61692299900005, 6.601897158000043]]], [[[121.56092713800001, 6.60224594500005], [121.56092713800001, 6.60224594500005]]], [[[121.5472796140001, 6.603063158000055], [121.5472796140001, 6.603063158000055]]], [[[121.75488152600008, 6.61293605000003], [121.75488152600008, 6.61293605000003]]], [[[121.54861285800007, 6.623645837000026], [121.54861285800007, 6.623645837000026]]], [[[121.51561288800008, 6.62555315000003], [121.51561288800008, 6.62555315000003]]], [[[121.56215194000004, 6.63671490400003], [121.56215194000004, 6.63671490400003]]], [[[121.64000046000001, 6.645016252000062], [121.64000046000001, 6.645016252000062]]], [[[121.5738070210001, 6.648039139000048], [121.5738070210001, 6.648039139000048]]], [[[121.58733527700008, 6.650446926000029], [121.58733527700008, 6.650446926000029]]], [[[121.5325105500001, 6.659549109000068], [121.5325105500001, 6.659549109000068]]], [[[121.56963159200006, 6.664965754000036], [121.56963159200006, 6.664965754000036]]], [[[121.91564711100011, 6.679490110000074], [121.91564711100011, 6.679490110000074]]], [[[121.59499496600006, 6.683052267000051], [121.61975391600004, 6.59923946400005], [121.60462230400003, 6.678355225000075], [121.59499496600006, 6.683052267000051]]], [[[121.88378639600012, 6.691384651000021], [121.88378639600012, 6.691384651000021]]], [[[121.71008720100008, 6.694497978000072], [121.71008720100008, 6.694497978000072]]], [[[121.98049900400008, 6.736249801000042], [121.98049900400008, 6.736249801000042]]], [[[121.99230667200004, 6.736376754000048], [121.99230667200004, 6.736376754000048]]], [[[122.25553813400006, 6.738063667000063], [122.25553813400006, 6.738063667000063]]], [[[122.39629677900007, 6.750006219000056], [122.39629677900007, 6.750006219000056]]], [[[122.06395939400011, 6.750971640000046], [121.98634002800009, 6.72835499200005], [121.92917345600006, 6.668565706000038], [121.84568592300002, 6.68252478900007], [121.80111142500004, 6.610782207000057], [121.87011961500002, 6.568606626000076], [121.89479847900009, 6.48750469600003], [121.95282838600008, 6.431897222000032], [122.03202796300002, 6.411678042000062], [122.11063344500008, 6.439106745000061], [122.18865972000003, 6.459265475000052], [122.2022233780001, 6.538539087000061], [122.2662693740001, 6.594334977000074], [122.2215753480001, 6.662521767000044], [122.14232530900006, 6.675224506000063], [122.08180074200004, 6.73136202400002], [122.06395939400011, 6.750971640000046]]], [[[121.98039912500008, 6.755141325000068], [121.98039912500008, 6.755141325000068]]], [[[121.45869593200007, 6.765970226000036], [121.45869593200007, 6.765970226000036]]], [[[122.37739154500002, 6.775369309000041], [122.37739154500002, 6.775369309000041]]], [[[121.43472083400002, 6.780159627000046], [121.43472083400002, 6.780159627000046]]], [[[121.53419730100006, 6.835152028000039], [121.53419730100006, 6.835152028000039]]], [[[121.55331132700007, 6.846515269000065], [121.55331132700007, 6.846515269000065]]], [[[122.05710077300012, 6.872738853000044], [122.05710077300012, 6.872738853000044]]], [[[122.2969207650001, 6.875511104000054], [122.2969207650001, 6.875511104000054]]], [[[118.4009098890001, 6.878896047000069], [118.4009098890001, 6.878896047000069]]], [[[122.03920686000004, 6.885727750000058], [122.03920686000004, 6.885727750000058]]], [[[118.4087638520001, 6.889356615000054], [118.4087638520001, 6.889356615000054]]], [[[122.1596267430001, 6.89051325500003], [122.1596267430001, 6.89051325500003]]], [[[122.27962427900002, 6.893523071000061], [122.27962427900002, 6.893523071000061]]], [[[122.16593734900005, 6.896790151000062], [122.16593734900005, 6.896790151000062]]], [[[121.58843326500005, 6.906588414000055], [121.58843326500005, 6.906588414000055]]], [[[122.1613452150001, 6.914664568000035], [122.1613452150001, 6.914664568000035]]], [[[122.18172393100008, 6.918848788000048], [122.18172393100008, 6.918848788000048]]], [[[122.32666121500006, 6.956276801000058], [122.32666121500006, 6.956276801000058]]], [[[122.35847311400005, 6.983966389000045], [122.35847311400005, 6.983966389000045]]], [[[122.35616011000002, 6.988810310000076], [122.35616011000002, 6.988810310000076]]], [[[122.27244269700009, 6.999375243000031], [122.20434857600003, 6.952244237000059], [122.28552904000003, 6.977702128000033], [122.27244269700009, 6.999375243000031]]], [[[118.42111769400003, 7.009685173000037], [118.42111769400003, 7.009685173000037]]], [[[118.530273437, 7.03070068300002], [118.530273437, 7.03070068300002]]], [[[118.5070373850001, 7.049084868000023], [118.42799974500008, 7.026418377000027], [118.4831540460001, 6.967635115000064], [118.52431616700005, 7.039547209000034], [118.5070373850001, 7.049084868000023]]], [[[118.45744393200005, 7.082006468000031], [118.45744393200005, 7.082006468000031]]], [[[118.43843071300012, 7.088274153000043], [118.43843071300012, 7.088274153000043]]], [[[118.42252736300009, 7.098258607000048], [118.42252736300009, 7.098258607000048]]], [[[122.25379847300007, 7.104320727000072], [122.25379847300007, 7.104320727000072]]], [[[122.2700113190001, 7.11888545000005], [122.2700113190001, 7.11888545000005]]], [[[122.27258569800006, 7.126155232000031], [122.27258569800006, 7.126155232000031]]], [[[118.42377151200003, 7.126258598000049], [118.42377151200003, 7.126258598000049]]], [[[122.26221459700002, 7.131991338000034], [122.26221459700002, 7.131991338000034]]], [[[122.26815613400004, 7.135240682000074], [122.26815613400004, 7.135240682000074]]], [[[122.25684087500008, 7.137511427000049], [122.25684087500008, 7.137511427000049]]], [[[122.25452092100011, 7.139144584000064], [122.25452092100011, 7.139144584000064]]], [[[122.25739170100007, 7.140268416000026], [122.25739170100007, 7.140268416000026]]], [[[122.26615420300004, 7.15238176500003], [122.26615420300004, 7.15238176500003]]], [[[122.27319575100012, 7.155955328000061], [122.27319575100012, 7.155955328000061]]], [[[122.28811036500008, 7.171681080000042], [122.28811036500008, 7.171681080000042]]], [[[122.27520850200005, 7.170836489000067], [122.27520850200005, 7.170836489000067]]], [[[122.2866340600001, 7.176814207000064], [122.2866340600001, 7.176814207000064]]], [[[118.42021269600002, 7.17907290100004], [118.42021269600002, 7.17907290100004]]], [[[122.2697161970001, 7.180828133000034], [122.2697161970001, 7.180828133000034]]], [[[122.84298107000006, 7.279850583000041], [122.84298107000006, 7.279850583000041]]], [[[122.8545370600001, 7.284474274000047], [122.8545370600001, 7.284474274000047]]], [[[122.85654029600005, 7.288895186000047], [122.85654029600005, 7.288895186000047]]], [[[122.31731360900005, 7.315339188000053], [122.31731360900005, 7.315339188000053]]], [[[122.32447867400003, 7.319384873000047], [122.32447867400003, 7.319384873000047]]], [[[122.32796168700008, 7.319717168000068], [122.32796168700008, 7.319717168000068]]], [[[122.9185142130001, 7.343325508000021], [122.9185142130001, 7.343325508000021]]], [[[122.40930175800008, 7.354125977000024], [122.40930175800008, 7.354125977000024]]], [[[122.40527343800011, 7.359313965000069], [122.40527343800011, 7.359313965000069]]], [[[123.32875726700001, 7.374916640000038], [123.32875726700001, 7.374916640000038]]], [[[124.07623725500002, 7.376436348000027], [124.0145451300001, 7.319705486000032], [124.07785288600007, 7.369361252000033], [124.07623725500002, 7.376436348000027]]], [[[122.42889404300001, 7.385925293000071], [122.42889404300001, 7.385925293000071]]], [[[122.78768426500005, 7.390678403000038], [122.78768426500005, 7.390678403000038]]], [[[122.40356240500012, 7.395192835000046], [122.40356240500012, 7.395192835000046]]], [[[122.37383530600005, 7.406502819000025], [122.37383530600005, 7.406502819000025]]], [[[122.37209495000002, 7.410814901000037], [122.37209495000002, 7.410814901000037]]], [[[122.92789694200007, 7.430220809000048], [122.92789694200007, 7.430220809000048]]], [[[122.84823396000002, 7.436415363000037], [122.84823396000002, 7.436415363000037]]], [[[122.85786587100006, 7.436246115000074], [122.85786587100006, 7.436246115000074]]], [[[122.89848872400012, 7.442824855000026], [122.87448645500001, 7.364857443000062], [122.8342866160001, 7.434489511000038], [122.78929452500006, 7.366097950000039], [122.81672670900002, 7.284094832000051], [122.89093964300002, 7.315359740000076], [122.95067236600005, 7.369579700000031], [122.90549189300009, 7.436407221000024], [122.89848872400012, 7.442824855000026]]], [[[122.96416976500007, 7.462291327000059], [122.96416976500007, 7.462291327000059]]], [[[122.46350097700008, 7.486877441000047], [122.46350097700008, 7.486877441000047]]], [[[123.13646832800009, 7.487037994000048], [123.13646832800009, 7.487037994000048]]], [[[122.41838244500002, 7.497001987000033], [122.41838244500002, 7.497001987000033]]], [[[117.31259603500007, 7.506706648000034], [117.31259603500007, 7.506706648000034]]], [[[123.3029234070001, 7.519435682000051], [123.3029234070001, 7.519435682000051]]], [[[123.22056129700002, 7.522086222000041], [123.22056129700002, 7.522086222000041]]], [[[117.30603512400012, 7.522422813000048], [117.30603512400012, 7.522422813000048]]], [[[123.2531676110001, 7.528992406000043], [123.2531676110001, 7.528992406000043]]], [[[122.82030766800005, 7.520443912000076], [122.82030766800005, 7.520443912000076]]], [[[122.09473772000001, 7.531043846000046], [122.09473772000001, 7.531043846000046]]], [[[122.44554117500002, 7.544373363000034], [122.44554117500002, 7.544373363000034]]], [[[122.79111712500003, 7.555458900000076], [122.79111712500003, 7.555458900000076]]], [[[123.36662550000005, 7.572344456000053], [123.36662550000005, 7.572344456000053]]], [[[123.04939540300006, 7.576336185000059], [123.04939540300006, 7.576336185000059]]], [[[123.0453537080001, 7.586100619000035], [123.0453537080001, 7.586100619000035]]], [[[122.44501355700004, 7.587958491000052], [122.44501355700004, 7.587958491000052]]], [[[122.49260913300009, 7.596260122000047], [122.49260913300009, 7.596260122000047]]], [[[123.39856876500005, 7.609709956000074], [123.39856876500005, 7.609709956000074]]], [[[123.07241560600005, 7.614649391000057], [123.07241560600005, 7.614649391000057]]], [[[123.45762937900008, 7.615762586000073], [123.45762937900008, 7.615762586000073]]], [[[123.17830308900011, 7.618650180000031], [123.17830308900011, 7.618650180000031]]], [[[123.1792441120001, 7.620329244000061], [123.1792441120001, 7.620329244000061]]], [[[123.46721106400003, 7.61926177600003], [123.46721106400003, 7.61926177600003]]], [[[123.4612146830001, 7.621125237000058], [123.4612146830001, 7.621125237000058]]], [[[123.06048584000007, 7.632324219000054], [123.06048584000007, 7.632324219000054]]], [[[123.09252929700006, 7.647521973000039], [123.09252929700006, 7.647521973000039]]], [[[123.08929443400007, 7.650085449000073], [123.08929443400007, 7.650085449000073]]], [[[123.12231445300006, 7.66827392600004], [123.12231445300006, 7.66827392600004]]], [[[123.10945869200009, 7.681582840000033], [123.10945869200009, 7.681582840000033]]], [[[122.54247199400004, 7.687230950000071], [122.54247199400004, 7.687230950000071]]], [[[117.02483948200006, 7.808196318000057], [117.02483948200006, 7.808196318000057]]], [[[117.21551874700003, 7.830793776000064], [117.21551874700003, 7.830793776000064]]], [[[117.2209498200001, 7.917257845000051], [117.2209498200001, 7.917257845000051]]], [[[117.00985111300008, 8.070796694000023], [117.00985111300008, 8.070796694000023]]], [[[117.04152358400006, 8.074501697000073], [117.04152358400006, 8.074501697000073]]], [[[117.06552744600003, 8.080091683000035], [116.99580383200009, 8.033181446000071], [116.9583874650001, 7.958258811000064], [116.9732036050001, 7.878197878000037], [117.01153688300008, 7.804213107000066], [117.06889125300006, 7.862823353000067], [117.08564538600001, 7.943934009000031], [117.07817944300007, 8.027180336000072], [117.06552744600003, 8.080091683000035]]], [[[117.07382401200005, 8.090820093000048], [117.07382401200005, 8.090820093000048]]], [[[117.10670039000001, 8.092460218000042], [117.10670039000001, 8.092460218000042]]], [[[116.988652623, 8.093558233000067], [116.988652623, 8.093558233000067]]], [[[117.028958525, 8.13001756500006], [117.028958525, 8.13001756500006]]], [[[117.13053658800004, 8.135096235000049], [117.13053658800004, 8.135096235000049]]], [[[117.22641367500012, 8.163390995000043], [117.22641367500012, 8.163390995000043]]], [[[117.24082264000003, 8.176852508000024], [117.24082264000003, 8.176852508000024]]], [[[117.14015332200006, 8.179950629000075], [117.14015332200006, 8.179950629000075]]], [[[117.00997316200005, 8.180132437000054], [117.00997316200005, 8.180132437000054]]], [[[117.28153543100007, 8.183020271000032], [117.28153543100007, 8.183020271000032]]], [[[117.18825060100005, 8.20174703500004], [117.18825060100005, 8.20174703500004]]], [[[117.0811001620001, 8.248246230000063], [117.0811001620001, 8.248246230000063]]], [[[117.12542691300007, 8.287441627000021], [117.12542691300007, 8.287441627000021]]], [[[117.14266528300004, 8.301039436000053], [117.14266528300004, 8.301039436000053]]], [[[117.18241672500005, 8.308644944000037], [117.18241672500005, 8.308644944000037]]], [[[117.3405177840001, 8.311474039000075], [117.3405177840001, 8.311474039000075]]], [[[117.3069265790001, 8.330478263000032], [117.271216116, 8.244689854000057], [117.3360086880001, 8.194994896000026], [117.35024960800001, 8.275813536000044], [117.3069265790001, 8.330478263000032]]], [[[117.23108121000007, 8.338854892000029], [117.17229768900006, 8.28449451900002], [117.25679944400008, 8.288269680000042], [117.23108121000007, 8.338854892000029]]], [[[117.520221805, 8.342745085000047], [117.520221805, 8.342745085000047]]], [[[117.31675162200008, 8.350721836000048], [117.31675162200008, 8.350721836000048]]], [[[117.23799582900006, 8.367162627000027], [117.23799582900006, 8.367162627000027]]], [[[117.24780356400004, 8.378368180000052], [117.24780356400004, 8.378368180000052]]], [[[117.26547325500007, 8.393310132000067], [117.26547325500007, 8.393310132000067]]], [[[117.26961349200008, 8.401035261000061], [117.26961349200008, 8.401035261000061]]], [[[117.19155457000011, 8.43460260200004], [117.19155457000011, 8.43460260200004]]], [[[117.43532005000009, 8.438636548000034], [117.43532005000009, 8.438636548000034]]], [[[123.50025348000008, 8.657290490000037], [123.50025348000008, 8.657290490000037]]], [[[123.22664937600007, 8.749102202000074], [123.22664937600007, 8.749102202000074]]], [[[123.41987524100011, 8.849736929000073], [123.41987524100011, 8.849736929000073]]], [[[118.1186145590001, 9.04280714600003], [118.1186145590001, 9.04280714600003]]], [[[118.12028797900007, 9.049838025000042], [118.12028797900007, 9.049838025000042]]], [[[118.13871645100005, 9.070176753000055], [118.13871645100005, 9.070176753000055]]], [[[123.27038790600011, 9.084596680000061], [123.27038790600011, 9.084596680000061]]], [[[118.15517733600007, 9.088961427000072], [118.15517733600007, 9.088961427000072]]], [[[118.12658248200012, 9.096864405000076], [118.12658248200012, 9.096864405000076]]], [[[118.13236846500001, 9.102878377000025], [118.13236846500001, 9.102878377000025]]], [[[118.16262202200005, 9.126696582000022], [118.16262202200005, 9.126696582000022]]], [[[118.3800561700001, 9.20680635900004], [118.3800561700001, 9.20680635900004]]], [[[118.39012628500006, 9.229046711000024], [118.39012628500006, 9.229046711000024]]], [[[117.85878361000005, 9.248082859000021], [117.85878361000005, 9.248082859000021]]], [[[118.44078088900005, 9.248988835000034], [118.44078088900005, 9.248988835000034]]], [[[118.50143926300007, 9.25270643500005], [118.50143926300007, 9.25270643500005]]], [[[117.88952510900003, 9.26236500500005], [117.88952510900003, 9.26236500500005]]], [[[117.94109878900008, 9.273456819000046], [117.94109878900008, 9.273456819000046]]], [[[120.82291128500003, 9.28226182800006], [120.82291128500003, 9.28226182800006]]], [[[117.94706103500005, 9.294799631000046], [117.94706103500005, 9.294799631000046]]], [[[117.99902083500001, 9.297470275000023], [117.99902083500001, 9.297470275000023]]], [[[123.61380577900002, 9.30094611100003], [123.56738242900008, 9.234102976000031], [123.48571140800004, 9.219664971000043], [123.51466283000002, 9.137711242000023], [123.58832899600009, 9.094668095000031], [123.66813999500005, 9.115957839000032], [123.66065306000007, 9.203090145000033], [123.64277385500009, 9.284355882000057], [123.61380577900002, 9.30094611100003]]], [[[117.96007457500002, 9.301348398000073], [117.96007457500002, 9.301348398000073]]], [[[117.94442854200008, 9.316281035000031], [117.94442854200008, 9.316281035000031]]], [[[118.08742081800006, 9.359164425000074], [118.08742081800006, 9.359164425000074]]], [[[118.58349685600001, 9.377001910000047], [118.58349685600001, 9.377001910000047]]], [[[123.38679174600009, 9.434405029000061], [123.38679174600009, 9.434405029000061]]], [[[118.6285802760001, 9.46208034600005], [118.6285802760001, 9.46208034600005]]], [[[123.92261527300002, 9.49996119900004], [123.92261527300002, 9.49996119900004]]], [[[123.68500139800005, 9.519942897000021], [123.68500139800005, 9.519942897000021]]], [[[122.4968432280001, 9.556070452000029], [122.4968432280001, 9.556070452000029]]], [[[123.7201575580001, 9.560053316000051], [123.7201575580001, 9.560053316000051]]], [[[123.73191000500003, 9.584662234000064], [123.73191000500003, 9.584662234000064]]], [[[124.002792225, 9.597199500000045], [124.002792225, 9.597199500000045]]], [[[121.0068913560001, 9.615405404000057], [121.0068913560001, 9.615405404000057]]], [[[123.14648244400007, 9.620965141000056], [123.14648244400007, 9.620965141000056]]], [[[121.28095899300001, 9.623006081000028], [121.28095899300001, 9.623006081000028]]], [[[123.83648725700004, 9.644078256000057], [123.75787633100003, 9.602167982000026], [123.83979315700003, 9.58670760800004], [123.83648725700004, 9.644078256000057]]], [[[121.23045128600006, 9.645014720000063], [121.18588260500007, 9.577761003000035], [121.23045128600006, 9.645014720000063]]], [[[121.23566596800003, 9.648517842000047], [121.23566596800003, 9.648517842000047]]], [[[122.43810951300009, 9.653540355000075], [122.43810951300009, 9.653540355000075]]], [[[121.23858220000011, 9.662186890000044], [121.23858220000011, 9.662186890000044]]], [[[122.39748624300012, 9.680168309000067], [122.39748624300012, 9.680168309000067]]], [[[122.39351396500001, 9.73780664700007], [122.39351396500001, 9.73780664700007]]], [[[125.44122369100012, 9.824685275000036], [125.39658529600001, 9.748610657000029], [125.39505167100003, 9.660617694000052], [125.42133832700006, 9.556787704000044], [125.4458308940001, 9.476802941000074], [125.46373020900012, 9.395836374000055], [125.49731627400001, 9.306151414000055], [125.51218106500005, 9.225199303000068], [125.51970895800002, 9.141765253000074], [125.52903976000005, 9.054114979000076], [125.46127727100009, 8.989118768000026], [125.37498892700012, 8.982295481000051], [125.29551673500009, 8.992489102000036], [125.23092392600006, 9.052264936000029], [125.177617542, 8.982613701000048], [125.18527237700005, 8.896002586000066], [125.12522388900004, 8.837545205000026], [125.04415808400006, 8.875403499000072], [124.97967502900008, 8.94056519000003], [124.9064320660001, 8.981717815000025], [124.82186043700005, 9.005507119000072], [124.77579454200009, 8.936512372000038], [124.78492533400004, 8.855721543000072], [124.76648258800003, 8.776706213000068], [124.74054518500009, 8.69224562100004], [124.76022382400004, 8.61249224200003], [124.740895711, 8.530785496000021], [124.67770716000007, 8.478367781000031], [124.59929154200006, 8.51818318900007], [124.5274850940001, 8.560177356000054], [124.47398896800007, 8.62022249000006], [124.38627180100002, 8.593549886000062], [124.32082477800009, 8.546754751000037], [124.28494954100006, 8.464519644000063], [124.2703059480001, 8.381492065000032], [124.25440777400001, 8.297660819000043], [124.23174372900007, 8.219787770000039], [124.15343556700009, 8.184848601000056], [124.06821636400002, 8.187163026000064], [123.98500494500001, 8.17730547900004], [123.9158452040001, 8.13376175600007], [123.83959094800002, 8.098136794000027], [123.77954251400001, 8.044762718000072], [123.72255697800006, 7.988499171000058], [123.64602075200003, 7.961983445000044], [123.67748948600001, 8.03957613600005], [123.75917559100003, 8.052214671000058], [123.81230483700006, 8.113703486000077], [123.86897012600002, 8.174275558000033], [123.84838578900008, 8.255513660000076], [123.8561883540001, 8.336636297000041], [123.83564828300007, 8.41599092100006], [123.80307271000004, 8.492269935000024], [123.757945962, 8.559191178000049], [123.70866232100002, 8.624001509000038], [123.63059403300008, 8.64641544400007], [123.57353512000009, 8.584150866000073], [123.50367222000011, 8.626966073000062], [123.45319420600003, 8.69276715500007], [123.37953987100002, 8.726856414000054], [123.4156308150001, 8.646559431000071], [123.34045818400011, 8.599824468000065], [123.30280912600006, 8.522758469000053], [123.19886399200004, 8.532202203000054], [123.1098406540001, 8.52144259000005], [123.03091805200006, 8.489637798000047], [122.9926858550001, 8.418532042000038], [122.98405881100007, 8.33403854100004], [122.98709363400008, 8.252442332000044], [122.94639079900003, 8.17146871500006], [122.86648613300008, 8.141446274000032], [122.78224639000007, 8.117871845000025], [122.68557952000003, 8.121206762000043], [122.60503110000002, 8.100495869000042], [122.52724019000004, 8.076903234000042], [122.42443239900001, 8.056381371000043], [122.34501650300001, 8.038581504000035], [122.26753928900007, 7.997164281000039], [122.23160661400004, 7.920417678000035], [122.16068863100008, 7.858748816000059], [122.12175306000006, 7.783197811000036], [122.12488273100007, 7.690451393000046], [122.11628377500006, 7.606950695000023], [122.10106168200002, 7.524367133000055], [122.06242072100008, 7.451961181000058], [122.04772531900005, 7.369345213000031], [122.06001641500006, 7.287713665000069], [121.9823831980001, 7.25023383000007], [121.91415947200005, 7.169883550000065], [121.9007735030001, 7.09008191700002], [121.92023482800005, 6.998524800000041], [121.98375218100011, 6.946437286000048], [122.05965217200003, 6.911671593000051], [122.13945526500004, 6.901206402000071], [122.18434032700009, 6.973386310000024], [122.2128466480001, 7.048667199000022], [122.25607638000008, 7.116827296000054], [122.25097303400003, 7.201348482000071], [122.28536236800005, 7.274639108000031], [122.35185961400009, 7.328601118000051], [122.35392697500004, 7.414014038000062], [122.38194098100007, 7.489202405000071], [122.448568926, 7.534347996000065], [122.46355798000002, 7.613324433000059], [122.50644026600003, 7.686273705000076], [122.56338900300011, 7.742707568000071], [122.63644180200004, 7.779607829000042], [122.71639893600002, 7.784366171000045], [122.79787917300007, 7.756792917000041], [122.78237131600008, 7.678142279000042], [122.78907180800002, 7.594075868000061], [122.82805745700011, 7.52371714800006], [122.81060971600004, 7.444680054000059], [122.87260764300004, 7.505888040000059], [122.9505352220001, 7.479133798000021], [123.01322768400007, 7.52910328400003], [123.03388037600007, 7.60992274900002], [123.07107043100007, 7.683847464000053], [123.14429659900009, 7.644572989000039], [123.1288834930001, 7.56580361500005], [123.16710564300001, 7.49523227800006], [123.23744427100007, 7.53666479900005], [123.28469668100001, 7.467347189000066], [123.34106384600011, 7.409002317000045], [123.40644204500006, 7.357616433000032], [123.45121090300006, 7.434601464000025], [123.38434142400001, 7.482581312000036], [123.33760487400002, 7.548460521000038], [123.39512315800005, 7.605440917000067], [123.4672586050001, 7.642908341000066], [123.48079933600002, 7.723338959000046], [123.42222938800012, 7.778907189000051], [123.49030025700006, 7.822481623000044], [123.56945156400002, 7.852028233000055], [123.64677888100005, 7.823475417000054], [123.72113380100006, 7.790961268000046], [123.77169529000003, 7.718869018000021], [123.8513165810001, 7.698225829000023], [123.93379104100006, 7.682584390000045], [124.0034936190001, 7.64158698600005], [124.06672434200004, 7.582731669000054], [124.11842905200001, 7.509965928000042], [124.14826531500012, 7.433946375000062], [124.22591958800001, 7.406509946000028], [124.21665013000006, 7.307349479000038], [124.18099298400011, 7.231495939000069], [124.13223629600009, 7.166226494000057], [124.05212336500006, 7.129703484000061], [124.01367676000007, 7.051961102000064], [123.97994377100008, 6.972853153000074], [123.95685311500006, 6.893879222000066], [123.96246307400008, 6.811868152000045], [124.03854642300007, 6.763314101000049], [124.03274185100008, 6.681181072000072], [124.05504448800002, 6.603381095000032], [124.0207866070001, 6.531011172000035], [124.04142539700001, 6.452619704000028], [124.08228631300005, 6.382143283000062], [124.12322271700009, 6.308495062000077], [124.180568117, 6.232930026000076], [124.2437698550001, 6.164205283000058], [124.3216068160001, 6.11477558100006], [124.39850149800009, 6.090100862000043], [124.47641595100004, 6.052315161000024], [124.56821819200002, 6.017555654000034], [124.64737737900009, 5.979163806000031], [124.73138567800004, 5.931272462000038], [124.81229331800012, 5.900663621000035], [124.89307586300004, 5.871468874000072], [124.98037409500012, 5.862120098000048], [125.06831508500011, 5.856220808000046], [125.09329595800011, 5.934790196000051], [125.13177610100001, 6.012620849000029], [125.15409394200003, 6.09169436600007], [125.23491992200002, 6.094251391000057], [125.28169692300003, 6.019282472000043], [125.26559283800009, 5.93606649000003], [125.2219069360001, 5.867833829000062], [125.17430521500012, 5.798741865000068], [125.2296705660001, 5.735503330000029], [125.29278193000005, 5.67925396000004], [125.29249227500009, 5.595457164000038], [125.37228045100005, 5.55945954300006], [125.43284443800007, 5.61240394500004], [125.48261335100005, 5.684340987000041], [125.52669464100006, 5.763869097000054], [125.58462608800005, 5.836700545000042], [125.64005108700007, 5.898559956000042], [125.68585031100008, 5.97240410400002], [125.70172884200008, 6.051648795000062], [125.70444995100002, 6.136510763000047], [125.6983104740001, 6.220228052000039], [125.65990475300009, 6.294448955000064], [125.61945497900001, 6.387476811000056], [125.58253993000005, 6.462774760000059], [125.5333897050001, 6.530582706000075], [125.48560861900012, 6.595674068000051], [125.40446518600004, 6.60059657100004], [125.3837358180001, 6.678842401000054], [125.38745278800002, 6.76497407200003], [125.42285894200006, 6.838725645000068], [125.48008917200002, 6.910687905000032], [125.50448624100011, 6.999089831000049], [125.57517649600004, 7.03792414000003], [125.64048857800003, 7.089744288000077], [125.65634867500012, 7.169099574000029], [125.66017477100002, 7.251280715000064], [125.7268609790001, 7.309268121000059], [125.80953787400006, 7.361706409000021], [125.84013474400001, 7.285280296000053], [125.87166632300011, 7.209570573000065], [125.88388584800009, 7.126444627000069], [125.946317195, 7.072102787000063], [125.98684355700004, 7.001608086000033], [125.98666398900002, 6.913978142000076], [126.05368166100004, 6.867774678000046], [126.08116930200003, 6.77947264200003], [126.08441065700003, 6.697743126000034], [126.0849930170001, 6.599515970000027], [126.08983430400008, 6.513404336000065], [126.12801048500012, 6.443040259000043], [126.168446506, 6.371207960000049], [126.18924912500006, 6.289677375000053], [126.19757289000006, 6.372320564000063], [126.219406735, 6.450102658000048], [126.22888808200003, 6.530963055000029], [126.22420940900008, 6.611159971000063], [126.24393308900005, 6.690425324000046], [126.23177209200003, 6.790540768000028], [126.17748409100011, 6.866957726000066], [126.19527923100009, 6.950306345000058], [126.26993657500009, 6.91116792300005], [126.29012330700004, 6.830981257000076], [126.28779646800001, 6.913540410000053], [126.3305502930001, 6.999238903000048], [126.4158124600001, 7.004118223000035], [126.47425601600003, 7.064945531000035], [126.51619631400001, 7.143068803000062], [126.56334852600003, 7.212632234000068], [126.60495742800003, 7.288554668000074], [126.55373913000005, 7.352048095000043], [126.55488975100002, 7.443690251000021], [126.59667575900005, 7.514648433000048], [126.5585758410001, 7.586930414000051], [126.55889512200008, 7.672346978000064], [126.50659305300007, 7.73606791900005], [126.45430282300003, 7.797114573000044], [126.38213707400007, 7.833016002000022], [126.3620640580001, 7.911760239000046], [126.42095257300002, 7.973989771000049], [126.41490625500012, 8.055635743000039], [126.43542372200011, 8.140869139000074], [126.44784835900009, 8.221611352000025], [126.36903868800005, 8.195187468000029], [126.37320290800005, 8.280083460000071], [126.32791028000008, 8.347482316000026], [126.3801017620001, 8.40941504500006], [126.38914280400002, 8.489057912000021], [126.3240559950001, 8.537319853000042], [126.2409707160001, 8.548328807000075], [126.15997625500006, 8.541179839000051], [126.09754723500009, 8.601753961000043], [126.14492407600005, 8.671810482000069], [126.22643806400004, 8.693676302000028], [126.25409128000001, 8.773355819000074], [126.32237654700009, 8.82051983100007], [126.32526085500001, 8.902336751000064], [126.29063653800006, 8.974608170000067], [126.22414654500005, 9.02031623800002], [126.16845735100003, 9.086444966000045], [126.17601008200006, 9.168768758000056], [126.18782858300006, 9.25475503000007], [126.10654649800006, 9.250245280000058], [126.02602076700009, 9.257529519000059], [125.98284613700002, 9.330208208000045], [125.93215208900006, 9.395343197000045], [125.96246416000008, 9.476016783000034], [125.88297707900006, 9.498159847000068], [125.81557465000003, 9.549431284000036], [125.738601936, 9.581422022000027], [125.65608676400007, 9.603411679000033], [125.59750061500006, 9.66192137400003], [125.61610279700005, 9.74329818700005], [125.53830042600009, 9.770062500000051], [125.45938900500005, 9.800978360000045], [125.44122369100012, 9.824685275000036]]], [[[122.36747621600011, 9.830034127000033], [122.36747621600011, 9.830034127000033]]], [[[124.5613481900001, 9.830677781000077], [124.5613481900001, 9.830677781000077]]], [[[124.56329821200006, 9.835338406000062], [124.56329821200006, 9.835338406000062]]], [[[124.55485720200011, 9.839724162000039], [124.55485720200011, 9.839724162000039]]], [[[118.77300938100007, 9.84030199600005], [118.77300938100007, 9.84030199600005]]], [[[118.76455804300008, 9.855318877000059], [118.76455804300008, 9.855318877000059]]], [[[122.38491254100006, 9.862399086000039], [122.38491254100006, 9.862399086000039]]], [[[123.79012127300007, 9.864313846000073], [123.79012127300007, 9.864313846000073]]], [[[124.56839122800011, 9.866112351000027], [124.56839122800011, 9.866112351000027]]], [[[118.7678600700001, 9.87463914600005], [118.7678600700001, 9.87463914600005]]], [[[118.81545065300008, 9.877525088000027], [118.81545065300008, 9.877525088000027]]], [[[118.76944034200005, 9.880506624000077], [118.76944034200005, 9.880506624000077]]], [[[122.3756149830001, 9.88054537100004], [122.3756149830001, 9.88054537100004]]], [[[118.77991811200002, 9.889163598000039], [118.77991811200002, 9.889163598000039]]], [[[123.781748719, 9.892355811000073], [123.781748719, 9.892355811000073]]], [[[123.38024408100011, 9.893167750000032], [123.38024408100011, 9.893167750000032]]], [[[118.79790404700009, 9.903856971000039], [118.79790404700009, 9.903856971000039]]], [[[123.82394237800008, 9.911229657000035], [123.82394237800008, 9.911229657000035]]], [[[118.83866018800006, 9.913740346000054], [118.83866018800006, 9.913740346000054]]], [[[123.3799835320001, 9.911825478000026], [123.3799835320001, 9.911825478000026]]], [[[118.87779339400004, 9.915670515000045], [118.87779339400004, 9.915670515000045]]], [[[118.84178703500004, 9.92305471800006], [118.84178703500004, 9.92305471800006]]], [[[124.5561892610001, 9.926693521000061], [124.5561892610001, 9.926693521000061]]], [[[123.86846659500009, 9.929470596000044], [123.86846659500009, 9.929470596000044]]], [[[118.79273864200002, 9.930316720000064], [118.79273864200002, 9.930316720000064]]], [[[118.85463243900006, 9.933722841000076], [118.85463243900006, 9.933722841000076]]], [[[118.92196739200006, 9.940244060000055], [118.92196739200006, 9.940244060000055]]], [[[123.909676439, 9.947786292000046], [123.909676439, 9.947786292000046]]], [[[123.87408447300004, 9.94647216800007], [123.87408447300004, 9.94647216800007]]], [[[123.85054510700002, 9.95152323000002], [123.85054510700002, 9.95152323000002]]], [[[123.91792907500007, 9.955929003000051], [123.91792907500007, 9.955929003000051]]], [[[123.90224714900012, 9.959325146000026], [123.90224714900012, 9.959325146000026]]], [[[124.57629394500009, 9.957092286000034], [124.57629394500009, 9.957092286000034]]], [[[125.06042068800002, 9.96466237200002], [125.06042068800002, 9.96466237200002]]], [[[123.39559068400001, 9.977974525000036], [123.39559068400001, 9.977974525000036]]], [[[123.40010635300007, 9.977930455000035], [123.40010635300007, 9.977930455000035]]], [[[124.55407714800003, 9.97650146500007], [124.55407714800003, 9.97650146500007]]], [[[123.98932811400005, 9.980691182000044], [123.98932811400005, 9.980691182000044]]], [[[123.39039512600004, 9.98272240800003], [123.39039512600004, 9.98272240800003]]], [[[123.38852906400007, 9.984248112000046], [123.38852906400007, 9.984248112000046]]], [[[123.99652099700006, 9.982116700000063], [123.99652099700006, 9.982116700000063]]], [[[124.00292968700012, 9.992309571000021], [124.00292968700012, 9.992309571000021]]], [[[124.00787353500004, 9.993713379000042], [124.00787353500004, 9.993713379000042]]], [[[123.94034040500003, 9.99834912700004], [123.94034040500003, 9.99834912700004]]], [[[124.01470947300004, 10.002502442000036], [124.01470947300004, 10.002502442000036]]], [[[118.79004873500003, 10.024342047000061], [118.79004873500003, 10.024342047000061]]], [[[123.97782402900009, 10.041132179000044], [123.97782402900009, 10.041132179000044]]], [[[124.01767053300011, 10.04410749300007], [124.01767053300011, 10.04410749300007]]], [[[123.89884525600007, 10.056329641000048], [123.89884525600007, 10.056329641000048]]], [[[124.5297624960001, 10.065164938000066], [124.5297624960001, 10.065164938000066]]], [[[124.02245539500007, 10.071870904000036], [124.02245539500007, 10.071870904000036]]], [[[123.92702345100008, 10.071935068000073], [123.92702345100008, 10.071935068000073]]], [[[124.52618020000011, 10.073586287000069], [124.52618020000011, 10.073586287000069]]], [[[124.05726863300004, 10.079068143000029], [124.05726863300004, 10.079068143000029]]], [[[119.23045051000008, 10.087451570000042], [119.23045051000008, 10.087451570000042]]], [[[124.50975297100001, 10.094452086000047], [124.50975297100001, 10.094452086000047]]], [[[118.78323281300004, 10.096590050000032], [118.78323281300004, 10.096590050000032]]], [[[123.98886166000011, 10.113834005000058], [123.98886166000011, 10.113834005000058]]], [[[124.64403791500001, 10.124992485000064], [124.64403791500001, 10.124992485000064]]], [[[119.2404558830001, 10.127435525000067], [119.2404558830001, 10.127435525000067]]], [[[124.540215181, 10.133687812000062], [124.540215181, 10.133687812000062]]], [[[124.5486507820001, 10.136766177000027], [124.5486507820001, 10.136766177000027]]], [[[124.58190917900004, 10.146118164000029], [124.58190917900004, 10.146118164000029]]], [[[124.5840089730001, 10.147512077000044], [124.5840089730001, 10.147512077000044]]], [[[124.61547633000009, 10.153081935000046], [124.54569725700003, 10.113349263000032], [124.61802805700006, 10.147943901000076], [124.61547633000009, 10.153081935000046]]], [[[119.24767741100004, 10.154613384000072], [119.24767741100004, 10.154613384000072]]], [[[124.50531816900002, 10.157985669000027], [124.50531816900002, 10.157985669000027]]], [[[125.12920936300009, 10.16187869600003], [125.13449475100003, 10.069099207000022], [125.20075643400003, 10.011917635000032], [125.24753061500007, 9.93652863400007], [125.26142785900004, 10.017243094000037], [125.22294284400004, 10.09369825400006], [125.1545735420001, 10.140683128000035], [125.12920936300009, 10.16187869600003]]], [[[124.44322885600002, 10.162600380000072], [124.44322885600002, 10.162600380000072]]], [[[124.04108307500007, 10.161825100000044], [124.04108307500007, 10.161825100000044]]], [[[124.38867187500011, 10.163085938000052], [124.38867187500011, 10.163085938000052]]], [[[124.50036554500002, 10.164277489000028], [124.50036554500002, 10.164277489000028]]], [[[124.28993463000006, 10.17363597000002], [124.20769520400006, 10.161636907000059], [124.1334964350001, 10.125646454000048], [124.08371248000003, 10.062001953000049], [124.04364273800002, 9.98906747500007], [123.96944678200009, 9.95505557000007], [123.89519048300008, 9.914797391000036], [123.83392929000001, 9.862236653000025], [123.78442208600006, 9.793096478000052], [123.84392645200012, 9.738266804000034], [123.8499582610001, 9.649210843000048], [123.92386394100004, 9.61814081600005], [124.00250204200006, 9.601360402000068], [124.08902788900002, 9.587669426000048], [124.16855154400002, 9.607643519000021], [124.25881750500002, 9.598485886000049], [124.34324675500011, 9.62741812300004], [124.40111778300002, 9.691819365000072], [124.46848170300007, 9.742066206000061], [124.56460528700006, 9.73043567600007], [124.597056715, 9.805166020000058], [124.52351137700009, 9.836993488000076], [124.5676329690001, 9.905592950000027], [124.54925688600008, 9.98371680400004], [124.5185698250001, 10.065167684000073], [124.43798820900008, 10.084577701000057], [124.37414260900005, 10.150631937000071], [124.29448193500002, 10.170557742000028], [124.28993463000006, 10.17363597000002]]], [[[124.11463878100005, 10.167928266000047], [124.11463878100005, 10.167928266000047]]], [[[124.1865098180001, 10.176492609000036], [124.1865098180001, 10.176492609000036]]], [[[124.46077732100002, 10.174257925000063], [124.46077732100002, 10.174257925000063]]], [[[124.13366052200001, 10.181041984000046], [124.13366052200001, 10.181041984000046]]], [[[124.38145154200004, 10.18461964900007], [124.38145154200004, 10.18461964900007]]], [[[124.30068448400004, 10.186928516000023], [124.30068448400004, 10.186928516000023]]], [[[124.14161929000011, 10.187485344000038], [124.14161929000011, 10.187485344000038]]], [[[124.12907235800003, 10.188386019000063], [124.12907235800003, 10.188386019000063]]], [[[124.28162751400009, 10.19496590600005], [124.28162751400009, 10.19496590600005]]], [[[124.56628865700009, 10.192555541000047], [124.56628865700009, 10.192555541000047]]], [[[124.01815259400007, 10.20383090100006], [124.01815259400007, 10.20383090100006]]], [[[124.41417103700007, 10.204870155000037], [124.41417103700007, 10.204870155000037]]], [[[124.25892127400004, 10.206539847000045], [124.25892127400004, 10.206539847000045]]], [[[123.98947937600008, 10.209769925000046], [123.98947937600008, 10.209769925000046]]], [[[124.16851781200012, 10.211361110000041], [124.16851781200012, 10.211361110000041]]], [[[124.19740998600003, 10.213389323000058], [124.19740998600003, 10.213389323000058]]], [[[124.35425831900011, 10.215297790000022], [124.35425831900011, 10.215297790000022]]], [[[124.04250572600006, 10.220995908000077], [124.04250572600006, 10.220995908000077]]], [[[124.04335867500004, 10.224159401000065], [124.04335867500004, 10.224159401000065]]], [[[124.33115885600012, 10.22520959600007], [124.33115885600012, 10.22520959600007]]], [[[124.03866467700004, 10.225327879000076], [124.03866467700004, 10.225327879000076]]], [[[124.0436623920001, 10.227869510000062], [124.0436623920001, 10.227869510000062]]], [[[124.28319701600003, 10.229746385000055], [124.28319701600003, 10.229746385000055]]], [[[124.03971947100001, 10.233419906000051], [124.03971947100001, 10.233419906000051]]], [[[124.02987673700011, 10.236773206000066], [124.02987673700011, 10.236773206000066]]], [[[124.02539608000006, 10.238467240000034], [124.02539608000006, 10.238467240000034]]], [[[119.30058251000003, 10.240400822000026], [119.30058251000003, 10.240400822000026]]], [[[124.3810083620001, 10.24063755800006], [124.3810083620001, 10.24063755800006]]], [[[124.48662712700002, 10.242800191000072], [124.48662712700002, 10.242800191000072]]], [[[119.30161753200002, 10.242977061000033], [119.30161753200002, 10.242977061000033]]], [[[124.04997948400012, 10.240080199000033], [124.04997948400012, 10.240080199000033]]], [[[124.31591796900011, 10.233520508000026], [124.31591796900011, 10.233520508000026]]], [[[124.40313766400004, 10.246858463000024], [124.40313766400004, 10.246858463000024]]], [[[124.29857708400004, 10.247161959000039], [124.29857708400004, 10.247161959000039]]], [[[124.33111572300004, 10.247314453000058], [124.33111572300004, 10.247314453000058]]], [[[119.32640627400008, 10.249936456000057], [119.32640627400008, 10.249936456000057]]], [[[124.33648681600005, 10.248474121000072], [124.33648681600005, 10.248474121000072]]], [[[124.291424688, 10.250879033000047], [124.291424688, 10.250879033000047]]], [[[124.44566636200011, 10.252521695000041], [124.44566636200011, 10.252521695000041]]], [[[119.38404603900005, 10.253648763000058], [119.38404603900005, 10.253648763000058]]], [[[123.9143891110001, 10.257406401000026], [123.9143891110001, 10.257406401000026]]], [[[119.36820553200005, 10.258557083000028], [119.36820553200005, 10.258557083000028]]], [[[124.61889977300007, 10.263207054000077], [124.61889977300007, 10.263207054000077]]], [[[119.497389569, 10.26846101500007], [119.497389569, 10.26846101500007]]], [[[123.90442024900005, 10.272183492000067], [123.90442024900005, 10.272183492000067]]], [[[123.9163208010001, 10.27709961000005], [123.9163208010001, 10.27709961000005]]], [[[124.1707153320001, 10.278076172000056], [124.1707153320001, 10.278076172000056]]], [[[123.90588378900009, 10.276306152000075], [123.90588378900009, 10.276306152000075]]], [[[119.35604726800011, 10.281940639000027], [119.35604726800011, 10.281940639000027]]], [[[119.45198400400011, 10.284519475000025], [119.45198400400011, 10.284519475000025]]], [[[119.36478362700007, 10.287060716000042], [119.36478362700007, 10.287060716000042]]], [[[124.1770419500001, 10.28518534400007], [124.1770419500001, 10.28518534400007]]], [[[124.06993184500004, 10.288777482000057], [124.06993184500004, 10.288777482000057]]], [[[119.39129703300011, 10.306504999000026], [119.39129703300011, 10.306504999000026]]], [[[119.48094666600002, 10.32006246900005], [119.48094666600002, 10.32006246900005]]], [[[124.0439318440001, 10.334258298000066], [123.96032047800009, 10.318249328000036], [124.04274438900006, 10.327477502000022], [124.0439318440001, 10.334258298000066]]], [[[118.94996677900008, 10.334523510000054], [118.94996677900008, 10.334523510000054]]], [[[118.95851675000006, 10.334695026000077], [118.95851675000006, 10.334695026000077]]], [[[122.60572, 10.398020001000077], [122.60572, 10.398020001000077]]], [[[122.50678614200001, 10.40634803200004], [122.50678614200001, 10.40634803200004]]], [[[122.55718, 10.40473], [122.55718, 10.40473]]], [[[122.51032978, 10.410650432000068], [122.51032978, 10.410650432000068]]], [[[122.50562574800006, 10.414960026000074], [122.50562574800006, 10.414960026000074]]], [[[122.58803000000012, 10.41148000100003], [122.58803000000012, 10.41148000100003]]], [[[122.58139, 10.415830001000074], [122.58139, 10.415830001000074]]], [[[122.56360999900005, 10.41528], [122.56360999900005, 10.41528]]], [[[122.50728722100007, 10.418128524000053], [122.50728722100007, 10.418128524000053]]], [[[122.5054030010001, 10.418815042000062], [122.5054030010001, 10.418815042000062]]], [[[122.5046741760001, 10.419923985000025], [122.5046741760001, 10.419923985000025]]], [[[119.13740455800007, 10.41782089700007], [119.13740455800007, 10.41782089700007]]], [[[121.91984305200003, 10.420306678000031], [121.91984305200003, 10.420306678000031]]], [[[122.50678806000008, 10.420697451000024], [122.50678806000008, 10.420697451000024]]], [[[122.50279122400002, 10.42226985600007], [122.50279122400002, 10.42226985600007]]], [[[122.50680460300009, 10.422496208000041], [122.50680460300009, 10.422496208000041]]], [[[122.49902546900012, 10.428828615000043], [122.49902546900012, 10.428828615000043]]], [[[122.6658900000001, 10.427140001000055], [122.6658900000001, 10.427140001000055]]], [[[125.2217783540001, 10.434141878000048], [125.2217783540001, 10.434141878000048]]], [[[122.65295, 10.43707], [122.65295, 10.43707]]], [[[122.504707832, 10.440160552000066], [122.504707832, 10.440160552000066]]], [[[119.015651047, 10.442270862000044], [119.015651047, 10.442270862000044]]], [[[122.64599796900006, 10.441500285000075], [122.64599796900006, 10.441500285000075]]], [[[122.50372262700012, 10.450406877000034], [122.50372262700012, 10.450406877000034]]], [[[122.647185379, 10.452684538000028], [122.647185379, 10.452684538000028]]], [[[119.1582535660001, 10.459068975000037], [119.1582535660001, 10.459068975000037]]], [[[119.00031996000007, 10.459214134000035], [119.00031996000007, 10.459214134000035]]], [[[119.15572095800007, 10.459896996000055], [119.15572095800007, 10.459896996000055]]], [[[122.65334, 10.45753], [122.65334, 10.45753]]], [[[119.16708522500005, 10.462691464000045], [119.16708522500005, 10.462691464000045]]], [[[122.67854000000011, 10.46167], [122.67854000000011, 10.46167]]], [[[119.1499305640001, 10.466223220000074], [119.1499305640001, 10.466223220000074]]], [[[119.16163483100001, 10.470764701000064], [119.16163483100001, 10.470764701000064]]], [[[125.22502151600008, 10.474569501000076], [125.22502151600008, 10.474569501000076]]], [[[122.48976197700006, 10.474659256000052], [122.48976197700006, 10.474659256000052]]], [[[122.70597000100008, 10.47458], [122.70597000100008, 10.47458]]], [[[122.48260658100003, 10.47573638700004], [122.48260658100003, 10.47573638700004]]], [[[123.44602621000001, 10.48041868000007], [123.44602621000001, 10.48041868000007]]], [[[119.15820660200006, 10.48236034000007], [119.15820660200006, 10.48236034000007]]], [[[119.15216590600005, 10.491699599000071], [119.15216590600005, 10.491699599000071]]], [[[124.67834987000003, 10.492356222000069], [124.67834987000003, 10.492356222000069]]], [[[119.99894768000001, 10.495288017000064], [119.99894768000001, 10.495288017000064]]], [[[122.72601999900007, 10.496740001000035], [122.72601999900007, 10.496740001000035]]], [[[122.7212516400001, 10.503197354000065], [122.7212516400001, 10.503197354000065]]], [[[122.74132999900007, 10.50079], [122.74132999900007, 10.50079]]], [[[119.1330645270001, 10.50925077100004], [119.1330645270001, 10.50925077100004]]], [[[119.06909012100004, 10.512517925000054], [119.06909012100004, 10.512517925000054]]], [[[122.73359, 10.51535], [122.73359, 10.51535]]], [[[120.00848235700005, 10.517574255000056], [120.00848235700005, 10.517574255000056]]], [[[124.67175601400004, 10.522177175000024], [124.67175601400004, 10.522177175000024]]], [[[119.72729652100008, 10.536365399000033], [119.72729652100008, 10.536365399000033]]], [[[120.02512922300002, 10.533649376000028], [120.02512922300002, 10.533649376000028]]], [[[124.6370117570001, 10.540002007000055], [124.6370117570001, 10.540002007000055]]], [[[119.11625568000011, 10.542407210000022], [119.11625568000011, 10.542407210000022]]], [[[124.65923703500005, 10.546330263000073], [124.65923703500005, 10.546330263000073]]], [[[119.73200110300002, 10.547925607000025], [119.73200110300002, 10.547925607000025]]], [[[124.03629103300011, 10.547667878000027], [124.03629103300011, 10.547667878000027]]], [[[120.00709703900009, 10.549319351000065], [120.00709703900009, 10.549319351000065]]], [[[119.70496109100009, 10.549548891000029], [119.70496109100009, 10.549548891000029]]], [[[119.11096604400007, 10.554170136000039], [119.11096604400007, 10.554170136000039]]], [[[119.19938596000009, 10.555941345000065], [119.19938596000009, 10.555941345000065]]], [[[122.51855938000006, 10.56107933900006], [122.51855938000006, 10.56107933900006]]], [[[119.70754358500005, 10.562750373000029], [119.70754358500005, 10.562750373000029]]], [[[119.7215824220001, 10.565766230000065], [119.7215824220001, 10.565766230000065]]], [[[119.74503379300006, 10.566508959000032], [119.74503379300006, 10.566508959000032]]], [[[124.02668188200005, 10.566610027000024], [124.02668188200005, 10.566610027000024]]], [[[122.51118719400006, 10.568201424000051], [122.51118719400006, 10.568201424000051]]], [[[124.03128503800008, 10.57129089800003], [124.03128503800008, 10.57129089800003]]], [[[119.74677666900004, 10.587308895000035], [119.74677666900004, 10.587308895000035]]], [[[119.16086065600007, 10.592758097000058], [119.16086065600007, 10.592758097000058]]], [[[119.75071547200002, 10.597028718000047], [119.75071547200002, 10.597028718000047]]], [[[119.82768619100011, 10.652520525000057], [119.7968011050001, 10.571424639000043], [119.76529850600002, 10.494922219000046], [119.84317140300004, 10.453349777000028], [119.92199209400007, 10.481259028000068], [119.98597801300002, 10.536268155000073], [119.943536418, 10.605894824000075], [119.86873472800005, 10.634341712000037], [119.82768619100011, 10.652520525000057]]], [[[120.24608706600009, 10.674788703000047], [120.24608706600009, 10.674788703000047]]], [[[119.60296464600003, 10.679929713000035], [119.60296464600003, 10.679929713000035]]], [[[119.58732226300003, 10.682926817000066], [119.58732226300003, 10.682926817000066]]], [[[120.32867431600005, 10.681274414000029], [120.32867431600005, 10.681274414000029]]], [[[119.29698036000002, 10.694154009000044], [119.29698036000002, 10.694154009000044]]], [[[120.88772537200009, 10.69327104000007], [120.88772537200009, 10.69327104000007]]], [[[120.27071370600004, 10.695079878000058], [120.27071370600004, 10.695079878000058]]], [[[119.30798379500004, 10.70402630700005], [119.30798379500004, 10.70402630700005]]], [[[120.964538532, 10.704698433000033], [120.964538532, 10.704698433000033]]], [[[120.89008654500003, 10.70807557300003], [120.89008654500003, 10.70807557300003]]], [[[120.26581969900008, 10.71283865600003], [120.26581969900008, 10.71283865600003]]], [[[124.43627293300005, 10.717939886000067], [124.39040273400008, 10.650794641000061], [124.32265850400006, 10.709662819000073], [124.29622584000003, 10.630943545000036], [124.38065759500012, 10.623240108000061], [124.46401409300006, 10.634464925000032], [124.45209569300005, 10.714705500000036], [124.43627293300005, 10.717939886000067]]], [[[120.3140869130001, 10.716125489000035], [120.3140869130001, 10.716125489000035]]], [[[120.77392578100012, 10.718322753000052], [120.77392578100012, 10.718322753000052]]], [[[119.62643358500009, 10.722028648000048], [119.62643358500009, 10.722028648000048]]], [[[124.31569262300002, 10.725848816000052], [124.31569262300002, 10.725848816000052]]], [[[120.79124117600009, 10.72611567000007], [120.79124117600009, 10.72611567000007]]], [[[119.69850003400006, 10.728203948000044], [119.69850003400006, 10.728203948000044]]], [[[119.62731460600003, 10.732563417000051], [119.62731460600003, 10.732563417000051]]], [[[125.02684167300004, 10.735001369000031], [125.02684167300004, 10.735001369000031]]], [[[120.90005692000011, 10.739189042000021], [120.90005692000011, 10.739189042000021]]], [[[119.65713862000007, 10.748157], [119.65713862000007, 10.748157]]], [[[122.65824598100005, 10.754189134000057], [122.610387478, 10.68368922600007], [122.55208999000001, 10.627544943000032], [122.5247959720001, 10.551963665000073], [122.47610731000009, 10.483195272000046], [122.51453028500009, 10.411743908000062], [122.58629703500003, 10.45316125100004], [122.66598695400012, 10.473250089000032], [122.69748287300001, 10.547421428000064], [122.724485436, 10.623912418000032], [122.71887353500006, 10.705105867000043], [122.65824598100005, 10.754189134000057]]], [[[121.06531916800009, 10.75680598100007], [121.06531916800009, 10.75680598100007]]], [[[125.9371910860001, 10.773610830000052], [125.9371910860001, 10.773610830000052]]], [[[125.95745492100002, 10.775898685000072], [125.95745492100002, 10.775898685000072]]], [[[125.6517916360001, 10.785499463000065], [125.6517916360001, 10.785499463000065]]], [[[119.37442012600002, 10.796326623000027], [119.37442012600002, 10.796326623000027]]], [[[119.64710832000003, 10.802953914000057], [119.64710832000003, 10.802953914000057]]], [[[124.56423810400008, 10.814038140000036], [124.50257245600005, 10.761451487000045], [124.5709565630001, 10.80572595500007], [124.56423810400008, 10.814038140000036]]], [[[119.62193034900008, 10.814658525000027], [119.62193034900008, 10.814658525000027]]], [[[120.88460416500004, 10.817053791000035], [120.88460416500004, 10.817053791000035]]], [[[125.69382858900008, 10.82346973600005], [125.67040950300009, 10.74608113000005], [125.74406258200008, 10.693769648000057], [125.7139924060001, 10.768040218000067], [125.69382858900008, 10.82346973600005]]], [[[119.35192144300004, 10.823590411000055], [119.35192144300004, 10.823590411000055]]], [[[119.32854516400005, 10.829669747000025], [119.32854516400005, 10.829669747000025]]], [[[120.9822364040001, 10.829290502000049], [120.9822364040001, 10.829290502000049]]], [[[119.23789171400006, 10.836314824000056], [119.23789171400006, 10.836314824000056]]], [[[119.35006064200002, 10.836119402000065], [119.35006064200002, 10.836119402000065]]], [[[119.62579422400006, 10.838149714000053], [119.62579422400006, 10.838149714000053]]], [[[119.43061817000012, 10.846612442000037], [119.43061817000012, 10.846612442000037]]], [[[119.30357145500011, 10.850168538000048], [119.30357145500011, 10.850168538000048]]], [[[119.34211059600011, 10.850812967000024], [119.34211059600011, 10.850812967000024]]], [[[119.3216973540001, 10.861110576000044], [119.3216973540001, 10.861110576000044]]], [[[119.35667511800011, 10.861761600000023], [119.35667511800011, 10.861761600000023]]], [[[119.63424981900005, 10.867567380000025], [119.63424981900005, 10.867567380000025]]], [[[119.36221747000002, 10.870491423000033], [119.36221747000002, 10.870491423000033]]], [[[119.31478326400008, 10.870222670000032], [119.31478326400008, 10.870222670000032]]], [[[120.93776753600002, 10.876654707000057], [120.93776753600002, 10.876654707000057]]], [[[119.34601018800004, 10.880331553000076], [119.34601018800004, 10.880331553000076]]], [[[119.61921468800006, 10.885856143000069], [119.61921468800006, 10.885856143000069]]], [[[121.06601946800004, 10.886696586000028], [121.06601946800004, 10.886696586000028]]], [[[119.32059208700002, 10.884592895000026], [119.32059208700002, 10.884592895000026]]], [[[119.3405667620001, 10.891203272000041], [119.3405667620001, 10.891203272000041]]], [[[121.19795161400009, 10.893401875000052], [121.19795161400009, 10.893401875000052]]], [[[121.05098237000004, 10.896405554000069], [121.05098237000004, 10.896405554000069]]], [[[119.62140353300003, 10.90271714000005], [119.62140353300003, 10.90271714000005]]], [[[119.29556094500003, 10.906516224000029], [119.29556094500003, 10.906516224000029]]], [[[121.06687377700007, 10.907999898000071], [121.00463701400008, 10.856839982000054], [121.07990477100009, 10.895248637000066], [121.06687377700007, 10.907999898000071]]], [[[123.50889475400004, 10.909718209000062], [123.50889475400004, 10.909718209000062]]], [[[121.01620533800008, 10.910735873000021], [121.01620533800008, 10.910735873000021]]], [[[119.50285922500007, 10.91365501200005], [119.50285922500007, 10.91365501200005]]], [[[121.0375845860001, 10.916027992000068], [121.0375845860001, 10.916027992000068]]], [[[119.2948778220001, 10.926026083000068], [119.2948778220001, 10.926026083000068]]], [[[119.3537627610001, 10.930592900000022], [119.3537627610001, 10.930592900000022]]], [[[125.83484388400007, 10.93169756900005], [125.83484388400007, 10.93169756900005]]], [[[119.34355746800009, 10.935933430000034], [119.34355746800009, 10.935933430000034]]], [[[119.35361904700005, 10.937803759000076], [119.35361904700005, 10.937803759000076]]], [[[123.503817163, 10.938127241000075], [123.503817163, 10.938127241000075]]], [[[119.34019713100008, 10.938911233000056], [119.34019713100008, 10.938911233000056]]], [[[125.8313462640001, 10.939562889000058], [125.8313462640001, 10.939562889000058]]], [[[123.40020292600002, 10.944533569000043], [123.40020292600002, 10.944533569000043]]], [[[123.39954167500002, 10.949714507000067], [123.39954167500002, 10.949714507000067]]], [[[123.454000887, 10.952469675000032], [123.454000887, 10.952469675000032]]], [[[123.57014255500007, 10.953080499000066], [123.57014255500007, 10.953080499000066]]], [[[123.56845186500004, 10.95384866300003], [123.56845186500004, 10.95384866300003]]], [[[123.56364943200003, 10.954330691000052], [123.56364943200003, 10.954330691000052]]], [[[123.39641868700005, 10.95567019200007], [123.39641868700005, 10.95567019200007]]], [[[121.23253500100009, 10.959425724000027], [121.23253500100009, 10.959425724000027]]], [[[119.71419937900009, 10.963219164000066], [119.71419937900009, 10.963219164000066]]], [[[119.61330631300007, 10.963207125000054], [119.61330631300007, 10.963207125000054]]], [[[123.54281995800011, 10.968353015000048], [123.54281995800011, 10.968353015000048]]], [[[123.54475868200007, 10.970666860000051], [123.54475868200007, 10.970666860000051]]], [[[120.723918894, 10.971570295000049], [120.723918894, 10.971570295000049]]], [[[119.52925716400011, 10.973817876000055], [119.52925716400011, 10.973817876000055]]], [[[123.54133111300007, 10.978961088000062], [123.54133111300007, 10.978961088000062]]], [[[121.21718262900004, 10.980083414000035], [121.21718262900004, 10.980083414000035]]], [[[119.57348795400003, 10.98223063000006], [119.57348795400003, 10.98223063000006]]], [[[119.63694714300004, 10.990741856000056], [119.63694714300004, 10.990741856000056]]], [[[120.94945859600011, 10.99851134100004], [120.94945859600011, 10.99851134100004]]], [[[121.09872050800004, 11.000120953000021], [121.09872050800004, 11.000120953000021]]], [[[123.20098259100007, 11.002791339000055], [123.12479328900008, 10.965727067000046], [123.06120123900007, 10.915333916000066], [122.982101983, 10.901902199000062], [122.95123416100012, 10.824957351000023], [122.96013072700009, 10.745107061000056], [122.9326841830001, 10.668956097000034], [122.89998004000006, 10.594994434000057], [122.83202013100004, 10.552274977000025], [122.8229887230001, 10.465474168000071], [122.86035979400003, 10.391049962000068], [122.84976938500006, 10.311376471000074], [122.83836001300006, 10.228768605000027], [122.86218179900004, 10.141725282000039], [122.82673355500003, 10.066708352000035], [122.74713233900002, 10.04268139900006], [122.66070431300011, 9.977045273000044], [122.57926082900008, 9.97931724700004], [122.49076437800011, 9.980730761000075], [122.44097991000001, 9.916203050000036], [122.38672704700002, 9.846457822000048], [122.39894722200006, 9.763991059000034], [122.40701084900002, 9.680355967000025], [122.4660280710001, 9.624433199000066], [122.50689332500008, 9.550131889000056], [122.55192588600005, 9.474784055000043], [122.61292387100002, 9.420093487000031], [122.68884014200012, 9.381967337000049], [122.7831652860001, 9.366313009000066], [122.85771137600011, 9.331776750000074], [122.8712368890001, 9.251920574000053], [122.89870949400006, 9.166774450000048], [122.93352502800008, 9.094583726000053], [123.00455326100007, 9.04314996200003], [123.09399339300012, 9.063413582000067], [123.17551110200009, 9.087016045000041], [123.24136477900004, 9.150449576000028], [123.28973687100006, 9.227878075000035], [123.30924649200006, 9.311338850000027], [123.26009915700001, 9.38191785600003], [123.23168921700005, 9.459123462000036], [123.16283587200007, 9.53269702700004], [123.1266535960001, 9.60961056900004], [123.15152125100008, 9.685735820000048], [123.14447967800004, 9.768305266000027], [123.14276039600009, 9.851743182000064], [123.17931214000009, 9.929393653000034], [123.22820582400004, 10.003779055000052], [123.25876122800003, 10.08056848900003], [123.28063454700009, 10.16252624200007], [123.31871872300007, 10.236697960000072], [123.32890995200012, 10.321084022000036], [123.34523665000006, 10.400258676000021], [123.393602353, 10.464279161000036], [123.45527114300012, 10.517525867000074], [123.48511391800002, 10.592251181000051], [123.50284805800004, 10.670628183000076], [123.53201263400001, 10.746879097000033], [123.560702278, 10.825684318000071], [123.51766884400001, 10.894493865000072], [123.45028911300005, 10.93779175700007], [123.37314997200008, 10.961160006000057], [123.2727131910001, 10.978104963000021], [123.20098259100007, 11.002791339000055]]], [[[120.77248792600005, 11.005481917000054], [120.77248792600005, 11.005481917000054]]], [[[125.62767572200005, 11.005852186000027], [125.62767572200005, 11.005852186000027]]], [[[119.69575757300004, 11.007628513000043], [119.69575757300004, 11.007628513000043]]], [[[125.64331946200002, 11.008402476000072], [125.64331946200002, 11.008402476000072]]], [[[120.82843846900005, 11.01354837200006], [120.82843846900005, 11.01354837200006]]], [[[119.35452258600003, 11.014918611000041], [119.35452258600003, 11.014918611000041]]], [[[125.74685663900004, 11.016476762000025], [125.74685663900004, 11.016476762000025]]], [[[119.59323850600003, 11.012836200000038], [119.59323850600003, 11.012836200000038]]], [[[119.33482766400004, 11.017412716000024], [119.33482766400004, 11.017412716000024]]], [[[119.30640820400004, 11.021852499000033], [119.30640820400004, 11.021852499000033]]], [[[119.2915019300001, 11.02299570300005], [119.2915019300001, 11.02299570300005]]], [[[119.66532691400005, 11.027172113000063], [119.66532691400005, 11.027172113000063]]], [[[125.69384027600006, 11.02890732800006], [125.69384027600006, 11.02890732800006]]], [[[119.73100162700007, 11.03025790700002], [119.73100162700007, 11.03025790700002]]], [[[123.58994343000006, 11.034461184000065], [123.58994343000006, 11.034461184000065]]], [[[121.14116836500011, 11.037097273000029], [121.14116836500011, 11.037097273000029]]], [[[123.603027988, 11.037564413000041], [123.603027988, 11.037564413000041]]], [[[120.86792700900003, 11.042883252000024], [120.86792700900003, 11.042883252000024]]], [[[123.19713030600008, 11.044568200000072], [123.19713030600008, 11.044568200000072]]], [[[119.30516965000004, 11.04911091100007], [119.30516965000004, 11.04911091100007]]], [[[114.28839997700004, 11.053735533000065], [114.28839997700004, 11.053735533000065]]], [[[119.70814201000007, 11.057499886000073], [119.70814201000007, 11.057499886000073]]], [[[123.63498383800004, 11.060676774000058], [123.63498383800004, 11.060676774000058]]], [[[119.37255825300008, 11.069827708000048], [119.37255825300008, 11.069827708000048]]], [[[119.62104003900004, 11.070151202000034], [119.62104003900004, 11.070151202000034]]], [[[119.68450696900004, 11.072104945000035], [119.68450696900004, 11.072104945000035]]], [[[123.01329148000002, 11.078642609000042], [123.01329148000002, 11.078642609000042]]], [[[119.72915498400005, 11.07893477600004], [119.72915498400005, 11.07893477600004]]], [[[123.02293658100007, 11.08130764200007], [123.02293658100007, 11.08130764200007]]], [[[119.67443488600009, 11.091257290000044], [119.67443488600009, 11.091257290000044]]], [[[123.64752543700001, 11.093111179000061], [123.64752543700001, 11.093111179000061]]], [[[120.94977701900007, 11.095294909000074], [120.94977701900007, 11.095294909000074]]], [[[123.1540192440001, 11.097371244000044], [123.1540192440001, 11.097371244000044]]], [[[119.392306415, 11.098549238000032], [119.392306415, 11.098549238000032]]], [[[119.58496897100008, 11.100130372000024], [119.596497354, 11.01990029700005], [119.58496897100008, 11.100130372000024]]], [[[119.3570265510001, 11.100298661000068], [119.3570265510001, 11.100298661000068]]], [[[119.59953845700011, 11.098858035000035], [119.59953845700011, 11.098858035000035]]], [[[120.69489228300006, 11.105368180000028], [120.69489228300006, 11.105368180000028]]], [[[123.67081368900006, 11.105923408000024], [123.67081368900006, 11.105923408000024]]], [[[119.40610167700004, 11.107608233000065], [119.40610167700004, 11.107608233000065]]], [[[119.60941485100011, 11.10816544000005], [119.60941485100011, 11.10816544000005]]], [[[119.30585533900012, 11.109645072000035], [119.30585533900012, 11.109645072000035]]], [[[119.54110432100003, 11.111922958000036], [119.54110432100003, 11.111922958000036]]], [[[119.3302386360001, 11.11892417000007], [119.3302386360001, 11.11892417000007]]], [[[119.75201683600005, 11.119838901000037], [119.75201683600005, 11.119838901000037]]], [[[119.70000078800001, 11.123747928000057], [119.70000078800001, 11.123747928000057]]], [[[119.39093494500003, 11.12485840100004], [119.39093494500003, 11.12485840100004]]], [[[119.68776960900004, 11.123053654000046], [119.68776960900004, 11.123053654000046]]], [[[119.25530605900008, 11.126209250000045], [119.25530605900008, 11.126209250000045]]], [[[121.14375385300002, 11.126772427000049], [121.14375385300002, 11.126772427000049]]], [[[123.7021979000001, 11.128280348000033], [123.7021979000001, 11.128280348000033]]], [[[119.66035087300008, 11.12794798300007], [119.66035087300008, 11.12794798300007]]], [[[119.33126102000006, 11.131506269000056], [119.33126102000006, 11.131506269000056]]], [[[123.04780822200007, 11.134621103000029], [123.04780822200007, 11.134621103000029]]], [[[123.69784354, 11.135086064000063], [123.69784354, 11.135086064000063]]], [[[123.720471072, 11.135700727000028], [123.720471072, 11.135700727000028]]], [[[119.31943456700003, 11.137266428000032], [119.31943456700003, 11.137266428000032]]], [[[119.6569046830001, 11.139400685000055], [119.6569046830001, 11.139400685000055]]], [[[119.24908447200005, 11.12689209000007], [119.24908447200005, 11.12689209000007]]], [[[119.318079796, 11.14012634200003], [119.318079796, 11.14012634200003]]], [[[123.70244621900008, 11.141772368000034], [123.70244621900008, 11.141772368000034]]], [[[119.66773934900004, 11.141615083000033], [119.66773934900004, 11.141615083000033]]], [[[123.70027357400011, 11.14473472800006], [123.70027357400011, 11.14473472800006]]], [[[119.55702781100001, 11.144116105000023], [119.55702781100001, 11.144116105000023]]], [[[119.390162228, 11.146418690000075], [119.390162228, 11.146418690000075]]], [[[123.04857868300007, 11.142496650000055], [123.04857868300007, 11.142496650000055]]], [[[123.70629356900008, 11.149005266000074], [123.70629356900008, 11.149005266000074]]], [[[123.64354070800005, 11.149615587000028], [123.64354070800005, 11.149615587000028]]], [[[123.14504718400008, 11.15431129600006], [123.14504718400008, 11.15431129600006]]], [[[119.69684424200011, 11.158238178000033], [119.69684424200011, 11.158238178000033]]], [[[119.3199266470001, 11.159263923000026], [119.3199266470001, 11.159263923000026]]], [[[119.54020591400001, 11.168734366000024], [119.54020591400001, 11.168734366000024]]], [[[119.65091785600009, 11.167057563000071], [119.65091785600009, 11.167057563000071]]], [[[120.97864360400001, 11.173845162000077], [120.97864360400001, 11.173845162000077]]], [[[119.67077805600002, 11.174157158000071], [119.67077805600002, 11.174157158000071]]], [[[119.54927693200011, 11.173826090000034], [119.54927693200011, 11.173826090000034]]], [[[123.16978854100012, 11.180145180000068], [123.16978854100012, 11.180145180000068]]], [[[123.17766032100008, 11.187878248000061], [123.17766032100008, 11.187878248000061]]], [[[123.15899452400004, 11.187175012000068], [123.15899452400004, 11.187175012000068]]], [[[119.67608474800011, 11.190154179000046], [119.67608474800011, 11.190154179000046]]], [[[123.92290425100009, 11.195330648000038], [123.92290425100009, 11.195330648000038]]], [[[119.5987259740001, 11.196637718000034], [119.5987259740001, 11.196637718000034]]], [[[123.33822044200008, 11.203001482000047], [123.33822044200008, 11.203001482000047]]], [[[119.33696592600006, 11.20780022200006], [119.33696592600006, 11.20780022200006]]], [[[119.37984427200001, 11.210303983000074], [119.37984427200001, 11.210303983000074]]], [[[120.68785135900009, 11.213035923000064], [120.68785135900009, 11.213035923000064]]], [[[119.274605199, 11.213173684000026], [119.274605199, 11.213173684000026]]], [[[123.82042083600004, 11.215107277000072], [123.82042083600004, 11.215107277000072]]], [[[119.29216697600009, 11.216597788000058], [119.29216697600009, 11.216597788000058]]], [[[120.75328584400006, 11.219103161000021], [120.75328584400006, 11.219103161000021]]], [[[123.79129035400001, 11.220092564000026], [123.79129035400001, 11.220092564000026]]], [[[123.16699863400004, 11.22311217400005], [123.16699863400004, 11.22311217400005]]], [[[119.25921472000005, 11.226420522000069], [119.25921472000005, 11.226420522000069]]], [[[123.19693000100006, 11.22803574300002], [123.19693000100006, 11.22803574300002]]], [[[121.066211339, 11.22985299000004], [121.066211339, 11.22985299000004]]], [[[123.16018010900007, 11.23448974400003], [123.16018010900007, 11.23448974400003]]], [[[120.27248675700002, 11.239468886000054], [120.27248675700002, 11.239468886000054]]], [[[120.85245447900002, 11.24141159900006], [120.85245447900002, 11.24141159900006]]], [[[119.3475004280001, 11.247065373000055], [119.3475004280001, 11.247065373000055]]], [[[119.68193414000007, 11.247527177000052], [119.68193414000007, 11.247527177000052]]], [[[123.21570988500002, 11.249687867000034], [123.21570988500002, 11.249687867000034]]], [[[120.9365918630001, 11.257996927000022], [120.9365918630001, 11.257996927000022]]], [[[119.71433708100005, 11.257295553000063], [119.71433708100005, 11.257295553000063]]], [[[119.69565065800009, 11.25975515700003], [119.69565065800009, 11.25975515700003]]], [[[119.62801687100011, 11.263156987000059], [119.62801687100011, 11.263156987000059]]], [[[123.17692011300005, 11.264694235000036], [123.17692011300005, 11.264694235000036]]], [[[123.10431842800006, 11.267372086000023], [123.10431842800006, 11.267372086000023]]], [[[119.35014191000005, 11.272276420000026], [119.35014191000005, 11.272276420000026]]], [[[119.34332745900008, 11.274985078000043], [119.34332745900008, 11.274985078000043]]], [[[124.06353364600011, 11.285703472000023], [123.99568129400006, 11.23861422400006], [123.94193203600003, 11.160837576000063], [123.96820503800006, 11.081220003000055], [123.90125956500003, 11.034198496000045], [123.92147217000002, 10.949761587000069], [123.88466234900011, 10.878528591000077], [123.85158487400008, 10.79707888200005], [123.80001548900009, 10.721348419000037], [123.75862419200007, 10.650269512000023], [123.72570613200003, 10.571286671000053], [123.70167738200007, 10.484629992000066], [123.66198267400011, 10.410629761000052], [123.59281402200008, 10.348631258000069], [123.58279648900009, 10.263939135000044], [123.53236655, 10.20089421800003], [123.49662408000006, 10.129287944000055], [123.44640394500004, 10.065373639000029], [123.40141736900011, 9.990148077000072], [123.40238115000011, 9.905005346000053], [123.37123838200012, 9.828783311000052], [123.34217645000001, 9.75201332100005], [123.3240318070001, 9.660880344000077], [123.31655577300012, 9.58013745900007], [123.298337521, 9.499939862000076], [123.30027444900009, 9.418495793000034], [123.37650317100008, 9.454027333000056], [123.42829285000005, 9.51745058900002], [123.472336, 9.593823001000032], [123.50301500000012, 9.671758999000076], [123.52229050400001, 9.750558001000059], [123.5614250970001, 9.823698817000036], [123.610388, 9.887577001000068], [123.62205815200002, 9.971288446000074], [123.62962556500008, 10.053122958000074], [123.6836493730001, 10.114119132000042], [123.73461215700002, 10.180783950000034], [123.79360888600002, 10.236018639000065], [123.87238804200001, 10.26056513800006], [123.94086584000001, 10.321941757000047], [124.0062592060001, 10.368052090000049], [124.01437098400004, 10.453117047000035], [124.02959517900001, 10.536183021000056], [124.0279451880001, 10.616767062000065], [124.01198701800001, 10.700568729000054], [124.0290395720001, 10.782502911000051], [124.04272449000007, 10.862050357000044], [124.03125606100002, 10.944918536000046], [124.03961697500006, 11.031317040000033], [124.0000956450001, 11.10248395700006], [124.03556105200005, 11.175426549000065], [124.07023457200012, 11.255641161000028], [124.06353364600011, 11.285703472000023]]], [[[120.23414186500008, 11.295527924000055], [120.23414186500008, 11.295527924000055]]], [[[123.73299986200004, 11.299457373000052], [123.68798610100009, 11.225499525000032], [123.72639291400003, 11.154765592000047], [123.80800376000002, 11.15182696100004], [123.76597406600001, 11.226005343000054], [123.73299986200004, 11.299457373000052]]], [[[124.06333160100007, 11.306851547000065], [124.06333160100007, 11.306851547000065]]], [[[123.15161965100003, 11.309573218000025], [123.15161965100003, 11.309573218000025]]], [[[123.16132519100006, 11.312650741000027], [123.16132519100006, 11.312650741000027]]], [[[123.17608380100012, 11.319845599000075], [123.17608380100012, 11.319845599000075]]], [[[120.68862931900003, 11.320567012000026], [120.68862931900003, 11.320567012000026]]], [[[119.6903665210001, 11.32562673600006], [119.6903665210001, 11.32562673600006]]], [[[119.5472327540001, 11.343370915000037], [119.5472327540001, 11.343370915000037]]], [[[124.11682829900008, 11.347983767000073], [124.11682829900008, 11.347983767000073]]], [[[119.70056526600001, 11.350915046000068], [119.70056526600001, 11.350915046000068]]], [[[123.89718544400012, 11.352787874000057], [123.89718544400012, 11.352787874000057]]], [[[120.73092123200001, 11.356810931000041], [120.73092123200001, 11.356810931000041]]], [[[119.4172265410001, 11.367336781000063], [119.4172265410001, 11.367336781000063]]], [[[119.53636521500005, 11.374978944000077], [119.53636521500005, 11.374978944000077]]], [[[123.16170287800003, 11.388325485000053], [123.16170287800003, 11.388325485000053]]], [[[120.08985885600009, 11.392219754000052], [120.08985885600009, 11.392219754000052]]], [[[119.4551988390001, 11.392345638000052], [119.4551988390001, 11.392345638000052]]], [[[119.80727166400004, 11.392612672000041], [119.80727166400004, 11.392612672000041]]], [[[119.66605783400007, 11.399478438000074], [119.66605783400007, 11.399478438000074]]], [[[119.51486647600007, 11.40304246200003], [119.51486647600007, 11.40304246200003]]], [[[120.82207348000009, 11.40353445900007], [120.82207348000009, 11.40353445900007]]], [[[120.14030627500006, 11.412024787000064], [120.14030627500006, 11.412024787000064]]], [[[123.14222731600012, 11.41346817300007], [123.14222731600012, 11.41346817300007]]], [[[119.72188150300008, 11.41426113500006], [119.72188150300008, 11.41426113500006]]], [[[122.02448243000003, 11.41704300300006], [122.02448243000003, 11.41704300300006]]], [[[119.467851934, 11.425229239000032], [119.467851934, 11.425229239000032]]], [[[119.47685016300011, 11.425364440000067], [119.45144905500001, 11.348011561000021], [119.41844551100007, 11.269740917000036], [119.3970994020001, 11.191445628000054], [119.42381909000005, 11.112841656000057], [119.41052829300008, 11.031239494000033], [119.34541636200004, 11.082563331000074], [119.35789724800009, 10.998649663000037], [119.34925610000005, 10.918947335000041], [119.41636733000007, 10.869586018000064], [119.4444466440001, 10.784710030000042], [119.36382997100009, 10.797904190000054], [119.29290136800012, 10.844816280000032], [119.27588934500011, 10.923207914000045], [119.23386568100011, 10.853603650000025], [119.268828557, 10.780227460000049], [119.34266719200002, 10.735804763000033], [119.32799610200004, 10.655667934000064], [119.30585995000001, 10.574338978000071], [119.23019546500007, 10.54765081000005], [119.21681054600003, 10.468408964000048], [119.15856072800011, 10.410591661000069], [119.10240784200005, 10.467968300000052], [119.0694414940001, 10.394857634000061], [118.98670274800008, 10.407121332000031], [119.00119097900006, 10.32719886600006], [118.93201339200004, 10.286280917000056], [118.93525301800003, 10.205284376000066], [118.85443752700007, 10.205612562000056], [118.8136386430001, 10.134169287000077], [118.80647575900002, 10.051868188000071], [118.76606252400006, 10.129012588000023], [118.72529400700012, 10.059316565000074], [118.66331711600003, 10.006047139000032], [118.6352486400001, 9.928203189000044], [118.59024752000005, 9.857494915000075], [118.53572667500009, 9.796655722000025], [118.48062981600003, 9.736155948000032], [118.40914953900005, 9.686928297000065], [118.3359727080001, 9.641654156000072], [118.29806608900003, 9.563708313000063], [118.24276821400008, 9.501445456000056], [118.18900853200012, 9.43884042700006], [118.12637337100011, 9.381535535000069], [118.07344072800004, 9.312179588000049], [118.01904656700003, 9.243178487000023], [117.93602882500011, 9.255120666000039], [117.86550204500008, 9.213941832000046], [117.78805316300009, 9.176025429000049], [117.75873300700005, 9.090719973000034], [117.68015646900005, 9.069887754000035], [117.62325226400003, 9.004546558000072], [117.55580922800004, 8.95756693800007], [117.49937398600002, 8.893494920000023], [117.45457098200006, 8.82076309100006], [117.409443226, 8.750968416000035], [117.34107826200011, 8.70741348000007], [117.28790250700001, 8.645809643000064], [117.25815885200007, 8.571448703000044], [117.21428845600008, 8.501541412000051], [117.20355512000003, 8.41357049100003], [117.18187861900003, 8.332586315000071], [117.2488358280001, 8.38375336100006], [117.31206389700003, 8.440375320000044], [117.37214781400007, 8.493883021000045], [117.45242537500008, 8.500025332000064], [117.52792602000011, 8.55634260200003], [117.53508854600011, 8.64321416200005], [117.62002703900009, 8.658901485000058], [117.70316247300002, 8.686522062000051], [117.77935209600003, 8.71418490800005], [117.84266852400003, 8.776753169000074], [117.90788191800004, 8.843055881000055], [117.98459990100002, 8.875667639000028], [118.03080878100002, 8.946635539000056], [118.08086658400009, 9.014326547000053], [118.10599937300003, 9.092764155000054], [118.16591163800001, 9.14990946200004], [118.24467415400011, 9.164953045000061], [118.32534864800004, 9.176798076000068], [118.38856586100007, 9.226013477000038], [118.45455319300004, 9.293986274000076], [118.52120120000006, 9.34692118700002], [118.56174298300004, 9.42299005500007], [118.61526801200012, 9.487950890000036], [118.65817650500003, 9.557036121000067], [118.71578549800006, 9.622306389000073], [118.76129856700004, 9.688373074000026], [118.6959713440001, 9.736369947000071], [118.7719580810001, 9.767922346000034], [118.74618766600008, 9.84383992100004], [118.75168266100002, 9.92370997100005], [118.8307481810001, 9.947904592000043], [118.90926171700005, 9.975748366000062], [118.98781086200006, 9.99175669400006], [119.06684770900006, 10.013000583000064], [119.14698617200008, 10.02599200900005], [119.21614630900001, 10.074231174000033], [119.23003063500005, 10.15587517800003], [119.25810558600006, 10.233017807000067], [119.3118171640001, 10.29778334200006], [119.37749880000001, 10.345515421000073], [119.45520212000008, 10.373105402000022], [119.53580194000006, 10.369555650000052], [119.59722608800007, 10.422890692000067], [119.66688650900005, 10.480975538000052], [119.66599542800009, 10.561380386000053], [119.63882715800003, 10.636833893000073], [119.5848872040001, 10.696745835000058], [119.58087973600004, 10.777837032000036], [119.5166585500001, 10.82893651300003], [119.4946972570001, 10.906804844000021], [119.49266304500009, 10.990507414000035], [119.566258747, 11.024807507000048], [119.52520865800011, 11.09367386200006], [119.53819368800009, 11.17446132300006], [119.56289112200011, 11.257583961000023], [119.55418891000011, 11.338489260000074], [119.50257308500011, 11.408396552000056], [119.47685016300011, 11.425364440000067]]], [[[119.70584526300001, 11.427555384000073], [119.70584526300001, 11.427555384000073]]], [[[120.82538597300004, 11.427125570000044], [120.82538597300004, 11.427125570000044]]], [[[120.17933202100005, 11.430958943000064], [120.17933202100005, 11.430958943000064]]], [[[120.75754050900002, 11.430834889000039], [120.75754050900002, 11.430834889000039]]], [[[119.64204393700004, 11.435386812000047], [119.64204393700004, 11.435386812000047]]], [[[120.81113707300005, 11.436616296000068], [120.81113707300005, 11.436616296000068]]], [[[123.17451371600009, 11.438079081000069], [123.17451371600009, 11.438079081000069]]], [[[123.15854390800007, 11.438304157000061], [123.15854390800007, 11.438304157000061]]], [[[119.70798943200009, 11.43830740200002], [119.70798943200009, 11.43830740200002]]], [[[123.18663191100006, 11.439298804000032], [123.18663191100006, 11.439298804000032]]], [[[119.71883310700002, 11.444752248000043], [119.71883310700002, 11.444752248000043]]], [[[119.49914253300005, 11.444983333000039], [119.49914253300005, 11.444983333000039]]], [[[120.7680674930001, 11.446270850000076], [120.7680674930001, 11.446270850000076]]], [[[120.83045451700002, 11.44997767700005], [120.83045451700002, 11.44997767700005]]], [[[119.64416945300002, 11.453980714000068], [119.64416945300002, 11.453980714000068]]], [[[123.28438654000001, 11.458378312000036], [123.28438654000001, 11.458378312000036]]], [[[120.80814278100002, 11.459111326000027], [120.80814278100002, 11.459111326000027]]], [[[120.18490784200003, 11.463403189000076], [120.18490784200003, 11.463403189000076]]], [[[120.81358060500008, 11.464312015000075], [120.81358060500008, 11.464312015000075]]], [[[123.25098151000009, 11.466130501000066], [123.25098151000009, 11.466130501000066]]], [[[123.17117664500006, 11.466196773000036], [123.17117664500006, 11.466196773000036]]], [[[119.66152033600008, 11.468544946000065], [119.66152033600008, 11.468544946000065]]], [[[119.88549804700006, 11.470886231000065], [119.88549804700006, 11.470886231000065]]], [[[119.75725258500006, 11.472038455000074], [119.75725258500006, 11.472038455000074]]], [[[123.18923745600011, 11.475315763000026], [123.18923745600011, 11.475315763000026]]], [[[119.71148880600003, 11.477742187000047], [119.71148880600003, 11.477742187000047]]], [[[121.92588643600004, 11.479078378000054], [121.92588643600004, 11.479078378000054]]], [[[119.71243172900006, 11.479307964000043], [119.71243172900006, 11.479307964000043]]], [[[119.87244634800004, 11.479973312000027], [119.87244634800004, 11.479973312000027]]], [[[119.65451275100008, 11.48109749200006], [119.65451275100008, 11.48109749200006]]], [[[119.72751398800006, 11.48292531800007], [119.72751398800006, 11.48292531800007]]], [[[119.65153474400006, 11.484785393000038], [119.65153474400006, 11.484785393000038]]], [[[119.87529436500006, 11.48738933900006], [119.87529436500006, 11.48738933900006]]], [[[123.25651419700012, 11.48838315100005], [123.25651419700012, 11.48838315100005]]], [[[119.67245853400004, 11.488488327000027], [119.67245853400004, 11.488488327000027]]], [[[119.84151717500004, 11.48920998400007], [119.84151717500004, 11.48920998400007]]], [[[119.9285278320001, 11.49212646500007], [119.9285278320001, 11.49212646500007]]], [[[119.83897573700006, 11.49363676300004], [119.83897573700006, 11.49363676300004]]], [[[123.18569223500003, 11.493560676000072], [123.18569223500003, 11.493560676000072]]], [[[123.19078320100004, 11.493877593000036], [123.19078320100004, 11.493877593000036]]], [[[123.17741111100008, 11.497886852000022], [123.17741111100008, 11.497886852000022]]], [[[119.89519991300006, 11.505417290000025], [119.89519991300006, 11.505417290000025]]], [[[119.67124459600007, 11.515408078000064], [119.67124459600007, 11.515408078000064]]], [[[123.229012151, 11.515967899000032], [123.229012151, 11.515967899000032]]], [[[123.12424847000011, 11.518923907000044], [123.12424847000011, 11.518923907000044]]], [[[119.81494800500002, 11.519309412000041], [119.76680909100003, 11.454234676000056], [119.81490880900003, 11.388189749000048], [119.86961777500005, 11.452821357000062], [119.81494800500002, 11.519309412000041]]], [[[124.09385581600009, 11.52330964400005], [124.09385581600009, 11.52330964400005]]], [[[119.88346562700008, 11.534294886000055], [119.88346562700008, 11.534294886000055]]], [[[123.1877501140001, 11.53775593100005], [123.1877501140001, 11.53775593100005]]], [[[119.91326771600006, 11.538829967000026], [119.91326771600006, 11.538829967000026]]], [[[123.1967409230001, 11.539942077000035], [123.1967409230001, 11.539942077000035]]], [[[119.83912610200002, 11.544859630000076], [119.83912610200002, 11.544859630000076]]], [[[119.80597114500006, 11.547794590000024], [119.80597114500006, 11.547794590000024]]], [[[119.87533753500009, 11.552568275000056], [119.87533753500009, 11.552568275000056]]], [[[119.8965761830001, 11.555804533000071], [119.8965761830001, 11.555804533000071]]], [[[119.8523231160001, 11.556542542000045], [119.8523231160001, 11.556542542000045]]], [[[119.88819079600012, 11.559086570000034], [119.88819079600012, 11.559086570000034]]], [[[123.34570831000008, 11.554522621000046], [123.34570831000008, 11.554522621000046]]], [[[123.2373726510001, 11.560690733000058], [123.2373726510001, 11.560690733000058]]], [[[119.86796008800002, 11.565822973000024], [119.86796008800002, 11.565822973000024]]], [[[123.34902373700004, 11.569876448000059], [123.34902373700004, 11.569876448000059]]], [[[123.36059093300003, 11.57282918900006], [123.36059093300003, 11.57282918900006]]], [[[119.91589701400005, 11.577183070000046], [119.91589701400005, 11.577183070000046]]], [[[119.93064459900006, 11.588319894000051], [119.93064459900006, 11.588319894000051]]], [[[123.28102140500005, 11.576202495000075], [123.28102140500005, 11.576202495000075]]], [[[123.21028098500005, 11.593093340000053], [123.21028098500005, 11.593093340000053]]], [[[123.35679877500002, 11.599651123000058], [123.35679877500002, 11.599651123000058]]], [[[121.68614466400004, 11.608530939000048], [121.68614466400004, 11.608530939000048]]], [[[119.85698702600007, 11.608778220000033], [119.85698702600007, 11.608778220000033]]], [[[119.91417027800003, 11.609844554000063], [119.91417027800003, 11.609844554000063]]], [[[122.43831121700009, 11.616457430000025], [122.43831121700009, 11.616457430000025]]], [[[122.43119635100004, 11.62532691000007], [122.43119635100004, 11.62532691000007]]], [[[122.7443888250001, 11.625044808000041], [122.7443888250001, 11.625044808000041]]], [[[122.41703593700004, 11.630473713000072], [122.41703593700004, 11.630473713000072]]], [[[122.42079726600002, 11.63458706700004], [122.42079726600002, 11.63458706700004]]], [[[123.35794147500008, 11.63871290000003], [123.35794147500008, 11.63871290000003]]], [[[122.83592517900001, 11.645279892000076], [122.83592517900001, 11.645279892000076]]], [[[122.40479636300006, 11.64533761000007], [122.40479636300006, 11.64533761000007]]], [[[122.42716352800005, 11.650678661000029], [122.42716352800005, 11.650678661000029]]], [[[122.41490747600005, 11.654771427000071], [122.41490747600005, 11.654771427000071]]], [[[119.95393719200001, 11.657218723000028], [119.95393719200001, 11.657218723000028]]], [[[119.96244908500012, 11.660796319000042], [119.96244908500012, 11.660796319000042]]], [[[120.10824462500011, 11.664713243000051], [120.10824462500011, 11.664713243000051]]], [[[120.13723063600003, 11.680230355000049], [120.13723063600003, 11.680230355000049]]], [[[120.02126292100002, 11.687518032000071], [120.02126292100002, 11.687518032000071]]], [[[120.03954031800004, 11.68800999900003], [120.03954031800004, 11.68800999900003]]], [[[120.14929587900008, 11.69245201800004], [120.14929587900008, 11.69245201800004]]], [[[120.20455307800012, 11.706274135000058], [120.20455307800012, 11.706274135000058]]], [[[119.97669994900002, 11.718559768000034], [119.97669994900002, 11.718559768000034]]], [[[120.15572589700002, 11.729600806000064], [120.15572589700002, 11.729600806000064]]], [[[122.9882253830001, 11.730793677000065], [122.9882253830001, 11.730793677000065]]], [[[119.95258081800011, 11.73575635900005], [119.95258081800011, 11.73575635900005]]], [[[120.17506502100002, 11.738513667000063], [120.17506502100002, 11.738513667000063]]], [[[120.10112872800005, 11.741296656000031], [120.10112872800005, 11.741296656000031]]], [[[119.93239961800009, 11.747824841000067], [119.93239961800009, 11.747824841000067]]], [[[119.96258401700004, 11.75547754400003], [119.96258401700004, 11.75547754400003]]], [[[123.024047601, 11.758962953000037], [123.024047601, 11.758962953000037]]], [[[120.08506673600004, 11.764706262000061], [120.08506673600004, 11.764706262000061]]], [[[119.96524647800004, 11.768486520000067], [119.96524647800004, 11.768486520000067]]], [[[120.22466768800007, 11.769800560000022], [120.22466768800007, 11.769800560000022]]], [[[120.12639665400002, 11.771972387000062], [120.12639665400002, 11.771972387000062]]], [[[120.06514873700007, 11.774482416000069], [120.06514873700007, 11.774482416000069]]], [[[119.9669861650001, 11.780561403000036], [119.9669861650001, 11.780561403000036]]], [[[120.08296372600012, 11.781896938000045], [120.08296372600012, 11.781896938000045]]], [[[120.17484008000008, 11.783699399000056], [120.17484008000008, 11.783699399000056]]], [[[119.97616331000006, 11.78383679600006], [119.97616331000006, 11.78383679600006]]], [[[119.98046541200006, 11.784140165000053], [119.98046541200006, 11.784140165000053]]], [[[119.98516911600007, 11.784335201000033], [119.98516911600007, 11.784335201000033]]], [[[119.98092854200002, 11.789151348000075], [119.98092854200002, 11.789151348000075]]], [[[120.11494975000005, 11.793848316000037], [120.11494975000005, 11.793848316000037]]], [[[120.05069998200008, 11.813925634000043], [120.05069998200008, 11.813925634000043]]], [[[120.12233497700004, 11.817526540000074], [120.12233497700004, 11.817526540000074]]], [[[123.91053903900001, 11.81879493100007], [123.91053903900001, 11.81879493100007]]], [[[123.84616615200002, 11.819191403000048], [123.84616615200002, 11.819191403000048]]], [[[120.06469418300003, 11.81844280100006], [120.06469418300003, 11.81844280100006]]], [[[120.0462596430001, 11.823183039000071], [120.0462596430001, 11.823183039000071]]], [[[120.12747072800005, 11.824621599000068], [120.12747072800005, 11.824621599000068]]], [[[120.0477477720001, 11.82596009200006], [120.0477477720001, 11.82596009200006]]], [[[120.05202326400001, 11.826665278000064], [120.05202326400001, 11.826665278000064]]], [[[120.0542125400001, 11.83318061600005], [120.0542125400001, 11.83318061600005]]], [[[124.10234041500007, 11.836300039000037], [124.10234041500007, 11.836300039000037]]], [[[120.11314411100011, 11.843371528000034], [120.11314411100011, 11.843371528000034]]], [[[120.31930938500011, 11.845509402000062], [120.31930938500011, 11.845509402000062]]], [[[120.31724205000012, 11.85076155300004], [120.31724205000012, 11.85076155300004]]], [[[120.07238993100009, 11.851293799000075], [120.07238993100009, 11.851293799000075]]], [[[121.32259290000002, 11.856100799000046], [121.32259290000002, 11.856100799000046]]], [[[123.76770703000011, 11.859260969000047], [123.76770703000011, 11.859260969000047]]], [[[121.31613605700011, 11.86142438500002], [121.31613605700011, 11.86142438500002]]], [[[123.13538068300011, 11.861503957000025], [123.13538068300011, 11.861503957000025]]], [[[121.28730921800002, 11.865326104000076], [121.28730921800002, 11.865326104000076]]], [[[120.07981837600005, 11.868905372000029], [120.07981837600005, 11.868905372000029]]], [[[121.45311122700002, 11.869039799000063], [121.5303411110001, 11.843370665000066], [121.45311122700002, 11.869039799000063]]], [[[124.08654321000006, 11.88256238300005], [124.08654321000006, 11.88256238300005]]], [[[123.6619280330001, 11.904486046000045], [123.6619280330001, 11.904486046000045]]], [[[120.04717682400008, 11.91553377100007], [120.04717682400008, 11.91553377100007]]], [[[120.04098325600012, 11.916667626000049], [120.04098325600012, 11.916667626000049]]], [[[123.59502648700004, 11.917963744000076], [123.59502648700004, 11.917963744000076]]], [[[120.02397932400004, 11.929097220000074], [120.02397932400004, 11.929097220000074]]], [[[120.03251481200004, 11.93184315600007], [120.03251481200004, 11.93184315600007]]], [[[120.04313249200004, 11.934205789000032], [120.04313249200004, 11.934205789000032]]], [[[119.97982260100002, 11.935004011000046], [119.97982260100002, 11.935004011000046]]], [[[120.02395254300006, 11.937084850000076], [120.02395254300006, 11.937084850000076]]], [[[121.95460842800003, 11.939041340000074], [121.88465521600006, 11.89900379900007], [121.88081385700002, 11.816663047000077], [121.94257220400004, 11.761091173000068], [122.02033511000002, 11.741952294000043], [122.09932765000008, 11.706529244000023], [122.09576745100003, 11.606096556000068], [122.085463419, 11.512394508000057], [122.05276603800007, 11.423169204000033], [122.05338668800005, 11.335185195000065], [122.04808226000011, 11.246478030000048], [122.03961760100003, 11.150278889000049], [122.04632466900011, 11.062138360000063], [122.02583593100007, 10.98312048200006], [121.973953187, 10.891541515000029], [121.94655069900011, 10.814788403000023], [121.9591049070001, 10.72290988800006], [121.97488677500007, 10.632754491000071], [121.95764645700001, 10.549849480000034], [121.91803585600007, 10.479217250000033], [121.96228769400011, 10.411761940000076], [122.03029829600007, 10.463826018000077], [122.07449917500003, 10.531530774000032], [122.14259851500003, 10.584521533000043], [122.2065953770001, 10.638390192000031], [122.28536571300003, 10.65919907700004], [122.3669980090001, 10.671150647000047], [122.45516144400005, 10.68823575500005], [122.53808221600002, 10.680895483000029], [122.59967415900007, 10.73458215200003], [122.66903485300008, 10.786341277000076], [122.74731743300003, 10.803768495000043], [122.78294546100005, 10.876098821000028], [122.7688079180001, 10.95654449500006], [122.83640344600008, 11.001262221000047], [122.91592314800005, 11.039610321000055], [122.98826046900001, 11.076655430000073], [123.027338041, 11.152903192000053], [123.10856002700007, 11.160197151000034], [123.09437178100006, 11.240197399000067], [123.09923304800009, 11.32864154300006], [123.14931059500009, 11.392287662000058], [123.16388803400002, 11.47484667200007], [123.15581141900009, 11.556782029000033], [123.07521441200004, 11.528908871000056], [122.99567741900012, 11.489565711000068], [122.91490905100011, 11.475598664000074], [122.87397295700009, 11.54471559500007], [122.82599177700001, 11.610561545000053], [122.72087571100008, 11.608064341000045], [122.66719336000006, 11.546171836000042], [122.59093314200004, 11.51850422800004], [122.536632445, 11.57923315000005], [122.45851975300002, 11.55078118800003], [122.41429239800004, 11.620809113000064], [122.49437938900007, 11.604331032000061], [122.42074061800008, 11.66439259200007], [122.38269406100005, 11.736004182000045], [122.28531002300008, 11.759959061000075], [122.22208112500005, 11.813653740000063], [122.13939101200003, 11.824591701000031], [122.05242976900001, 11.854360374000066], [121.99105338800007, 11.910565860000077], [121.95460842800003, 11.939041340000074]]], [[[119.98958959900006, 11.94167032200005], [119.98958959900006, 11.94167032200005]]], [[[119.9974642840001, 11.942464862000065], [119.9974642840001, 11.942464862000065]]], [[[120.20338769800003, 11.947166174000074], [120.20338769800003, 11.947166174000074]]], [[[119.96846097600007, 11.948224478000043], [119.96846097600007, 11.948224478000043]]], [[[120.20608588700009, 11.948892134000062], [120.20608588700009, 11.948892134000062]]], [[[120.02789463800002, 11.948680309000054], [120.02789463800002, 11.948680309000054]]], [[[120.01257831500004, 11.949114303000044], [120.01257831500004, 11.949114303000044]]], [[[119.97362050200002, 11.952782821000028], [119.97362050200002, 11.952782821000028]]], [[[120.277526856, 11.954528808000077], [120.277526856, 11.954528808000077]]], [[[119.97054580600002, 11.956541322000021], [119.97054580600002, 11.956541322000021]]], [[[119.94137614800002, 11.957939643000032], [119.94137614800002, 11.957939643000032]]], [[[123.61854439100011, 11.95937895700007], [123.61854439100011, 11.95937895700007]]], [[[121.55432271600012, 11.95964398500007], [121.55432271600012, 11.95964398500007]]], [[[119.93177378700011, 11.961838278000073], [119.93177378700011, 11.961838278000073]]], [[[120.10405881800011, 11.962232468000025], [120.10405881800011, 11.962232468000025]]], [[[123.55640343700009, 11.94847186800007], [123.55640343700009, 11.94847186800007]]], [[[120.2265214890001, 11.962704403000032], [120.2265214890001, 11.962704403000032]]], [[[120.16646124700003, 11.962413198000036], [120.16646124700003, 11.962413198000036]]], [[[120.31811523400006, 11.962280274000022], [120.31811523400006, 11.962280274000022]]], [[[119.99648395600002, 11.969884311000044], [119.99648395600002, 11.969884311000044]]], [[[120.15206610400003, 11.973508354000046], [120.15206610400003, 11.973508354000046]]], [[[119.97636563200001, 11.979294548000041], [119.97636563200001, 11.979294548000041]]], [[[119.90267817900008, 11.979596301000072], [119.86846683800002, 11.901238294000052], [119.9053260290001, 11.822275800000057], [119.95998939700007, 11.762796598000023], [119.9398105250001, 11.678119305000052], [120.0210243790001, 11.697790515000065], [120.05094055100005, 11.773950180000043], [120.02568407100011, 11.852518317000033], [120.0123729390001, 11.933867419000023], [119.92994013900011, 11.953139350000072], [119.90267817900008, 11.979596301000072]]], [[[119.94345904400006, 11.981617301000028], [119.94345904400006, 11.981617301000028]]], [[[119.87214718300004, 11.982463594000023], [119.87214718300004, 11.982463594000023]]], [[[119.96266487900004, 11.98276994300005], [119.96266487900004, 11.98276994300005]]], [[[120.12278654600004, 11.983727131000023], [120.12278654600004, 11.983727131000023]]], [[[119.97913091200007, 11.983835141000043], [119.97913091200007, 11.983835141000043]]], [[[119.83228559300005, 11.983724577000032], [119.83228559300005, 11.983724577000032]]], [[[120.19894351500011, 11.98353749100005], [120.19894351500011, 11.98353749100005]]], [[[120.16288068100005, 11.986362317000044], [120.16288068100005, 11.986362317000044]]], [[[120.24527796200005, 11.98714489200006], [120.2089642840001, 11.911243351000053], [120.24853269700009, 11.827773740000055], [120.24878916800003, 11.907882623000035], [120.24527796200005, 11.98714489200006]]], [[[119.88288040200007, 11.987143828000058], [119.88288040200007, 11.987143828000058]]], [[[120.019292543, 11.987221082000076], [120.019292543, 11.987221082000076]]], [[[120.15246600900002, 11.988188068000056], [120.15246600900002, 11.988188068000056]]], [[[123.57576231100006, 11.989477392000026], [123.57576231100006, 11.989477392000026]]], [[[121.55998239200005, 11.990412917000072], [121.55998239200005, 11.990412917000072]]], [[[119.96451076100004, 11.991852041000072], [119.96451076100004, 11.991852041000072]]], [[[119.92240134400004, 11.992192489000047], [119.92240134400004, 11.992192489000047]]], [[[120.18030328300006, 11.992650570000023], [120.18030328300006, 11.992650570000023]]], [[[120.3831176760001, 11.990478516000053], [120.3831176760001, 11.990478516000053]]], [[[120.06134090500007, 11.995306208000045], [120.06134090500007, 11.995306208000045]]], [[[119.9473727620001, 11.996040480000033], [119.9473727620001, 11.996040480000033]]], [[[121.92167722500005, 11.999300319000042], [121.92167722500005, 11.999300319000042]]], [[[120.14155956500008, 11.99999411500005], [120.14155956500008, 11.99999411500005]]], [[[119.84017923400006, 12.000360687000068], [119.84017923400006, 12.000360687000068]]], [[[120.08209485300006, 12.000103108000076], [120.08209485300006, 12.000103108000076]]], [[[120.1909709570001, 12.001643235000074], [120.1909709570001, 12.001643235000074]]], [[[119.88550022600009, 12.007411005000051], [119.88550022600009, 12.007411005000051]]], [[[119.86772950600005, 12.011295145000076], [119.86772950600005, 12.011295145000076]]], [[[119.94221356500009, 12.01126677600007], [119.94221356500009, 12.01126677600007]]], [[[119.88227033200008, 12.015072682000039], [119.88227033200008, 12.015072682000039]]], [[[119.89590556400003, 12.018517848000045], [119.89590556400003, 12.018517848000045]]], [[[120.14697522200004, 12.01988822900006], [120.14697522200004, 12.01988822900006]]], [[[123.6377576540001, 12.02212368000005], [123.6377576540001, 12.02212368000005]]], [[[119.88863895800012, 12.026142209000056], [119.88863895800012, 12.026142209000056]]], [[[119.91948883200007, 12.030527581000058], [119.91948883200007, 12.030527581000058]]], [[[119.95229769000002, 12.031175383000061], [119.95229769000002, 12.031175383000061]]], [[[119.90652664100003, 12.037222963000033], [119.90652664100003, 12.037222963000033]]], [[[123.54700248600011, 12.041968712000028], [123.54700248600011, 12.041968712000028]]], [[[120.35724549500003, 12.043691344000024], [120.35724549500003, 12.043691344000024]]], [[[119.86601485300002, 12.049488802000042], [119.86601485300002, 12.049488802000042]]], [[[119.90159217100006, 12.051179038000043], [119.90159217100006, 12.051179038000043]]], [[[119.95509555400008, 12.053025561000027], [119.95509555400008, 12.053025561000027]]], [[[119.8994099250001, 12.05608359100006], [119.8994099250001, 12.05608359100006]]], [[[119.79213249700001, 12.05898066900005], [119.79213249700001, 12.05898066900005]]], [[[119.83569336000005, 12.073486328000058], [119.83569336000005, 12.073486328000058]]], [[[121.35904770800005, 12.077577614000063], [121.35904770800005, 12.077577614000063]]], [[[120.33892822300004, 12.07592773500005], [120.33892822300004, 12.07592773500005]]], [[[119.87515085200005, 12.083464380000066], [119.87515085200005, 12.083464380000066]]], [[[121.36097926000002, 12.083971710000071], [121.36097926000002, 12.083971710000071]]], [[[121.93699499800005, 12.09667379900003], [121.93699499800005, 12.09667379900003]]], [[[120.31133735000003, 12.105898135000075], [120.31133735000003, 12.105898135000075]]], [[[119.84647162300007, 12.107369457000061], [119.84647162300007, 12.107369457000061]]], [[[121.57847063200006, 12.11010602400006], [121.57847063200006, 12.11010602400006]]], [[[121.38138388900006, 12.125839453000026], [121.36357100900011, 12.047225425000022], [121.38138388900006, 12.125839453000026]]], [[[119.9204243370001, 12.132144985000025], [119.9204243370001, 12.132144985000025]]], [[[119.8451812720001, 12.133146383000053], [119.8451812720001, 12.133146383000053]]], [[[119.88513473700004, 12.139871392000032], [119.88513473700004, 12.139871392000032]]], [[[120.17986984400011, 12.140032140000073], [120.17986984400011, 12.140032140000073]]], [[[120.15660848100003, 12.146833623000077], [120.15660848100003, 12.146833623000077]]], [[[122.0427051050001, 12.15458886500005], [122.0427051050001, 12.15458886500005]]], [[[122.03874836500006, 12.15427851000004], [122.03874836500006, 12.15427851000004]]], [[[120.26554478700007, 12.156530822000036], [120.26554478700007, 12.156530822000036]]], [[[121.39672851600005, 12.154296875000057], [121.39672851600005, 12.154296875000057]]], [[[120.25411199400003, 12.156657334000045], [120.25411199400003, 12.156657334000045]]], [[[119.87872117400002, 12.160264121000068], [119.87872117400002, 12.160264121000068]]], [[[120.16345188900004, 12.160600165000062], [120.16345188900004, 12.160600165000062]]], [[[120.3928833010001, 12.161071778000064], [120.3928833010001, 12.161071778000064]]], [[[119.81890563400009, 12.16118272600005], [119.81890563400009, 12.16118272600005]]], [[[123.2312730330001, 12.167454173000067], [123.2312730330001, 12.167454173000067]]], [[[119.8718589990001, 12.167588238000064], [119.8718589990001, 12.167588238000064]]], [[[120.15290917300001, 12.169033694000063], [120.15290917300001, 12.169033694000063]]], [[[119.87715556300009, 12.182869198000049], [119.87715556300009, 12.182869198000049]]], [[[120.25258418300007, 12.183480175000057], [120.25258418300007, 12.183480175000057]]], [[[120.1313164930001, 12.187272485000051], [120.1313164930001, 12.187272485000051]]], [[[120.38585156400006, 12.189416584000071], [120.38585156400006, 12.189416584000071]]], [[[123.26265833900004, 12.191686236000066], [123.26265833900004, 12.191686236000066]]], [[[120.13841642800003, 12.199445995000076], [120.20061860400006, 12.147158018000027], [120.13841642800003, 12.199445995000076]]], [[[120.39515218300005, 12.205518779000045], [120.39515218300005, 12.205518779000045]]], [[[121.43519835200004, 12.208970570000076], [121.43519835200004, 12.208970570000076]]], [[[120.24069933200008, 12.214674108000054], [120.24069933200008, 12.214674108000054]]], [[[121.28303334800012, 12.216735138000047], [121.28303334800012, 12.216735138000047]]], [[[121.20463157300003, 12.211387025000022], [121.20463157300003, 12.211387025000022]]], [[[120.05037960300001, 12.232384187000036], [120.05037960300001, 12.232384187000036]]], [[[120.3947965970001, 12.23369550700005], [120.3947965970001, 12.23369550700005]]], [[[121.01358447700011, 12.235024072000044], [121.01358447700011, 12.235024072000044]]], [[[120.0873282020001, 12.237608502000057], [120.0873282020001, 12.237608502000057]]], [[[120.04668681100009, 12.24025477500004], [120.04668681100009, 12.24025477500004]]], [[[119.854178165, 12.244991878000064], [119.854178165, 12.244991878000064]]], [[[123.85063118500011, 12.250537789000077], [123.85063118500011, 12.250537789000077]]], [[[120.3582671260001, 12.255021149000072], [120.3582671260001, 12.255021149000072]]], [[[123.83516977700003, 12.256142917000034], [123.83516977700003, 12.256142917000034]]], [[[123.83971174200008, 12.257672151000065], [123.83971174200008, 12.257672151000065]]], [[[121.38488283600009, 12.26402868300005], [121.38488283600009, 12.26402868300005]]], [[[121.27622042500002, 12.267164253000033], [121.27622042500002, 12.267164253000033]]], [[[123.83095730900004, 12.270026658000063], [123.83095730900004, 12.270026658000063]]], [[[120.09258242800001, 12.270947428000056], [120.09258242800001, 12.270947428000056]]], [[[121.38200935500004, 12.27981346000007], [121.38200935500004, 12.27981346000007]]], [[[123.2185501030001, 12.285073608000062], [123.2185501030001, 12.285073608000062]]], [[[121.07428948900008, 12.297352560000036], [121.03795527700004, 12.224665531000028], [121.09883999100009, 12.17027179300004], [121.09274652600004, 12.25607885100004], [121.07428948900008, 12.297352560000036]]], [[[120.26197896700012, 12.299401570000043], [120.26197896700012, 12.299401570000043]]], [[[120.34870982100006, 12.306912428000032], [120.34870982100006, 12.306912428000032]]], [[[121.11373655400007, 12.319609671000023], [121.11373655400007, 12.319609671000023]]], [[[119.89471935400002, 12.329604364000033], [119.86411666700008, 12.253707762000033], [119.848047672, 12.17460014900007], [119.9260254190001, 12.141208778000077], [119.95313710800008, 12.055120755000075], [120.01636034900002, 12.004003436000062], [120.09169490500005, 11.974104641000054], [120.15293797800007, 12.027575198000022], [120.22325620000004, 11.984654343000045], [120.3057404110001, 11.991429806000042], [120.33526791800011, 12.070510864000028], [120.27889918900007, 12.131807941000034], [120.23270338800012, 12.197183618000054], [120.1794875270001, 12.132826109000064], [120.10577655400004, 12.17143598000007], [120.04464473100006, 12.228321204000054], [119.97347314300009, 12.267879488000062], [119.91358776900006, 12.323324316000026], [119.89471935400002, 12.329604364000033]]], [[[123.79832887500004, 12.331260111000063], [123.79832887500004, 12.331260111000063]]], [[[120.27214184900004, 12.33576087800003], [120.27214184900004, 12.33576087800003]]], [[[119.95837351800003, 12.34470256800006], [119.95837351800003, 12.34470256800006]]], [[[120.26211084400006, 12.353821991000075], [120.26211084400006, 12.353821991000075]]], [[[121.400526807, 12.35387227700005], [121.400526807, 12.35387227700005]]], [[[119.90825476000009, 12.37019562100005], [119.90825476000009, 12.37019562100005]]], [[[123.24599463400011, 12.38428243800007], [123.24599463400011, 12.38428243800007]]], [[[121.44418680900003, 12.383747792000065], [121.44418680900003, 12.383747792000065]]], [[[123.2428807550001, 12.391023392000022], [123.2428807550001, 12.391023392000022]]], [[[123.25379257800012, 12.409343900000067], [123.25379257800012, 12.409343900000067]]], [[[123.25382648700008, 12.439339338000025], [123.25382648700008, 12.439339338000025]]], [[[123.20771276800008, 12.440401032000068], [123.20771276800008, 12.440401032000068]]], [[[123.34415725800011, 12.455549446000077], [123.34415725800011, 12.455549446000077]]], [[[122.54468839800006, 12.505659712000067], [122.4613627120001, 12.486712798000042], [122.44209631600006, 12.40358279000003], [122.5262832090001, 12.371400238000035], [122.58035162700003, 12.302856001000066], [122.66989734700007, 12.310137503000021], [122.69297466700004, 12.391702269000064], [122.66287966900006, 12.466821265000021], [122.57197332700002, 12.49518026800007], [122.54468839800006, 12.505659712000067]]], [[[124.08703063200005, 12.548569143000066], [124.08703063200005, 12.548569143000066]]], [[[124.10701618100006, 12.550443775000076], [124.10701618100006, 12.550443775000076]]], [[[122.32114470300007, 12.555032347000065], [122.32114470300007, 12.555032347000065]]], [[[124.11515002600004, 12.561003739000057], [124.11515002600004, 12.561003739000057]]], [[[124.0985426950001, 12.567901992000031], [124.0985426950001, 12.567901992000031]]], [[[124.09809319200008, 12.570969002000027], [124.09809319200008, 12.570969002000027]]], [[[124.12424177000003, 12.585133101000054], [124.12424177000003, 12.585133101000054]]], [[[123.237051, 12.601248518000034], [123.24728939700003, 12.514370605000067], [123.27835562700011, 12.431292192000058], [123.26447343900008, 12.351719953000043], [123.22771504700006, 12.279396516000077], [123.28546782300009, 12.219182518000025], [123.24702852200005, 12.145924130000026], [123.20472672100004, 12.070832056000029], [123.177858151, 11.993541752000056], [123.1594244370001, 11.906272902000069], [123.22458780500006, 11.956515523000064], [123.28911243300001, 12.017142748000026], [123.33239780300005, 12.084871597000074], [123.38951420400008, 12.144364961000065], [123.44343579400004, 12.205928677000031], [123.53136260200006, 12.213062729000058], [123.59081895300005, 12.144613453000034], [123.62509132200012, 12.070379818000049], [123.69054504600001, 12.02354265200006], [123.72481055000003, 11.94972604700007], [123.81727853600012, 11.916364824000027], [123.8898416620001, 11.876555285000052], [123.97652692600002, 11.824635055000044], [124.02543934800008, 11.759551647000023], [124.06570373800002, 11.839536378000048], [124.03338385600011, 11.917981130000044], [123.99182654800006, 11.987692950000053], [123.97755147400005, 12.076344455000026], [123.92778056300006, 12.143376659000069], [123.88663584400001, 12.212422308000043], [123.81078541200009, 12.243184385000063], [123.7308358030001, 12.273347648000026], [123.68657960400003, 12.340069851000067], [123.60381897100001, 12.361269308000033], [123.56562925000003, 12.433271258000048], [123.49634551600002, 12.476065325000036], [123.42414923400008, 12.518495864000045], [123.36216339700002, 12.466242929000032], [123.35754889300006, 12.546959150000077], [123.27950268600011, 12.575948564000043], [123.237051, 12.601248518000034]]], [[[122.25163061300009, 12.599585647000026], [122.25163061300009, 12.599585647000026]]], [[[122.28370532000008, 12.62531966000006], [122.2489842110001, 12.552349843000059], [122.28491013000007, 12.478542320000031], [122.30723792600008, 12.558033739000052], [122.28370532000008, 12.62531966000006]]], [[[122.26075381800001, 12.630742779000059], [122.26075381800001, 12.630742779000059]]], [[[123.5828871110001, 12.663976723000076], [123.5828871110001, 12.663976723000076]]], [[[122.23998607300007, 12.671417481000049], [122.23998607300007, 12.671417481000049]]], [[[122.11073341100007, 12.67433965400005], [122.0416896270001, 12.621408806000034], [122.00974984400011, 12.544909178000069], [122.00965361600004, 12.460782693000056], [121.95780096700003, 12.398733839000045], [121.93252482600008, 12.322510407000038], [121.99019105000002, 12.259450095000034], [121.96021269000005, 12.174484884000037], [122.01231252700006, 12.100913426000034], [122.04591544800007, 12.179832064000038], [122.05788275100008, 12.264224930000069], [122.09777636900003, 12.356581894000044], [122.10549419400002, 12.44135482300004], [122.12308154700008, 12.528056138000068], [122.1280328790001, 12.611635858000056], [122.11073341100007, 12.67433965400005]]], [[[123.59939508200011, 12.675254160000065], [123.59939508200011, 12.675254160000065]]], [[[123.59627146500009, 12.686768877000077], [123.59627146500009, 12.686768877000077]]], [[[123.62186821400007, 12.693273987000055], [123.59212205400001, 12.613008394000076], [123.63478447200009, 12.54217908000004], [123.68706974700001, 12.479192898000065], [123.72424520000004, 12.407750145000023], [123.7841454390001, 12.343349722000028], [123.78267794600004, 12.42411181500006], [123.75624196800004, 12.517281110000056], [123.72532623600011, 12.61455806400005], [123.65223409000009, 12.654648861000055], [123.62186821400007, 12.693273987000055]]], [[[123.60263864300009, 12.708531249000032], [123.60263864300009, 12.708531249000032]]], [[[123.59047324800008, 12.718076996000036], [123.59047324800008, 12.718076996000036]]], [[[122.03058088500006, 12.79674618100006], [122.03058088500006, 12.79674618100006]]], [[[122.08726657200009, 12.837587427000074], [122.08726657200009, 12.837587427000074]]], [[[123.80163155000002, 12.839801129000023], [123.80163155000002, 12.839801129000023]]], [[[120.75237555900003, 12.844840603000023], [120.75237555900003, 12.844840603000023]]], [[[123.76522843000009, 12.836896252000031], [123.76522843000009, 12.836896252000031]]], [[[123.92100004800011, 12.856091160000062], [123.92100004800011, 12.856091160000062]]], [[[124.1581793470001, 12.859109110000077], [124.1581793470001, 12.859109110000077]]], [[[120.74747541800002, 12.860013030000061], [120.74747541800002, 12.860013030000061]]], [[[123.90625585200007, 12.865584366000064], [123.90625585200007, 12.865584366000064]]], [[[123.80986549200009, 12.874120295000068], [123.80986549200009, 12.874120295000068]]], [[[123.83534404700004, 12.87507671700007], [123.83534404700004, 12.87507671700007]]], [[[123.84077289800007, 12.881679056000053], [123.84077289800007, 12.881679056000053]]], [[[123.83969424600002, 12.884048275000055], [123.83969424600002, 12.884048275000055]]], [[[123.88664127200002, 12.888577431000044], [123.88664127200002, 12.888577431000044]]], [[[121.70534530900011, 12.949107393000077], [121.70534530900011, 12.949107393000077]]], [[[122.06152351100002, 12.963018927000064], [122.06152351100002, 12.963018927000064]]], [[[122.84623105000003, 13.140957448000051], [122.84623105000003, 13.140957448000051]]], [[[122.84198824500004, 13.144849968000074], [122.84198824500004, 13.144849968000074]]], [[[122.80115947500008, 13.151222006000069], [122.80115947500008, 13.151222006000069]]], [[[122.97395349100009, 13.157007331000045], [122.97395349100009, 13.157007331000045]]], [[[122.99475486600011, 13.159153355000058], [122.92869187000008, 13.113420552000036], [122.94362661200012, 13.034056864000036], [123.01933239100003, 13.006845551000026], [123.08505251800011, 12.960786235000057], [123.14738492900005, 12.906748789000062], [123.19918175400005, 12.841728296000042], [123.2770320410001, 12.812975858000073], [123.32639190100008, 12.737349209000058], [123.286954551, 12.819855407000034], [123.2638915660001, 12.89694767900005], [123.18221899800005, 12.913844519000065], [123.13974401200005, 12.990474935000066], [123.09602849600003, 13.061543330000063], [123.03803004300005, 13.12102438100004], [122.99475486600011, 13.159153355000058]]], [[[122.85868393300007, 13.173328260000062], [122.85868393300007, 13.173328260000062]]], [[[122.93724949300008, 13.180142449000073], [122.93724949300008, 13.180142449000073]]], [[[121.99888218700005, 13.194103033000033], [121.99888218700005, 13.194103033000033]]], [[[121.81388893300004, 13.22938937400005], [121.81388893300004, 13.22938937400005]]], [[[124.12996460700003, 13.236063615000035], [124.18049767200012, 13.17310691800003], [124.12996460700003, 13.236063615000035]]], [[[121.83063511400007, 13.237275454000041], [121.83063511400007, 13.237275454000041]]], [[[121.86702630600007, 13.252611216000048], [121.86702630600007, 13.252611216000048]]], [[[123.82836444600002, 13.27407736300006], [123.82836444600002, 13.27407736300006]]], [[[123.97714792200009, 13.291574914000023], [124.02236600800006, 13.216965371000072], [124.09376828500001, 13.257573077000075], [124.01676857100006, 13.284410512000022], [123.97714792200009, 13.291574914000023]]], [[[123.91044036000005, 13.298303051000062], [123.91044036000005, 13.298303051000062]]], [[[123.96091560800005, 13.30800176400004], [123.96091560800005, 13.30800176400004]]], [[[123.93797399700009, 13.32452051000007], [123.93797399700009, 13.32452051000007]]], [[[123.85113006300003, 13.354361781000023], [123.83928254400007, 13.273055940000063], [123.91157040600001, 13.23797366100007], [123.92524099800005, 13.317356678000067], [123.85113006300003, 13.354361781000023]]], [[[122.7216452990001, 13.36484783900005], [122.7216452990001, 13.36484783900005]]], [[[123.76555594800004, 13.407375745000024], [123.82378627500009, 13.352135349000037], [123.76555594800004, 13.407375745000024]]], [[[122.12673551600005, 13.426665488000026], [122.12673551600005, 13.426665488000026]]], [[[121.21663643200009, 13.429560517000027], [121.21663643200009, 13.429560517000027]]], [[[121.22132131900003, 13.447282106000046], [121.22132131900003, 13.447282106000046]]], [[[121.16404374700005, 13.467073836000054], [121.16404374700005, 13.467073836000054]]], [[[122.07015620700008, 13.484316060000026], [122.07015620700008, 13.484316060000026]]], [[[122.04457819600009, 13.48629670500003], [122.04457819600009, 13.48629670500003]]], [[[122.068716472, 13.527467684000044], [122.068716472, 13.527467684000044]]], [[[122.17736665500001, 13.528968672000076], [122.17736665500001, 13.528968672000076]]], [[[120.41313826900011, 13.530858070000022], [120.335384481, 13.49277815000005], [120.32046724000008, 13.40901178300004], [120.40221072700001, 13.412188939000032], [120.47403321400009, 13.356905287000075], [120.49545322600011, 13.278015874000062], [120.56051368600004, 13.225713083000073], [120.63462856000001, 13.193328257000076], [120.70123824000007, 13.111179519000075], [120.75727787700009, 13.011154092000027], [120.78412682700002, 12.931035910000048], [120.77249684900005, 12.84449144000007], [120.79231141200012, 12.759639746000062], [120.86141921700005, 12.708659170000033], [120.91201456400006, 12.639113303000045], [120.93589460300007, 12.561366514000042], [120.96004863400003, 12.456227555000055], [121.01676180100003, 12.39858059200003], [121.07570532800003, 12.333899225000039], [121.11323216500011, 12.262307520000036], [121.19228802500004, 12.243316402000062], [121.26757582900007, 12.273701251000034], [121.3399841590001, 12.313521206000075], [121.40928540200002, 12.368207596000047], [121.41542501300012, 12.450342094000064], [121.45094496500008, 12.522450986000024], [121.520031861, 12.582984672000066], [121.54873006600008, 12.668619311000043], [121.5060111680001, 12.736677684000028], [121.48410368000009, 12.814695025000049], [121.48232636500006, 12.895593463000068], [121.49124734300005, 12.983803125000065], [121.51660253800003, 13.063475819000075], [121.52097527600006, 13.145200500000044], [121.4390159840001, 13.151620846000071], [121.431983349, 13.231641044000071], [121.35663281900008, 13.281944036000027], [121.30427189000011, 13.343813746000023], [121.23547037700007, 13.39500010200004], [121.15648938900006, 13.415056287000027], [121.07172690200002, 13.405335499000046], [121.00447005, 13.44986128000005], [120.96970181000006, 13.525536140000042], [120.89414536800007, 13.498916958000052], [120.81309063700007, 13.478439080000044], [120.7177890910001, 13.480807527000024], [120.62823511500005, 13.489224084000057], [120.53885051200007, 13.504004812000062], [120.45856630900005, 13.511226677000025], [120.41313826900011, 13.530858070000022]]], [[[121.86094156400009, 13.529369092000024], [121.86094156400009, 13.529369092000024]]], [[[120.9513962420001, 13.53151060600004], [120.9513962420001, 13.53151060600004]]], [[[121.94866009700002, 13.53674970000003], [121.94866009700002, 13.53674970000003]]], [[[122.10635598400006, 13.538686088000077], [122.10635598400006, 13.538686088000077]]], [[[121.9458516630001, 13.542344994000075], [121.9458516630001, 13.542344994000075]]], [[[121.96028865400001, 13.547080845000039], [121.96028865400001, 13.547080845000039]]], [[[121.94229417500003, 13.555756187000043], [121.94229417500003, 13.555756187000043]]], [[[124.33541101900005, 13.562454194000054], [124.33541101900005, 13.562454194000054]]], [[[121.86653475300011, 13.570656743000029], [121.84262683300005, 13.494119150000074], [121.82141285400007, 13.415288082000075], [121.83590729100001, 13.33581149400004], [121.90740916100003, 13.272423985000046], [121.96942652700011, 13.21962632900005], [122.05292695100002, 13.240728231000048], [122.09000344100002, 13.319650525000043], [122.14658816600002, 13.377648660000034], [122.12718610200011, 13.455323933000045], [122.048019156, 13.483526128000051], [121.976592675, 13.524702791000038], [121.8967082040001, 13.535044724000045], [121.86653475300011, 13.570656743000029]]], [[[121.08896686700007, 13.569401490000075], [121.08896686700007, 13.569401490000075]]], [[[123.57045753200009, 13.59197215200004], [123.57045753200009, 13.59197215200004]]], [[[120.94929417300011, 13.631112452000025], [120.94929417300011, 13.631112452000025]]], [[[120.304607916, 13.682234509000068], [120.37732975300003, 13.64381876400006], [120.304607916, 13.682234509000068]]], [[[120.83115867100003, 13.687686794000058], [120.88910151300001, 13.628222640000047], [120.83115867100003, 13.687686794000058]]], [[[120.84255816200005, 13.691783431000033], [120.84255816200005, 13.691783431000033]]], [[[123.67064676000007, 13.703632614000071], [123.67064676000007, 13.703632614000071]]], [[[120.29670111400003, 13.706248213000038], [120.29670111400003, 13.706248213000038]]], [[[123.99613046500008, 13.713813539000057], [123.99613046500008, 13.713813539000057]]], [[[124.00057222300006, 13.715141839000069], [124.00057222300006, 13.715141839000069]]], [[[124.40021001100001, 13.720993974000066], [124.40021001100001, 13.720993974000066]]], [[[123.98165551700004, 13.727270672000031], [123.98165551700004, 13.727270672000031]]], [[[123.25718903600011, 13.744963078000069], [123.25718903600011, 13.744963078000069]]], [[[123.24460906600007, 13.748627179000039], [123.24460906600007, 13.748627179000039]]], [[[123.27092246400002, 13.76877698100003], [123.27092246400002, 13.76877698100003]]], [[[124.40557721200003, 13.773405061000062], [124.40557721200003, 13.773405061000062]]], [[[123.9907766770001, 13.776403964000053], [123.9907766770001, 13.776403964000053]]], [[[123.27843214100005, 13.776917067000056], [123.27843214100005, 13.776917067000056]]], [[[123.94919789000005, 13.778206517000058], [123.94919789000005, 13.778206517000058]]], [[[124.42227820700009, 13.778775864000067], [124.42227820700009, 13.778775864000067]]], [[[122.75709725600007, 13.783916821000048], [122.75709725600007, 13.783916821000048]]], [[[122.74335498500011, 13.78309656500005], [122.74335498500011, 13.78309656500005]]], [[[123.98726291300011, 13.793959985000072], [123.98726291300011, 13.793959985000072]]], [[[122.74341580600003, 13.80296916900005], [122.74341580600003, 13.80296916900005]]], [[[123.89138402600008, 13.805138925000051], [123.89138402600008, 13.805138925000051]]], [[[124.42242532900002, 13.806516147000025], [124.42242532900002, 13.806516147000025]]], [[[123.89018156500003, 13.809121481000034], [123.89018156500003, 13.809121481000034]]], [[[123.89501785900006, 13.811950079000042], [123.89501785900006, 13.811950079000042]]], [[[123.90658256900008, 13.812573678000035], [123.90658256900008, 13.812573678000035]]], [[[123.85605216400006, 13.823423818000037], [123.85605216400006, 13.823423818000037]]], [[[120.2902480140001, 13.836559649000037], [120.2902480140001, 13.836559649000037]]], [[[120.3298783030001, 13.84046002100007], [120.3298783030001, 13.84046002100007]]], [[[123.84920593700008, 13.842840163000062], [123.84920593700008, 13.842840163000062]]], [[[123.80563685600009, 13.845292967000034], [123.80563685600009, 13.845292967000034]]], [[[123.84095017000004, 13.847884050000062], [123.84095017000004, 13.847884050000062]]], [[[123.79967212000008, 13.861433431000023], [123.79967212000008, 13.861433431000023]]], [[[123.82089754200001, 13.863826305000032], [123.82089754200001, 13.863826305000032]]], [[[120.34464391900008, 13.864409826000042], [120.34464391900008, 13.864409826000042]]], [[[120.09042471700002, 13.864472474000024], [120.10074333400007, 13.78451805800006], [120.174383594, 13.736450423000065], [120.24844454100003, 13.705532193000067], [120.25431516600008, 13.792349659000024], [120.17776413100012, 13.82772680200003], [120.09042471700002, 13.864472474000024]]], [[[123.86915704700004, 13.864875833000042], [123.86915704700004, 13.864875833000042]]], [[[123.85646453200002, 13.86702435500007], [123.85646453200002, 13.86702435500007]]], [[[123.76376728700006, 13.870460112000046], [123.76376728700006, 13.870460112000046]]], [[[123.83848246900004, 13.875109069000075], [123.83848246900004, 13.875109069000075]]], [[[123.80642105400011, 13.87457403600007], [123.80642105400011, 13.87457403600007]]], [[[123.83151093400011, 13.881220579000058], [123.83151093400011, 13.881220579000058]]], [[[123.85581675300011, 13.882684672000039], [123.85581675300011, 13.882684672000039]]], [[[123.83865319300003, 13.885522738000077], [123.83865319300003, 13.885522738000077]]], [[[123.85660977700002, 13.88691420400005], [123.85660977700002, 13.88691420400005]]], [[[123.7871080330001, 13.89075684900007], [123.7871080330001, 13.89075684900007]]], [[[123.62685197100006, 13.897948068000062], [123.62685197100006, 13.897948068000062]]], [[[120.03979579400004, 13.899117207000074], [120.03979579400004, 13.899117207000074]]], [[[124.39417373700007, 13.899150871000074], [124.39417373700007, 13.899150871000074]]], [[[123.62909953100007, 13.900760153000022], [123.62909953100007, 13.900760153000022]]], [[[121.77860353100004, 13.901742472000024], [121.77860353100004, 13.901742472000024]]], [[[123.62558468300006, 13.902438545000052], [123.62558468300006, 13.902438545000052]]], [[[123.63787411800001, 13.906964940000023], [123.63787411800001, 13.906964940000023]]], [[[123.58214578900004, 13.932904688000065], [123.58214578900004, 13.932904688000065]]], [[[124.32785336900008, 13.936339815000053], [124.32785336900008, 13.936339815000053]]], [[[121.75544034400002, 13.94330261400006], [121.75544034400002, 13.94330261400006]]], [[[122.21634691400004, 13.945071260000077], [122.21634691400004, 13.945071260000077]]], [[[123.41969230600012, 13.949906679000037], [123.41969230600012, 13.949906679000037]]], [[[123.85199347600008, 13.950391786000068], [123.85199347600008, 13.950391786000068]]], [[[121.71664467800008, 13.951679553000076], [121.71664467800008, 13.951679553000076]]], [[[123.33060879300001, 13.953627828000037], [123.33060879300001, 13.953627828000037]]], [[[123.51522727400004, 13.958827080000049], [123.51522727400004, 13.958827080000049]]], [[[123.54053333800005, 13.959135460000027], [123.54053333800005, 13.959135460000027]]], [[[123.2518813800001, 13.960828777000074], [123.2518813800001, 13.960828777000074]]], [[[123.81296659800012, 13.961182188000066], [123.81296659800012, 13.961182188000066]]], [[[123.78210449200003, 13.96087646500007], [123.78210449200003, 13.96087646500007]]], [[[123.44606550700007, 13.965575716000046], [123.44606550700007, 13.965575716000046]]], [[[124.30376164600011, 13.966369587000031], [124.30376164600011, 13.966369587000031]]], [[[123.7039184570001, 13.965087891000053], [123.7039184570001, 13.965087891000053]]], [[[123.85915545400007, 13.967098689000068], [123.85915545400007, 13.967098689000068]]], [[[123.52320078800005, 13.967517205000036], [123.52320078800005, 13.967517205000036]]], [[[123.81179466100002, 13.968794367000044], [123.81179466100002, 13.968794367000044]]], [[[123.5652671260001, 13.968545566000046], [123.5652671260001, 13.968545566000046]]], [[[123.57775347900008, 13.969881650000048], [123.57775347900008, 13.969881650000048]]], [[[123.2236998080001, 13.970327194000049], [123.2236998080001, 13.970327194000049]]], [[[123.77490234400011, 13.973327637000068], [123.77490234400011, 13.973327637000068]]], [[[123.55014729600009, 13.97710130300004], [123.55014729600009, 13.97710130300004]]], [[[123.54613936400006, 13.977664598000047], [123.54613936400006, 13.977664598000047]]], [[[123.81795992900004, 13.978474025000025], [123.82468283500009, 13.897481867000067], [123.81795992900004, 13.978474025000025]]], [[[123.64427264900007, 13.978375624000023], [123.64427264900007, 13.978375624000023]]], [[[123.40168683900004, 13.982133399000077], [123.40168683900004, 13.982133399000077]]], [[[123.82634477400006, 13.985441110000068], [123.82634477400006, 13.985441110000068]]], [[[124.32665398800009, 13.98703411100007], [124.32665398800009, 13.98703411100007]]], [[[123.52106147400002, 13.988621137000052], [123.52106147400002, 13.988621137000052]]], [[[123.56745964100003, 13.991212045000054], [123.56745964100003, 13.991212045000054]]], [[[123.55795851300002, 13.993874875000074], [123.55795851300002, 13.993874875000074]]], [[[123.63882473900003, 13.995044634000067], [123.63882473900003, 13.995044634000067]]], [[[123.51642689300002, 14.002285522000022], [123.51642689300002, 14.002285522000022]]], [[[123.40354243500008, 14.010217032000071], [123.40354243500008, 14.010217032000071]]], [[[124.26777042000003, 14.023181144000034], [124.26777042000003, 14.023181144000034]]], [[[124.01317193700004, 14.026096134000056], [124.01317193700004, 14.026096134000056]]], [[[123.21268377000001, 14.030992464000065], [123.21268377000001, 14.030992464000065]]], [[[123.39181483700008, 14.031233180000072], [123.39181483700008, 14.031233180000072]]], [[[124.05946556300012, 14.031578023000066], [124.05946556300012, 14.031578023000066]]], [[[124.03913243000011, 14.032197497000027], [124.03913243000011, 14.032197497000027]]], [[[123.10509961900004, 14.046707566000066], [123.10509961900004, 14.046707566000066]]], [[[123.08927832600011, 14.056751396000038], [123.08927832600011, 14.056751396000038]]], [[[120.48736857800009, 14.06156674600004], [120.48736857800009, 14.06156674600004]]], [[[123.0784490640001, 14.070565141000031], [123.0784490640001, 14.070565141000031]]], [[[123.10510410600011, 14.090019397000049], [123.10510410600011, 14.090019397000049]]], [[[123.0904077880001, 14.091046713000026], [123.0904077880001, 14.091046713000026]]], [[[123.08158253500005, 14.092064406000077], [123.08158253500005, 14.092064406000077]]], [[[124.20640531800007, 14.099928587000022], [124.135574603, 14.061584002000075], [124.13006264100011, 13.979485628000077], [124.14421299100002, 13.899355428000035], [124.13575815800004, 13.796089789000064], [124.10062634400003, 13.719843505000028], [124.0380473570001, 13.669968897000047], [124.09594956400008, 13.598276601000066], [124.158631463, 13.547278426000048], [124.23253623900007, 13.580535351000037], [124.31399158900001, 13.587222634000057], [124.35924374300009, 13.65463412300005], [124.38832430200011, 13.729678075000038], [124.41361563300006, 13.811079849000066], [124.39869714200006, 13.890185933000055], [124.33042854200005, 13.933849187000021], [124.27946535800004, 13.998246454000025], [124.22915596400003, 14.068166953000059], [124.20640531800007, 14.099928587000022]]], [[[123.29880567000009, 14.128800049000063], [123.29880567000009, 14.128800049000063]]], [[[123.05207999400011, 14.129602478000038], [123.05207999400011, 14.129602478000038]]], [[[120.57099805200005, 14.150479420000067], [120.57099805200005, 14.150479420000067]]], [[[120.57188141200004, 14.151852306000023], [120.57188141200004, 14.151852306000023]]], [[[122.14939992600011, 14.17704419100005], [122.14939992600011, 14.17704419100005]]], [[[120.5799538650001, 14.192515712000045], [120.5799538650001, 14.192515712000045]]], [[[122.91445711000006, 14.196395318000043], [122.91445711000006, 14.196395318000043]]], [[[122.91767956900003, 14.198207332000038], [122.91767956900003, 14.198207332000038]]], [[[120.57862863300011, 14.199654447000057], [120.57862863300011, 14.199654447000057]]], [[[122.95144870700005, 14.204981309000061], [122.95144870700005, 14.204981309000061]]], [[[122.924726286, 14.222311371000046], [122.924726286, 14.222311371000046]]], [[[121.92953189500008, 14.235899976000042], [121.94941844200002, 14.15570341800003], [122.01003723000008, 14.100398247000044], [122.08148678300006, 14.055883172000051], [122.14639858800001, 14.008681485000068], [122.1277575470001, 14.087310753000054], [122.05828893000012, 14.131725135000067], [121.98947589600004, 14.182507697000062], [121.92953189500008, 14.235899976000042]]], [[[120.58996251200006, 14.239791472000036], [120.58996251200006, 14.239791472000036]]], [[[121.90119870400008, 14.243383123000058], [121.90119870400008, 14.243383123000058]]], [[[120.61401933800005, 14.272452971000064], [120.61401933800005, 14.272452971000064]]], [[[120.71481306600003, 14.296729048000032], [120.71481306600003, 14.296729048000032]]], [[[121.82630932500001, 14.306325829000059], [121.82630932500001, 14.306325829000059]]], [[[122.59042969600011, 14.330626597000048], [122.59042969600011, 14.330626597000048]]], [[[122.60658110100007, 14.349209084000051], [122.60658110100007, 14.349209084000051]]], [[[120.6234744200001, 14.367355404000023], [120.6234744200001, 14.367355404000023]]], [[[122.95091779800009, 14.37563334400005], [122.95091779800009, 14.37563334400005]]], [[[120.60839100100009, 14.393779098000039], [120.60839100100009, 14.393779098000039]]], [[[122.8137578520001, 14.40757138500004], [122.8137578520001, 14.40757138500004]]], [[[122.929069045, 14.418558473000076], [122.929069045, 14.418558473000076]]], [[[122.99010152800008, 14.435296059000052], [122.99010152800008, 14.435296059000052]]], [[[122.04386387800002, 14.439530713000067], [122.04386387800002, 14.439530713000067]]], [[[122.04706478700007, 14.440335465000032], [122.04706478700007, 14.440335465000032]]], [[[122.93975364700009, 14.439882897000075], [122.93975364700009, 14.439882897000075]]], [[[122.93858249400012, 14.444820437000033], [122.93858249400012, 14.444820437000033]]], [[[122.03143319300011, 14.445382017000043], [122.03143319300011, 14.445382017000043]]], [[[122.98799582000004, 14.448918314000025], [122.98799582000004, 14.448918314000025]]], [[[122.98094175900007, 14.449053803000027], [122.98094175900007, 14.449053803000027]]], [[[122.97045861700008, 14.45250627300004], [122.97045861700008, 14.45250627300004]]], [[[122.9363813870001, 14.49060541800003], [122.9363813870001, 14.49060541800003]]], [[[122.90759019900008, 14.493008251000049], [122.90759019900008, 14.493008251000049]]], [[[122.94944700100007, 14.494790820000048], [122.94944700100007, 14.494790820000048]]], [[[122.930225876, 14.495466021000027], [122.930225876, 14.495466021000027]]], [[[122.95388807400002, 14.496279784000023], [122.95388807400002, 14.496279784000023]]], [[[122.90468031300009, 14.500558159000036], [122.90468031300009, 14.500558159000036]]], [[[122.92915309900002, 14.501112956000043], [122.92915309900002, 14.501112956000043]]], [[[122.40357791800011, 14.733756070000027], [122.32668473700005, 14.70559443600007], [122.42118011800005, 14.687132906000045], [122.40357791800011, 14.733756070000027]]], [[[120.11686801200005, 14.763089660000048], [120.11686801200005, 14.763089660000048]]], [[[120.10269233400004, 14.768858092000073], [120.10269233400004, 14.768858092000073]]], [[[120.22398855900008, 14.775514972000053], [120.22398855900008, 14.775514972000053]]], [[[121.65645906000009, 14.779769488000056], [121.65645906000009, 14.779769488000056]]], [[[122.26262706800003, 14.805629474000057], [122.26262706800003, 14.805629474000057]]], [[[122.02540292700007, 14.807040639000036], [122.02540292700007, 14.807040639000036]]], [[[122.24659558700012, 14.825657396000054], [122.24659558700012, 14.825657396000054]]], [[[122.15065159100004, 14.84268933800007], [122.15065159100004, 14.84268933800007]]], [[[122.21271132600009, 14.844220552000024], [122.21271132600009, 14.844220552000024]]], [[[122.00421374300004, 14.844785878000039], [122.00421374300004, 14.844785878000039]]], [[[122.18363433200011, 14.845124357000032], [122.10051499400004, 14.83791498000005], [122.16349446000004, 14.783716784000035], [122.23727355300002, 14.744294170000046], [122.18991735800012, 14.808986755000035], [122.18363433200011, 14.845124357000032]]], [[[122.18869314000005, 14.846259513000064], [122.18869314000005, 14.846259513000064]]], [[[122.14015798900004, 14.84631758100005], [122.14015798900004, 14.84631758100005]]], [[[122.19391439900005, 14.848249476000035], [122.19391439900005, 14.848249476000035]]], [[[122.21000550300005, 14.851182067000025], [122.21000550300005, 14.851182067000025]]], [[[120.23247823800011, 14.85601738300005], [120.23247823800011, 14.85601738300005]]], [[[122.20935626700009, 14.869037043000048], [122.20935626700009, 14.869037043000048]]], [[[122.02330063200009, 14.878453083000068], [122.02330063200009, 14.878453083000068]]], [[[122.00750491800011, 14.883998524000049], [122.00750491800011, 14.883998524000049]]], [[[122.1602135930001, 14.884362530000033], [122.1602135930001, 14.884362530000033]]], [[[122.11171115600007, 14.894676229000027], [122.11171115600007, 14.894676229000027]]], [[[122.11731987600001, 14.903037372000028], [122.11731987600001, 14.903037372000028]]], [[[122.02044351300003, 14.905140373000052], [122.02044351300003, 14.905140373000052]]], [[[122.04005905600002, 14.915661119000049], [122.04005905600002, 14.915661119000049]]], [[[122.14725139400002, 14.91703908900007], [122.14725139400002, 14.91703908900007]]], [[[122.18546641500006, 14.91768363600005], [122.18546641500006, 14.91768363600005]]], [[[122.18462713800011, 14.923361274000058], [122.18462713800011, 14.923361274000058]]], [[[122.17565574900004, 14.93302860800003], [122.17565574900004, 14.93302860800003]]], [[[122.052557836, 14.933514939000077], [122.052557836, 14.933514939000077]]], [[[122.06150143900004, 14.949742829000058], [122.06150143900004, 14.949742829000058]]], [[[122.15657698300004, 14.950721828000042], [122.15657698300004, 14.950721828000042]]], [[[122.03144323100003, 15.017406481000023], [122.03144323100003, 15.017406481000023]]], [[[121.935241356, 15.058663221000074], [121.86091668000006, 15.027767751000056], [121.81126738600005, 14.962673944000073], [121.85736573100007, 14.897163316000047], [121.88820067600011, 14.818661381000027], [121.92909804800001, 14.749317784000027], [121.91427785300004, 14.640839678000077], [121.99358941500009, 14.660250423000036], [122.03081859400004, 14.738871623000023], [122.01754435500004, 14.818937750000032], [121.96993374800002, 14.884291003000044], [122.01942744400003, 14.963835834000065], [122.00044655700003, 15.043020502000047], [121.935241356, 15.058663221000074]]], [[[119.89875117600002, 15.496401053000056], [119.89875117600002, 15.496401053000056]]], [[[119.92429243900006, 15.52948652200007], [119.92429243900006, 15.52948652200007]]], [[[121.59519941700012, 15.632490423000036], [121.59519941700012, 15.632490423000036]]], [[[119.82683722900003, 15.741964443000029], [119.82683722900003, 15.741964443000029]]], [[[119.78803981300007, 15.811973864000038], [119.78803981300007, 15.811973864000038]]], [[[119.8659631480001, 15.815394096000034], [119.8659631480001, 15.815394096000034]]], [[[119.77832336200004, 15.881815353000036], [119.77832336200004, 15.881815353000036]]], [[[120.11673750500006, 16.12250672500005], [120.11673750500006, 16.12250672500005]]], [[[120.0308345740001, 16.196005978000073], [120.0308345740001, 16.196005978000073]]], [[[120.04208153600007, 16.196921683000028], [120.04208153600007, 16.196921683000028]]], [[[120.03608500900009, 16.196528380000075], [120.03608500900009, 16.196528380000075]]], [[[120.03219503800005, 16.201682341000037], [120.03219503800005, 16.201682341000037]]], [[[120.04180457300004, 16.204999], [120.04180457300004, 16.204999]]], [[[120.03817092500003, 16.205732268000077], [120.03817092500003, 16.205732268000077]]], [[[120.00248604900003, 16.211090013000046], [120.00248604900003, 16.211090013000046]]], [[[120.0388060250001, 16.211447581000073], [120.0388060250001, 16.211447581000073]]], [[[120.0408178350001, 16.213583630000073], [120.0408178350001, 16.213583630000073]]], [[[120.04414374300006, 16.215637295000022], [120.04414374300006, 16.215637295000022]]], [[[120.03732603200001, 16.213759089000064], [120.03732603200001, 16.213759089000064]]], [[[120.04348198700006, 16.216410677000056], [120.04348198700006, 16.216410677000056]]], [[[120.04665126600003, 16.222882837000043], [120.04665126600003, 16.222882837000043]]], [[[120.04930874700005, 16.22544833300003], [120.04930874700005, 16.22544833300003]]], [[[122.13135940000006, 16.258959477000076], [122.13135940000006, 16.258959477000076]]], [[[119.92428970200001, 16.267502747000037], [119.92428970200001, 16.267502747000037]]], [[[119.93716828700008, 16.26853804500007], [119.93716828700008, 16.26853804500007]]], [[[119.91612729700012, 16.29687896300004], [119.91612729700012, 16.29687896300004]]], [[[122.23724696400006, 16.312613615000032], [122.23724696400006, 16.312613615000032]]], [[[119.92277848100002, 16.313554112000077], [119.92277848100002, 16.313554112000077]]], [[[119.94397508300005, 16.346322376000046], [119.94397508300005, 16.346322376000046]]], [[[119.98987217600006, 16.350072441000066], [119.92042427500007, 16.30782013000004], [119.97847484500005, 16.251102555000045], [119.9986694050001, 16.331374393000033], [119.98987217600006, 16.350072441000066]]], [[[119.94318057200007, 16.354217823000056], [119.94318057200007, 16.354217823000056]]], [[[119.9907676250001, 16.363259688000028], [119.9907676250001, 16.363259688000028]]], [[[119.96164107700008, 16.366904685000065], [119.96164107700008, 16.366904685000065]]], [[[119.96213753200004, 16.408385804000034], [119.96213753200004, 16.408385804000034]]], [[[119.93586639800003, 16.426587562000066], [119.93586639800003, 16.426587562000066]]], [[[119.92354068400005, 16.443564698000046], [119.92354068400005, 16.443564698000046]]], [[[122.46666630600009, 16.921348420000072], [122.46666630600009, 16.921348420000072]]], [[[122.46784134900008, 16.924214208000024], [122.46784134900008, 16.924214208000024]]], [[[122.50678688000005, 17.03521444200004], [122.50678688000005, 17.03521444200004]]], [[[122.4220060780001, 17.274336883000046], [122.4220060780001, 17.274336883000046]]], [[[122.38474196400011, 17.316295473000025], [122.38474196400011, 17.316295473000025]]], [[[122.39193923700009, 17.35054505000005], [122.39193923700009, 17.35054505000005]]], [[[122.36730601900001, 17.362888267000073], [122.36730601900001, 17.362888267000073]]], [[[120.42295124500004, 17.50722084100005], [120.42295124500004, 17.50722084100005]]], [[[120.40836528600005, 17.512183667000045], [120.40836528600005, 17.512183667000045]]], [[[122.32753657600006, 18.24593611800003], [122.32753657600006, 18.24593611800003]]], [[[122.31430312000009, 18.38734088600006], [122.31430312000009, 18.38734088600006]]], [[[122.31353569300006, 18.39027870900003], [122.31353569300006, 18.39027870900003]]], [[[122.30931444100008, 18.395740111000066], [122.30931444100008, 18.395740111000066]]], [[[122.13239840400001, 18.511812821000035], [122.13239840400001, 18.511812821000035]]], [[[122.15833069100006, 18.528167344000053], [122.15833069100006, 18.528167344000053]]], [[[122.13345586200012, 18.581714198000043], [122.11362818100008, 18.50218480600006], [122.15981082400003, 18.569324754000036], [122.13345586200012, 18.581714198000043]]], [[[122.14073656100004, 18.592709684000056], [122.14073656100004, 18.592709684000056]]], [[[121.25265585500006, 18.875714765000055], [121.25265585500006, 18.875714765000055]]], [[[121.822408558, 18.876891320000027], [121.822408558, 18.876891320000027]]], [[[121.25255778500002, 18.88891975100006], [121.25255778500002, 18.88891975100006]]], [[[121.41474585900005, 18.90582760700005], [121.33358342400004, 18.886658628000077], [121.41527038000004, 18.85218980600007], [121.41474585900005, 18.90582760700005]]], [[[121.83403788900011, 18.90756016000006], [121.83403788900011, 18.90756016000006]]], [[[121.21868204800012, 18.98688670100006], [121.21868204800012, 18.98688670100006]]], [[[121.91774692900003, 19.00351504300005], [121.86466717500002, 18.942424949000042], [121.82936305700002, 18.865767918000074], [121.91129248200002, 18.879797044000043], [121.96957249000002, 18.93724538300006], [121.91774692900003, 19.00351504300005]]], [[[121.21789591400011, 19.171320620000074], [121.1979033130001, 19.077149251000037], [121.24918343700006, 19.013009966000027], [121.24563498200007, 19.100154169000064], [121.21789591400011, 19.171320620000074]]], [[[121.40700169100012, 19.393310426000028], [121.39382485500005, 19.31405284500005], [121.45986433100006, 19.26687871400003], [121.54084743300007, 19.273016002000077], [121.52761676300008, 19.36199838400006], [121.43482425400009, 19.382837047000066], [121.40700169100012, 19.393310426000028]]], [[[121.50912406000009, 19.44732815900005], [121.50912406000009, 19.44732815900005]]], [[[121.96981482700005, 19.573752417000037], [121.89275165800007, 19.541304645000025], [121.95014669800003, 19.483233704000043], [121.9932004420001, 19.552668951000044], [121.96981482700005, 19.573752417000037]]], [[[121.80941423100012, 20.336653299000034], [121.80941423100012, 20.336653299000034]]], [[[121.78282914200008, 20.338509001000034], [121.78282914200008, 20.338509001000034]]], [[[121.84473327, 20.355984787000068], [121.84753428200008, 20.27582097100003], [121.84473327, 20.355984787000068]]], [[[122.00281302700012, 20.489435999000023], [121.94870546600009, 20.427181708000035], [121.91502133600011, 20.347473147000073], [121.9624234910001, 20.412613908000026], [122.02947412900005, 20.46055046300006], [122.00281302700012, 20.489435999000023]]], [[[121.93317627400006, 20.712346409000077], [121.93317627400006, 20.712346409000077]]], [[[121.86002349600005, 20.836194656000032], [121.81651895300001, 20.768050299000038], [121.79959498500011, 20.68872446000006], [121.85665217100006, 20.75136337400005], [121.86976189600011, 20.831227374000036], [121.86002349600005, 20.836194656000032]]], [[[121.90139605400009, 20.90902865000004], [121.90139605400009, 20.90902865000004]]], [[[121.92018209200012, 20.93557757600007], [121.92018209200012, 20.93557757600007]]], [[[121.93465625500005, 21.069595032000052], [121.93465625500005, 21.069595032000052]]], [[[121.94566696200002, 21.121755276000044], [121.94566696200002, 21.121755276000044]]], [[[125.39719472100012, 5.437910860000045], [125.3296463160001, 5.391946610000048], [125.41186759400011, 5.371054245000039], [125.39719472100012, 5.437910860000045]]], [[[125.47759251900004, 5.495800466000048], [125.46322727200004, 5.416520215000048], [125.47759251900004, 5.495800466000048]]], [[[125.48942543200008, 5.515293694000036], [125.48942543200008, 5.515293694000036]]], [[[126.29186904100004, 6.768422887000042], [126.29186904100004, 6.768422887000042]]], [[[126.2581696310001, 6.796045976000073], [126.2581696310001, 6.796045976000073]]], [[[126.27458243100011, 6.833275276000052], [126.27458243100011, 6.833275276000052]]], [[[125.68714880100003, 6.961858806000066], [125.68714880100003, 6.961858806000066]]], [[[125.77905360400007, 7.178886628000043], [125.77905360400007, 7.178886628000043]]], [[[125.70940192900002, 7.197899232000054], [125.67294033700011, 7.121771361000071], [125.71756995900012, 7.050552523000022], [125.72286336500008, 6.964175216000058], [125.76292782700011, 6.893324558000074], [125.78614989800008, 6.973549737000042], [125.781947349, 7.053779754000061], [125.78636647000008, 7.13877315700006], [125.722090664, 7.191426999000043], [125.70940192900002, 7.197899232000054]]], [[[125.83170073500003, 7.28604931700005], [125.83170073500003, 7.28604931700005]]], [[[125.84168893300011, 7.292776167000056], [125.84168893300011, 7.292776167000056]]], [[[126.387141143, 7.881425685000067], [126.387141143, 7.881425685000067]]], [[[123.57503388200007, 8.633431735000045], [123.57503388200007, 8.633431735000045]]], [[[126.34198239000011, 8.877101650000043], [126.34198239000011, 8.877101650000043]]], [[[124.82542573900002, 9.172776295000062], [124.82542573900002, 9.172776295000062]]], [[[126.19432824400008, 9.23291118000003], [126.19432824400008, 9.23291118000003]]], [[[124.70245905400009, 9.25778741800002], [124.63692208100008, 9.21091182400005], [124.66618182900004, 9.130723498000066], [124.743289247, 9.103233419000048], [124.78599955700008, 9.177653328000076], [124.73217768100005, 9.24827272300007], [124.70245905400009, 9.25778741800002]]], [[[125.9981204720001, 9.38031571700003], [125.9981204720001, 9.38031571700003]]], [[[126.0569619470001, 9.397957208000037], [126.0569619470001, 9.397957208000037]]], [[[125.92457415100012, 9.417200970000067], [125.92457415100012, 9.417200970000067]]], [[[125.91543697800012, 9.418948838000063], [125.91543697800012, 9.418948838000063]]], [[[126.01258832200006, 9.430081578000056], [126.01258832200006, 9.430081578000056]]], [[[125.89831543000003, 9.534484864000035], [125.89831543000003, 9.534484864000035]]], [[[125.86921172600012, 9.541366053000047], [125.86921172600012, 9.541366053000047]]], [[[125.84340296300002, 9.545944509000037], [125.84340296300002, 9.545944509000037]]], [[[125.8389194560001, 9.556074270000067], [125.8389194560001, 9.556074270000067]]], [[[125.78457621700011, 9.572641903000033], [125.78457621700011, 9.572641903000033]]], [[[125.93604638500005, 9.573572224000031], [125.93604638500005, 9.573572224000031]]], [[[125.92541892300005, 9.579111799000032], [125.92541892300005, 9.579111799000032]]], [[[125.75702028800004, 9.583682131000046], [125.75702028800004, 9.583682131000046]]], [[[125.9044677280001, 9.596991288000027], [125.9044677280001, 9.596991288000027]]], [[[126.1777645190001, 9.605603098000074], [126.1777645190001, 9.605603098000074]]], [[[125.71824098800005, 9.606677426000033], [125.71824098800005, 9.606677426000033]]], [[[126.14577888500003, 9.614432948000058], [126.14577888500003, 9.614432948000058]]], [[[126.1760969500001, 9.615664672000037], [126.1760969500001, 9.615664672000037]]], [[[126.17969450900011, 9.640197881000063], [126.17969450900011, 9.640197881000063]]], [[[125.71483979400011, 9.653634771000043], [125.71483979400011, 9.653634771000043]]], [[[125.70750850400009, 9.665613673000053], [125.70750850400009, 9.665613673000053]]], [[[125.67318447900004, 9.680350046000058], [125.67318447900004, 9.680350046000058]]], [[[125.61557753900001, 9.686956491000046], [125.61557753900001, 9.686956491000046]]], [[[125.99549297400006, 9.687635430000057], [125.99549297400006, 9.687635430000057]]], [[[125.61715085800006, 9.687753309000072], [125.61715085800006, 9.687753309000072]]], [[[126.01940120200004, 9.687591732000044], [126.01940120200004, 9.687591732000044]]], [[[125.6260986320001, 9.69030761700003], [125.6260986320001, 9.69030761700003]]], [[[125.6084432990001, 9.693789717000072], [125.6084432990001, 9.693789717000072]]], [[[126.07424333200004, 9.69682470500004], [126.07424333200004, 9.69682470500004]]], [[[126.03817496300007, 9.700422637000031], [126.03817496300007, 9.700422637000031]]], [[[125.6130032310001, 9.705285600000025], [125.6130032310001, 9.705285600000025]]], [[[125.66341298100008, 9.709861624000041], [125.66341298100008, 9.709861624000041]]], [[[125.627757169, 9.727649467000049], [125.627757169, 9.727649467000049]]], [[[125.98269456700007, 9.736551743000064], [125.98269456700007, 9.736551743000064]]], [[[126.02770279700007, 9.736939905000042], [126.02770279700007, 9.736939905000042]]], [[[126.04254342700006, 9.739703266000049], [126.04254342700006, 9.739703266000049]]], [[[125.64432806700006, 9.74068730600004], [125.64432806700006, 9.74068730600004]]], [[[126.17157542200005, 9.74587740800007], [126.17157542200005, 9.74587740800007]]], [[[126.0424792020001, 9.751365729000042], [126.0424792020001, 9.751365729000042]]], [[[125.69496854800002, 9.753202853000062], [125.69496854800002, 9.753202853000062]]], [[[125.67385304000004, 9.757257665000054], [125.67385304000004, 9.757257665000054]]], [[[125.93367126700002, 9.760426891000066], [125.91883214500001, 9.681721503000063], [125.91142921500011, 9.601977293000061], [125.9858858340001, 9.640826025000024], [125.95923491600001, 9.721469971000033], [125.93367126700002, 9.760426891000066]]], [[[125.62103872700004, 9.761380790000032], [125.62103872700004, 9.761380790000032]]], [[[125.57601685600002, 9.763114104000067], [125.57601685600002, 9.763114104000067]]], [[[125.6124357000001, 9.76556749200006], [125.6124357000001, 9.76556749200006]]], [[[125.63615252200009, 9.769160568000075], [125.63615252200009, 9.769160568000075]]], [[[125.58078192900007, 9.770097086000021], [125.58078192900007, 9.770097086000021]]], [[[125.5405500820001, 9.770315144000051], [125.5405500820001, 9.770315144000051]]], [[[125.63311822100002, 9.770676304000062], [125.63311822100002, 9.770676304000062]]], [[[125.53896532100009, 9.772165826000048], [125.53896532100009, 9.772165826000048]]], [[[125.52209472700008, 9.770874023000033], [125.52209472700008, 9.770874023000033]]], [[[125.63140779900004, 9.775816304000045], [125.63140779900004, 9.775816304000045]]], [[[125.54295667000008, 9.777838167000027], [125.54295667000008, 9.777838167000027]]], [[[125.53530002500008, 9.779604591000066], [125.53530002500008, 9.779604591000066]]], [[[125.53992326800005, 9.779779523000059], [125.53992326800005, 9.779779523000059]]], [[[125.55255357400006, 9.788372243000026], [125.55255357400006, 9.788372243000026]]], [[[125.65369225800009, 9.797240111000065], [125.65369225800009, 9.797240111000065]]], [[[125.6381163530001, 9.798925299000075], [125.6381163530001, 9.798925299000075]]], [[[125.58627433600009, 9.801664938000044], [125.58627433600009, 9.801664938000044]]], [[[125.71638593400007, 9.813072688000034], [125.71638593400007, 9.813072688000034]]], [[[125.97029558800011, 9.856988389000037], [125.97029558800011, 9.856988389000037]]], [[[125.96519727200007, 9.85783617900006], [125.96519727200007, 9.85783617900006]]], [[[125.96565032500007, 9.859139344000027], [125.96565032500007, 9.859139344000027]]], [[[125.96703071200011, 9.861657132000062], [125.96703071200011, 9.861657132000062]]], [[[125.9727842740001, 9.863486483000031], [125.9727842740001, 9.863486483000031]]], [[[125.96864324400008, 9.865544562000025], [125.96864324400008, 9.865544562000025]]], [[[125.96115522600007, 9.889440639000043], [125.96115522600007, 9.889440639000043]]], [[[125.95049340000003, 9.89272208500006], [125.95049340000003, 9.89272208500006]]], [[[125.9051377830001, 9.901257359000056], [125.9051377830001, 9.901257359000056]]], [[[125.61128441700009, 9.912129580000055], [125.61128441700009, 9.912129580000055]]], [[[125.97010164500011, 9.914846087000058], [125.97010164500011, 9.914846087000058]]], [[[125.64204725200011, 9.916072799000062], [125.589703944, 9.851221872000053], [125.67162078400008, 9.833331862000023], [125.64422883500004, 9.912248935000036], [125.64204725200011, 9.916072799000062]]], [[[125.44348144500009, 9.91687011700003], [125.44348144500009, 9.91687011700003]]], [[[125.89887892000002, 9.918760958000064], [125.89887892000002, 9.918760958000064]]], [[[125.51523300200006, 9.921391864000043], [125.51523300200006, 9.921391864000043]]], [[[125.89394977000006, 9.92316145600006], [125.89394977000006, 9.92316145600006]]], [[[125.64129296700003, 9.926704977000043], [125.64129296700003, 9.926704977000043]]], [[[125.81207980500005, 9.92800358200003], [125.81207980500005, 9.92800358200003]]], [[[125.95553593500006, 9.929581622000057], [125.95553593500006, 9.929581622000057]]], [[[125.4965800440001, 9.929318615000057], [125.4965800440001, 9.929318615000057]]], [[[125.93753485400009, 9.929762115000074], [125.93753485400009, 9.929762115000074]]], [[[125.68060320400002, 9.933776651000073], [125.68060320400002, 9.933776651000073]]], [[[125.63077729800011, 9.937831981000045], [125.63077729800011, 9.937831981000045]]], [[[125.96514802000002, 9.937853361000066], [125.96514802000002, 9.937853361000066]]], [[[125.688802355, 9.939633640000068], [125.688802355, 9.939633640000068]]], [[[125.55346423600008, 9.947295193000059], [125.55346423600008, 9.947295193000059]]], [[[125.98957163600005, 9.949373870000045], [125.98957163600005, 9.949373870000045]]], [[[125.54345885500004, 9.949751463000041], [125.54345885500004, 9.949751463000041]]], [[[125.95812988300008, 9.94952392600004], [125.95812988300008, 9.94952392600004]]], [[[125.9687249100001, 9.96383061900002], [125.92407182600004, 9.895017732000042], [125.97410700500006, 9.960209040000052], [125.9687249100001, 9.96383061900002]]], [[[125.52429784700007, 9.981640732000074], [125.52429784700007, 9.981640732000074]]], [[[125.53583695900011, 9.990873470000054], [125.53583695900011, 9.990873470000054]]], [[[125.4972520010001, 10.01819895400007], [125.4972520010001, 10.01819895400007]]], [[[125.51387847700005, 10.03001916200003], [125.51387847700005, 10.03001916200003]]], [[[125.58271253600003, 10.061088922000067], [125.58271253600003, 10.061088922000067]]], [[[126.07071634700003, 10.056174662000046], [126.02233057500007, 9.977241821000064], [125.97267118600007, 9.908791419000067], [125.95922140400012, 9.82698698400003], [126.00979227100004, 9.763699024000061], [126.09434248500008, 9.747599773000047], [126.16101368700004, 9.802582796000024], [126.09586869700001, 9.851049168000031], [126.10624393300009, 9.936937317000059], [126.07782179500009, 10.013547627000037], [126.07071634700003, 10.056174662000046]]], [[[125.58123020000005, 10.076208546000032], [125.58123020000005, 10.076208546000032]]], [[[125.47151625700008, 10.082139644000051], [125.47151625700008, 10.082139644000051]]], [[[125.50539266900012, 10.084220469000059], [125.50539266900012, 10.084220469000059]]], [[[125.47839081600011, 10.090557525000065], [125.47839081600011, 10.090557525000065]]], [[[125.48481607800011, 10.093783578000057], [125.48481607800011, 10.093783578000057]]], [[[125.47675813500007, 10.10618545400007], [125.47675813500007, 10.10618545400007]]], [[[125.48155942100004, 10.145834232000027], [125.48155942100004, 10.145834232000027]]], [[[125.48339024300003, 10.15321693900006], [125.48339024300003, 10.15321693900006]]], [[[125.49167331600006, 10.17249449700006], [125.49167331600006, 10.17249449700006]]], [[[125.46340488500005, 10.174740951000047], [125.46340488500005, 10.174740951000047]]], [[[125.50177548300007, 10.182442199000036], [125.50177548300007, 10.182442199000036]]], [[[125.59045882100008, 10.38209529900007], [125.59045882100008, 10.38209529900007]]], [[[125.47295047000011, 10.440568304000067], [125.47295047000011, 10.440568304000067]]], [[[125.47318464000011, 10.461220749000063], [125.47318464000011, 10.461220749000063]]], [[[125.64236496800004, 10.471592963000035], [125.6073960010001, 10.393696530000057], [125.55526035800006, 10.326970704000075], [125.5201397400001, 10.249500233000049], [125.50146645200005, 10.171567072000073], [125.49890576400003, 10.09093149000006], [125.57695621000005, 10.06490090400007], [125.57345528600001, 9.981283249000057], [125.64078324900004, 9.937778532000038], [125.6594500000001, 9.85333], [125.67626977600003, 9.93546191200005], [125.68734655500009, 10.021070381000072], [125.67675088100009, 10.103523468000049], [125.64878893700006, 10.179057526000065], [125.65339021900002, 10.259676378000051], [125.66438406700001, 10.34003877200007], [125.67331641200008, 10.420165932000032], [125.64236496800004, 10.471592963000035]]], [[[125.76910285100007, 11.032563933000063], [125.81892393400005, 10.955516067000076], [125.7774800090001, 11.02543958800004], [125.76910285100007, 11.032563933000063]]], [[[125.7627156740001, 11.033138046000033], [125.7627156740001, 11.033138046000033]]], [[[125.62888317500006, 11.046765822000054], [125.62888317500006, 11.046765822000054]]], [[[125.70110819400008, 11.056263265000041], [125.70110819400008, 11.056263265000041]]], [[[125.69551451400002, 11.058457395000062], [125.69551451400002, 11.058457395000062]]], [[[125.68163672300011, 11.059790796000073], [125.68163672300011, 11.059790796000073]]], [[[125.69706228600012, 11.062169402000052], [125.69706228600012, 11.062169402000052]]], [[[125.68537094300007, 11.072646933000044], [125.68537094300007, 11.072646933000044]]], [[[125.69081879100008, 11.098695593000059], [125.69081879100008, 11.098695593000059]]], [[[125.57588974200007, 11.107295059000023], [125.57588974200007, 11.107295059000023]]], [[[125.66199467100012, 11.110460107000051], [125.66199467100012, 11.110460107000051]]], [[[125.6772654780001, 11.11218801900003], [125.6772654780001, 11.11218801900003]]], [[[125.4696218580001, 11.115803541000048], [125.4696218580001, 11.115803541000048]]], [[[125.52065857100001, 11.135762747000058], [125.52065857100001, 11.135762747000058]]], [[[125.5349102990001, 11.136487253000041], [125.5349102990001, 11.136487253000041]]], [[[125.53624801600006, 11.138275315000044], [125.53624801600006, 11.138275315000044]]], [[[125.54296869200004, 11.143054719000077], [125.54296869200004, 11.143054719000077]]], [[[125.5491264630001, 11.143972689000066], [125.5491264630001, 11.143972689000066]]], [[[125.0145613840001, 11.152750567000055], [125.0145613840001, 11.152750567000055]]], [[[125.08506490000002, 11.258251466000047], [125.08506490000002, 11.258251466000047]]], [[[124.97221909300004, 11.303183111000067], [124.97221909300004, 11.303183111000067]]], [[[124.97723119000011, 11.341558042000031], [124.97723119000011, 11.341558042000031]]], [[[124.97983533000001, 11.362066282000058], [124.97983533000001, 11.362066282000058]]], [[[124.9876149800001, 11.363182101000064], [124.9876149800001, 11.363182101000064]]], [[[124.97981464100008, 11.365791310000077], [124.97981464100008, 11.365791310000077]]], [[[124.98705491700002, 11.36586931200003], [124.98705491700002, 11.36586931200003]]], [[[124.98867595000002, 11.369647074000056], [124.98867595000002, 11.369647074000056]]], [[[124.98453237300009, 11.388885388000062], [124.98453237300009, 11.388885388000062]]], [[[124.89558014800002, 11.401545240000075], [124.89558014800002, 11.401545240000075]]], [[[124.96973065000009, 11.422223598000073], [124.96973065000009, 11.422223598000073]]], [[[124.9605413590001, 11.422420381000052], [124.9605413590001, 11.422420381000052]]], [[[124.96667891800007, 11.42502031600003], [124.96667891800007, 11.42502031600003]]], [[[124.96309286100006, 11.430536844000073], [124.96309286100006, 11.430536844000073]]], [[[124.87067321100005, 11.434457512000051], [124.87067321100005, 11.434457512000051]]], [[[124.90931779900006, 11.43481865900003], [124.90931779900006, 11.43481865900003]]], [[[124.85324429700006, 11.439627364000046], [124.85324429700006, 11.439627364000046]]], [[[125.55236414600006, 11.439499640000065], [125.55236414600006, 11.439499640000065]]], [[[124.888202352, 11.44127626200003], [124.888202352, 11.44127626200003]]], [[[124.89659809700004, 11.500577132000046], [124.89659809700004, 11.500577132000046]]], [[[124.79528556700006, 11.527173281000046], [124.79528556700006, 11.527173281000046]]], [[[124.81175035100011, 11.527608324000028], [124.81175035100011, 11.527608324000028]]], [[[124.85579308600006, 11.547466163000024], [124.85579308600006, 11.547466163000024]]], [[[124.78701744800003, 11.550049982000075], [124.78701744800003, 11.550049982000075]]], [[[124.8536493690001, 11.552942242000029], [124.8536493690001, 11.552942242000029]]], [[[124.85853286100007, 11.555260894000071], [124.85853286100007, 11.555260894000071]]], [[[124.849872419, 11.562505187000056], [124.849872419, 11.562505187000056]]], [[[124.31394764800007, 11.563557892000063], [124.29427461400007, 11.48586134900006], [124.32603010900004, 11.408536900000058], [124.33942225700002, 11.32575991300007], [124.3822255340001, 11.257429682000065], [124.39160068300009, 11.165419133000057], [124.3852459520001, 11.084100787000068], [124.40354793600011, 11.006130721000034], [124.37973733400008, 10.929202854000039], [124.45114027300008, 10.890712442000051], [124.5329794920001, 10.892782800000077], [124.53779110200003, 10.97754942000006], [124.61992683200003, 10.992511059000037], [124.68416855600003, 10.93804945900007], [124.71988344100009, 10.863658221000037], [124.77015410600006, 10.795880219000026], [124.79339693100007, 10.717973978000032], [124.78639418400007, 10.636779184000034], [124.76473761700004, 10.554450089000056], [124.7205825850001, 10.485602845000074], [124.7248957270001, 10.398726918000023], [124.78704980200007, 10.330032155000026], [124.76747290700007, 10.24289690300003], [124.75762035500009, 10.156167522000032], [124.83358886400003, 10.130119008000065], [124.90435331000003, 10.090327040000034], [124.98380901200005, 10.034839077000072], [125.00867456300011, 10.11495598700003], [124.98311531800005, 10.197934634000035], [124.9806900640001, 10.290292790000024], [124.96839794000005, 10.374808681000047], [125.03796225400004, 10.334072518000028], [125.06810749300007, 10.258288055000037], [125.11137379900003, 10.186237361000053], [125.12987502300007, 10.271433064000064], [125.20725752300007, 10.246589338000035], [125.26802968100003, 10.299925232000021], [125.24748236100004, 10.384794654000075], [125.1797534960001, 10.429148078000026], [125.17503097500003, 10.51047027800007], [125.18699216400012, 10.591181196000036], [125.12885140500009, 10.649326416000065], [125.07112891200006, 10.716004116000022], [125.00305894300004, 10.808495418000064], [125.01657402800004, 10.897204200000033], [125.04049071500003, 10.994291536000048], [125.03192986800002, 11.079567972000063], [125.00724667400004, 11.157828635000044], [125.03076037400001, 11.238562091000063], [124.96214182200004, 11.279963118000069], [124.96820422700011, 11.36214902100005], [124.91063042200005, 11.420095703000072], [124.830762047, 11.426792035000062], [124.7818672840001, 11.362672321000048], [124.71411385100009, 11.315021600000023], [124.63489245700009, 11.295776253000042], [124.55125655200004, 11.339367421000077], [124.53717539400009, 11.425775305000059], [124.47421470300003, 11.37639202400004], [124.42854870300005, 11.44939534200006], [124.37364547700008, 11.507960375000039], [124.31394764800007, 11.563557892000063]]], [[[124.85359162500004, 11.566372655000066], [124.85359162500004, 11.566372655000066]]], [[[124.2652766540001, 11.582488364000028], [124.2652766540001, 11.582488364000028]]], [[[124.90678923000007, 11.582821242000023], [124.90678923000007, 11.582821242000023]]], [[[124.90599717400005, 11.600039141000025], [124.90599717400005, 11.600039141000025]]], [[[125.49844086600001, 11.601408151000044], [125.49844086600001, 11.601408151000044]]], [[[124.75660259000006, 11.610686371000043], [124.75660259000006, 11.610686371000043]]], [[[124.8938587350001, 11.612424185000066], [124.8938587350001, 11.612424185000066]]], [[[124.36312180900006, 11.619350913000062], [124.36312180900006, 11.619350913000062]]], [[[124.87696970000002, 11.620889211000076], [124.87696970000002, 11.620889211000076]]], [[[124.34293486400009, 11.630990389000033], [124.34293486400009, 11.630990389000033]]], [[[124.83391162200007, 11.637922487000026], [124.83391162200007, 11.637922487000026]]], [[[124.88751656800002, 11.646438887000045], [124.88751656800002, 11.646438887000045]]], [[[125.48468990200001, 11.64594310800004], [125.48468990200001, 11.64594310800004]]], [[[124.78104309700007, 11.673624386000029], [124.78104309700007, 11.673624386000029]]], [[[124.32753254400006, 11.675714888000073], [124.32753254400006, 11.675714888000073]]], [[[124.35940237600005, 11.69441144800004], [124.35940237600005, 11.69441144800004]]], [[[124.90720738200002, 11.698928355000021], [124.90720738200002, 11.698928355000021]]], [[[124.42627325100011, 11.70720989800003], [124.34702982400006, 11.676284881000072], [124.392735678, 11.599777286000062], [124.42348969400007, 11.515086257000064], [124.48608558500007, 11.46433614700004], [124.5753002130001, 11.472384797000075], [124.61695459000009, 11.543269629000065], [124.56355369000005, 11.603364645000056], [124.52889184800006, 11.679371877000051], [124.43743209900003, 11.701277403000063], [124.42627325100011, 11.70720989800003]]], [[[124.82275249000008, 11.70965575100007], [124.84045241500007, 11.628156615000023], [124.82275249000008, 11.70965575100007]]], [[[124.33533965000004, 11.70969844700005], [124.33533965000004, 11.70969844700005]]], [[[124.86988217600003, 11.715103336000027], [124.86988217600003, 11.715103336000027]]], [[[124.72742492300006, 11.73271184500004], [124.73691453300012, 11.639657741000065], [124.77723650500002, 11.570031296000025], [124.80739749400004, 11.64505058100002], [124.74845789000005, 11.700244351000038], [124.72742492300006, 11.73271184500004]]], [[[124.71298858000011, 11.737139159000037], [124.71298858000011, 11.737139159000037]]], [[[124.74571436500003, 11.739035472000069], [124.74571436500003, 11.739035472000069]]], [[[124.87652667300006, 11.74555760000004], [124.87652667300006, 11.74555760000004]]], [[[124.89731503200005, 11.748463996000055], [124.89731503200005, 11.748463996000055]]], [[[124.86936776800007, 11.751057165000077], [124.86936776800007, 11.751057165000077]]], [[[124.26654413000006, 11.767998713000054], [124.26654413000006, 11.767998713000054]]], [[[124.73448016900011, 11.785130239000068], [124.73448016900011, 11.785130239000068]]], [[[124.72336310900005, 11.791724567000074], [124.72336310900005, 11.791724567000074]]], [[[124.734143861, 11.792618357000038], [124.734143861, 11.792618357000038]]], [[[124.80610509500002, 11.798425683000062], [124.80610509500002, 11.798425683000062]]], [[[124.7157694870001, 11.800406974000055], [124.7157694870001, 11.800406974000055]]], [[[124.7015660400001, 11.809139935000076], [124.7015660400001, 11.809139935000076]]], [[[124.31768282300004, 11.81726167200003], [124.31768282300004, 11.81726167200003]]], [[[124.81854497800009, 11.818449930000043], [124.81854497800009, 11.818449930000043]]], [[[124.73714526200001, 11.820722140000044], [124.73714526200001, 11.820722140000044]]], [[[124.72834078100004, 11.828313274000038], [124.72834078100004, 11.828313274000038]]], [[[124.68402637100007, 11.830386238000074], [124.68402637100007, 11.830386238000074]]], [[[124.69660726900008, 11.837003128000049], [124.69660726900008, 11.837003128000049]]], [[[124.67728387700004, 11.839935393000076], [124.67728387700004, 11.839935393000076]]], [[[124.7173710620001, 11.844446825000034], [124.7173710620001, 11.844446825000034]]], [[[125.46878057200001, 11.862327949000075], [125.46878057200001, 11.862327949000075]]], [[[125.45873266100011, 11.866633430000036], [125.45873266100011, 11.866633430000036]]], [[[125.46879169100009, 11.880644225000026], [125.46879169100009, 11.880644225000026]]], [[[124.27984103400001, 11.890504813000064], [124.27984103400001, 11.890504813000064]]], [[[124.77887887500003, 11.891338584000039], [124.77887887500003, 11.891338584000039]]], [[[124.7228304030001, 11.896242778000044], [124.7228304030001, 11.896242778000044]]], [[[124.71525431000009, 11.908804902000043], [124.71525431000009, 11.908804902000043]]], [[[124.62852434800004, 11.914547022000022], [124.62852434800004, 11.914547022000022]]], [[[124.64053440900011, 11.920964710000021], [124.64053440900011, 11.920964710000021]]], [[[124.6195661800001, 11.926674302000038], [124.6195661800001, 11.926674302000038]]], [[[124.40621858400004, 11.92886926600005], [124.40621858400004, 11.92886926600005]]], [[[124.44385164900007, 11.932969549000063], [124.44385164900007, 11.932969549000063]]], [[[124.35525868900004, 11.942578688000026], [124.35525868900004, 11.942578688000026]]], [[[124.36630169300008, 11.954861962000052], [124.36630169300008, 11.954861962000052]]], [[[124.33232972000008, 11.960314149000055], [124.27905425400002, 11.899697632000027], [124.33232972000008, 11.960314149000055]]], [[[124.67039142400006, 11.986114990000033], [124.67039142400006, 11.986114990000033]]], [[[124.422194181, 11.991895379000027], [124.422194181, 11.991895379000027]]], [[[125.55643680100002, 12.006435958000054], [125.55643680100002, 12.006435958000054]]], [[[125.55923191000011, 12.01544672500006], [125.55923191000011, 12.01544672500006]]], [[[125.56064372300011, 12.023425048000036], [125.56064372300011, 12.023425048000036]]], [[[125.56273910100003, 12.068328783000027], [125.56273910100003, 12.068328783000027]]], [[[125.57050148700012, 12.066977247000068], [125.57050148700012, 12.066977247000068]]], [[[124.22148487800007, 12.08404015900004], [124.14824657300005, 12.049274100000048], [124.22830365200002, 12.058699266000076], [124.22148487800007, 12.08404015900004]]], [[[125.56416548700008, 12.093684343000064], [125.56416548700008, 12.093684343000064]]], [[[124.19918831600012, 12.096711325000058], [124.19918831600012, 12.096711325000058]]], [[[125.5504045450001, 12.119325047000075], [125.5504045450001, 12.119325047000075]]], [[[124.09920148300012, 12.290554591000046], [124.09920148300012, 12.290554591000046]]], [[[124.05612238600008, 12.35953058900003], [124.05612238600008, 12.35953058900003]]], [[[124.03191846300001, 12.361468597000055], [124.03191846300001, 12.361468597000055]]], [[[124.0116530890001, 12.374655191000045], [124.0116530890001, 12.374655191000045]]], [[[124.04422843800012, 12.383055467000077], [124.04422843800012, 12.383055467000077]]], [[[124.06194443400011, 12.386510841000074], [124.06194443400011, 12.386510841000074]]], [[[124.03007602100001, 12.409841555000071], [124.03007602100001, 12.409841555000071]]], [[[124.24641868900005, 12.459480679000023], [124.26206626700002, 12.37414697500003], [124.25189360900004, 12.457457532000035], [124.24641868900005, 12.459480679000023]]], [[[124.14153079300002, 12.483072205000042], [124.16275247300007, 12.399152486000048], [124.14184764600009, 12.480513810000048], [124.14153079300002, 12.483072205000042]]], [[[124.50242008200007, 12.532899908000047], [124.50242008200007, 12.532899908000047]]], [[[124.70345139900007, 12.534825817000069], [124.70345139900007, 12.534825817000069]]], [[[124.47418611600006, 12.541364161000047], [124.47418611600006, 12.541364161000047]]], [[[124.4812350310001, 12.54349488500003], [124.4812350310001, 12.54349488500003]]], [[[124.42470453300007, 12.544092629000033], [124.42470453300007, 12.544092629000033]]], [[[124.45622871000012, 12.548838752000051], [124.45622871000012, 12.548838752000051]]], [[[124.68356592700002, 12.550229405000039], [124.68356592700002, 12.550229405000039]]], [[[125.04612914200004, 12.551402778000067], [125.04612914200004, 12.551402778000067]]], [[[125.0518292050001, 12.552237561000027], [125.0518292050001, 12.552237561000027]]], [[[124.48616698300009, 12.553550427000062], [124.48616698300009, 12.553550427000062]]], [[[125.02024914200001, 12.560485678000077], [125.02024914200001, 12.560485678000077]]], [[[125.0682575080001, 12.562510177000036], [125.0682575080001, 12.562510177000036]]], [[[124.32039491300009, 12.57083853100005], [124.32039491300009, 12.57083853100005]]], [[[124.42759462700008, 12.580821228000048], [124.42759462700008, 12.580821228000048]]], [[[125.14541179900004, 12.584765602000061], [125.07534430900012, 12.536280582000074], [124.98799629300004, 12.552214401000072], [124.90054168400002, 12.567439312000033], [124.82892355400008, 12.52856967300005], [124.73713071500003, 12.516425696000056], [124.65586260100008, 12.515785332000064], [124.568933721, 12.528810617000033], [124.48564007700008, 12.533945190000054], [124.40394466500004, 12.54741640900005], [124.32200089700007, 12.553670415000056], [124.28236035700002, 12.478191225000046], [124.32446040900004, 12.407110395000075], [124.33834233100004, 12.328279645000066], [124.36656861100005, 12.252341816000069], [124.4112000340001, 12.182148942000026], [124.46823531900009, 12.124769531000027], [124.52789562600003, 12.063508741000021], [124.61658138400003, 12.056535555000039], [124.68331481100006, 12.010727563000046], [124.72298984300005, 11.93877681600003], [124.80031461300007, 11.91199387200004], [124.82453836800005, 11.835422792000031], [124.8800910860001, 11.777048781000076], [124.95989328000007, 11.767300541000054], [125.04326538300006, 11.752146754000023], [124.99290998600009, 11.686142037000025], [124.97316975700005, 11.607422263000046], [124.89622711900006, 11.573141297000063], [124.83038549600008, 11.525419617000068], [124.88308525000002, 11.465098993000026], [124.96341152000002, 11.451409825000042], [124.98947227300005, 11.37450076400006], [124.97901930300009, 11.292071083000053], [125.06622868600004, 11.277869864000024], [125.15104971800008, 11.27535613200007], [125.17904775000011, 11.19856911000005], [125.20984306000003, 11.121028681000041], [125.29735602500011, 11.142885988000046], [125.36836842800005, 11.103886984000042], [125.4492328770001, 11.098477180000032], [125.51984714200012, 11.140505365000024], [125.59870426100008, 11.116252442000075], [125.68811986800006, 11.110771086000057], [125.71743554400007, 11.036012053000036], [125.70236638300003, 11.121575717000042], [125.66513117700003, 11.198199569000053], [125.59094290200005, 11.22862950700005], [125.60916308800006, 11.307345152000039], [125.59097667700007, 11.388121091000073], [125.52918336000005, 11.440060918000029], [125.49567173900004, 11.515184497000064], [125.47173526800009, 11.593059466000057], [125.46269337000001, 11.674250653000058], [125.46317866700008, 11.754684824000037], [125.43701891, 11.836631413000077], [125.4232267430001, 11.91725511200002], [125.45613577100005, 11.99360030500003], [125.513736074, 12.057314509000037], [125.44498179200002, 12.101706186000058], [125.47855299100002, 12.174603771000022], [125.45684970400009, 12.253250907000051], [125.3725472320001, 12.266906547000076], [125.2932114140001, 12.29005677400005], [125.29725697700007, 12.370338497000034], [125.28961981100008, 12.451348937000034], [125.23413404400003, 12.513284544000044], [125.170407339, 12.56193735100004], [125.14541179900004, 12.584765602000061]]], [[[124.38247788100011, 12.585263936000047], [124.38247788100011, 12.585263936000047]]], [[[124.48607222800001, 12.586429999000075], [124.48607222800001, 12.586429999000075]]], [[[124.36170086600009, 12.589807578000034], [124.36170086600009, 12.589807578000034]]], [[[125.1434100030001, 12.601896894000049], [125.1434100030001, 12.601896894000049]]], [[[124.43761567000001, 12.624407666000025], [124.43761567000001, 12.624407666000025]]], [[[124.44079623000005, 12.625883980000026], [124.44079623000005, 12.625883980000026]]], [[[124.43192563700006, 12.62613762500007], [124.43192563700006, 12.62613762500007]]], [[[124.359006829, 12.627582136000058], [124.359006829, 12.627582136000058]]], [[[125.08445610000001, 12.630195652000054], [125.08445610000001, 12.630195652000054]]], [[[124.3913790900001, 12.635405164000076], [124.3913790900001, 12.635405164000076]]], [[[124.4383773080001, 12.63896752200003], [124.4383773080001, 12.63896752200003]]], [[[124.39466646800008, 12.639467490000072], [124.39466646800008, 12.639467490000072]]], [[[124.99359242000003, 12.642559316000074], [125.01606820800009, 12.565370917000052], [124.99359242000003, 12.642559316000074]]], [[[124.4219123370001, 12.643688518000033], [124.4219123370001, 12.643688518000033]]], [[[124.42664140600004, 12.646820516000048], [124.42664140600004, 12.646820516000048]]], [[[124.36916403600003, 12.651285341000062], [124.36916403600003, 12.651285341000062]]], [[[124.3601215440001, 12.66176482800006], [124.3601215440001, 12.66176482800006]]], [[[124.99931755300008, 12.663525144000062], [124.99931755300008, 12.663525144000062]]], [[[124.39880369200012, 12.677980675000072], [124.39880369200012, 12.677980675000072]]], [[[125.06245144900004, 12.685977853000054], [125.0534601170001, 12.606417831000044], [125.06245144900004, 12.685977853000054]]], [[[124.3810923960001, 12.688525686000048], [124.3810923960001, 12.688525686000048]]], [[[124.3563674400001, 12.696379380000053], [124.3563674400001, 12.696379380000053]]], [[[124.36799375300006, 12.697531307000077], [124.36799375300006, 12.697531307000077]]], [[[120.84667757700004, 18.650965169000074], [120.77766979500007, 18.600878073000047], [120.73435367900004, 18.529956557000048], [120.6450351530001, 18.53925066200003], [120.56398582600002, 18.492737007000073], [120.59180456700005, 18.41522355500007], [120.59470480000004, 18.322618775000024], [120.54865267100001, 18.233600720000027], [120.51821881700005, 18.153517333000025], [120.47062104200006, 18.086559472000033], [120.49763223500008, 18.003474580000045], [120.45025087700003, 17.931455632000052], [120.44518181100011, 17.845959510000057], [120.42226244500011, 17.768606266000063], [120.38928284400004, 17.692743260000043], [120.35140379800009, 17.615658876000055], [120.36577383400004, 17.535045327000034], [120.43560668000009, 17.480220015000043], [120.45862161200012, 17.39040923700003], [120.42839832000004, 17.316310178000037], [120.4205858140001, 17.232125732000043], [120.43368908600007, 17.12645238300007], [120.4481846330001, 17.04352363600003], [120.42773107800008, 16.945646332000024], [120.37349629100004, 16.857718180000063], [120.33107826100002, 16.769185639000057], [120.33833144100004, 16.68908885600007], [120.30906898800004, 16.613520639000058], [120.31561589300009, 16.53347240200003], [120.33427955000002, 16.44020122300003], [120.33608790800008, 16.353685257000052], [120.35546046700006, 16.27423242800006], [120.41442950900012, 16.21066718900005], [120.3939061530001, 16.12762045200003], [120.33282078600007, 16.075280803000055], [120.25630788800004, 16.042062290000047], [120.17098371300006, 16.037111792000076], [120.09616972100002, 16.069181764000064], [120.10192690400004, 16.15056847200003], [120.03194682000003, 16.190296989000046], [119.96273640800007, 16.23176410700006], [119.91364695000004, 16.299747400000058], [119.92512942300004, 16.383493256000065], [119.83680856400008, 16.36348909000003], [119.78089915300006, 16.303576254000063], [119.76710006600001, 16.21747449800006], [119.77632888900007, 16.13230397600006], [119.75576545400008, 16.050162028000045], [119.74986231800005, 15.964168100000052], [119.83134880600005, 15.957927106000056], [119.89159662000009, 15.892164765000075], [119.89156366600002, 15.811356971000066], [119.86940737400005, 15.733397338000032], [119.9358764000001, 15.687349062000067], [119.91079132400012, 15.609222902000056], [119.94534302400007, 15.532693962000053], [119.90832665300002, 15.456609401000037], [119.9376155440001, 15.37954634700003], [119.98741335900002, 15.301771540000061], [120.02972292200002, 15.189289101000043], [120.04977401600001, 15.109024763000036], [120.0606964530001, 15.026476574000071], [120.05609412100011, 14.937582888000065], [120.07058356300001, 14.85363942600003], [120.10647611900004, 14.780101769000055], [120.17801473600002, 14.740781050000066], [120.21261156000003, 14.819685248000042], [120.29417513600004, 14.818302316000029], [120.24654856400002, 14.75043759700003], [120.26543429700007, 14.668989855000063], [120.33734275400002, 14.63139499500005], [120.38562664300002, 14.563923510000052], [120.39004267000007, 14.480189849000055], [120.45935088100009, 14.43433914800005], [120.54005307500006, 14.421159443000022], [120.606213453, 14.467807887000049], [120.59910409100007, 14.55014851900006], [120.5831395890001, 14.640783661000057], [120.54910275400005, 14.713834707000046], [120.5471994830001, 14.793976422000071], [120.63050597000006, 14.799830550000024], [120.70793616900005, 14.766229229000032], [120.78800113300008, 14.759592524000027], [120.86287080500006, 14.724931581000021], [120.93075990400007, 14.676219540000034], [120.9604671840001, 14.600846682000054], [120.97937278600011, 14.519198478000021], [120.91656939100005, 14.464223333000064], [120.84615101800011, 14.414969476000067], [120.78040663000002, 14.34913791100007], [120.7164498840001, 14.295215645000042], [120.63822707300005, 14.273236465000025], [120.58399085200006, 14.211956752000049], [120.57873393900002, 14.131674093000072], [120.6251241120001, 14.058568555000022], [120.63068730000009, 13.976375552000036], [120.61879275400008, 13.889984386000037], [120.62420678500007, 13.807905534000042], [120.70366470600004, 13.843495327000028], [120.71291530500002, 13.926215726000066], [120.79997433200003, 13.924060076000046], [120.88124873700008, 13.90085612200005], [120.91125247500008, 13.824817487000075], [120.89148547400009, 13.73889598900007], [120.96603542000003, 13.771825971000055], [121.04480092500012, 13.751833200000021], [121.05358264800009, 13.670413241000062], [121.14172024800007, 13.634862199000054], [121.22161302300003, 13.629463214000054], [121.30418876400006, 13.612495661000025], [121.36912963600003, 13.660763983000038], [121.45368241100005, 13.673161524000022], [121.43243622600005, 13.76447097700003], [121.47448112600011, 13.839383071000043], [121.5550252380001, 13.872445858000049], [121.6296898710001, 13.908367374000022], [121.69475168400004, 13.956144486000028], [121.78006717200003, 13.942783280000071], [121.84449839400008, 13.89083593600003], [121.92166855200003, 13.854979610000044], [121.98971926800004, 13.80288076200003], [122.06761809300008, 13.780426676000047], [122.13908607700012, 13.721784523000053], [122.18768774500006, 13.656596549000028], [122.25438366700007, 13.604880647000073], [122.33742734000009, 13.576039606000052], [122.401857016, 13.524247646000049], [122.44404561500005, 13.452787815000022], [122.49554148900006, 13.38929773700005], [122.5228288730001, 13.312618815000064], [122.52451124800007, 13.228715302000069], [122.58731595300003, 13.166489144000025], [122.65744896000001, 13.207800829000064], [122.68265131500004, 13.29109399600003], [122.67621766400009, 13.374568144000023], [122.64594729300006, 13.44871501800003], [122.59874015800006, 13.51756610800004], [122.54547268200008, 13.582016703000022], [122.49689188100001, 13.64742005000005], [122.48617021300004, 13.727336513000068], [122.50933857500002, 13.805672999000024], [122.46798921300001, 13.878118787000062], [122.41952651600002, 13.942829433000043], [122.49785090400007, 13.925738055000068], [122.58952554100006, 13.896573101000058], [122.65092305400003, 13.83559082000005], [122.73843975000011, 13.80850358300006], [122.80496814000003, 13.749849160000053], [122.86202012100011, 13.689711272000068], [122.86012482900003, 13.606871930000068], [122.93940358900011, 13.553136024000025], [123.02976779800008, 13.507383219000076], [123.10912602700012, 13.475277137000035], [123.18844368300006, 13.434588865000023], [123.20965286500007, 13.352285016000053], [123.25212307600009, 13.278250545000049], [123.3136704310001, 13.22336583300006], [123.28822973500007, 13.146765834000064], [123.28920846200003, 13.064442088000021], [123.35839899600012, 13.021671677000029], [123.44460879100006, 13.028497594000044], [123.50911945700011, 12.964122459000066], [123.58434038400003, 12.914973850000024], [123.65237139900012, 12.870234522000032], [123.69657601100005, 12.937095242000055], [123.72427726900003, 12.860501725000063], [123.80622406400005, 12.866088562000073], [123.86587727000006, 12.923457023000026], [123.92978856400009, 12.972542814000064], [124.01164295400008, 12.969875375000072], [124.01904259100002, 12.878508322000073], [123.94361609600003, 12.849266888000045], [123.86128475900011, 12.873790907000057], [123.84463810400007, 12.785848496000028], [123.85873776300002, 12.69696941500007], [123.91643574700004, 12.619359121000059], [123.97380197000007, 12.559102043000053], [124.05257561000008, 12.540014819000021], [124.10337068100011, 12.613331076000065], [124.12996917800001, 12.69075398800004], [124.14206069500005, 12.77023245600003], [124.15270884000006, 12.857346611000025], [124.14400670100008, 12.941093900000055], [124.18829003000008, 13.009283795000044], [124.13725278800007, 13.07609326000005], [124.09159284700002, 13.009271740000031], [124.02256628100008, 13.051847655000074], [123.95349656700012, 13.103411247000054], [123.87943236900003, 13.143195179000031], [123.83031512900004, 13.075793304000058], [123.7503574640001, 13.084548017000031], [123.75418051800011, 13.175118593000036], [123.81058648700002, 13.235753980000027], [123.7800132430001, 13.311616324000056], [123.72725480800011, 13.383677570000032], [123.68564055800005, 13.45933754500004], [123.61644772900001, 13.502577187000043], [123.55244567400007, 13.556858394000074], [123.53994838200003, 13.642681766000067], [123.57622340300009, 13.717626374000076], [123.65771455700008, 13.707352935000074], [123.74053810200007, 13.70574270800006], [123.82140164900011, 13.691679450000038], [123.8923574590001, 13.729111695000029], [123.97097139700008, 13.711479504000067], [123.94468560400003, 13.789273309000066], [123.867063733, 13.825749363000057], [123.78600968, 13.846097778000058], [123.73030696, 13.904738332000022], [123.65115715500008, 13.889593812000044], [123.57301338200011, 13.913908258000049], [123.49223052500008, 13.914943954000023], [123.41386002900003, 13.938502223000057], [123.39268722700001, 14.015720858000066], [123.35165362200007, 14.08734034300005], [123.25541769900008, 14.072882526000058], [123.22814249100009, 13.995514052000033], [123.2836844310001, 13.933429769000043], [123.30954994900003, 13.852378117000058], [123.29229891700004, 13.772606667000048], [123.22183576500004, 13.729593274000024], [123.13496099200006, 13.729663995000067], [123.04823509300002, 13.773473409000076], [123.0636034050001, 13.863807119000057], [123.08577257200011, 13.947666625000068], [123.04301763, 14.016084559000035], [123.04323596000006, 14.098527250000075], [122.97965122700009, 14.149495873000035], [122.9055672830001, 14.194077930000049], [122.864493003, 14.270669165000072], [122.78562271600003, 14.289523443000064], [122.71381770100004, 14.328408208000042], [122.6379976180001, 14.29120885900005], [122.56005457900005, 14.330905075000032], [122.47758233800005, 14.329425356000058], [122.40866009500007, 14.285149657000034], [122.37085019100005, 14.21215210400004], [122.3529714230001, 14.133221864000063], [122.26768374900007, 14.123710456000026], [122.27128414600008, 14.20662423500005], [122.19024908900008, 14.17026762200004], [122.20570323000004, 14.082589254000027], [122.27531207100003, 14.038511735000043], [122.30205983500002, 13.960455999000033], [122.21684994100008, 13.978596826000057], [122.23668520300009, 13.898787994000031], [122.15633654100009, 13.919935954000039], [122.0753530500001, 13.938040528000045], [121.9996952790001, 13.96716406400003], [121.91985883200005, 14.005139344000042], [121.85956583900008, 14.05920782100003], [121.77888026300002, 14.117427925000072], [121.7313872530001, 14.183918635000055], [121.73410907000004, 14.265159032000042], [121.71256580800002, 14.345269489000032], [121.657937661, 14.404759697000031], [121.64328742000009, 14.483618600000057], [121.62475296100001, 14.56615232300004], [121.60618440100006, 14.644414764000032], [121.67167407700003, 14.691693271000076], [121.6585604930001, 14.775783390000072], [121.60211393100008, 14.83458100100006], [121.57265884500009, 14.928360748000046], [121.5466605040001, 15.004197357000066], [121.49972819400011, 15.072824396000044], [121.48717678700007, 15.157959032000065], [121.4235002900001, 15.209127052000042], [121.3806404720001, 15.29007269400006], [121.397086048, 15.381215454000028], [121.47019690000002, 15.416468922000035], [121.48767043300006, 15.49673423400003], [121.53649684000004, 15.564263150000045], [121.58330884800012, 15.632401360000074], [121.61180578400001, 15.707768961000056], [121.561348382, 15.775046018000069], [121.54750421500012, 15.860498908000068], [121.58865025000011, 15.932955211000035], [121.65283482900008, 15.983417151000026], [121.71331357600002, 16.039939610000033], [121.79307341700007, 16.06929585200004], [121.86040427500006, 16.11262956400003], [121.93987443000003, 16.129776202000073], [122.0108237390001, 16.172660875000076], [122.06977865100009, 16.229973727000072], [122.07779397800005, 16.14965064100005], [122.0155615870001, 16.086624089000054], [122.084030933, 16.132801950000044], [122.14240280800004, 16.192160388000048], [122.205089111, 16.243483131000062], [122.19129323000004, 16.324187023000036], [122.23827568100012, 16.40405559900006], [122.234738203, 16.48943004100005], [122.29393702700008, 16.54811919200006], [122.33438565000006, 16.624090763000027], [122.3742234990001, 16.701124909000043], [122.41576894000002, 16.776644738000073], [122.44884537000007, 16.853274740000074], [122.47318614700009, 16.937602655000035], [122.48746510900003, 17.017889162000074], [122.52601759000004, 17.09781513100006], [122.44606443100008, 17.112368034000042], [122.42011281500004, 17.191682057000037], [122.41907359900006, 17.273498629000073], [122.37882888800004, 17.344413986000063], [122.29818277000004, 17.33688390100002], [122.23575829200001, 17.399056518000066], [122.20422765500007, 17.478521658000034], [122.18729837300009, 17.560449075000065], [122.1642258920001, 17.641195967000044], [122.15202457400005, 17.720679526000026], [122.13990921300001, 17.80297550000006], [122.16662948500004, 17.88162045100006], [122.17899056400006, 17.961911429000054], [122.17723768600001, 18.054309273000058], [122.20190151000008, 18.132279750000066], [122.26609010800007, 18.185983114000067], [122.32121006200009, 18.248707515000035], [122.33091868100007, 18.330385513000067], [122.29841038100005, 18.405201114000022], [122.2413666760001, 18.472375001000046], [122.17307526500008, 18.51982719500006], [122.12836967200008, 18.439964099000065], [122.09760449600003, 18.36519092700007], [122.0362967860001, 18.312784858000043], [121.96405807600001, 18.27388963800007], [121.86177319300009, 18.28144812000005], [121.76517163800008, 18.314568913000073], [121.64016766100008, 18.360120739000024], [121.52053180300004, 18.413001060000056], [121.45158316900006, 18.460188465000044], [121.35799696100003, 18.501523844000076], [121.28211902300006, 18.542028189000064], [121.2028885410001, 18.60505316600006], [121.09717997500002, 18.62691963800006], [121.01849697500006, 18.60449519200006], [120.94289747000005, 18.558146342000043], [120.87262759000009, 18.60440868300003], [120.84667757700004, 18.650965169000074]]]]}}]}