{"type": "FeatureCollection", "features": [{"type": "Feature", "properties": {"code": "RUS", "name": "Russian Federation", "tier": "country"}, "geometry": {"type": "MultiPolygon", "coordinates": [[[[130.8221414000002, 42.462904599999945], [130.8221414000002, 42.462904599999945]]], [[[131.3483500000002, 42.76221990000016], [131.3483500000002, 42.76221990000016]]], [[[132.91205290000005, 42.765285800000015], [132.91205290000005, 42.765285800000015]]], [[[132.35254850000013, 42.77948840000005], [132.30732880000016, 42.75070990000012], [132.3546666000002, 42.72987640000014], [132.35254850000013, 42.77948840000005]]], [[[132.3608160000001, 42.8174146], [132.3608160000001, 42.8174146]]], [[[131.61483750000014, 42.82792110000014], [131.61483750000014, 42.82792110000014]]], [[[131.57754610000006, 42.84001340000003], [131.57754610000006, 42.84001340000003]]], [[[131.62873880000006, 42.841258400000015], [131.62873880000006, 42.841258400000015]]], [[[131.68996, 42.84504010000006], [131.68996, 42.84504010000006]]], [[[131.62252150000006, 42.84345910000002], [131.62252150000006, 42.84345910000002]]], [[[133.6127659, 42.84567879999997], [133.6127659, 42.84567879999997]]], [[[131.62231010000005, 42.85354000000012], [131.62231010000005, 42.85354000000012]]], [[[133.80875390000017, 42.865906500000165], [133.80875390000017, 42.865906500000165]]], [[[133.81990480000002, 42.87359350000003], [133.81990480000002, 42.87359350000003]]], [[[131.81139310000003, 42.88275690000006], [131.81139310000003, 42.88275690000006]]], [[[131.79750339999998, 42.88844750000004], [131.79750339999998, 42.88844750000004]]], [[[131.67779010000015, 42.89023], [131.67779010000015, 42.89023]]], [[[133.88390120000008, 42.894099], [133.88390120000008, 42.894099]]], [[[131.64906, 42.89988], [131.64906, 42.89988]]], [[[131.65589010000008, 42.90049], [131.65589010000008, 42.90049]]], [[[132.4381605000001, 42.88454530000007], [132.3921719000001, 42.86016410000002], [132.43546449999997, 42.824140000000114], [132.4371914000002, 42.87469380000016], [132.4381605000001, 42.88454530000007]]], [[[131.73283720000006, 42.92370660000006], [131.73283720000006, 42.92370660000006]]], [[[131.457959, 42.92473740000008], [131.457959, 42.92473740000008]]], [[[131.68736790000003, 42.93691610000002], [131.68736790000003, 42.93691610000002]]], [[[131.78415340000015, 42.93432820000015], [131.78415340000015, 42.93432820000015]]], [[[131.76801, 42.948910000000126], [131.76801, 42.948910000000126]]], [[[131.83169870000006, 42.94914869999997], [131.83169870000006, 42.94914869999997]]], [[[131.73141910000015, 42.99392730000005], [131.7123478000001, 42.946707200000105], [131.7620885, 42.96163960000001], [131.73141910000015, 42.99392730000005]]], [[[131.9545531000001, 43.02887310000011], [131.9545531000001, 43.02887310000011]]], [[[134.18388890000017, 43.0337973], [134.18388890000017, 43.0337973]]], [[[131.8925495000002, 43.06229680000013], [131.88922530000013, 43.007643000000144], [131.84789360000002, 43.043171800000096], [131.79329010000004, 43.0558201], [131.77495579999993, 43.00751410000015], [131.80776640000022, 42.96792240000008], [131.86494820000019, 42.96616620000009], [131.92058180000004, 42.98014479999989], [131.91597, 43.03043000000014], [131.8925495000002, 43.06229680000013]]], [[[131.83092, 43.06735], [131.83092, 43.06735]]], [[[132.43471260000013, 44.55506180000003], [132.43471260000013, 44.55506180000003]]], [[[37.381850700000086, 44.75949880000002], [37.381850700000086, 44.75949880000002]]], [[[141.2342939, 46.02154170000006], [141.2956507, 46.026776400000074], [141.34904370000004, 46.039406700000086], [141.42972520000012, 46.06991050000016], [141.48220040000012, 46.10122610000002], [141.53272430000004, 46.154692700000055], [141.5561769000002, 46.21443920000007], [141.55986890000008, 46.26873410000002], [141.54135680000002, 46.33824510000011], [141.49834880000026, 46.39110870000013], [141.43820210000013, 46.435404300000016], [141.34835450000003, 46.477094200000124], [141.2905158000001, 46.48936840000016], [141.23758250000014, 46.49305929999997], [141.18055159999994, 46.489476], [141.1192843, 46.47632140000013], [141.0537627, 46.451811400000054], [141.0011787000002, 46.420316], [140.9638354, 46.385126], [140.931624, 46.32870230000009], [140.9220557000001, 46.25262820000006], [140.93021680000015, 46.18472670000011], [140.96481970000013, 46.126301000000126], [141.02596240000003, 46.07630350000011], [141.07478550000008, 46.05197010000006], [141.13759679999998, 46.03216260000005], [141.2033666000001, 46.02239089999995], [141.2342939, 46.02154170000006]]], [[[38.26865120000008, 46.73311890000008], [38.26865120000008, 46.73311890000008]]], [[[150.32405800000015, 45.74436049999997], [150.41781490000017, 45.81586119999997], [150.53574709999998, 45.94331160000013], [150.6101483, 45.98833140000005], [150.6766043, 46.02937], [150.74895330000015, 46.060665300000096], [150.80336610000006, 46.088732600000185], [151.07148260000008, 46.32164520000009], [151.16230870000004, 46.423427399999866], [151.1985476000001, 46.48266990000013], [151.20800069999996, 46.54350950000003], [151.1881529000002, 46.60754190000006], [151.1446751000001, 46.66136280000012], [151.01571820000004, 46.807285900000124], [150.97646529999997, 46.853633500000115], [150.92029400000013, 46.892723800000056], [150.87366170000007, 46.91314570000014], [150.80220770000017, 46.93111930000009], [150.74177220000013, 46.93850730000014], [150.680417, 46.93704020000007], [150.61977550000006, 46.9265044], [150.5710146, 46.91056370000001], [150.49898110000015, 46.8692011], [150.44060590000004, 46.80599590000014], [150.41906930000016, 46.740574200000026], [150.42648050000003, 46.67526240000012], [150.45690030000003, 46.623068900000135], [150.4766863000002, 46.5221423000001], [150.36490490000017, 46.4274737], [150.2754562, 46.421564], [150.22075589999997, 46.412140000000136], [150.17200030000004, 46.397597099999984], [150.0645307000001, 46.357057], [149.9852569000002, 46.311023900000066], [149.89040790000024, 46.256902600000046], [149.82221770000024, 46.229952300000036], [149.77536370000007, 46.20184260000002], [149.66490770000007, 46.102296200000126], [149.50807959999997, 46.01743360000012], [149.4498357000001, 45.9814123000001], [149.40826130000016, 45.94622520000013], [149.3453118, 45.88477750000004], [149.26224409999998, 45.806192500000066], [149.200869, 45.75765430000001], [148.96363970000016, 45.72945290000001], [148.89610760000005, 45.74596950000006], [148.81990270000006, 45.753818300000034], [148.7585633, 45.7563149], [148.6788474000001, 45.749845499999935], [148.58197460000008, 45.731989], [148.52138860000002, 45.715405200000134], [148.4638089, 45.687526200000036], [148.3898395000001, 45.6417624], [148.3479337, 45.61086340000014], [148.04802170000005, 45.61864880000002], [147.978653, 45.63481130000008], [147.92570420000004, 45.6383401], [147.86908089999997, 45.634399200000075], [147.79782260000013, 45.61788710000002], [147.7299991000001, 45.588639700000044], [147.68462010000007, 45.5584174], [147.63686030000008, 45.514494100000036], [147.52013620000002, 45.34228460000003], [147.3752055, 45.29457320000017], [147.30223990000013, 45.257449800000074], [147.2410288000001, 45.19765590000003], [147.1909045, 45.074929700000155], [147.1394434, 45.04950020000001], [147.00638370000013, 45.01005550000002], [146.93988790000014, 44.9830328000001], [146.89093780000007, 44.94964830000009], [146.85298060000014, 44.91005730000006], [146.74426670000003, 44.7684274], [146.5196833, 44.66579070000006], [146.33791700000017, 44.676715300000126], [146.27110890000006, 44.703317300000094], [146.2193231, 44.71367280000004], [146.1566067, 44.71690250000006], [146.09329860000014, 44.71013750000009], [146.0244349000002, 44.69460430000004], [145.97165570000004, 44.6737081], [145.88311790000023, 44.616343500000085], [145.83894830000008, 44.57398210000002], [145.72781750000001, 44.438558200000045], [145.6374966000002, 44.30161], [145.5138829000001, 44.13204809999996], [145.320125, 43.94042740000009], [145.27635910000004, 43.839732200000014], [145.27875089999998, 43.735556700000075], [145.44735830000002, 43.62330000000014], [145.75941550000005, 43.50204990000003], [145.83482200000014, 43.395604], [146.0592882000002, 43.177563200000066], [146.11750089999998, 43.177733899999964], [146.26835430000006, 43.22550380000007], [146.31548120000002, 43.24490730000008], [146.36190320000003, 43.274828300000024], [146.5555147, 43.39656830000001], [146.60431660000006, 43.41961189999989], [146.7769022, 43.52135440000012], [146.91263030000016, 43.56413560000016], [146.97472960000016, 43.5922617999999], [147.08155020000004, 43.65547470000007], [147.12320020000004, 43.6860464], [147.1619121, 43.729871], [147.19148470000005, 43.800464100000056], [147.193627, 43.86446669999998], [147.17441800000017, 43.91574470000012], [147.17814130000022, 44.30296830000003], [147.37487450000015, 44.40663340000003], [147.47484870000005, 44.470796300000075], [147.52907310000012, 44.5321699000001], [147.55986610000014, 44.573810700000024], [147.644662, 44.61498460000007], [147.72220160000006, 44.657312500000046], [147.78828020000014, 44.70342590000001], [147.90446640000016, 44.75905820000003], [147.9766985000001, 44.76796100000013], [148.03044910000017, 44.782339800000045], [148.0834394000002, 44.80636649999991], [148.15971, 44.847346], [148.214723, 44.889003000000116], [148.260727, 44.93016520000009], [148.31473270000015, 44.96465990000013], [148.4088002000002, 45.01125140000005], [148.51171380000017, 45.04630230000009], [148.5857996000002, 45.0644598], [148.94718870000008, 45.15039660000008], [148.99472170000013, 45.167632600000104], [149.05635600000016, 45.20524190000009], [149.09423950000007, 45.243836900000076], [149.145856, 45.326270299999976], [149.40810810000005, 45.37363820000007], [149.51875159999997, 45.371127000000115], [149.57582000000014, 45.374111], [149.6308941000001, 45.385079500000074], [149.75534900000014, 45.4313596], [149.81186880000018, 45.451360400000056], [149.86137610000014, 45.477899100000116], [150.0181679000001, 45.593778800000166], [150.06530830000008, 45.61949570000007], [150.1506234000001, 45.64635850000013], [150.20077550000008, 45.66902100000016], [150.2615489000002, 45.70972950000004], [150.32405800000015, 45.74436049999997]]], [[[31.581628, 52.4764320000001], [31.581628, 52.4764320000001]]], [[[168.40998220000006, 54.41090020000007], [168.44191350000006, 54.469074], [168.44237610000016, 54.531558], [168.39925749999998, 54.60481650000003], [168.28823180000006, 54.68848650000007], [168.24271450000003, 54.747070399999984], [168.16069060000007, 54.80592610000002], [168.06668479999996, 54.84569970000007], [167.98882630000003, 54.89606759999998], [167.87741910000022, 54.9473226], [167.73693090000006, 55.0096797], [167.57129680000003, 55.06632860000008], [167.50698269999998, 55.07896439999996], [167.43156050000005, 55.084307700000124], [167.36347690000014, 55.08181100000013], [167.29757660000007, 55.07170670000005], [167.2364255, 55.05438839999994], [167.1823971, 55.030530100000135], [167.13757769999995, 55.00105890000009], [167.09125530000006, 54.94887720000003], [167.07333159999996, 54.89120209999993], [167.12318130000006, 54.7556484000001], [167.17439490000015, 54.70027540000012], [167.28806830000008, 54.6254419], [167.3428514000001, 54.595724099999984], [167.4145393, 54.56224560000004], [167.52328420000015, 54.50103200000012], [167.83434660000012, 54.36171560000014], [167.88410810000016, 54.33636920000015], [167.9426781000002, 54.31569660000014], [168.00710560000005, 54.30222280000015], [168.07743390000007, 54.29642730000006], [168.143471, 54.298466800000085], [168.25243950000015, 54.31850709999998], [168.33419490000006, 54.35142740000015], [168.37683040000013, 54.379098600000134], [168.40998220000006, 54.41090020000007]]], [[[21.43498790000001, 55.2438985], [21.392412700000023, 55.288867400000015], [21.332381200000214, 55.275271], [21.27098290000015, 55.24500590000014], [21.251910000000123, 55.19648], [21.191500000000133, 55.20376], [21.19035, 55.150490000000104], [21.20374, 55.10104], [21.21658, 55.039040000000114], [21.22968, 54.98958000000016], [21.23718, 54.9386], [21.179011600000138, 54.915877300000034], [21.125171799999976, 54.90652350000005], [21.074640399999964, 54.893733400000144], [21.01895, 54.8997700000001], [20.96709670000007, 54.89458919999987], [20.9169581000001, 54.89852159999998], [20.86497129999998, 54.902842200000066], [20.821093500000188, 54.93415010000007], [20.770929700000067, 54.943882], [20.71154220000011, 54.930845900000065], [20.66133, 54.935420000000136], [20.60971, 54.93833], [20.55263190000005, 54.9404505], [20.57976120000012, 54.9844235], [20.62077, 55.01482], [20.7067, 55.05808], [20.756460000000118, 55.09354], [20.7947, 55.12613], [20.84871, 55.1444], [20.87807, 55.19155], [20.925468700000124, 55.23045429999996], [20.974937500000124, 55.260374300000024], [20.87711, 55.2146], [20.77365, 55.13327000000015], [20.72522, 55.08989], [20.68016, 55.05776], [20.590593600000034, 55.005712500000016], [20.49989, 54.96931], [20.446686600000078, 54.9529862], [20.37179120000002, 54.93774860000008], [20.2992213, 54.94341590000005], [20.236187200000074, 54.95563850000008], [20.158027400000094, 54.94711320000005], [20.09278940000013, 54.94794880000012], [20.03673960000009, 54.94639089999998], [19.977962100000127, 54.960919500000045], [19.93494710000016, 54.9111815], [19.932831000000192, 54.86082660000005], [19.959271200000103, 54.810616400000015], [19.953, 54.74453000000011], [19.91217430000006, 54.682082600000115], [19.874441, 54.647184800000105], [19.84067820000007, 54.600038], [19.772018899999978, 54.54711360000016], [19.6834669000001, 54.48560820000006], [19.639004900000145, 54.45839610000007], [19.701757300000168, 54.47755980000011], [19.75177180000003, 54.51361290000011], [19.79433640000002, 54.553210400000125], [19.832498300000054, 54.58563130000016], [19.8819317, 54.61016960000006], [20.08429780000006, 54.65275120000007], [20.151749300000063, 54.68021020000009], [20.219679600000063, 54.68777590000008], [20.27404130000008, 54.692226400000095], [20.3020573, 54.64655610000017], [20.25175, 54.6179], [20.15949, 54.59732], [20.111297600000114, 54.56671630000011], [20.060030000000154, 54.54843], [20.00942450000008, 54.577031900000065], [19.965120300000024, 54.538778200000024], [19.935882900000138, 54.49549120000012], [19.8671389000001, 54.48266040000004], [19.8143794, 54.45881120000013], [20.007365400000026, 54.424739900000134], [20.069372300000055, 54.42213050000004], [20.221075100000064, 54.4087528], [20.332428700000094, 54.40105360000001], [20.404167700000073, 54.39279090000008], [20.505367900000067, 54.38258440000004], [20.584409300000118, 54.37789980000002], [20.648106499999983, 54.37118], [20.7172991, 54.36914940000008], [20.818442900000093, 54.36001010000007], [20.92593860000011, 54.35642910000007], [21.007105600000045, 54.35356330000013], [21.0988294, 54.34674339999998], [21.164116100000115, 54.33729580000005], [21.26133210000006, 54.32913790000009], [21.3238986, 54.32929880000012], [21.379499100000032, 54.33104320000001], [21.4337423, 54.326873400000125], [21.495703, 54.324014900000066], [21.552816800000016, 54.325211100000104], [21.63535140000016, 54.327410499999985], [21.7967046, 54.33178620000001], [21.8509029, 54.33128010000007], [21.9135776, 54.333704500000124], [21.969879500000104, 54.332681500000035], [22.06235920000006, 54.33564970000015], [22.17936940000004, 54.337225600000124], [22.229278099999988, 54.34050330000008], [22.31866600000012, 54.34053750000004], [22.382596799999988, 54.34468480000004], [22.434467, 54.346285], [22.528228, 54.34915980000011], [22.596363300000064, 54.35357730000004], [22.660536300000103, 54.35558420000001], [22.726875200000052, 54.3608979], [22.791996299999937, 54.36332270000008], [22.736439, 54.44291670000007], [22.696634400000107, 54.48963740000005], [22.685667500000022, 54.53922040000003], [22.685862199999974, 54.5907299000001], [22.726596500000085, 54.622977400000025], [22.737503599999968, 54.672561], [22.74588319999998, 54.725515100000166], [22.790521100000092, 54.75437050000005], [22.8404071, 54.76864310000008], [22.878117799999984, 54.81152850000012], [22.859258600000146, 54.85817580000008], [22.83589930000005, 54.90385229999998], [22.78301640000018, 54.92483350000015], [22.733734800000036, 54.94717820000011], [22.690025, 54.971603100000095], [22.636244, 54.98507619999998], [22.59604550000006, 55.02550360000009], [22.545168, 55.06526709999997], [22.491235900000106, 55.047693], [22.42543070000005, 55.05396130000014], [22.3483005, 55.0616275000001], [22.291359500000112, 55.064764], [22.21809950000005, 55.06034530000005], [22.1585655, 55.055638499999986], [22.1002438000001, 55.0241491000001], [22.047652800000037, 55.03393850000009], [22.035273500000017, 55.083120700000165], [21.98353960000003, 55.083907400000044], [21.916390500000034, 55.08099240000007], [21.84851670000006, 55.097456], [21.777908800000034, 55.11942010000013], [21.72259880000007, 55.133053100000154], [21.66996660000018, 55.167902800000036], [21.613566, 55.18707480000006], [21.543372800000043, 55.196899500000086], [21.488075600000116, 55.201002], [21.436635700000124, 55.23759080000002], [21.43498790000001, 55.2438985]]], [[[166.69669780000015, 54.47985190000003], [166.76305049999996, 54.48656619999991], [166.82590820000007, 54.500667], [166.88287500000013, 54.521617400000025], [166.93456830000014, 54.550431], [166.97610559999998, 54.58599250000003], [167.01126680000016, 54.641643], [167.02037640000003, 54.753160599999944], [166.99783490000004, 54.848048], [166.98821880000025, 54.897792500000094], [166.95960780000019, 54.94765959999995], [166.8731113, 55.032221200000095], [166.8201391, 55.06504060000009], [166.68801480000002, 55.15154990000008], [166.64773119999995, 55.32630060000014], [166.61733220000008, 55.38522810000012], [166.57645160000015, 55.42340210000009], [166.51483140000016, 55.465659900000105], [166.4456047, 55.49714780000005], [166.3821177000001, 55.51534680000003], [166.32625730000007, 55.52471390000005], [166.12374080000018, 55.54934980000007], [166.0428223, 55.5610382000001], [165.93466860000012, 55.56459460000002], [165.86075010000002, 55.55603880000001], [165.7938812000001, 55.539589500000034], [165.63727990000018, 55.47801890000005], [165.57678820000012, 55.45985650000006], [165.51494709999997, 55.43205500000016], [165.46901279999997, 55.4022713], [165.42174569999997, 55.34942130000002], [165.4038955000001, 55.29099170000006], [165.4169115000002, 55.232149200000094], [165.45326610000006, 55.15826040000002], [165.49277830000017, 55.1068639], [165.8075345000002, 54.932996300000184], [165.8864076000002, 54.848895700000014], [165.93098880000014, 54.815087100000085], [165.97915880000005, 54.785735700000146], [166.04316100000017, 54.739623], [166.13539420000018, 54.678178400000036], [166.31141170000012, 54.594000900000026], [166.35841800000026, 54.566506500000116], [166.42510990000017, 54.53423620000012], [166.52952240000013, 54.496589500000084], [166.5939261000002, 54.48419310000003], [166.66123810000022, 54.47938010000007], [166.69669780000015, 54.47985190000003]]], [[[-179.94404349999994, 62.7629242000001], [-180.0, 62.8759050000001], [-180.0, 62.55455790000008], [-179.96758009999994, 62.59652430000011], [-179.94079329999994, 62.65251310000008], [-179.94404349999994, 62.7629242000001]]], [[[-179.74047109999995, 69.17460560000012], [-179.88065869999997, 69.23459709999997], [-180.0, 69.28950910000003], [-180.0, 68.97719], [-180.0, 68.92549429999997], [-180.0, 68.55040980000007], [-180.0, 68.35629080000007], [-180.0, 67.92665750000015], [-180.0, 67.55222670000018], [-180.0, 67.1681375], [-180.0, 66.92963250000014], [-180.0, 66.64059090000018], [-180.0, 65.86605], [-180.0, 65.80333000000013], [-180.0, 65.47925], [-180.0, 65.40806800000013], [-180.0, 65.33018130000005], [-180.0, 65.03847], [-180.0, 64.74632430000008], [-179.89286149999995, 64.8012278000001], [-179.75166909999993, 64.86534610000001], [-179.6942208, 64.88116990000009], [-179.562113, 64.92879240000008], [-179.39236230000006, 64.97624690000004], [-179.32089419999997, 65.0039387000001], [-179.25447830000005, 65.04369250000008], [-179.16430830000004, 65.1140304], [-179.11918879999993, 65.14556670000002], [-179.06990569999994, 65.21228890000009], [-178.72785009999996, 65.26260950000005], [-178.662205, 65.25535840000015], [-178.46334119999997, 65.24544980000007], [-178.41154509999998, 65.24427050000003], [-178.32476889999995, 65.24428040000015], [-178.1685316, 65.2486616000001], [-178.1106371, 65.24864280000014], [-178.00709009999994, 65.2437217000001], [-177.63579349999992, 65.2417069], [-177.49683530000001, 65.24590640000002], [-177.32567549999993, 65.26026610000014], [-177.27278429999993, 65.26613150000014], [-177.20929329999998, 65.2755494000001], [-177.13597729999995, 65.28989310000009], [-177.06331319999995, 65.3072156], [-176.9571333, 65.33850870000003], [-176.74605309999993, 65.35237949999998], [-176.55506909999997, 65.31143440000005], [-176.38978659999998, 65.25248], [-176.3366767, 65.18917970000012], [-176.355885, 65.036421], [-176.35819230000004, 64.97244440000003], [-176.31257189999997, 64.91142680000019], [-176.25587739999995, 64.87395790000005], [-176.155924, 64.82156160000017], [-175.84614639999998, 64.6860395000001], [-175.787322, 64.64730090000012], [-175.7187148, 64.61835660000014], [-175.64401159999994, 64.59707780000002], [-175.56201109999998, 64.58245430000017], [-175.4784331, 64.57499839999997], [-175.35954790000005, 64.57423069999987], [-175.26396539999993, 64.56782930000014], [-175.13424219999996, 64.56306370000016], [-174.8308966, 64.52251719999998], [-174.71875229999992, 64.49757879999999], [-174.633956, 64.47005830000006], [-174.55602709999997, 64.44857310000015], [-174.46024429999997, 64.38996480000014], [-174.42597939999996, 64.34893110000013], [-174.3856233, 64.31245769999998], [-174.32924979999999, 64.28024979999998], [-174.23295559999997, 64.24550480000005], [-174.14300749999995, 64.21958340000003], [-173.94968649999996, 64.17381120000005], [-173.9011178, 64.1582810999999], [-173.81596429999996, 64.13959], [-173.52767239999994, 64.10319720000001], [-173.37742020000002, 64.07049550000005], [-173.30295690000003, 64.05770480000007], [-173.204344, 64.04663060000001], [-173.07493789999998, 64.04254330000009], [-172.99099980000003, 64.04859210000012], [-172.82199159999996, 64.06754520000015], [-172.74315569999993, 64.07980930000008], [-172.66894810000002, 64.09867810000003], [-172.554442, 64.1421342000001], [-172.3819666, 64.19164130000007], [-172.13502089999997, 64.20766810000003], [-172.04934509999995, 64.2195837000001], [-171.97056949999993, 64.23852030000018], [-171.90169489999994, 64.26376070000009], [-171.84508329999994, 64.29415320000015], [-171.80403990000005, 64.32774300000011], [-171.77160109999994, 64.38290360000013], [-171.77719739999998, 64.44255880000009], [-171.83239920000003, 64.5587638], [-171.6978232, 64.63185790000006], [-171.63881370000001, 64.67308159999999], [-171.6011784, 64.72699259999996], [-171.6001929, 64.78325540000009], [-171.62698110000002, 64.82999830000011], [-171.64081819999996, 65.01132080000002], [-171.61606889999996, 65.05678590000002], [-171.6153428, 65.11919640000002], [-171.65827120000003, 65.17992390000006], [-171.68945109999996, 65.23200470000018], [-171.5572883, 65.30650210000016], [-171.49515739999998, 65.31235020000014], [-171.31993559999998, 65.29548270000004], [-171.2195166999999, 65.277322], [-171.16599309999998, 65.27120500000018], [-171.02913819999995, 65.265701], [-170.8980359, 65.27554590000017], [-170.8163998, 65.29055220000009], [-170.6861353, 65.332379], [-170.41039939999996, 65.41823590000018], [-170.33677539999994, 65.43299840000003], [-170.22350849999998, 65.47111940000008], [-170.12511349999997, 65.52465110000014], [-170.07218269999998, 65.5628772], [-170.0378443, 65.6008347], [-170.01786859999993, 65.64771610000014], [-170.01776349999994, 65.71373650000004], [-169.94886749999995, 65.77888899999988], [-169.877278, 65.78700590000005], [-169.49689540000003, 65.63670240000016], [-169.44912389999996, 65.6128572], [-169.38395009999994, 65.58756720000002], [-169.03054859999997, 65.4855429000001], [-168.97694439999995, 65.98391480000015], [-169.03930149999997, 66.01826950000014], [-169.1039717, 66.01877530000007], [-169.18544070000002, 66.01403740000006], [-169.1598763, 66.061627], [-169.18216690000003, 66.15622710000008], [-169.22701240000004, 66.21526110000013], [-169.282154, 66.2528557], [-169.3933918, 66.29843019999998], [-169.4455764, 66.3156075], [-169.53003940000002, 66.33590630000015], [-169.593918, 66.345851], [-169.73955919999995, 66.36059389999997], [-169.794835, 66.394428], [-169.88944110000006, 66.43615050000005], [-169.93741269999995, 66.45070579999998], [-170.03558979999997, 66.47460309999997], [-170.20780509999992, 66.5020533], [-170.25379630000003, 66.532967], [-170.3968571, 66.59405270000002], [-170.46977809999993, 66.62010279999998], [-170.5366001, 66.65115210000005], [-170.68234479999998, 66.7003319000001], [-170.78390139999993, 66.72817110000011], [-170.83205349999994, 66.7764477], [-170.87648609999997, 66.8411435000001], [-170.95787269999994, 66.89267670000004], [-171.00690409999999, 66.9124892000001], [-171.07564009999993, 66.93361660000005], [-171.12823820000003, 66.94535250000013], [-171.1688124, 67.00386390000011], [-171.2407611, 67.0533478000001], [-171.2954913, 67.0767297000001], [-171.3607797, 67.09806390000011], [-171.49416089999994, 67.12915620000001], [-171.57900109999994, 67.14171919999995], [-171.66195249999996, 67.14815010000007], [-171.7172294, 67.15921750000007], [-171.78794249999996, 67.16897609999995], [-171.8660313, 67.17481320000013], [-171.94966239999997, 67.1760721], [-172.03269489999997, 67.172013], [-172.10781580000003, 67.16356670000005], [-172.259485, 67.1802545], [-172.44226830000002, 67.20238080000001], [-172.55037629999998, 67.22904410000012], [-172.6025248, 67.2372539000001], [-172.65588850000003, 67.243278], [-172.72919449999992, 67.24790620000005], [-172.79763069999996, 67.24860690000014], [-172.86358959999993, 67.24598179999998], [-172.9244981, 67.2404965], [-172.9858007, 67.24414530000013], [-173.08159490000003, 67.2524783], [-173.26818579999994, 67.270291], [-173.35655330000003, 67.28066310000003], [-174.1663333, 67.5797002000001], [-174.2274866, 67.60755660000012], [-174.31453049999996, 67.63632480000012], [-174.3817245, 67.65244439999998], [-174.9399961, 67.81679829999996], [-175.42457669999996, 67.99437], [-175.4822626, 68.01028920000005], [-175.57473749999994, 68.02778749999999], [-177.0476371, 68.40882290000002], [-177.135618, 68.42762340000002], [-177.222253, 68.44987040000007], [-177.3133841, 68.47940940000007], [-177.46659229999997, 68.53938820000013], [-177.628665, 68.594193], [-177.76360509999992, 68.63330040000017], [-177.85374090000002, 68.662692], [-178.0898882, 68.72982759999996], [-178.16912049999996, 68.76442880000013], [-178.40071909999998, 68.87414400000011], [-178.50669759999997, 68.91313110000004], [-178.64407669999994, 68.948413], [-178.73146640000002, 68.9641380000001], [-178.93379279999994, 69.0080752], [-179.00362940000002, 69.04633210000009], [-179.08465959999998, 69.07470760000007], [-179.20116710000002, 69.10331579999996], [-179.2687053, 69.11523690000007], [-179.33943259999995, 69.12395980000008], [-179.4202746, 69.12972929999995], [-179.486496, 69.13140570000013], [-179.57487929999996, 69.12953189999996], [-179.74047109999995, 69.17460560000012]]], [[[49.52517040000009, 68.46447920000003], [49.63244559999998, 68.47227570000013], [49.75630550000005, 68.48985940000017], [49.81771060000017, 68.50183330000004], [49.915053000000114, 68.51942200000013], [50.005450800000176, 68.54534160000014], [50.07923169999998, 68.57757680000009], [50.58984850000013, 68.85090140000011], [50.638976500000126, 68.88335689999997], [50.680737, 68.92229470000012], [50.750777, 68.96158710000009], [50.83596640000019, 69.03069130000006], [50.86892460000013, 69.09085420000008], [50.861508600000036, 69.16247540000012], [50.823850500000106, 69.219965], [50.76460590000022, 69.2732307], [50.6803642000001, 69.3244451], [50.56934920000003, 69.3842656000001], [50.52280090000011, 69.4033758], [50.43572949999998, 69.43186470000012], [50.37070890000007, 69.44980440000012], [50.29539669999997, 69.46676610000003], [50.24272879999995, 69.48252780000013], [50.123026700000196, 69.51264020000013], [50.023027499999955, 69.54577610000001], [49.83944329999997, 69.59709340000018], [49.76970100000011, 69.6228352], [49.6831974000001, 69.64878829999998], [49.617016500000204, 69.66414440000005], [49.54528020000009, 69.67614480000003], [49.441038700000036, 69.68872710000011], [49.3184804, 69.69746100000015], [49.11290940000015, 69.70162220000003], [48.88265030000002, 69.6934726], [48.706809300000145, 69.67505080000007], [48.6321067, 69.66287], [48.55042249999997, 69.6468762], [48.498806599999966, 69.64035760000013], [48.39382920000014, 69.61786860000012], [48.324041, 69.59683960000012], [48.1339726, 69.52455640000005], [48.00358330000006, 69.466803], [47.932108200000016, 69.42774280000009], [47.84518920000005, 69.36873640000005], [47.79826420000006, 69.32508360000008], [47.70616560000002, 69.180784], [47.67874130000018, 69.11915080000011], [47.6634403, 69.0434188000001], [47.65489980000018, 68.92288779999996], [47.6724403, 68.802308], [47.71073240000021, 68.73421940000009], [47.788752699999975, 68.66896960000003], [47.87389060000004, 68.6233178], [47.97287310000013, 68.58841820000004], [48.03956290000019, 68.56956340000016], [48.105162300000075, 68.55384919999989], [48.24872380000011, 68.52853310000012], [48.39310600000016, 68.51273889999999], [48.477515500000095, 68.50550980000008], [48.595678700000065, 68.49660060000014], [48.786015300000145, 68.48632840000005], [48.97579820000021, 68.47078829999998], [49.056554600000084, 68.46160120000008], [49.11550870000008, 68.45796770000004], [49.17567, 68.4564698000001], [49.248325799999975, 68.45747020000005], [49.31619180000018, 68.46157400000016], [49.52517040000009, 68.46447920000003]]], [[[179.62741140000026, 70.6582613], [179.72101050000015, 70.66744660000006], [179.79314790000024, 70.67709969999993], [179.88249500000018, 70.69196210000007], [179.95771820000004, 70.70663360000003], [180.0, 71.74907529999993], [179.92229169999996, 71.7374918000001], [179.7581546, 71.7196211000001], [179.64894900000024, 71.70269260000009], [179.57698630000004, 71.68766850000009], [179.4605792000002, 71.65976080000007], [179.30658770000002, 71.61652260000011], [179.23064160000024, 71.59723380000003], [179.15271410000014, 71.5830449], [179.0392412000001, 71.5516171000001], [178.9312070000003, 71.50284770000007], [178.87813680000022, 71.48231570000013], [178.77619389999995, 71.44126770000003], [178.72369260000005, 71.4169055000001], [178.57530340000005, 71.389385], [178.52223430000026, 71.37742000000014], [178.47340870000005, 71.3637488], [178.39055040000017, 71.3319085], [178.32193920000032, 71.28847819999999], [178.2494346000002, 71.24223620000015], [178.12514690000023, 71.18933849999996], [178.0741822000001, 71.16003690000008], [178.0335073, 71.12264850000008], [178.01112250000006, 71.06507740000012], [178.0299811000001, 70.97615950000016], [178.07214469999997, 70.91557160000013], [178.1369205000001, 70.86480710000006], [178.17990450000013, 70.81347980000015], [178.19279990000007, 70.74405020000006], [178.2479459000001, 70.6963644], [178.31106610000018, 70.6634792000001], [178.38036539999996, 70.638614], [178.4611775000002, 70.61795130000002], [178.55120190000002, 70.60207120000007], [178.6478995000001, 70.59141850000009], [178.7485597, 70.58629080000003], [178.85037100000022, 70.58683129999997], [178.93221680000033, 70.59145790000014], [178.98538970000004, 70.5962062000001], [179.09148429999993, 70.6095373], [179.20726170000023, 70.63186470000016], [179.30372620000003, 70.65767410000007], [179.35607560000017, 70.65437660000009], [179.47629559999996, 70.6519197], [179.5464055, 70.65353349999998], [179.62741140000026, 70.6582613]]], [[[-179.53218559999993, 70.6615008], [-179.41340289999994, 70.66608580000008], [-179.23012829999996, 70.678569], [-179.03595239999996, 70.69471740000012], [-178.89669310000002, 70.71249880000005], [-178.72056709999998, 70.7437471], [-178.65994179999998, 70.7494082], [-178.55478079999997, 70.76277909999999], [-178.49949809999998, 70.7665273], [-178.3424171, 70.77127179999997], [-178.23637649999995, 70.77941050000015], [-178.12586859999993, 70.791868], [-178.0066205, 70.80970840000003], [-177.76717829999998, 70.8286827], [-177.6323317, 70.84515690000012], [-177.55711859999997, 70.85902200000015], [-177.46669480000003, 70.88139710000013], [-177.3679693, 70.90008240000003], [-177.24965399999988, 70.93382820000011], [-177.1816681, 70.9503145000001], [-177.09597749999998, 70.97972290000013], [-177.020295, 71.02152970000014], [-176.95565029999997, 71.04886879999998], [-176.90537169999993, 71.08020270000014], [-176.857224, 71.14862870000013], [-176.82458880000001, 71.18826150000001], [-176.81773640000006, 71.23800430000011], [-176.8461049, 71.28820380000002], [-176.8928423, 71.3269039], [-177.00030459999994, 71.38266890000011], [-177.08062709999996, 71.41314750000004], [-177.1463494, 71.43087580000014], [-177.26046029999995, 71.45231480000012], [-177.36244169999998, 71.51326410000001], [-177.4564141, 71.55934789999986], [-177.54240579999995, 71.59242750000004], [-177.76270149999993, 71.6591901000001], [-177.89402760000002, 71.6915057000001], [-177.9847426, 71.70782120000007], [-178.0905496, 71.72096440000001], [-178.14850179999996, 71.72548060000014], [-178.36876070000002, 71.7533522], [-178.45386129999997, 71.7608578], [-178.5183097, 71.76885960000004], [-178.58426160000002, 71.77502160000006], [-178.79340469999994, 71.78981390000007], [-179.1148560999999, 71.8047676000001], [-179.26696609999996, 71.80390590000002], [-179.61197959999993, 71.79087320000014], [-179.67169079999996, 71.78720420000013], [-179.72982489999998, 71.78177580000005], [-180.0, 71.74907529999996], [-180.0, 71.53420000000011], [-180.0, 71.02525], [-180.0, 70.71660209999988], [-179.84935969999995, 70.6850844], [-179.7880703, 70.67599039999999], [-179.72617939999998, 70.66918130000005], [-179.65470649999995, 70.66389080000005], [-179.53218559999993, 70.6615008]]], [[[136.2483221, 73.68054390000009], [136.32813880000026, 73.68358009999997], [136.39392380000004, 73.68801769999999], [136.4579437, 73.69416290000004], [136.5196353, 73.70196180000016], [136.57845380000015, 73.71134609999996], [136.633877, 73.7222332], [136.71141450000005, 73.74009160000003], [136.799374, 73.76765620000009], [136.9189017, 73.814364], [136.97922749999998, 73.85010470000014], [137.01300890000016, 73.88843340000017], [137.00653980000016, 73.96621490000007], [136.9798032, 74.022441], [136.93798330000016, 74.0586482000001], [136.84945960000016, 74.0999941], [136.665233, 74.18409750000006], [136.61776640000005, 74.20293040000007], [136.41648390000012, 74.26161290000016], [136.26159130000008, 74.31378029999996], [136.15626080000015, 74.353438], [136.10219089999998, 74.36847990000001], [136.0424173, 74.38190150000014], [135.97760720000008, 74.39354980000007], [135.90849040000012, 74.4032919], [135.7460539, 74.4232224000001], [135.67682630000013, 74.4305713999999], [135.60513670000012, 74.43601400000011], [135.53172790000008, 74.43949360000005], [135.4573627000001, 74.44097420000003], [135.38281510000002, 74.44044010000005], [135.30886080000005, 74.43789710000016], [135.23626890000014, 74.43337159999999], [135.16579279999996, 74.4269106000001], [135.0981617, 74.41858130000014], [135.03407190000019, 74.4084699], [134.9741799000002, 74.39668130000001], [134.91909450000003, 74.38333730000011], [134.86937090000004, 74.36857530000009], [134.7879279000001, 74.33541709999997], [134.73302300000012, 74.29856070000011], [134.7045614000001, 74.2396354], [134.71802930000013, 74.1556612], [134.77824440000018, 74.07850080000014], [134.83721910000008, 74.04663230000011], [134.89267870000015, 74.02330419999998], [135.1663784000001, 73.91891170000002], [135.30020810000008, 73.87812509999986], [135.48575000000017, 73.79496540000014], [135.6399732, 73.74623550000018], [135.76187200000015, 73.71690400000011], [135.82387, 73.70586529999997], [135.889547, 73.69664970000008], [135.95821820000003, 73.68935269999992], [136.0291714, 73.68404939999988], [136.10167280000007, 73.68079479999989], [136.1749748000001, 73.67962220000004], [136.2483221, 73.68054390000009]]], [[[116.07298119999996, 74.07719520000012], [116.20426560000021, 74.08220960000006], [116.2681563000001, 74.08710930000007], [116.38987050000014, 74.10149760000007], [116.57852080000009, 74.13480020000003], [116.63958420000017, 74.14712670000011], [116.69941589999996, 74.16212250000012], [116.74738380000008, 74.17671150000001], [116.79923570000005, 74.1963407], [116.87083159999997, 74.23394270000011], [116.91672750000009, 74.27996630000013], [116.927307, 74.33898180000006], [116.88767580000012, 74.39586930000013], [116.8216185, 74.44121850000016], [116.73763860000008, 74.47720750000002], [116.67738170000007, 74.49601560000013], [116.59194460000003, 74.51707780000004], [116.51835610000012, 74.53162279999998], [116.45444060000011, 74.54158630000018], [116.38704529999995, 74.54980740000002], [116.28714880000007, 74.559262], [116.21198520000019, 74.56381530000016], [116.13542230000019, 74.566279], [116.03835470000001, 74.56706570000017], [115.96457430000021, 74.56547880000011], [115.88508610000008, 74.56153850000004], [115.81584510000005, 74.55627739999994], [115.7488879, 74.54926380000018], [115.68485030000011, 74.54056450000019], [115.62433750000002, 74.53026250000005], [115.56791780000015, 74.51845579999997], [115.5133227, 74.50447150000002], [115.46000800000013, 74.48770510000014], [115.41147190000004, 74.46938890000007], [115.36371069999996, 74.44703950000002], [115.27036420000002, 74.39293239999995], [115.22754750000013, 74.34981980000009], [115.21265310000001, 74.29520100000013], [115.24423730000012, 74.24065990000003], [115.30966209999997, 74.19423640000014], [115.39431950000017, 74.15898530000004], [115.4634241, 74.13872070000008], [115.51963390000014, 74.124835], [115.5807546000002, 74.11259440000003], [115.64613380000014, 74.10212740000014], [115.7150789000001, 74.09354380000008], [115.80520810000007, 74.08552460000004], [115.91152880000004, 74.07906040000006], [115.98509320000016, 74.07702409999996], [116.07298119999996, 74.07719520000012]]], [[[79.66133310000015, 74.31599770000014], [79.73913910000016, 74.31998820000007], [79.80779840000008, 74.3254705], [79.87421540000008, 74.33269120000006], [79.937784, 74.34158480000013], [79.99792150000002, 74.35207039999995], [80.05407309999998, 74.36405250000001], [80.1057171, 74.37742190000006], [80.19358790000001, 74.40782120000017], [80.25819150000012, 74.44215400000013], [80.36317660000003, 74.54133430000007], [80.37144850000004, 74.5973093], [80.3122664, 74.6571396], [80.21553560000018, 74.70258470000016], [80.09040289999996, 74.73921840000003], [80.03124530000002, 74.7522646], [79.75754510000002, 74.808215], [79.64452730000016, 74.82429060000015], [79.578144, 74.83102469999989], [79.44638420000007, 74.83922080000002], [79.34458930000011, 74.8413705000001], [79.27447460000019, 74.84102450000006], [79.20763490000002, 74.83914140000002], [79.10221309999997, 74.83324539999995], [79.04551530000015, 74.82860690000007], [78.94307809999998, 74.81693050000013], [78.87101120000005, 74.80614620000006], [78.812329, 74.7951423], [78.74954750000018, 74.78059640000009], [78.6654169000002, 74.75545390000008], [78.58077520000018, 74.71916540000018], [78.52554010000006, 74.6871572], [78.46883109999999, 74.62314640000011], [78.4629682000002, 74.56921910000017], [78.49145090000002, 74.52017330000001], [78.54748440000009, 74.48007109999998], [78.6399826, 74.4382376000001], [78.74188870000012, 74.40640619999994], [78.82107240000005, 74.3873615], [78.90748170000012, 74.3698063], [78.9687608000001, 74.3592834000001], [79.03352590000009, 74.35040280000004], [79.17520700000011, 74.33495860000005], [79.2952779000002, 74.324015], [79.38193790000003, 74.31860469999998], [79.50541510000005, 74.31422620000006], [79.58197700000011, 74.31402610000004], [79.66133310000015, 74.31599770000014]]], [[[83.23536060000015, 76.15254280000005], [83.08123720000003, 76.16438070000004], [82.84854440000015, 76.179179], [82.73710010000013, 76.18383500000016], [82.58401119999996, 76.186725], [82.43134, 76.18278150000003], [82.26419110000018, 76.16962289999998], [82.11145840000017, 76.16188140000003], [81.99883150000016, 76.15054529999998], [81.87776940000015, 76.15514920000004], [81.73242049999999, 76.1560245], [81.63114150000013, 76.15296709999996], [81.49132110000005, 76.14348310000008], [81.32422340000005, 76.122669], [81.211708, 76.1007277000001], [81.14327950000018, 76.08265910000006], [81.06171490000003, 76.05300390000008], [80.95530470000011, 76.02024820000003], [80.89239750000007, 75.98963010000011], [80.852212, 75.95685570000012], [80.8434251000001, 75.88875580000013], [80.92868200000021, 75.8238877], [81.00352970000006, 75.79504], [81.097027, 75.76971420000012], [81.20641720000009, 75.748633], [81.3285330000001, 75.73239489999997], [81.49137190000016, 75.7065336], [81.60905760000003, 75.69244089999995], [81.74100230000005, 75.6828005000001], [81.6688238000001, 75.67459379999997], [81.50079720000019, 75.64865040000012], [81.40533489999996, 75.63126519999997], [81.3214236, 75.6105607], [81.15126560000016, 75.56156310000011], [81.07180990000006, 75.5341274000001], [80.94067980000011, 75.4792804000001], [80.86895470000002, 75.43989740000006], [80.83297560000005, 75.397548], [80.81281150000007, 75.34761330000009], [80.82940060000021, 75.25224480000003], [80.89462430000009, 75.18643960000003], [80.99932460000014, 75.12588440000002], [81.09689670000006, 75.08386170000011], [81.1807811000001, 75.05598070000002], [81.27564829999994, 75.02960039999988], [81.33741610000004, 75.0152078000001], [81.441786, 74.97247410000011], [81.52895940000008, 74.94304220000015], [81.66596370000008, 74.90899750000005], [81.7800744000001, 74.89021070000007], [81.90212020000001, 74.87709050000007], [82.03225150000009, 74.86951590000001], [82.16680860000008, 74.86789360000012], [82.29764390000014, 74.872227], [82.42514190000009, 74.88243319999998], [82.56851259999996, 74.90048760000008], [82.67068470000004, 74.9198914000001], [82.75949, 74.943368], [82.8325117, 74.9702957], [82.8877202000001, 74.99995810000007], [82.93886240000018, 75.06425650000011], [82.96244480000007, 75.14453379999998], [83.0184681, 75.20704870000009], [83.07049300000011, 75.23784210000014], [83.1380762, 75.29867930000017], [83.13075790000005, 75.36839930000008], [83.0710357000001, 75.42939060000009], [83.06345450000003, 75.48655130000003], [83.05037980000003, 75.5538643000001], [83.00985890000004, 75.58613780000002], [82.94783720000021, 75.61623029999998], [82.86600050000015, 75.64326290000008], [82.76665110000022, 75.666441], [82.71292879999999, 75.67625960000015], [82.852779, 75.69523780000009], [82.96491250000014, 75.71840060000011], [83.10596630000015, 75.7212826], [83.30370570000002, 75.7193163], [83.45811430000009, 75.72671130000009], [83.62774760000008, 75.74222010000005], [83.74912550000016, 75.76042519999999], [83.85606300000018, 75.78351790000005], [83.94529940000018, 75.81081010000014], [84.01405660000023, 75.84148460000006], [84.06012829999997, 75.87461750000006], [84.09493370000013, 75.92524760000003], [84.07591090000005, 75.98088710000007], [83.9806258000001, 76.04795320000017], [83.8971852000002, 76.07733], [83.79305270000009, 76.1026298000001], [83.67153490000021, 76.1230246], [83.53656130000002, 76.13784360000011], [83.39255140000006, 76.1465976], [83.23536060000015, 76.15254280000005]]], [[[152.55809710000017, 75.5110893000001], [152.66403040000012, 75.5164383], [152.73569559999999, 75.52204950000015], [152.8366096000001, 75.53321650000004], [152.9723358, 75.55562520000018], [153.0815328000001, 75.58204480000012], [153.13460280000015, 75.59917810000002], [153.2109746, 75.63334840000005], [153.2602240000001, 75.67135730000007], [153.2673456000001, 75.74882660000009], [153.2252671, 75.78855270000008], [153.1603232, 75.82154470000012], [153.08101990000011, 75.84861330000018], [152.9380778000002, 75.88112240000004], [152.8684089000002, 75.89147570000011], [152.96738030000017, 75.89570370000001], [153.10999760000004, 75.90529650000002], [153.2557167, 75.92274980000013], [153.3445898, 75.938208], [153.4241234000001, 75.95630340000008], [153.47579830000006, 75.9707029000001], [153.56226550000008, 76.00258580000002], [153.62237560000017, 76.03785930000004], [153.65946370000006, 76.07989420000007], [153.6783431, 76.15654340000015], [153.6597345, 76.22916680000014], [153.62035079999998, 76.26060550000005], [153.5322864000001, 76.30029470000005], [153.45014990000004, 76.32455120000009], [153.35332970000002, 76.34535060000013], [153.24772819999998, 76.36182090000005], [153.13206070000012, 76.37437970000002], [152.96357220000004, 76.38460190000006], [152.84169380000014, 76.38680950000008], [152.7818903, 76.38637030000001], [152.70990150000011, 76.38455440000001], [152.607502, 76.37943529999995], [152.5422668000001, 76.3786315000001], [152.40049310000006, 76.372201], [152.23764920000008, 76.356815], [152.09426229999997, 76.33420820000009], [151.9742077000002, 76.30581880000005], [151.89744880000012, 76.27954869999996], [151.80287280000005, 76.23850320000008], [151.72660340000004, 76.1875702000001], [151.71615380000014, 76.11820290000003], [151.7935159, 76.05576360000015], [151.91307930000005, 76.01048450000008], [151.9769236000002, 75.99413269999997], [152.05229640000016, 75.97755820000015], [152.1267156, 75.95643810000007], [152.19606169999997, 75.94008750000006], [152.280838, 75.92421910000002], [152.34236170000008, 75.91617720000005], [152.1898566000001, 75.9072521], [152.06947179999997, 75.89393510000002], [151.95947550000017, 75.8759596000001], [151.8577573, 75.852427], [151.80233450000014, 75.83542489999996], [151.73267240000018, 75.807205], [151.68345469999997, 75.77949340000015], [151.64551640000002, 75.74176160000013], [151.66092520000007, 75.66468630000003], [151.70506239999997, 75.63254440000014], [151.7923545, 75.5939368], [151.90856380000002, 75.561558], [151.9777557000001, 75.54761930000012], [152.06015820000016, 75.53459180000016], [152.11526179999998, 75.52765720000014], [152.27850020000005, 75.51400880000011], [152.44949270000006, 75.50933240000006], [152.55809710000017, 75.5110893000001]]], [[[149.6571358000001, 76.46149410000015], [149.72699660000012, 76.47278630000011], [149.841158, 76.49705880000005], [149.97110150000003, 76.53566070000011], [150.04743970000015, 76.5666074], [150.11091729999998, 76.61449080000011], [150.17953650000015, 76.63305440000005], [150.27275780000002, 76.667927], [150.35087110000018, 76.72181060000014], [150.35365820000004, 76.78997040000013], [150.3119392000002, 76.82628139999997], [150.24078380000014, 76.86014420000015], [150.1421468000002, 76.89043610000004], [150.0070975, 76.9180622], [149.8493297000001, 76.93870320000008], [149.71103, 76.9496079000001], [149.56726420000007, 76.95509240000007], [149.48618350000015, 76.95585890000007], [149.38717740000004, 76.95474050000007], [149.24618009999995, 76.9498749], [149.10127940000007, 76.93942110000017], [148.99750140000003, 76.93487720000007], [148.94436919999998, 76.93107710000004], [148.8375506000001, 76.92797350000012], [148.5924827, 76.91660400000018], [148.48754780000013, 76.9076751], [148.4161885000001, 76.89951219999995], [148.34090140000012, 76.888731], [148.25527590000002, 76.87314590000011], [148.17704020000008, 76.85483110000001], [148.123595, 76.8391774000001], [148.025061, 76.82343750000001], [147.92515860000003, 76.80299179999997], [147.81548320000013, 76.77098850000004], [147.75573069999996, 76.74839710000009], [147.68682230000002, 76.71842520000013], [147.6313904000001, 76.67532080000007], [147.6229452, 76.61844930000007], [147.68658170000003, 76.56112929999989], [147.74639530000013, 76.53403050000003], [147.84346649999998, 76.50385410000007], [148.00111970000012, 76.4720019], [148.10785569999996, 76.45756550000016], [148.1899681, 76.44927190000016], [148.29611590000002, 76.44179530000002], [148.37647460000005, 76.43824750000016], [148.4577038000001, 76.43629410000017], [148.5955957, 76.4364617], [148.8376383000002, 76.441381], [148.8970495000002, 76.44436070000006], [148.96337740000013, 76.43845910000005], [149.1069278000001, 76.43191590000009], [149.30784600000015, 76.43236380000002], [149.5001063000002, 76.4434435], [149.6571358000001, 76.46149410000015]]], [[[158.17223020000006, 76.58289860000008], [158.29093810000006, 76.58707210000006], [158.36268489999998, 76.5913713], [158.5464935000001, 76.60985670000002], [158.6194581000001, 76.62099790000008], [158.70712190000017, 76.63709690000002], [158.81380750000017, 76.6636302], [158.8823126000001, 76.68700969999998], [158.94267750000017, 76.71452220000015], [159.0020999000002, 76.75972490000015], [158.99652420000018, 76.83613940000009], [158.9517605000001, 76.86946530000006], [158.79417, 76.927032], [158.6528336, 76.95586580000008], [158.50379940000005, 76.97539740000002], [158.37496269999997, 76.98596950000007], [158.1359573000002, 76.9957303], [157.92757159999996, 76.9960656], [157.79164760000003, 76.9901294], [157.6617424000002, 76.97942850000015], [157.54338630000007, 76.96459790000017], [157.4367705000002, 76.94581470000014], [157.34412670000017, 76.92344860000003], [157.2596661, 76.89474470000005], [157.1984841000001, 76.86303960000004], [157.1578002000001, 76.82119240000009], [157.17092620000005, 76.7583785000001], [157.26589130000013, 76.70045360000017], [157.3519721, 76.6699946999999], [157.4753958, 76.6390265], [157.54470170000002, 76.6257126000001], [157.6590659000001, 76.60887790000004], [157.744266, 76.5989614], [157.85558990000015, 76.58988160000001], [157.99183860000005, 76.58361030000015], [158.08307579999996, 76.58220380000012], [158.17223020000006, 76.58289860000008]]], [[[156.62226480000004, 76.874919], [156.79968629999996, 76.88036750000009], [156.909103, 76.88695610000008], [156.98533370000018, 76.89380829999999], [157.0637097, 76.90268750000013], [157.18690620000007, 76.92150470000013], [157.31159390000005, 76.9480737], [157.4118897000002, 76.97964690000009], [157.4773063, 77.01100359999998], [157.517825, 77.04442950000009], [157.52997430000005, 77.09447590000008], [157.49837280000008, 77.15123900000015], [157.4412218000001, 77.18763620000004], [157.38861110000005, 77.20930620000013], [157.2741691000001, 77.24412210000008], [157.1618393000001, 77.26723540000006], [157.033176, 77.28573080000007], [156.84668720000002, 77.30209420000006], [156.6469416, 77.30993730000006], [156.52824670000007, 77.31022870000004], [156.41043820000016, 77.307056], [156.33730260000004, 77.3033089], [156.2325965000001, 77.29608380000013], [156.09614010000018, 77.28138760000007], [155.99314560000005, 77.2659205], [155.88883610000005, 77.24720819999999], [155.81292290000022, 77.22957190000005], [155.72337820000007, 77.20148990000001], [155.65755980000017, 77.17068369999998], [155.58882860000017, 77.10782530000006], [155.5906543000001, 77.04569480000015], [155.7114564000001, 76.97101060000017], [155.77273580000008, 76.95109609999997], [155.8314405000001, 76.9358375000001], [155.8943961000001, 76.92234029999997], [155.96261990000005, 76.9102655000001], [156.07763910000006, 76.89460570000006], [156.1700254, 76.885493], [156.26230410000016, 76.87901620000002], [156.3391706000001, 76.875424], [156.44600050000008, 76.87298380000004], [156.62226480000004, 76.874919]]], [[[82.7947282, 77.26596830000005], [82.96396490000006, 77.275183], [83.12988269999994, 77.28963090000002], [83.27707529999998, 77.31429660000015], [83.39740990000007, 77.34031909999999], [83.490622, 77.37342080000002], [83.55623790000004, 77.40930860000003], [83.5881257000002, 77.44825079999998], [83.54555370000014, 77.52234760000005], [83.47130539999995, 77.5583828], [83.2893994000001, 77.61668430000003], [83.19285160000015, 77.642883], [83.06606290000002, 77.67015730000003], [82.92958820000001, 77.6901014], [82.77651070000013, 77.70541900000012], [82.61185720000003, 77.716267], [82.43497969999999, 77.72474690000007], [82.23416440000017, 77.72570850000005], [81.9742164000001, 77.720339], [81.74725490000014, 77.69506390000004], [81.5456986000001, 77.66155140000012], [81.39631170000018, 77.60878040000011], [81.34050790000003, 77.576291], [81.30545110000008, 77.5346583000001], [81.34020470000019, 77.46731160000007], [81.441994, 77.40049229999994], [81.55414900000011, 77.36020710000008], [81.75103149999995, 77.32081110000007], [81.94035510000003, 77.30001690000012], [82.07438900000011, 77.28966419999989], [82.2481595000001, 77.27912010000006], [82.44199290000012, 77.27093030000009], [82.617209, 77.2654996], [82.7947282, 77.26596830000005]]], [[[92.86941280000019, 77.51484749999997], [92.91891720000007, 77.53295950000006], [92.97784520000005, 77.56287090000012], [93.02543030000015, 77.6278026], [92.96623040000009, 77.69579030000011], [92.8777043, 77.73336620000003], [92.77192660000003, 77.762243], [92.6095246000001, 77.79721040000015], [92.4583846000001, 77.8231391], [92.28606839999998, 77.84262600000017], [92.15803549999998, 77.85179339999996], [91.99121550000001, 77.85769590000001], [91.86194950000015, 77.85809039999998], [91.72095270000005, 77.854658], [91.58288610000011, 77.84704740000006], [91.44111060000012, 77.83414949999991], [91.36469320000003, 77.82456070000006], [91.2229468000001, 77.80040459999992], [91.15239150000002, 77.78422619999998], [91.08301830000016, 77.764481], [91.0343152000001, 77.74750820000003], [90.96594830000004, 77.71359880000011], [90.91971720000004, 77.65807080000008], [90.93826820000004, 77.59668430000005], [90.9959846000001, 77.54850090000002], [91.05311970000008, 77.52180540000012], [91.103923, 77.50355679999996], [90.97944100000018, 77.51347950000013], [90.87546950000007, 77.51849879999992], [90.72302939999997, 77.52180730000015], [90.58042190000003, 77.51986620000008], [90.46335660000011, 77.51448360000006], [90.30681920000006, 77.50369690000002], [90.14099150000004, 77.4839495], [90.06933360000016, 77.4709213000001], [89.92551649999996, 77.485482], [89.78659240000013, 77.4949052], [89.69179550000007, 77.49927940000009], [89.52023, 77.50228370000013], [89.37458260000017, 77.50068429999999], [89.2395534000002, 77.49555440000006], [89.10446180000002, 77.48698180000008], [88.963491, 77.473364], [88.8536959000001, 77.45895680000012], [88.751952, 77.4416918], [88.66159310000012, 77.4225308], [88.56511010000003, 77.39662980000014], [88.50336409999994, 77.3761295], [88.4520619, 77.35458720000014], [88.39387340000007, 77.32452410000013], [88.2596542, 77.28254940000011], [88.152607, 77.26206430000013], [88.05503020000015, 77.23776070000008], [87.98876470000005, 77.2165235999999], [87.93355180000015, 77.19407820000015], [87.88345280000004, 77.16859220000015], [87.83086590000016, 77.12921189999997], [87.80611410000017, 77.07776160000003], [87.83558550000004, 77.0161935000001], [87.93120940000011, 76.95182829999999], [88.03328850000014, 76.90744640000008], [88.13862780000005, 76.873434], [88.2721934000001, 76.8419993], [88.34810890000017, 76.82767010000015], [88.41201139999998, 76.8175647000001], [88.54324080000015, 76.80055700000014], [88.65639780000015, 76.78945520000013], [88.79516520000016, 76.78023860000013], [88.93910790000007, 76.7752109], [89.0603686, 76.77445920000014], [89.15497540000013, 76.77620590000004], [89.2771148000001, 76.78144970000017], [89.40522820000007, 76.79013609999998], [89.50939420000009, 76.779934], [89.62143089999995, 76.77286040000001], [89.7399902000002, 76.76901370000007], [89.91171090000023, 76.7698104000001], [90.12363089999997, 76.78143970000002], [90.25033830000007, 76.7947726000001], [90.3594015000001, 76.81097470000003], [90.45213480000012, 76.8292358], [90.55049960000014, 76.85526479999999], [90.61754100000013, 76.8795915], [90.66687390000004, 76.9046849], [90.76405360000024, 76.94297200000017], [90.85912060000021, 76.96415120000012], [90.94427860000013, 76.98939679999995], [91.00281190000015, 77.01260680000013], [91.0692408000001, 77.0541306], [91.12571870000005, 77.08671150000015], [91.26707820000007, 77.10339079999994], [91.37151540000002, 77.12092830000012], [91.45613880000008, 77.13968119999987], [91.52903030000004, 77.16075740000008], [91.62255530000004, 77.20085160000014], [91.67465890000005, 77.2462827], [91.68072180000007, 77.328555], [91.64140200000014, 77.3722158], [91.54447510000006, 77.41903310000015], [91.60586879999994, 77.41274040000013], [91.73516960000006, 77.40362840000012], [91.88796260000004, 77.39817269999986], [91.9936661000001, 77.39753170000012], [92.10038309999999, 77.39943019999998], [92.2034476, 77.40370229999996], [92.31233070000008, 77.41097990000014], [92.3838338000001, 77.41748760000002], [92.53060470000008, 77.43602780000015], [92.61078370000018, 77.44978040000007], [92.70704360000008, 77.47027930000013], [92.79609330000011, 77.4928008], [92.86941280000019, 77.51484749999997]]], [[[93.85666120000008, 77.9421592], [94.03231650000004, 77.94892550000014], [94.15465249999994, 77.95714830000014], [94.243565, 77.96551220000009], [94.32804069999997, 77.97568580000006], [94.40722430000005, 77.98756780000014], [94.48030710000006, 78.00103910000013], [94.54653430000002, 78.01596460000013], [94.61940710000005, 78.03545450000013], [94.7065816, 78.06777340000008], [94.77987210000015, 78.1210453], [94.76728930000002, 78.1925154000001], [94.76109840000004, 78.25512830000002], [94.70820720000006, 78.2947658000001], [94.61560380000014, 78.33133470000001], [94.55276910000003, 78.34902910000011], [94.48898760000014, 78.36351540000004], [94.41833529999997, 78.376671], [94.34148570000002, 78.3883666000001], [94.2591797, 78.39848670000009], [94.17221870000014, 78.40693110000012], [94.08145609999997, 78.41361610000007], [93.987788, 78.41847500000011], [93.89214320000008, 78.42145970000001], [93.79547330000014, 78.42254020000007], [93.69874120000003, 78.42170590000012], [93.60291070000011, 78.41896509999998], [93.50893550000006, 78.4143451], [93.41774790000022, 78.40789180000002], [93.30549009999999, 78.3970342], [93.15880310000006, 78.37783510000003], [93.09257170000006, 78.36634050000004], [93.0046639000002, 78.34752520000006], [92.9366564, 78.33013130000006], [92.82445290000021, 78.29648570000012], [92.73977609999997, 78.258384], [92.68916850000011, 78.21797060000006], [92.6779670000002, 78.16472270000003], [92.72168480000005, 78.11343820000013], [92.78517140000008, 78.0760307000001], [92.92605390000011, 78.02982300000014], [92.98981530000015, 78.01365410000011], [93.061272, 77.99893809999998], [93.13963640000009, 77.9858317], [93.23975180000002, 77.97172790000013], [93.3931945000001, 77.95626150000015], [93.5895104, 77.94476060000017], [93.67805770000001, 77.9421888], [93.85666120000008, 77.9421592]]], [[[77.86759470000015, 79.29113660000002], [77.985289, 79.29968070000012], [78.15800450000017, 79.3178802], [78.29419960000018, 79.33839570000015], [78.39759400000014, 79.35919250000012], [78.46805440000003, 79.37724080000004], [78.56045610000012, 79.40895080000007], [78.628332, 79.44240469999994], [78.67098809999999, 79.4962347], [78.62743640000002, 79.55847719999997], [78.537746, 79.5997284], [78.47888080000018, 79.61811619999997], [78.39767450000022, 79.63810290000009], [78.22636810000017, 79.6695689], [78.13017779999996, 79.68324689999997], [77.96542039999997, 79.70076950000015], [77.77232640000005, 79.7253091], [77.5906283000001, 79.75656680000009], [77.41408680000018, 79.77729800000014], [77.34317960000021, 79.78860370000012], [77.214195, 79.80363840000012], [77.07448749999998, 79.81535080000003], [76.9307675, 79.823356], [76.83822790000005, 79.83672580000007], [76.74232350000005, 79.84799600000014], [76.5543245, 79.8637791000001], [76.29372000000012, 79.874657], [76.0980171, 79.87556980000005], [75.90443440000013, 79.87044390000017], [75.7421048000001, 79.861231], [75.58722340000014, 79.84748969999998], [75.4280996, 79.82700240000008], [75.34191720000007, 79.81225219999999], [75.25854790000005, 79.79473180000002], [75.18722109999999, 79.77673040000008], [75.111038, 79.75260679999997], [75.04181070000016, 79.7205833000001], [74.98685060000003, 79.65922070000016], [75.03464180000009, 79.593107], [75.11022600000013, 79.55442650000003], [75.27616580000006, 79.4963734000001], [75.36898350000013, 79.469092], [75.48575140000008, 79.43896310000014], [75.62410850000009, 79.41164160000011], [75.86988279999997, 79.38095280000005], [75.9455559000001, 79.36073449999998], [76.07857849999994, 79.33605280000006], [76.13634979999995, 79.32759529999998], [76.275275, 79.31110320000005], [76.39408730000008, 79.30104310000007], [76.53147530000001, 79.29187470000016], [76.62479229999997, 79.287468], [76.74741120000022, 79.28402480000011], [76.91903629999996, 79.28306890000005], [77.07409970000009, 79.28634340000008], [77.32778210000004, 79.28005120000012], [77.4713902000002, 79.2788533000001], [77.61363390000008, 79.28067990000011], [77.74837939999998, 79.28493590000016], [77.86759470000015, 79.29113660000002]]], [[[36.82317680000011, 79.93363330000011], [36.936841, 79.93610610000007], [37.095299799999964, 79.941903], [37.20258709999996, 79.94807609999998], [37.305999000000156, 79.9560411], [37.404562500000054, 79.9657239], [37.497342400000036, 79.97703410000003], [37.58344969999996, 79.98986589999998], [37.68183730000004, 80.00804740000012], [37.74969569999996, 80.02293280000004], [37.80925950000017, 80.03886070000004], [37.8599645000001, 80.0556911000001], [37.96433710000019, 80.1167519], [37.96814760000018, 80.17205050000001], [37.913732100000175, 80.21369770000001], [37.83252349999998, 80.2463244], [37.73698620000016, 80.27249510000001], [37.6615567, 80.28981940000006], [37.57524630000012, 80.30564810000004], [37.4632772, 80.32273449999997], [37.275221200000146, 80.34339790000013], [37.16847740000003, 80.35165740000014], [36.99930510000013, 80.36071979999997], [36.89122400000019, 80.364418], [36.70850479999996, 80.36740070000013], [36.58369030000017, 80.367894], [36.45928560000016, 80.366145], [36.336746100000084, 80.36217440000007], [36.2175019, 80.35602850000015], [36.08327430000014, 80.34614770000007], [35.97354830000012, 80.33575700000011], [35.87124849999998, 80.32343730000002], [35.777557300000126, 80.30933450000003], [35.69354170000008, 80.29361540000008], [35.62014130000006, 80.27646479999999], [35.55815780000006, 80.25808340000003], [35.49744450000014, 80.23543110000003], [35.43702829999995, 80.19815290000008], [35.43523320000014, 80.13068450000009], [35.484476200000074, 80.09255710000002], [35.575511900000095, 80.0568], [35.63555670000011, 80.0402357000001], [35.704505400000016, 80.02475720000001], [35.89924190000016, 79.99157990000009], [36.16187240000011, 79.95966930000014], [36.26426100000015, 79.95062689999997], [36.371183, 79.9433917], [36.48160530000018, 79.93803270000012], [36.59446700000012, 79.93460130000011], [36.7086878, 79.93313010000003], [36.82317680000011, 79.93363330000011]]], [[[79.82711059999997, 80.54987230000012], [80.0501627000001, 80.55804920000008], [80.290822, 80.57042930000017], [80.53697720000002, 80.59008310000007], [80.68304660000007, 80.60656270000004], [80.78563280000014, 80.62127170000008], [80.866184, 80.6350218], [81.06690840000022, 80.67392820000003], [81.15451070000006, 80.69413980000007], [81.2310474000002, 80.7167111], [81.36546, 80.77408620000011], [81.41966660000008, 80.81693890000014], [81.39816940000003, 80.88409920000004], [81.2875864, 80.93588970000008], [81.22938690000012, 80.95348480000001], [81.10475540000016, 80.9819958], [81.0226464000001, 80.99655080000014], [80.92113590000008, 81.01141320000005], [80.80519650000008, 81.02514230000003], [80.60249920000012, 81.04448740000015], [80.35956050000016, 81.06049130000002], [80.27193540000007, 81.070002], [80.13933310000016, 81.08148550000004], [79.9680011000001, 81.09205520000006], [79.83867440000017, 81.09742970000013], [79.627516, 81.10196630000013], [79.49037630000004, 81.102163], [79.34959780000008, 81.10033010000012], [79.22134970000002, 81.09661280000006], [79.05827409999995, 81.08955010000011], [78.95522660000012, 81.0834001], [78.75646840000013, 81.066756], [78.53757790000003, 81.05241650000005], [78.34919330000002, 81.03328140000002], [78.18917729999998, 81.01359500000012], [78.06539529999998, 80.992921], [77.90174830000007, 80.9598688000001], [77.82381710000016, 80.94045030000012], [77.75912649999998, 80.92031320000001], [77.6905461, 80.89113170000013], [77.61255150000005, 80.84242040000015], [77.57679740000009, 80.792777], [77.62368070000002, 80.72269580000011], [77.68182069999995, 80.69428120000009], [77.75212280000011, 80.67062], [77.83234649999997, 80.64975329999999], [77.94096620000005, 80.62808849999993], [78.07104110000012, 80.60790980000013], [78.19185720000002, 80.59211610000006], [78.32904080000009, 80.5781265], [78.45044830000006, 80.568354], [78.62671850000015, 80.5581443000001], [78.8406055000001, 80.54965730000009], [78.95697020000011, 80.54647180000012], [79.28128050000021, 80.54442130000012], [79.59416920000012, 80.54521], [79.82711059999997, 80.54987230000012]]], [[[97.22066790000008, 81.3157364], [97.06171360000013, 81.35087990000011], [96.95172720000011, 81.36644810000001], [96.76172079999998, 81.40336820000016], [96.63762740000016, 81.42195290000006], [96.50166040000022, 81.43766280000017], [96.34079070000007, 81.4516986000001], [96.17851080000008, 81.46195720000014], [96.004581, 81.4692343000001], [95.82446749999997, 81.47337070000003], [95.63370980000002, 81.47418070000009], [95.44436760000019, 81.47144760000003], [95.09188410000002, 81.45808280000006], [94.87376240000015, 81.44639080000002], [94.53425820000018, 81.42016530000012], [94.42500690000003, 81.409065], [94.32330970000021, 81.39633950000001], [92.62041760000005, 81.28781760000015], [92.47029170000013, 81.31994780000014], [92.29926180000018, 81.34555950000004], [92.1130885, 81.36625350000003], [91.6856021000001, 81.40447030000001], [91.47505110000009, 81.41683140000015], [91.23683310000013, 81.42437], [91.02520590000012, 81.42636], [90.8120452, 81.42347260000003], [90.63594140000004, 81.41713340000007], [90.46749260000001, 81.40729560000005], [90.19795020000015, 81.39899810000003], [89.94498729999998, 81.38459970000014], [89.65131520000006, 81.36229379999997], [89.466131, 81.34476400000011], [89.34760269999998, 81.33075680000007], [89.2461657, 81.31580850000012], [89.15564090000015, 81.29927960000015], [89.07626570000014, 81.28120940000014], [89.01140040000007, 81.262479], [88.92840940000008, 81.22726369999992], [88.88328640000009, 81.19709720000009], [88.85973569999999, 81.13800679999997], [88.89328070000016, 81.09323790000002], [88.9567383000001, 81.05164160000004], [89.03581400000019, 81.01925360000007], [89.15141579999994, 80.98599130000002], [89.28029290000018, 80.95943880000004], [89.410419, 80.93811269999998], [89.62249490000005, 80.91009680000008], [89.81553670000011, 80.89058530000005], [90.10442460000013, 80.8664576], [90.39016060000017, 80.84887840000016], [90.555658, 80.8417975000001], [90.83895110000009, 80.8360722], [91.0290372, 80.83565870000001], [91.27436560000001, 80.83982870000011], [91.54047060000005, 80.84933940000008], [91.41971090000015, 80.813905], [90.38207049999994, 80.4727818], [90.31001080000021, 80.4163951000001], [90.30437010000014, 80.30186980000008], [89.98143279999994, 80.16461360000005], [89.9079908000001, 80.1382612000001], [89.85529980000013, 80.10879240000008], [89.83219650000007, 80.04086290000015], [89.87363970000001, 80.00267690000004], [90.00690780000014, 79.83715760000007], [90.04026880000015, 79.78544829999998], [89.58905600000014, 79.65225250000003], [89.51822720000013, 79.6243298], [89.46826250000015, 79.59087569999991], [89.4571668000001, 79.5348765], [89.52870120000006, 79.48183700000016], [89.63769030000003, 79.4436528], [89.71845990000008, 79.42374590000014], [89.80257260000019, 79.40685229999997], [89.8950986000001, 79.39187870000006], [89.99370660000011, 79.37853160000009], [90.08707420000002, 79.36808480000008], [90.18364800000018, 79.35949680000004], [90.29267419999996, 79.352159], [90.55920820000017, 79.3188843000001], [91.29286070000012, 79.05602649999997], [91.42145510000006, 79.0115518], [91.55351950000022, 78.98223580000001], [91.74436070000007, 78.949418], [91.84646910000004, 78.93566860000016], [92.164198, 78.89929020000005], [92.37124870000014, 78.88005180000005], [92.46593430000019, 78.87376790000002], [92.59048080000002, 78.86730030000012], [92.75875790000009, 78.8621781], [94.65977670000018, 78.84116390000014], [94.80530120000009, 78.83014659999998], [95.40200120000009, 78.79993410000009], [96.57132610000014, 78.71072010000012], [96.8667132, 78.64963770000003], [96.9743676, 78.30578149999991], [97.0608865000001, 78.23540640000016], [97.14913260000003, 78.20375280000002], [97.242174, 78.18034679999994], [98.39402640000009, 77.93707400000011], [95.9888903000001, 77.34905250000014], [95.88140780000015, 77.33417350000008], [95.78025190000011, 77.3150071], [95.6361065000001, 77.28020550000014], [95.57738630000011, 77.26377390000005], [95.41046719999997, 77.2496374000001], [95.33487630000008, 77.2426860000001], [95.22398089999996, 77.22910890000009], [95.10915520000009, 77.20971960000008], [94.97930350000007, 77.19009920000008], [94.8317856000001, 77.15837529999999], [94.72133659999997, 77.12839589999999], [94.60502410000015, 77.10259449999995], [93.82087100000012, 76.88946040000013], [93.38843210000005, 76.75878289999997], [93.32374850000008, 76.74105210000005], [93.24665290000007, 76.71179990000013], [93.19284140000013, 76.68140370000015], [91.67418600000019, 76.25924550000002], [91.23438510000011, 76.24387580000001], [91.14944270000007, 76.23770900000011], [91.0285249000001, 76.22449910000012], [88.95494130000009, 75.89438990000002], [88.81279740000014, 75.9008733], [88.71867650000007, 75.9028904000001], [88.01143780000018, 75.90297150000004], [87.88895580000008, 75.90087640000007], [87.76922440000021, 75.8942881000001], [87.65503390000015, 75.88336049999992], [87.5490304000001, 75.86834830000004], [87.45364910000006, 75.84960070000017], [87.3710541000001, 75.82755180000015], [87.3030885, 75.80271039999997], [87.21867770000011, 75.75435630000004], [85.61179240000013, 75.42969200000016], [85.558336, 75.41686110000006], [85.5099454000001, 75.40282380000002], [85.44775330000004, 75.37978180000005], [84.62044170000007, 75.01000160000012], [83.8441706000001, 74.83240290000009], [83.77382220000004, 74.82069200000012], [83.69808990000001, 74.80406150000005], [83.63137270000004, 74.78498230000008], [83.57478650000019, 74.76378370000009], [83.52926090000011, 74.74083009999998], [83.4815238000001, 74.7014122000001], [83.47422920000014, 74.614801], [83.49085990000003, 74.56128320000005], [82.32949, 74.3308725], [82.19354350000003, 74.31368370000013], [82.11566360000012, 74.29989230000001], [82.05487009999996, 74.28697670000003], [81.99347250000011, 74.27091969999998], [81.8823046, 74.2360519], [81.80827609999994, 74.20642400000014], [81.76360040000003, 74.18192720000008], [80.20419779999997, 73.75931229999998], [77.729901, 73.63953859999998], [77.06040700000011, 73.6069829], [76.93212130000012, 73.63150830000006], [76.61749420000007, 73.67920830000008], [76.45631650000018, 73.6993106], [76.3681755, 73.70788640000006], [76.28700630000009, 73.71378240000013], [76.16991830000012, 73.71954490000013], [76.1041338, 73.72132230000011], [76.01633310000011, 73.72175560000011], [75.92325140000008, 73.71975880000008], [75.77031400000021, 73.72036420000006], [75.62156979999997, 73.71558670000002], [75.45972570000004, 73.70518990000005], [75.39306330000011, 73.69851959999988], [75.30043950000015, 73.6866483], [75.1777318, 73.6649594000001], [75.05062020000003, 73.63354980000008], [74.95234860000011, 73.60078640000012], [74.8644842000001, 73.56611430000015], [74.80982200000011, 73.54007140000004], [74.7642193000001, 73.51427500000011], [74.71489360000021, 73.47615890000014], [74.68180470000016, 73.43516649999998], [74.38574040000015, 73.3090186], [74.25602340000006, 73.30577940000006], [74.1322753, 73.29670740000012], [74.012416, 73.28263870000012], [73.895435, 73.26274179999996], [73.08980760000009, 73.29882150000003], [72.21028090000004, 73.33812440000003], [72.10888870000002, 73.3970318000001], [71.86855909999997, 73.51247390000015], [71.80039690000012, 73.53965440000002], [71.6750535000001, 73.57411520000011], [71.57619390000002, 73.5962477000001], [71.46981410000012, 73.61732660000013], [71.39697390000009, 73.629685], [71.30284840000002, 73.6431702000001], [71.179186, 73.65786000000014], [71.07157840000013, 73.66769960000016], [70.98479970000005, 73.67314750000008], [70.89818430000003, 73.67626070000011], [70.833967, 73.67685580000011], [70.75319570000022, 73.67584820000008], [70.67164030000015, 73.67261860000002], [70.54406040000015, 73.66389180000004], [70.424167, 73.650798], [70.19476350000014, 73.63704330000013], [70.08177260000002, 73.62730970000013], [69.94138180000016, 73.60777020000012], [69.86404230000005, 73.59294410000012], [69.78580649999998, 73.5743888], [69.61843450000003, 73.54768830000006], [69.47008530000005, 73.50825090000012], [69.37680100000011, 73.46416340000007], [68.7887585000002, 73.03362780000009], [68.74548870000012, 73.00715050000014], [68.65009030000004, 72.90902080000006], [68.61274480000003, 72.8619058000001], [68.50724760000003, 72.8209321000001], [68.44709, 72.79420110000012], [68.3972013, 72.76495770000008], [68.32102340000006, 72.6832184999999], [68.30587650000018, 72.61285360000011], [68.22176380000008, 72.50058080000002], [68.1888636, 72.44723980000015], [68.13516060000012, 72.292374], [68.08900530000005, 72.19825350000002], [68.04977520000006, 72.15072660000016], [68.02005380000008, 72.08224110000003], [67.94934850000016, 71.96620260000014], [67.90704779999999, 71.90435910000002], [67.86362870000016, 71.86560029999993], [67.81733450000013, 71.8307292], [67.76237230000015, 71.79793760000007], [67.71426270000018, 71.75932720000003], [67.6657384, 71.73884440000006], [67.5925331000002, 71.69582340000017], [67.52417530000014, 71.667867], [67.40688989999995, 71.63437540000001], [67.32550130000004, 71.61092290000005], [67.22353540000012, 71.59011180000016], [67.16073429999994, 71.573099], [67.0958617, 71.5501324], [67.0356981000001, 71.52058840000012], [66.92363490000002, 71.492352], [66.81513330000007, 71.46988660000005], [66.75315560000001, 71.4646911000001], [66.69957060000013, 71.45833050000016], [66.64533770000014, 71.4499624], [66.5742673000002, 71.43569], [66.48067780000008, 71.40890670000016], [66.41630610000016, 71.38201750000002], [66.3432825000001, 71.33326770000002], [66.28927169999997, 71.26420650000006], [66.2496937000002, 71.22698650000012], [66.1870502000001, 71.19056269999999], [66.1270065, 71.14412810000005], [65.99222450000008, 71.02321760000018], [65.89859049999995, 70.9109678000001], [65.8532110000001, 70.8510986], [65.82036020000021, 70.73444870000003], [65.8335591, 70.61205250000012], [65.86781700000017, 70.54824160000004], [65.93371130000008, 70.48189920000016], [65.9893952000001, 70.4404828000001], [66.04004230000021, 70.40936590000013], [66.09490210000001, 70.36975860000007], [66.1858069000001, 70.32855239999998], [66.25702330000001, 70.30468360000003], [66.32101360000001, 70.28569220000003], [66.38646730000005, 70.10995530000002], [65.38194420000013, 69.72554130000003], [64.9650442000002, 69.56391920000016], [64.7021129000002, 69.64184860000006], [64.55140210000002, 69.67805700000014], [64.40471580000008, 69.70632430000006], [64.12897540000006, 69.7534988000001], [63.9388416000001, 69.7841117000001], [63.68986400000017, 69.8202677000001], [63.289087, 69.87364400000013], [63.15166380000005, 69.8881057000001], [62.856577800000196, 69.91268480000002], [62.70648970000002, 69.9206099000001], [62.528900400000225, 69.9266821], [62.1798302000002, 69.93286490000014], [62.081864200000155, 69.94280990000004], [62.013274700000125, 69.94608750000015], [61.61676939999995, 70.00540590000008], [61.55698560000002, 70.02204050000012], [61.506001900000115, 70.03294260000013], [61.382159500000114, 70.05223560000002], [60.66971270000022, 70.12286680000005], [60.609688400000095, 70.15048889999986], [60.52680840000005, 70.20691830000004], [60.456706, 70.23494340000002], [60.3697719000001, 70.25893400000012], [60.2437387, 70.28217460000013], [60.17058830000008, 70.30806090000004], [60.066753100000085, 70.33696780000014], [59.95175810000006, 70.40160240000012], [59.90451940000003, 70.43825960000004], [59.83929030000007, 70.46957540000011], [59.71900729999999, 70.50806680000005], [59.623854600000186, 70.55924250000004], [59.52452890000012, 70.596648], [59.47350760000006, 70.61256340000011], [59.349256, 70.64103490000002], [59.245354, 70.6549958], [58.59476760000018, 70.76439530000016], [58.064930799999956, 70.85305010000002], [57.97796000000017, 70.89068630000008], [57.907045900000014, 70.9227805000001], [57.85685440000009, 70.9396334000001], [57.77652290000003, 70.9619272000001], [57.72029360000005, 70.97379070000011], [57.660365500000125, 70.98356170000011], [57.55930830000011, 70.99439650000005], [57.49793630000022, 71.00743510000012], [57.44650970000009, 71.01594160000013], [57.35817490000022, 71.0596905000001], [57.272838600000114, 71.08678], [57.19252430000006, 71.11902050000009], [57.129742400000055, 71.13844329999989], [57.078832600000055, 71.16715890000017], [56.98986460000003, 71.20052360000011], [56.89768490000017, 71.24518480000006], [56.80754610000008, 71.27662559999999], [56.751556100000016, 71.29219090000004], [56.68730059999996, 71.33739670000006], [56.64804419999996, 71.3884878], [56.57139550000011, 71.44975150000016], [56.482071900000165, 71.51933370000006], [56.42579710000018, 71.57297420000003], [56.352775300000076, 71.62308750000005], [56.29471460000008, 71.67458240000002], [56.207169000000135, 71.80786740000008], [56.178386, 71.89081920000007], [56.14324190000008, 71.93622240000008], [56.1089465, 72.02649629999996], [56.20987320000006, 72.1261636000001], [56.22957629999996, 72.18689100000012], [56.21376879999997, 72.23466530000007], [56.25721880000009, 72.38268350000004], [56.74446590000014, 72.69976840000004], [56.83439350000015, 72.7589809000001], [56.87768090000009, 72.797828], [57.07385410000006, 72.9528443000001], [57.187162000000114, 73.03465210000013], [57.332456100000115, 73.13290490000009], [57.461693399999945, 73.18134950000007], [57.56617070000016, 73.2209625000001], [57.65725, 73.2579847], [57.757593900000074, 73.30525560000007], [57.83057740000004, 73.33856230000004], [58.20158260000011, 73.50067860000013], [58.53073200000017, 73.68013610000014], [58.88993810000011, 73.88943260000002], [59.15687120000007, 74.00564670000006], [59.309067899999945, 74.08351270000003], [59.967444000000114, 74.2268132000001], [60.07043290000007, 74.25429950000006], [60.12740000000019, 74.27542], [60.18408590000007, 74.30459940000009], [60.26740400000017, 74.36211], [60.49700010000015, 74.49045490000009], [60.893193000000224, 74.62212140000003], [61.208288, 74.7441966], [61.62274530000002, 74.9190769], [62.104751100000044, 75.08704809999995], [62.64368160000015, 75.23725120000006], [62.7303373000002, 75.24886530000003], [62.82948540000018, 75.26692420000012], [62.91, 75.28572330000003], [62.974751, 75.30553679999997], [63.0355179, 75.3108441], [63.115572400000076, 75.320412], [63.183346, 75.33082630000007], [63.24674729999998, 75.34289489999998], [63.326447700000074, 75.36255390000014], [63.42156260000013, 75.36820269999998], [63.65442160000009, 75.39269459999997], [64.0449569000001, 75.42215320000008], [64.18407110000004, 75.43732410000013], [64.30952249999996, 75.45880360000012], [64.42645290000007, 75.48694340000014], [64.48807330000005, 75.50028430000015], [64.58204740000008, 75.52078930000016], [64.63194259999995, 75.53486150000009], [64.86419480000018, 75.55030210000007], [64.96818370000011, 75.56033390000005], [65.09317770000018, 75.57896180000012], [65.24971770000008, 75.60053550000009], [65.379738, 75.60529950000011], [65.55879460000006, 75.62327959999988], [65.71597860000008, 75.65124409999999], [65.83643510000013, 75.68592519999999], [65.93018530000006, 75.70536880000009], [66.028291, 75.72233750000004], [66.14314110000021, 75.73220060000006], [66.28202340000013, 75.7500258], [66.43589169999996, 75.77751810000012], [66.49370450000004, 75.789422], [66.66127860000017, 75.79619620000011], [66.8073118000002, 75.80974930000008], [66.94045549999998, 75.82981440000009], [67.02168090000009, 75.84751130000012], [67.22717350000005, 75.86861220000003], [67.34088210000004, 75.88440659999998], [67.56298920000017, 75.91150110000001], [67.63728220000013, 75.9236709000001], [67.71794190000014, 75.93436780000002], [67.81299880000017, 75.951636], [67.93832350000014, 75.98223790000009], [68.0336599000002, 75.99458140000019], [68.232651, 76.02665950000011], [68.362304, 76.04959120000012], [68.4211032, 76.05058010000005], [68.53131829999995, 76.05606840000013], [68.63755210000005, 76.06505990000016], [68.7379108, 76.0773951000001], [68.83059260000016, 76.09285480000005], [68.9139173000001, 76.11116320000002], [68.9863551000002, 76.13199270000007], [69.04655370000012, 76.15496910000007], [69.70522770000008, 76.44161140000011], [69.78944130000002, 76.49573810000004], [69.948136, 76.67315789999998], [69.94417480000016, 76.7385274], [69.85268060000021, 76.82756480000012], [69.79909810000004, 76.86333159999987], [69.61320290000009, 76.95589400000011], [69.35303850000008, 77.06031540000015], [69.30139930000007, 77.07684520000004], [69.24243560000002, 77.09211230000005], [69.1636132000001, 77.10840270000006], [69.0234612000001, 77.1323584000001], [68.93739350000004, 77.1445797], [68.8689528000001, 77.15225249999997], [68.12267380000009, 77.22558429999998], [67.96324030000011, 77.23760929999997], [67.88033409999997, 77.24106910000012], [67.79630050000003, 77.24278], [67.6279188000002, 77.2409085000001], [67.49117010000009, 77.23402800000014], [67.37770240000015, 77.22539620000003], [67.26273030000004, 77.2144935], [67.17927160000005, 77.20367529999999], [66.5044901, 77.09622530000001], [66.43114220000007, 77.08189880000003], [66.335457, 77.0596885], [65.45605359999996, 76.8883565000001], [65.38422830000013, 76.8725432], [65.32094859999995, 76.85496400000017], [65.20292130000001, 76.81562630000013], [65.12619530000006, 76.78266279999997], [65.07601440000013, 76.75504690000014], [64.8593977000001, 76.70166570000009], [64.572258, 76.6636549000001], [63.9208124000001, 76.61039690000013], [63.83980329999997, 76.60284239999999], [63.716659300000174, 76.58811689999999], [63.62616780000019, 76.573016], [63.30447390000006, 76.50679130000009], [62.699035, 76.46389269999997], [61.69540770000009, 76.49780120000003], [61.59853390000018, 76.49745090000016], [61.29244080000012, 76.49198910000018], [61.06372820000007, 76.48624980000011], [60.827809799999955, 76.477406], [60.71199339999998, 76.46870619999999], [60.626180100000056, 76.45926560000015], [59.74063650000011, 76.335843], [58.815230800000165, 76.2549039000001], [58.70587570000009, 76.24224140000013], [58.6222130000001, 76.22903520000006], [58.54230129999996, 76.21319950000009], [58.44040930000017, 76.18888870000012], [58.3701966000001, 76.16868320000003], [58.310734199999956, 76.1473019], [58.25978790000016, 76.12213610000003], [58.05271020000015, 75.98464700000011], [57.90816490000009, 75.92312120000014], [57.406443800000034, 75.78269620000009], [56.52170080000013, 75.53300420000005], [56.3971327000001, 75.51204109999998], [56.25223550000021, 75.47921880000013], [56.1474857, 75.44870620000006], [56.08822010000017, 75.4286381], [55.75341290000006, 75.37089879999996], [55.6235911, 75.35890660000001], [55.52243970000018, 75.34453560000003], [55.441528, 75.32935090000007], [55.37361410000017, 75.31291450000009], [55.2584799, 75.27945320000009], [55.16707660000009, 75.24446770000014], [55.111634400000014, 75.21053340000009], [55.04467750000009, 75.1679224], [54.977808, 75.07609049999996], [54.983061200000066, 75.02418110000002], [55.02428110000005, 74.98408770000003], [55.06624490000007, 74.94092880000005], [55.04287750000003, 74.81706720000005], [54.870374, 74.65981560000012], [54.830911800000024, 74.59186520000003], [54.672303899999974, 74.48032650000016], [54.636671399999955, 74.44481940000003], [54.45674320000006, 74.34922770000014], [54.3902882000001, 74.29879430000011], [54.36139119999996, 74.25515890000014], [54.23795060000015, 74.21876079999998], [54.135465800000134, 74.18374780000005], [54.057567, 74.15454580000011], [53.98409639999994, 74.12628670000015], [53.9301475000002, 74.09670420000009], [53.7835007, 74.05058560000003], [53.314162500000066, 73.96240870000008], [53.22315229999998, 73.9422153000001], [53.1119986, 73.9049619000001], [53.05759450000005, 73.87645129999993], [52.97962440000015, 73.80088680000011], [52.96309340000016, 73.73664420000006], [53.01187730000015, 73.66570910000013], [53.07144539999996, 73.62961330000013], [53.19100620000012, 73.58581520000001], [53.29525610000019, 73.55962180000012], [53.3030153000002, 73.48639980000013], [53.05758040000012, 73.39914749999997], [52.90940860000006, 73.36335280000003], [52.851189, 73.34241810000003], [52.77121380000017, 73.30712920000019], [52.69084160000011, 73.2767113000001], [52.61015640000011, 73.2398971], [52.56337639999998, 73.2118926], [52.0481861, 72.95946520000012], [51.96836710000008, 72.92050220000004], [51.906041800000025, 72.88374879999998], [51.85304919999999, 72.84051610000012], [51.76407780000022, 72.77883609999998], [51.23690970000007, 72.24600449999997], [51.16920610000017, 72.22632230000005], [51.036673700000165, 72.17778370000013], [50.96955780000002, 72.14099959999999], [50.88465350000001, 72.02702310000006], [50.86486040000011, 71.98008219999997], [50.842979699999944, 71.9173085000001], [50.80601439999998, 71.87843570000007], [50.80021550000015, 71.78972620000008], [50.81831290000008, 71.74011720000004], [50.868922, 71.66990020000003], [50.903203500000075, 71.62046160000006], [50.94825210000022, 71.58050830000008], [50.979423100000076, 71.51228450000013], [51.03739509999997, 71.46101830000015], [51.09254550000003, 71.42740279999998], [51.762675900000204, 71.13882690000003], [52.58397070000012, 70.81048360000005], [53.10583250000002, 70.6452726], [53.51381709999998, 70.54282890000002], [53.56878660000018, 70.53048840000002], [53.627449100000035, 70.52022829999999], [53.73467970000013, 70.50780839999999], [54.40896370000007, 70.45847940000004], [55.00715180000009, 70.32024980000011], [55.07644030000006, 70.30656780000015], [55.15050400000018, 70.29613800000016], [55.22801260000011, 70.289147], [55.289039900000034, 70.2861921], [56.210129500000164, 70.26510200000013], [56.399735599999985, 70.24855850000017], [56.492749, 70.24408530000005], [56.638526100000036, 70.24411280000004], [56.99702670000022, 70.2551658000001], [57.89717400000018, 70.07089640000004], [58.10910339999998, 69.94547530000011], [58.3597163, 69.83542430000006], [58.6685561000001, 69.71534330000003], [59.1529544, 69.56667040000008], [59.253560600000014, 69.54206580000016], [59.35807109999996, 69.5234807], [59.62583510000013, 69.48528859999993], [59.682066, 69.4392492], [59.75471019999998, 69.38848820000004], [59.81759069999998, 69.34601990000004], [59.86396910000008, 69.32146719999997], [59.95107740000003, 69.27097720000006], [59.997805300000095, 69.24077770000014], [60.0619863, 69.20804340000012], [60.078458200000114, 69.155648], [60.09201240000016, 69.10724160000007], [60.13296220000012, 69.05374350000011], [60.205942600000185, 69.00342900000015], [60.3111475, 68.95840649999997], [60.25806950000003, 68.91370740000013], [60.075161400000184, 68.96066460000014], [60.07454089999999, 69.04332160000007], [60.04227350000019, 69.08221370000012], [59.9712851000001, 69.14363939999998], [59.866031300000145, 69.19692550000002], [59.84219, 69.25437290000002], [59.811539800000105, 69.2956876], [59.74552230000006, 69.3440414000001], [59.67819920000022, 69.37836080000005], [59.58472859999995, 69.41092020000013], [59.45823860000007, 69.4478208000001], [59.30365440000003, 69.47970479999998], [59.23769890000017, 69.48986460000003], [59.18636740000005, 69.51456180000014], [59.09633720000011, 69.54450260000016], [59.03867600000012, 69.58440969999998], [58.988103, 69.60802050000012], [58.87547620000004, 69.64426080000015], [58.771707700000036, 69.66394270000006], [58.65840209999999, 69.67574990000003], [58.50953460000011, 69.68014419999997], [58.39615360000005, 69.67778], [58.286409599999956, 69.66765060000012], [58.1846941, 69.6501621000001], [58.09505240000021, 69.6260143], [58.02101460000006, 69.59617070000002], [57.9654525000002, 69.56181749999996], [57.928638699999965, 69.5233326], [57.90051160000013, 69.4657909], [57.938978300000144, 69.38832680000002], [57.989705500000014, 69.35308879999997], [58.10145760000012, 69.30732090000015], [58.18788250000006, 69.26583239999997], [58.27355820000014, 69.2319288], [58.3574446, 69.19162380000012], [58.43301949999994, 69.16871479999998], [58.48245080000004, 69.14963100000017], [58.128988100000015, 69.0593991], [57.86772020000012, 69.0149616000001], [57.722724300000095, 68.98472260000011], [57.62956419999995, 68.96766350000013], [57.425805100000105, 68.95106890000005], [57.2181147, 68.9292605], [56.726605, 69.00145629999997], [56.670717, 69.00795650000015], [55.92469270000004, 69.05550340000008], [55.85209070000019, 69.07788990000012], [55.694668699999966, 69.10755600000016], [55.56994169999996, 69.12496060000012], [55.504333700000075, 69.13100540000005], [54.721843, 69.18329229999995], [54.66488270000002, 69.1858], [54.44849169999998, 69.18964160000002], [54.29814920000007, 69.18750130000006], [54.15638460000008, 69.18309320000003], [53.95888090000011, 69.17307370000003], [53.705922499999986, 69.14994750000005], [53.56101320000005, 69.13249340000004], [53.31110150000012, 69.09670569999997], [53.22084340000009, 69.08142070000008], [53.059118400000216, 69.04766840000002], [52.53021650000011, 68.91829979999994], [52.16432900000018, 68.81924390000017], [51.966154400000164, 68.76031680000006], [51.906844199999966, 68.74077740000001], [51.77929830000011, 68.7131692000001], [51.67428049999995, 68.69591109999999], [51.58876759999998, 68.6861983], [51.5202288000001, 68.685823], [51.221615, 68.68925610000002], [51.13538570000014, 68.68726610000004], [51.05779410000008, 68.68288539999998], [50.9809041000002, 68.67558880000001], [50.91182770000006, 68.66660740000015], [50.82214120000009, 68.65177889999995], [50.75498249999998, 68.63773730000008], [50.6412656, 68.60737560000007], [50.54224670000008, 68.57388830000008], [50.481882100000064, 68.5497049], [50.430165600000066, 68.52617820000012], [50.364986100000124, 68.4931317], [50.255976400000065, 68.43505440000007], [49.93994550000008, 68.32143180000008], [49.81238040000005, 68.2803125000001], [49.74005669999997, 68.26049470000015], [49.653838300000075, 68.22796900000014], [49.47532290000004, 68.17019619999996], [49.33154590000015, 68.12894160000002], [49.23163750000015, 68.10213330000005], [49.0986805, 68.06916910000012], [49.020413200000064, 68.05158730000011], [48.91758960000004, 68.0830664], [48.82431, 68.10057040000004], [48.723591, 68.11092280000003], [48.619355600000176, 68.11371950000017], [48.52538190000001, 68.111266], [47.11129190000008, 68.03298660000007], [47.08243159999995, 68.0833487000001], [47.080465600000025, 68.14344], [46.90462279999997, 68.36163520000014], [46.85109219999998, 68.42664569999994], [46.78432380000004, 68.46687230000015], [46.70740720000009, 68.49782190000013], [46.64392190000012, 68.51636370000006], [46.56854040000019, 68.53356080000009], [46.36470849999995, 68.58711950000009], [46.274787499999945, 68.60743410000009], [46.195722200000205, 68.623205], [46.07122720000018, 68.64422590000015], [45.970239800000115, 68.664777], [45.83514580000008, 68.68488409999998], [45.73745290000005, 68.702857], [45.6808297, 68.71031110000007], [45.62178470000015, 68.71601229999999], [45.37416559999997, 68.73544050000004], [45.0385099, 68.74751719999989], [44.76576910000017, 68.7517534000001], [44.44752140000003, 68.74570069999987], [44.187955399999964, 68.73520359999998], [44.13787770000022, 68.75296079999998], [44.02071260000008, 68.78681820000008], [43.933031300000096, 68.8020237], [43.81624160000007, 68.8260262], [43.657589800000096, 68.85231220000009], [43.55217330000016, 68.86359890000017], [43.492441400000075, 68.86735930000009], [43.416410700000085, 68.86890110000007], [43.242791600000146, 68.8654747000001], [43.173777100000166, 68.86063669999999], [43.120051800000056, 68.85489430000007], [41.31259620000003, 68.5976645], [41.71518870000011, 68.06995550000005], [42.505703600000174, 66.99023910000005], [42.31571240000011, 66.86190039999997], [42.094909800000096, 66.78851550000002], [41.9814771, 66.7529871000001], [41.5638967000001, 66.60900440000006], [41.32955370000013, 66.52174249999996], [41.16189860000003, 66.46128240000007], [40.73060829999997, 66.29704310000017], [40.39499650000005, 66.172695], [39.72966610000003, 65.91496090000015], [38.910695100000055, 65.78748800000011], [38.37904949999995, 65.70770020000009], [38.29073540000002, 65.691813], [37.914086200000156, 65.71143190000015], [36.54100650000004, 65.77404710000002], [36.0878841, 65.79585380000009], [36.018929200000116, 65.79000050000002], [35.04824, 66.09830270000003], [34.84251200000017, 66.15339290000009], [34.44004440000015, 66.27512080000014], [34.00032470000019, 66.41016860000002], [33.59721939999997, 66.49507780000016], [33.5469427000001, 66.50435069999997], [33.48233490000007, 66.56827870000012], [33.315590499999985, 66.64663330000008], [33.1785864000002, 66.67630310000004], [33.08678310000005, 66.6873508], [33.03575910000018, 66.70302320000002], [33.9595020000001, 66.5985778000001], [34.42569019999996, 66.47922349999999], [34.90975590000005, 66.3995187000001], [35.358066800000074, 66.25651550000009], [35.705989, 66.18165390000001], [36.03465870000002, 66.1549829], [36.3289486000001, 66.16609929999998], [36.83364210000002, 66.1772107000001], [37.4249724, 66.07033920000003], [37.90353740000006, 66.01338030000005], [38.034180100000185, 66.00219690000006], [38.325719700000036, 65.99995960000001], [38.752887000000214, 66.0132056], [39.15040190000008, 66.05858790000008], [40.07693389999997, 66.2065631000001], [40.402883299999985, 66.32755680000014], [40.7713679000002, 66.45914730000015], [41.304240100000015, 66.8057609], [41.42307740000001, 66.9439746], [41.466133200000115, 67.007334], [41.51660810000021, 67.09018980000002], [41.50051290000005, 67.143392], [41.40476550000011, 67.24521340000001], [41.34474950000015, 67.2597641000001], [41.25338569999997, 67.28695950000014], [41.25171620000003, 67.39974640000008], [41.19785560000008, 67.47208909999995], [41.13195230000014, 67.544501], [41.11143450000014, 67.63059959999998], [41.03477290000012, 67.6832841000001], [40.9539229, 67.72272390000006], [40.8974798000001, 67.73781320000012], [40.77784070000018, 67.75595], [40.68141859999997, 67.78758440000007], [40.37175939999997, 67.88702389999997], [40.29518350000012, 67.92641060000017], [40.04342610000009, 67.99765020000007], [39.94563640000007, 68.08848269999999], [39.80481670000006, 68.1513690000001], [39.741849, 68.15908430000002], [39.12642189999997, 68.26551869999997], [38.68755829999998, 68.3810588], [38.30600020000003, 68.42859779999998], [38.2081248, 68.46456210000014], [37.9997211000001, 68.55456390000006], [37.81329530000016, 68.68610410000002], [37.651015100000166, 68.7350396000001], [37.28334289999998, 68.84080090000015], [36.47076710000016, 69.06370170000002], [35.789702400000124, 69.21540470000008], [35.717398500000115, 69.21457580000003], [35.34133540000005, 69.25379110000006], [35.218482900000026, 69.26384389999993], [34.923646500000075, 69.23937350000011], [34.39197710000013, 69.32021920000011], [34.32934060000008, 69.3504713000001], [34.279713400000105, 69.36465740000006], [34.205662, 69.37986969999997], [34.128389700000184, 69.38824850000015], [34.06775070000003, 69.38812990000008], [33.99007489999997, 69.36906240000002], [33.58482850000007, 69.3082642], [33.53226330000007, 69.2928], [33.53135930000019, 69.232755], [33.53801930000003, 69.14846539999996], [33.35139449999997, 69.08470879999999], [33.288980800000104, 69.07487440000006], [33.21962330000014, 69.06334260000017], [33.15813180000015, 69.06259960000011], [33.08492510000002, 69.05349220000011], [33.026594, 68.9896182], [33.03407149999998, 69.04078749999996], [33.103988700000116, 69.0722257000001], [33.176716500000225, 69.0706252], [33.28167800000017, 69.0817551], [33.3891215000001, 69.102965], [33.47110020000002, 69.12970340000015], [33.509287800000095, 69.19172559999998], [33.47234940000021, 69.27759930000013], [33.48098540000012, 69.35120580000012], [33.59407140000013, 69.3721046], [33.69364480000013, 69.39671650000003], [33.41523950000004, 69.42750340000003], [33.51902220000011, 69.49213060000011], [33.946526, 69.70400640000008], [33.6187832, 69.82686870000003], [33.568034000000125, 69.85504220000001], [33.51842769999996, 69.87574460000002], [33.46123669999997, 69.89442190000011], [33.39711360000007, 69.91023910000001], [33.248340500000154, 69.942533], [32.3721948000001, 70.11483140000007], [32.30406310000012, 70.12615599999987], [32.205849099999966, 70.13818750000007], [32.053538799999956, 70.15002600000014], [31.945040200000108, 70.15297490000006], [31.88926590000011, 70.15206740000008], [31.806734600000084, 70.14732120000014], [31.727084600000126, 70.13860719999997], [31.440811400000086, 70.09827190000004], [31.104341299999987, 69.9793016000001], [30.817653, 69.794839], [30.85458170000004, 69.76047210000013], [30.890428, 69.71991830000002], [30.93004229999997, 69.68485249999998], [30.952650600000084, 69.63788930000004], [30.943160200000023, 69.58154610000003], [30.900238200000103, 69.5523209000001], [30.839260799999977, 69.53510050000006], [30.787453399999947, 69.53238420000002], [30.664214, 69.5406890000001], [30.56616200000019, 69.542086], [30.516070300000024, 69.540501], [30.41772200000014, 69.589919], [30.30384, 69.62886900000012], [30.224023000000216, 69.653127], [30.151663, 69.6693790000001], [30.085325000000125, 69.658111], [30.13780700000018, 69.64353900000015], [30.160546599999975, 69.5971326], [30.177218200000027, 69.53698229999998], [30.128144500000076, 69.52146560000011], [30.115103, 69.46834129999996], [30.035163000000125, 69.424947], [29.9475804, 69.4051086], [29.868390300000215, 69.42389949999989], [29.803286, 69.407892], [29.748133000000166, 69.391448], [29.698335000000156, 69.371865], [29.644744, 69.347628], [29.572990000000118, 69.318517], [29.520222, 69.32877900000011], [29.442974000000163, 69.321453], [29.390536, 69.32221849999996], [29.333153000000152, 69.30669000000017], [29.276489, 69.275007], [29.31148180000008, 69.23849789999997], [29.29131790000008, 69.1927217], [29.24976900000013, 69.16107179999995], [29.1597000000001, 69.06704], [29.09446000000014, 69.03952], [29.041470000000118, 69.01083], [28.929451000000142, 69.05194069999999], [28.495373500000028, 68.93004030000009], [28.415777700000092, 68.91545050000013], [28.468076, 68.8855137000001], [28.661180000000115, 68.88647370000012], [28.80144990000008, 68.86936650000007], [28.707213100000047, 68.732555], [28.4341202, 68.5397946], [28.647838200000024, 68.19591340000011], [29.3271337, 68.07451620000006], [29.659388800000045, 67.80297219999994], [30.01734090000008, 67.67356890000008], [29.930510199999958, 67.52282140000005], [29.856782300000077, 67.48926540000008], [29.767105300000026, 67.42740650000002], [29.7143612000001, 67.39882339999991], [29.65770670000012, 67.37049709999991], [29.61686350000008, 67.32964750000008], [29.5660620000001, 67.32242229999997], [29.51426800000013, 67.29351050000002], [29.34856, 67.17028389999996], [29.073254400000053, 66.99615390000008], [29.034015800000077, 66.94371440000015], [29.060752900000068, 66.8526928], [29.119417100000078, 66.80137249999996], [29.35319010000012, 66.64180460000006], [29.3828052, 66.59846070000003], [29.47267510000006, 66.54344779999997], [29.524285600000155, 66.49069770000011], [29.63109340000011, 66.36657810000003], [29.663318, 66.31770740000002], [29.6968181000002, 66.27720890000006], [29.923935300000096, 66.1262486], [29.97126049999997, 66.04587110000006], [29.997268, 65.97889250000009], [30.06819520000016, 65.89517580000006], [30.13343359999999, 65.70235], [30.040137100000095, 65.687125], [29.722432800000206, 65.637045], [29.81588160000007, 65.58354550000001], [29.863750800000048, 65.56047020000017], [29.797965900000065, 65.5259627000001], [29.75481240000022, 65.49758350000002], [29.727758500000164, 65.39971440000016], [29.7467636, 65.347391], [29.6468258000001, 65.28902260000001], [29.601847099999986, 65.25994350000008], [29.700812, 65.23069270000013], [29.76407570000015, 65.22891890000011], [29.816790699999956, 65.22291610000008], [29.885764500000164, 65.20630570000009], [29.81934460000008, 65.14445870000003], [29.896916, 65.10515790000005], [29.83090130000005, 65.09194530000002], [29.73280540000013, 65.09129760000008], [29.625553500000024, 65.06020520000015], [29.59935370000011, 64.9950981], [29.610940800000094, 64.92743150000013], [29.647035300000027, 64.8674466999999], [29.69849520000008, 64.83702820000002], [29.739663, 64.78975529999997], [29.869988700000135, 64.78995670000012], [29.995598, 64.79479150000014], [30.086895800000207, 64.77419200000014], [30.0416232, 64.74110840000014], [30.136572900000033, 64.64888350000012], [30.051626700000043, 64.614975], [29.9894058000001, 64.58761530000015], [29.986960899999985, 64.53389980000014], [30.02970010000007, 64.50062670000011], [30.05833480000001, 64.45087490000014], [30.044893300000012, 64.40201220000006], [30.1099028000001, 64.36504569999994], [30.210151900000085, 64.35046610000012], [30.285494700000186, 64.32982620000001], [30.366927600000054, 64.29967850000008], [30.4824397000001, 64.2623385], [30.466399900000056, 64.20443189999997], [30.51589300000012, 64.1549652], [30.553580100000147, 64.10168180000005], [30.528016900000125, 64.0488769000001], [30.447040199999947, 63.98277250000001], [30.353555300000153, 63.93209289999999], [30.260416000000134, 63.8220032000001], [30.15030880000006, 63.80104320000015], [29.97189030000004, 63.7571676], [30.06512840000005, 63.70812490000014], [30.111991900000135, 63.6783029], [30.245716100000095, 63.60696830000006], [30.3856202, 63.545779800000105], [30.48419780000006, 63.46708870000003], [30.6451722, 63.4322034], [30.789711, 63.40508840000007], [30.84385560000021, 63.37712820000013], [30.9330443, 63.35592080000009], [30.979873900000143, 63.30781770000016], [31.086910099999955, 63.2815915], [31.138788500000032, 63.26498370000007], [31.1855627, 63.23533280000004], [31.239827500000104, 63.21892940000015], [31.255958400000054, 63.14200880000004], [31.29422930000004, 63.093861200000106], [31.364104200000043, 63.07085330000001], [31.410459200000105, 63.04195550000014], [31.462522800000215, 63.024219300000084], [31.56405959999995, 62.92728490000013], [31.45469920000005, 62.79627040000014], [31.380135, 62.689854700000126], [31.345958199999984, 62.6435184], [31.24516319999998, 62.52520940000005], [31.18583339999998, 62.49357410000016], [31.163414900000134, 62.44549009999997], [30.94244250000014, 62.332998799999984], [30.834490400000163, 62.275337800000045], [30.765266600000075, 62.23507980000011], [30.720412000000124, 62.208905800000025], [30.65640610000014, 62.20858770000001], [30.602068000000145, 62.14134889999997], [30.540525, 62.102844900000036], [30.443244299999947, 62.03663040000009], [30.37649940000017, 61.99908800000014], [30.327710800000148, 61.973116], [30.274176600000033, 61.93363850000003], [30.211427900000103, 61.89270590000007], [30.15566050000018, 61.8579888000001], [30.07523710000015, 61.8183646], [30.047279100000083, 61.772625400000095], [29.867901600000096, 61.68171410000002], [29.818549100000155, 61.65492780000005], [29.754611200000056, 61.6031395], [29.71134570000015, 61.56013380000013], [29.6429501, 61.525793100000044], [29.591792100000077, 61.49558840000003], [29.496460100000036, 61.491569200000015], [29.332618200000127, 61.35303170000003], [29.26543319999996, 61.29132410000011], [29.208887500000117, 61.25736920000014], [29.02988789999995, 61.191815300000144], [28.958383700000013, 61.151449200000116], [28.902513900000145, 61.1446014], [28.818984000000114, 61.12164710000002], [28.7136921, 61.044334900000024], [28.683892699999944, 60.97870220000004], [28.614820399999985, 60.95535180000002], [28.537322300000028, 60.9564539000001], [28.48241150000007, 60.927758500000095], [28.397629000000165, 60.88738059999997], [28.335650900000076, 60.85414460000004], [28.25584450000008, 60.80995220000017], [28.17428270000005, 60.77861930000006], [28.135461300000145, 60.74086950000003], [28.088988500000028, 60.720595200000105], [28.0151664, 60.682439500000044], [27.873414, 60.604559], [27.84739209999998, 60.561437900000044], [27.773611100000096, 60.533333300000095], [27.75569170000017, 60.47153330000015], [27.693502800000033, 60.43729169999989], [27.725, 60.391388900000095], [27.616555600000197, 60.32442500000013], [27.5141766000001, 60.25731109999998], [27.455093400000067, 60.223534], [27.29388620000003, 60.200397500000065], [26.872458100000074, 60.11525919999997], [26.4401694, 59.938375400000155], [26.915, 59.63166610000013], [27.8572079, 59.582155800000066], [28.04274870000006, 59.47161250000016], [28.1256573, 59.4370363000001], [28.17561109999997, 59.40523410000009], [28.205799000000184, 59.36413639999995], [28.15376260000005, 59.312085], [28.09257709999997, 59.29181710000006], [28.021907100000135, 59.28495420000013], [27.9578292, 59.27197770000009], [27.904331, 59.24126510000002], [27.887660800000106, 59.18386020000008], [27.842965, 59.148921500000085], [27.80348960000009, 59.11361740000007], [27.7804691, 59.06532629999998], [27.7448287000002, 59.026806599999986], [27.7320890000002, 58.97621080000005], [27.357336600000053, 58.78722170000009], [27.55298900000014, 58.36627130000005], [27.488329600000043, 58.30398120000007], [27.49096949999995, 58.22463269999997], [27.590272700000014, 58.118556000000126], [27.608029499999986, 58.05430760000013], [27.634133600000155, 58.003369400000054], [27.693235300000083, 58.004801400000076], [27.660263699999973, 57.95716980000003], [27.709919300000138, 57.922795800000074], [27.753751900000054, 57.89748430000009], [27.816308900000138, 57.89540170000009], [27.79206360000012, 57.846169799999984], [27.740926, 57.827721200000155], [27.68918380000008, 57.838246900000115], [27.628728300000034, 57.840319499999964], [27.578860100000043, 57.83361010000016], [27.53225249999997, 57.80673510000014], [27.527807400000086, 57.754173200000025], [27.506948100000102, 57.70803369999999], [27.451661599999966, 57.71668290000008], [27.405805, 57.69404810000009], [27.377587900000208, 57.648519599999986], [27.377722399999982, 57.59607259999996], [27.3282815, 57.58078260000002], [27.349435800000037, 57.5310278], [27.40971010000021, 57.52515130000012], [27.460965500000043, 57.52881740000004], [27.556349600000033, 57.537774400000046], [27.557245400000056, 57.487003500000014], [27.517335000000116, 57.42696109999997], [27.57970030000007, 57.41573410000012], [27.67127279999994, 57.39502340000013], [27.7221485, 57.3610769], [27.779423000000122, 57.343322700000044], [27.833904300000086, 57.31761919999997], [27.8679621, 57.2807717], [27.84822540000016, 57.234302], [27.835075800000027, 57.182084500000144], [27.8059497000001, 57.141356], [27.755736499999955, 57.128207100000054], [27.715167600000086, 57.09765040000008], [27.76542630000006, 57.086607], [27.727922400000068, 57.03838040000005], [27.767303699999957, 57.004920700000014], [27.74288519999999, 56.95685640000005], [27.71442740000009, 56.91307050000006], [27.670569700000215, 56.869889], [27.71905320000002, 56.847458900000106], [27.77010610000002, 56.86151160000003], [27.824167500000044, 56.86731340000006], [27.873960600000032, 56.877419], [27.90259090000012, 56.82242310000004], [27.958564700000125, 56.83250970000006], [27.947056700000076, 56.7831086], [27.900609, 56.75987950000001], [27.94544930000012, 56.72253850000004], [27.99468640000009, 56.68882150000002], [28.01143850000011, 56.636690600000065], [28.043213299999934, 56.59037610000013], [28.098890600000118, 56.58241490000006], [28.14265940000007, 56.55355500000013], [28.09258110000013, 56.529623800000024], [28.129681, 56.49363740000001], [28.166827200000114, 56.46009660000004], [28.1863927, 56.41196870000016], [28.19011569999998, 56.36157050000003], [28.2201725, 56.30862350000001], [28.220012600000075, 56.25272180000013], [28.18591980000008, 56.20796], [28.15031790000012, 56.16999240000007], [28.195052300000043, 56.13884430000002], [28.247948899999983, 56.1133961000001], [28.291165100000057, 56.06896630000017], [28.347820000000127, 56.06306000000012], [28.378853600000127, 56.1027034], [28.427472700000123, 56.0903641000001], [28.481116900000075, 56.10476440000002], [28.54372720000009, 56.11337640000011], [28.619900000000143, 56.09936000000016], [28.672052400000155, 56.101452100000074], [28.656938700000012, 56.05194190000003], [28.699937900000066, 56.02640720000005], [28.722414100000094, 55.97884760000011], [28.77850790000008, 55.9725739000001], [28.829169299999933, 55.963654599999984], [28.909298799999988, 55.993153900000095], [29.003568800000153, 56.01238790000008], [29.059375500000158, 56.0305265], [29.11398800000012, 56.016010200000096], [29.20442079999998, 56.00101120000005], [29.255842, 55.997019499999965], [29.335540699999967, 55.98215680000004], [29.38495850000004, 55.97414850000001], [29.4499131, 55.95846440000008], [29.445659699999965, 55.907349300000135], [29.395429500000034, 55.90339510000001], [29.396902200000056, 55.848572500000046], [29.372683100000074, 55.80427420000012], [29.378116200000022, 55.75409130000003], [29.43748960000005, 55.73446650000005], [29.505001799999945, 55.7053841], [29.56287870000017, 55.72885120000012], [29.59725130000004, 55.76641310000008], [29.655553, 55.78136030000013], [29.709707399999957, 55.792712400000084], [29.763029300000085, 55.7947779000001], [29.81587, 55.79424], [29.857915800000228, 55.823455900000056], [29.895156, 55.862722], [29.959362000000112, 55.85639760000004], [30.01207340000002, 55.865559200000064], [30.060894500000018, 55.847792800000036], [30.111104300000022, 55.83459520000014], [30.164997, 55.84982030000009], [30.215348100000142, 55.86977610000014], [30.273858500000188, 55.863884400000074], [30.326591600000086, 55.83568080000009], [30.38175130000002, 55.8103911], [30.481501800000103, 55.812715900000114], [30.5218907000002, 55.760543400000074], [30.581690500000036, 55.75112970000015], [30.629036600000063, 55.73056670000011], [30.64147000000014, 55.67579], [30.672584800000095, 55.63611], [30.718006400000036, 55.65820830000001], [30.75824660000012, 55.6089839], [30.809487399999966, 55.590519300000096], [30.856231399999956, 55.62119180000008], [30.916078600000105, 55.619677900000056], [30.943080000000123, 55.57323], [30.91364, 55.53194], [30.957330000000184, 55.50362], [30.892440000000192, 55.47684], [30.91304, 55.42851000000013], [30.92214, 55.3765], [30.874169000000165, 55.350932800000066], [30.827070600000184, 55.32343020000013], [30.87562000000014, 55.28054], [30.91863410000019, 55.22873940000005], [30.960914400000092, 55.19349170000004], [30.97297140000012, 55.144375700000126], [30.984235300000023, 55.09419430000014], [31.027887599999985, 55.062307600000054], [30.988555200000064, 55.025461200000166], [30.9268019000001, 55.03325760000007], [30.952836900000023, 54.988671600000146], [30.9020749, 54.958793499999956], [30.842677800000104, 54.94787200000013], [30.81416, 54.89387], [30.779400000000123, 54.8508700000001], [30.75451000000021, 54.80504], [30.8321, 54.7887300000001], [30.8960462, 54.75439590000002], [30.953383600000166, 54.74322970000003], [31.007990300000188, 54.719367100000056], [31.031189300000165, 54.672698400000115], [31.085607500000037, 54.66552110000009], [31.135681799999986, 54.66495040000012], [31.19780540000005, 54.65908630000001], [31.18615, 54.6046199999999], [31.142210000000148, 54.57055], [31.103930000000105, 54.533470000000136], [31.13766, 54.48901], [31.19434670000004, 54.479934400000104], [31.237798400000088, 54.44020620000015], [31.269463, 54.40117920000006], [31.310860000000105, 54.35821], [31.31112, 54.30568], [31.31198, 54.25246], [31.382880000000114, 54.23246], [31.43223, 54.20826], [31.478757900000062, 54.179728], [31.5293, 54.15144], [31.58338, 54.13805], [31.641030200000102, 54.13549410000013], [31.704884400000196, 54.1109553], [31.758730000000128, 54.11384], [31.79894750000011, 54.08105340000003], [31.852766, 54.08814850000016], [31.899091400000202, 54.05250280000013], [31.86095, 54.01205], [31.891745100000094, 53.96617310000005], [31.84934, 53.93683240000013], [31.827223600000025, 53.891769700000054], [31.789549299999976, 53.85557720000003], [31.7713576000001, 53.80564270000008], [31.82158930000014, 53.80219789999995], [31.867957900000135, 53.782299100000046], [31.920551199999977, 53.78889560000016], [31.976819100000114, 53.794146800000135], [32.03236000000015, 53.80022], [32.089, 53.80812], [32.14098180000008, 53.8127847], [32.1903971000001, 53.795740600000045], [32.25677140000016, 53.765615300000036], [32.31147039999996, 53.7595222], [32.354066600000124, 53.72935100000012], [32.41307059999997, 53.73151230000008], [32.46254000000022, 53.721], [32.50091610000004, 53.68795360000007], [32.4546262, 53.66815690000004], [32.438154700000155, 53.61426090000003], [32.4818125, 53.56736810000001], [32.52669160000005, 53.53494250000011], [32.58288849999997, 53.51555129999991], [32.617460000000165, 53.47878], [32.6731853, 53.48919770000009], [32.72613, 53.46007], [32.76278090000005, 53.424277300000085], [32.72999000000016, 53.38068], [32.71694, 53.33141], [32.662440000000174, 53.33253000000013], [32.61017, 53.333730000000116], [32.58330720000015, 53.2905245], [32.521930000000225, 53.29656], [32.492570299999954, 53.253658700000074], [32.453659, 53.214599400000054], [32.378781799999956, 53.19163220000007], [32.33376910000004, 53.15110130000011], [32.27168880000022, 53.12671310000013], [32.219110000000114, 53.10383540000015], [32.15125820000003, 53.083188], [32.09475280000015, 53.07619080000006], [32.0180363, 53.09085070000009], [31.953487900000084, 53.08541950000017], [31.88709460000007, 53.11452390000005], [31.8309548000002, 53.11037930000015], [31.797935199999984, 53.14966420000002], [31.758081400000094, 53.1881029000001], [31.70689779999998, 53.206158600000094], [31.644211100000064, 53.220267300000046], [31.586640000000102, 53.19597000000016], [31.53214, 53.20009000000016], [31.45918, 53.21048], [31.40184, 53.21185], [31.397380000000112, 53.16112], [31.398790600000098, 53.109694000000104], [31.33478, 53.09123240000008], [31.30687860000006, 53.03654979999999], [31.2434, 53.03435], [31.28838, 53.009200000000135], [31.347788700000137, 52.98790160000004], [31.37189000000012, 52.93358], [31.41618, 52.90355], [31.4592990000001, 52.87573910000009], [31.51497, 52.85797], [31.549650000000156, 52.80948], [31.59496000000013, 52.77], [31.57136, 52.7166], [31.50312, 52.69850000000014], [31.54072, 52.66193], [31.568047300000217, 52.60948180000008], [31.617056400000024, 52.57629570000012], [31.668385200000216, 52.56232730000005], [31.61024, 52.54915000000011], [31.565270000000112, 52.51834000000014], [31.61531, 52.49594], [31.5796, 52.45929], [31.609006700000123, 52.4156135], [31.6198839, 52.34093130000002], [31.626810000000205, 52.29011], [31.68354000000022, 52.277670000000114], [31.70929, 52.21484], [31.761560000000145, 52.19029], [31.7855100000001, 52.14017], [31.822721600000023, 52.098683600000015], [31.893293, 52.105067], [31.940650200000107, 52.082410800000105], [32.01622520000012, 52.04828400000014], [32.06593900000013, 52.034699200000034], [32.12571470000023, 52.04575510000012], [32.1709538, 52.072239100000104], [32.22229950000008, 52.080593299999975], [32.2702591000002, 52.09737090000016], [32.317994400000146, 52.12192970000001], [32.36790310000009, 52.14649580000008], [32.344308100000035, 52.19507760000005], [32.3673695, 52.240401200000065], [32.36360280000008, 52.3006426], [32.4010727000001, 52.33803510000001], [32.45988960000011, 52.32682589999996], [32.55003420000014, 52.32686590000009], [32.607896, 52.30468350000007], [32.66210290000015, 52.278668900000014], [32.71683140000016, 52.25862490000014], [32.772290399999974, 52.2593566000001], [32.8330224, 52.278294599999924], [32.884403900000166, 52.273370800000066], [32.94496350000014, 52.26424340000017], [32.99574080000002, 52.27186030000013], [33.044817300000034, 52.30706100000015], [33.107527900000036, 52.32671179999994], [33.156199, 52.33841230000013], [33.18865990000006, 52.37914730000011], [33.288862700000095, 52.35768129999997], [33.35120959999995, 52.35309330000001], [33.40699630000012, 52.36687160000014], [33.46133490000011, 52.36164560000009], [33.51863570000012, 52.35467539999996], [33.480767600000036, 52.31605880000012], [33.53100400000011, 52.304755300000124], [33.58174750000006, 52.3108833], [33.626295, 52.338108900000066], [33.68029060000009, 52.347883600000046], [33.74820110000002, 52.35687630000001], [33.80357830000003, 52.36592080000014], [33.85529849999995, 52.33287300000012], [33.90539380000007, 52.3017880000001], [33.9404088, 52.266052800000125], [33.981908900000064, 52.234111800000164], [34.052827, 52.20139460000013], [34.076022300000034, 52.15471530000002], [34.088175399999955, 52.10175140000001], [34.09438200000011, 52.04654070000015], [34.12641480000002, 52.0064167000001], [34.177444700000024, 51.970479], [34.21474809999995, 51.9357933], [34.261491600000056, 51.90928180000009], [34.30568180000006, 51.8838983], [34.363181199999985, 51.85871680000014], [34.415371500000106, 51.82529640000001], [34.42464049999995, 51.77356910000003], [34.4213941000001, 51.72205440000005], [34.36500430000001, 51.712627300000065], [34.3094486, 51.720234700000105], [34.26202790000002, 51.70129910000014], [34.20499500000017, 51.69383990000006], [34.15422170000005, 51.690009], [34.102350200000046, 51.67829640000008], [34.141868500000044, 51.64380160000002], [34.18233420000013, 51.59676490000004], [34.23745230000003, 51.58481130000007], [34.259866800000054, 51.5332765], [34.30840749999999, 51.5192], [34.281527200000085, 51.473482000000104], [34.245302800000104, 51.43659440000016], [34.27209810000011, 51.382706100000064], [34.32641759999996, 51.3680273], [34.281227, 51.334746], [34.244971400000054, 51.29604450000011], [34.27299670000002, 51.25194490000007], [34.33091690000009, 51.23985760000005], [34.383667700000046, 51.27401], [34.4417391, 51.26212950000007], [34.5130074, 51.242003300000135], [34.58022820000008, 51.23347390000015], [34.629849899999954, 51.25165490000006], [34.66782400000011, 51.198158900000124], [34.72272340000018, 51.18778050000009], [34.77251260000003, 51.17462790000002], [34.83557220000006, 51.17442410000007], [34.88350820000005, 51.19570060000012], [34.93468830000006, 51.20729030000001], [34.979443499999945, 51.23505380000012], [35.03785380000011, 51.21775740000004], [35.10554760000008, 51.23261960000002], [35.130829700000106, 51.17382], [35.16701009999997, 51.12643220000007], [35.1772638, 51.070114800000056], [35.22613370000016, 51.052468200000135], [35.27606320000007, 51.05909020000007], [35.320798700000125, 51.087225200000034], [35.37297940000013, 51.065843300000154], [35.407892500000116, 51.0291254], [35.35751779999998, 51.00563550000015], [35.33558650000009, 50.95608720000013], [35.373566400000186, 50.9233752], [35.40200570000013, 50.8795073], [35.41957409999998, 50.82736069999993], [35.449666900000125, 50.78295550000007], [35.47174490000003, 50.737133100000165], [35.463888200000156, 50.684301100000084], [35.40054, 50.65635020000002], [35.41883729999995, 50.6088236], [35.43888119999997, 50.544342200000074], [35.47641880000009, 50.48853250000002], [35.533125200000086, 50.46539739999997], [35.58583080000017, 50.448799100000144], [35.58424670000005, 50.39266150000009], [35.62622340000007, 50.3520279], [35.73818, 50.35446000000013], [35.79277000000013, 50.38982], [35.83174, 50.43377], [35.88976, 50.43857], [35.95084510000015, 50.434957899999915], [36.00357, 50.445270000000164], [36.06794, 50.45076], [36.137810000000115, 50.43772], [36.17763, 50.40167], [36.23085, 50.3718], [36.28372000000013, 50.33558000000011], [36.36303000000021, 50.28751], [36.42414, 50.32802], [36.473410000000115, 50.31309], [36.52611000000013, 50.293520000000115], [36.58499, 50.285800000000165], [36.598890000000154, 50.23069], [36.64867, 50.217650000000106], [36.69296, 50.269140000000164], [36.74480000000011, 50.28202], [36.80008, 50.30605], [36.85226, 50.32768], [36.9160773000001, 50.34666220000014], [37.03753410000007, 50.348753100000124], [37.10234480000008, 50.351258500000085], [37.15297859999998, 50.35646410000004], [37.21515860000011, 50.3749216999999], [37.263921200000084, 50.3940561], [37.309306100000015, 50.42585080000009], [37.37756690000003, 50.43263070000012], [37.43159010000011, 50.443445199999985], [37.49102, 50.45746000000014], [37.466392000000155, 50.40557780000012], [37.48466, 50.35652], [37.55573, 50.32974], [37.608770000000106, 50.31652000000014], [37.62749000000019, 50.26262000000014], [37.62680000000012, 50.204430000000116], [37.664560000000165, 50.15877], [37.71006, 50.1337], [37.743360000000166, 50.09439], [37.79692000000023, 50.08409], [37.85099, 50.05834], [37.92652, 50.0338], [37.96457880000014, 49.97892480000007], [38.043719800000076, 49.9329439], [38.1245543, 49.94238820000004], [38.19768240000002, 49.96211090000014], [38.18623000000014, 50.0228196], [38.17823010000012, 50.0799958], [38.252524900000026, 50.072758599999986], [38.3017552, 50.087090900000135], [38.3512338000001, 50.035751700000105], [38.39739069999996, 49.991704800000036], [38.46931000000012, 49.99534], [38.50983, 49.96324], [38.56665, 49.97097], [38.63068, 49.96633000000014], [38.67788000000019, 49.998780000000124], [38.6939731, 49.93492620000006], [38.744750200000226, 49.89737579999996], [38.795624800000155, 49.88336350000003], [38.84706330000006, 49.8671994], [38.90120939999997, 49.86934650000006], [38.90946870000016, 49.81964880000015], [38.971086699999944, 49.80710770000002], [39.0220298000001, 49.82160270000014], [39.11054759999996, 49.83790940000006], [39.17994250000004, 49.88880210000008], [39.22668000000016, 49.83982], [39.25089, 49.77648], [39.30857, 49.75279000000012], [39.35783000000015, 49.74111], [39.41431, 49.75382], [39.47868, 49.75656000000015], [39.54494, 49.739050000000134], [39.61052, 49.73373000000015], [39.63884, 49.63451], [39.68690730000014, 49.61183030000012], [39.750250000000165, 49.59743], [39.80604, 49.557950000000176], [39.86853000000019, 49.55967], [39.93461, 49.5734], [40.05761340000015, 49.606937100000096], [40.13539170000013, 49.61710210000001], [40.16962, 49.56877000000014], [40.03920480000022, 49.520717900000136], [40.0293438, 49.453605], [40.078257600000086, 49.40989280000014], [40.14332710000019, 49.37837830000012], [40.194611, 49.34647210000003], [40.18593010000018, 49.281223100000034], [40.1372536, 49.23983850000013], [40.0935212, 49.202979], [40.031113, 49.17975920000009], [39.97152000000011, 49.12382000000014], [39.93831190000009, 49.08304229999999], [39.880220500000064, 49.064336], [39.81725620000009, 49.058037900000045], [39.76637060000013, 49.040058100000124], [39.69315710000012, 49.05047950000011], [39.66369959999997, 49.000885], [39.7166000000002, 48.98666], [39.76401690000023, 48.96761230000004], [39.78220910000016, 48.91544520000008], [39.826994, 48.88645980000007], [39.924972, 48.89583580000016], [39.993232100000114, 48.868206300000054], [40.023710000000165, 48.90976], [40.07246, 48.8744], [39.97552830000012, 48.79303380000016], [39.88672, 48.820840000000146], [39.829879, 48.833770700000116], [39.78011379999998, 48.81212020000004], [39.76494, 48.76388290000017], [39.72283980000009, 48.73140489999997], [39.71437640000005, 48.68029480000013], [39.67024730000014, 48.623402400000145], [39.721399, 48.5849166000001], [39.773455200000114, 48.59232090000006], [39.823625400000196, 48.58653440000006], [39.857231, 48.54451960000006], [39.84644390000011, 48.47375240000014], [39.89758759999995, 48.44731440000004], [39.918492800000195, 48.39890079999998], [39.94206780000002, 48.35479850000013], [39.87896480000012, 48.33408490000011], [39.910368800000015, 48.29255600000016], [39.963182100000154, 48.303123700000015], [40.01040120000016, 48.27018930000014], [39.95494190000011, 48.228824100000054], [39.937015800000154, 48.1809588000001], [39.9024950000001, 48.14034150000009], [39.86888760000011, 48.07919530000004], [39.77689880000008, 48.039909399999885], [39.81646030000013, 48.001318900000115], [39.82173870000008, 47.95075379999997], [39.79492010000013, 47.87037550000014], [39.73804250000012, 47.82777960000004], [39.65222890000001, 47.83299470000003], [39.565478200000086, 47.83643390000003], [39.47780620000003, 47.860679700000105], [39.426356300000066, 47.836927900000035], [39.3873086000001, 47.871160400000065], [39.241737, 47.86706910000015], [39.18096890000004, 47.853680100000076], [39.109463200000164, 47.84267170000015], [38.955593100000044, 47.86936880000013], [38.90345470000011, 47.872368900000026], [38.84296260000008, 47.865325400000074], [38.828818900000044, 47.81591860000009], [38.783970900000156, 47.79173020000013], [38.78902340000002, 47.73754340000005], [38.772608400000024, 47.68552490000013], [38.6658283000001, 47.698728800000026], [38.629749, 47.65343450000012], [38.4564852000002, 47.64404380000008], [38.3504612000001, 47.616646], [38.31079260000007, 47.5761448], [38.284896, 47.509034], [38.30238950000006, 47.39284800000013], [38.244983, 47.36370920000007], [38.22089200000016, 47.3053966], [38.33603990000006, 47.3062541000001], [38.324490100000105, 47.25695], [38.2603084000001, 47.23825520000008], [38.236218100000144, 47.139553300000046], [38.31061260000013, 47.13893750000011], [38.38197600000012, 47.138274], [38.45188559999997, 47.151307], [38.49841100000015, 47.186417], [38.55796429999998, 47.22948660000003], [38.624236300000064, 47.255247900000086], [38.674269200000026, 47.262813], [38.7251571, 47.26918310000002], [38.78833110000011, 47.27195210000002], [38.72797500000013, 47.242201], [38.652681, 47.23892], [38.590634, 47.227816], [38.533295, 47.197976], [38.503771, 47.156178], [38.560861200000204, 47.11634160000011], [38.60688130000011, 47.143232700000056], [38.671796500000085, 47.15208490000009], [38.7319051, 47.159921700000154], [38.78852450000011, 47.172636700000055], [38.84191160000012, 47.17590460000008], [38.895559100000014, 47.19891810000013], [38.9471557, 47.1973033000001], [38.93834449999997, 47.25192610000005], [38.989315, 47.272785], [39.040147900000136, 47.264071100000024], [39.101562799999954, 47.28863560000002], [39.162119600000096, 47.287075300000026], [39.22725780000002, 47.264053], [39.2224213, 47.21262310000009], [39.243871, 47.16519060000019], [39.25626340000008, 47.11550150000005], [39.2750602000001, 47.06266640000007], [39.2395762000001, 47.018720299999984], [39.190043600000195, 47.0344927000001], [39.118102799999974, 47.026283699999965], [39.05187080000019, 47.01487889999993], [38.985033499999986, 46.9787333000001], [38.9234014000001, 46.95605], [38.86990070000013, 46.94579740000006], [38.83211130000018, 46.905180200000075], [38.775687400000095, 46.8886329], [38.72604270000011, 46.875333700000056], [38.66219730000006, 46.87241260000013], [38.58099360000011, 46.8583337], [38.499657600000035, 46.880484400000114], [38.45282540000011, 46.854519800000105], [38.41190690000002, 46.80411739999994], [38.39543290000017, 46.7491958], [38.4510851, 46.75583060000008], [38.508349, 46.75095800000014], [38.57264820000006, 46.72797159999999], [38.601787700000045, 46.6861391], [38.55216660000008, 46.66295889999998], [38.50630989999996, 46.64245790000018], [38.44874950000019, 46.647575600000096], [38.391911200000095, 46.65532389999993], [38.33205090000007, 46.664053200000126], [38.2894364, 46.70579960000009], [38.22805990000012, 46.70195469999993], [38.15970520000002, 46.695294], [38.096177, 46.668124200000136], [38.041714, 46.640942000000166], [37.950189100000046, 46.633241399999974], [37.86379320000003, 46.638927700000124], [37.8063482, 46.64976560000014], [37.759270400000105, 46.67175140000006], [37.70362750000015, 46.699109], [37.752023, 46.663926], [37.80571010000011, 46.555734], [37.842077, 46.494053], [37.8834384000001, 46.4362], [37.96887620000007, 46.374053200000105], [38.02285700000016, 46.405455], [38.08952919999996, 46.3990022000001], [38.139218800000094, 46.37772260000014], [38.21913510000013, 46.323612100000105], [38.27763270000003, 46.27581559999993], [38.313125, 46.23192660000012], [38.3649753000002, 46.19976190000017], [38.459023500000114, 46.159375], [38.510333900000205, 46.140432200000134], [38.556149, 46.117258000000106], [38.586427, 46.063634], [38.52460800000017, 46.053517], [38.460607, 46.042845], [38.40398400000015, 46.067573], [38.359089, 46.093879], [38.309551, 46.13411800000017], [38.26208, 46.152418000000125], [38.254, 46.204051000000106], [38.28742260000001, 46.255951400000015], [38.248905, 46.211969000000124], [38.24315330000002, 46.15723680000002], [38.187299000000166, 46.117668], [38.167302, 46.057395700000086], [38.15337589999996, 46.00268730000005], [38.11632300000019, 45.965801], [38.065149, 45.968471000000136], [38.088486, 46.01457600000015], [38.01482300000015, 46.047438], [37.951364, 46.013656], [37.919682, 45.957954], [37.872365000000116, 45.824622], [37.84578269999997, 45.77253180000014], [37.79926509999996, 45.74485480000004], [37.75516990000011, 45.71531260000012], [37.680927, 45.696491], [37.633788, 45.677980000000105], [37.603224, 45.634129], [37.59806970000011, 45.57708080000003], [37.59896930000008, 45.50316400000014], [37.5969695, 45.451701], [37.56862740000014, 45.409111900000084], [37.5215528, 45.37570240000014], [37.45097580000004, 45.346897200000114], [37.39533000000017, 45.35216], [37.335933299999965, 45.33062710000007], [37.26268330000016, 45.332130300000074], [37.198055400000044, 45.336202600000036], [37.05435270000021, 45.37096920000005], [36.98039710000012, 45.39989829999996], [36.935067200000105, 45.42424099999988], [36.884501000000114, 45.43978300000015], [36.82277070000009, 45.448125400000094], [36.7659261, 45.423142], [36.716949, 45.365623], [36.66772970000022, 45.34271930000011], [36.621977, 45.305232400000136], [36.66644380000008, 45.328164300000026], [36.718420800000104, 45.365131300000144], [36.76310240000015, 45.41494650000004], [36.81503740000005, 45.3891018], [36.766062, 45.375317], [36.79220950000007, 45.31828910000007], [36.9231860000001, 45.328899], [36.99138500000015, 45.323578], [36.93822300000011, 45.275298000000134], [36.87480600000015, 45.25130200000012], [36.8158150000001, 45.245828], [36.763765, 45.239561], [36.70630150000011, 45.21903860000015], [36.63870750000001, 45.21713829999993], [36.59165930000012, 45.24575440000012], [36.597988500000156, 45.195372500000076], [36.63364320000005, 45.14188790000003], [36.71622450000012, 45.120131300000025], [36.7774958, 45.115353], [36.85308930000008, 45.114869200000044], [36.938958, 45.094188], [36.993241100000034, 45.07598890000003], [37.05371429999997, 45.061032500000124], [37.11400630000003, 45.04222880000003], [37.183434, 45.01444700000013], [37.24110090000005, 44.986254000000145], [37.295111500000075, 44.94710490000011], [37.311754, 44.897287], [37.33751340000015, 44.85195449999998], [37.37643110000022, 44.78764940000008], [37.40767510000006, 44.74483620000012], [37.45474139999999, 44.7101859], [37.51247350000017, 44.68952070000006], [37.561555900000144, 44.678344600000116], [37.613168700000074, 44.66609210000013], [37.67718720000005, 44.66290150000009], [37.736774000000196, 44.649712400000055], [37.7935832, 44.664224899999965], [37.786390300000164, 44.71616599999987], [37.8376525, 44.71402810000012], [37.88030730000003, 44.679968299999985], [37.930958, 44.64984330000004], [37.941236300000014, 44.597828100000015], [37.984364600000106, 44.5681965], [38.035676199999955, 44.585472400000015], [38.08766149999997, 44.530733600000076], [38.1326884, 44.49560770000005], [38.17335810000003, 44.4489324000001], [38.22087820000007, 44.41200879999997], [38.28436719999996, 44.410274800000025], [38.334762400000045, 44.38891030000002], [38.38607910000002, 44.36861970000018], [38.4400710000001, 44.368913], [38.513503400000104, 44.356607400000144], [38.56862800000016, 44.349458], [38.61757280000012, 44.33297340000007], [38.667168, 44.313352], [38.72996020000005, 44.299481], [38.78711879999997, 44.2820074], [38.822986499999956, 44.241674200000034], [38.8620976000002, 44.201625800000045], [38.91748, 44.185316300000125], [38.97055290000003, 44.16983630000004], [39.029145, 44.12784000000016], [39.077945500000055, 44.09284090000011], [39.130676400000084, 44.0456676], [39.17744270000014, 44.00849530000011], [39.228026399999976, 43.9796285], [39.28227580000009, 43.94987830000014], [39.33433990000009, 43.89760430000001], [39.38233490000016, 43.867956200000094], [39.419005600000105, 43.83242910000007], [39.45778420000005, 43.79467970000002], [39.500989, 43.76372390000006], [39.56940950000012, 43.713537], [39.607302800000014, 43.66709680000014], [39.66221930000006, 43.64697890000002], [39.70315590000018, 43.612423], [39.7317450000001, 43.568444300000124], [39.82500930000015, 43.530170600000076], [39.884351899999956, 43.493617800000095], [39.91450500000013, 43.42487200000011], [39.95813290000001, 43.399223800000016], [40.00845070000008, 43.38556970000002], [40.03130820000001, 43.4401496000001], [40.063486100000205, 43.505301], [40.093703800000185, 43.54570200000012], [40.14201079999998, 43.570118900000125], [40.20048320000012, 43.5744565], [40.252326200000084, 43.58617370000013], [40.303634199999976, 43.57325169999996], [40.35464849999994, 43.564453100000094], [40.409704900000065, 43.55211720000011], [40.46298110000009, 43.546544900000015], [40.5118412, 43.525736600000016], [40.56629820000006, 43.519157100000086], [40.608878100000084, 43.547314900000174], [40.66177560000011, 43.56304840000007], [40.71494760000007, 43.5326498], [40.766718700000126, 43.513146], [40.81671419999998, 43.49463830000013], [40.87152200000014, 43.487058], [40.91612600000013, 43.44908100000015], [40.957368, 43.419314000000156], [41.012576, 43.42491], [41.073667, 43.387552], [41.12748470000014, 43.397011], [41.181004, 43.386189000000115], [41.238601, 43.367228000000125], [41.2837, 43.34320200000013], [41.33569, 43.346161], [41.393641, 43.366229], [41.42259500000023, 43.31404700000013], [41.489022, 43.286257], [41.544457, 43.269693], [41.58884600000016, 43.234733], [41.641843, 43.226327], [41.700917, 43.21926], [41.75295, 43.230033], [41.80387960000013, 43.20227280000012], [41.85451550000005, 43.21615730000002], [41.90249520000009, 43.23612049999991], [41.95075650000001, 43.21155560000011], [42.00358530000017, 43.21347040000006], [42.04781260000004, 43.187168600000064], [42.095160700000065, 43.2137259000001], [42.14619930000009, 43.21622680000007], [42.19935590000023, 43.2279373], [42.24966260000008, 43.226186200000086], [42.30241970000003, 43.21870440000009], [42.35315630000008, 43.237538100000165], [42.406039800000144, 43.24804660000012], [42.44771040000012, 43.21982250000002], [42.4949947, 43.20009920000007], [42.543251800000064, 43.1765921], [42.59320340000022, 43.1719013], [42.63992840000003, 43.152984600000025], [42.68774210000004, 43.17241270000005], [42.740601200000015, 43.17768820000009], [42.790726700000164, 43.18270060000003], [42.8529903000001, 43.17891780000008], [42.90350480000012, 43.153164499999946], [42.9487893000001, 43.12530970000006], [43.00081050000006, 43.113472500000114], [43.0229111000001, 43.062983800000154], [43.0509247, 43.01921190000007], [43.102262, 42.99897420000002], [43.14371270000004, 42.9692859000001], [43.18629569999996, 42.937612500000114], [43.23833540000021, 42.9241614], [43.290659300000016, 42.9180017], [43.334799000000146, 42.890121], [43.389892, 42.89913400000012], [43.44707, 42.89338900000013], [43.507662, 42.867795], [43.56104720000002, 42.86770580000018], [43.606379, 42.837554000000125], [43.644276, 42.801988], [43.69584, 42.78514600000011], [43.743342000000155, 42.765739], [43.79396, 42.745941], [43.78665, 42.694145000000105], [43.752119, 42.651088], [43.752034, 42.600588], [43.80916200000013, 42.599618], [43.86760500000014, 42.589047], [43.91944, 42.56579900000014], [43.96733300000017, 42.550415], [44.010340000000156, 42.59137], [44.06532200000015, 42.6001490000001], [44.11537900000013, 42.6173], [44.1665280000002, 42.610560000000135], [44.2248400000002, 42.630605], [44.248892, 42.679922], [44.302919, 42.707503], [44.35515400000014, 42.711676], [44.409623000000124, 42.708785], [44.501290000000154, 42.700947000000156], [44.511214, 42.752894], [44.562972000000116, 42.755492], [44.637881, 42.745517], [44.687545, 42.753083300000014], [44.74134220000019, 42.7274122], [44.75720800000022, 42.674095], [44.79422200000016, 42.620628], [44.833846, 42.661068000000114], [44.86844100000019, 42.697962], [44.887471, 42.747044], [44.94595200000015, 42.750839000000155], [44.993331, 42.730494], [45.032267, 42.696483000000114], [45.08679400000017, 42.712221], [45.158036, 42.70816500000018], [45.198233, 42.667343], [45.242627, 42.63001], [45.284819, 42.59404400000017], [45.32748500000014, 42.554975], [45.377327, 42.529174], [45.43223000000012, 42.54115], [45.493319, 42.534989], [45.551142, 42.54418760000004], [45.596051900000134, 42.51918880000005], [45.652095300000155, 42.50233590000005], [45.704935, 42.48061200000012], [45.76252820000002, 42.49020360000003], [45.775638, 42.438869], [45.734701, 42.378317], [45.756161, 42.325801000000126], [45.721866000000205, 42.288985], [45.669949, 42.283016], [45.62296, 42.255528], [45.632033000000206, 42.198096], [45.68352, 42.17801], [45.73781200000013, 42.152195], [45.78603, 42.102069], [45.841721, 42.109295], [45.89222, 42.106691], [45.92728, 42.05700000000013], [45.972653, 42.033993], [46.023626, 42.03360700000013], [46.07337500000011, 42.04061], [46.094678, 41.994918000000155], [46.14717900000011, 42.010812], [46.196976, 42.00485980000008], [46.256503800000075, 42.00612910000012], [46.278757000000155, 41.961169], [46.320047500000044, 41.92926990000012], [46.37574400000017, 41.935639], [46.4531841000001, 41.893094], [46.50712980000014, 41.889543200000105], [46.551355, 41.864002100000164], [46.56685390000007, 41.813038100000085], [46.62131119999998, 41.824175600000046], [46.67100059999996, 41.83484370000002], [46.72190340000009, 41.82831450000003], [46.75990409999997, 41.86168880000008], [46.78372830000012, 41.816614600000094], [46.80779250000012, 41.76146189999997], [46.8526131000001, 41.73593280000017], [46.90338030000021, 41.73082500000015], [46.92741450000017, 41.67665160000007], [46.984629600000176, 41.64435090000006], [46.99436440000005, 41.59242790000002], [47.041562600000134, 41.55810360000004], [47.10276150000004, 41.591725200000155], [47.14755379999997, 41.542071300000146], [47.17273009999997, 41.4939073000001], [47.209680000000105, 41.45177630000006], [47.22430310000016, 41.40183270000006], [47.27107970000014, 41.352418100000136], [47.301004, 41.30797170000005], [47.34753990000013, 41.2877795], [47.4003649, 41.268875600000115], [47.45354970000017, 41.27423550000003], [47.5062978000002, 41.26128890000001], [47.52526690000013, 41.214533400000164], [47.57630830000005, 41.2172261], [47.62655740000008, 41.232573300000126], [47.68383720000014, 41.2234979000001], [47.7272633, 41.192687], [47.777949800000044, 41.187535400000115], [47.82727639999996, 41.221298000000104], [47.88560940000008, 41.21941840000005], [47.907737300000065, 41.26600620000005], [47.93609649999996, 41.31401320000003], [47.962434, 41.36081650000011], [47.999775600000135, 41.39462760000009], [48.03659530000016, 41.43898660000002], [48.06210110000018, 41.484055200000114], [48.11954080000015, 41.49939540000014], [48.20296650000006, 41.51228310000016], [48.252321000000165, 41.52840190000012], [48.291928800000164, 41.56395590000005], [48.3486872000002, 41.57639080000007], [48.396093900000096, 41.608699700000045], [48.42017390000012, 41.65828149999999], [48.47517270000009, 41.70497560000007], [48.51158220000008, 41.741277300000036], [48.55438040000007, 41.780263800000114], [48.585877100000175, 41.8384789000001], [48.81409590000004, 41.95029470000014], [48.745158300000185, 41.99164930000006], [48.69794509999997, 42.038225600000146], [48.55725439999998, 42.141069500000015], [48.51896870000019, 42.211796900000024], [48.43885080000018, 42.291626], [48.38341230000009, 42.363154200000054], [48.337685, 42.42718190000011], [48.29375260000006, 42.46812240000003], [48.24653430000012, 42.500381900000036], [48.197549400000185, 42.5488694], [48.16132140000008, 42.61491760000007], [48.120002699999986, 42.68410770000003], [48.07768519999996, 42.723459300000115], [47.98399090000004, 42.831768899999986], [47.96525040000006, 42.91452309999994], [47.93626649999999, 42.96510820000009], [47.88420360000015, 43.014739099999986], [47.8130731, 43.06068450000015], [47.7773396, 43.137721900000145], [47.807335100000046, 43.179060000000106], [47.831887700000095, 43.27551189999991], [47.82747130000013, 43.33936680000005], [47.79368490000007, 43.4810758000001], [47.82183429999998, 43.529072500000154], [47.83653609999999, 43.57712330000004], [47.845126000000164, 43.63576520000015], [47.897187400000064, 43.71186890000001], [47.932872, 43.75369720000003], [48.07615210000017, 43.85330370000008], [48.1184422, 43.900855300000046], [48.14068910000003, 43.95506120000016], [48.13626210000007, 44.030182300000035], [48.090976499999954, 44.103324500000156], [48.017472700000155, 44.15527129999998], [47.94008180000003, 44.181193900000096], [47.88812310000009, 44.18924340000012], [47.810033600000054, 44.19184330000013], [47.69835460000013, 44.19944950000013], [47.727693600000066, 44.26223280000005], [47.77294710000001, 44.2926304], [47.818015600000024, 44.34230690000015], [47.8428101, 44.412788900000066], [47.83906539999998, 44.4710318], [47.82210250000014, 44.527122800000086], [47.798526, 44.572951100000125], [47.75579190000002, 44.61800410000018], [47.71427710000006, 44.6463928], [47.66548080000007, 44.66811210000009], [47.58963129999995, 44.68905499999988], [47.504103900000075, 44.6950753000001], [47.45172670000011, 44.69078280000002], [47.37526330000003, 44.67143400000015], [47.31071930000007, 44.6403884], [47.16479170000002, 44.60525750000011], [47.2181594, 44.669594100000154], [47.29360880000007, 44.718891300000166], [47.349062600000025, 44.77556770000001], [47.40619890000005, 44.864189899999985], [47.44701360000005, 44.92574270000006], [47.49982179999995, 44.99173040000011], [47.535229500000014, 45.08178190000007], [47.5579747000001, 45.12973810000017], [47.615494799999965, 45.20645890000009], [47.82680330000005, 45.26226420000012], [47.5514019000002, 45.404747100000066], [47.69519800000023, 45.40200400000015], [47.75904960000014, 45.40374100000014], [47.819300400000145, 45.41960320000004], [47.937965500000075, 45.41406630000006], [47.914507200000116, 45.47775320000011], [48.02180149999998, 45.5125509], [48.026854, 45.5979077], [48.02598420000004, 45.664831400000025], [48.586293299999966, 45.66801160000011], [48.7818630000001, 45.67535120000002], [48.791021600000136, 45.728680900000086], [48.89362610000006, 45.832809600000076], [48.89722519999998, 45.91109339999997], [49.01810680000017, 45.908326800000054], [49.01189260000007, 46.001757100000134], [49.12306450000017, 46.00284710000011], [49.25538880000016, 46.0899632], [49.27559770000016, 46.16333210000005], [49.37415720000013, 46.24818720000013], [49.50666670000015, 46.19333330000012], [49.6, 46.176666699999885], [49.70166670000003, 46.186666700000046], [49.7783333000001, 46.118333300000074], [49.88611700000013, 46.045769], [49.94042780000018, 46.067619400000126], [49.99935280000011, 46.10445560000011], [50.036533300000144, 46.1615139000001], [50.0559806, 46.228591700000095], [50.086108300000035, 46.432575], [50.14681940000008, 46.47731940000011], [49.92362090000012, 46.590533], [49.93479600000012, 46.889229000000114], [49.869694800000104, 46.905224], [49.71934020000003, 46.865428], [49.82847890000011, 46.976677200000154], [49.742184, 47.057212700000036], [49.84606930000018, 47.18911309999993], [49.763541799999985, 47.278355], [49.66635940000009, 47.47885050000008], [49.66366550000015, 47.61623680000008], [49.838874, 47.65520090000007], [49.66971660000007, 47.74209520000011], [49.49428920000008, 47.87847870000002], [49.3727156, 47.89757560000004], [49.44681250000008, 47.9204969000001], [48.95632890000013, 48.050997900000084], [48.6790014, 48.10306250000008], [47.79551720000012, 48.16901380000013], [47.28557660000001, 48.22232740000004], [47.16785010000012, 48.218220400000064], [47.11123090000001, 48.23372920000003], [46.93126310000008, 48.31661320000006], [46.746543200000076, 48.35399419999999], [46.676759300000185, 48.389477899999974], [46.492161000000124, 48.43361870000001], [46.77916490000001, 48.951413700000046], [46.89257470000018, 48.98211450000002], [46.97191529999998, 49.02742770000009], [47.028677800000196, 49.08929540000014], [47.05113940000007, 49.16559180000007], [46.99612120000012, 49.23238189999989], [46.91452090000007, 49.28283910000016], [46.83799880000004, 49.31912849999998], [46.7820865, 49.339827100000036], [46.80584539999995, 49.429296200000124], [46.829259, 49.56565300000017], [46.857768, 49.64360070000015], [46.870089, 49.742893400000014], [46.90247210000018, 49.86385150000012], [46.957353900000044, 49.87139740000009], [47.18236010000021, 49.935026600000015], [47.35264540000014, 50.09403590000011], [47.316773, 50.15236510000011], [47.25729630000012, 50.191751400000044], [47.334974099999954, 50.23801450000002], [47.291461200000185, 50.28270220000019], [47.326819, 50.31955570000014], [47.37772559999996, 50.32849390000001], [47.41874950000022, 50.3650576], [47.47215390000008, 50.41981940000005], [47.541827, 50.46091160000009], [47.61215370000008, 50.46367759999998], [47.6550648, 50.429003900000055], [47.697710900000175, 50.3916569000001], [47.746629400000074, 50.372892], [47.78668660000011, 50.33398], [47.837326700000176, 50.31041590000012], [47.88762350000013, 50.26720300000011], [47.93774860000008, 50.244484], [47.967885400000114, 50.19310930000012], [48.00429970000016, 50.15077960000002], [48.04961080000021, 50.12686200000013], [48.09521020000017, 50.10001349999999], [48.123731900000166, 50.052403], [48.13236410000013, 50.00305420000012], [48.160792300000026, 49.95650980000016], [48.20736710000017, 49.928157900000144], [48.23011640000004, 49.882022400000096], [48.29240060000012, 49.859281700000054], [48.34166419999997, 49.85049110000011], [48.39556590000012, 49.83598920000014], [48.4413143000001, 49.80121040000006], [48.501207000000136, 49.84805870000014], [48.6590026, 49.8971542000001], [48.74561850000009, 49.92135400000012], [48.78776540000001, 49.9487345], [48.90336739999998, 50.01846630000006], [48.8651807, 50.05542649999995], [48.818787700000144, 50.096339600000135], [48.763225, 50.09780230000001], [48.80902270000007, 50.17043280000007], [48.7320665000002, 50.257163], [48.65851830000008, 50.52790070000003], [48.6642455, 50.57790770000014], [48.624754, 50.61181250000004], [48.577129100000036, 50.630018900000096], [48.624637, 50.65529080000016], [48.67047670000005, 50.62759110000013], [48.721269200000165, 50.605453100000034], [48.7717957000001, 50.607650900000124], [48.953766100000166, 50.651316300000076], [48.999237900000026, 50.6877093], [49.10576279999998, 50.76983280000002], [49.216649600000096, 50.7991262000001], [49.26215520000011, 50.823155200000144], [49.42005560000007, 50.84944520000005], [49.442710499999976, 50.89416570000009], [49.41180990000015, 50.93878620000004], [49.37500690000007, 50.9812152], [49.397414900000115, 51.049192300000016], [49.4316965000001, 51.090160900000114], [49.49063670000021, 51.09864710000005], [49.56283640000015, 51.10999479999998], [49.7762888000002, 51.107179], [49.834181299999955, 51.14705280000004], [49.91110020000008, 51.20107250000012], [50.0062388, 51.242388300000016], [50.25134419999995, 51.2812995000001], [50.37391050000008, 51.332945], [50.33819850000009, 51.38201070000008], [50.40394730000003, 51.40435940000003], [50.49685530000011, 51.42775850000004], [50.54258660000011, 51.46444570000011], [50.53946830000001, 51.52301210000002], [50.53771670000003, 51.589032700000075], [50.58514390000005, 51.64585330000017], [50.63590560000006, 51.643082400000026], [50.731704500000035, 51.628518], [50.696678, 51.58972850000009], [50.767718700000046, 51.57480479999987], [50.81256970000004, 51.6491706], [50.76718970000013, 51.71637650000008], [50.76816280000003, 51.77303660000001], [50.871413, 51.75346210000009], [50.888425, 51.704088600000034], [50.9453309000001, 51.680503300000055], [50.9970035, 51.676046], [51.05666800000017, 51.68057280000011], [51.11058240000011, 51.67174840000007], [51.170914300000106, 51.67721250000011], [51.2239325000001, 51.68052340000014], [51.303713, 51.64105690000014], [51.38020600000016, 51.641243100000054], [51.38032629999998, 51.56343], [51.24043950000009, 51.56312430000014], [51.28561280000008, 51.53190890000002], [51.380041, 51.48582110000001], [51.43154070000014, 51.47485310000002], [51.48732580000012, 51.48729369999995], [51.566159, 51.505802200000176], [51.60412710000003, 51.55078200000014], [51.65711120000009, 51.505099], [51.65586829999995, 51.44861440000011], [51.73858550000023, 51.46513490000012], [51.81355140000005, 51.49701550000003], [51.771073600000136, 51.582015900000044], [51.817092000000116, 51.62395820000006], [51.8608071000001, 51.65097560000015], [51.998881, 51.68324179999996], [52.04873820000023, 51.669502], [52.16199350000005, 51.6866817], [52.2334087000001, 51.73575610000006], [52.335364700000014, 51.743318700000145], [52.38021939999999, 51.71788], [52.41606040000005, 51.640070800000046], [52.46293660000009, 51.60605020000003], [52.49570650000021, 51.54946660000002], [52.519321300000115, 51.50213890000009], [52.56543750000003, 51.454787100000146], [52.61985410000011, 51.45468009999996], [52.65522950000002, 51.490653899999984], [52.717701100000056, 51.48376610000014], [52.763878000000204, 51.51347460000011], [52.81011960000012, 51.49107590000011], [52.86395660000005, 51.493172300000026], [52.914425000000165, 51.4973404000001], [52.95013060000019, 51.455108], [52.996994200000074, 51.473181800000134], [53.04471600000011, 51.4901797], [53.097244400000136, 51.48814880000003], [53.155780900000025, 51.487400600000115], [53.179126900000085, 51.53269990000007], [53.23938, 51.5105901], [53.28195210000001, 51.483231600000124], [53.33037370000022, 51.499853299999984], [53.39357750000016, 51.4902611], [53.43743190000009, 51.45913490000015], [53.49147849999997, 51.45004829999988], [53.55313460000008, 51.42585320000012], [53.59973780000013, 51.395137400000124], [53.62171650000016, 51.34583400000014], [53.6044586000001, 51.296803000000125], [53.64862760000017, 51.271330200000136], [53.67266340000009, 51.22705000000013], [53.722909300000026, 51.222334800000056], [53.772393400000055, 51.21087330000017], [53.82525220000002, 51.20316510000009], [53.884132000000136, 51.2004761], [53.93522310000003, 51.1853683], [53.991871400000036, 51.1697640000001], [54.03890660000013, 51.15275459999998], [54.07787370000017, 51.120117900000025], [54.13701380000015, 51.108241700000065], [54.13869080000012, 51.0565327], [54.19443180000002, 51.03167830000001], [54.19031190000021, 50.9747504], [54.240379, 50.95561500000014], [54.28730060000004, 50.931711200000166], [54.332878900000196, 50.89875590000014], [54.38113720000001, 50.88465860000008], [54.43846759999997, 50.87727980000005], [54.51931380000019, 50.85458460000007], [54.508415200000115, 50.8056585], [54.4658611000001, 50.75947690000004], [54.445047400000135, 50.68588630000016], [54.413940900000114, 50.62095110000013], [54.46623569999997, 50.56663200000014], [54.5436939, 50.52741560000004], [54.592877199999975, 50.55961979999989], [54.64652710000007, 50.56055190000012], [54.692038100000104, 50.59520990000016], [54.72118489999997, 50.63732340000013], [54.7187388000001, 50.69050470000002], [54.68490770000011, 50.7806308000001], [54.65713470000003, 50.82303890000014], [54.69839960000013, 50.89257630000003], [54.619386500000076, 50.92506970000005], [54.566918100000066, 50.915138], [54.57413130000003, 50.96745529999998], [54.568348200000116, 51.01867250000004], [54.62242610000004, 51.02233970000009], [54.68160009999997, 51.017901], [54.73779070000012, 51.034287400000096], [54.78505760000019, 50.98495020000013], [54.84287050000006, 50.97715620000008], [54.89704110000008, 50.95813740000011], [54.924302100000205, 50.91413490000002], [55.011347599999965, 50.904878100000076], [55.062955, 50.925432200000046], [55.109106100000076, 50.90260100000012], [55.05614060000016, 50.81946890000012], [55.14667190000006, 50.79713360000005], [55.384687, 50.65464150000008], [55.5012703000001, 50.670095700000104], [55.53486220000002, 50.614056700000106], [55.611544599999945, 50.598168499999986], [55.660772, 50.56018870000008], [55.73614700000019, 50.5502242], [55.77748329999997, 50.58729930000004], [55.8297960000001, 50.62241840000007], [55.90246339999999, 50.62052400000016], [55.982310200000086, 50.66555779999999], [56.053587700000094, 50.69387070000016], [56.13645370000012, 50.75336880000003], [56.132990600000085, 50.83008750000016], [56.157169599999975, 50.879343], [56.18134040000001, 50.93786490000002], [56.23912840000003, 50.91569520000013], [56.29780150000022, 50.90202550000009], [56.36244280000005, 50.90080850000015], [56.39299370000009, 50.94563590000013], [56.460216600000194, 50.9649922000001], [56.4490912, 51.05736790000003], [56.51351420000009, 51.08600140000004], [56.54557820000008, 51.0447249], [56.591047100000196, 51.018059500000106], [56.63394159999996, 50.98523280000006], [56.69715, 50.9837786], [56.74758609999998, 50.982091300000036], [56.70901400000014, 51.05448760000007], [56.7847483000001, 51.0938071], [56.859276499999964, 51.07354330000004], [56.94314160000022, 51.08756050000005], [57.024791200000095, 51.06774230000008], [57.145399900000086, 51.087563899999964], [57.196053, 51.092617400000165], [57.232507399999974, 51.04834260000001], [57.28099630000008, 51.032191400000045], [57.3144281000001, 50.98865050000006], [57.335928600000216, 50.93906650000014], [57.38219130000016, 50.919862], [57.430514, 50.89177139999987], [57.48887460000009, 50.87963950000011], [57.52681250000006, 50.91605270000002], [57.68567020000006, 50.927402], [57.73602440000013, 50.92774760000009], [57.75397440000006, 51.05508359999999], [57.771068200000116, 51.13835430000006], [57.821024800000146, 51.130226200000095], [57.86909130000009, 51.0989694000001], [57.91904340000008, 51.11805149999992], [57.9781607000001, 51.09193490000018], [58.0356015000001, 51.10824469999994], [58.08881650000012, 51.12074530000007], [58.10426600000011, 51.0698599000001], [58.157824400000095, 51.06608440000002], [58.20588960000009, 51.08797810000016], [58.233870400000114, 51.1336733], [58.28554040000017, 51.1530585000001], [58.342379900000196, 51.14681209999998], [58.37915530000009, 51.07768650000003], [58.521683900000085, 51.083532400000024], [58.589073100000064, 51.05001160000012], [58.63704530000007, 50.985422], [58.6049547, 50.946667699999864], [58.59203410000015, 50.86870710000005], [58.68908779999998, 50.8857572], [58.663228, 50.841577], [58.77432429999999, 50.81550809999999], [58.81657590000003, 50.77090450000003], [58.84650640000012, 50.727331], [58.91376710000014, 50.69550760000004], [58.98163830000021, 50.69232920000013], [59.041881300000114, 50.68997310000009], [59.1176842000001, 50.68439380000012], [59.1928817000001, 50.67291810000006], [59.27837530000005, 50.63333330000006], [59.39345449999996, 50.64006610000007], [59.451848600000176, 50.64568], [59.49983180000015, 50.61188010000012], [59.55894209999997, 50.58756670000014], [59.46283359999995, 50.58402600000011], [59.51694150000009, 50.52807409999997], [59.614228900000114, 50.53065789999988], [59.77595480000008, 50.541065300000014], [59.862003, 50.598881000000176], [59.90619920000012, 50.63386970000005], [59.96091080000008, 50.66094420000002], [59.972745300000156, 50.768699500000025], [60.0153456000001, 50.821913100000074], [60.0673386000002, 50.821844], [60.1351975, 50.83143370000016], [60.188021300000116, 50.83928140000006], [60.18284220000021, 50.77836200000013], [60.325545700000134, 50.669997900000055], [60.46328630000005, 50.66438280000011], [60.560454600000185, 50.66103], [60.69879330000009, 50.66607259999995], [60.78492129999995, 50.66079], [61.449163, 50.80633360000007], [61.4861064000001, 50.959434499999986], [61.51220000000012, 51.0362], [61.567968, 51.237725], [61.68955800000015, 51.25567700000016], [61.549005, 51.3233790000001], [61.505234, 51.406996], [61.44784720000018, 51.409546900000066], [61.398299500000064, 51.420006500000056], [61.350810400000114, 51.43976230000004], [61.29289010000002, 51.43962360000012], [61.23816580000005, 51.44880590000014], [61.18757760000017, 51.45724899999988], [61.135576, 51.454478900000026], [61.0873885000002, 51.46805540000014], [61.03744830000011, 51.46348220000016], [60.99093409999995, 51.48797110000004], [60.947097400000075, 51.51466410000012], [60.91060779999998, 51.55324760000008], [60.93467659999999, 51.60164590000011], [60.53803400000015, 51.618012000000135], [60.422119, 51.64740060000008], [60.37785670000005, 51.675666300000046], [60.412374, 51.71244230000002], [60.45565719999996, 51.742381], [60.49762370000008, 51.77187420000013], [60.428865, 51.79832000000016], [60.320541000000105, 51.83150900000015], [60.144722, 51.90671700000013], [60.156951000000106, 51.857665], [60.059702, 51.869999], [60.032716, 51.9135179999999], [60.001855, 51.954618], [60.198105, 51.990784], [60.261571, 52.016318], [60.340247, 52.054854], [60.41192400000011, 52.101862], [60.510395, 52.156918], [60.716655, 52.156056], [60.75839980000006, 52.193983200000105], [60.79817120000007, 52.22737400000011], [60.849841300000094, 52.23925410000004], [60.92777550000005, 52.26395030000003], [60.97895210000013, 52.288324200000034], [61.01970719999997, 52.329575099999886], [61.06734900000015, 52.34759700000012], [60.991177, 52.423632], [60.98097, 52.507692], [60.84144, 52.521735], [60.84341200000017, 52.64110530000005], [60.78966990000009, 52.6304632], [60.714894000000186, 52.66261400000013], [60.712215, 52.764534], [60.823079, 52.775306], [60.885258, 52.821674000000144], [60.94096970000021, 52.847938], [60.98422830000004, 52.885243800000126], [61.037271700000076, 52.903781200000026], [61.007962, 52.978279], [61.06063890000007, 52.97912330000008], [61.11225310000009, 52.969205100000124], [61.15760630000011, 53.00141129999997], [61.2132246, 53.02454540000008], [61.30592, 52.996219], [61.38909200000012, 52.991961], [61.46968670000007, 53.036211], [61.52393170000005, 53.01514870000011], [61.63213, 52.953933], [61.701773, 52.99821200000014], [61.755936300000144, 52.996223699999916], [61.81159620000011, 52.9981118], [61.960691, 52.950035], [62.030006, 52.950947], [62.130271, 52.989365], [62.147035, 53.068300000000136], [62.11886200000015, 53.111967], [62.025112, 53.14246], [61.91505400000011, 53.141813], [61.783362, 53.184299000000124], [61.73150700000019, 53.239049], [61.673097, 53.265905], [61.630162000000155, 53.223282], [61.52670800000021, 53.21525100000014], [61.456472, 53.238647], [61.400363, 53.273691], [61.34094000000016, 53.284915], [61.28851900000018, 53.28566300000011], [61.22514300000023, 53.282833], [61.177053000000114, 53.310963], [61.154711, 53.405554], [61.203843, 53.42487700000015], [61.229117, 53.48413], [61.28268540000016, 53.51242460000003], [61.357697, 53.493278], [61.427517, 53.45575200000013], [61.489895, 53.47585], [61.53128200000015, 53.504818], [61.592324, 53.525999], [61.552763, 53.59266200000013], [61.390904, 53.60188300000016], [61.35765440000006, 53.56140720000013], [61.3068819, 53.55988620000005], [61.24181710000016, 53.56404859999998], [61.18825270000002, 53.57233759999997], [61.126742, 53.58966900000013], [60.900425000000155, 53.627799], [60.995302, 53.672938], [61.04228, 53.652973000000145], [61.05841000000021, 53.72143100000011], [61.115178, 53.721553], [61.16957800000017, 53.772482], [61.227187, 53.79567], [61.207586000000106, 53.847051000000135], [61.135364, 53.90423600000014], [61.057469, 53.894133], [60.995375400000114, 53.906616100000065], [61.028433, 53.95528], [61.079879, 53.944631], [61.13113080000011, 53.97490760000011], [61.171849, 53.94252], [61.27992900000015, 53.928864], [61.27289, 53.991389], [61.24555380000004, 54.037671], [61.293575, 54.073881], [61.348995900000034, 54.07298780000002], [61.400587, 54.08686360000007], [61.455988400000024, 54.0825445000001], [61.479997, 54.029973], [61.550961, 54.012144], [61.611794, 53.968468], [61.64018070000009, 54.01576220000004], [61.70064550000018, 54.01885820000007], [61.78220310000012, 53.98456249999998], [61.81865800000014, 54.01915300000013], [61.87180610000007, 54.0163811000001], [61.859854200000086, 53.964754300000095], [61.926775, 53.955013], [62.04419200000012, 53.948493], [62.01574600000015, 54.008794], [62.06022740000009, 54.038078900000016], [62.11047490000021, 54.0427009], [62.16278320000015, 54.03520379999998], [62.21742160000014, 54.0393454], [62.275415, 54.03375150000011], [62.32972020000017, 54.0336612000001], [62.38939720000013, 54.04779560000003], [62.493913000000134, 54.03248500000012], [62.39468400000021, 54.003391], [62.445827, 53.927128], [62.51058420000015, 53.913221], [62.5600740000001, 53.93815640000008], [62.58739209999999, 53.98675330000003], [62.57709820000002, 54.03806090000012], [62.615192800000045, 54.072162300000116], [62.6630404, 54.088952600000084], [62.71866090000003, 54.09167100000013], [62.77157220000015, 54.094469300000014], [62.821396100000015, 54.113023], [62.873125800000025, 54.11358930000017], [62.92315020000012, 54.118841400000065], [62.9751308000001, 54.111469], [63.03349780000002, 54.10292680000009], [63.09305980000005, 54.108042], [63.14339530000018, 54.1219433], [63.153025200000116, 54.17284379999995], [63.200549200000125, 54.188853600000016], [63.25407760000007, 54.19209690000014], [63.306283900000096, 54.196707], [63.35683020000022, 54.19061360000012], [63.415449600000045, 54.19337010000015], [63.47255110000009, 54.20271839999998], [63.52659370000015, 54.216067300000134], [63.5790229000001, 54.21770070000008], [63.643573100000026, 54.23705060000009], [63.702142, 54.24997650000006], [63.752730900000074, 54.26099220000003], [63.803266800000074, 54.271238600000174], [63.874189400000034, 54.227718900000184], [63.93104670000014, 54.20461140000015], [64.00450500000011, 54.2113809], [63.98407730000014, 54.27156920000016], [64.02321610000001, 54.3065383], [64.07866270000005, 54.312947800000074], [64.16695340000001, 54.308594300000095], [64.2173305, 54.32258530000007], [64.27631520000006, 54.3294502], [64.33076560000012, 54.330207], [64.399984, 54.32828110000008], [64.45692430000008, 54.332710199999894], [64.50069330000014, 54.363766800000064], [64.55101520000017, 54.36386640000012], [64.59929480000017, 54.381993900000055], [64.658518, 54.360553], [64.73864800000013, 54.35392000000013], [64.8020190000002, 54.36828700000012], [64.906689, 54.4006940000001], [64.956087, 54.417224], [65.03574700000013, 54.38729800000016], [65.086838, 54.348455], [65.15002500000014, 54.337163], [65.221956, 54.334286], [65.22200700000019, 54.436988000000156], [65.22333700000013, 54.49007000000012], [65.21445360000013, 54.541393], [65.3060260000002, 54.56839600000018], [65.35790300000014, 54.577404000000115], [65.425883, 54.581218], [65.481093, 54.56574400000011], [65.456451, 54.624375], [65.530516, 54.649518], [65.5944840000002, 54.637117], [65.74729, 54.607419], [65.79970400000013, 54.624024000000134], [65.84528549999999, 54.69724320000006], [65.981779, 54.717040600000075], [65.96418580000022, 54.63781690000002], [66.38172100000014, 54.703724000000136], [66.652117, 54.743305], [66.71900000000016, 54.7367], [66.792, 54.7649], [66.8639, 54.7759], [66.923, 54.7814], [66.9976, 54.7857], [67.0524, 54.7783], [67.0992, 54.8069], [67.15232130000004, 54.80927390000011], [67.22131460000008, 54.81429470000006], [67.28234540000011, 54.82591410000009], [67.3330486000001, 54.8733062], [67.39852430000008, 54.85539950000003], [67.46156660000008, 54.86406860000005], [67.51723830000014, 54.86191650000018], [67.64347440000017, 54.865332900000055], [67.69836950000007, 54.870815600000014], [67.77353110000007, 54.88595620000007], [67.80134280000016, 54.94096010000004], [67.91086180000008, 54.98369190000005], [68.03256390000013, 54.95046150000002], [68.2351339, 54.96905170000002], [68.23773749999998, 55.05377290000001], [68.3127884000001, 55.067544700000155], [68.2567304000001, 55.10058530000009], [68.19210170000002, 55.150216], [68.17743030000008, 55.19888690000005], [68.23998610000001, 55.18715], [68.30459, 55.20348110000003], [68.35388840000007, 55.18100020000014], [68.44518770000008, 55.19653270000015], [68.55908650000015, 55.209130600000094], [68.62018709999995, 55.19826780000017], [68.659446, 55.23580070000003], [68.696868, 55.2888355], [68.72266050000007, 55.335807099999954], [68.7521, 55.37680000000017], [68.8153, 55.3597], [68.9399, 55.3185], [68.9887, 55.2837], [68.98710000000017, 55.3444], [68.9225, 55.364500000000135], [68.93500000000012, 55.4398], [68.98550000000012, 55.441600000000165], [69.04710000000023, 55.423600000000135], [69.10870000000011, 55.4074], [69.1591, 55.3866000000001], [69.20610000000022, 55.33010000000013], [69.3086, 55.3424], [69.3499000000001, 55.37520000000012], [69.42250000000013, 55.38069999999988], [69.4552, 55.3421], [69.53862510000022, 55.33636760000002], [69.65982910000008, 55.34956840000012], [69.6214495000001, 55.39582970000009], [69.58480380000009, 55.43429540000005], [69.6560851000001, 55.43542120000012], [69.68382510000009, 55.35070790000009], [69.74747410000003, 55.34489420000011], [69.79370000000011, 55.323], [69.86710000000011, 55.2957], [69.9378, 55.2206], [70.0631, 55.207], [70.10630000000015, 55.1761], [70.1795, 55.1583], [70.22940000000017, 55.1471], [70.2949784000001, 55.19292110000009], [70.3663, 55.2058], [70.41040580000004, 55.25407990000008], [70.46119770000007, 55.28582590000008], [70.6241, 55.25030000000015], [70.6996, 55.287], [70.7924, 55.28640000000013], [70.8431000000001, 55.2245], [70.8819, 55.1801], [70.9298, 55.164], [71.02450000000022, 55.08250000000015], [71.0072, 55.0181], [71.00920000000013, 54.9651], [70.9601, 54.8859], [71.0114, 54.8519], [71.02890000000014, 54.798600000000135], [71.0726, 54.7396], [71.2103, 54.7019], [71.2936, 54.66620000000012], [71.2884, 54.60160000000013], [71.2113, 54.6067], [71.1724, 54.573400000000106], [71.17390000000012, 54.45710000000014], [71.2003, 54.4029], [71.2267, 54.3494], [71.1113, 54.3191], [70.9983, 54.3338], [70.99990000000014, 54.2725], [71.0736, 54.2723], [71.0732, 54.2021], [71.1048, 54.162], [71.1764, 54.0917], [71.2771, 54.1472], [71.3876, 54.179], [71.4904, 54.15660000000014], [71.4899, 54.0971], [71.61180000000013, 54.1145], [71.6749, 54.0976], [71.7669, 54.1468], [71.7265000000001, 54.1846000000001], [71.7555, 54.2522], [71.8237, 54.2388], [71.9134, 54.226900000000114], [72.0617, 54.20050000000015], [72.1113, 54.1702], [72.1743, 54.1223], [72.2197000000001, 54.17530000000016], [72.17240000000015, 54.1949], [72.0975, 54.2148], [72.1119, 54.2709], [72.0835, 54.326], [72.0126, 54.36930000000012], [72.18887539999997, 54.35462350000006], [72.24168810000009, 54.33159520000004], [72.30048930000004, 54.29382229999999], [72.33794790000002, 54.24580940000004], [72.3092, 54.1892], [72.3862, 54.15850000000012], [72.4406, 54.1455], [72.5175, 54.1406], [72.4393, 54.1182], [72.37890000000016, 54.1054], [72.39770000000016, 54.050000000000125], [72.4168, 53.9874], [72.37520000000012, 53.9462], [72.43050000000011, 53.9141], [72.49326990000014, 53.90346940000012], [72.55600000000015, 53.9797], [72.63620000000014, 53.9651], [72.6931, 53.9554], [72.71460000000013, 54.007], [72.6744, 54.0449], [72.59640000000013, 54.0461], [72.5309, 54.043], [72.5602, 54.1164], [72.612851, 54.12195880000007], [72.72374429999996, 54.12311580000005], [72.82566610000015, 54.12067740000009], [72.99458090000019, 54.09841200000011], [72.9786593, 54.049487], [73.05968129999997, 54.04014990000013], [73.06696830000021, 53.985537000000136], [73.1991819000001, 53.96931610000007], [73.2845, 53.95], [73.4035, 53.9452], [73.45863090000006, 53.96369140000007], [73.5104, 53.9378], [73.5187982000001, 54.00324980000005], [73.57814589999998, 54.014480100000014], [73.65797270000002, 54.046379], [73.76787890000003, 54.05382150000014], [73.7493, 53.995200000000125], [73.6910819000002, 53.856066099999964], [73.5716712000002, 53.869127000000105], [73.45308530000005, 53.876098200000115], [73.42916130000015, 53.82303410000003], [73.3427, 53.7881], [73.3417793000001, 53.71788780000003], [73.25305780000002, 53.674061700000095], [73.25137419999999, 53.59785060000007], [73.34170000000012, 53.5448], [73.39788450000009, 53.52215180000002], [73.36250090000004, 53.4674741], [73.438715, 53.4354965], [73.5801762000001, 53.519616900000074], [73.64550580000008, 53.552916], [73.66676410000002, 53.613281700000016], [73.74792570000022, 53.607072200000175], [73.82134530000019, 53.578387000000134], [73.901147, 53.6512214], [74.07174640000011, 53.62958589999988], [74.052604, 53.56651780000004], [74.1471, 53.5558], [74.2426248000001, 53.58795590000011], [74.28685040000005, 53.56077830000015], [74.29145120000021, 53.491490300000066], [74.3905984000001, 53.45598280000007], [74.4533213000002, 53.53784450000006], [74.48754080000003, 53.575577100000146], [74.42103810000003, 53.59331700000013], [74.45841610000002, 53.690932200000134], [74.6335, 53.669], [74.6737, 53.7553], [74.7632, 53.7437], [74.7946, 53.82450000000017], [74.8569, 53.81840000000011], [74.97405950000001, 53.82262860000003], [75.0263695000001, 53.802818900000034], [75.13650730000006, 53.83673930000015], [75.21746290000004, 53.876105000000166], [75.2661263, 53.909660500000086], [75.33168280000007, 53.942316], [75.41094490000012, 53.95964180000004], [75.44080720000022, 54.00846670000004], [75.37558500000011, 54.070104300000025], [75.52901320000007, 54.11506800000012], [75.59810750000008, 54.09879260000014], [75.93339630000014, 54.1876618], [76.20139259999996, 54.25979870000003], [76.22928700000011, 54.32322190000002], [76.35205750000011, 54.33400120000016], [76.475925, 54.31823960000003], [76.54471410000008, 54.327707700000076], [76.59815779999997, 54.343091500000014], [76.67480560000007, 54.344999], [76.73046550000004, 54.40274480000011], [76.79552860000013, 54.41902450000009], [76.84413560000019, 54.43967090000007], [76.92896140000016, 54.457767900000135], [76.8775811000001, 54.40294110000002], [76.78072450000002, 54.37765239999999], [76.86020130000003, 54.361144400000114], [76.87856710000017, 54.30176020000005], [76.82871080000007, 54.27415050000002], [76.8109574, 54.21714490000011], [76.74936970000005, 54.18302920000002], [76.695346, 54.14699850000005], [76.64502019999998, 54.12444760000011], [76.58268150000004, 54.14879330000008], [76.4404400000002, 54.16733059999996], [76.49828450000001, 54.07125110000004], [76.52938650000004, 54.0171871], [76.69068690000012, 53.9202921000001], [76.82901660000016, 53.849460700000066], [77.3391279, 53.59493179999998], [77.90650610000006, 53.29141], [77.94029210000008, 53.252486300000044], [78.00000000000011, 53.19410000000016], [78.0578, 53.1309], [78.11849259999997, 53.06863830000009], [78.30600190000007, 52.88445290000004], [78.37859940000021, 52.80764410000012], [78.53618789999996, 52.6342975], [78.61858120000011, 52.54136870000002], [78.76378870000008, 52.37759169999998], [78.87350330000015, 52.259961], [78.95976010000004, 52.17002440000016], [79.02152510000008, 52.10976670000008], [79.08673680000004, 52.03930910000008], [79.17340869999998, 51.929600500000106], [79.21049819999996, 51.87300210000012], [79.40913839999996, 51.61557290000013], [79.53268960000003, 51.466461600000116], [79.72048100000018, 51.21718020000009], [79.84306860000015, 51.04339060000012], [79.898963, 50.977003300000035], [80.07586580000009, 50.73820760000007], [80.063932, 50.809104200000036], [80.1849175000001, 50.827367], [80.19295080000006, 50.90036620000012], [80.2441917000001, 50.89930910000004], [80.32445870000015, 50.91789040000003], [80.37596660000014, 50.92711900000012], [80.42107569999996, 50.96204630000011], [80.47739989999997, 50.96513049999999], [80.48221630000006, 51.109428], [80.433651, 51.135163], [80.44708660000009, 51.20828570000009], [80.5652600000002, 51.206948600000146], [80.63469950000001, 51.206803800000046], [80.63510939999998, 51.26278950000011], [80.67767320000013, 51.31674980000014], [80.7521868, 51.29799630000008], [80.85357770000013, 51.27584360000003], [80.91003309999996, 51.25870940000004], [81.04601560000015, 51.18963230000003], [81.10252610000009, 51.18016090000009], [81.14636350000006, 51.21187970000011], [81.17697570000001, 51.16170590000007], [81.15538340000012, 51.10143230000011], [81.11624650000005, 51.064441699999975], [81.08962290000005, 51.02159330000012], [81.06597309999995, 50.96718070000003], [81.15754530000015, 50.951064400000064], [81.21991450000007, 50.95861380000014], [81.28906670000015, 50.97396980000008], [81.4125874, 50.975741800000094], [81.43540550000006, 50.929861500000015], [81.4213278000002, 50.881784799999934], [81.47168190000008, 50.862566800000025], [81.46104770000022, 50.8020813], [81.50263770000004, 50.75316730000009], [81.5825039, 50.742388100000085], [81.72782730000011, 50.76012640000016], [81.77585710000005, 50.820919], [81.79677949999996, 50.7719818], [81.8854154, 50.80430700000011], [81.96503830000006, 50.789531500000066], [82.02629420000011, 50.779163400000016], [82.078382, 50.750837700000034], [82.1472348000002, 50.74732690000002], [82.19945250000006, 50.734905200000014], [82.24914190000004, 50.74889490000004], [82.2958582, 50.769384400000035], [82.34645110000008, 50.77493920000006], [82.40829230000003, 50.76384079999997], [82.47182340000006, 50.756125], [82.536807, 50.74705490000008], [82.60545649999995, 50.77599649999996], [82.654419, 50.79544930000014], [82.70153240000013, 50.8122002], [82.73919390000015, 50.8504319], [82.71733870000003, 50.90093], [82.7713518000001, 50.92712870000008], [82.83799320000008, 50.91803230000005], [82.88546650000012, 50.89796730000006], [82.94226530000014, 50.894738600000096], [82.99608150000012, 50.91335749999996], [83.0473288, 50.933233300000154], [83.09239379999997, 50.955337100000065], [83.11919300000011, 51.001237600000024], [83.17504290000011, 51.01157010000003], [83.22567950000007, 51.0011814], [83.27714480000009, 51.013343000000134], [83.35820120000005, 51.00754550000005], [83.41716270000018, 51.01007490000012], [83.47820670000004, 50.97680580000002], [83.53759450000007, 50.96086830000013], [83.59350719999998, 50.94942630000003], [83.648704, 50.95477660000006], [83.69261919999997, 50.90896430000009], [83.74334560000011, 50.89418510000013], [83.7974142, 50.8878163], [83.8494551, 50.863801300000034], [83.8882339000001, 50.83171670000013], [83.93526670000017, 50.810268800000074], [83.97622380000001, 50.779943], [83.96611140000016, 50.72799260000005], [84.02321790000008, 50.697862], [84.07147680000014, 50.658725400000094], [84.107825, 50.62309030000006], [84.15190620000016, 50.59257789999998], [84.1967257, 50.541621700000064], [84.24324170000011, 50.51762260000015], [84.20890859999997, 50.472740800000054], [84.23575570000014, 50.41451560000013], [84.26043260000017, 50.36611250000004], [84.26321610000008, 50.31443110000015], [84.280651, 50.26154310000004], [84.3259685000001, 50.232975600000145], [84.37654970000011, 50.21446630000008], [84.43155819999998, 50.230015500000036], [84.48498, 50.239259900000036], [84.5302577, 50.206035400000076], [84.58116880000011, 50.20806879999992], [84.64982390000023, 50.200108599999965], [84.69947110000004, 50.177827899999954], [84.74926860000005, 50.14000290000007], [84.80522560000009, 50.147200399999974], [84.8335, 50.1051], [84.88382590000009, 50.10196150000007], [84.93667730000016, 50.09588280000014], [85.00624549999998, 50.058167], [85.04925820000011, 50.01039739999999], [84.99346529999997, 49.988835], [84.98364730000014, 49.93455740000013], [85.01967489999998, 49.894637300000056], [85.08038560000006, 49.868576200000064], [85.108442, 49.823293900000124], [85.14487040000006, 49.7811213], [85.20336890000004, 49.74526780000002], [85.21292619999997, 49.69389460000002], [85.2099452000001, 49.64171030000006], [85.26467140000022, 49.6197876], [85.32126110000002, 49.59084680000012], [85.38844000000017, 49.63480270000014], [85.49020510000014, 49.59812920000013], [85.54532719999997, 49.59693660000005], [85.6072246, 49.609269900000015], [85.67768920000009, 49.55039590000007], [85.75689, 49.57715040000005], [85.8099119000002, 49.56588070000015], [85.88373720000016, 49.56690680000014], [85.938214, 49.56210010000018], [85.95503600000018, 49.5077376000001], [86.00909000000013, 49.497680700000046], [86.0579641000001, 49.523101200000156], [86.11292250000008, 49.52438320000016], [86.16634469999997, 49.50330380000008], [86.20203750000019, 49.466112800000076], [86.2352072, 49.513651700000025], [86.26624460000016, 49.555656600000134], [86.31591480000009, 49.599279700000125], [86.37135080000019, 49.59362190000007], [86.4200029000001, 49.60759], [86.48845080000012, 49.65790970000012], [86.526557, 49.702045], [86.58229210000013, 49.72414160000011], [86.61050050000011, 49.76892910000004], [86.64885930000014, 49.808422299999904], [86.7108290000001, 49.8012137], [86.7638718, 49.790385300000025], [86.75801860000013, 49.73712520000004], [86.73842050000002, 49.68842040000004], [86.68423750000011, 49.675148200000024], [86.63569280000002, 49.6319262], [86.61023740000002, 49.58453170000007], [86.66590470000006, 49.560271700000044], [86.721383, 49.56822090000014], [86.77718910000021, 49.56347610000017], [86.8271741000001, 49.5454254], [86.85541500000011, 49.499140400000044], [86.83337739999996, 49.45224659999991], [86.88022440000009, 49.434101100000134], [86.9301213, 49.42006180000004], [86.93677630000013, 49.36891820000005], [86.962708, 49.32541200000014], [87.00604550000008, 49.29886359999995], [87.03071570000009, 49.252880400000095], [87.094709, 49.252063000000135], [87.15312000000011, 49.24923800000016], [87.209308, 49.251407], [87.269325, 49.23257], [87.3007610000002, 49.184046], [87.29704200000015, 49.13245199999989], [87.346338, 49.102459], [87.397845, 49.086649], [87.45446630000015, 49.085688400000095], [87.50479000000018, 49.100439], [87.5346, 49.140945], [87.58850800000016, 49.14581], [87.64089200000012, 49.148676], [87.685871, 49.171312], [87.73754800000012, 49.176113], [87.8058625000001, 49.16848400000015], [87.86131800000021, 49.177937000000156], [87.914256, 49.173540000000116], [87.965424, 49.18410500000016], [88.012611, 49.217557], [88.057554, 49.244283], [88.1067058000001, 49.25656860000004], [88.154008, 49.286485], [88.154398, 49.337235000000135], [88.124189, 49.377495], [88.165477, 49.408504000000164], [88.188663, 49.45636], [88.237432, 49.47463399999987], [88.28757600000012, 49.475524], [88.33821440000003, 49.49364770000011], [88.389, 49.4875], [88.4450000000001, 49.4726], [88.5173, 49.4841], [88.57290000000012, 49.497800000000154], [88.6323000000001, 49.4954], [88.67400000000015, 49.4659], [88.7328, 49.4515], [88.7897, 49.4577000000001], [88.84290000000021, 49.44160000000011], [88.8801, 49.478100000000154], [88.8753716, 49.530195100000014], [88.9295, 49.542900000000145], [88.95950000000016, 49.500000000000114], [89.0027, 49.47050000000013], [89.0749, 49.48450000000014], [89.1323, 49.4989], [89.1953, 49.520199999999875], [89.23270000000014, 49.5537], [89.19146890000002, 49.58601990000005], [89.2058, 49.6367], [89.2709, 49.63290000000012], [89.3124, 49.6043], [89.36, 49.5844], [89.40526880000004, 49.621127400000034], [89.45607249999995, 49.662342700000124], [89.51233400000012, 49.67124659999996], [89.57883030000016, 49.68152140000012], [89.6608, 49.6999], [89.71920000000023, 49.728300000000104], [89.71450690000006, 49.78573460000001], [89.65062460000013, 49.792436200000054], [89.64318730000008, 49.84335180000005], [89.63087959999996, 49.899345], [89.67610439999999, 49.9357614000001], [89.73355320000013, 49.947931400000016], [89.79935, 49.95337520000015], [89.8614247000001, 49.959444], [89.91693680000009, 49.96332770000009], [89.96710000000013, 49.9724], [90.01729920000014, 49.99046650000008], [90.0023000000001, 50.0542], [90.06694930000003, 50.083146], [90.1188643000001, 50.09759350000013], [90.20881490000005, 50.102658599999984], [90.28520420000007, 50.1109159], [90.32897790000015, 50.152180700000144], [90.37721469999997, 50.17901130000001], [90.4389, 50.195], [90.4834, 50.2282], [90.53870000000012, 50.2421], [90.59780000000012, 50.2387], [90.6489, 50.22550000000018], [90.7308, 50.2434], [90.7064, 50.31290000000013], [90.76290000000017, 50.3349], [90.8157000000001, 50.3475], [90.87850000000014, 50.3569], [90.90300000000013, 50.4084], [90.9696, 50.42940000000016], [91.02570000000014, 50.4348], [91.07650000000012, 50.43110000000013], [91.1557, 50.419900000000155], [91.20850000000013, 50.439600000000155], [91.2933, 50.4696], [91.35680000000013, 50.46430000000015], [91.4094, 50.4506], [91.44136620000012, 50.494418100000075], [91.4528, 50.5456], [91.5017, 50.559700000000134], [91.5574, 50.58490000000012], [91.6337000000002, 50.582], [91.6489, 50.6424], [91.7155, 50.6899], [91.7784, 50.7194], [91.8403, 50.7353], [91.97397249999995, 50.71809680000001], [92.07170180000014, 50.6958247], [92.17214190000004, 50.70625780000012], [92.24088790000008, 50.7246275], [92.2907, 50.7533], [92.3234, 50.8335], [92.3482, 50.88490000000013], [92.3996, 50.8643], [92.42160000000013, 50.81139999999988], [92.4786, 50.7866], [92.5423, 50.79590000000013], [92.5992, 50.77450000000016], [92.594, 50.71970000000016], [92.6465, 50.7055], [92.7272, 50.7165], [92.75670000000014, 50.7633], [92.7877, 50.80560000000014], [92.8557, 50.8084], [92.9111, 50.7941], [92.99480000000011, 50.79590000000013], [93.0259, 50.7267], [92.96158240000005, 50.671451700000034], [92.99050000000017, 50.6261], [93.04710000000023, 50.618800000000135], [93.0937, 50.599], [93.1445, 50.603400000000136], [93.201, 50.5971], [93.2533, 50.605], [93.3141, 50.6119], [93.3748000000001, 50.6163], [93.4499, 50.6323], [93.5147, 50.6177], [93.5683, 50.604800000000125], [93.6347, 50.6045], [93.6965, 50.5851], [93.7645, 50.5947], [93.8294, 50.5952], [93.88740000000018, 50.59650000000016], [93.9408000000002, 50.58440000000013], [93.9977, 50.60460000000012], [94.18949640000011, 50.591439600000115], [94.24040689999998, 50.58776000000017], [94.29050000000012, 50.56850000000014], [94.3362876, 50.53301330000011], [94.34986350000008, 50.46037880000006], [94.37657560000014, 50.300364300000126], [94.38376710000006, 50.2395489000001], [94.4655, 50.2014], [94.53970000000015, 50.11520000000013], [94.5954, 50.066800000000114], [94.6896, 50.04280000000011], [94.7627, 50.05700000000013], [94.8493, 50.0566], [94.9036, 50.05390000000017], [94.9564, 50.0476], [95.0028, 50.0217], [95.03440000000012, 49.9762], [95.1119, 49.9631], [95.1998, 49.966], [95.318, 49.9592], [95.43640000000016, 49.957800000000134], [95.50615170000009, 49.9084345], [95.55172709999994, 49.934435400000154], [95.62908230000016, 49.956413699999985], [95.6782052000001, 49.9695971000001], [95.72731220000003, 49.9893859], [95.77816420000022, 49.97369880000002], [95.7737, 50.0301], [95.8244, 50.03780000000012], [95.90740000000011, 50.025], [95.9509, 49.9834], [96.01420000000013, 49.9976], [96.0667, 50.0097], [96.11910000000012, 49.9894000000001], [96.1991000000001, 49.9842000000001], [96.26480000000015, 49.9769], [96.31030000000021, 49.9408], [96.3968, 49.8879], [96.45380000000011, 49.88920000000013], [96.502, 49.926200000000165], [96.5527, 49.9408], [96.5871, 49.8957], [96.6473, 49.887], [96.692, 49.912200000000155], [96.7517, 49.917900000000145], [96.8063, 49.9108], [96.8585000000001, 49.894700000000114], [96.9547, 49.8919], [96.99825850000002, 49.8664940000001], [97.0489, 49.8342], [97.1051000000001, 49.8181], [97.1747, 49.7787], [97.22440000000017, 49.7462], [97.3229, 49.7538], [97.3665000000002, 49.78050000000013], [97.4177, 49.7841], [97.4837, 49.805700000000115], [97.5354, 49.84060000000011], [97.5842, 49.88610000000017], [97.5507, 49.9261], [97.6005, 49.9456], [97.6643, 49.9555], [97.72100000000012, 49.9741], [97.7804, 49.9936], [97.81500000000011, 49.9507], [97.86170000000016, 49.9168], [97.8674, 49.972], [97.9342, 49.9781], [97.9783000000001, 50.0018], [98.0306, 50.0346], [98.0762000000002, 50.0737], [98.1204, 50.10020000000014], [98.16290000000015, 50.1454], [98.17740000000015, 50.2005], [98.2214, 50.2501], [98.2544, 50.288900000000126], [98.3045, 50.3225], [98.28960000000018, 50.3808], [98.29, 50.4421], [98.3318, 50.4785], [98.27760000000012, 50.51940000000013], [98.2234, 50.55590000000018], [98.1683, 50.5636], [98.1267, 50.59650000000016], [98.077, 50.61220000000014], [98.03670000000011, 50.64710000000014], [97.9974000000002, 50.6989], [97.9708, 50.7499], [97.9497, 50.8081], [98.0016, 50.8338], [97.9946003, 50.884208800000124], [97.9473534, 50.90106930000002], [97.9027838, 50.92454760000004], [97.86367769999998, 50.958699700000125], [97.82885740000006, 51.00317300000012], [97.85636640000007, 51.045271], [97.88204869999998, 51.0912555000001], [97.9008, 51.13860000000017], [97.9393, 51.202], [97.9396, 51.25400000000013], [97.9599, 51.3053000000001], [97.9772, 51.3649], [98.0211, 51.3941], [98.049, 51.43650000000014], [98.103, 51.4675], [98.16510000000011, 51.457200000000114], [98.2241, 51.456700000000126], [98.2563, 51.5117], [98.245, 51.58], [98.2918, 51.637], [98.3271000000002, 51.691900000000146], [98.3655, 51.73800000000011], [98.41760000000016, 51.73650000000015], [98.47390000000013, 51.747500000000116], [98.5214, 51.7784], [98.57780000000014, 51.7938], [98.6384000000001, 51.81580000000014], [98.7021000000002, 51.8338], [98.7513, 51.865400000000136], [98.77454150000005, 51.91544870000013], [98.809, 51.9581], [98.8196, 52.01470000000012], [98.8397, 52.09830000000011], [98.8834, 52.1361], [98.93450000000018, 52.1489], [98.9871, 52.12180000000012], [99.025, 52.063400000000115], [99.0807000000002, 52.0623], [99.12140000000011, 52.02379999999988], [99.1986, 52.0307], [99.24810000000014, 52.0101], [99.2847000000001, 51.96040000000011], [99.33700000000022, 51.9524], [99.3966, 51.94949999999989], [99.4475000000001, 51.95110000000011], [99.49520000000012, 51.923], [99.5838, 51.9189], [99.7188000000001, 51.909300000000144], [99.7735, 51.8793], [99.8263, 51.8279], [99.8643, 51.7698], [99.9178, 51.76220000000012], [99.99570000000017, 51.73910000000018], [100.0578000000001, 51.7304], [100.1133, 51.7506], [100.17970000000014, 51.7446], [100.2463, 51.74300000000011], [100.3199, 51.7359], [100.3734, 51.733500000000106], [100.43110000000013, 51.725600000000156], [100.4833511000001, 51.744400500000154], [100.53374840000015, 51.74187080000007], [100.58487310000021, 51.740263700000014], [100.64716450000014, 51.72717280000006], [100.69905790000018, 51.70171070000009], [100.7490166, 51.677378200000135], [100.8103033000001, 51.66245840000005], [100.86295240000015, 51.641919800000096], [100.93208640000012, 51.607026], [100.98992230000016, 51.613547], [101.0182802000001, 51.5705036], [101.0683709, 51.569071400000155], [101.12412430000006, 51.56291000000016], [101.1658, 51.5283], [101.2256, 51.5415], [101.2721, 51.52010000000013], [101.3576, 51.4742], [101.4099, 51.4552], [101.45450000000017, 51.483], [101.5157, 51.4952], [101.581, 51.4794], [101.6307000000001, 51.4414], [101.6887, 51.4499], [101.7523, 51.45480000000015], [101.8037000000001, 51.423900000000174], [101.8553, 51.4182], [101.9129, 51.4186], [101.9673, 51.39290000000011], [102.0204, 51.3946], [102.1056, 51.3651], [102.1553, 51.32760000000013], [102.1455, 51.2779], [102.1075, 51.2437], [102.14170000000013, 51.2005], [102.1323, 51.1437], [102.1641, 51.091400000000135], [102.2049, 51.0303], [102.2352, 50.9771], [102.24200000000019, 50.9107], [102.2163, 50.86520000000013], [102.2178, 50.8148], [102.2746, 50.791], [102.32820000000015, 50.74630000000013], [102.3068, 50.6992], [102.35120000000018, 50.665100000000166], [102.4047000000001, 50.6429], [102.4528, 50.617], [102.5261, 50.593400000000145], [102.5431, 50.5389], [102.6114, 50.499], [102.6198, 50.44340000000017], [102.66270000000014, 50.4011], [102.7175, 50.40400000000017], [102.76172020000001, 50.37713030000003], [102.82796050000013, 50.3554828], [102.8742, 50.3342], [102.9298, 50.31], [103.00560000000019, 50.3085], [103.081, 50.3189], [103.14450000000016, 50.311700000000144], [103.1942, 50.3342], [103.2514, 50.30720000000014], [103.2521, 50.2497], [103.2623, 50.1995], [103.3255, 50.195], [103.3783, 50.20560000000012], [103.4580000000002, 50.2112], [103.5173000000002, 50.1967], [103.5768000000001, 50.1742], [103.66010000000011, 50.1472], [103.7207, 50.131600000000105], [103.7634, 50.1672], [103.8395000000001, 50.1932], [103.8918, 50.1819], [103.9434, 50.181600000000174], [104.0182, 50.1517], [104.1359, 50.1445], [104.1941000000001, 50.17550000000011], [104.2721, 50.203000000000145], [104.3359, 50.2492], [104.37912479999994, 50.30249780000008], [104.43050000000011, 50.3109], [104.4964, 50.314800000000105], [104.5608, 50.3068], [104.61990000000014, 50.3242], [104.6786, 50.3657], [104.7574, 50.3408], [104.8122, 50.3479], [104.86690000000021, 50.3762], [104.9034, 50.4113], [104.96950000000015, 50.403], [105.027321, 50.38716760000011], [105.08799620000013, 50.38808130000001], [105.15912050000009, 50.404478], [105.21559320000017, 50.4253], [105.26933070000018, 50.447035200000016], [105.32784920000006, 50.473073200000044], [105.38013310000008, 50.463418200000035], [105.4426984000001, 50.44209520000004], [105.51822820000007, 50.4569022], [105.57355430000007, 50.44796200000013], [105.63240000000019, 50.4337000000001], [105.6914, 50.42800000000011], [105.7534, 50.4348], [105.8211, 50.4397], [105.88120000000015, 50.4168], [105.9729, 50.41970000000015], [106.04554260000009, 50.402219], [106.08255330000009, 50.339714900000104], [106.148808, 50.33809360000009], [106.2066, 50.324], [106.25810000000013, 50.30360000000013], [106.37790000000018, 50.32120000000015], [106.4369, 50.32140000000015], [106.497103, 50.32421980000004], [106.5499, 50.34160000000014], [106.60740000000021, 50.3398], [106.6938, 50.3215], [106.7442, 50.3172], [106.8096, 50.3018], [106.9841, 50.20990000000012], [107.0173000000002, 50.168], [107.04770000000019, 50.1252], [107.07670000000019, 50.0833], [107.11120000000011, 50.04300000000012], [107.1621, 50.026], [107.22620000000018, 49.9942], [107.27760000000012, 49.98870000000011], [107.33140000000014, 50.00670000000014], [107.3886, 49.977500000000134], [107.44980000000021, 49.97370000000012], [107.5069, 49.9741], [107.55910000000011, 49.9848], [107.6124, 49.9646], [107.6833, 49.962100000000135], [107.7305, 49.98250000000013], [107.77793940000004, 49.94874180000011], [107.82874240000007, 49.96097020000008], [107.88786360000006, 49.93358390000003], [107.9442, 49.943300000000136], [107.9192, 49.8754], [107.93670000000014, 49.81920000000014], [107.9556, 49.7647], [107.93430000000012, 49.71140000000014], [107.9603, 49.6593], [108.023, 49.6734], [108.0275, 49.6223], [108.0771000000002, 49.6038], [108.1308, 49.58350000000013], [108.1849000000002, 49.558], [108.2354, 49.5438], [108.2978, 49.5399], [108.3306, 49.4975], [108.35150000000021, 49.441300000000126], [108.41070000000013, 49.4184], [108.431, 49.3721], [108.4844, 49.3508], [108.5299, 49.32120000000015], [108.5789000000002, 49.33190000000013], [108.6363, 49.341400000000135], [108.69290000000012, 49.33620000000013], [108.74640000000022, 49.3416], [108.79620000000011, 49.3346], [108.8488, 49.3266], [108.9086, 49.345], [109.0388, 49.3246], [109.1113, 49.3348], [109.17120000000011, 49.3529], [109.3455, 49.3249], [109.3900023, 49.30026880000008], [109.43250000000012, 49.2729], [109.4870000000002, 49.2432], [109.5591, 49.22080000000017], [109.62210000000016, 49.22340000000014], [109.6838, 49.22600000000017], [109.7581, 49.2204], [109.82010000000014, 49.2112], [109.87390000000016, 49.200900000000104], [109.95630000000017, 49.19540000000012], [110.03060000000016, 49.1851], [110.0924, 49.18310000000014], [110.1571, 49.1656], [110.2258, 49.1581], [110.2939, 49.1863], [110.3511, 49.2179], [110.3905, 49.2515], [110.4762, 49.2016], [110.55180000000018, 49.193800000000124], [110.6836, 49.1709], [110.8193, 49.182], [110.9263000000002, 49.21], [111.0787, 49.262100000000146], [111.1612, 49.2817], [111.2107, 49.29250000000013], [111.2768, 49.3104], [111.3665, 49.3552], [111.42150000000015, 49.3477], [111.51480000000015, 49.323], [111.5977, 49.34780000000012], [111.66830000000016, 49.3798], [111.7551, 49.386500000000126], [111.81690000000015, 49.37530000000015], [111.90920000000017, 49.3764], [112.0074, 49.3944], [112.11, 49.425], [112.19460000000015, 49.4466000000001], [112.2407, 49.46860000000015], [112.295, 49.4887], [112.3574, 49.4996], [112.4322, 49.5095], [112.4865, 49.5241], [112.554, 49.517], [112.61450000000013, 49.5098], [112.6766, 49.50800000000015], [112.73220000000015, 49.5179], [112.79010000000017, 49.5153], [112.9068000000002, 49.56850000000014], [112.9683, 49.5853], [113.02690000000018, 49.5978], [113.0686, 49.6348], [113.0999, 49.68820000000011], [113.1283, 49.733500000000106], [113.1623, 49.78050000000013], [113.2061, 49.8283], [113.39360000000022, 49.9091], [113.47392420000017, 49.93544830000013], [113.5519, 49.9812], [113.615, 49.9869], [113.68270000000018, 50.02590000000015], [113.7253, 50.062500000000114], [113.7724, 50.08050000000014], [113.8787, 50.1049], [113.98017770000001, 50.152662700000064], [114.04600650000009, 50.18318690000001], [114.09256300000015, 50.20727580000005], [114.17840000000012, 50.243], [114.3388, 50.28270000000015], [114.412, 50.2529], [114.46770000000015, 50.2335], [114.6171, 50.2456], [114.70020000000022, 50.2428], [114.7791, 50.228100000000154], [114.8312, 50.2237], [114.9109, 50.1966000000001], [114.9647, 50.1821], [115.0685, 50.1091], [115.1292, 50.0572], [115.2239, 49.98840000000013], [115.29470000000015, 49.95900000000012], [115.3608, 49.9402], [115.4312814000001, 49.92879430000005], [115.5067, 49.9071], [115.60990000000015, 49.9003], [115.6824822000001, 49.88610370000009], [115.7453945000002, 49.887175799999966], [115.8072800000001, 49.90755590000015], [115.9496, 49.9614], [116.0299, 49.99], [116.1255000000001, 50.02400000000017], [116.2355, 50.0356], [116.2819, 50.0152], [116.3436, 49.9958], [116.3982, 49.9809], [116.53100000000018, 49.9454], [116.6216, 49.9311], [116.70150000000012, 49.849100000000135], [117.0614, 49.6856], [117.27326860000016, 49.63084690000005], [117.47156570000004, 49.62638], [117.63382839999997, 49.56473410000012], [117.7934272, 49.52003690000009], [117.84504140000001, 49.529579100000035], [117.8909036, 49.59362710000016], [117.94338040000002, 49.59370650000011], [117.9875144, 49.62173219999994], [118.0425028000002, 49.60979680000008], [118.08874560000004, 49.636396200000036], [118.1323294, 49.661807700000054], [118.17796250000004, 49.68590310000013], [118.22111150000012, 49.71373470000003], [118.2752878, 49.74220630000002], [118.31727770000009, 49.76938570000016], [118.36912080000002, 49.7783702000001], [118.39593630000013, 49.8281705], [118.44885870000007, 49.83327430000003], [118.48850230000016, 49.86759350000011], [118.53022240000007, 49.901110900000106], [118.57443160000014, 49.92956160000011], [118.62977720000015, 49.941208300000085], [118.67980850000015, 49.95368760000002], [118.73278280000011, 49.94476570000012], [118.7830034000001, 49.953988800000104], [118.83487850000006, 49.963838200000055], [118.88966440000013, 49.97727790000005], [118.94391010000015, 49.989955800000075], [118.99326880000001, 49.97985590000002], [119.04845840000019, 49.97863419999999], [119.09682530000009, 49.99888240000007], [119.14062039999999, 50.023118700000055], [119.18089940000004, 50.05318570000003], [119.22805340000002, 50.07377409999998], [119.266067, 50.10682170000001], [119.30340990000002, 50.14408680000014], [119.33163190000005, 50.19059570000019], [119.33243960000016, 50.24299430000008], [119.33958040000016, 50.29690770000013], [119.36287490000018, 50.34137379999987], [119.31469690000006, 50.35539400000016], [119.26171720000002, 50.359720400000015], [119.20487590000005, 50.36247550000007], [119.15141070000016, 50.35811469999999], [119.1382817000001, 50.40977630000009], [119.19674590000011, 50.4099978000001], [119.23713880000014, 50.444075300000065], [119.2450139, 50.4953953000001], [119.27116940000019, 50.54279730000013], [119.27998800000012, 50.59473300000013], [119.32653260000006, 50.623610699999915], [119.36959880000018, 50.654907500000036], [119.41020430000003, 50.68505990000017], [119.45793640000011, 50.711622100000056], [119.49292860000003, 50.748191], [119.5031120000001, 50.807902100000035], [119.50706730000002, 50.8607191000001], [119.52401580000003, 50.90998140000005], [119.56530880000003, 50.9411702000001], [119.591822, 50.983958300000154], [119.6362762, 51.00966790000001], [119.68752310000002, 51.02907930000009], [119.71787600000016, 51.07538160000013], [119.74982510000007, 51.12277530000017], [119.78127350000011, 51.17202980000002], [119.75787309999998, 51.216455200000155], [119.8131774000002, 51.212871300000074], [119.8160663000001, 51.267931], [119.86172820000002, 51.29273490000014], [119.8824072000001, 51.340517], [119.93311510000012, 51.35417470000016], [119.96094849999997, 51.397493199999985], [119.97880770000006, 51.44497350000012], [119.98499450000008, 51.496073300000035], [120.02241660000016, 51.53041130000008], [120.02759390000006, 51.58363270000007], [120.05162160000009, 51.63226359999999], [120.0955702, 51.65620320000011], [120.16674570000009, 51.6780703], [120.21776910000006, 51.714301199999966], [120.262218, 51.74753070000014], [120.304666, 51.78104600000012], [120.35583230000009, 51.787406100000055], [120.39892340000017, 51.81363240000002], [120.44380110000009, 51.841216400000064], [120.477029, 51.884595100000126], [120.53551980000009, 51.87798630000003], [120.58112740000001, 51.90882890000006], [120.639807, 51.920891900000015], [120.66410719999999, 51.964959], [120.71183930000018, 52.007235399999956], [120.69340220000004, 52.056018], [120.74102930000004, 52.07585890000013], [120.76113160000011, 52.12673640000014], [120.74934770000016, 52.194904], [120.75604220000002, 52.24672570000007], [120.70538220000003, 52.26207030000012], [120.64960370000006, 52.299915], [120.6159957000001, 52.34764730000006], [120.6510386, 52.39679930000011], [120.683865, 52.440725200000145], [120.6997762000002, 52.4912609000001], [120.7271224000001, 52.53618980000016], [120.67692540000007, 52.548247600000025], [120.6183823, 52.570646500000066], [120.56073430000004, 52.59339019999999], [120.51298270000007, 52.61327580000011], [120.45899930000007, 52.6434643], [120.40136330000007, 52.61870010000001], [120.34630830000003, 52.615843], [120.292162, 52.6216604], [120.24442970000007, 52.60465570000008], [120.19140370000014, 52.57802520000007], [120.11964539999997, 52.58506520000009], [120.06196710000017, 52.58605330000012], [120.02676720000011, 52.6354566], [120.04825760000006, 52.68745360000008], [120.0281258, 52.75871790000008], [120.0720947000001, 52.78292550000003], [120.1222391, 52.80441590000004], [120.17917640000007, 52.808121200000016], [120.21697, 52.842333], [120.26921400000015, 52.85752450000007], [120.30268470000021, 52.89717059999998], [120.34825930000022, 52.928047700000036], [120.40593760000002, 52.95806020000009], [120.4369382000001, 53.00239970000007], [120.4895527000001, 53.02598980000005], [120.537968, 53.07045280000011], [120.60367440000005, 53.098612600000024], [120.64999290000014, 53.13373], [120.6835264, 53.17110130000003], [120.72492330000023, 53.20029040000003], [120.77350920000003, 53.21742070000005], [120.82629050000014, 53.2375100000001], [120.85779000000014, 53.27698410000005], [120.9254939000001, 53.285357400000066], [120.98773760000017, 53.28908550000017], [121.04731860000015, 53.290108], [121.10970780000014, 53.29361340000014], [121.16088060000004, 53.28023680000001], [121.21224660000019, 53.27858560000004], [121.27156830000001, 53.288400400000114], [121.31963180000014, 53.320154100000025], [121.3783221, 53.31866520000011], [121.4455627000001, 53.321982000000105], [121.5034124, 53.333999300000016], [121.57208960000003, 53.34750910000014], [121.61916120000012, 53.36532000000017], [121.67434490000005, 53.38693460000013], [121.73377110000001, 53.38592250000005], [121.81748830000015, 53.41570790000014], [121.87098630000003, 53.42626290000004], [121.94848620000016, 53.428865500000086], [122.04189090000011, 53.42250360000003], [122.09814330000006, 53.424624], [122.14902990000007, 53.46449480000001], [122.213874, 53.4620193], [122.2762653000002, 53.47456080000012], [122.32701120000013, 53.50156479999998], [122.37558219999994, 53.46676770000016], [122.42965850000007, 53.443248300000164], [122.48033620000012, 53.45734340000001], [122.5362603000001, 53.45265380000012], [122.59614550000003, 53.463867900000025], [122.68062750000013, 53.45766240000012], [122.74783930000001, 53.4629617], [122.80655950000005, 53.45843079999992], [122.87234790000014, 53.460786900000016], [122.93269920000012, 53.48126650000006], [123.05992640000022, 53.50754560000013], [123.1262584000001, 53.4981214], [123.17899790000001, 53.51896339999996], [123.223038, 53.54959210000004], [123.30441260000009, 53.559741300000155], [123.37545680000005, 53.53654320000004], [123.43847330000006, 53.534739400000035], [123.48106660000008, 53.4960774], [123.49150790000022, 53.54892650000005], [123.5464359, 53.54484810000014], [123.5244434, 53.49974189999995], [123.57924760000003, 53.54454270000008], [123.66442870000003, 53.522642900000164], [123.70890020000013, 53.490935100000115], [123.79649960000006, 53.485964], [123.85507840000014, 53.487441900000135], [123.97828190000018, 53.42980360000007], [124.0189914, 53.39393080000008], [124.07463530000007, 53.388457500000015], [124.10994970000002, 53.34650349999987], [124.16503530000011, 53.36719420000014], [124.23234710000008, 53.37780820000012], [124.27974140000015, 53.34611460000002], [124.33931140000016, 53.29410530000001], [124.36979220000012, 53.25272380000001], [124.43164410000009, 53.21672730000006], [124.48305350000021, 53.21658230000014], [124.55117150000012, 53.20166890000007], [124.63688990000003, 53.207177400000035], [124.69672349999996, 53.194105900000125], [124.72690780000005, 53.14497110000002], [124.823912, 53.1430901], [124.86206880000009, 53.099021700000094], [124.8779227, 53.1553164], [124.95893880000006, 53.18850210000005], [125.01778630000013, 53.198847400000034], [125.08249030000013, 53.20406560000009], [125.14741570000001, 53.20169909999987], [125.20437340000012, 53.193159], [125.27044990000002, 53.16518500000012], [125.33524030000012, 53.1380148], [125.40871230000016, 53.1171147], [125.4810589, 53.10023380000001], [125.50244140000007, 53.052002700000116], [125.56192640000017, 53.072902900000145], [125.61433740000007, 53.078047500000025], [125.6537261000002, 53.02563640000011], [125.71530110000015, 52.99734080000002], [125.72768040000017, 52.94396510000007], [125.6800925, 52.92644120000017], [125.65758460000006, 52.87837090000005], [125.71820010000022, 52.87958860000009], [125.76674760000014, 52.89669870000006], [125.82953960000009, 52.89537180000002], [125.86297520000005, 52.84856190000011], [125.90920370000003, 52.81861520000001], [125.92868360000011, 52.76962470000012], [125.97796480000022, 52.75697730000013], [126.0165065000001, 52.79548829999993], [126.09600720000014, 52.775294199999905], [126.04338240000016, 52.74505680000004], [126.06555640000022, 52.6948721], [126.01593400000013, 52.67307310000007], [125.9617379, 52.65039530000007], [126.01196220000008, 52.57851820000013], [126.05923970000015, 52.60324600000013], [126.10997650000013, 52.5822338000001], [126.19210350000003, 52.537775], [126.181213, 52.47755710000007], [126.25449950000007, 52.4751227000001], [126.31856110000012, 52.42425780000008], [126.34559510000008, 52.37006170000012], [126.31113, 52.328806], [126.38941330000011, 52.30292510000004], [126.34624370000006, 52.262366100000065], [126.29679620000013, 52.22452970000012], [126.35133429999996, 52.1874424], [126.40184550000004, 52.1829667], [126.44979920000003, 52.16293270000011], [126.54506709999998, 52.13671810000005], [126.53568949999999, 52.076403], [126.50265479999996, 52.03441690000011], [126.45107800000017, 52.03249880000004], [126.46194750000018, 51.9779382000001], [126.49178530000017, 51.929558200000145], [126.53782079999996, 51.88501459999998], [126.56574050000006, 51.83791350000001], [126.61769860000015, 51.77442880000012], [126.65906890000008, 51.73415460000007], [126.71562960000017, 51.726943], [126.71468720000018, 51.675219500000026], [126.7217253, 51.62452070000006], [126.6695403, 51.598723600000085], [126.7577742000002, 51.56010710000004], [126.83313360000011, 51.53438010000002], [126.79948790000014, 51.48309630000011], [126.78129180000008, 51.43507240000014], [126.8322753, 51.412701], [126.89613329999997, 51.408204], [126.92377080000006, 51.362780900000075], [126.84171660000004, 51.34434170000014], [126.81150420000017, 51.28908680000012], [126.86077109999997, 51.24558730000001], [126.91278450000016, 51.254075599999965], [126.87673559999996, 51.29552770000015], [126.94540010000014, 51.3335105000001], [126.94728840000005, 51.266751500000055], [126.894245, 51.203337200000135], [126.91106780000007, 51.13994320000012], [126.91765880000003, 51.0570394], [126.9653128, 51.03610789999988], [127.00822820000008, 50.999709400000086], [127.046337, 50.9605922], [127.1062468, 50.93690750000002], [127.14711810000006, 50.89398260000007], [127.19654070000013, 50.83012280000003], [127.23310460000016, 50.773924799999975], [127.29129780000005, 50.75470660000008], [127.28202810000016, 50.6885223000001], [127.31756200000018, 50.630629699999986], [127.35822740000003, 50.587321200000076], [127.32563010000001, 50.5327468000001], [127.28618029999996, 50.47022970000012], [127.33485260000009, 50.44806490000013], [127.36389890000021, 50.403764], [127.32650139999998, 50.35798240000008], [127.36753940000017, 50.291902400000026], [127.4557003, 50.26778230000008], [127.53612140000018, 50.25046229999998], [127.60153330000003, 50.2374648], [127.6033453, 50.18087370000012], [127.57214880000004, 50.12867150000005], [127.52223440000012, 50.08666010000002], [127.48893370000008, 50.012711], [127.53125760000012, 49.94759550000009], [127.5233545000001, 49.85795760000008], [127.54089510000006, 49.80099460000014], [127.58803520000015, 49.782878], [127.6483485, 49.77643080000007], [127.66977, 49.711334100000045], [127.70741380000015, 49.6526847], [127.75640350000015, 49.637741], [127.79829960000006, 49.59341130000007], [127.88481790000003, 49.56970200000012], [127.93951579999998, 49.59070759999997], [128.01074230000006, 49.57619380000011], [128.05863250000016, 49.55490920000011], [128.12980260000018, 49.548257800000044], [128.20141620000015, 49.538059000000146], [128.24997159999998, 49.56488640000015], [128.3078389000002, 49.5495881], [128.36693720000005, 49.583739200000025], [128.46047670000007, 49.58917760000003], [128.52111420000017, 49.60032620000004], [128.5841475000002, 49.59292810000005], [128.65837820000013, 49.5700031], [128.7173616, 49.56232480000011], [128.76594880000005, 49.58533110000013], [128.8021721, 49.55028379999999], [128.74720230000014, 49.513113800000156], [128.77739210000016, 49.47140660000002], [128.84107130000007, 49.4862404000001], [128.90653740000016, 49.47693449999997], [128.9618461, 49.45866750000005], [129.0269373000001, 49.425860200000045], [129.05049570000017, 49.3745551], [129.12623180000014, 49.35047310000016], [129.17457030000003, 49.388515700000085], [129.22604990000013, 49.399509600000044], [129.30879740000023, 49.35703160000014], [129.3671978000001, 49.35664620000006], [129.36876170000016, 49.41816070000016], [129.4302762000001, 49.4416197000001], [129.500653, 49.4246771], [129.543661, 49.376456], [129.5482224000001, 49.30901160000013], [129.6000276000001, 49.27577810000014], [129.66584290000003, 49.29500140000016], [129.74436509999998, 49.26437450000003], [129.74957819999997, 49.2044239], [129.84243640000022, 49.177055199999984], [129.84602040000016, 49.125250000000165], [129.8991288000002, 49.1060268], [129.90857749999998, 49.05194090000009], [129.99785180000015, 49.020010700000114], [130.03792740000006, 48.98221580000006], [130.1174271000001, 48.94344340000015], [130.164345, 48.91737790000013], [130.21028530000012, 48.876324800000134], [130.2653487, 48.86198880000006], [130.3402314000001, 48.886879900000054], [130.38966990000006, 48.899181800000065], [130.4514680000002, 48.90346990000012], [130.49815990000013, 48.85797539999999], [130.5594430000001, 48.85831420000011], [130.60956810000005, 48.87931670000006], [130.66934590000017, 48.877103299999874], [130.64081580000015, 48.81745340000003], [130.60675449999997, 48.77504480000016], [130.5632991000001, 48.68772250000006], [130.5241513000002, 48.63453060000006], [130.58097940000016, 48.597137200000134], [130.60637140000006, 48.537442100000135], [130.62557070000003, 48.48846780000002], [130.69695539999998, 48.50572910000005], [130.75819710000007, 48.49728570000008], [130.73064750000003, 48.44378790000013], [130.76631980000002, 48.35848830000003], [130.81985409999993, 48.33512489999998], [130.8143083000001, 48.28320180000014], [130.76487020000013, 48.247438100000124], [130.7522477000001, 48.190110900000036], [130.6943946, 48.146458100000075], [130.65442340000004, 48.11174630000005], [130.6761735, 48.06223210000002], [130.71895590000008, 48.03405379999998], [130.86397109999996, 47.93622460000006], [130.949798, 47.825461], [130.9515779000002, 47.75055890000016], [130.99373260000016, 47.696166700000106], [131.059057, 47.686694900000134], [131.14025790000005, 47.68941870000009], [131.20731490000014, 47.720317500000135], [131.31841910000014, 47.72820660000008], [131.38679090000005, 47.73083630000002], [131.45266620000007, 47.74309009999996], [131.52135650000002, 47.736519100000066], [131.5546696, 47.69704270000011], [131.59443250000004, 47.656518200000164], [131.64511330000005, 47.66827030000013], [131.7101398000002, 47.708472200000074], [131.76306069999998, 47.682746600000144], [131.81221290000008, 47.667168500000116], [131.86693350000007, 47.67341180000011], [131.92662540000003, 47.66586030000008], [131.98279950000006, 47.669797], [132.01565390000007, 47.71453560000009], [132.0755326000001, 47.69801770000015], [132.13389770000015, 47.70137270000009], [132.206662, 47.714697], [132.27756209999995, 47.720052800000076], [132.3436164000002, 47.757798100000116], [132.39691900000014, 47.74606650000004], [132.46060450000016, 47.730207300000075], [132.5232615000001, 47.7191972], [132.5897923000001, 47.72968470000018], [132.5897923000001, 47.784338300000115], [132.62878840000008, 47.83662849999996], [132.68048770000007, 47.8720795000001], [132.6521269000002, 47.9355958000001], [132.71918840000012, 47.961888600000066], [132.7635021000001, 47.930278200000146], [132.8157923000001, 47.935005], [132.86306030000003, 47.991726500000084], [132.9138733000001, 48.0138834], [132.9844799, 48.03072260000005], [133.02997530000005, 48.08212650000013], [133.097923, 48.104283399999986], [133.1818237, 48.10871480000003], [133.23972690000016, 48.10162460000009], [133.30976169999997, 48.09805420000009], [133.39152560000014, 48.123558700000046], [133.4428293000002, 48.11028559999994], [133.52247310000018, 48.12154200000015], [133.57861200000013, 48.18860810000007], [133.67761580000013, 48.18217930000014], [133.72133170000018, 48.20821600000011], [133.74640410000006, 48.256753500000116], [133.7978346, 48.25996800000013], [133.87755190000007, 48.28311170000018], [133.93637560000013, 48.30175530000014], [133.99411940000016, 48.30216970000015], [134.03376760000003, 48.343968099999984], [134.0887812000002, 48.33824410000017], [134.13997890000007, 48.33824410000017], [134.18831450000005, 48.3837178], [134.27030760000014, 48.37903010000008], [134.33681950000016, 48.3789478], [134.408687, 48.38816980000013], [134.47069650000003, 48.42187750000005], [134.5259119000001, 48.41735660000006], [134.58072370000002, 48.407249600000114], [134.65336850000006, 48.413247399999875], [134.71226090000016, 48.398461900000086], [134.7671243000001, 48.37120110000012], [134.7169669000001, 48.27996510000003], [134.6679177000002, 48.24014100000011], [134.6761444, 48.189247], [134.63961730000005, 48.1287875000001], [134.60265089999996, 48.082897000000116], [134.5692997, 48.043551], [134.54362850000018, 47.988755100000105], [134.59279400000014, 47.94768830000004], [134.63981460000002, 47.90128660000016], [134.66705760000013, 47.844331300000135], [134.71203290000005, 47.79615110000003], [134.76087389999998, 47.76351940000012], [134.7546049, 47.70127410000009], [134.72022980000008, 47.66369350000002], [134.67633790000002, 47.62951000000015], [134.65359479999995, 47.579580400000054], [134.6118626000001, 47.536275200000034], [134.5727736, 47.500563800000066], [134.5330874, 47.46791980000006], [134.4861697, 47.44300530000004], [134.43261800000016, 47.441491700000086], [134.37790150000012, 47.43800840000017], [134.32043290000024, 47.4369031], [134.26398959999995, 47.39868789999997], [134.23072950000017, 47.35132660000011], [134.16933390000008, 47.31838540000001], [134.15007700000012, 47.252960100000166], [134.2026753, 47.20931030000003], [134.22086120000006, 47.147655], [134.19305210000005, 47.0974293000001], [134.139837, 47.092521], [134.1140878000001, 47.0424771000001], [134.0643060000001, 46.983486800000094], [134.06808260000014, 46.93287180000016], [134.0354669000002, 46.88549410000002], [134.01830080000002, 46.83220280000012], [134.04542330000004, 46.78050440000004], [134.02104740000004, 46.733698], [134.01349430000005, 46.66588610000008], [133.96731290000014, 46.62622510000017], [133.91309560000002, 46.596177700000055], [133.89495910000005, 46.5457823000001], [133.86470050000003, 46.499638400000094], [133.843352, 46.44949429999997], [133.9189818000001, 46.42781489999999], [133.9373514, 46.3794913000001], [133.88307010000005, 46.364597], [133.89961930000015, 46.30121360000015], [133.87645040000018, 46.25024209999998], [133.8464964000002, 46.203076899999985], [133.80015860000003, 46.22624580000013], [133.7543978000001, 46.16980590000014], [133.69942980000008, 46.16213940000017], [133.69509019999998, 46.11107700000014], [133.73501440000018, 46.077228200000036], [133.69942980000008, 46.0150276], [133.67370749999998, 45.9714570000001], [133.62464440000008, 45.94429240000011], [133.59088240000005, 45.89154740000009], [133.54045650000012, 45.89568910000014], [133.49081750000005, 45.86689170000005], [133.4638774, 45.82162119999998], [133.49845490000018, 45.783160200000054], [133.4777422000002, 45.73641250000014], [133.42071240000007, 45.69553540000015], [133.4727633, 45.69193739999997], [133.4401415000002, 45.648701500000016], [133.41041840000014, 45.605627700000014], [133.37270209999997, 45.57012229999998], [133.3238272000001, 45.55954990000009], [133.2729127, 45.5374119], [133.22344380000004, 45.51838809999998], [133.1779742, 45.4898654000001], [133.15240200000017, 45.444602100000054], [133.13905020000016, 45.3953019], [133.111552, 45.35064800000015], [133.09791670000004, 45.3019289], [133.08614910000006, 45.25255390000012], [133.1181358, 45.21373420000003], [133.12353040000016, 45.16337169999997], [133.0975085, 45.11908820000002], [133.0552593, 45.0859281000001], [133.01576269999998, 45.04988540000011], [132.96839550000004, 45.028178400000115], [132.90897089999999, 45.02963620000014], [132.8642618, 45.057472300000086], [132.76443890000007, 44.95785740000002], [132.71969500000012, 44.9042384], [132.6481122, 44.85497510000016], [132.63337030000014, 44.80212910000017], [132.6469105000001, 44.742424], [132.6047708000001, 44.677277200000105], [132.53498219999994, 44.644968], [132.39959380000016, 44.59025100000014], [132.44847, 44.57771], [132.50134170000013, 44.59555930000005], [132.5330990000001, 44.55655270000011], [132.47971240000015, 44.5669489], [132.4462384000002, 44.52902450000005], [132.38994780000007, 44.55858610000013], [132.320085, 44.53899650000005], [132.24158910000006, 44.5728840000001], [132.2720021, 44.61951280000011], [132.21844370000008, 44.6378378], [132.27410800000018, 44.639290700000174], [132.170724, 44.680307700000014], [132.11932380000007, 44.68978230000005], [132.06072070000016, 44.7286153], [132.047202, 44.77876480000003], [132.06549210000003, 44.83279040000008], [132.1037993000001, 44.86796119999991], [132.12454149999996, 44.914708400000166], [132.13077569999996, 44.96793050000002], [132.10053140000002, 45.017415], [132.05286590000003, 45.03551490000018], [131.9959242000001, 45.04965940000005], [132.05771660000016, 45.1117766000001], [132.00936020000017, 45.151738], [131.98789820000002, 45.20490410000002], [131.99559680000004, 45.254342399999985], [131.934429, 45.277658], [131.911661, 45.33339], [131.859527, 45.33140500000013], [131.82121800000016, 45.296599], [131.788821, 45.252415], [131.747357, 45.215241], [131.673978, 45.21957], [131.650748, 45.172486], [131.685796, 45.12452900000011], [131.62832600000024, 45.08517900000015], [131.57922600000018, 45.051389], [131.5363420000001, 45.019572], [131.488548, 45.001080000000115], [131.450064, 44.961274], [131.401016, 44.98354400000011], [131.3492440000001, 44.987801], [131.305217, 44.963455], [131.272908, 44.921649000000116], [131.222227, 44.91812099999987], [131.174284, 44.93486300000012], [131.123394, 44.93187], [131.089302, 44.889563], [131.0430170000002, 44.869354], [130.98998200000017, 44.867475], [130.95839790000014, 44.826742], [131.00844700000016, 44.81152600000013], [131.057196, 44.7840020000001], [131.0843420000001, 44.731112], [131.17870030000006, 44.458089600000164], [131.30322139999998, 44.0439331], [131.25580590000004, 44.02568520000011], [131.2430409000001, 43.975780100000065], [131.25537759999997, 43.92575820000013], [131.23424769999997, 43.87984160000008], [131.21081800000013, 43.83519100000012], [131.20340610000005, 43.783492100000046], [131.21021600000017, 43.73183900000015], [131.227576, 43.673697], [131.21040600000015, 43.624474], [131.2025440000001, 43.571769], [131.211051, 43.520756], [131.25907, 43.49793600000015], [131.3021103000002, 43.453498300000035], [131.3058, 43.402123], [131.26825700000018, 43.365335], [131.257508, 43.30993], [131.242274, 43.261713], [131.19856400000015, 43.233019], [131.213685, 43.179254], [131.200519, 43.128068], [131.1584630000002, 43.099826], [131.113457, 43.066334], [131.095107, 43.018471], [131.11049100000014, 42.968315], [131.10991, 42.917225], [131.05834700000014, 42.917536], [131.03025700000012, 42.875015], [130.9831620000001, 42.855454], [130.93541200000016, 42.871681], [130.88984600000015, 42.85070800000011], [130.8367320000002, 42.878784], [130.776988, 42.86434800000018], [130.7323050000001, 42.840977], [130.680032, 42.84779900000012], [130.62732200000016, 42.83278400000012], [130.5795210000001, 42.808717000000115], [130.53238, 42.791925], [130.45932210000012, 42.76999680000006], [130.418494, 42.737403], [130.450498, 42.693506000000184], [130.500873, 42.695793], [130.55326980000007, 42.6901398], [130.594729, 42.6511728000001], [130.62063520000004, 42.60540930000013], [130.60334309999996, 42.55491000000012], [130.55978860000005, 42.52646990000011], [130.59308550000014, 42.48375920000012], [130.6122282, 42.43595929999998], [130.65327560000014, 42.393955900000094], [130.64631350000013, 42.33915780000001], [130.68997850000005, 42.29616760000016], [130.7279099000002, 42.33002], [130.75934000000018, 42.389860100000135], [130.77982010000005, 42.44729000000012], [130.83483, 42.467719900000134], [130.8382199, 42.518490000000156], [130.82072010000002, 42.5668799], [130.7706409, 42.58571110000008], [130.79747350000002, 42.63268870000002], [130.7537400000001, 42.60528], [130.69583, 42.57741], [130.73763, 42.60733010000007], [130.70122990000004, 42.642389900000126], [130.65229010000007, 42.65787], [130.70359, 42.69021], [130.7593799000001, 42.682189900000026], [130.81415000000015, 42.69956000000013], [130.78444, 42.658580100000165], [130.83452009999996, 42.65881009999998], [130.8851800000001, 42.6724901], [130.9332501, 42.65796], [130.91408000000013, 42.61106000000012], [130.87653010000008, 42.64491010000012], [130.82016010000007, 42.6433899000001], [130.86165990000006, 42.612689900000134], [130.92185000000018, 42.59244990000008], [130.9598125000001, 42.62902330000014], [131.00786990000017, 42.64293990000016], [131.0577899, 42.63846010000003], [131.10147180000013, 42.67030860000017], [131.136601, 42.634280900000135], [131.18077890000006, 42.60593080000007], [131.19709990000013, 42.5573399000001], [131.2304226, 42.59562110000007], [131.2012999000002, 42.63708], [131.23397010000008, 42.67597000000018], [131.248053, 42.729832300000055], [131.26943010000002, 42.78023990000008], [131.32914340000002, 42.794209300000034], [131.37591280000004, 42.776018], [131.37358530000006, 42.83548719999999], [131.42113730000005, 42.85488340000006], [131.46604090000017, 42.8780857000001], [131.41506249999998, 42.87447650000013], [131.37864400000012, 42.91384980000004], [131.42621910000014, 42.9324539000001], [131.4748866, 42.94616910000002], [131.42096400000014, 42.965919699999915], [131.4717370000002, 42.98050780000011], [131.51792220000016, 43.01201060000005], [131.56816019999997, 43.01849169999997], [131.6053700000001, 43.06410000000011], [131.64807919999998, 43.10709920000005], [131.68246010000007, 43.14622990000015], [131.6341900000001, 43.16070000000013], [131.67778109999995, 43.190003000000104], [131.72611360000008, 43.1677456000001], [131.77766369999995, 43.17959460000009], [131.71608000000015, 43.201], [131.7608699000001, 43.23367], [131.75849830000016, 43.28386419999998], [131.8213201000001, 43.300070100000084], [131.88009090000003, 43.320026300000166], [131.93024090000006, 43.31772610000007], [131.977415, 43.30051680000008], [132.02131740000004, 43.329524700000036], [132.0704472000001, 43.316323], [132.03599610000015, 43.274800200000016], [131.99687510000012, 43.232684], [131.9398, 43.21407000000016], [131.903589, 43.175811200000055], [131.88238790000014, 43.12836520000013], [131.8472399000001, 43.08719990000009], [131.8936430000001, 43.111528100000044], [131.93287380000015, 43.07484080000012], [131.98821610000005, 43.09261500000014], [132.03461090000008, 43.119109], [132.0825063000001, 43.1674976], [132.1301515, 43.19620170000002], [132.20994770000016, 43.22051900000014], [132.25235650000013, 43.249967900000115], [132.28976290000014, 43.285668600000065], [132.3379807, 43.30422710000016], [132.32676960000003, 43.25394090000003], [132.3590246, 43.21483710000001], [132.32467540000016, 43.1715842000001], [132.34073680000017, 43.12276030000015], [132.32099630000016, 43.07609], [132.30563630000006, 43.02335820000013], [132.30298520000008, 42.97331560000009], [132.29516660000013, 42.920508200000086], [132.29642180000008, 42.86906840000012], [132.34599860000014, 42.852779300000066], [132.34658830000012, 42.906989300000134], [132.4002200000001, 42.919670300000064], [132.45033160000014, 42.926144500000134], [132.50801220000005, 42.9102266000001], [132.51416870000003, 42.86005280000006], [132.56926340000007, 42.86161150000004], [132.62588219999998, 42.860091700000055], [132.6767301, 42.85458260000007], [132.7139731000001, 42.88891220000011], [132.7630206, 42.90967100000012], [132.77393010000014, 42.858629], [132.80118290000007, 42.81409530000013], [132.80730170000015, 42.760944500000164], [132.85446680000007, 42.73833070000012], [132.88738280000007, 42.77636670000004], [132.90258400000016, 42.8242826], [132.96516210000016, 42.83783770000014], [133.00340390000008, 42.80319520000012], [133.04784170000016, 42.767997800000046], [133.09309810000013, 42.7423849], [133.03621240000007, 42.7412245000001], [133.0258824000001, 42.68713570000011], [133.076862, 42.69141630000007], [133.13044270000012, 42.6864551000001], [133.1768664, 42.70732100000015], [133.22214400000018, 42.73445920000006], [133.27357280000012, 42.75260540000011], [133.32677280000007, 42.77257540000005], [133.379143, 42.76404940000003], [133.427615, 42.7804488000001], [133.4776667, 42.79493720000005], [133.51722010000003, 42.8345385], [133.56785230000003, 42.837717400000145], [133.61644330000001, 42.8579946000001], [133.67246970000008, 42.855143600000076], [133.71249940000018, 42.823709399999984], [133.7584459000002, 42.851630800000066], [133.8081248000002, 42.875979], [133.85795720000021, 42.8966453000001], [133.91279670000017, 42.89499749999999], [133.97255840000003, 42.9167736], [134.01013020000005, 42.950059099999976], [134.05835950000017, 42.97119840000005], [134.11472990000004, 42.98987360000001], [134.15017940000007, 43.03173919999989], [134.18650119999995, 43.0715732000001], [134.2380935000001, 43.08499409999996], [134.29120890000002, 43.10811310000008], [134.34253660000002, 43.11167510000013], [134.39060080000013, 43.14328320000004], [134.43962020000004, 43.15862219999997], [134.4888023000001, 43.18479070000018], [134.5486208000001, 43.2263099], [134.59925510000005, 43.23723220000005], [134.64698280000016, 43.26307280000009], [134.70122770000012, 43.29993850000005], [134.75306950000015, 43.30531030000003], [134.79376660000003, 43.33606169999996], [134.83890020000013, 43.38333490000002], [134.88713700000017, 43.41040150000009], [134.95288330000005, 43.4349631], [134.99443050000013, 43.465914], [135.0428022000001, 43.48133750000011], [135.09395280000012, 43.50121980000006], [135.14958519999993, 43.51535760000013], [135.16996960000006, 43.5740015], [135.19201810000004, 43.621819], [135.22565190000012, 43.659674], [135.2236637000001, 43.71273530000008], [135.2689773000002, 43.736671], [135.2781622, 43.68646640000014], [135.33891820000008, 43.7155350000001], [135.38447780000013, 43.74511490000009], [135.4356924000001, 43.764761500000134], [135.46332330000007, 43.8099828], [135.4995769000002, 43.846953399999904], [135.5241258000001, 43.89347080000016], [135.47441850000007, 43.875321499999984], [135.47011229999998, 43.93224070000002], [135.51978469999995, 43.92139890000004], [135.53013520000013, 43.971171300000094], [135.55933820000018, 44.0203062], [135.6099425, 44.03468750000013], [135.63693109999997, 44.08311259999988], [135.66052860000002, 44.13103330000007], [135.68528720000006, 44.19171950000003], [135.71775070000012, 44.23875990000016], [135.76813630000015, 44.2564991000001], [135.80604530000005, 44.29258710000016], [135.8376244000002, 44.334189300000105], [135.86350030000017, 44.38677480000007], [135.90748410000015, 44.416958400000055], [135.96346640000013, 44.43218470000011], [136.02213170000005, 44.45438280000002], [136.11149339999997, 44.4790086000001], [136.1571567000002, 44.50978059999994], [136.18664280000007, 44.554027800000085], [136.227784, 44.58428550000002], [136.21444530000008, 44.636292200000014], [136.26460150000014, 44.69569620000016], [136.32048370000018, 44.71136690000003], [136.34972730000004, 44.76476530000008], [136.37994490000017, 44.80580760000004], [136.42383630000018, 44.773543100000154], [136.4427058, 44.8287039], [136.48748640000008, 44.85505560000007], [136.5238178000002, 44.896233], [136.55049430000008, 44.94484269999998], [136.60150840000006, 44.9942741000001], [136.63967419999994, 45.029059100000154], [136.68884220000007, 45.04377470000003], [136.75092410000002, 45.0843529], [136.77392640000005, 45.132459800000106], [136.78990069999998, 45.18339110000011], [136.82944140000006, 45.21494280000002], [136.89054150000004, 45.2443467], [136.94419419999997, 45.266677], [136.99105870000017, 45.30754719999999], [137.06037630000003, 45.354075900000055], [137.13879800000018, 45.375255300000106], [137.18227680000007, 45.421978], [137.21640060000004, 45.46701150000007], [137.2674432, 45.5028254], [137.30468770000004, 45.540907900000036], [137.34018960000003, 45.58732550000002], [137.38556470000003, 45.626175699999976], [137.4459071, 45.66361569999998], [137.49923390000004, 45.68378420000005], [137.54984600000012, 45.72576290000006], [137.59393780000016, 45.74985270000002], [137.638925, 45.77375189999998], [137.67998640000008, 45.807084000000145], [137.69884240000022, 45.85832410000012], [137.74782690000006, 45.9037244000001], [137.777108, 45.947420800000145], [137.8233220000002, 45.98930210000009], [137.88183490000006, 46.03755290000004], [137.92762770000002, 46.07219], [137.96312310000008, 46.114784], [138.00971490000006, 46.16129770000015], [138.06887559999996, 46.203988600000116], [138.10900490000006, 46.246613100000104], [138.1014408000002, 46.297505800000124], [138.1208915000002, 46.35383220000017], [138.15317920000007, 46.40363140000011], [138.17671640000015, 46.448130000000106], [138.219219, 46.48186870000012], [138.2644917, 46.50385210000002], [138.31849750000003, 46.5267113000001], [138.3499581000001, 46.58677980000016], [138.34168420000003, 46.6464813], [138.366056, 46.70615770000006], [138.38924540000016, 46.76635310000012], [138.42068319999998, 46.809738400000015], [138.46288130000005, 46.83794630000017], [138.49525540000013, 46.879994200000056], [138.5020906000001, 46.937795], [138.5329726, 46.98729240000006], [138.57240250000018, 47.04367430000002], [138.63708810000014, 47.09808420000013], [138.70370879999996, 47.1375010000001], [138.75721950000002, 47.19506050000001], [138.824583, 47.263371900000095], [138.88673340000003, 47.30388620000008], [138.93852390000006, 47.317957400000125], [138.99051180000015, 47.31664410000002], [139.00514510000016, 47.369693800000164], [139.30939310000008, 47.310879000000114], [139.33579080000004, 47.35352249999988], [139.34800510000014, 47.40688140000003], [139.37902670000017, 47.463543], [139.40961830000003, 47.51370580000014], [139.46090100000015, 47.565343900000016], [139.51854420000006, 47.67525649999999], [139.55398130000003, 47.720147], [139.6727350000001, 47.791816400000016], [139.73193019999997, 47.81859350000008], [139.78784610000014, 47.861237600000095], [139.8308688000002, 47.905303500000116], [139.88872790000005, 47.94754419999998], [139.95660240000018, 48.025147], [140.0411517, 48.0829559], [140.21350140000004, 48.1706893], [140.2714082000001, 48.20860020000009], [140.36614370000018, 48.29350250000016], [140.41993190000017, 48.33389390000008], [140.4524054000001, 48.37472290000005], [140.47398180000016, 48.43515550000018], [140.49306620000016, 48.57369070000016], [140.48999560000016, 48.638466400000084], [140.49759030000007, 48.6991349], [140.54237690000002, 48.75345660000005], [140.59312080000018, 48.7923095000001], [140.64648350000016, 48.85377], [140.6760276, 48.90816589999997], [140.69276539999998, 48.9567379], [140.66032680000012, 49.109471700000086], [140.72312770000008, 49.254362100000094], [140.73549370000012, 49.32815590000013], [140.79466709999997, 49.41290129999999], [140.84420610000006, 49.514519], [140.8536481000002, 49.57717110000016], [140.83959090000008, 49.644617], [140.83295310000017, 49.74386310000011], [140.91221890000008, 49.94704130000008], [140.97306720000006, 50.01220330000001], [140.99575010000012, 50.066853200000025], [140.9916376, 50.132366], [140.91469440000014, 50.26157650000016], [140.82323670000017, 50.412294], [140.79885980000006, 50.457233], [140.80608830000006, 50.628501900000174], [140.804955, 50.74227280000014], [140.92487059999996, 50.8598247], [140.95849440000006, 50.91460479999995], [140.99052640000002, 50.99773959999999], [140.99944349999998, 51.058030200000076], [140.98888650000004, 51.11158040000009], [140.99502480000012, 51.16386230000012], [141.04048190000003, 51.20471530000009], [141.09331020000013, 51.235485300000164], [141.14557350000007, 51.2831953999999], [141.20014219999996, 51.3767176], [141.2122194000002, 51.448342100000104], [141.28637530000015, 51.50430760000012], [141.4144046, 51.56133280000006], [141.56857260000015, 51.528291600000045], [141.62335989999997, 51.47860739999999], [141.68444440000007, 51.435527], [141.7694636, 51.35604319999999], [141.79878730000007, 51.305574300000046], [141.8370576000001, 51.26661030000008], [141.87778930000013, 51.172671399999956], [141.93095240000002, 51.078093500000136], [141.86341040000002, 51.01283420000016], [141.75411180000003, 50.890244199999984], [141.72351470000012, 50.83430720000007], [141.72017649999998, 50.775150500000166], [141.74347669999997, 50.650855100000115], [141.73062970000012, 50.56011239999998], [141.7328298000001, 50.508328], [141.755346, 50.43949760000004], [141.79405180000015, 50.377337799999964], [141.8195978, 50.26671190000013], [141.844477, 50.1873819], [141.85654910000005, 50.130439499999966], [141.82915300000013, 50.04181319999998], [141.821554, 49.962484], [141.82756860000006, 49.88985130000003], [141.8442248, 49.80437310000008], [141.84447020000005, 49.69986850000009], [141.83167750000007, 49.53580870000013], [141.79435740000008, 49.45457120000009], [141.77388589999998, 49.4000218], [141.76333250000005, 49.3487498], [141.7647488, 49.279874200000165], [141.73362050000014, 49.19169650000015], [141.7244439000001, 49.13201880000014], [141.71248350000008, 49.056943900000135], [141.67883270000004, 49.00084720000012], [141.61793380000006, 48.9164422], [141.57098530000007, 48.859232700000064], [141.54556490000004, 48.77540450000009], [141.55267, 48.71743880000014], [141.57753280000009, 48.63187940000006], [141.62270610000007, 48.553278800000044], [141.6902295, 48.46289850000005], [141.78827840000008, 48.357198500000095], [141.8396914, 48.29032260000014], [141.8524559, 48.2273611], [141.86699950000002, 48.16318270000011], [141.8779502, 48.05251290000001], [141.8431541, 47.976120200000025], [141.81015100000013, 47.93423180000002], [141.78689610000015, 47.85953660000001], [141.73377990000006, 47.782733800000074], [141.68308980000006, 47.68732180000012], [141.66660160000004, 47.63310980000011], [141.65954090000014, 47.5386666], [141.6602524, 47.4417863000001], [141.67186370000002, 47.284024], [141.69092290000015, 47.2267663], [141.75816610000015, 47.128712400000154], [141.7168646, 46.99771590000006], [141.6492095000001, 46.88495790000002], [141.62635160000002, 46.83972879999999], [141.58720430000005, 46.76773580000014], [141.53020660000004, 46.654187900000125], [141.5203692, 46.537374], [141.5420855000001, 46.43274570000011], [141.56121310000015, 46.38219520000001], [141.60086419999993, 46.276620900000125], [141.6110655000001, 46.211777500000096], [141.6211078, 46.15404390000003], [141.63237960000004, 46.09930070000007], [141.63561140000013, 46.03670120000004], [141.65207210000017, 45.9767397], [141.75058730000012, 45.86801660000003], [141.7164269000001, 45.742254900000034], [141.9007388000001, 45.71830080000012], [142.2917675000001, 45.65607840000007], [142.34959, 45.822267300000135], [142.4307202000001, 45.93000850000004], [142.45783740000013, 45.97724870000002], [142.49367389999998, 46.06144689999991], [142.52033960000006, 46.12655640000014], [142.53290080000022, 46.1763823], [142.5368621, 46.22949590000013], [142.56377510000004, 46.2836524], [142.58802130000004, 46.33587590000002], [142.76837210000008, 46.398919], [142.84726780000005, 46.408042], [142.93380460000014, 46.4073699], [143.06430160000014, 46.32401950000008], [143.11779280000007, 46.22435000000013], [143.11923920000015, 46.165214700000035], [143.10998359999996, 46.08878910000004], [143.12241830000016, 46.012417900000116], [143.13863590000005, 45.96170220000016], [143.19707979999998, 45.890275700000075], [143.23907280000014, 45.86293010000003], [143.28537730000016, 45.84236090000002], [143.33642010000017, 45.82832440000004], [143.39033970000014, 45.821331499999985], [143.445173, 45.821636299999966], [143.49892520000014, 45.829227200000105], [143.54963969999994, 45.84382770000008], [143.59546740000008, 45.86490560000004], [143.6514423000002, 45.9069288], [143.73379180000006, 46.02697900000015], [143.7724492000001, 46.143632900000114], [143.8294078, 46.212599100000034], [143.87964680000016, 46.28969570000015], [143.9035811, 46.350373300000115], [143.90304800000013, 46.40136230000013], [143.87063350000005, 46.477367800000025], [143.830827, 46.531144800000106], [143.80970939999997, 46.64623720000003], [143.79941, 46.73572780000012], [143.7747968, 46.815691100000095], [143.7622738, 46.8704843000001], [143.71688570000015, 46.93910649999998], [143.6486446, 46.992415200000096], [143.60120810000012, 47.01584940000015], [143.54512269999998, 47.033615100000134], [143.33510910000007, 47.10829680000012], [143.3348744, 47.16458010000008], [143.30999120000013, 47.2769426000001], [143.2842624000001, 47.33689530000015], [143.24741260000008, 47.3770025], [143.2130356, 47.42858490000009], [143.16851110000005, 47.48041209999997], [143.03813050000008, 47.56157280000008], [142.929041, 47.6191917000001], [142.89366330000007, 47.659436200000016], [142.86291910000023, 47.70549540000013], [142.82343130000004, 47.7960415], [142.82742630000007, 47.84898050000004], [142.82692950000012, 47.934655200000066], [142.843398, 47.9885986000001], [142.86917290000008, 48.09140960000008], [142.8982801000002, 48.164197700000045], [142.91794330000016, 48.21113520000006], [142.9534358000002, 48.27535370000004], [143.00013339999998, 48.382109200000116], [143.01819380000006, 48.445697900000084], [143.0509360000002, 48.517438200000015], [143.09309980000012, 48.602563400000065], [143.1350622, 48.66718659999998], [143.23512690000018, 48.788571], [143.27438280000013, 48.852302300000076], [143.28687680000007, 48.90312719999997], [142.9801269000002, 48.946939], [142.86138070000015, 48.923416699999905], [142.773852, 48.89357850000005], [142.7249001, 48.873698], [142.67499050000015, 48.8840019000001], [142.6218401, 48.903611800000135], [142.59138670000004, 48.944431399999985], [142.57069520000005, 48.99170230000004], [142.51240470000005, 48.99838050000011], [142.5243838, 49.051004600000056], [142.51134090000016, 49.102350600000136], [142.4853025000001, 49.150579000000164], [142.49533640000004, 49.20713870000009], [142.52589650000016, 49.24757910000005], [142.53853590000017, 49.29737680000005], [142.566385, 49.34031010000001], [142.56597470000008, 49.39161800000011], [142.53269490000002, 49.43736960000001], [142.56008570000006, 49.49563360000013], [142.60906480000006, 49.47855530000015], [142.66831690000004, 49.476199600000086], [142.71877630000006, 49.47204950000008], [142.78468009999995, 49.4930344], [142.84937590000004, 49.511348], [143.015771, 49.50932560000007], [143.08590720000007, 49.50239640000012], [143.092354, 49.55799720000016], [143.06655110000008, 49.6092504], [143.02204330000006, 49.64718080000006], [143.00082410000016, 49.699095900000145], [143.42117580000001, 49.71494660000013], [143.54528019999998, 49.7183490000001], [143.69234340000003, 49.81925869999998], [143.73322870000004, 49.84824540000011], [143.77236240000002, 49.8867358], [143.82183590000022, 49.93026850000001], [143.87065800000016, 49.94157790000014], [143.92710490000002, 49.95229550000016], [143.98601610000003, 49.96443840000012], [144.30182220000006, 50.05823110000006], [144.27913590000014, 50.103047], [144.24363559999995, 50.151074700000095], [144.17484850000017, 50.23574340000005], [144.13639539999997, 50.29162410000009], [144.09490570000014, 50.368394], [144.06384309999999, 50.44163370000001], [144.0354946000001, 50.52286680000009], [144.01726959999996, 50.58633660000015], [144.0141, 50.66358130000009], [143.9860728000001, 50.75915820000017], [143.98422030000017, 50.823221300000114], [143.95483360000014, 50.898128], [143.92935080000007, 50.99131680000005], [143.91138030000013, 51.04929949999996], [143.84454259999995, 51.24857430000009], [143.79740890000005, 51.3541343], [143.78519720000008, 51.41150430000005], [143.75009920000002, 51.5362177], [143.72617560000015, 51.59392570000011], [143.6836217, 51.68894460000001], [143.64890990000004, 51.764134500000125], [143.5869666000002, 51.8558127], [143.5527045, 51.91127470000009], [143.50334380000015, 52.006679300000144], [143.47667049999995, 52.076832300000035], [143.46528380000018, 52.1391908], [143.4677015000002, 52.2053858000001], [143.51223740000023, 52.2749847], [143.55360589999998, 52.32328070000011], [143.591445, 52.38645140000011], [143.62902150000014, 52.49795590000002], [143.64352859999997, 52.5680049], [143.65312500000016, 52.759054100000014], [143.66616740000018, 52.84159750000015], [143.6515349, 52.8944987000001], [143.6206429, 53.0482558999999], [143.5926608000001, 53.19033660000014], [143.56991119999998, 53.26675300000011], [143.53449650000005, 53.355718], [143.50198210000008, 53.422298500000124], [143.46259310000005, 53.49195860000009], [143.3101395000001, 53.73452430000009], [143.25935679999998, 53.817590700000096], [143.3083008000002, 53.9908984], [143.33617, 54.07400910000001], [143.31810289999999, 54.16157960000004], [143.28154510000013, 54.22445870000007], [143.220046, 54.28354479999996], [143.18472270000007, 54.320604200000105], [143.10079280000014, 54.40752400000014], [143.03572450000013, 54.5061692000001], [142.97968559999993, 54.55505580000005], [142.9303639000001, 54.58108410000017], [142.8732669000002, 54.60106869999987], [142.76627810000002, 54.622842], [142.6983543, 54.625980800000036], [142.64637459999994, 54.62331260000008], [142.5673303000002, 54.612032800000065], [142.5087579000001, 54.59541340000004], [142.12969680000003, 54.495414400000016], [142.0443385000002, 54.46503940000014], [141.99501, 54.436123399999985], [141.9540515000001, 54.3993704], [141.9169104, 54.3230382000001], [141.92397690000007, 54.260758200000055], [141.9493804, 54.2168815], [141.99747309999998, 54.17245270000012], [142.09342200000015, 54.08982380000003], [142.1503471000001, 54.024426200000164], [142.220256, 53.974681100000055], [142.29619910000008, 53.916046600000016], [142.30717930000003, 53.84346690000007], [142.2569373, 53.81224610000004], [142.03738550000014, 53.70998840000016], [141.9834876000001, 53.69515870000009], [141.7589442000001, 53.62538], [141.62354920000018, 53.59938600000015], [141.46825669999998, 53.5910783], [141.38908010000011, 53.5939679], [141.25339169999995, 53.640788], [141.0700955000001, 53.68618470000007], [141.00607650000006, 53.703772400000105], [140.93580630000008, 53.726080300000035], [140.79359980000004, 53.828571500000066], [140.6591879, 53.9971028], [140.63170120000007, 54.04463350000003], [140.4531717000001, 54.186849100000074], [140.39370630000008, 54.21820750000012], [140.31428760000006, 54.24603320000011], [140.1873703000001, 54.3078074], [140.13685210000006, 54.4108953], [140.09409230000006, 54.464070100000015], [140.05147710000006, 54.494453700000065], [139.999421, 54.519379700000115], [139.93993969999997, 54.53787569999997], [139.87950740000008, 54.54949870000013], [139.8125755000001, 54.55710470000008], [139.74437250000005, 54.556838600000106], [139.67762430000016, 54.5487114], [139.62355430000014, 54.53626450000007], [139.56010870000011, 54.51546470000005], [139.505706, 54.487323], [139.34538870000017, 54.39313950000013], [139.248662, 54.382512600000155], [139.1471153000001, 54.402002900000014], [139.0764378, 54.41928850000011], [139.004429, 54.4472015], [138.92244360000007, 54.475972], [138.8566797000001, 54.49323510000016], [138.78613250000012, 54.50206679999991], [138.58969710000008, 54.69131180000005], [138.73038370000006, 54.962274], [138.76271029999998, 55.01288029999995], [138.7779935000001, 55.07750249999998], [138.74785380000014, 55.1636042], [138.69950280000012, 55.21111660000014], [138.65533690000018, 55.23777739999997], [138.5918409000002, 55.26407580000006], [138.5199414, 55.2820157000001], [138.38849170000015, 55.295319900000095], [138.33520810000016, 55.294498200000135], [138.03480090000005, 55.332117], [137.83181830000012, 55.3603586000001], [137.75915559999999, 55.382422], [137.69043330000022, 55.39330640000003], [137.61924540000018, 55.39600890000003], [137.5485807, 55.39041550000013], [137.40799770000012, 55.36156050000011], [137.3150806, 55.3252359], [137.25484300000016, 55.28281410000005], [137.19972680000012, 55.21128120000009], [136.99119370000017, 55.14367450000003], [136.90524150000022, 55.125841600000115], [136.72294420000014, 55.103803300000095], [136.6674352, 55.089299], [136.59872930000017, 55.051871600000084], [136.41081640000004, 55.01602480000008], [136.04992219999997, 55.00430320000015], [136.1373781000001, 55.042747500000075], [136.19137010000009, 55.07597990000016], [136.3072225000002, 55.11589500000014], [136.37477790000003, 55.144749000000104], [136.46009900000013, 55.205874], [136.53688580000016, 55.27166010000002], [136.74292910000008, 55.4181013000001], [136.91091740000002, 55.46438090000015], [136.96144690000017, 55.481323100000054], [137.02006359999996, 55.50841720000005], [137.3053589000001, 55.6483713], [137.4241005, 55.738823400000115], [137.54797960000008, 55.766290600000104], [137.6022948000001, 55.78471910000002], [137.65511780000008, 55.811081], [137.710777, 55.85577560000007], [137.910312, 55.965909500000066], [138.00249800000017, 56.01103380000012], [138.13320640000006, 56.1198624000001], [138.1767387, 56.171202600000015], [138.24711179999997, 56.210744300000044], [138.39988330000017, 56.247778400000016], [138.45711870000002, 56.26918090000004], [138.50600570000006, 56.29626430000002], [138.545113, 56.32842110000007], [138.59920780000004, 56.40185130000003], [138.6280425000001, 56.56070610000012], [138.77479030000006, 56.615507600000115], [138.86133470000016, 56.659362700000145], [138.91116120000004, 56.70418290000009], [139.15175810000005, 56.883532900000034], [139.21162390000018, 56.922510900000134], [139.251639, 56.96713920000002], [139.303148, 57.0051964000001], [139.5064132, 57.105431899999985], [139.5854654000001, 57.12348620000006], [139.64706210000008, 57.145204300000046], [139.76193480000006, 57.19975090000008], [139.80448380000007, 57.228133700000114], [140.03583820000006, 57.33551630000005], [140.09021860000018, 57.36688160000011], [140.159694, 57.43068290000008], [140.20210710000003, 57.500879900000086], [140.46285690000013, 57.565883900000074], [140.54758470000002, 57.59473260000016], [140.65673030000005, 57.65869640000005], [140.73292950000018, 57.692051], [140.7932373000001, 57.72741410000003], [140.8378703000002, 57.77004120000004], [140.86773170000004, 57.83060489999997], [140.9007078000002, 57.925135700000055], [140.94506380000007, 57.97702779999997], [140.9934181000001, 58.05545560000007], [141.02488649999998, 58.122904], [141.06125050000014, 58.16405549999996], [141.1927644, 58.2445543], [141.3189185, 58.280979800000125], [141.3831427, 58.296446900000035], [141.50790240000003, 58.334849], [141.64942959999996, 58.394602900000166], [141.77594340000007, 58.44374930000009], [141.83096969999997, 58.470297900000105], [141.91576229999998, 58.51998050000003], [141.98516140000004, 58.563910299999975], [142.09502840000016, 58.653369399999974], [142.13245500000016, 58.69002030000007], [142.18026190000012, 58.72473190000011], [142.21777210000005, 58.76225930000004], [142.28373090000002, 58.83530550000006], [142.36792720000005, 58.89885140000001], [142.42348100000015, 58.930359], [142.52997090000008, 58.978817400000025], [142.638925, 59.02314060000009], [142.71877560000007, 59.04316840000001], [142.8063644, 59.059479900000156], [142.95209560000012, 59.08143380000013], [143.00604890000022, 59.09135879999991], [143.13862740000013, 59.12875780000007], [143.347373, 59.1266804], [143.42995540000004, 59.12140410000006], [143.52077710000015, 59.1208635000001], [143.59663790000002, 59.128712], [143.705751, 59.1511357], [143.84417840000003, 59.187758700000074], [143.90353560000017, 59.20114840000002], [143.9806509, 59.20393480000001], [144.04795820000015, 59.20046960000002], [144.22714910000013, 59.18012020000009], [144.3263839, 59.17234850000011], [144.3820704000002, 59.170431300000075], [144.5347359000001, 59.16976669999997], [144.63221620000013, 59.17292130000004], [144.87027540000008, 59.1667744], [144.9802208000001, 59.1677876], [145.048079, 59.17060630000003], [145.143179, 59.182293100000095], [145.26297620000003, 59.185], [145.5783795000002, 59.088818700000104], [145.68359710000004, 59.0157929], [145.73602960000005, 58.9894407000001], [145.80073360000017, 58.96751490000014], [145.89646190000008, 58.94906679999997], [145.97285720000013, 58.94181110000005], [146.05422680000015, 58.94157869999998], [146.1271716, 58.945840299999986], [146.19727760000012, 58.95711989999995], [146.2722867, 58.97681650000004], [146.38737250000008, 58.98892520000004], [146.46501480000006, 59.001570300000026], [146.53758119999998, 59.022645599999976], [146.5993804000002, 59.05002450000012], [146.91247440000018, 59.14653370000008], [147.05390210000007, 59.128171], [147.2304809000001, 59.09219219999994], [147.31605700000011, 59.064950000000124], [147.43330570000012, 59.044290699999976], [147.50689740000007, 59.03700229999998], [147.58182750000014, 59.03711149999998], [147.84067130000017, 59.0624884], [148.36653290000004, 59.05419120000005], [148.44135670000003, 59.047229699999946], [148.7322266000001, 58.95828789999996], [148.8097974000002, 58.93327960000005], [148.8748306, 58.9210026], [148.9264961, 58.914888], [150.32656069999996, 58.81567990000002], [150.42805220000002, 58.80258210000005], [150.5352630000001, 58.79811310000008], [150.58760860000007, 58.7985587], [150.67233840000006, 58.80616679999997], [150.9833506, 58.76586580000003], [151.03936040000008, 58.715601200000094], [151.09255589999998, 58.68632630000013], [151.15588019999996, 58.66318010000009], [151.22677040000008, 58.647093500000096], [151.30237310000007, 58.638712400000145], [151.3904331000001, 58.63889190000009], [151.44382480000013, 58.64344930000004], [151.59677020000015, 58.647178600000075], [151.68993539999997, 58.64221320000007], [151.76747280000006, 58.64703829999996], [151.85377440000013, 58.66038950000012], [152.0541026000002, 58.680889900000125], [152.15241260000005, 58.6924004], [152.23315359999992, 58.706903100000034], [152.499879, 58.74217810000016], [152.58373470000015, 58.7209952], [152.68347290000008, 58.70796270000011], [152.89752320000002, 58.70515180000007], [152.9715767, 58.70894600000014], [153.05155780000007, 58.72135709999992], [153.14484349999998, 58.749435900000094], [153.1971433000001, 58.7751809], [153.42465760000005, 58.886242400000015], [153.81995089999998, 58.8789837], [153.92158160000008, 58.857129700000144], [153.99636670000018, 58.848741900000164], [154.0697077000001, 58.84795859999997], [154.1545043000001, 58.85603590000005], [154.36161550000008, 58.89000240000007], [154.41694459999997, 58.897428499999876], [154.49880670000005, 58.91733710000011], [154.6879342000001, 58.93678850000015], [154.73939689999997, 58.93040980000012], [154.84548200000017, 58.928357100000085], [154.91509180000003, 58.93532310000006], [155.10877559999994, 58.97359410000007], [155.21081559999993, 58.97513880000014], [155.27451669999994, 58.9806061000001], [155.58200750000015, 58.9981325], [155.6589666000001, 59.00733440000005], [155.7307591000001, 59.02437050000003], [155.79442670000014, 59.048540400000036], [155.8473306000002, 59.07884939999997], [155.9100009, 59.14661750000005], [155.98163590000013, 59.290464], [155.97989189999998, 59.365017600000044], [155.93740690000004, 59.42469620000014], [155.89442210000004, 59.45759250000009], [155.83946060000005, 59.48550870000008], [155.77240740000013, 59.507945], [155.6980585, 59.52315379999999], [155.59214710000015, 59.53064050000006], [155.39188620000016, 59.55577050000011], [155.289693, 59.61992080000016], [155.18802360000007, 59.66204850000008], [155.1179806, 59.680398], [155.007048, 59.6940805000001], [154.8807148000002, 59.90334840000014], [154.90275270000018, 59.97370870000009], [154.98313440000015, 60.05101560000003], [155.06978930000002, 60.09970840000011], [155.17640270000004, 60.18536780000011], [155.2543459000001, 60.2134137], [155.31204770000022, 60.22898880000014], [155.37919410000018, 60.250767200000155], [155.4384328000001, 60.275921], [155.63049750000016, 60.33815410000011], [155.7037765, 60.36376139999999], [155.776035, 60.39615470000007], [155.96253020000006, 60.49165129999989], [156.11806020000006, 60.5311812], [156.17740260000016, 60.553336], [156.2275909, 60.580448099999956], [156.26692390000017, 60.611612100000116], [156.30857450000008, 60.66850660000006], [156.32634840000003, 60.72226990000013], [156.36532820000002, 60.8306422], [156.42154730000004, 60.8836], [156.5241562000001, 60.922504600000025], [156.59680650000018, 60.96127810000007], [156.81615980000015, 61.011584800000094], [156.88978730000008, 61.03317940000005], [156.95265200000017, 61.061705], [157.01443430000006, 61.10247930000003], [157.05044060000012, 61.14008510000008], [157.0752979, 61.2024358000001], [157.06262070000002, 61.26735010000016], [157.17677579999997, 61.39101770000008], [157.236201, 61.4175803], [157.51780469999994, 61.49651110000002], [157.9177910000002, 61.53620560000002], [158.01977840000006, 61.530545], [158.10167380000007, 61.53167739999998], [158.1525726000001, 61.534476900000016], [158.20238760000007, 61.54021030000007], [158.64166250000017, 61.6038931], [158.76647509999998, 61.61524950000012], [158.82639430000006, 61.61464740000008], [159.15016490000016, 61.572690400000056], [159.2242490000002, 61.52922339999998], [159.4242928, 61.39146460000012], [159.37888250000003, 61.358385100000135], [159.33944680000013, 61.30471850000009], [159.33478850000017, 61.24031439999999], [159.40607950000003, 61.0056214], [159.380035, 60.95548200000013], [159.38506670000015, 60.89450939999989], [159.42568370000015, 60.83874259999999], [159.47323600000016, 60.804318799999976], [159.55917380000017, 60.763087300000166], [159.73322860000007, 60.60864480000009], [159.74718210000003, 60.53423660000004], [159.78647580000018, 60.48500139999999], [159.82829670000012, 60.45251209999998], [159.8818851000001, 60.424573], [159.94524360000003, 60.40221120000007], [160.01603090000015, 60.386246800000094], [160.09164650000014, 60.37726430000009], [160.1925979, 60.37526520000006], [160.2764532, 60.38223490000013], [160.3968563000002, 60.40555249999994], [160.49679960000003, 60.43828229999997], [160.8453558000001, 60.283526100000074], [161.15325050000013, 60.148940400000015], [161.05706959999998, 60.07207110000007], [161.0139117000001, 60.046382], [160.87994900000012, 59.943613], [160.7758609000001, 59.89099210000006], [160.70266440000012, 59.86097390000003], [160.4933555, 59.76669020000003], [160.33235320000006, 59.73725680000007], [160.25766610000005, 59.71424969999998], [160.18985650000002, 59.68073570000013], [160.14116580000018, 59.64253460000003], [160.09974890000012, 59.58133940000005], [159.88667650000002, 59.451125500000046], [159.79475490000004, 59.389778700000136], [159.74293130000012, 59.35214560000014], [159.66263149999997, 59.30763590000009], [159.57668609999996, 59.26476760000003], [159.52769480000006, 59.230884200000105], [159.490847, 59.19206950000006], [159.4137736, 59.1257465], [159.35288570000012, 59.04351040000006], [159.2778320000001, 58.91443570000001], [159.21819330000005, 58.84594930000003], [159.15703640000004, 58.816996500000016], [159.07338140000002, 58.761297], [159.0238402000001, 58.73223690000003], [158.96508630000005, 58.70651930000008], [158.9211057, 58.68151190000003], [158.87541190000002, 58.645697400000074], [158.82768790000023, 58.59552590000004], [158.77086540000005, 58.553422300000136], [158.62111360000006, 58.4914435], [158.5031447, 58.449088600000096], [158.42296940000006, 58.41481690000006], [158.29049180000004, 58.341779], [158.15894390000017, 58.27858740000005], [158.0862320000001, 58.230169399999966], [157.6346559000001, 58.214684600000055], [157.53062250000005, 58.20027460000006], [157.46880740000006, 58.1827176000001], [157.41427520000002, 58.15940300000017], [157.35549970000022, 58.12596889999992], [156.91198740000016, 58.04711110000011], [156.850523, 58.03583690000005], [156.79421170000012, 58.0197516], [156.73907010000005, 57.99783739999992], [156.650986, 57.969047899999964], [156.57335790000013, 57.933255400000064], [156.52499550000005, 57.896375199999966], [156.47640230000002, 57.8478705], [156.4249632000001, 57.79568820000003], [156.40190010000003, 57.735271599999976], [156.42064390000007, 57.66130140000013], [156.4886309000002, 57.5961676], [156.61767010000017, 57.5146861], [156.31830930000012, 57.41458580000011], [156.25964080000006, 57.39158080000004], [156.21049640000012, 57.36281670000005], [156.17276190000007, 57.32941190000014], [156.140545, 57.27347320000007], [156.16331760000003, 57.11494720000002], [156.11196259999997, 57.04919640000003], [156.0490909, 57.03116240000003], [155.9980018000001, 57.012558200000115], [155.91412520000017, 56.9774776000001], [155.83322290000012, 56.934584800000096], [155.76341990000003, 56.88163320000007], [155.6648265, 56.772555400000044], [155.61613160000002, 56.69717510000004], [155.57813220000014, 56.611664300000086], [155.5320144000001, 56.489589], [155.4802426, 56.39222690000008], [155.4439754, 56.295512300000155], [155.39813950000007, 56.20268630000015], [155.3686339000002, 56.13457040000009], [155.3380753, 56.086375500000145], [155.30410040000004, 56.009414800000116], [155.29393, 55.855598200000145], [155.28153750000013, 55.66676920000015], [155.22210860000007, 55.401328399999954], [155.21524260000012, 55.232255599999974], [155.2568672, 55.056996400000116], [155.28882420000014, 54.815415700000074], [155.3388258, 54.608975600000065], [155.3932443000001, 54.415181], [155.4761536000001, 54.1787094], [155.49715700000013, 54.13097910000016], [155.56802070000015, 53.942502299999944], [155.6067405, 53.81314640000011], [155.6205129, 53.7528741000001], [155.6538087, 53.629231700000105], [155.67214480000007, 53.527446800000064], [155.70462480000003, 53.39437340000012], [155.74667290000014, 53.237064900000064], [155.76755800000012, 53.123862299999985], [155.79952330000015, 52.899774100000116], [155.81458480000003, 52.8366191], [155.9240899, 52.60582570000008], [155.95796540000003, 52.54742130000005], [156.08040410000012, 52.310521], [156.10597, 52.245030800000166], [156.1312316000002, 52.1604033000001], [156.14791750000006, 52.09034770000011], [156.17435760000012, 51.839108900000156], [156.17775440000014, 51.77417260000004], [156.175034, 51.61958940000005], [156.1654728000001, 51.556775], [156.171399, 51.47947160000007], [156.1918247000001, 51.411036600000045], [156.21294310000007, 51.3277941], [156.23192690000008, 51.25068060000012], [156.25861759999998, 51.2021765], [156.31494350000014, 51.14579580000009], [156.34335109999995, 51.10385290000005], [156.27197380000018, 51.0324746], [156.20583190000002, 51.010838], [156.15020440000012, 50.984008500000016], [155.77317619999997, 51.08833410000011], [155.6592885, 51.1117188], [155.60789950000003, 51.11831720000009], [155.55666759999997, 51.12105730000013], [155.50421640000013, 51.1210405], [155.45270490000007, 51.11612070000007], [155.3849722000001, 51.10624040000005], [155.329443, 51.09153670000006], [155.27402819999998, 51.06825930000002], [155.2139724, 51.027471300000116], [155.1581936, 50.9481121], [155.14151460000005, 50.8896368], [155.15472090000003, 50.82355450000017], [155.18386940000005, 50.771521100000086], [155.224173, 50.72022910000004], [155.29390769999998, 50.672584100000165], [155.39102040000012, 50.55600490000012], [155.30533440000022, 50.53848540000007], [155.24195759999998, 50.518181800000036], [155.10059009999998, 50.48364220000002], [154.8529827000001, 50.39570930000002], [154.803266, 50.37914210000008], [154.74007390000008, 50.347992600000055], [154.7000683, 50.317003399999976], [154.65616490000014, 50.260603800000126], [154.6417934000001, 50.20470260000013], [154.65723680000008, 50.13788130000006], [154.49211490000005, 50.014441700000134], [154.41646890000004, 50.01651470000007], [154.3528467000001, 50.00951050000015], [154.2613612, 49.98485390000002], [154.2111797, 49.96273060000004], [154.16212870000015, 49.93196260000002], [154.11288060000015, 49.87923690000002], [154.08102080000015, 49.799116500000025], [154.07841840000015, 49.736095100000114], [154.0991262, 49.67900680000008], [154.1444083, 49.628260800000135], [154.1963118, 49.592849600000136], [154.31604830000015, 49.41845580000006], [154.2179248, 49.29411750000003], [153.94266, 49.17263960000008], [153.8748998000001, 49.167528200000106], [153.56518640000002, 49.18632969999999], [153.4890951000001, 49.192970600000024], [153.4260565000002, 49.1887858], [153.3545342, 49.174958100000026], [153.30150530000014, 49.15571579999988], [153.2553755, 49.12995470000004], [153.1987038000001, 49.07576570000015], [153.1692313000001, 49.01602520000006], [153.16622500000017, 48.95161450000012], [153.193904, 48.890295500000036], [153.26340249999998, 48.82644940000006], [153.3173958000001, 48.79967510000006], [153.27486570000008, 48.50034620000014], [153.1791948, 48.49673460000014], [153.12493860000006, 48.4856034], [153.07482860000016, 48.4678702], [153.0306637000001, 48.444173300000045], [152.98968509999997, 48.41193420000013], [152.94348120000018, 48.34290949999996], [152.86901330000012, 48.145366900000056], [152.86306309999998, 48.08826480000016], [152.7904522, 47.93168170000007], [152.7230317000001, 47.86666780000013], [152.68231600000013, 47.80457069999994], [152.634012, 47.704134000000124], [152.5901501000002, 47.66987470000004], [152.38475490000008, 47.57329760000016], [152.3278841, 47.560878], [152.25894900000014, 47.53287970000014], [152.1857960000002, 47.48497309999988], [151.98804570000004, 47.301715800000125], [151.94508500000018, 47.26886710000002], [151.88737760000015, 47.206590700000106], [151.8362959000001, 47.150085500000046], [151.75403470000003, 47.1036067], [151.57390540000006, 47.02707780000014], [151.5072077000001, 46.99092239999999], [151.46114080000007, 46.94918], [151.42612960000008, 46.89669710000004], [151.4141773, 46.837779900000044], [151.43477559999997, 46.76454270000005], [151.4743082000001, 46.70455959999998], [151.51088690000006, 46.66545470000011], [151.57143150000002, 46.62343610000016], [151.62979810000013, 46.59713420000014], [151.71257550000007, 46.576216900000134], [151.7622695, 46.570357], [151.8174471000002, 46.56909710000008], [151.87197980000008, 46.57504620000009], [151.96211560000006, 46.60095820000015], [152.02576690000012, 46.634259], [152.07492130000003, 46.67229779999997], [152.12706019999996, 46.70532990000015], [152.2125009, 46.74583250000006], [152.35519460000012, 46.84989080000008], [152.39855690000002, 46.88875510000014], [152.4712975, 46.966175400000054], [152.51809040000012, 47.002378700000065], [152.67520960000013, 47.131792500000074], [152.74305660000016, 47.16961690000011], [152.781824, 47.202769900000135], [153.0167904000001, 47.35205650000012], [153.07852119999995, 47.4016704], [153.14029030000017, 47.47377850000004], [153.24369790000014, 47.56735060000011], [153.2928607, 47.60770690000004], [153.32558310000002, 47.65204219999998], [153.35262480000006, 47.71887220000008], [153.539334, 47.9349926000001], [153.58311560000004, 48.011253000000124], [153.59816540000008, 48.07251940000015], [153.56908570000007, 48.2845997], [153.7038063000001, 48.35064020000016], [153.75718000000018, 48.33612180000006], [153.813714, 48.3286521], [153.8713421000001, 48.328503799999964], [153.92795980000005, 48.33568220000012], [153.98149810000007, 48.349925], [154.0299973, 48.370711300000096], [154.1135187, 48.43095740000007], [154.2495468000002, 48.58591190000004], [154.38246190000007, 48.67380310000016], [154.43823910000003, 48.71633100000014], [154.4830965000001, 48.76724490000015], [154.6886191000002, 48.899698300000125], [154.7508302000001, 48.9216058], [154.79883430000018, 48.946229300000084], [154.85955690000014, 48.99795620000003], [155.00918519999993, 49.135749400000066], [155.06611469999996, 49.17307560000006], [155.1126491, 49.22593289999992], [155.13799910000012, 49.27179280000013], [155.1887802000001, 49.48396870000005], [155.2224748000002, 49.56392440000013], [155.22998730000006, 49.62317930000012], [155.40307759999996, 49.79466670000005], [155.45997050000005, 49.80039240000008], [155.51425469999992, 49.812831], [155.56406090000007, 49.831554400000016], [155.62079040000003, 49.85995070000013], [155.7565555, 49.97223040000006], [155.86032050000006, 49.992330600000116], [155.93989740000006, 50.01390530000015], [156.0999451, 50.10010129999995], [156.154092, 50.142623300000025], [156.19195560000014, 50.186595800000134], [156.2340461, 50.24013330000014], [156.28872020000006, 50.29074880000019], [156.36965680000014, 50.35244630000017], [156.62419540000008, 50.48834430000005], [156.69557280000015, 50.54843170000004], [156.77602650000006, 50.64932680000015], [156.83176790000016, 50.68673410000014], [156.88354560000005, 50.7189312000001], [156.94762750000007, 50.755033600000104], [157.01438589999998, 50.80107110000006], [157.16818710000007, 50.90659410000012], [157.34520670000018, 51.011344100000144], [157.4762055000001, 51.06908], [157.52585969999996, 51.09402280000006], [157.677776, 51.20626910000004], [157.731097, 51.24190880000015], [157.871683, 51.33219229999992], [157.9240682000002, 51.35675730000014], [157.99643240000023, 51.409643900000106], [158.04786610000008, 51.43528420000007], [158.15107280000018, 51.49674049999999], [158.189453, 51.53028160000002], [158.2648554, 51.614668700000095], [158.3729032000001, 51.6953676], [158.42487290000008, 51.758434], [158.54463250000015, 51.85263370000007], [158.58032320000018, 51.8975249], [158.60360990000015, 51.95490120000005], [158.69342010000003, 52.06798889999999], [158.78069930000004, 52.14892660000015], [158.82037470000012, 52.180165600000066], [158.87191480000013, 52.25163550000002], [158.89878910000004, 52.37778000000014], [158.85860360000004, 52.531681900000024], [158.88418509999997, 52.582921699999986], [158.91837340000006, 52.63849740000006], [158.93997000000013, 52.708398900000134], [159.000375, 52.77376220000002], [159.06263910000007, 52.82049680000006], [159.0996755000001, 52.85837990000016], [159.21415420000005, 52.91782540000014], [159.28451780000012, 52.943406700000025], [159.43002390000004, 52.95316870000005], [159.72263150000003, 52.969350500000075], [159.7802107, 52.94134830000007], [159.85546920000002, 52.91829800000016], [159.95489020000002, 52.900657600000045], [160.01623760000018, 52.896664900000076], [160.0918216, 52.900364100000104], [160.16523630000006, 52.91394400000013], [160.22373920000007, 52.933242400000154], [160.27470620000008, 52.959217500000136], [160.31607169999995, 52.990823900000066], [160.36673380000013, 53.061357900000075], [160.3876603, 53.1096174], [160.38944790000005, 53.17164], [160.35612620000006, 53.3108684], [160.29908820000003, 53.38921970000001], [160.28739570000016, 53.465714100000014], [160.29154920000008, 53.57222050000007], [160.2850142000001, 53.643487200000095], [160.26202220000005, 53.70519410000014], [160.1943857, 53.82878910000011], [160.2307962000001, 53.90075609999997], [160.262243, 53.940359900000146], [160.2937751999999, 53.9890264], [160.41030100000012, 54.08738910000005], [160.46647940000014, 54.11166120000013], [160.55139280000003, 54.159291900000085], [160.65747880000015, 54.23963680000003], [160.80008010000006, 54.31253330000004], [160.89891840000018, 54.34886540000008], [161.04894480000007, 54.32942150000014], [161.11535179999998, 54.3025235], [161.18140180000023, 54.28712159999998], [161.25144160000013, 54.28001820000003], [161.5441849, 54.268018300000165], [161.615139, 54.26933570000011], [161.68411549999996, 54.27918010000013], [161.85199840000007, 54.31503480000009], [161.90710160000015, 54.33378120000009], [161.95534, 54.35816580000005], [162.11362080000015, 54.470784600000115], [162.161202, 54.4907447], [162.23255490000008, 54.529951900000015], [162.29215169999998, 54.56736260000008], [162.3830431, 54.6117991000001], [162.42775330000006, 54.64383650000002], [162.46124580000014, 54.68201740000006], [162.48229780000008, 54.730737600000054], [162.50094780000006, 54.817015400000116], [162.49901980000004, 54.87091090000007], [162.47498530000007, 54.928265200000055], [162.4385281000002, 54.96711640000012], [162.28744030000007, 55.10853440000005], [162.1428174, 55.23068030000002], [162.11916530000008, 55.277616700000124], [162.10100350000016, 55.338280100000134], [162.0917882, 55.41134440000002], [162.09422589999997, 55.48521170000009], [162.10893390000012, 55.5424761000001], [162.13338250000004, 55.5905957], [162.21298179999997, 55.66860820000005], [162.26223280000022, 55.7328647], [162.2960237000001, 55.8000131], [162.35120430000018, 55.864259600000025], [162.39391850000015, 55.92614689999988], [162.4388888000002, 55.9590495], [162.533388, 55.94146870000003], [162.60172980000004, 55.902711200000056], [162.67383059999997, 55.87196750000004], [162.74483170000008, 55.84598760000006], [162.90526750000004, 55.81603730000012], [162.9655477, 55.808279], [163.06830720000016, 55.80676370000003], [163.13974810000002, 55.81264870000007], [163.20763320000003, 55.826524], [163.26918130000013, 55.8478225], [163.32185960000004, 55.875672099999974], [163.49655770000004, 55.9887313000001], [163.58841400000017, 56.029093900000134], [163.64021409999998, 56.05831420000004], [163.6802815000001, 56.09284480000002], [163.71476610000002, 56.151365], [163.7113528, 56.28540360000011], [163.7056361000001, 56.36664960000013], [163.67146230000014, 56.422947500000134], [163.63770540000007, 56.4969167000001], [163.63328060000003, 56.5591811000001], [163.64980509999998, 56.692061100000046], [163.63402220000012, 56.74716880000011], [163.58938950000004, 56.80918860000014], [163.5333370000002, 56.86045060000015], [163.47544950000008, 56.89118340000016], [163.21594990000017, 57.056653500000095], [163.1938288, 57.12635100000011], [163.1479021, 57.1978866], [163.22302319999994, 57.2910817], [163.2916067, 57.31306810000001], [163.3418382000002, 57.334168600000055], [163.40670409999996, 57.374711599999955], [163.44655940000018, 57.41563310000009], [163.53636460000018, 57.48068370000004], [163.57068470000013, 57.51724530000001], [163.66962439999998, 57.65109789999997], [163.69407750000005, 57.70794240000009], [163.97469330000013, 58.464244399999984], [164.0212249000001, 58.489049200000125], [164.11789440000018, 58.526011400000016], [164.20400719999998, 58.556849500000055], [164.2800552000001, 58.592894], [164.4308318000002, 58.62634740000004], [164.4812217, 58.64145310000009], [164.60311890000003, 58.66429700000015], [164.69187850000003, 58.66894410000009], [164.76658580000014, 58.6801329], [164.83548930000006, 58.6989054], [164.91953190000004, 58.7340226], [164.98915690000013, 58.77842580000009], [165.03693620000013, 58.8175263], [165.08049830000004, 58.8824464], [165.11645539999995, 59.00477460000013], [165.112183, 59.08333879999998], [165.07904980000012, 59.13503760000009], [165.013506, 59.234203300000104], [165.31470260000003, 59.3907938000001], [165.89425060000008, 59.632676300000014], [165.94717950000017, 59.6194048000001], [166.0107429000002, 59.60770890000015], [166.0942245000001, 59.60026030000006], [166.36710100000016, 59.61435970000008], [166.44006490000004, 59.6259389], [166.51552960000015, 59.64649620000006], [166.57056380000006, 59.66878139999989], [166.65571309999996, 59.717789900000014], [166.69909930000006, 59.7515201], [166.73876289999998, 59.7888034], [166.86965190000012, 59.864813300000094], [166.97422200000017, 59.93003880000015], [167.0455423000002, 59.9707833], [167.08982130000004, 60.0027296], [167.15734370000007, 60.0694636], [167.28232600000013, 60.13275950000008], [167.41785400000015, 60.162576899999976], [167.5585285000002, 60.198571100000095], [167.60864060000017, 60.213403800000094], [167.6578981, 60.23047740000004], [167.9655097000001, 60.29073609999995], [168.10847610000008, 60.3330176], [168.20865790000016, 60.358738], [168.30441980000012, 60.382188], [168.530301, 60.36030130000006], [168.61680820000015, 60.3472387], [168.70062380000002, 60.3414049000001], [168.77924759999996, 60.3438263000001], [168.96238370000003, 60.361909900000114], [169.116634, 60.351693299999965], [169.20822180000016, 60.32578110000003], [169.38260530000002, 60.231086099999914], [169.4212778000001, 60.18135060000009], [169.51613670000006, 60.089791800000114], [169.56897820000006, 60.02407520000014], [169.60386470000003, 59.98009930000006], [169.65623060000007, 59.94183050000004], [169.82043270000008, 59.8438198], [169.87071460000004, 59.81843770000006], [169.92913270000008, 59.79796920000007], [170.04626640000015, 59.76157260000008], [170.13072050000005, 59.7402722], [170.2195633, 59.729085], [170.30132320000018, 59.726403600000026], [170.38243940000018, 59.73224320000003], [170.46126290000018, 59.74401419999998], [170.55219210000007, 59.763303300000075], [170.62258640000005, 59.78337220000009], [170.68009830000005, 59.80836280000011], [170.74744220000002, 59.850602800000104], [170.80947250000008, 59.915802], [170.85109490000002, 60.01108160000007], [170.86270930000023, 60.07681000000014], [171.03190760000007, 60.2046307], [171.12253240000007, 60.30138440000013], [171.20861980000018, 60.3347761], [171.40208940000002, 60.38176130000005], [171.4931997000001, 60.41369179999998], [171.6164841000001, 60.44704070000006], [171.6728584, 60.46853410000011], [171.89877030000014, 60.56767030000003], [171.94928249999998, 60.594207900000015], [172.05812420000018, 60.63404960000014], [172.17156260000002, 60.643354400000135], [172.24848800000018, 60.657044400000075], [172.34811, 60.686818], [172.41003540000008, 60.7150175000001], [172.45496449999996, 60.74471060000002], [172.5187013000001, 60.8052763], [172.585487, 60.82932780000016], [172.64630010000008, 60.845008100000086], [172.74278270000013, 60.88491740000012], [172.7996018, 60.917433500000016], [172.95130870000003, 61.02607830000011], [173.2086372000001, 61.116936099999975], [173.28061950000017, 61.15225460000016], [173.4521807000002, 61.24571520000012], [173.557544, 61.28811380000002], [173.62331030000018, 61.32308810000012], [173.74667190000002, 61.38328339999998], [174.0850478000002, 61.48425390000011], [174.23788939999997, 61.537798399999986], [174.30216610000002, 61.56585270000005], [174.4351478000002, 61.60514610000013], [174.55144070000017, 61.61026960000004], [174.64541450000013, 61.620389100000125], [174.76629490000005, 61.64130160000008], [174.91948250000019, 61.67779030000008], [174.98962440000003, 61.70004490000008], [175.13886240000022, 61.774476500000105], [175.2310169000001, 61.78976039999992], [175.39393760000019, 61.82675970000008], [175.46832050000012, 61.8486034], [175.53615380000008, 61.87652430000003], [175.67090180000002, 61.94454520000005], [175.76973969999995, 61.9771495], [175.91498590000026, 62.01609740000009], [175.98725220000017, 62.03331390000011], [176.05881090000003, 62.048067500000116], [176.2092884000001, 62.0760659], [176.3419179000001, 62.0905], [176.4291591000001, 62.105176], [176.53292630000033, 62.1315421], [176.62961110000026, 62.168823], [176.67504930000018, 62.192539300000135], [176.71991939999998, 62.2214982000001], [176.82851960000028, 62.26105800000016], [177.04413179999995, 62.31617460000007], [177.18865390000008, 62.34195520000014], [177.40516620000017, 62.35712890000008], [177.55265640000016, 62.359881], [177.6259296000003, 62.35904929999998], [177.71375660000024, 62.3552985], [177.82715959999996, 62.345483700000045], [178.15240310000002, 62.27636030000008], [178.68174850000003, 62.182237600000065], [178.79929300000015, 62.130427100000134], [178.8579714000001, 62.10869029999998], [178.9255277000002, 62.091487], [179.04216369999995, 62.076444200000026], [179.1296569, 62.07501410000003], [179.22487620000015, 62.08309310000004], [179.28866300000016, 62.09367140000006], [179.39868650000028, 62.12351210000014], [179.4594787000001, 62.147636400000124], [179.53156360000014, 62.19347290000013], [179.5760299000001, 62.23771659999994], [179.7077314999999, 62.35212060000009], [179.76027850000003, 62.37983070000013], [179.81741610000006, 62.42605580000014], [179.9378221000003, 62.50134960000008], [180.0, 62.554557899999814], [180.0, 62.875905000000465], [179.9439175, 62.938426], [179.8867067, 63.15016770000011], [179.844171, 63.20790470000014], [179.73676320000004, 63.27983490000014], [179.64314430000013, 63.3359041], [179.595302, 63.35626840000009], [179.51720390000025, 63.385015900000155], [179.3829621000002, 63.4380686], [179.33139470000015, 63.48379190000003], [179.29051929999991, 63.527363200000025], [179.24505310000018, 63.66961340000012], [179.22993730000007, 63.76520010000007], [179.1803476, 63.895472], [179.12553960000002, 64.02305220000011], [179.09083280000004, 64.08426880000007], [179.0553728000001, 64.1214005], [178.9851466, 64.17352860000011], [178.88986910000017, 64.27116580000012], [178.84581730000002, 64.32313470000003], [178.9362337, 64.4288987000001], [179.06588150000005, 64.46856620000005], [179.1491983000002, 64.49773040000008], [179.2171065, 64.52399340000011], [179.30068460000007, 64.56088060000002], [179.39568270000007, 64.58352430000002], [179.55518150000012, 64.59392930000013], [179.6310515, 64.60180609999992], [179.69618300000025, 64.61203400000011], [179.773212, 64.63054700000015], [179.8361821000002, 64.65271920000004], [179.88334020000013, 64.674046], [179.96521600000028, 64.72791860000001], [180.0, 69.28950910000013], [179.81967480000003, 69.36523930000004], [179.7396655, 69.3922308000001], [179.42727300000013, 69.48146810000003], [179.2191679, 69.53705610000009], [179.06987720000006, 69.57303900000011], [178.83562949999998, 69.61682250000007], [178.7351685000001, 69.63215020000001], [178.59902539999996, 69.6478929000001], [178.5190540000002, 69.65398520000008], [178.4168769999999, 69.65797079999999], [178.32672990000003, 69.65817220000014], [178.22089870000025, 69.65480890000003], [178.10025320000022, 69.68118329999999], [177.98343720000014, 69.71458240000015], [177.8583675000002, 69.74620470000002], [177.79972859999998, 69.7590558], [177.74286730000028, 69.76885820000012], [177.6660952000002, 69.7801149], [177.5709498000001, 69.7915175], [177.46778100000017, 69.79857629999998], [177.37135320000004, 69.80195510000016], [177.30556709999996, 69.80265240000011], [177.1502296000001, 69.82302140000002], [177.01558239999997, 69.84991190000011], [176.87874010000007, 69.8800814], [176.79291750000027, 69.89802170000007], [176.70350050000002, 69.93535440000011], [176.60310359999994, 69.9894534], [176.50481990000026, 70.02506940000012], [176.4419931000001, 70.040514], [176.3411454000002, 70.05920220000002], [176.28155860000004, 70.06686950000011], [176.1934897, 70.07420119999989], [176.12815030000013, 70.07686910000001], [176.0642315, 70.07720050000012], [175.99668390000022, 70.07523110000005], [175.9357295000001, 70.07139440000003], [175.82545140000025, 70.0774528], [175.717187, 70.07754620000009], [175.65635280000026, 70.07529560000006], [175.56643459999998, 70.06905670000003], [175.37912280000023, 70.06114430000014], [175.1117488000002, 70.0399205], [175.04284640000003, 70.04276040000013], [174.92013230000032, 70.04054140000005], [174.79008060000024, 70.04014720000009], [174.687679, 70.04017140000013], [174.63598720000027, 70.04419350000006], [174.56728320000002, 70.05833230000002], [174.47534220000023, 70.0731849], [174.32360130000006, 70.09122530000002], [174.2140455000001, 70.10171320000006], [174.11222080000005, 70.10781160000016], [173.56854, 70.13068390000007], [172.88827030000016, 70.17862900000011], [172.82108260000018, 70.1821124], [172.7531488000002, 70.18292180000003], [172.68540030000008, 70.181046], [172.61876590000008, 70.17651080000002], [172.55415760000017, 70.16937839999997], [172.46694600000012, 70.15446380000014], [172.39699359999997, 70.16147180000002], [172.29223660000002, 70.16898170000002], [172.2044453000001, 70.17302419999999], [172.11946480000006, 70.17464719999998], [172.0609419, 70.17954050000003], [171.86777640000003, 70.2065331], [171.79835430000003, 70.21235910000013], [171.70349370000008, 70.22856150000007], [171.59117290000017, 70.24405090000005], [171.45456890000014, 70.2534121000001], [171.33047890000023, 70.25652250000007], [171.26713530000006, 70.26696150000015], [171.1005427, 70.28365920000005], [170.9915165, 70.28773480000012], [170.90024970000002, 70.28650720000013], [170.7998493, 70.305764], [170.70937359999994, 70.31680390000014], [170.613532, 70.32306970000002], [170.51591540000004, 70.32390080000005], [170.343753, 70.31418610000003], [170.24125279999998, 70.30391320000007], [170.14604280000003, 70.28754740000005], [170.0498470000001, 70.2639671], [169.97132190000013, 70.23589740000006], [169.9104632000001, 70.20321970000009], [169.86682990000008, 70.16774780000003], [169.534963, 70.10460629999994], [169.4637924, 70.11686860000009], [169.3384036000001, 70.13314290000011], [169.2411426, 70.14188830000006], [169.15832740000008, 70.14615630000003], [168.97884820000013, 70.16284870000004], [168.88514590000023, 70.18632800000012], [168.81846840000014, 70.20157710000007], [168.74619389999998, 70.2135788000001], [168.68758330000003, 70.22046090000003], [168.56967580000003, 70.2301528000001], [168.44144570000003, 70.23300230000001], [168.3562770000002, 70.22958950000003], [168.2911037, 70.22398610000005], [168.10058000000015, 70.20144640000012], [168.01447330000008, 70.19390720000001], [167.93215940000005, 70.182535], [167.86646710000002, 70.17057610000012], [167.80923790000008, 70.15803], [167.69265430000007, 70.124557], [167.61089349999997, 70.09420020000016], [167.50016870000002, 70.04875870000012], [167.42245690000016, 70.01124740000006], [167.3186114, 69.94375430000002], [167.25006770000005, 69.88742410000003], [167.18945540000016, 69.84848050000011], [167.02771530000007, 69.78437910000002], [166.94935069999997, 69.75042910000013], [166.8391746000001, 69.70743240000007], [166.76512230000003, 69.71184040000009], [166.67418940000016, 69.71266840000004], [166.57792610000013, 69.70852070000007], [166.52139310000018, 69.70361510000004], [166.4688993000002, 69.69720110000014], [166.32216200000016, 69.70412220000009], [166.17370010000002, 69.73426290000015], [166.092337, 69.74707280000007], [165.9583689000001, 69.76293150000004], [165.8771918000001, 69.76850480000002], [165.78022420000002, 69.7712987000001], [165.65219180000008, 69.77169009999994], [165.52786530000014, 69.76971410000004], [165.46195910000006, 69.77698130000005], [165.38437940000017, 69.78326240000001], [165.2945178000001, 69.788637], [165.23285770000007, 69.78960160000014], [165.15910680000002, 69.78783360000006], [165.0991964000001, 69.78408889999997], [165.0043405, 69.77448549999997], [164.88988000000018, 69.76094580000006], [164.81109860000004, 69.76596640000014], [164.71523100000013, 69.79392779999995], [164.66289810000012, 69.83321770000009], [164.60609020000004, 69.8617245000001], [164.549809, 69.88506070000005], [164.46983090000003, 69.90874350000007], [164.3973135000001, 69.92426420000015], [164.30130240000017, 69.9380402000001], [164.18159820000005, 69.9480029], [164.08122330000003, 69.9524171], [163.9341889000001, 69.95161960000013], [163.85390330000007, 69.945981], [163.79491760000008, 69.93921250000011], [163.72533220000014, 69.92818840000012], [163.66325140000004, 69.91498690000009], [163.61145469999997, 69.90099750000007], [163.47092900000018, 69.8970592], [163.41476350000016, 69.90143350000011], [163.34706, 69.90408710000008], [163.25339129999998, 69.90381380000002], [163.13702820000003, 69.8983275], [163.0177284, 69.88863340000006], [162.9470682000001, 69.87864670000016], [162.84933600000022, 69.857992], [162.7635265, 69.8611921000001], [162.69840080000006, 69.86698450000011], [162.63174080000022, 69.8701173], [162.5644681000001, 69.87054710000001], [162.45121140000015, 69.87558520000016], [162.38131090000002, 69.87789690000011], [162.30074780000018, 69.87637410000002], [161.79372080000007, 69.87795420000003], [161.1906335, 69.88876140000002], [160.65429310000002, 69.92273120000016], [160.5374895000001, 70.09912350000002], [160.599312, 70.13699020000013], [160.64198380000005, 70.17178060000015], [160.67650879999997, 70.21478220000006], [160.67579220000016, 70.29576140000006], [160.6405466, 70.36632590000005], [160.6124781000002, 70.40960760000007], [160.53434960000016, 70.50563109999996], [160.4936735000001, 70.54724760000005], [160.4284603000002, 70.6029289], [160.49695670000017, 70.59807320000004], [160.5745369000001, 70.59562410000007], [160.80473910000012, 70.59845870000015], [160.87339810000003, 70.60250930000007], [160.94097309999995, 70.60905290000005], [161.0051853, 70.6179037], [161.0716407, 70.63036179999995], [161.12644050000017, 70.57213470000005], [161.19853680000006, 70.53474080000012], [161.30207600000017, 70.50124160000007], [161.3658713000001, 70.48705609999996], [161.434497, 70.47568730000006], [161.5068477000001, 70.46731710000012], [161.58176320000007, 70.46207930000003], [161.65804600000013, 70.46005740000004], [161.76054139999997, 70.4609393], [161.86326960000008, 70.46697760000012], [161.924168, 70.47434590000012], [162.01803310000003, 70.4524239000001], [162.08467880000012, 70.44085010000015], [162.13884190000022, 70.43334260000017], [162.19491140000014, 70.42763530000008], [162.2523589, 70.42378180000009], [162.36834320000003, 70.42061570000016], [162.4779874000002, 70.42293080000002], [162.53585080000016, 70.42695040000007], [162.59656819999998, 70.43346280000014], [162.65301780000016, 70.43705060000002], [162.770757, 70.4537257], [162.87541590000012, 70.47835170000008], [162.9622439000002, 70.50982380000016], [163.01454520000004, 70.53480900000011], [163.06274040000017, 70.56691460000019], [163.09902650000015, 70.61105580000003], [163.09405240000012, 70.68083650000005], [163.0340294, 70.73675220000001], [162.9437868, 70.77851730000015], [162.88167590000012, 70.797628], [162.82841210000004, 70.81039620000007], [162.75174270000002, 70.8242922], [162.6697011000001, 70.8343877000001], [162.51508890000002, 70.84735819999997], [162.44454540000015, 70.85109280000006], [162.37743600000022, 70.852203], [162.2744037, 70.85045409999998], [162.22357380000005, 70.88940220000006], [162.16889330000015, 70.94680930000015], [162.12622000000022, 70.97932770000011], [162.06645179999998, 71.00886270000012], [161.98813430000007, 71.04460319999998], [161.938701, 71.06460890000005], [161.8562207, 71.08904110000009], [161.761292, 71.10819219999996], [161.65708930000005, 71.12141550000001], [161.56240930000013, 71.1278216], [161.4553863000001, 71.1296326000001], [161.34458960000018, 71.1260206], [161.24013349999996, 71.11646629999996], [161.17698530000018, 71.108345], [161.11801860000003, 71.09847050000013], [161.0627376, 71.08658290000011], [161.00898690000008, 71.07197760000014], [160.7810982000002, 71.09186970000002], [160.7158667, 71.10022490000017], [160.63083230000007, 71.10717860000017], [160.50170020000007, 71.1130961], [160.4217205000001, 71.113479], [160.32204230000013, 71.10915460000001], [160.2418407, 71.10174110000003], [160.15618540000014, 71.08944639999987], [160.07143250000001, 71.07180240000002], [160.007388, 71.05359310000006], [159.95182340000008, 71.03267039999997], [159.88487570000007, 70.99586640000001], [159.84410950000017, 70.95707880000003], [159.82124740000006, 70.90355210000007], [159.74194420000015, 70.91837750000013], [159.57399540000006, 70.9641534000001], [159.41988650000008, 71.00310970000015], [159.3081566000002, 71.02820340000005], [159.1255337, 71.0639844000001], [159.024684, 71.08078310000002], [158.9160091, 71.10413380000011], [158.8300802000001, 71.11645530000015], [158.77342750000003, 71.12708120000002], [158.67439809999996, 71.14240160000003], [158.31559000000016, 71.1826795], [158.22668250000015, 71.1906775999999], [157.97203409999997, 71.21786860000014], [157.787553, 71.22899710000007], [157.701118, 71.23551859999998], [157.64011090000008, 71.2381767], [157.55230910000012, 71.2467], [157.38168180000014, 71.257312], [157.25912930000004, 71.26652620000016], [157.06215880000013, 71.27495780000004], [156.70393219999994, 71.27508310000007], [156.60477360000016, 71.273228], [156.517851, 71.26884260000014], [156.4067811000001, 71.26718080000012], [156.15716780000002, 71.27583350000003], [156.07220800000016, 71.27620889999997], [155.8953957, 71.2727999], [155.75383920000013, 71.26653680000015], [155.6440295, 71.2587516000001], [155.5108411000001, 71.24650050000002], [155.39844410000012, 71.23255660000007], [155.20453250000014, 71.2186496000001], [154.97074930000008, 71.20513139999997], [154.65749640000013, 71.17956650000002], [154.59483220000004, 71.17268739999997], [154.40871519999996, 71.15633560000009], [154.33236310000018, 71.1506399000001], [154.1822370000002, 71.135155], [153.97227270000008, 71.10953040000004], [153.8121953000001, 71.0870124000001], [153.71919320000006, 71.0782989], [153.61163650000015, 71.06349690000008], [153.5335897000001, 71.0625278], [153.38364520000005, 71.05531440000004], [153.04451180000012, 71.025197], [152.9845689, 71.0186356000001], [152.89977880000015, 71.0152844000001], [152.81215050000014, 71.01745670000008], [152.66480000000013, 71.112077], [152.27763330000016, 71.36388560000012], [152.15489980000018, 71.43341040000007], [151.67495050000002, 71.68071970000011], [151.60910190000004, 71.70457070000003], [151.48971430000006, 71.7334545], [150.8319468000002, 71.81614970000004], [150.74672250000003, 71.9051419000001], [150.67769950000013, 71.99730040000014], [150.59802760000002, 72.05531209999998], [150.48412170000006, 72.12190190000013], [150.3614056, 72.17416889999998], [150.1942742000001, 72.23329350000006], [149.99513960000002, 72.29341410000012], [149.89270450000004, 72.31901170000015], [149.79904670000008, 72.33987159999998], [149.73657000000014, 72.3521151], [149.49837350000018, 72.39204769999998], [149.2816573, 72.41949329999994], [149.0438742, 72.44435770000007], [148.8943131000001, 72.4702234], [148.80292620000012, 72.48384720000001], [148.6216618000002, 72.50558890000002], [148.5161376000001, 72.51485070000001], [148.44354309999994, 72.51802650000002], [148.300537, 72.518045], [148.10633620000021, 72.52249510000013], [147.94667819999995, 72.516741], [147.7826408000002, 72.5235778], [147.61505320000003, 72.52664040000008], [147.402366, 72.5228557000001], [147.31472110000004, 72.51915140000006], [147.1992345, 72.51164110000002], [146.60939480000013, 72.61850060000012], [146.51955429999998, 72.63159850000011], [145.72078950000014, 72.71597820000011], [145.13110640000002, 72.76897420000006], [144.38142630000016, 72.84060340000008], [144.32036290000008, 73.22036400000013], [144.30378930000018, 73.44848820000004], [144.24583740000014, 73.515916], [144.17444610000007, 73.55905050000013], [144.0871363000001, 73.60464279999997], [144.03366649999998, 73.64099090000008], [143.92731970000023, 73.68795660000006], [143.7701962, 73.74775530000016], [143.67708260000018, 73.77628870000007], [143.58370960000002, 73.79921810000008], [143.44415340000012, 73.8448916000001], [143.35021000000017, 73.86803050000009], [143.27546180000002, 73.90049380000005], [143.19008570000005, 73.9311067000001], [143.12307420000002, 73.95191010000008], [142.98350370000003, 73.98390760000007], [142.88983350000012, 74.002602], [142.77566460000003, 74.0191954], [142.6506720000001, 74.0321808000001], [142.58565540000006, 74.04933840000007], [142.48432460000015, 74.071405], [142.3962478000002, 74.08578210000002], [141.83771910000007, 74.19494910000014], [141.80210410000007, 74.25979819999992], [142.95606680000003, 74.62195589999999], [144.12166190000005, 74.70451790000004], [144.17775630000006, 74.70928290000012], [144.28501570000003, 74.72214810000003], [144.38361240000006, 74.73919870000003], [144.51020010000002, 74.77172240000004], [145.0027301, 74.92922150000004], [145.06838920000007, 74.952878], [145.18857720000005, 74.986645], [145.2758596000001, 75.00623210000015], [145.38537760000008, 75.04249450000003], [145.46284130000015, 75.08440050000013], [145.5557612, 75.08799970000001], [145.6651237000001, 75.05406920000013], [145.763925, 75.02697890000007], [145.8371591, 75.00985429999997], [145.95651570000018, 74.98878330000008], [146.04243680000002, 74.9775136], [146.12769150000008, 74.96915070000011], [146.20493780000015, 74.95427160000003], [146.28080010000008, 74.94341650000001], [146.4353794000001, 74.90835150000004], [146.49290950000022, 74.88925410000002], [146.57931610000003, 74.86593180000011], [146.67374380000012, 74.84523030000003], [146.7742012, 74.82826140000009], [146.99226240000007, 74.80091670000007], [147.05492490000006, 74.79406080000001], [147.18903130000012, 74.78386990000007], [147.31663130000004, 74.74731720000011], [147.41501690000018, 74.70357810000007], [147.4802407000002, 74.684723], [147.58253430000002, 74.65201310000003], [147.63803240000004, 74.63906070000002], [147.7985738000001, 74.61012830000016], [147.9662443000002, 74.58802209999999], [148.08983250000017, 74.57624850000002], [148.2075989, 74.567923], [148.5180905000002, 74.54428170000006], [148.60614329999999, 74.5395082], [148.69639530000018, 74.53709440000011], [148.76827260000005, 74.53693920000006], [148.84599760000015, 74.53203049999996], [148.9376092, 74.52918279999989], [149.06747560000008, 74.52777840000005], [149.18921840000007, 74.52822570000012], [149.29457910000008, 74.530795], [149.52553920000003, 74.5450305], [149.7312141, 74.55119250000007], [149.8599091000001, 74.56222810000008], [150.06051660000014, 74.58254719999996], [150.1685629000001, 74.6036547999999], [150.36257080000007, 74.628608], [150.59624080000003, 74.64627010000004], [150.77905769999995, 74.66562670000002], [150.84859640000002, 74.67018030000003], [150.94527830000004, 74.6796725000001], [151.06260280000004, 74.696823], [151.14849060000017, 74.71439090000001], [151.21483780000005, 74.73191430000003], [151.28399260000015, 74.75562890000003], [151.3406605, 74.78230030000003], [151.4049989, 74.84083240000012], [151.4574526, 74.92489760000007], [151.5017692, 74.96247920000002], [151.62067550000006, 75.01834880000013], [151.67648780000002, 75.04523580000006], [151.72921860000008, 75.08887490000012], [151.73504370000012, 75.15699780000006], [151.6822337000001, 75.2069942], [151.56847060000018, 75.25728130000005], [151.48167880000005, 75.28129530000012], [151.36405350000007, 75.30509209999997], [151.24159040000006, 75.32285], [151.15549810000016, 75.3316486999999], [151.04225310000015, 75.33956669999992], [150.3278497, 75.39874679999997], [150.2241173, 75.4043206], [150.0462705, 75.4102276000001], [149.9791348, 75.42049850000012], [149.89740830000005, 75.43000180000001], [149.60358770000005, 75.45444230000004], [149.0112861, 75.53857960000005], [148.9190679000002, 75.55236990000009], [148.80651020000005, 75.57171970000007], [148.72314230000006, 75.58234240000007], [148.5872220000001, 75.59401960000008], [148.47634930000004, 75.59968800000013], [148.35932110000022, 75.60174570000004], [148.18716200000017, 75.599093], [148.10326740000016, 75.6085394000001], [147.9984436000002, 75.61718990000014], [147.12335600000017, 75.71822290000011], [147.0470954, 75.73671200000013], [146.9859649, 75.74877760000015], [146.92029390000005, 75.75931630000008], [146.80185540000002, 75.7732759000001], [146.69802560000005, 75.78166750000008], [146.58446650000008, 75.78700110000011], [146.46893840000018, 75.78826980000014], [146.35387390000005, 75.785447], [146.2260080000002, 75.77789460000002], [146.11180079999997, 75.76696430000015], [146.00579349999998, 75.75188679999997], [145.9074167000001, 75.7331309000001], [145.8233947, 75.71186520000009], [145.63842590000002, 75.75256030000014], [145.41540129999998, 75.7892187000001], [145.34098670000014, 75.81412990000018], [145.24187300000017, 75.83890460000015], [145.17846070000007, 75.85166320000008], [145.1031147, 75.86469790000018], [145.00450660000013, 75.87791310000006], [144.9136479, 75.88701170000007], [144.8037313000002, 75.89475110000006], [144.6526408000002, 75.93563060000008], [144.52797930000008, 75.96191310000006], [144.3043643000001, 75.9961295], [144.0957502, 76.02115170000002], [143.947894, 76.0353318], [143.81393150000008, 76.04442060000008], [143.6728482000001, 76.05046810000005], [143.58723680000003, 76.0516199000001], [143.44734290000008, 76.04997880000008], [143.3529278000002, 76.04636350000004], [143.22760260000007, 76.03841860000011], [143.1046586000001, 76.02622070000001], [143.04952419999995, 76.04971960000012], [142.9416519, 76.08701410000015], [142.83988990000012, 76.11581279999996], [142.73595080000007, 76.13854659999998], [142.56716519999998, 76.19425970000009], [142.46092410000006, 76.23122010000003], [142.374981, 76.25287670000006], [142.2619747, 76.2744007], [142.16647780000005, 76.28810930000009], [142.06546750000018, 76.29898140000006], [141.959624, 76.32251540000004], [141.81390820000013, 76.34642440000016], [141.69105300000012, 76.35981360000005], [140.7587122000001, 76.47757890000014], [140.60967719999996, 76.4901187000001], [140.50580430000002, 76.49475110000009], [140.30369140000016, 76.4957581000001], [140.17869610000002, 76.49134990000005], [138.94688170000006, 76.39938640000014], [138.764744, 76.39962830000007], [138.586997, 76.39149310000005], [138.42406140000014, 76.378845], [138.3452387000002, 76.37073550000008], [138.14847429999998, 76.34217270000005], [138.02554220000013, 76.31998450000009], [137.97075389999998, 76.30769530000003], [137.89859520000005, 76.29904460000017], [137.78625030000012, 76.28261930000002], [137.69855560000008, 76.26558460000012], [137.61524840000004, 76.24487670000002], [137.55295210000008, 76.22683670000009], [137.50168770000005, 76.2084640000001], [137.3252466, 76.17325710000011], [137.22696230000008, 76.16066590000014], [137.11906080000006, 76.14193130000012], [137.0366904000001, 76.1226532], [136.9600236, 76.10101370000012], [136.813321, 76.05314950000002], [136.76061660000016, 76.0309898000001], [136.6553785000001, 75.96523780000001], [136.62340640000002, 75.92236240000005], [136.57005349999997, 75.872704], [136.52211460000012, 75.9294157000001], [136.4254836, 75.98042670000012], [136.35568880000017, 76.00293269999997], [136.27328590000013, 76.02281380000005], [136.179912, 76.03966340000011], [136.07744930000013, 76.05313530000012], [135.9799157000001, 76.06218630000006], [135.8480198000002, 76.06932280000007], [135.7410689000002, 76.07129510000004], [135.60397, 76.06893610000009], [135.47049490000018, 76.06108450000005], [135.371965, 76.0515451], [135.3220335000001, 76.04532769999997], [135.20908550000001, 76.02697389999997], [135.11045320000005, 76.00435510000005], [135.0288154000001, 75.97810290000007], [134.9443791, 75.93485210000011], [134.90318100000013, 75.90383950000012], [134.86488370000006, 75.85685990000002], [134.87631069999998, 75.802249], [134.79726510000012, 75.6852631000001], [134.81272550000017, 75.62914370000016], [134.81947660000003, 75.5483339000001], [134.72060390000013, 75.48895319999997], [134.70816350000007, 75.41990249999998], [134.7321297000001, 75.35666160000005], [134.77285030000007, 75.3151911], [134.85186010000018, 75.27075310000004], [134.91219710000007, 75.24849760000018], [134.98296520000008, 75.22825890000001], [135.0924996, 75.2053787000001], [135.20802200000014, 75.1884285000001], [135.35521820000008, 75.1746285000001], [135.4251068000002, 75.17029009999999], [135.50617130000012, 75.1672668000001], [135.73263780000013, 75.164335], [135.8487087000002, 75.16662630000008], [135.93224250000003, 75.17083329999997], [136.0331476, 75.17794770000012], [136.15123640000013, 75.18844209999997], [136.21532550000006, 75.19583940000007], [136.27107290000015, 75.16100360000007], [136.3211625, 75.13703350000009], [136.37308230000008, 75.11650860000003], [136.4381717, 75.0841527], [136.54745630000014, 75.019459], [136.6357554, 74.98382490000012], [136.77054750000013, 74.92614170000013], [136.88599810000017, 74.89762420000011], [136.94821550000017, 74.88564659999992], [137.04203570000004, 74.86184649999996], [137.15272830000004, 74.84197110000002], [137.23063050000007, 74.8031686000001], [137.313908, 74.74837179999997], [137.40077350000013, 74.71204369999992], [137.4758809000001, 74.67530280000005], [137.55937590000008, 74.64109280000014], [137.6496528, 74.6134331], [137.75713410000014, 74.5905562000001], [137.87825020000002, 74.57320780000015], [138.09621940000022, 74.55591770000007], [138.24083050000002, 74.54125090000014], [138.35080010000013, 74.53418360000012], [138.54382950000002, 74.48912240000016], [138.66147050000006, 74.46729780000004], [139.44825420000006, 74.13613790000005], [139.45003770000017, 74.05896], [139.51050469999996, 73.98064890000012], [139.15754990000016, 73.50051], [139.11572760000013, 73.47287380000012], [139.07873750000022, 73.41453020000017], [139.09473830000002, 73.3613214], [139.1636099000001, 73.30834179999994], [139.21888690000014, 73.26743650000009], [139.2859231000001, 73.23503389999996], [139.41601830000002, 73.19304420000009], [139.480902, 73.1791976], [139.92283710000015, 72.9003874], [139.50808070000005, 72.74824630000012], [139.44218530000012, 72.73338880000006], [139.30054740000003, 72.6951651], [139.1756167000001, 72.65660409999998], [139.10473940000008, 72.62579169999998], [139.00722800000017, 72.59025860000003], [138.95522500000015, 72.56504990000002], [138.835538, 72.51840450000003], [138.73897, 72.47460450000017], [138.67337810000004, 72.43931790000016], [138.5985671000002, 72.39304930000009], [138.5518677, 72.35472860000004], [138.51430349999998, 72.31032530000016], [138.2915581000001, 72.12263350000006], [138.17955719999998, 72.09767180000011], [138.0453441000002, 72.05875440000005], [137.94447409999998, 72.01996320000018], [137.8428785000001, 71.96872739999998], [137.2643389000002, 71.812053], [136.1783829000002, 71.85289190000003], [136.06439840000007, 71.85275930000012], [135.88608490000013, 71.84963310000006], [135.69695980000006, 71.84291860000013], [135.48960620000014, 71.82961840000013], [135.42786130000002, 71.82358690000007], [135.33136760000002, 71.81086500000015], [135.1957082, 71.799801], [135.05736580000018, 71.78236460000011], [134.8603342, 71.7529551], [134.67915989999995, 71.7177061000001], [134.6081425000001, 71.70146959999994], [134.56001650000007, 71.68734450000011], [134.41852649999998, 71.63789], [134.28503890000002, 71.59604990000014], [134.2318358, 71.57564280000003], [134.05408039999998, 71.60104519999987], [133.99443370000006, 71.61154240000013], [133.9203847, 71.62794610000009], [133.77829580000002, 71.66849789999998], [133.706083, 71.71549100000016], [133.84010560000002, 71.77213930000016], [133.89273860000014, 71.79847569999998], [133.95627990000014, 71.85713640000006], [133.959255, 71.919047], [133.90079270000012, 71.97825510000013], [133.75876560000006, 72.04409540000006], [133.703438, 72.07329440000018], [133.62683130000016, 72.10176790000008], [133.53738380000004, 72.1256538], [133.43508830000007, 72.1441041], [133.29617530000007, 72.160294], [133.18852190000018, 72.16665919999997], [133.08071170000005, 72.16915300000011], [132.95510480000007, 72.1662536], [132.88537540000004, 72.16197449999999], [132.70167909999998, 72.14590750000002], [132.57296050000014, 72.137992], [132.50482140000008, 72.13034379999993], [132.39957160000006, 72.11403930000006], [132.3139807, 72.09532940000008], [132.23754640000004, 72.0745968999999], [132.1551158000002, 72.04526470000002], [132.09514690000003, 72.01916120000004], [131.9732275, 71.9516772], [131.860724, 71.86081910000013], [131.75775980000014, 71.7944483], [131.6905105000002, 71.7382823000001], [131.5766629000001, 71.61178700000016], [131.42748760000006, 71.35784670000015], [131.3780928, 71.30007710000007], [130.81377880000014, 71.19209880000011], [130.74750110000014, 71.202206], [130.66824810000014, 71.48501460000017], [130.67804920000015, 71.546724], [130.63366889999998, 71.63493360000001], [130.5881065000001, 71.673063], [130.5302299000001, 71.70431010000016], [130.4054916, 71.75139510000008], [130.34240480000017, 71.7674877], [130.24439569999993, 71.79112530000003], [130.28693370000008, 72.2277262], [130.32762960000002, 72.35137980000007], [130.2454619, 73.003972], [130.21616530000006, 73.05440290000007], [130.16559400000017, 73.08987760000002], [130.07815390000007, 73.12926760000005], [129.7670892000001, 73.23567140000017], [128.64821710000012, 73.60872960000006], [128.55293470000004, 73.63368090000006], [128.35102540000014, 73.674439], [128.2575134, 73.68912290000009], [128.18270540000003, 73.69741929999998], [127.97316450000017, 73.71640880000001], [127.81416980000006, 73.724685], [126.312333, 73.86321380000015], [125.46407710000017, 74.03704980000009], [125.39085269999998, 74.057548], [125.32495240000014, 74.07176590000012], [125.0827531, 74.11124770000015], [124.95994330000019, 74.12691030000002], [124.82849629999998, 74.13601200000011], [124.69309540000017, 74.13822790000012], [124.58103230000006, 74.13476560000004], [124.33103110000002, 74.11859950000002], [123.36837579999997, 74.18784620000008], [123.31056230000002, 74.19018280000012], [123.19379140000012, 74.19101390000014], [123.07806240000014, 74.18671789999996], [123.02154390000021, 74.18267739999999], [122.89184550000004, 74.16898510000004], [122.78364450000015, 74.15201660000008], [122.68783670000016, 74.13023], [122.61621070000001, 74.10872660000007], [122.55109860000016, 74.08353120000015], [122.48999270000013, 74.04935660000012], [122.44735290000006, 74.01476170000018], [122.38730239999995, 73.88542640000003], [122.39358120000009, 73.82439310000012], [122.46579230000009, 73.761801], [122.5186827, 73.735564], [122.57065410000007, 73.71608780000008], [122.506193, 73.62908429999987], [122.458016, 73.51519480000002], [122.48420110000018, 73.44552150000004], [122.50972130000014, 73.39169060000012], [122.57291720000012, 73.31187050000005], [122.41253490000008, 73.291638], [122.18043380000017, 73.2786463], [121.8928301000002, 73.2598238000001], [121.794011, 73.251115], [121.70091609999997, 73.23822590000015], [121.6156651, 73.22145240000015], [121.55517020000002, 73.20571410000002], [121.41173720000006, 73.1606137], [121.3429043000001, 73.15870939999996], [121.26234820000013, 73.15387780000009], [121.18180810000001, 73.1465313000001], [121.11625530000015, 73.13802570000013], [121.057968, 73.19647630000003], [120.97133810000003, 73.25069680000007], [120.87140450000004, 73.28510940000007], [120.73281810000015, 73.317347], [120.62408140000014, 73.33458710000008], [120.47469850000016, 73.349743], [120.38746270000013, 73.3627598], [120.25735960000009, 73.3764377], [120.1452888, 73.38249839999997], [120.04796140000008, 73.383399], [119.65748759999997, 73.55297660000008], [119.59428739999998, 73.5915695999999], [119.52072920000012, 73.62223000000012], [119.43775660000017, 73.64881640000004], [119.30628540000009, 73.68185050000005], [119.15747520000014, 73.7113678], [119.07306710000012, 73.72456590000007], [118.8806892, 73.74830190000006], [118.7951428, 73.75564550000001], [118.71496820000016, 73.76000930000009], [118.4270762000001, 73.76493490000013], [118.3502449, 73.76732820000012], [118.23358640000004, 73.77428960000003], [118.1173652, 73.7783184000001], [117.95992690000003, 73.7786582], [117.86034630000017, 73.77567650000003], [117.79305620000002, 73.7715071], [117.67733830000009, 73.7757489], [117.55741130000013, 73.77775629999996], [117.45888730000013, 73.79149389999992], [117.32032410000011, 73.80534040000003], [117.25258880000013, 73.81032060000018], [117.18306570000004, 73.82109690000004], [117.09604440000021, 73.83177320000004], [116.99324769999998, 73.84136920000014], [116.8462816, 73.8583559], [116.7864707, 73.8629044000001], [116.69194660000016, 73.86731459999999], [116.53700850000007, 73.87072530000012], [116.45431650000012, 73.86998370000003], [116.36448340000015, 73.86609650000008], [116.26505320000001, 73.87712049999988], [116.07419219999997, 73.89080159999997], [115.75568050000004, 73.90649190000005], [115.55843190000007, 73.91032680000006], [115.41611720000003, 73.91010820000014], [115.3357394000002, 73.90756640000012], [115.1465177, 73.8958310000001], [114.98675860000003, 73.88101809999995], [114.91212940000003, 73.870866], [114.84102620000021, 73.8585981], [114.75903310000001, 73.83952820000007], [114.62413150000009, 73.8118432], [114.54189940000015, 73.78904689999996], [114.44430350000016, 73.7951045000001], [114.3178868, 73.79797809999997], [114.16971530000012, 73.79446510000008], [114.02518670000018, 73.78696980000007], [113.9424249000001, 73.84073300000011], [113.87572539999996, 73.91624760000008], [113.82069149999995, 73.95636240000005], [113.74241129999996, 73.992024], [113.5911804000001, 74.0344751], [113.6637697000001, 74.0540633], [113.775712, 74.084288], [113.83320480000009, 74.10556480000014], [113.89755930000013, 74.13777249999993], [113.96814310000013, 74.19455390000013], [114.04765580000014, 74.22293060000004], [114.1130277000002, 74.25547660000012], [114.17309380000006, 74.30467090000013], [114.21083430000022, 74.37612160000009], [114.17831150000006, 74.46139610000006], [114.12965240000017, 74.50570540000001], [113.70963930000005, 74.73706560000011], [113.56657, 74.893845], [113.6626963000001, 74.92024520000001], [113.7850708000002, 74.96617420000007], [113.8716932000001, 75.00609980000002], [114.09356260000004, 75.07530879999996], [114.1463963, 75.09357660000012], [114.21916270000008, 75.12326889999997], [114.26711130000001, 75.14705190000012], [114.38482280000017, 75.21228130000014], [114.43345370000009, 75.24967420000019], [114.48695070000008, 75.34035910000011], [114.54367479999996, 75.40521190000004], [114.54774329999998, 75.47227470000007], [114.49155810000013, 75.55139070000007], [114.574729, 75.6475474], [114.63309960000015, 75.68244320000002], [114.70613550000019, 75.75116940000015], [114.7306232000002, 75.80360769999999], [114.7379013000002, 75.9007919], [114.71162290000018, 75.94654740000004], [114.65900639999995, 75.9881741000001], [114.3652939000001, 76.1392103], [114.32443120000005, 76.32600300000013], [114.330027, 76.381317], [114.278058, 76.43705640000002], [114.20543930000008, 76.47781480000015], [114.02707520000013, 76.54473209999998], [113.95356220000019, 76.56632210000004], [113.84478590000015, 76.59097940000004], [113.64829780000002, 76.62720339999998], [113.52401490000011, 76.64471920000011], [113.415421, 76.6554430000001], [113.3301739000002, 76.6965952000001], [113.17646520000005, 76.74464050000012], [113.11474440000018, 76.75950040000004], [112.9886789000002, 76.7852737], [112.87371610000002, 76.80363790000013], [112.80473710000012, 76.811909], [112.63491640000007, 76.82812820000004], [112.5150814000001, 76.83547980000009], [112.42646520000005, 76.83818460000003], [111.94253030000016, 76.88293470000002], [111.804198, 76.91423330000015], [111.61577210000002, 76.94489190000002], [111.49363560000012, 76.95863580000014], [111.36338550000016, 76.9679101000001], [111.2559612, 76.97194220000011], [111.14621840000007, 76.97365860000002], [111.08085760000017, 76.97915010000003], [110.93822460000007, 76.98619990000014], [110.7770746, 76.98803320000013], [110.66827610000018, 76.98589840000005], [110.534215, 76.978566], [109.6951014, 76.95663830000007], [108.99243940000002, 77.0955909000001], [108.6186673000002, 77.38407570000004], [108.48100430000011, 77.44789960000008], [108.43538789999997, 77.94361879999997], [108.5273734000001, 77.9707689], [108.631427, 78.01467960000002], [108.68396960000018, 78.04624470000016], [108.74023740000013, 78.09808470000002], [108.73999170000008, 78.16909180000005], [108.652958, 78.23187370000005], [108.57717560000015, 78.26255770000012], [108.52767570000009, 78.2779359999999], [108.46431820000004, 78.29389079999999], [107.3258924000001, 78.5200759], [107.23490210000006, 78.53505039999999], [106.43525180000012, 78.64796130000008], [106.40596110000013, 78.73802590000008], [106.36849589999997, 78.784391], [106.2875466000001, 78.8446255], [106.21221850000012, 78.8810572000001], [106.141447, 78.90636389999997], [106.07264120000008, 78.92512570000002], [105.296908, 79.15342830000009], [104.73220219999996, 79.29824570000005], [104.0106647, 79.43776820000005], [103.74668220000007, 79.50490939999992], [103.67615820000003, 79.51960030000009], [103.59789639999997, 79.53294990000012], [103.49674440000013, 79.54678250000012], [103.04789830000016, 79.59665140000016], [101.289712, 79.80661170000013], [101.14934640000007, 79.88312790000015], [101.05098120000002, 79.92625729999997], [100.98048580000005, 79.9485906000001], [100.86200759999997, 80.00178420000009], [100.76722970000009, 80.03130930000015], [100.54690649999998, 80.08397490000016], [100.44442650000019, 80.11758820000006], [100.2503627000001, 80.16684240000006], [100.07637160000013, 80.1963995000001], [99.86906820000013, 80.21900120000004], [99.57657740000002, 80.23981450000014], [99.06427670000005, 80.26985439999999], [98.70751230000019, 80.29707680000013], [99.34498540000016, 80.60716109999998], [99.4071828000001, 80.65534059999987], [99.30488720000011, 80.78992110000002], [99.23271210000007, 80.82493019999998], [99.162305, 80.84681710000012], [99.09889790000005, 80.86212709999995], [97.8886807, 81.09808520000001], [97.3375845000001, 81.2821426000001], [97.22066790000008, 81.3157364]], [[36.04361900000015, 52.927094700000055], [36.04361900000015, 52.927094700000055]]], [[[60.6573099000002, 81.73228390000008], [60.70004020000022, 81.77434570000003], [60.721772200000146, 81.82389420000004], [60.643911400000206, 81.89306720000002], [60.49428009999997, 81.94968250000016], [60.35241840000009, 81.98000900000011], [60.172494200000074, 82.00619710000012], [59.940467, 82.02896520000013], [59.686938700000155, 82.044525], [59.41981270000019, 82.05447090000001], [59.13193149999995, 82.0586232], [58.65449420000016, 82.05462310000013], [58.437846200000195, 82.0493623000001], [58.241817600000104, 82.04026870000013], [58.07241050000016, 82.02924810000007], [57.86347330000012, 82.0242017], [57.572642500000086, 82.01223880000015], [57.35638559999995, 81.99880630000001], [57.241758, 81.98895430000005], [57.129934300000116, 81.97787340000014], [56.9551083, 81.95708150000002], [56.833313, 81.93922790000005], [56.753768300000104, 81.92500840000002], [56.63089249999996, 81.89585590000002], [56.545191300000056, 81.86402630000003], [56.497126800000046, 81.82758760000013], [56.55190560000011, 81.75158730000015], [56.389160600000196, 81.73004060000011], [56.13999090000004, 81.71421780000009], [55.91373350000009, 81.69113500000014], [55.7658669, 81.67082470000008], [55.64157710000012, 81.64767660000007], [55.54260739999995, 81.6221104], [55.4441867000001, 81.57696950000002], [55.333620400000086, 81.58483650000005], [55.08486920000007, 81.5935222], [54.87824050000006, 81.59541840000003], [54.76859840000009, 81.59455290000005], [54.51714640000006, 81.58761330000016], [54.29493609999997, 81.57538669999997], [54.09135320000013, 81.55759910000012], [53.99715780000008, 81.54560850000007], [53.7913116000002, 81.53916470000001], [53.50518370000009, 81.52100579999995], [53.326423300000215, 81.50272909999995], [53.170589200000165, 81.4803973], [53.04170820000013, 81.45461540000002], [52.94288360000007, 81.4260387000001], [52.87463839999998, 81.39421560000011], [52.8488559000001, 81.32772930000004], [52.891209700000104, 81.294931], [52.968633100000034, 81.26364460000008], [53.05844440000021, 81.23395570000014], [53.12680670000009, 81.21432670000013], [53.02992110000008, 81.18831519999998], [52.959338900000034, 81.15929930000016], [52.91817390000017, 81.12801470000016], [52.91720759999998, 81.07704260000014], [52.9612323, 81.0361385], [53.00988840000008, 81.01149740000011], [53.134018100000105, 80.97273910000007], [52.940739400000155, 80.92639810000009], [52.87079220000021, 80.90386690000014], [52.81235019999997, 80.8761058], [52.771789900000044, 80.83958510000002], [52.699603399999944, 80.85335029999993], [52.42721749999998, 80.89253930000007], [52.21596160000013, 80.93364660000015], [52.14620340000022, 80.95500330000004], [52.105190600000014, 81.0004067000001], [52.20380419999998, 81.049784], [52.274997, 81.08738660000012], [52.29456639999995, 81.14532359999998], [52.20128959999994, 81.21774520000002], [52.1185054, 81.2473577], [51.99895340000006, 81.276566], [51.918358400000045, 81.29183669999998], [51.809438300000124, 81.30891620000006], [51.61168810000004, 81.33297070000009], [51.219307000000185, 81.36493960000007], [50.98255630000011, 81.37607740000004], [50.75303970000016, 81.3802053], [50.38684310000008, 81.37964860000011], [50.158730800000114, 81.3729275], [49.898769800000025, 81.3568332000001], [49.668602400000054, 81.33278769999987], [49.52132400000016, 81.31013879999995], [49.40060020000004, 81.28427140000002], [49.208721100000105, 81.23515230000004], [49.1298961, 81.20275640000011], [49.08221830000002, 81.1429821000001], [49.126494600000115, 81.09234970000011], [48.93467290000012, 81.0574077], [48.79699030000012, 81.03453459999997], [48.678279300000156, 81.00639310000003], [48.51042440000003, 81.01238000000012], [48.245884100000126, 81.01397850000006], [48.158282199999974, 81.023946], [47.95246110000005, 81.04106760000002], [47.780205199999955, 81.05013480000008], [47.60013950000007, 81.05525790000013], [47.340980500000114, 81.0554886], [47.087126499999954, 81.04745770000005], [46.93316680000021, 81.0384934], [46.79646160000016, 81.03537770000014], [46.5791034, 81.0222788000001], [46.381333200000086, 81.00314910000003], [46.20971739999999, 80.97863969999997], [46.07041020000008, 80.94965840000015], [45.96755970000004, 80.91716320000018], [45.88284679999998, 80.89517889999996], [45.706827100000055, 80.87612370000005], [45.59041960000002, 80.85894710000014], [45.503727800000036, 80.84166729999998], [45.3513665000001, 80.83814189999998], [45.23447330000005, 80.83341239999999], [45.00745790000008, 80.82239590000012], [44.83130320000015, 80.81074620000004], [44.75337020000012, 80.8089291], [44.581282600000065, 80.80104620000003], [44.41791580000006, 80.78924530000006], [44.2757537, 80.77482050000009], [44.159160400000076, 80.7599383000001], [44.05956310000005, 80.74490140000012], [43.911556600000154, 80.71628379999999], [43.78538830000008, 80.67917060000002], [43.724940700000104, 80.650807], [43.6833764000001, 80.59240580000005], [43.73294460000011, 80.53991089999994], [43.810392800000045, 80.50654250000002], [43.90481260000013, 80.47989659999996], [44.034935, 80.45374630000009], [44.1886753, 80.43160670000003], [44.29351740000004, 80.42094830000008], [44.373990200000094, 80.4107871000001], [44.562767500000064, 80.3921315], [44.761352700000145, 80.35783840000016], [44.9644595000002, 80.3354283000001], [45.355061, 80.28693120000003], [45.549843500000065, 80.26732440000012], [45.61883620000003, 80.22005970000004], [45.6962876, 80.1925457000001], [45.76615430000004, 80.173595], [45.86236960000002, 80.10985260000007], [45.967878, 80.07490530000007], [46.04066, 80.05648990000009], [46.12437480000011, 80.0395562], [46.22415140000021, 80.02342240000002], [46.32093, 80.00994660000003], [46.40395820000015, 80.00139130000008], [46.782005, 79.93047130000014], [46.8509691000001, 79.91574070000007], [46.985589500000174, 79.89341890000003], [47.1384953000001, 79.87514820000001], [47.20135820000007, 79.86911820000006], [47.390346100000045, 79.85564440000007], [47.58963559999995, 79.8482206000001], [47.793144200000086, 79.84707279999998], [47.994683400000156, 79.8522362], [48.259031200000095, 79.86314870000012], [48.361116600000116, 79.84428690000004], [48.49662380000018, 79.82597830000003], [48.64573850000011, 79.811407], [48.78611, 79.80187580000012], [48.9311851, 79.79569640000005], [49.12732400000016, 79.79064089999991], [49.21797150000003, 79.78983180000012], [49.36652430000004, 79.79117470000006], [49.524027500000216, 79.77191970000007], [49.677532499999984, 79.75914130000007], [49.82652159999998, 79.75104030000006], [49.91978289999997, 79.74835560000014], [50.09340949999995, 79.736244], [50.26369270000009, 79.72988920000006], [50.40739110000004, 79.72761260000016], [50.61393710000016, 79.72812679999987], [50.7879121000002, 79.71997890000006], [50.96053129999996, 79.71488210000001], [51.278860200000054, 79.71307609999997], [51.43232550000005, 79.71435520000011], [51.58228210000004, 79.7187396], [51.69661660000014, 79.7239998], [51.883717599999954, 79.73630270000012], [52.06794880000007, 79.755659], [52.25280770000006, 79.78043790000004], [52.36789160000012, 79.8021253], [52.463702700000226, 79.82648330000012], [52.538482700000145, 79.85306180000009], [52.6278782, 79.85184759999999], [52.79678309999997, 79.83298760000002], [52.9813249, 79.81955640000001], [53.168110400000046, 79.81189710000007], [53.293537, 79.80893529999997], [53.48860149999996, 79.80904190000012], [53.660015900000076, 79.8139397], [53.888202400000125, 79.828185], [54.09486550000008, 79.8505487], [54.23089550000009, 79.87217550000008], [54.34551069999998, 79.89721320000012], [54.43633240000008, 79.92512460000006], [54.50087830000018, 79.95520950000008], [54.539619500000185, 79.99739820000008], [54.736474100000066, 80.01107380000008], [54.8699124000002, 79.97070280000003], [55.0043414000001, 79.94491950000008], [55.16172470000009, 79.92353010000011], [55.250831700000106, 79.9142243], [55.35021810000006, 79.9064181], [55.42003060000002, 79.88629200000014], [55.53682270000007, 79.86188219999997], [55.664152599999966, 79.84217139999998], [55.80600190000007, 79.82598960000013], [55.97345560000019, 79.81269220000013], [56.15054400000014, 79.804267], [56.323475300000155, 79.80092069999995], [56.4973384, 79.8022279000001], [56.738112100000194, 79.81034660000006], [56.881607400000064, 79.81951950000018], [57.01491189999996, 79.8317325000001], [57.219844500000136, 79.86022590000005], [57.32464440000001, 79.82605919999997], [57.40974110000002, 79.80669340000014], [57.50154829999997, 79.79015770000012], [57.535134, 79.72347610000003], [57.59292130000017, 79.69375210000004], [57.670425100000216, 79.66743079999998], [57.767726600000174, 79.64358520000002], [57.83010029999997, 79.63150200000013], [57.96827590000004, 79.61026120000002], [58.05919009999997, 79.59957450000007], [58.233408300000065, 79.58462570000006], [58.377074100000186, 79.5767308], [58.5336694, 79.57218109999997], [58.63756580000012, 79.57131770000012], [58.75461339999998, 79.57235370000006], [58.875296500000104, 79.57569280000013], [59.058225700000094, 79.58547909999999], [59.26259419999997, 79.60424430000012], [59.35679649999997, 79.6161047], [59.47516189999999, 79.63451830000014], [59.59026030000007, 79.65857350000005], [59.6977508, 79.69211119999994], [59.841826600000104, 79.68879370000008], [60.095269100000166, 79.69324180000007], [60.25321509999998, 79.70024140000015], [60.369921300000215, 79.707289], [60.507966899999985, 79.71903950000012], [60.65754, 79.73685820000009], [60.852856299999985, 79.77179109999992], [60.953993000000196, 79.7990835], [61.02918870000008, 79.82891280000001], [61.093729300000064, 79.87887430000012], [61.09515690000006, 79.93045540000008], [61.01012080000015, 79.98778930000014], [61.128073, 80.01971680000003], [61.2481103, 80.04860110000004], [61.353769899999975, 80.08860040000002], [61.41010019999999, 80.13941469999997], [61.475697300000206, 80.1427394000001], [61.67426450000005, 80.1602969000001], [61.772362499999986, 80.17335279999998], [61.93063120000005, 80.18737950000002], [62.14921690000011, 80.21034520000006], [62.29722630000009, 80.23021520000009], [62.40233140000021, 80.24894260000008], [62.48790950000006, 80.26846010000008], [62.56062340000011, 80.290027], [62.6392462, 80.32473210000006], [62.67771140000008, 80.35915469999998], [62.771412500000224, 80.40900010000001], [62.9051407, 80.42588350000005], [62.9897466000001, 80.44085080000013], [63.11677180000004, 80.43974440000011], [63.30811560000012, 80.44214630000005], [63.49496650000003, 80.44946680000004], [63.67735430000005, 80.46190730000012], [63.858434399999965, 80.48019820000007], [64.0036889000001, 80.48361470000015], [64.09389220000003, 80.48721530000017], [64.3721693, 80.50395680000014], [64.57986570000003, 80.51089389999999], [64.79630240000006, 80.52318860000014], [64.8942648000002, 80.52968570000002], [65.05294600000013, 80.54354130000013], [65.27843270000005, 80.56863210000012], [65.494179, 80.59746700000011], [65.66914390000011, 80.61790890000003], [65.79468340000005, 80.636481], [65.8967027000001, 80.65534460000003], [65.9669058, 80.67074320000012], [66.0327404000002, 80.68748749999997], [66.08399580000003, 80.70429280000013], [66.19765960000007, 80.72781170000007], [66.35619170000007, 80.77110550000003], [66.42198029999997, 80.79723009999992], [66.48176400000023, 80.81574879999988], [66.55523090000003, 80.85093130000001], [66.60657850000007, 80.89591300000018], [66.60073230000006, 80.96327200000013], [66.64463930000011, 81.01515310000008], [66.62066969999995, 81.0677966], [66.57518470000008, 81.09999010000007], [66.52547379999999, 81.15239860000008], [66.46549940000011, 81.18531], [66.38377980000013, 81.2150658], [66.28384870000002, 81.2423348000001], [66.10352759999995, 81.2799462000001], [65.94044629999996, 81.30873190000011], [65.80978159999995, 81.32730300000014], [65.69140349999998, 81.34043680000002], [65.57200690000008, 81.35091060000013], [65.37108180000001, 81.36583189999999], [65.24017170000002, 81.37475530000006], [65.06939389999997, 81.382821], [64.86333209999998, 81.389143], [64.64109900000011, 81.3931032000001], [64.48049480000009, 81.39349909999999], [64.3622160000001, 81.39212809999987], [64.15942740000008, 81.38610479999994], [63.972323700000175, 81.37608160000002], [63.83839400000022, 81.36657930000001], [63.70513920000019, 81.35483820000002], [63.51805220000006, 81.33381690000016], [63.342204300000105, 81.30644510000008], [63.1971969, 81.2884309000001], [63.0648698, 81.265065], [62.95843620000011, 81.2388598], [62.88027409999995, 81.21045970000011], [62.82908829999997, 81.17639850000006], [62.65175450000004, 81.223915], [62.46941130000005, 81.25211020000017], [62.23694160000014, 81.27556890000011], [62.17544070000008, 81.2795135], [61.96194909999997, 81.2981168], [61.892567200000144, 81.30201709999994], [61.994816800000024, 81.3234888], [62.195075, 81.3237873], [62.33602680000007, 81.326557], [62.499056400000086, 81.332574], [62.7051242, 81.3446765], [62.884721300000024, 81.3596983], [63.07294910000019, 81.38087620000005], [63.22410340000016, 81.377622], [63.346115, 81.37667720000007], [63.56342200000017, 81.378723], [63.69501260000004, 81.38229530000007], [63.90935410000009, 81.39138950000006], [64.05921830000005, 81.40055880000006], [64.2632145, 81.4164065], [64.36744710000005, 81.42694169999999], [64.58461520000009, 81.45325179999998], [64.72509030000015, 81.47583980000002], [64.88781680000011, 81.51047470000009], [64.96870330000007, 81.534895], [65.051535, 81.56892850000014], [65.13179070000007, 81.62218], [65.11202440000011, 81.68218790000009], [65.06537269999995, 81.70898130000006], [65.00394960000017, 81.73665850000003], [64.93392630000017, 81.75960859999998], [64.8547254, 81.77988950000008], [64.74920650000013, 81.80103580000002], [64.59377719999998, 81.82657469999998], [64.45278770000016, 81.84557320000005], [64.29274090000001, 81.86307270000003], [64.11728660000017, 81.87823520000012], [64.0284645000001, 81.88483480000014], [63.86454710000021, 81.89369779999998], [63.680558, 81.90130370000014], [63.446672700000136, 81.90703030000003], [63.26871800000015, 81.90824370000001], [63.10185860000013, 81.90749090000008], [62.87971419999997, 81.90377419999987], [62.69684630000006, 81.90457179999999], [62.564822, 81.90300179999991], [62.30826850000017, 81.8946472], [62.12452529999996, 81.89104859999998], [61.94855050000001, 81.8842707], [61.797823700000095, 81.8759960000001], [61.634135400000105, 81.8643383000001], [61.46144670000007, 81.84863610000014], [61.33182270000003, 81.8335254000001], [61.26174469999995, 81.82379429999997], [61.14839960000006, 81.80398969999999], [60.99484370000016, 81.78689990000015], [60.85867590000015, 81.76667279999987], [60.721618800000215, 81.73860820000004], [60.617810300000144, 81.70650630000011], [60.6573099000002, 81.73228390000008]]]]}}]}