{"type": "FeatureCollection", "features": [{"type": "Feature", "properties": {"code": "TZA", "name": "Tanzania", "tier": "country"}, "geometry": {"type": "MultiPolygon", "coordinates": [[[[36.53662501263426, -11.74412206777913], [36.53662501263426, -11.74412206777913]]], [[[36.62062520448967, -11.734505181868599], [36.62062520448967, -11.734505181868599]]], [[[36.63609166589771, -11.732806804989991], [36.63609166589771, -11.732806804989991]]], [[[36.639020999719435, -11.730506000151763], [36.639020999719435, -11.730506000151763]]], [[[36.61262598849862, -11.729189682257982], [36.61262598849862, -11.729189682257982]]], [[[36.660440482042645, -11.722302348474557], [36.660440482042645, -11.722302348474557]]], [[[36.30424139562393, -11.718553069468555], [36.30424139562393, -11.718553069468555]]], [[[36.60613706517347, -11.718310944994073], [36.60613706517347, -11.718310944994073]]], [[[36.60644866767194, -11.715069290115594], [36.60644866767194, -11.715069290115594]]], [[[36.60137388869407, -11.711217062117669], [36.60137388869407, -11.711217062117669]]], [[[36.51080336328465, -11.711585511662008], [36.51080336328465, -11.711585511662008]]], [[[36.51197327874388, -11.71580969835884], [36.51197327874388, -11.71580969835884]]], [[[36.27828213561213, -11.706677515554873], [36.27828213561213, -11.706677515554873]]], [[[36.59830207168329, -11.709701857354787], [36.59830207168329, -11.709701857354787]]], [[[36.278538351563725, -11.701948975564733], [36.278538351563725, -11.701948975564733]]], [[[36.20354026007499, -11.695017210775632], [36.20354026007499, -11.695017210775632]]], [[[36.51179852787982, -11.692455608839225], [36.51179852787982, -11.692455608839225]]], [[[37.394834659292144, -11.687321877502598], [37.394834659292144, -11.687321877502598]]], [[[37.40157974371027, -11.687514874711667], [37.40157974371027, -11.687514874711667]]], [[[36.60293120241312, -11.71118688446711], [36.65781826220308, -11.72108308991261], [36.70124899514508, -11.686704987545113], [36.75133287481236, -11.65126925996833], [36.790884711260446, -11.61103386232287], [36.803562886717884, -11.552992873822006], [36.84343544928663, -11.583395229905875], [36.89392988745442, -11.589610448163626], [36.94631991123498, -11.59604042002934], [37.0114091645014, -11.583633844326414], [37.06275910794653, -11.606553514533005], [37.116534502265495, -11.624152071560786], [37.193483621671874, -11.643184423122591], [37.2443366842906, -11.642794217179357], [37.29900548041866, -11.635668752810659], [37.33279125601172, -11.673779074045001], [37.38211507724907, -11.688308620846101], [37.425156306618305, -11.657272532301477], [37.47672240751314, -11.625218118920998], [37.522982832991374, -11.606194188610857], [37.575610068250114, -11.618587430065816], [37.62382573317109, -11.604141397907142], [37.66420079103375, -11.572666679423662], [37.71877203680009, -11.555013381562276], [37.769948633222896, -11.520266829650438], [37.77006513319941, -11.469419381499222], [37.787026447712435, -11.419820451352678], [37.81441523587449, -11.373597220934926], [37.830474725528234, -11.310141077148955], [37.873235933891294, -11.284069583544408], [37.92399354966261, -11.25636989345577], [37.973088581572824, -11.266392424870446], [38.026850641643875, -11.265353046006226], [38.07931224966063, -11.270832768117714], [38.1298789744352, -11.261783646697893], [38.18128200036409, -11.276742000143145], [38.231555000263086, -11.278231999607044], [38.27884630511295, -11.307557017342447], [38.329022331115766, -11.33104295376927], [38.36344935030735, -11.368749125971362], [38.41725843143149, -11.389769702309877], [38.46000299963879, -11.416206999653241], [38.50915899209389, -11.393147455190842], [38.555598974413215, -11.349076023639554], [38.59782470124901, -11.317822373803438], [38.66240865243742, -11.272359904186203], [38.71819613234567, -11.265534814280215], [38.825542694839555, -11.219179644325095], [38.86524541954054, -11.182844197201916], [38.91550264623021, -11.165279327878636], [38.96825100038342, -11.170913999581387], [39.02715499990336, -11.15926600022567], [39.078522999936524, -11.158954000226856], [39.128454583012626, -11.141116051764357], [39.180197539185144, -11.153782296815507], [39.237599881329515, -11.1717486010171], [39.2817626012631, -11.145581661464462], [39.324496437860375, -11.110986637223505], [39.36966765663709, -11.079191956143802], [39.417302926089235, -11.054699532657253], [39.46637900029066, -11.029313999641317], [39.51367100031649, -10.993001999642502], [39.56138356290114, -10.971347109881151], [39.614663001796146, -10.948474872617226], [39.66739299988711, -10.940098999868894], [39.7227749997665, -10.92486100043476], [39.771179219245596, -10.908630012764831], [39.81814199995341, -10.88574299963966], [39.86171333200474, -10.852202625650591], [39.9104190249181, -10.829180306825663], [39.961147165409386, -10.814982013608983], [40.00951301801143, -10.797445918094581], [40.046864000273445, -10.761448000025155], [40.095624250558785, -10.724431138386308], [40.134276999683834, -10.692560999690329], [40.17689099981982, -10.664464999959762], [40.20715000037228, -10.624113999861152], [40.24702524651798, -10.592412684597662], [40.29340600038665, -10.567058000126565], [40.346652999836124, -10.566543999805674], [40.379206395758615, -10.528426398559418], [40.41691287552885, -10.485183125700644], [40.36989041131346, -10.466197798789324], [40.370337463403246, -10.415417724248528], [40.41139748630502, -10.38269238244743], [40.36786990357325, -10.357658161494896], [40.32015954073029, -10.34044770599678], [40.30373932131266, -10.291422153009933], [40.2639250087322, -10.260946809747452], [40.237334878801676, -10.216120880274332], [40.19700052515418, -10.252233151638563], [40.249577230205034, -10.26188021519971], [40.233333866964415, -10.310545038422731], [40.20130542060872, -10.270725111374759], [40.15139488706444, -10.266025799351098], [40.12421383420116, -10.22216134856734], [40.1067198467436, -10.16788135364152], [40.056269622844866, -10.151249188299346], [39.99539332734025, -10.129235552678551], [39.98832190233395, -10.181266250536964], [40.0084982023302, -10.228401832378609], [39.98198737641633, -10.176420260886289], [39.97023979962711, -10.121578117735908], [39.93499917457228, -10.086052557779283], [39.899837854433486, -10.03645783825857], [39.854594349050046, -10.012069282871039], [39.814138583329, -9.98175044232903], [39.75687098840547, -9.97597666169355], [39.727204128467804, -10.016874567407285], [39.68457907206658, -10.053813569340718], [39.68392638999097, -10.111434173348357], [39.63639498773853, -10.088869618438082], [39.67092257541657, -10.052582597109108], [39.714724565586266, -10.015017580696735], [39.706969578483324, -9.964143464049585], [39.74735375996812, -9.933764970576874], [39.777044481617565, -9.892142096180748], [39.798114183422854, -9.83401197856989], [39.76149731145182, -9.786456715504983], [39.72754099651985, -9.747380004383672], [39.74364119128802, -9.699937030669389], [39.73601814462171, -9.648272677042371], [39.723900012975264, -9.597415403797811], [39.700184491321295, -9.551235685278584], [39.685492827332155, -9.502808073533743], [39.636270767981614, -9.490941189084538], [39.6380168682839, -9.435003522394595], [39.586469014633394, -9.435185290668585], [39.54997776626095, -9.387920576972988], [39.59611748203622, -9.407816855063743], [39.63926538628857, -9.377411692195778], [39.64753269287951, -9.326858301669233], [39.646511561259615, -9.274619868512048], [39.63953137157557, -9.218050573774917], [39.62923513509344, -9.166667645895075], [39.60267798959757, -9.121737849222313], [39.62129206377779, -9.172632318426736], [39.58834565153063, -9.128666807227319], [39.552693065033, -9.092249950774544], [39.51133757976555, -9.121417824572916], [39.52699072244394, -9.170810423262367], [39.494871743136514, -9.212387679547703], [39.5079169642965, -9.156287893871138], [39.46606740588612, -9.121572221980387], [39.49870010942254, -9.072065228627366], [39.44578723869017, -9.066071079916355], [39.49757160144833, -9.045480011693144], [39.483750179926915, -8.987429198098994], [39.4720601507554, -8.937369179244172], [39.41754154140904, -8.960417983103412], [39.463142968872944, -8.937093368863827], [39.41070873172265, -8.957982004765654], [39.44987176516986, -8.921648662955363], [39.3996762976231, -8.913473293157892], [39.370131553028784, -8.960124626949948], [39.35037072363002, -8.910915200376166], [39.39465976863346, -8.886568752146161], [39.446858900517896, -8.870276262539448], [39.49209258080799, -8.90125690787994], [39.53960012044928, -8.923246681788896], [39.51314403626833, -8.872307296844212], [39.47628223303866, -8.822654327335272], [39.379174358509886, -8.721773528825224], [39.32834866675762, -8.710543886890832], [39.358333446031736, -8.65718466553983], [39.354291027608895, -8.60023148079813], [39.321197235364195, -8.562163268519953], [39.294827472609825, -8.514290086118535], [39.292436410911705, -8.45966690720195], [39.297846654099885, -8.401387304280604], [39.28251213312848, -8.349854188719803], [39.25451698157349, -8.308143589055362], [39.25860782489127, -8.256071484611255], [39.24717044765811, -8.207116112918243], [39.20274525159215, -8.181436930569816], [39.2511833899016, -8.205179120719777], [39.30000120669041, -8.191648950038939], [39.286737723667045, -8.140114430636402], [39.2528712402156, -8.102924180606408], [39.29149879393424, -8.137599148281993], [39.329255403713944, -8.174003371958008], [39.37577760385341, -8.154175168948825], [39.3243027391801, -8.133661299429377], [39.31823840917531, -8.083042640605356], [39.2996734622605, -8.035730203486082], [39.33985201375947, -8.067957261518359], [39.38491725912428, -8.040447761854693], [39.40567325311821, -7.99487300288672], [39.42296652358624, -7.94328935711809], [39.394508879481236, -7.9005400809599], [39.35004297920017, -7.928333110784365], [39.299721185684234, -7.93092980336769], [39.25300949659106, -7.957355709898025], [39.23832485001185, -8.012650520505076], [39.19994012133958, -8.053339988549567], [39.14777608010206, -8.035445268584226], [39.090678323046234, -8.028592106340568], [39.03966384471073, -8.020253916984643], [38.97131609316324, -8.012760003071662], [38.912858933493055, -8.013002828117976], [38.853044474722765, -7.98753839937757], [38.80497127680303, -8.003750182025215], [38.748389349289084, -7.981070530080842], [38.69753277751573, -7.98740084537269], [38.64680814527975, -7.966080596941936], [38.61876176204572, -7.920554964340113], [38.574822919342296, -7.89298791615937], [38.518196778458616, -7.87753549136977], [38.466170291226035, -7.871834698812279], [38.41420416019389, -7.862714693728094], [38.36322687691887, -7.85054533040261], [38.31008942748514, -7.821212530833577], [38.26258820288331, -7.800724628338855], [38.227186864482235, -7.762639572658088], [38.175272666600335, -7.735829073752711], [38.11996101349001, -7.73054936715954], [38.0603837661979, -7.745022066914828], [38.019353218576214, -7.781453661457249], [37.969981674814505, -7.789374977273326], [37.91635787111892, -7.812498873624065], [37.87006586324907, -7.79059822972448], [37.92300540337669, -7.800730944277632], [37.97487187783497, -7.789725179573338], [38.0236602193437, -7.77202836981337], [38.06685865380388, -7.741393716147059], [38.122382955209275, -7.721027225725834], [38.14227432120299, -7.674935233374299], [38.1736521898967, -7.718196830819068], [38.217562960262455, -7.753569396310525], [38.24702769936886, -7.795520716607712], [38.299929342065525, -7.80085797171796], [38.33440920631989, -7.838184372810531], [38.39984164357702, -7.844244491290169], [38.4440043635106, -7.870378445508834], [38.50897641443004, -7.868374079699947], [38.56732619864522, -7.881981449983869], [38.62067138427699, -7.909121797732723], [38.64325348406112, -7.964191327267883], [38.69425252283571, -7.971444521447438], [38.74505365230425, -7.970063361534869], [38.79109160439407, -7.997756734785412], [38.84315809437061, -8.010531760032677], [38.894562778649345, -7.998518899427609], [38.94317496635165, -8.014478030136956], [38.99441542723025, -8.010055933234696], [39.04785886559421, -8.021814037487786], [39.10078647531566, -8.025938567610751], [39.15898607184977, -8.031378286978338], [39.208583598154576, -8.042490727465065], [39.25985353521253, -8.037012408295936], [39.24936851214716, -7.983957069663006], [39.22464659696294, -7.93896270616392], [39.27237520705023, -7.914560114157894], [39.24275747437798, -7.872392636411007], [39.24218128863561, -7.821931183577192], [39.28663104878393, -7.784646189969635], [39.29487098540773, -7.723447062132152], [39.29715817990615, -7.664456527146967], [39.27609339019784, -7.606284300579944], [39.295361549396034, -7.52764312023379], [39.30623116303781, -7.465659370783271], [39.33161418244862, -7.420874848795165], [39.35155046418265, -7.362307504187925], [39.35710106905913, -7.310475418905412], [39.39791265244702, -7.269520667045128], [39.41389003040064, -7.219434681165581], [39.427766193654975, -7.17118462706884], [39.48803331808324, -7.165466289637493], [39.54679997673759, -7.09717047213951], [39.545003346227475, -7.032671440334639], [39.53077698067318, -6.978747262176341], [39.50380717226324, -6.935588831359439], [39.487633989417134, -6.885828484596857], [39.43004987899877, -6.867226692457848], [39.37526738877904, -6.853735472314156], [39.31656178869565, -6.81527565025101], [39.29630828909632, -6.867317927780107], [39.299135174848516, -6.811424825195502], [39.271646027742065, -6.751408947964535], [39.23233421045552, -6.704624270793431], [39.192301635112415, -6.628670666717824], [39.15964226308, -6.58859914173695], [39.11183575191848, -6.561145786748625], [39.08319704191001, -6.510938037160656], [39.03619761113089, -6.470415950035999], [38.9820881564433, -6.477937585551103], [38.93610424281661, -6.457347218799043], [38.90295220058363, -6.419465336156293], [38.8657254569643, -6.382429133697542], [38.84177412767389, -6.426581676902799], [38.82841730311611, -6.478949944284466], [38.82841730311611, -6.422266254883709], [38.85913968384938, -6.375284369877704], [38.84162253705051, -6.30701241319224], [38.85377435550214, -6.257988615681995], [38.85383962379967, -6.194633180676703], [38.83763907008705, -6.145378136891452], [38.79489330218422, -6.174797608622669], [38.764824306796356, -6.219898296269321], [38.71415301245162, -6.233953420114176], [38.671876053037465, -6.260974811838025], [38.62179778693837, -6.265267074515805], [38.567676400945174, -6.253432823765763], [38.515216898241306, -6.250486630353635], [38.458990086023675, -6.242382143321208], [38.4057129763728, -6.241872629718046], [38.46884979698058, -6.242293013311894], [38.51975619749055, -6.253832153331189], [38.57498082680377, -6.255137166746806], [38.628024936501674, -6.262666522042309], [38.68141223019035, -6.258177753000837], [38.72710208529304, -6.237051554885284], [38.773396899947045, -6.215651651702331], [38.79852867216056, -6.172130384909281], [38.81373546422037, -6.121000458804076], [38.79036312745643, -6.076449287504545], [38.77945912463895, -6.025570258760411], [38.799700692932674, -5.972973902623437], [38.8225382514392, -5.913420517043164], [38.82230875974153, -5.850758118492308], [38.84009540098202, -5.803686401106461], [38.87051459956916, -5.752869482240783], [38.89628150808517, -5.706242711631774], [38.90409614901813, -5.65538368380993], [38.937562601432944, -5.597972218043367], [38.969552447987155, -5.5519447925181], [38.98299278808673, -5.502016012628815], [39.00189951515057, -5.454767790700942], [38.950887142127954, -5.427232674748097], [38.90269042592246, -5.412133961413133], [38.85290762218909, -5.404929894498991], [38.80296199799784, -5.401175568497649], [38.85322133000045, -5.395715144937924], [38.904723565540166, -5.403653654892196], [38.956966210222504, -5.391539383135978], [39.009697312680885, -5.40681074202206], [39.03911924135997, -5.36459905090544], [39.05978821065747, -5.308651207487173], [39.087821962014004, -5.234617401471837], [39.09427930384686, -5.183908911167293], [39.105547545582795, -5.132465276351354], [39.129316404228746, -5.08681788094043], [39.084312216535636, -5.062746541619561], [39.11920193691992, -5.021792842865352], [39.10267153346456, -4.97290624862444], [39.11992058876422, -4.92576294700234], [39.147858191802186, -4.882014996195096], [39.16834679666738, -4.928023473004828], [39.197984180425635, -4.880667523087652], [39.21009880381678, -4.828922110866699], [39.17521539937121, -4.784828168385218], [39.183853261718696, -4.735052382061724], [39.21235582066464, -4.690303652191744], [39.1819941696952, -4.732715008091077], [39.20064403599349, -4.680735192075417], [39.102434800425726, -4.599608600356589], [38.82570419958921, -4.404870200399387], [38.58313510030467, -4.235669700196468], [38.453130299623695, -4.144971400010036], [38.406339999891145, -4.115191700336652], [38.31596000035381, -4.047651700065842], [38.26170000005499, -4.007591699896977], [38.1594000003098, -3.936161799927106], [38.11819999973028, -3.906581800109961], [37.994380000436706, -3.816621800155929], [37.92316000043371, -3.766590000228291], [37.81127999957238, -3.689159999834089], [37.776255247781535, -3.60675844374714], [37.74936999992559, -3.544620000112843], [37.700029999884634, -3.519230000164328], [37.61686999965082, -3.519950000092365], [37.6168556113974, -3.455009897588639], [37.61351000028634, -3.404879999612263], [37.693735652078715, -3.327174440647866], [37.70476999993559, -3.23037999963725], [37.69092320044541, -3.173963100416699], [37.67272120012336, -3.060789799809356], [37.58072939964211, -2.998620399711626], [37.48114540014018, -2.936353299964765], [37.408660400257304, -2.897087099889688], [37.00232459990042, -2.668836200430235], [36.75092080005493, -2.527539799921783], [36.7027030001434, -2.503552999571241], [36.541142999749695, -2.411756100163871], [36.22211938480183, -2.231513227453434], [36.055303099758305, -2.137769300312925], [36.09143052200102, -2.175840426394529], [36.12538613546184, -2.223435078865748], [36.12677150600024, -2.275324712665338], [36.123680037903455, -2.328104854255571], [36.11406806498928, -2.383980060331453], [36.10032384307095, -2.433567060071709], [36.06862805414141, -2.47662074684996], [36.043130640067034, -2.522221648210461], [36.013154282044525, -2.574294629493522], [35.97288098696805, -2.606894173227488], [35.91100952686821, -2.593379265840383], [35.89986620725972, -2.543451187422306], [35.92464707480269, -2.496751605002544], [35.89205928700653, -2.446107680624891], [35.89858891544617, -2.393429301820788], [35.93092545514571, -2.348060523574247], [35.976985164533744, -2.323253952507855], [35.96599764617446, -2.272885839409923], [35.97031026140951, -2.20989938095164], [35.98319266301104, -2.161463347955078], [35.97009410395981, -2.105106087276056], [35.703496500063466, -1.938184300065359], [35.48413609960136, -1.813550599580481], [35.18073039998802, -1.644544200054725], [35.106561408782056, -1.602174239049873], [35.01714852848187, -1.551804974819674], [34.97126549270837, -1.57688731309895], [34.918951264689156, -1.56577632052074], [34.8679069594387, -1.55504540122422], [34.81899159048959, -1.578415019337626], [34.767881666205994, -1.578326942434387], [34.71695526477373, -1.57203053338236], [34.66078529870265, -1.559980126081882], [34.711858378661304, -1.570680823661007], [34.765303922338205, -1.576173529284915], [34.81882420956964, -1.577516703632909], [34.86843717543536, -1.554040192101127], [34.92036962056159, -1.565414581717505], [34.97141848717348, -1.575871313010623], [35.01678896334005, -1.551609316516704], [34.54731650785061, -1.288664325298328], [34.089355414121144, -1.03147668050434], [34.062365253153985, -1.079795281826762], [34.02412895668607, -1.113325862198735], [33.97232003074487, -1.10870187469169], [34.00943413427791, -1.142457790094909], [33.96453626983305, -1.17877054822219], [33.91741788302892, -1.207276967058363], [33.87335797808828, -1.233425791566958], [33.89522493518268, -1.281519802496859], [33.942189626050435, -1.304487810364094], [33.983590377793746, -1.338731033310467], [33.93235553138271, -1.337624806939232], [33.87752637084537, -1.326236665789452], [33.828166056018745, -1.335521946480583], [33.82295933660413, -1.390078980260682], [33.78137155285492, -1.420511075125944], [33.8333068047653, -1.430825251284261], [33.86335299244672, -1.471024286641466], [33.90016075631388, -1.509421077021045], [33.95098925574962, -1.519424396218881], [34.006417059000114, -1.530890065224298], [34.05818071756613, -1.522527926022917], [34.00935518099686, -1.534491001958145], [33.95397931179588, -1.523843247467823], [33.89505018521794, -1.530519817035895], [33.83736466364837, -1.528695859726099], [33.80692335702736, -1.479781763317703], [33.757058090858266, -1.486836038252534], [33.70483509726199, -1.488376157833386], [33.65270123367503, -1.483181895827784], [33.69438270879505, -1.520263452895961], [33.663296791513744, -1.563700721211262], [33.695534026274345, -1.603433975197731], [33.71197038672403, -1.664780921002659], [33.66337434185243, -1.684372175135707], [33.60316336120019, -1.685179299584945], [33.55225590848346, -1.678290037655074], [33.589002614678975, -1.71690592356947], [33.629895607396406, -1.751239987035717], [33.58214348633288, -1.770699565132759], [33.54621193103583, -1.817438975827997], [33.4931934376271, -1.844591693751624], [33.44292778878645, -1.833582331759146], [33.39970970413958, -1.801842328560554], [33.3329276875628, -1.834098687404435], [33.31882062966838, -1.886892338610494], [33.291694669273625, -1.932773261876491], [33.35440794876786, -1.924481918205913], [33.40679270881651, -1.904746178093603], [33.452963302814226, -1.883788852873238], [33.48964018025015, -1.92269520092276], [33.5111330733327, -1.967868086143199], [33.56195455445919, -1.994560417729019], [33.502665750324184, -2.019174254188442], [33.45225202001478, -1.993005033955114], [33.400992961156305, -1.971802864710412], [33.39396961030934, -2.023486167052909], [33.34092971123721, -2.014828127516012], [33.2935614801782, -2.033515452376207], [33.247287018081465, -2.052521223575582], [33.21265907235835, -2.090638562219851], [33.21149547283784, -2.141506801797391], [33.246300625473566, -2.103397884404785], [33.297734435196105, -2.107737518871375], [33.347849194884475, -2.156292859527809], [33.41165729644712, -2.157056339878125], [33.46527232725617, -2.155766415287815], [33.52197671994969, -2.163094088621222], [33.573679322642704, -2.169685212702348], [33.62638305423462, -2.182216885900516], [33.663522774056844, -2.143534064345545], [33.70999690093629, -2.115473644493079], [33.753240601872335, -2.076028659195231], [33.80478143721359, -2.11079442242459], [33.832394102605804, -2.154799585632304], [33.83273763823149, -2.205617909239095], [33.82158940562664, -2.255601518095546], [33.7663212644149, -2.272948300923304], [33.7174950254751, -2.28846599401038], [33.670693154165804, -2.317683696545316], [33.61937549368412, -2.343721590578923], [33.572708018860055, -2.367557823734558], [33.526430398344246, -2.394311562828307], [33.54165263086429, -2.449377407841041], [33.49026724603664, -2.453421580841223], [33.43935733727136, -2.469142272497834], [33.46983794426575, -2.513651860944606], [33.4222939092366, -2.53054509947674], [33.361889580639684, -2.536936823175779], [33.30723131107618, -2.547717132339756], [33.264163062475404, -2.516301891419118], [33.20644139715279, -2.52000094958413], [33.16482659417204, -2.477464496189498], [33.123800258075505, -2.433433190589199], [33.10428365846411, -2.384506592705065], [33.05343866636139, -2.380518564380168], [33.00095670578742, -2.385956353802612], [32.941847564613454, -2.410031202278105], [32.90361407672833, -2.44851804357279], [32.87739379928445, -2.498268213607105], [32.9047099510035, -2.545851724377542], [32.8815267515584, -2.592925195441353], [32.86793096094516, -2.641542997611225], [32.914522640907194, -2.67320948572916], [32.90422956284408, -2.726361323416313], [32.9351102008751, -2.768009813202298], [32.937619518026395, -2.818124748258469], [32.978342672876124, -2.857462532569798], [32.92428304602578, -2.847394033207991], [32.91352151110891, -2.796426926661297], [32.87455357928428, -2.834437766689518], [32.84049690630724, -2.877915345316865], [32.82062554213513, -2.926990024669863], [32.80294452267162, -2.973811897800772], [32.765169315811306, -3.009169198199913], [32.785581072708396, -3.066317660831317], [32.771562091717215, -3.116930528920705], [32.79708231439736, -3.175326105715158], [32.78854024873357, -3.228358635742381], [32.779432174954934, -3.178719526584814], [32.762078199349446, -3.131801681402408], [32.778631762146176, -3.077037438426999], [32.76465734615965, -3.02750868957429], [32.77375419100315, -2.9730951750023], [32.78257452399515, -2.922480552335571], [32.801171052402196, -2.873726600002556], [32.74810202878564, -2.877295648575284], [32.798279249088125, -2.853211677376976], [32.84355468669946, -2.829991983443222], [32.86745022205014, -2.784642680914942], [32.871868809797775, -2.733873835309225], [32.81732353195548, -2.701124455529168], [32.81260421900953, -2.644837989481573], [32.84001651814782, -2.597154997505072], [32.81704947525316, -2.551612521500601], [32.8265838978287, -2.499785172947327], [32.772964305658206, -2.502018679718219], [32.72105607297942, -2.501760764947278], [32.67129046338425, -2.492517943048597], [32.69723633339015, -2.446053642161814], [32.66086544488445, -2.409887769404975], [32.632377974763756, -2.463660619541884], [32.59452135767458, -2.50521015422521], [32.55318657659927, -2.534038703922988], [32.51613949594105, -2.499678147328609], [32.5498270179026, -2.456508662045053], [32.501996996664104, -2.483854640679056], [32.453297083693485, -2.463973276045806], [32.41152472488619, -2.436124714883647], [32.36006564961008, -2.43184947097626], [32.33375799763354, -2.388399701185222], [32.319307053377884, -2.336178024196386], [32.31733883132205, -2.280673811846896], [32.265764659911156, -2.279465471953927], [32.22885478252226, -2.323253952507855], [32.18262646463967, -2.34651040353225], [32.14697335113931, -2.394895555585379], [32.09832958284403, -2.381554609457623], [32.05679531235381, -2.415233622034009], [32.10194495099876, -2.441578119234748], [32.14608959905581, -2.46660751442522], [32.18450450447938, -2.498824747364154], [32.15447463409714, -2.541830535350869], [32.10269132444512, -2.530464918621078], [32.058806521104145, -2.501987799697133], [32.01172936461853, -2.482757187194409], [31.998905915375758, -2.540554121275648], [32.00549695222264, -2.593340666938161], [31.946873638307807, -2.596790933954367], [31.973320073662535, -2.646230904432628], [32.00596347913131, -2.696643407167471], [32.011876218512725, -2.748318462726843], [31.971477123570423, -2.711838618657282], [31.941843073599046, -2.670362949790274], [31.896428853508837, -2.640954881462562], [31.916462334868925, -2.692295701285559], [31.875429331198745, -2.733781546880834], [31.859401072301694, -2.686401210047734], [31.819988369967348, -2.717257108628587], [31.82810057678023, -2.767147465882772], [31.818023831534674, -2.822156814585298], [31.783675029978724, -2.860037293386313], [31.77902431911707, -2.806471739679012], [31.78360818247171, -2.755893435233816], [31.759032418811103, -2.71028955172136], [31.76321484818675, -2.660255149155773], [31.817387992861654, -2.649558706269204], [31.858804008798018, -2.620249066940858], [31.79900288427575, -2.612657251031237], [31.746818841216623, -2.613230102087471], [31.745148361307884, -2.558743249601264], [31.718137320780784, -2.514949680683173], [31.770175036948444, -2.505072950955878], [31.79416005304404, -2.457102918764633], [31.7604097188335, -2.414833415629573], [31.77557141978525, -2.364931567737585], [31.733352008888176, -2.333828456318145], [31.688063938500022, -2.366591871817377], [31.636209043712427, -2.363101425790148], [31.646128233131492, -2.312939645048516], [31.655999173922794, -2.252017556065312], [31.67220376199407, -2.199186708899447], [31.69556381761612, -2.149558215339312], [31.697066039765957, -2.096878695295516], [31.697115516867655, -2.043738262810507], [31.641827373834303, -2.041438172033963], [31.620875048844482, -2.089512334926269], [31.608298636173174, -2.028426900281204], [31.624578143166843, -1.973449395673015], [31.666881946444732, -1.925903695099407], [31.687530037081615, -1.879576070479231], [31.70167516867417, -1.828665020474261], [31.704558900572863, -1.774504509475491], [31.726744479374247, -1.726639484824318], [31.73008280777543, -1.67206758165355], [31.74951185658699, -1.622692089867996], [31.74621388166537, -1.569124694349114], [31.749074103487146, -1.518631177087116], [31.756430814130795, -1.462398486900611], [31.814866218301404, -1.449230273558214], [31.816014377361682, -1.394530772776875], [31.820950023125135, -1.337013926251643], [31.855018452039985, -1.292626079929619], [31.86608492368032, -1.238450829941826], [31.878461846936716, -1.178056019769429], [31.85625837252593, -1.131725357239418], [31.853409731274155, -1.076701072596393], [31.86431847082082, -1.025188474168715], [31.81715692195445, -1.045131071841467], [31.777145050803483, -1.076070256636967], [31.770109242547562, -1.023556977172689], [31.695413420393095, -0.999416490778401], [31.647400963583664, -1.019236554922998], [31.26986109990986, -0.999999999700151], [30.800431408982377, -0.99999521620623], [30.851287180359122, -1.01585152562734], [30.90694359756901, -1.027067586899591], [30.94295375541151, -1.062750337557986], [30.977233605046877, -1.106031524934906], [31.00468309924571, -1.150046031199338], [31.036535917898334, -1.192434940020405], [31.0879590247892, -1.201049862461161], [31.138479781616695, -1.185807234216441], [31.196183901166137, -1.191224802382692], [31.248972552141595, -1.219314390846421], [31.28248111261331, -1.256595876198674], [31.236145242109274, -1.216386444678619], [31.187922909614656, -1.18996161283809], [31.133988204891807, -1.189669989678237], [31.082383680462556, -1.203808650648682], [31.02963906838835, -1.190245735652127], [31.005480880638174, -1.14637503458016], [30.973130128952334, -1.09941467484731], [30.93835094334139, -1.059873431513608], [30.889444873382274, -1.028376594204417], [30.841062002009835, -1.01147569344846], [30.785748856924272, -0.991967672470082], [30.734764205503723, -1.008163309589008], [30.677808302111487, -1.031561375057379], [30.63409377460806, -1.06656229931059], [30.578020921828113, -1.063905860267198], [30.528344090607334, -1.076392441457983], [30.473183589251278, -1.057864854179627], [30.459383133624783, -1.117292967796175], [30.491081642104177, -1.159521984352068], [30.522268357198982, -1.199833978155539], [30.54638891012013, -1.245696852028061], [30.559920484642703, -1.296299698072573], [30.60275090752839, -1.347140445375203], [30.6729608510625, -1.393513172794655], [30.727597422682948, -1.405578338869191], [30.740217827490824, -1.469684789621283], [30.759138988673442, -1.520353064941958], [30.78646865000826, -1.569676842112528], [30.816066381758162, -1.614830516015445], [30.86066615242106, -1.642824219661975], [30.887928089409854, -1.600822851193584], [30.899257212550367, -1.654476437737344], [30.900042361166072, -1.705373407956358], [30.879780089579526, -1.656967727978213], [30.82457368143031, -1.685727331151384], [30.824103656158854, -1.741638132393859], [30.83177430034374, -1.814431200439515], [30.830499254137294, -1.868388536601628], [30.808069387092587, -1.936445537331622], [30.85587307887954, -2.019787891298108], [30.890117732647298, -2.063220386011949], [30.873881913819332, -2.120572021681426], [30.860378937737835, -2.173737632485711], [30.846321707680715, -2.223543859061806], [30.85332418076638, -2.273948992751741], [30.84353675551688, -2.324776350947786], [30.81140321348755, -2.366732408873531], [30.766953277971425, -2.39200717419169], [30.722636599499538, -2.360465695435437], [30.679014185056644, -2.395791150840864], [30.62458321374436, -2.400150085657856], [30.574407396384288, -2.418853288948071], [30.529014599943878, -2.444451800310276], [30.507146800184728, -2.502210100415766], [30.48438100038294, -2.550865800016595], [30.445077700575496, -2.679052343290948], [30.499360999610474, -2.666916600220873], [30.54292153619997, -2.640176575788303], [30.587348837578816, -2.616729145633542], [30.630613943278888, -2.589147534730898], [30.679134983792494, -2.569525312443147], [30.72423514443642, -2.546874785942578], [30.758983977028947, -2.507058368049172], [30.721640381798238, -2.54368769742922], [30.68393228504698, -2.578465303830683], [30.632009665913415, -2.586819635118047], [30.59231895975222, -2.619319872114374], [30.545675871844082, -2.640411506585735], [30.522235547232754, -2.687520769767673], [30.484114874801662, -2.722783151221392], [30.44233865520482, -2.752432290018135], [30.439051558482674, -2.80259494849804], [30.413050334305524, -2.847578784533255], [30.43854923945588, -2.892571744190604], [30.47411532825987, -2.932159196489692], [30.530450099592485, -2.933425700035968], [30.566005499953917, -2.895837599825313], [30.612661600152762, -2.926301699763599], [30.64608419982602, -2.969555099887884], [30.70397709966346, -2.971803799805457], [30.747554799814225, -2.997736299590485], [30.805887700157314, -2.988453900327215], [30.820027699318928, -3.082946491487348], [30.836286544388543, -3.14718866342605], [30.845156299623568, -3.205228599720044], [30.829542200112485, -3.262810899803128], [30.782215100446592, -3.282317599677413], [30.730657999966752, -3.273263100311794], [30.68055149965204, -3.317975799743294], [30.638948400448385, -3.353243399962878], [30.670984300385214, -3.391789399561105], [30.649498000232597, -3.442154400105437], [30.597881299882147, -3.472572300071533], [30.54524419995994, -3.498819799993726], [30.492090200302528, -3.520217900036016], [30.453203200267524, -3.559918600363062], [30.4511337001602, -3.612912199638231], [30.41948120009738, -3.653181099727931], [30.39818079970422, -3.699240999772258], [30.404236844255024, -3.752273436270002], [30.359766899722672, -3.780805199800056], [30.32005269967243, -3.811339499917949], [30.29826309956246, -3.857152599912524], [30.25689479985516, -3.888643800271097], [30.23690019978443, -3.934561200039298], [30.220159599585884, -3.984464199962815], [30.22139569975178, -4.041431499563998], [30.186230900135968, -4.078512099753539], [30.152825400172105, -4.116590100252893], [30.112198099562704, -4.150614199785423], [30.070277206028265, -4.192029924341512], [30.054402000052335, -4.241183399594149], [30.015205599958506, -4.277383499648749], [29.97084660029043, -4.303165600412058], [29.935001399694897, -4.34272240021852], [29.887421600426592, -4.358109800426917], [29.783921947340048, -4.411490555144951], [29.761629100102937, -4.465321100388451], [29.710896599698344, -4.46175420029607], [29.662090199802947, -4.448506500374663], [29.656080021575804, -4.500320863616935], [29.64835451155153, -4.555477417848522], [29.63953430986055, -4.60753338036119], [29.624777662659028, -4.659939194438209], [29.614114249173326, -4.71471571945483], [29.60415740244224, -4.76442553511032], [29.611613418924208, -4.817336301429123], [29.629501405665394, -4.864543818242566], [29.595061237486163, -4.90409881221035], [29.646066329597488, -4.913318824604005], [29.6912204639533, -4.953479128858646], [29.743449027950305, -4.973162058082494], [29.781933982467365, -5.017391098520307], [29.795678205285014, -5.070391695420369], [29.81817766816488, -5.118087321072949], [29.82246361400462, -5.174647141452397], [29.80844020295308, -5.231904208912056], [29.85665464029944, -5.20728405561465], [29.907473752611622, -5.202033122830301], [29.957943145559796, -5.214073353402512], [29.992556747995593, -5.174270972127601], [30.043124919779302, -5.174905056223338], [30.09942822922943, -5.189646198213438], [30.15568056960268, -5.192070947616116], [30.176785099452843, -5.238335232984582], [30.226763884345814, -5.227261041563793], [30.175390429924448, -5.239091783159211], [30.16457257496444, -5.18922756919693], [30.10526447137829, -5.193593872159454], [30.055384597521197, -5.179959482643937], [29.998905002963568, -5.169000036622322], [29.967795399338286, -5.21043903653225], [29.93239138455482, -5.170639111305888], [29.88497915866128, -5.200287022528016], [29.83886668335083, -5.219909243916447], [29.80327835611132, -5.255556567581493], [29.789970701986363, -5.304688443816588], [29.77294293566797, -5.361483721096818], [29.751786822503902, -5.410373473756749], [29.748382786936133, -5.461378829369437], [29.788683058076742, -5.50320171838456], [29.82886849658388, -5.547197758869402], [29.856087359643993, -5.600714536046951], [29.88268648189569, -5.652662069099165], [29.90652771438255, -5.706468694174873], [29.931418633762974, -5.75067983900334], [29.952352448906424, -5.819056715095257], [29.95419960962431, -5.869292537020897], [29.937073019504282, -5.920287715905317], [29.89302500180247, -5.948614822515992], [29.851124825950023, -5.979940758059513], [29.801359040087675, -5.990574213329239], [29.756962618729915, -6.017348217746019], [29.7320101587419, -6.061091957927488], [29.73257068458946, -6.111427085691389], [29.740741010988927, -6.166871029974004], [29.727920982767216, -6.223109421862262], [29.74669291944275, -6.273016446251972], [29.780656208617188, -6.312194218688205], [29.81519261234922, -6.357392808331383], [29.848035112430523, -6.399262718399712], [29.888515354100377, -6.431240283811974], [29.929926062238053, -6.464537249094747], [30.008399247427405, -6.478051629479069], [30.060052372119344, -6.460534482680202], [30.142127063313353, -6.448477057969797], [30.176537712145773, -6.495005574947299], [30.22094159068189, -6.543552493452751], [30.256189321280203, -6.583809296761615], [30.302687309871487, -6.617829476149382], [30.346165766237164, -6.653851916033034], [30.374856936398544, -6.706035256721691], [30.406892927166894, -6.750306756851273], [30.397652386848222, -6.803601061539723], [30.44401299590311, -6.827782233263406], [30.46588363751988, -6.873111710237197], [30.516413605203752, -6.930288069838525], [30.57059017089972, -6.965861351420187], [30.56164202086262, -7.036113109832115], [30.544057763954697, -7.114799908289115], [30.53302550612227, -7.168187904348258], [30.541009633288013, -7.220029814724114], [30.564741647609026, -7.269731911498468], [30.597336629082236, -7.31507507345583], [30.614563314645295, -7.362477342055627], [30.594634577323916, -7.414896140544386], [30.601149205071806, -7.470573436414895], [30.59402882906727, -7.523531925258112], [30.627001646308997, -7.573879684899509], [30.659783923289467, -7.617852916778645], [30.6917771036305, -7.657573888723959], [30.729086134317697, -7.69390863347661], [30.75395849978497, -7.739154945644202], [30.76410296937661, -7.792065009592477], [30.79039658563397, -7.835336432130589], [30.806477042081895, -7.882986439672379], [30.841000242866983, -7.92032406970003], [30.86210117632828, -7.96955244498929], [30.88949645669618, -8.011781680979766], [30.90944115968182, -8.059838737867437], [30.92450109784744, -8.112715816481682], [30.968714347988794, -8.13863852714627], [30.94521059779089, -8.184823859233688], [30.973530686092317, -8.229009037037372], [30.985680399231114, -8.281157638714035], [31.033491471754076, -8.301925563114196], [31.066434900949957, -8.35076934782711], [31.121681286662124, -8.379874760112045], [31.151682558603227, -8.428552216111825], [31.142294287551408, -8.483198554369721], [31.150340699963408, -8.536932542103102], [31.17395972256321, -8.583705990339126], [31.226937938934782, -8.58067628678117], [31.27063793878989, -8.612676286681221], [31.32133590163062, -8.60740992872519], [31.374552287258325, -8.587481212088221], [31.400578166349362, -8.631214911339043], [31.452107027217608, -8.639110405820531], [31.484835460887837, -8.680512057785165], [31.53748904808117, -8.678862889110974], [31.573069632157853, -8.718968028052018], [31.567507936841878, -8.771495249705936], [31.573402383113546, -8.822324005448422], [31.61202526215618, -8.863165147753307], [31.661367473630037, -8.888621046424134], [31.699776441729455, -8.921565490954606], [31.752873986445366, -8.908369284414903], [31.801455625976416, -8.885122137776364], [31.856145621823032, -8.900972624986593], [31.91145358501501, -8.921189804565756], [31.93696845133303, -8.966656751907522], [31.936873380402233, -9.01913681940863], [31.96777168291686, -9.060871280784909], [32.069443302966135, -9.048129877591748], [32.139447406972295, -9.06429807999234], [32.19186693211327, -9.090423680408492], [32.25542866979731, -9.13031881326259], [32.38238309690246, -9.125247397749149], [32.437154380670165, -9.118147415670649], [32.494799466921904, -9.150773520881216], [32.54585171318604, -9.254399437883706], [32.64761811098708, -9.27130415536243], [32.71844887721397, -9.274347004310755], [32.765613037711546, -9.319482599142589], [32.81446767094633, -9.348558713313935], [32.867041341684626, -9.378311016040527], [32.92823641807627, -9.400287148133316], [32.98762459999534, -9.372192000060693], [33.034671499690035, -9.409315300060996], [33.07400470015682, -9.442263000137302], [33.118592800317515, -9.471195700321289], [33.16449189978141, -9.49705089977914], [33.213935200449214, -9.508907399756652], [33.263001699568804, -9.493737800059364], [33.31393060021708, -9.49130459972747], [33.35867810431114, -9.52069437224742], [33.40358158232419, -9.549750658166317], [33.42560258698984, -9.597556466957315], [33.47045158497269, -9.620391576609904], [33.522799996222886, -9.621257974475895], [33.5604274183907, -9.587929054482231], [33.614865319878675, -9.598080016279653], [33.71565628690814, -9.598349510721278], [33.76989382214225, -9.586773175641497], [33.81220411762598, -9.615873675829448], [33.85066955325732, -9.651591530624614], [33.891904283855695, -9.686371816106373], [33.93951643713393, -9.707315146077065], [33.955600489970664, -9.652269477354423], [33.926166280149744, -9.60340042888663], [33.95026604164457, -9.557957609456082], [33.98467502313389, -9.51831453858506], [34.032924375759364, -9.493820711256774], [34.07399422375448, -9.526484293914962], [34.11852714780969, -9.565280984030153], [34.157724570432606, -9.598070892657518], [34.20630026364631, -9.644160077325637], [34.31860545587716, -9.74818848770849], [34.362892395567656, -9.819424884151033], [34.40292146175608, -9.872214938968227], [34.43960851412169, -9.91886837807317], [34.47223841087401, -9.959668731626607], [34.5024804025486, -10.000358902041626], [34.527744465035084, -10.046979355812596], [34.53671638865046, -10.097183946981545], [34.53914183952435, -10.147848924488244], [34.56555827169694, -10.197984036733885], [34.56853604660131, -10.248832187255573], [34.58098157194206, -10.297971432535519], [34.57269882489089, -10.348618865168419], [34.561459708598704, -10.400502884500497], [34.57061936569124, -10.451695622854686], [34.58158547838718, -10.50380071173339], [34.63427342058196, -10.531519350537565], [34.69775342607983, -10.526966015569144], [34.74314922355785, -10.501785116989538], [34.77347753845771, -10.460327870734602], [34.816825106593456, -10.430430817628064], [34.85288719938478, -10.39405957838676], [34.899186575400165, -10.368924297917943], [34.9492665960766, -10.337694509793721], [34.995461402521755, -10.313430174163159], [34.991631983129594, -10.262581322170263], [35.007792884833805, -10.211988630370968], [35.011465449870684, -10.265427858109092], [34.99565510210135, -10.314305329627189], [34.949887696659914, -10.334770774251808], [34.90947017910554, -10.367002745280445], [34.85489296813603, -10.393157754426795], [34.81788027665351, -10.427522521647006], [34.772411841833105, -10.457049019896317], [34.74805767382264, -10.504680078722629], [34.70121088677308, -10.522640768456654], [34.64487353978211, -10.539244861461157], [34.59438822523646, -10.52469215531869], [34.61960070440904, -10.591698048226306], [34.635401227085026, -10.639960734200486], [34.659915406970526, -10.6878802361839], [34.672928345167065, -10.737745152516709], [34.674384949206114, -10.796978513447584], [34.67002636512473, -10.850511081820912], [34.67822454442722, -10.901928398876464], [34.64907140871861, -10.96051469219924], [34.62177280277268, -11.007423589127313], [34.63611742288083, -11.057911009885174], [34.637902824455864, -11.109348678598565], [34.67490498937383, -11.14386854649615], [34.714396820357024, -11.188361817643738], [34.759808759766486, -11.21149062699078], [34.79148419613881, -11.2653958564336], [34.79136594158501, -11.315822920990968], [34.84602491351899, -11.347141838225184], [34.89191022277862, -11.37153390366666], [34.92508823113701, -11.409562814672086], [34.9311844933697, -11.462084778889391], [34.95502598935798, -11.5062545162329], [34.963775439584936, -11.558473298304023], [35.13494900019623, -11.571139000164692], [35.2315170000096, -11.568262999737613], [35.30678000029684, -11.571139000164692], [35.36124300006446, -11.572581000113018], [35.41113641321493, -11.575990445102889], [35.46364013018791, -11.580799238793816], [35.51538519167332, -11.581776858515184], [35.56381350488937, -11.562866621397404], [35.61467288434619, -11.555015486875163], [35.6707888101555, -11.534886910302646], [35.712976789747074, -11.49920917336459], [35.75573012814294, -11.467473968049148], [35.79957299969425, -11.442119000291598], [35.84048476486004, -11.410654127585872], [35.89098130834077, -11.403936414034206], [35.9316838597224, -11.438493975216716], [35.97861055333442, -11.461393497012239], [36.022437106687164, -11.486552639192894], [36.060690596393954, -11.520326483480403], [36.11472355474831, -11.510729248655878], [36.13670560887681, -11.556946163134853], [36.186958624940644, -11.55508075517264], [36.18900931033147, -11.617151529319585], [36.18894123435052, -11.672037184368492], [36.227488782581304, -11.704439694736095], [36.28205300913913, -11.702922384660269], [36.34238329745125, -11.709713086289867], [36.38493817345801, -11.677476904635398], [36.44626081868188, -11.682982593771612], [36.50339787701046, -11.685674732303028], [36.53412025774378, -11.743526231850069], [36.567342480371224, -11.702146184298897], [36.60293120241312, -11.71118688446711]]], [[[36.3949473697254, -11.68515749891941], [36.3949473697254, -11.68515749891941]]], [[[37.3708566615058, -11.685671223148404], [37.3708566615058, -11.685671223148404]]], [[[37.41373717662947, -11.684365858997126], [37.41373717662947, -11.684365858997126]]], [[[36.43345210752881, -11.681447737922724], [36.43345210752881, -11.681447737922724]]], [[[37.36319150588332, -11.678440487738271], [37.36319150588332, -11.678440487738271]]], [[[36.388547575510245, -11.678354165412372], [36.388547575510245, -11.678354165412372]]], [[[37.34172107067093, -11.677354087820845], [37.34172107067093, -11.677354087820845]]], [[[37.365357288308246, -11.677133719745314], [37.365357288308246, -11.677133719745314]]], [[[37.33630801979933, -11.675050049919832], [37.33630801979933, -11.675050049919832]]], [[[36.185760637143744, -11.67048618748754], [36.185760637143744, -11.67048618748754]]], [[[37.32239185380104, -11.666540618854413], [37.32239185380104, -11.666540618854413]]], [[[37.32107806839821, -11.666181292032945], [37.32107806839821, -11.666181292032945]]], [[[37.4243246630528, -11.668876939718928], [37.4243246630528, -11.668876939718928]]], [[[36.74331399964143, -11.661267999818278], [36.74331399964143, -11.661267999818278]]], [[[37.20679061749303, -11.649297177123003], [37.20679061749303, -11.649297177123003]]], [[[37.315744321543264, -11.654772689507979], [37.315744321543264, -11.654772689507979]]], [[[36.76422699997613, -11.650015999838502], [36.76422699997613, -11.650015999838502]]], [[[37.205928094805756, -11.644304509845199], [37.205928094805756, -11.644304509845199]]], [[[37.246440706673354, -11.643138103540593], [37.246440706673354, -11.643138103540593]]], [[[37.18624867473659, -11.642783690614806], [37.18624867473659, -11.642783690614806]]], [[[37.29682987379971, -11.639461327877939], [37.29682987379971, -11.639461327877939]]], [[[37.29378191850077, -11.637203608659547], [37.29378191850077, -11.637203608659547]]], [[[37.4589462928372, -11.633770360413735], [37.4589462928372, -11.633770360413735]]], [[[37.280572473940595, -11.634518488437436], [37.280572473940595, -11.634518488437436]]], [[[37.163439890038944, -11.634241274215412], [37.163439890038944, -11.634241274215412]]], [[[37.130647876098635, -11.631549837155205], [37.130647876098635, -11.631549837155205]]], [[[37.153674221188396, -11.629530733256672], [37.153674221188396, -11.629530733256672]]], [[[36.77711452141807, -11.629080874382794], [36.77711452141807, -11.629080874382794]]], [[[36.77877570323619, -11.628047109986085], [36.77877570323619, -11.628047109986085]]], [[[37.10882302706108, -11.624269273008508], [37.10882302706108, -11.624269273008508]]], [[[37.58335172110509, -11.620514596271562], [37.58335172110509, -11.620514596271562]]], [[[37.57688455327957, -11.620187553312917], [37.57688455327957, -11.620187553312917]]], [[[36.78573834804638, -11.62072654309543], [36.78573834804638, -11.62072654309543]]], [[[37.53371489262827, -11.61628549657837], [37.53371489262827, -11.61628549657837]]], [[[37.49783000764876, -11.615914941721144], [37.49783000764876, -11.615914941721144]]], [[[37.60935092810291, -11.615284016044484], [37.60935092810291, -11.615284016044484]]], [[[36.18703863132782, -11.613148412169437], [36.18703863132782, -11.613148412169437]]], [[[37.50241702942242, -11.611774972037267], [37.50241702942242, -11.611774972037267]]], [[[37.540846672935686, -11.611800236691522], [37.540846672935686, -11.611800236691522]]], [[[37.61914677460402, -11.612503449874282], [37.61914677460402, -11.612503449874282]]], [[[37.06637201915339, -11.611024738700678], [37.06637201915339, -11.611024738700678]]], [[[36.18781132253457, -11.611645839283995], [36.18781132253457, -11.611645839283995]]], [[[37.62148520168074, -11.609990974303969], [37.62148520168074, -11.609990974303969]]], [[[37.5427485753865, -11.617672270958508], [37.5427485753865, -11.617672270958508]]], [[[37.52491421072227, -11.607114259815205], [37.52491421072227, -11.607114259815205]]], [[[37.624684747603055, -11.605989962466765], [37.624684747603055, -11.605989962466765]]], [[[36.95636840877512, -11.59642220382159], [36.95636840877512, -11.59642220382159]]], [[[37.037908761480196, -11.59266893002706], [37.037908761480196, -11.59266893002706]]], [[[36.90436508178317, -11.59139234058398], [36.90436508178317, -11.59139234058398]]], [[[36.8628846752876, -11.58639546178108], [36.8628846752876, -11.58639546178108]]], [[[36.88685565566402, -11.587348518319402], [36.88685565566402, -11.587348518319402]]], [[[37.01323400044879, -11.586403999944594], [37.01323400044879, -11.586403999944594]]], [[[36.8602592088954, -11.584198098763181], [36.8602592088954, -11.584198098763181]]], [[[37.010197842456535, -11.584963070189474], [37.010197842456535, -11.584963070189474]]], [[[36.99032893523224, -11.580269373532701], [36.99032893523224, -11.580269373532701]]], [[[36.838114335208445, -11.580459563058355], [36.838114335208445, -11.580459563058355]]], [[[37.6706223416478, -11.573069517244392], [37.6706223416478, -11.573069517244392]]], [[[36.82713664284182, -11.571138139513494], [36.82713664284182, -11.571138139513494]]], [[[37.68553718139583, -11.569924712155682], [37.68553718139583, -11.569924712155682]]], [[[37.68594001921656, -11.566019146266513], [37.68594001921656, -11.566019146266513]]], [[[37.68594001921656, -11.566019146266513], [37.68594001921656, -11.566019146266513]]], [[[37.69583411934917, -11.564927131881575], [37.69583411934917, -11.564927131881575]]], [[[36.185317094208585, -11.56348210751321], [36.185317094208585, -11.56348210751321]]], [[[37.692895645717556, -11.563244896035087], [37.692895645717556, -11.563244896035087]]], [[[35.4155381584593, -11.561976727843671], [35.4155381584593, -11.561976727843671]]], [[[37.72164173297966, -11.55688019246685], [37.72164173297966, -11.55688019246685]]], [[[36.805428999748585, -11.555609999901549], [36.805428999748585, -11.555609999901549]]], [[[36.82271875656539, -11.554191563090114], [36.82271875656539, -11.554191563090114]]], [[[37.730855780170145, -11.55371222803683], [37.730855780170145, -11.55371222803683]]], [[[36.182489506985235, -11.547454199351762], [36.182489506985235, -11.547454199351762]]], [[[37.75110099971141, -11.54746800034792], [37.75110099971141, -11.54746800034792]]], [[[37.753632281005025, -11.544957865712888], [37.753632281005025, -11.544957865712888]]], [[[36.12711328614927, -11.538509646602847], [36.12711328614927, -11.538509646602847]]], [[[36.0904423757151, -11.533500135922509], [36.0904423757151, -11.533500135922509]]], [[[36.05553791634179, -11.518696884053895], [36.05553791634179, -11.518696884053895]]], [[[36.11573275596197, -11.512342005579058], [36.11573275596197, -11.512342005579058]]], [[[36.04494411397974, -11.506773854929406], [36.04494411397974, -11.506773854929406]]], [[[36.04277412092898, -11.505344972492423], [36.04277412092898, -11.505344972492423]]], [[[36.024458315898585, -11.488335233084513], [36.024458315898585, -11.488335233084513]]], [[[37.78845462867821, -11.489298817086706], [37.78845462867821, -11.489298817086706]]], [[[37.78579196632626, -11.476080248904339], [37.78579196632626, -11.476080248904339]]], [[[37.779940986087695, -11.468066996294795], [37.779940986087695, -11.468066996294795]]], [[[35.989604387632426, -11.46884179281443], [35.989604387632426, -11.46884179281443]]], [[[35.96708334462073, -11.467137801468311], [35.96708334462073, -11.467137801468311]]], [[[35.76997684625451, -11.46023410901688], [35.76997684625451, -11.46023410901688]]], [[[37.77645159316654, -11.45997303582692], [37.77645159316654, -11.45997303582692]]], [[[35.9676475990575, -11.452908629129865], [35.9676475990575, -11.452908629129865]]], [[[35.795924119202766, -11.441473357209645], [35.795924119202766, -11.441473357209645]]], [[[35.85059151238846, -11.423368095161436], [35.85059151238846, -11.423368095161436]]], [[[38.47287467052968, -11.41780275129588], [38.47287467052968, -11.41780275129588]]], [[[38.514001999592665, -11.390500000374686], [38.514001999592665, -11.390500000374686]]], [[[38.52131999981822, -11.384921000303848], [38.52131999981822, -11.384921000303848]]], [[[37.816252571499035, -11.375954596727183], [37.816252571499035, -11.375954596727183]]], [[[38.55132846813433, -11.356842941148784], [38.55132846813433, -11.356842941148784]]], [[[38.55412447386544, -11.354967708093227], [38.55412447386544, -11.354967708093227]]], [[[38.56781606116232, -11.352759115240929], [38.56781606116232, -11.352759115240929]]], [[[38.5941199998382, -11.33443699966773], [38.5941199998382, -11.33443699966773]]], [[[38.59966273834476, -11.32172092138336], [38.59966273834476, -11.32172092138336]]], [[[38.60246857006848, -11.318044145720705], [38.60246857006848, -11.318044145720705]]], [[[38.6171339999342, -11.305374000309826], [38.6171339999342, -11.305374000309826]]], [[[37.85913519193559, -11.294548289771683], [37.85913519193559, -11.294548289771683]]], [[[37.883431109058506, -11.280126821695433], [37.883431109058506, -11.280126821695433]]], [[[37.885106326595746, -11.276862007475643], [37.885106326595746, -11.276862007475643]]], [[[38.019753951084056, -11.273976871735215], [38.019753951084056, -11.273976871735215]]], [[[37.97028555753252, -11.270924003439973], [37.97028555753252, -11.270924003439973]]], [[[38.02885711276559, -11.269248785902676], [38.02885711276559, -11.269248785902676]]], [[[38.0342680583243, -11.269349846318335], [38.0342680583243, -11.269349846318335]]], [[[38.022163962396974, -11.27059625901012], [38.022163962396974, -11.27059625901012]]], [[[37.90850533275494, -11.265934142946321], [37.90850533275494, -11.265934142946321]]], [[[37.95917452088747, -11.264955821753745], [37.95917452088747, -11.264955821753745]]], [[[38.127821271634446, -11.26607169785052], [38.127821271634446, -11.26607169785052]]], [[[37.916537534079964, -11.264005572898839], [37.916537534079964, -11.264005572898839]]], [[[38.13091614186652, -11.263481094576832], [38.13091614186652, -11.263481094576832]]], [[[38.00057000889882, -11.262337373670789], [38.00057000889882, -11.262337373670789]]], [[[37.99888145711361, -11.259956136166693], [37.99888145711361, -11.259956136166693]]], [[[38.00129006458485, -11.261531697130067], [38.00129006458485, -11.261531697130067]]], [[[38.10171609122466, -11.260086672761702], [38.10171609122466, -11.260086672761702]]], [[[37.92645970565093, -11.258215650331977], [37.92645970565093, -11.258215650331977]]], [[[37.934006255984, -11.258746919434714], [37.934006255984, -11.258746919434714]]], [[[38.11465744428568, -11.257765791458041], [38.11465744428568, -11.257765791458041]]], [[[34.740061616250614, -11.225765417440016], [34.740061616250614, -11.225765417440016]]], [[[38.84720612726102, -11.208920603802767], [38.84720612726102, -11.208920603802767]]], [[[38.852050011598806, -11.205397523177112], [38.852050011598806, -11.205397523177112]]], [[[38.85927092191554, -11.19784114865007], [38.85927092191554, -11.19784114865007]]], [[[39.23427541327976, -11.171890366547132], [39.23427541327976, -11.171890366547132]]], [[[39.219717794140934, -11.169074007359484], [39.219717794140934, -11.169074007359484]]], [[[38.912005000230636, -11.167619999663202], [38.912005000230636, -11.167619999663202]]], [[[39.267467999648545, -11.15934100008701], [39.267467999648545, -11.15934100008701]]], [[[39.27514945728166, -11.155309432883996], [39.27514945728166, -11.155309432883996]]], [[[39.27375566459227, -11.15316891601259], [39.27375566459227, -11.15316891601259]]], [[[39.090577121437036, -11.152753762875818], [39.090577121437036, -11.152753762875818]]], [[[39.17034344269575, -11.150320273861496], [39.17034344269575, -11.150320273861496]]], [[[39.27862799988236, -11.149561999686512], [39.27862799988236, -11.149561999686512]]], [[[39.128408264330005, -11.14511215150452], [39.128408264330005, -11.14511215150452]]], [[[39.13373709818859, -11.144996352999271], [39.13373709818859, -11.144996352999271]]], [[[39.344492505624714, -11.09357718873622], [39.344492505624714, -11.09357718873622]]], [[[34.63326948310021, -11.074118581007667], [34.63326948310021, -11.074118581007667]]], [[[39.41080699974327, -11.060570000305233], [39.41080699974327, -11.060570000305233]]], [[[39.494605999767145, -11.008844999996711], [39.494605999767145, -11.008844999996711]]], [[[39.49490402609996, -11.006184897115247], [39.49490402609996, -11.006184897115247]]], [[[39.63359499980942, -10.94228900013718], [39.63359499980942, -10.94228900013718]]], [[[39.64951179403414, -10.941386192318873], [39.64951179403414, -10.941386192318873]]], [[[39.64630522980258, -10.940624027676677], [39.64630522980258, -10.940624027676677]]], [[[39.74129715064305, -10.919105167569398], [39.74129715064305, -10.919105167569398]]], [[[39.74515800044139, -10.919244999557066], [39.74515800044139, -10.919244999557066]]], [[[39.803278092410096, -10.89718487348307], [39.803278092410096, -10.89718487348307]]], [[[39.84869354097418, -10.863393483422499], [39.84869354097418, -10.863393483422499]]], [[[39.89506700044177, -10.848209999991468], [39.89506700044177, -10.848209999991468]]], [[[39.88224199986843, -10.846655000228054], [39.88224199986843, -10.846655000228054]]], [[[39.90665026209996, -10.833262397041949], [39.90665026209996, -10.833262397041949]]], [[[39.92422991897564, -10.826034799366425], [39.92422991897564, -10.826034799366425]]], [[[39.9341949018733, -10.824575037807676], [39.9341949018733, -10.824575037807676]]], [[[39.92991745372757, -10.824485359211906], [39.92991745372757, -10.824485359211906]]], [[[40.039608000209114, -10.772496999636758], [40.039608000209114, -10.772496999636758]]], [[[40.07019491156598, -10.746411788673072], [40.07019491156598, -10.746411788673072]]], [[[40.07878224370563, -10.745318370446398], [40.07878224370563, -10.745318370446398]]], [[[40.08443812052292, -10.738308003111797], [40.08443812052292, -10.738308003111797]]], [[[40.10630200013725, -10.718121000283872], [40.10630200013725, -10.718121000283872]]], [[[40.110481816982315, -10.713823321888754], [40.110481816982315, -10.713823321888754]]], [[[40.16380567339314, -10.67611721983377], [40.16380567339314, -10.67611721983377]]], [[[40.17488299985064, -10.668855000058159], [40.17488299985064, -10.668855000058159]]], [[[40.199628999778554, -10.642095999930405], [40.199628999778554, -10.642095999930405]]], [[[40.36479247209496, -10.5539238935728], [40.36479247209496, -10.5539238935728]]], [[[40.370931200314715, -10.550549800033195], [40.370931200314715, -10.550549800033195]]], [[[34.573056397135076, -10.53829461260625], [34.573056397135076, -10.53829461260625]]], [[[34.57247915918589, -10.535979345770158], [34.57247915918589, -10.535979345770158]]], [[[40.38694085493654, -10.518850298702262], [40.38694085493654, -10.518850298702262]]], [[[40.39238408345875, -10.515259845365506], [40.39238408345875, -10.515259845365506]]], [[[40.432399113928, -10.47587363615935], [40.432399113928, -10.47587363615935]]], [[[40.40045769136941, -10.468266731424478], [40.40045769136941, -10.468266731424478]]], [[[40.40157777809202, -10.462794026722918], [40.40157777809202, -10.462794026722918]]], [[[40.359459427610545, -10.456919185671836], [40.359459427610545, -10.456919185671836]]], [[[40.36933949112466, -10.456552139069913], [40.36933949112466, -10.456552139069913]]], [[[40.36107920194365, -10.455834891067298], [40.36107920194365, -10.455834891067298]]], [[[40.36378748240645, -10.455029915997784], [40.36378748240645, -10.455029915997784]]], [[[40.36556656714339, -10.451162248438948], [40.36556656714339, -10.451162248438948]]], [[[40.38057615136836, -10.447753562476862], [40.38057615136836, -10.447753562476862]]], [[[40.381873795739125, -10.42920124833887], [40.381873795739125, -10.42920124833887]]], [[[40.37801104027733, -10.428931753897302], [40.37801104027733, -10.428931753897302]]], [[[40.4222081484873, -10.43387248712554], [40.4222081484873, -10.43387248712554]]], [[[40.404196227074294, -10.424026110416605], [40.404196227074294, -10.424026110416605]]], [[[40.419651459547254, -10.404546005293867], [40.419651459547254, -10.404546005293867]]], [[[40.42086067537991, -10.387339759522263], [40.377923314109694, -10.417537888562663], [40.42292680123097, -10.391921166828354], [40.42086067537991, -10.387339759522263]]], [[[40.22911108321, -10.303028666639591], [40.22911108321, -10.303028666639591]]], [[[40.30627636006602, -10.284980952209139], [40.30627636006602, -10.284980952209139]]], [[[40.302414306075434, -10.283945082499486], [40.302414306075434, -10.283945082499486]]], [[[40.22448897078942, -10.280889407420148], [40.22448897078942, -10.280889407420148]]], [[[40.24556639327449, -10.20979056588186], [40.24556639327449, -10.20979056588186]]], [[[39.98657299524757, -10.207724440930178], [39.98657299524757, -10.207724440930178]]], [[[39.985382727231126, -10.202331742615797], [39.985382727231126, -10.202331742615797]]], [[[39.97161323975928, -10.145153979172733], [39.97161323975928, -10.145153979172733]]], [[[39.97445626654354, -10.12024889187279], [39.97445626654354, -10.12024889187279]]], [[[39.943093135040215, -10.095352928195041], [39.943093135040215, -10.095352928195041]]], [[[39.68139496570518, -10.090178491743927], [39.68139496570518, -10.090178491743927]]], [[[39.66811604222164, -10.089322284995433], [39.66811604222164, -10.089322284995433]]], [[[39.94416479686794, -10.08312040098565], [39.94416479686794, -10.08312040098565]]], [[[39.66838623813442, -10.074500785882492], [39.66838623813442, -10.074500785882492]]], [[[39.68577425218007, -10.050329790887076], [39.68577425218007, -10.050329790887076]]], [[[39.69016757527345, -10.048581585271904], [39.69016757527345, -10.048581585271904]]], [[[39.897232739699234, -10.034212050345786], [39.897232739699234, -10.034212050345786]]], [[[39.70818370731229, -10.026532859004192], [39.70818370731229, -10.026532859004192]]], [[[39.805424925220166, -9.864071149763731], [39.805424925220166, -9.864071149763731]]], [[[39.80710856490839, -9.854427595357208], [39.80710856490839, -9.854427595357208]]], [[[39.78379237281979, -9.790011376723612], [39.78379237281979, -9.790011376723612]]], [[[39.739760890952425, -9.691553924673826], [39.739760890952425, -9.691553924673826]]], [[[33.88984800018511, -9.681782900360531], [33.88984800018511, -9.681782900360531]]], [[[33.883151708484604, -9.678535508706716], [33.883151708484604, -9.678535508706716]]], [[[39.74442932295494, -9.669496075683298], [39.74442932295494, -9.669496075683298]]], [[[39.73571566484611, -9.645600891068227], [39.73571566484611, -9.645600891068227]]], [[[33.826994385982175, -9.640865786926497], [33.826994385982175, -9.640865786926497]]], [[[39.697175837295106, -9.520900001333928], [39.697175837295106, -9.520900001333928]]], [[[33.347436881806686, -9.506182370320062], [33.347436881806686, -9.506182370320062]]], [[[39.68065947045824, -9.49152439223684], [39.68065947045824, -9.49152439223684]]], [[[39.62688828676505, -9.422680462233473], [39.62688828676505, -9.422680462233473]]], [[[39.616574505409176, -9.399275140135558], [39.616574505409176, -9.399275140135558]]], [[[39.640692163412666, -9.243589394434935], [39.640692163412666, -9.243589394434935]]], [[[39.523450799315015, -9.158078208442532], [39.523450799315015, -9.158078208442532]]], [[[39.51726154808205, -9.151801932513138], [39.51726154808205, -9.151801932513138]]], [[[39.5092946150545, -9.163070174249071], [39.5092946150545, -9.163070174249071]]], [[[39.485760861674464, -9.129652146729143], [39.485760861674464, -9.129652146729143]]], [[[39.502974827226524, -9.128219755137536], [39.502974827226524, -9.128219755137536]]], [[[39.502962194449765, -9.121972955387548], [39.502962194449765, -9.121972955387548]]], [[[39.50844402277346, -9.108615429358508], [39.50844402277346, -9.108615429358508]]], [[[39.50300991697412, -9.103784879268744], [39.50300991697412, -9.103784879268744]]], [[[39.51156145699571, -9.096341495563536], [39.51156145699571, -9.096341495563536]]], [[[39.581864447985936, -9.094095006179543], [39.581864447985936, -9.094095006179543]]], [[[39.51360161492266, -9.09566986477239], [39.51360161492266, -9.09566986477239]]], [[[39.57931898708165, -9.093855689388533], [39.57931898708165, -9.093855689388533]]], [[[39.57471020890904, -9.094064126158457], [39.57471020890904, -9.094064126158457]]], [[[39.5696171826869, -9.091160743173702], [39.5696171826869, -9.091160743173702]]], [[[39.57738690787954, -9.076294328320557], [39.57738690787954, -9.076294328320557]]], [[[39.53013763284554, -9.046288495017961], [39.53013763284554, -9.046288495017961]]], [[[39.54998829372482, -9.040182056956326], [39.561999750488155, -9.090216810257516], [39.54998829372482, -9.040182056956326]]], [[[39.49200274842815, -8.963779646213652], [39.515713357985135, -9.0086715454554], [39.49200274842815, -8.963779646213652]]], [[[39.45102413575529, -8.95606536512446], [39.45102413575529, -8.95606536512446]]], [[[39.45422719083223, -8.9507975880382], [39.45422719083223, -8.9507975880382]]], [[[39.45737129355041, -8.948551800125415], [39.45737129355041, -8.948551800125415]]], [[[39.46347983692499, -8.940377131799153], [39.46347983692499, -8.940377131799153]]], [[[39.44369865586833, -8.936527710585324], [39.44369865586833, -8.936527710585324]]], [[[39.4627296035884, -8.929396631749114], [39.4627296035884, -8.929396631749114]]], [[[39.450991851892525, -8.929146788393496], [39.450991851892525, -8.929146788393496]]], [[[39.45107957806016, -8.924473443394675], [39.45107957806016, -8.924473443394675]]], [[[39.40971707538279, -8.903502695792724], [39.40971707538279, -8.903502695792724]]], [[[39.399288899363285, -8.899012523808892], [39.399288899363285, -8.899012523808892]]], [[[39.413715280435895, -8.882617569045522], [39.413715280435895, -8.882617569045522]]], [[[39.35869277195394, -8.719168414990293], [39.35869277195394, -8.719168414990293]]], [[[39.35825343964456, -8.716271348843634], [39.35825343964456, -8.716271348843634]]], [[[39.36140596451372, -8.711122879417303], [39.36140596451372, -8.711122879417303]]], [[[39.34853619568895, -8.582749424646181], [39.34853619568895, -8.582749424646181]]], [[[39.29599879191079, -8.553135902599763], [39.29599879191079, -8.553135902599763]]], [[[39.31521782474289, -8.53708694040995], [39.31521782474289, -8.53708694040995]]], [[[39.317150606315465, -8.52984286985253], [39.317150606315465, -8.52984286985253]]], [[[39.291199121842055, -8.453236935336236], [39.291199121842055, -8.453236935336236]]], [[[39.30510616421816, -8.371264970102231], [39.30510616421816, -8.371264970102231]]], [[[39.34535629995332, -8.295481555529307], [39.34535629995332, -8.295481555529307]]], [[[39.33807994643246, -8.288205202008442], [39.33807994643246, -8.288205202008442]]], [[[39.34695502025801, -8.281748561646737], [39.34695502025801, -8.281748561646737]]], [[[39.25969843543447, -8.28869576599675], [39.25969843543447, -8.28869576599675]]], [[[39.33295323340508, -8.281600480177985], [39.33295323340508, -8.281600480177985]]], [[[39.281393449348286, -8.293051893130325], [39.281393449348286, -8.293051893130325]]], [[[39.32639483115656, -8.278586211684285], [39.32639483115656, -8.278586211684285]]], [[[39.281661540847495, -8.268078730748755], [39.281661540847495, -8.268078730748755]]], [[[39.318404737888386, -8.26331695811109], [39.318404737888386, -8.26331695811109]]], [[[39.271606726469315, -8.268073817752452], [39.271606726469315, -8.268073817752452]]], [[[39.26495077206056, -8.261788419100242], [39.26495077206056, -8.261788419100242]]], [[[39.32370479793815, -8.261699990562079], [39.32370479793815, -8.261699990562079]]], [[[39.34439411979287, -8.257750912774384], [39.34439411979287, -8.257750912774384]]], [[[39.284312271893896, -8.25977001667286], [39.284312271893896, -8.25977001667286]]], [[[39.337578153509014, -8.255365464644456], [39.337578153509014, -8.255365464644456]]], [[[30.981855190464728, -8.244629896752315], [30.981855190464728, -8.244629896752315]]], [[[39.347194337049075, -8.210362679893706], [39.347194337049075, -8.210362679893706]]], [[[30.95006904395126, -8.214170694521897], [30.95006904395126, -8.214170694521897]]], [[[30.940980971094973, -8.203755852750362], [30.940980971094973, -8.203755852750362]]], [[[39.28435578469174, -8.204477312278073], [39.27775948411295, -8.254499432802561], [39.28435578469174, -8.204477312278073]]], [[[39.30187433443302, -8.200013106419703], [39.29861653852248, -8.257844954880738], [39.34233150399575, -8.233495700765957], [39.30187433443302, -8.200013106419703]]], [[[39.21392436331877, -8.189382107198469], [39.21392436331877, -8.189382107198469]]], [[[39.21451318093858, -8.186467495278634], [39.21451318093858, -8.186467495278634]]], [[[30.94212123500705, -8.163419393789923], [30.94212123500705, -8.163419393789923]]], [[[39.31319029869337, -8.152912615224977], [39.31319029869337, -8.152912615224977]]], [[[39.36768504722721, -8.139417534291738], [39.36768504722721, -8.139417534291738]]], [[[39.40769305938721, -8.081896586857965], [39.40769305938721, -8.081896586857965]]], [[[39.392397137318085, -8.084458188794315], [39.392397137318085, -8.084458188794315]]], [[[39.323610755831794, -8.073950707858842], [39.323610755831794, -8.073950707858842]]], [[[39.38238723868017, -8.076628108300497], [39.3274180680894, -8.077661171225998], [39.32497296612951, -8.132197326345477], [39.37635519253814, -8.12353700612789], [39.38238723868017, -8.076628108300497]]], [[[39.18778619757501, -8.052680990535237], [39.18778619757501, -8.052680990535237]]], [[[39.18135201508346, -8.052177793770113], [39.18135201508346, -8.052177793770113]]], [[[30.899571973467857, -8.060837411617229], [30.899571973467857, -8.060837411617229]]], [[[39.05528821358024, -8.045295856818313], [39.05528821358024, -8.045295856818313]]], [[[39.174759223659294, -8.046102234830244], [39.174759223659294, -8.046102234830244]]], [[[39.13298405716853, -8.037712812895961], [39.13298405716853, -8.037712812895961]]], [[[39.21608382890565, -8.039716477233583], [39.21608382890565, -8.039716477233583]]], [[[39.227488922275995, -8.037027847856848], [39.227488922275995, -8.037027847856848]]], [[[39.15113002433122, -8.031921487386683], [39.15113002433122, -8.031921487386683]]], [[[39.42745809941181, -8.030807015131586], [39.42745809941181, -8.030807015131586]]], [[[39.10136897609743, -8.027781517702806], [39.10136897609743, -8.027781517702806]]], [[[39.05066048669215, -8.027825029601388], [39.05066048669215, -8.027825029601388]]], [[[39.25680277223023, -8.025469057650866], [39.25680277223023, -8.025469057650866]]], [[[38.95206828652226, -8.01838359602607], [38.95206828652226, -8.01838359602607]]], [[[39.03237626225473, -8.01709367143576], [39.03237626225473, -8.01709367143576]]], [[[39.23838660915476, -8.014979823959663], [39.23838660915476, -8.014979823959663]]], [[[38.84373077005904, -8.012505948190892], [38.84373077005904, -8.012505948190892]]], [[[38.92024476868119, -8.008675475692598], [38.92024476868119, -8.008675475692598]]], [[[38.979283728561256, -8.00796454362876], [38.979283728561256, -8.00796454362876]]], [[[38.866595699432025, -8.001953551515157], [38.866595699432025, -8.001953551515157]]], [[[39.43720552101803, -8.031328459141037], [39.44388323092642, -7.980558209693584], [39.415271891784414, -8.037391384404827], [39.43720552101803, -8.031328459141037]]], [[[38.734736360894374, -7.97246986369322], [38.734736360894374, -7.97246986369322]]], [[[38.74761525424066, -7.974418786297917], [38.74761525424066, -7.974418786297917]]], [[[39.43304870793156, -7.968108122092133], [39.40506127615703, -8.011305855081105], [39.43304870793156, -7.968108122092133]]], [[[39.421668176844946, -7.951178389970664], [39.421668176844946, -7.951178389970664]]], [[[39.601956530969176, -7.940508790947888], [39.601956530969176, -7.940508790947888]]], [[[39.255955689103814, -7.949246309869238], [39.255955689103814, -7.949246309869238]]], [[[39.804545559130304, -7.940109462281839], [39.804545559130304, -7.940109462281839]]], [[[38.62939205979575, -7.933371396172959], [38.62939205979575, -7.933371396172959]]], [[[39.81764481965274, -7.929463724970901], [39.81764481965274, -7.929463724970901]]], [[[38.62588231431738, -7.932523610676071], [38.62588231431738, -7.932523610676071]]], [[[39.26542589648801, -7.931715828822405], [39.26542589648801, -7.931715828822405]]], [[[38.6350100382827, -7.934130753131683], [38.6350100382827, -7.934130753131683]]], [[[38.62256486367755, -7.92775061000259], [38.62256486367755, -7.92775061000259]]], [[[39.40401207219941, -7.918634114073086], [39.40401207219941, -7.918634114073086]]], [[[38.61751956087909, -7.912355732830747], [38.61751956087909, -7.912355732830747]]], [[[39.27687801181082, -7.912211861987771], [39.27687801181082, -7.912211861987771]]], [[[38.59314854946604, -7.897030334582212], [38.59314854946604, -7.897030334582212]]], [[[38.577978251894876, -7.89151131119803], [38.577978251894876, -7.89151131119803]]], [[[39.26869071160712, -7.893983783125066], [39.26869071160712, -7.893983783125066]]], [[[39.3330430648856, -7.887101144702001], [39.3330430648856, -7.887101144702001]]], [[[38.56544114049626, -7.883774571339359], [38.56544114049626, -7.883774571339359]]], [[[39.27757490815554, -7.879872514604813], [39.27757490815554, -7.879872514604813]]], [[[38.53820674974173, -7.878656279563586], [38.53820674974173, -7.878656279563586]]], [[[38.52293960148148, -7.876573311209313], [38.52293960148148, -7.876573311209313]]], [[[38.531233577467674, -7.871031127584445], [38.531233577467674, -7.871031127584445]]], [[[38.50130845202352, -7.87128939309099], [38.50130845202352, -7.87128939309099]]], [[[38.485310020041425, -7.869223268139251], [38.485310020041425, -7.869223268139251]]], [[[39.24060643004276, -7.869014128998799], [39.24060643004276, -7.869014128998799]]], [[[38.46635486718344, -7.866976076384788], [38.46635486718344, -7.866976076384788]]], [[[38.43059349959037, -7.871288691619782], [38.43059349959037, -7.871288691619782]]], [[[38.42505693043307, -7.865048207808513], [38.42505693043307, -7.865048207808513]]], [[[38.41872872135343, -7.865425780974988], [38.41872872135343, -7.865425780974988]]], [[[39.24276870331306, -7.862763118622979], [39.24276870331306, -7.862763118622979]]], [[[39.30238525187792, -7.865508595045583], [39.30238525187792, -7.865508595045583]]], [[[38.416579782331155, -7.862754697371315], [38.416579782331155, -7.862754697371315]]], [[[39.30627467583565, -7.861859890821279], [39.30627467583565, -7.861859890821279]]], [[[39.24276168500381, -7.85579626318696], [39.24276168500381, -7.85579626318696]]], [[[39.3663017820017, -7.864453775721131], [39.3663017820017, -7.864453775721131]]], [[[30.784514112935994, -7.851951754969491], [30.784514112935994, -7.851951754969491]]], [[[38.383122453538476, -7.848880639429922], [38.383122453538476, -7.848880639429922]]], [[[38.381822703854766, -7.847580889746212], [38.381822703854766, -7.847580889746212]]], [[[38.37920706255596, -7.849187329831352], [38.37920706255596, -7.849187329831352]]], [[[38.39242071774197, -7.846948560227816], [38.39242071774197, -7.846948560227816]]], [[[39.85453680053297, -7.846733806619852], [39.85453680053297, -7.846733806619852]]], [[[38.35165054183909, -7.844325900619765], [38.35165054183909, -7.844325900619765]]], [[[38.362055558517284, -7.848295330964731], [38.362055558517284, -7.848295330964731]]], [[[38.335457708806246, -7.841072315335055], [38.335457708806246, -7.841072315335055]]], [[[38.32763043509658, -7.835300640012463], [38.32763043509658, -7.835300640012463]]], [[[30.776902645940424, -7.833337680789271], [30.776902645940424, -7.833337680789271]]], [[[39.24069766536502, -7.842456282031719], [39.24069766536502, -7.842456282031719]]], [[[39.24743502910337, -7.821525538073104], [39.24743502910337, -7.821525538073104]]], [[[38.31409254463529, -7.818253705544009], [38.31409254463529, -7.818253705544009]]], [[[38.31648501017514, -7.815544022138852], [38.31648501017514, -7.815544022138852]]], [[[38.28292591949565, -7.811279831798743], [38.28292591949565, -7.811279831798743]]], [[[39.266525631552724, -7.84528737930907], [39.266525631552724, -7.84528737930907]]], [[[38.28997909725757, -7.808695771992234], [38.28997909725757, -7.808695771992234]]], [[[38.30269727545897, -7.808683139215475], [38.30269727545897, -7.808683139215475]]], [[[38.29697402503126, -7.804474392079499], [38.29697402503126, -7.804474392079499]]], [[[39.42507826574939, -7.861367221520027], [39.433608750843234, -7.810608201007597], [39.39150934907724, -7.841016170659714], [39.33560607066369, -7.888765834775427], [39.28934494281492, -7.910168194906248], [39.33900563210432, -7.904178256821069], [39.39157110822015, -7.893167579120416], [39.43833894198866, -7.856038387661442], [39.42507826574939, -7.861367221520027]]], [[[39.2859460828455, -7.797568594315123], [39.2859460828455, -7.797568594315123]]], [[[37.95031418605089, -7.796688525854734], [37.95031418605089, -7.796688525854734]]], [[[38.262794535239664, -7.799160296310561], [38.262794535239664, -7.799160296310561]]], [[[39.32457714661808, -7.798332864270208], [39.28752866211812, -7.833889302449279], [39.24018745029065, -7.864510622767], [39.28876103819141, -7.848693256688421], [39.32766370081919, -7.800042470083895], [39.32457714661808, -7.798332864270208]]], [[[38.24338601435312, -7.798616394431008], [38.24338601435312, -7.798616394431008]]], [[[39.81573098679564, -7.790691570359627], [39.81573098679564, -7.790691570359627]]], [[[37.98608467636677, -7.788318052635987], [37.98608467636677, -7.788318052635987]]], [[[38.265048744404055, -7.786493349788202], [38.265048744404055, -7.786493349788202]]], [[[38.01546589993137, -7.787469566567211], [38.01546589993137, -7.787469566567211]]], [[[38.00263964300518, -7.788916696248464], [38.00263964300518, -7.788916696248464]]], [[[39.78514405565369, -7.780986256810252], [39.78514405565369, -7.780986256810252]]], [[[39.34800282037389, -7.799742797991712], [39.30483877508948, -7.835700671049096], [39.34781614000292, -7.800319684305919], [39.34800282037389, -7.799742797991712]]], [[[38.00381025993562, -7.780292869620212], [38.00381025993562, -7.780292869620212]]], [[[38.04566683665524, -7.77993143838512], [38.04566683665524, -7.77993143838512]]], [[[38.04261958282751, -7.771487275617233], [38.04261958282751, -7.771487275617233]]], [[[38.02232257132965, -7.776147285468824], [38.02232257132965, -7.776147285468824]]], [[[39.367945418046645, -7.770367890365776], [39.349220459256856, -7.820627924738915], [39.303734127927726, -7.865465784618209], [39.35635715256058, -7.870170710210061], [39.39718627992295, -7.838595632782187], [39.392248353478806, -7.776486961204228], [39.367945418046645, -7.770367890365776]]], [[[39.30034649689338, -7.805266734372253], [39.30034649689338, -7.805266734372253]]], [[[38.03669000004351, -7.772244527263069], [38.03669000004351, -7.772244527263069]]], [[[38.22999901214473, -7.772884576561921], [38.22999901214473, -7.772884576561921]]], [[[38.212494498122624, -7.753972935602462], [38.212494498122624, -7.753972935602462]]], [[[38.20189016739738, -7.754509820072087], [38.20189016739738, -7.754509820072087]]], [[[39.8403216639137, -7.749879285500583], [39.8403216639137, -7.749879285500583]]], [[[38.19303895528361, -7.75042529269308], [38.19303895528361, -7.75042529269308]]], [[[38.184992015868886, -7.734474583235396], [38.184992015868886, -7.734474583235396]]], [[[39.34476888617519, -7.745394727984262], [39.30476578701149, -7.788391040713918], [39.35253439984274, -7.768721446637414], [39.34476888617519, -7.745394727984262]]], [[[38.123110730675705, -7.723155811291633], [38.123110730675705, -7.723155811291633]]], [[[38.12571865219411, -7.722291183291418], [38.12571865219411, -7.722291183291418]]], [[[38.17188643940773, -7.71850281974929], [38.17188643940773, -7.71850281974929]]], [[[39.60896338914915, -7.963685323718664], [39.64857417705667, -7.995080036714285], [39.70229272522914, -7.992291749864307], [39.749998877446274, -7.973117633671791], [39.75186358303796, -7.920395653936225], [39.80268015116809, -7.904117200048688], [39.856578362301605, -7.870537755912665], [39.8838724068861, -7.803587306209181], [39.9063864315886, -7.709737929961477], [39.90981546920858, -7.650042077379908], [39.867245153640965, -7.684761258425283], [39.842430599292754, -7.733254137568338], [39.801263200036715, -7.766924114656092], [39.758473217864776, -7.81138369989776], [39.71577306717336, -7.840346645181455], [39.68435379099469, -7.883561923044283], [39.64624347065967, -7.92083568771676], [39.600089017694074, -7.946394159462841], [39.60896338914915, -7.963685323718664]]], [[[30.567124726924646, -7.457196960771057], [30.567124726924646, -7.457196960771057]]], [[[30.562106969461126, -7.454160936777782], [30.562106969461126, -7.454160936777782]]], [[[30.548084567448882, -7.446608070505988], [30.548084567448882, -7.446608070505988]]], [[[39.3196406231163, -7.415248448157286], [39.3196406231163, -7.415248448157286]]], [[[39.332854278302364, -7.413754297422827], [39.332854278302364, -7.413754297422827]]], [[[30.592071308943787, -7.399237383398486], [30.592071308943787, -7.399237383398486]]], [[[30.56109101343958, -7.391320278208241], [30.56109101343958, -7.391320278208241]]], [[[30.55250412016909, -7.37457792882833], [30.55250412016909, -7.37457792882833]]], [[[39.34777754020138, -7.342364906515172], [39.34777754020138, -7.342364906515172]]], [[[39.35211822687472, -7.328499973095234], [39.35211822687472, -7.328499973095234]]], [[[39.36026061223754, -7.32159838595669], [39.36026061223754, -7.32159838595669]]], [[[39.35843731323149, -7.322266507593213], [39.35843731323149, -7.322266507593213]]], [[[39.29548366384006, -6.869752151540524], [39.29548366384006, -6.869752151540524]]], [[[39.35676349953593, -6.822676574264449], [39.35676349953593, -6.822676574264449]]], [[[39.22205902800181, -6.676758954362185], [39.22205902800181, -6.676758954362185]]], [[[39.0998607896438, -6.542421177795063], [39.0998607896438, -6.542421177795063]]], [[[39.07500482870995, -6.504911253851219], [39.07500482870995, -6.504911253851219]]], [[[39.00161387967688, -6.476573620675993], [39.00161387967688, -6.476573620675993]]], [[[39.007318882860204, -6.476750475953679], [39.007318882860204, -6.476750475953679]]], [[[38.987191709230046, -6.473692344825793], [38.987191709230046, -6.473692344825793]]], [[[38.99568359542167, -6.472122749065591], [38.99568359542167, -6.472122749065591]]], [[[39.00667321909384, -6.471252506597864], [39.00667321909384, -6.471252506597864]]], [[[38.9770884708563, -6.468170162123215], [38.9770884708563, -6.468170162123215]]], [[[39.452905684749624, -6.418242083705138], [39.452905684749624, -6.418242083705138]]], [[[38.85586293832398, -6.392308846476055], [38.85586293832398, -6.392308846476055]]], [[[39.40432718475182, -6.329110967297254], [39.434488117832416, -6.376631842085771], [39.45718741996353, -6.423329144724221], [39.483738950991835, -6.469987846661752], [39.53449656766253, -6.466380199186801], [39.57015617246941, -6.418044173499766], [39.56554879723927, -6.356224647449494], [39.54464402030533, -6.309617527926548], [39.53685253961305, -6.258959918565324], [39.5358812358304, -6.191025883937357], [39.51284366180562, -6.133547746930901], [39.51271312521061, -6.186770466483779], [39.45631296597065, -6.196900724988438], [39.433915441244665, -6.14827134314794], [39.42628678011084, -6.08597774577629], [39.40400435241901, -6.025168823882098], [39.35779445624922, -5.921545356632862], [39.36070485754317, -5.827761248682634], [39.343601076028904, -5.772964021272514], [39.30881452137311, -5.724790464408386], [39.290552054233956, -5.776066717405058], [39.28940249133194, -5.829353653048599], [39.2579965494013, -5.87229031284761], [39.22082103746095, -5.909073864267384], [39.1819941696952, -5.949213465229207], [39.189240345565565, -6.00080693609118], [39.202809116047945, -6.054706901802035], [39.214153854117114, -6.108484752169545], [39.20175710440691, -6.157263267685607], [39.20054788767493, -6.216283981220727], [39.23262756660898, -6.261043589290182], [39.26553958968037, -6.305544229482564], [39.27946137014618, -6.25733558287078], [39.33387330460937, -6.262249296867537], [39.38835612273692, -6.320042897161954], [39.40998656982441, -6.375643695799852], [39.40432718475182, -6.329110967297254]]], [[[39.41691623019989, -6.305203852275895], [39.41691623019989, -6.305203852275895]]], [[[38.853570830829256, -6.248264353417142], [38.853570830829256, -6.248264353417142]]], [[[38.84945752964131, -6.193835575551304], [38.84945752964131, -6.193835575551304]]], [[[38.788662644365616, -6.192338266397826], [38.788662644365616, -6.192338266397826]]], [[[39.508752818487835, -6.183486351913587], [39.508752818487835, -6.183486351913587]]], [[[38.85276164513385, -6.169839681256235], [38.85276164513385, -6.169839681256235]]], [[[38.852085102245724, -6.153178390470316], [38.852085102245724, -6.153178390470316]]], [[[38.8145783367209, -6.138753062503781], [38.8145783367209, -6.138753062503781]]], [[[38.78701620153652, -6.085091360477861], [38.78701620153652, -6.085091360477861]]], [[[39.21069955184288, -5.915036782221648], [39.21069955184288, -5.915036782221648]]], [[[39.204405731039685, -5.911433345372529], [39.204405731039685, -5.911433345372529]]], [[[39.235623587858356, -5.856237841503116], [39.235623587858356, -5.856237841503116]]], [[[39.250226122737445, -5.827018735126501], [39.250226122737445, -5.827018735126501]]], [[[39.28664789218652, -5.771616548165127], [39.28664789218652, -5.771616548165127]]], [[[38.905672411452656, -5.648008376085613], [38.905672411452656, -5.648008376085613]]], [[[38.89439504609453, -5.648049782671308], [38.89439504609453, -5.648049782671308]]], [[[39.729666775301496, -5.445468473391259], [39.729666775301496, -5.445468473391259]]], [[[39.7370631379535, -5.45253498630052], [39.7370631379535, -5.45253498630052]]], [[[39.76255844671499, -5.410491026839395], [39.76255844671499, -5.410491026839395]]], [[[39.79746992349823, -5.389972244323587], [39.79746992349823, -5.389972244323587]]], [[[39.62821751262817, -5.389099895643596], [39.62821751262817, -5.389099895643596]]], [[[39.638967117138804, -5.369081503108816], [39.638967117138804, -5.369081503108816]]], [[[39.08825076685946, -5.240663132597433], [39.08825076685946, -5.240663132597433]]], [[[39.056722710484735, -5.235635023937164], [39.056722710484735, -5.235635023937164]]], [[[39.09058638625277, -5.233117285534263], [39.09058638625277, -5.233117285534263]]], [[[39.09360626921398, -5.218130509915056], [39.09360626921398, -5.218130509915056]]], [[[39.06749968586189, -5.216377391303524], [39.06749968586189, -5.216377391303524]]], [[[29.967897863595567, -5.208123769696158], [29.967897863595567, -5.208123769696158]]], [[[39.74219897460307, -5.199180270053375], [39.74219897460307, -5.199180270053375]]], [[[39.738092691724376, -5.196249165466554], [39.738092691724376, -5.196249165466554]]], [[[29.79850456493375, -5.1846987974115], [29.79850456493375, -5.1846987974115]]], [[[29.80416395090566, -5.185776775177999], [29.80416395090566, -5.185776775177999]]], [[[39.68007977556124, -5.135998883541617], [39.68007977556124, -5.135998883541617]]], [[[39.84724781513461, -5.128489179332121], [39.84724781513461, -5.128489179332121]]], [[[39.83852573577411, -5.102595944846939], [39.83852573577411, -5.102595944846939]]], [[[39.728121392888, -5.073045235049506], [39.728121392888, -5.073045235049506]]], [[[39.71945756351579, -5.069025274496767], [39.71945756351579, -5.069025274496767]]], [[[39.08659941103406, -5.057962662746661], [39.08659941103406, -5.057962662746661]]], [[[39.11010649501878, -5.055230521471344], [39.11010649501878, -5.055230521471344]]], [[[39.849162349462915, -5.063330096406787], [39.849162349462915, -5.063330096406787]]], [[[39.67077870457359, -5.038946101481372], [39.67077870457359, -5.038946101481372]]], [[[39.101102289339224, -5.031816075751237], [39.101102289339224, -5.031816075751237]]], [[[39.101901649041906, -5.027684176583421], [39.101901649041906, -5.027684176583421]]], [[[39.85626956658729, -5.016941941117636], [39.874210605235305, -4.965395491308811], [39.87522331560359, -4.904708683858644], [39.85099196440768, -4.949222308462708], [39.813736446979476, -4.984128872249585], [39.78777794419682, -4.93932364696866], [39.74577679606233, -4.910940746418248], [39.69253407378852, -4.899163693449623], [39.673059583133295, -4.950116412642274], [39.712897757425594, -4.985051751137348], [39.691759277268886, -5.034050634728942], [39.729876616812476, -5.070032369498222], [39.68554826963697, -5.102831752483326], [39.71082321032293, -5.151094088621221], [39.738489213606385, -5.196144245160724], [39.75543859681386, -5.246636227280021], [39.702268863517304, -5.256852457374976], [39.66573691003043, -5.299911231618012], [39.68571600219178, -5.352145804884913], [39.641260628475266, -5.386130893625818], [39.6432284997955, -5.436511288764905], [39.69767692874734, -5.442454555633162], [39.74829418372963, -5.442921258809008], [39.789693882366805, -5.402376363078645], [39.80927785558862, -5.355145335288967], [39.827822449946154, -5.300080368014505], [39.82375967896604, -5.250220715413661], [39.85283982659678, -5.204725612097263], [39.859742817577, -5.152506478391217], [39.8304128265907, -5.11104852976581], [39.83102690886483, -5.058713597554458], [39.84650179242385, -5.006926778747811], [39.85626956658729, -5.016941941117636]]], [[[39.662073468615745, -5.019207729952711], [39.662073468615745, -5.019207729952711]]], [[[39.667671095444746, -4.995609410645727], [39.667671095444746, -4.995609410645727]]], [[[39.11115850665982, -4.982038885586064], [39.11115850665982, -4.982038885586064]]], [[[39.117627078327075, -4.978985666555218], [39.117627078327075, -4.978985666555218]]], [[[39.106397436392626, -4.972426912671835], [39.106397436392626, -4.972426912671835]]], [[[39.146446854239, -4.965567785225062], [39.146446854239, -4.965567785225062]]], [[[39.67356769289478, -4.961646077404509], [39.67356769289478, -4.961646077404509]]], [[[39.84921498498363, -4.954910818979045], [39.84921498498363, -4.954910818979045]]], [[[39.81111659415552, -4.953294904536165], [39.81111659415552, -4.953294904536165]]], [[[39.84740572169676, -4.949130722404846], [39.84740572169676, -4.949130722404846]]], [[[39.139472980493736, -4.947168464652862], [39.139472980493736, -4.947168464652862]]], [[[39.80502559655412, -4.940355656788086], [39.80502559655412, -4.940355656788086]]], [[[39.80439045935225, -4.929672372781738], [39.80439045935225, -4.929672372781738]]], [[[39.11762006001783, -4.921854222694151], [39.11762006001783, -4.921854222694151]]], [[[39.169410738714646, -4.859024092487857], [39.169410738714646, -4.859024092487857]]], [[[39.17035958462719, -4.856905332015401], [39.17035958462719, -4.856905332015401]]], [[[39.18571726583917, -4.781669327577333], [39.18571726583917, -4.781669327577333]]], [[[39.21819627254001, -4.679564607520547], [39.21819627254001, -4.679564607520547]]], [[[32.77239303291219, -3.242773787879969], [32.77239303291219, -3.242773787879969]]], [[[32.77568556873405, -3.240719417966716], [32.77568556873405, -3.240719417966716]]], [[[32.76911839359906, -3.117991839551735], [32.76911839359906, -3.117991839551735]]], [[[32.76539389451267, -3.104747128976783], [32.76539389451267, -3.104747128976783]]], [[[32.93344129927658, -2.814772909342253], [32.93344129927658, -2.814772909342253]]], [[[31.79740346160054, -2.822649309418068], [31.79740346160054, -2.822649309418068]]], [[[31.788996494792457, -2.816106521198947], [31.788996494792457, -2.816106521198947]]], [[[32.89621315181557, -2.804750904930245], [32.89621315181557, -2.804750904930245]]], [[[31.795818602546547, -2.81018237841397], [31.795818602546547, -2.81018237841397]]], [[[30.43825819995601, -2.801446499856013], [30.43825819995601, -2.801446499856013]]], [[[31.803013370470694, -2.8004888208024], [31.803013370470694, -2.8004888208024]]], [[[32.882174169902044, -2.798166008654334], [32.882174169902044, -2.798166008654334]]], [[[31.804171354624373, -2.796256913425793], [31.804171354624373, -2.796256913425793]]], [[[31.800221926101074, -2.797248218130733], [31.800221926101074, -2.797248218130733]]], [[[31.82436730570663, -2.795849162608704], [31.82436730570663, -2.795849162608704]]], [[[31.839449000271202, -2.781745438501162], [31.839449000271202, -2.781745438501162]]], [[[31.802293139416918, -2.785124296648917], [31.802293139416918, -2.785124296648917]]], [[[31.802841427290105, -2.769372550502737], [31.802841427290105, -2.769372550502737]]], [[[32.90280875092316, -2.762880292491445], [32.90280875092316, -2.762880292491445]]], [[[31.869119544731234, -2.763558240120631], [31.869119544731234, -2.763558240120631]]], [[[31.814505137801916, -2.759698643077854], [31.814505137801916, -2.759698643077854]]], [[[31.798155801149335, -2.758710495892615], [31.798155801149335, -2.758710495892615]]], [[[32.88197239980644, -2.750894452017292], [32.88197239980644, -2.750894452017292]]], [[[31.815043425213958, -2.749007990026655], [31.815043425213958, -2.749007990026655]]], [[[31.795935453258608, -2.749874547971956], [31.795935453258608, -2.749874547971956]]], [[[31.79942379397295, -2.74118773462618], [31.79942379397295, -2.74118773462618]]], [[[31.816088067810142, -2.72902293266219], [31.816088067810142, -2.72902293266219]]], [[[31.817321320722442, -2.726997337457135], [31.817321320722442, -2.726997337457135]]], [[[31.90595450319779, -2.720989152127629], [31.90595450319779, -2.720989152127629]]], [[[31.794499201776773, -2.722124152307742], [31.794499201776773, -2.722124152307742]]], [[[31.799169037621027, -2.716997440179682], [31.799169037621027, -2.716997440179682]]], [[[31.78378275796797, -2.718735469066587], [31.78378275796797, -2.718735469066587]]], [[[31.775834598288156, -2.715976307660412], [31.775834598288156, -2.715976307660412]]], [[[31.99883783939481, -2.709571075244867], [31.99883783939481, -2.709571075244867]]], [[[31.76566854766537, -2.70800253259074], [31.76566854766537, -2.70800253259074]]], [[[31.76545554863469, -2.697892977378956], [31.76545554863469, -2.697892977378956]]], [[[31.99619114360644, -2.693808977002618], [31.99619114360644, -2.693808977002618]]], [[[31.816797596032302, -2.703600611978629], [31.816797596032302, -2.703600611978629]]], [[[32.89581487535628, -2.688794904061524], [32.89581487535628, -2.688794904061524]]], [[[31.773399321421607, -2.67147566746803], [31.773399321421607, -2.67147566746803]]], [[[32.81433873874187, -2.662361627587018], [32.81433873874187, -2.662361627587018]]], [[[32.862634761684944, -2.610032310742497], [32.862634761684944, -2.610032310742497]]], [[[35.973487349461664, -2.59817998901525], [35.973487349461664, -2.59817998901525]]], [[[35.977973310819664, -2.597509585798718], [35.977973310819664, -2.597509585798718]]], [[[35.977973310819664, -2.597509585798718], [35.977973310819664, -2.597509585798718]]], [[[35.97534644058584, -2.588536960712133], [35.97534644058584, -2.588536960712133]]], [[[32.88556390624933, -2.555382111695053], [32.88556390624933, -2.555382111695053]]], [[[32.82879950809087, -2.550038539746765], [32.82879950809087, -2.550038539746765]]], [[[32.8916717481527, -2.539707914988242], [32.8916717481527, -2.539707914988242]]], [[[31.764638116156164, -2.52815228320128], [31.764638116156164, -2.52815228320128]]], [[[32.872186729134285, -2.518858755726967], [32.872186729134285, -2.518858755726967]]], [[[32.15061152789974, -2.518188353409755], [32.15061152789974, -2.518188353409755]]], [[[31.752004330335637, -2.52080013481833], [31.752004330335637, -2.52080013481833]]], [[[32.838003028716855, -2.514154005502917], [32.838003028716855, -2.514154005502917]]], [[[32.15069556954495, -2.51568465072603], [32.15069556954495, -2.51568465072603]]], [[[32.15655269035443, -2.510568113527597], [32.15655269035443, -2.510568113527597]]], [[[32.864772120137275, -2.509923853602913], [32.864772120137275, -2.509923853602913]]], [[[32.14912755389355, -2.510326340688039], [32.14912755389355, -2.510326340688039]]], [[[33.3113460161058, -2.507268384028635], [33.3113460161058, -2.507268384028635]]], [[[33.31581443259006, -2.507548756669735], [33.31581443259006, -2.507548756669735]]], [[[32.08189041471093, -2.510552673966686], [32.08189041471093, -2.510552673966686]]], [[[32.152816611597416, -2.502418710754853], [32.152816611597416, -2.502418710754853]]], [[[32.148317490459874, -2.504043221817199], [32.148317490459874, -2.504043221817199]]], [[[32.143843459508105, -2.494512308396281], [32.143843459508105, -2.494512308396281]]], [[[33.346657523925614, -2.493465735854954], [33.346657523925614, -2.493465735854954]]], [[[32.140977624118136, -2.492901130682583], [32.140977624118136, -2.492901130682583]]], [[[32.15840634237884, -2.49078605473261], [32.15840634237884, -2.49078605473261]]], [[[32.07493426120726, -2.492008254976952], [32.07493426120726, -2.492008254976952]]], [[[32.67419033721433, -2.489752465703702], [32.67419033721433, -2.489752465703702]]], [[[32.13041592845241, -2.481969757897957], [32.13041592845241, -2.481969757897957]]], [[[32.130981937466515, -2.475811561154558], [32.130981937466515, -2.475811561154558]]], [[[32.045814286200425, -2.477105696370757], [32.045814286200425, -2.477105696370757]]], [[[31.856725952540728, -2.478807231668384], [31.856725952540728, -2.478807231668384]]], [[[33.39349202893402, -2.470963992294344], [33.39349202893402, -2.470963992294344]]], [[[33.18326872517156, -2.458135103951861], [33.18326872517156, -2.458135103951861]]], [[[32.73097157877538, -2.450862961956091], [32.73097157877538, -2.450862961956091]]], [[[31.96985138313488, -2.435543353542869], [31.96985138313488, -2.435543353542869]]], [[[31.98427618499801, -2.438719476622509], [31.98427618499801, -2.438719476622509]]], [[[31.966301108809148, -2.433409240743799], [31.966301108809148, -2.433409240743799]]], [[[31.97179012991063, -2.429143998196935], [31.97179012991063, -2.429143998196935]]], [[[32.001581035136724, -2.428985652765618], [32.001581035136724, -2.428985652765618]]], [[[32.747816743148235, -2.424029303709347], [32.747816743148235, -2.424029303709347]]], [[[32.705369595130776, -2.430913696709695], [32.705369595130776, -2.430913696709695]]], [[[32.62577184909162, -2.408635479643635], [32.62577184909162, -2.408635479643635]]], [[[32.04986652971661, -2.403219621088567], [32.04986652971661, -2.403219621088567]]], [[[31.96993051268305, -2.383748376086658], [31.96993051268305, -2.383748376086658]]], [[[31.930191293493465, -2.385462456027483], [31.930191293493465, -2.385462456027483]]], [[[31.91695991716648, -2.371111695348418], [31.91695991716648, -2.371111695348418]]], [[[32.70200722875063, -2.366255792470781], [32.70200722875063, -2.366255792470781]]], [[[33.00010892029047, -2.365064735748888], [33.00010892029047, -2.365064735748888]]], [[[32.0548037546896, -2.36677478043174], [32.0548037546896, -2.36677478043174]]], [[[32.922934520711635, -2.366953653788016], [32.922934520711635, -2.366953653788016]]], [[[32.64977265638305, -2.359907756937389], [32.64977265638305, -2.359907756937389]]], [[[32.69952879162048, -2.336951505007903], [32.69952879162048, -2.336951505007903]]], [[[31.79339472998288, -2.342431228018711], [31.79339472998288, -2.342431228018711]]], [[[32.68551226667779, -2.316916619806136], [32.68551226667779, -2.316916619806136]]], [[[33.649403083385664, -2.307491064660837], [33.649403083385664, -2.307491064660837]]], [[[31.77627200065234, -2.291995127073392], [31.77627200065234, -2.291995127073392]]], [[[33.33471484371512, -2.286612429220213], [33.33471484371512, -2.286612429220213]]], [[[33.15673614285873, -2.282666070982316], [33.15673614285873, -2.282666070982316]]], [[[33.12218539583938, -2.279569954289911], [33.12218539583938, -2.279569954289911]]], [[[31.758587472034264, -2.283479116567946], [31.758587472034264, -2.283479116567946]]], [[[32.474543992411384, -2.270522850049417], [32.474543992411384, -2.270522850049417]]], [[[32.44055820219933, -2.268125295246136], [32.41103942373047, -2.316411668463672], [32.439414253764824, -2.361235491724528], [32.43441877880366, -2.412051884486857], [32.48321624393458, -2.399077195356256], [32.5278098740265, -2.374834703358829], [32.52700560132752, -2.324242099693095], [32.542357667172666, -2.272963039013007], [32.51590930277217, -2.318820714804076], [32.468301754922095, -2.337739636674826], [32.47127251151727, -2.286614710800222], [32.44055820219933, -2.268125295246136]]], [[[31.69995380692268, -2.265585713210044], [31.69995380692268, -2.265585713210044]]], [[[31.754226608171507, -2.265623697875299], [31.754226608171507, -2.265623697875299]]], [[[32.19683072305946, -2.249636144092733], [32.19683072305946, -2.249636144092733]]], [[[32.548120218873066, -2.247774420652945], [32.548120218873066, -2.247774420652945]]], [[[32.230920907473944, -2.247166654317596], [32.230920907473944, -2.247166654317596]]], [[[32.17593541958399, -2.243860784247772], [32.17593541958399, -2.243860784247772]]], [[[32.538292790879666, -2.244948149137713], [32.538292790879666, -2.244948149137713]]], [[[32.323615457987046, -2.237816280696734], [32.323615457987046, -2.237816280696734]]], [[[33.473637536742956, -2.223222518704233], [33.473637536742956, -2.223222518704233]]], [[[31.732277364009178, -2.220709517030514], [31.732277364009178, -2.220709517030514]]], [[[32.065877595374786, -2.234237495164223], [32.065877595374786, -2.234237495164223]]], [[[32.0342932180576, -2.217149592079977], [31.99922716849909, -2.256200863179231], [31.944937874583275, -2.274800373738231], [31.988616872570674, -2.302228375938739], [31.95449510576458, -2.339544424935241], [32.00241917000875, -2.361846942582304], [32.04770373124228, -2.335599996642486], [32.07809836664637, -2.277496547527619], [32.04179941401179, -2.241915194530577], [32.0342932180576, -2.217149592079977]]], [[[31.831213098905437, -2.21855277099354], [31.831213098905437, -2.21855277099354]]], [[[33.447601835256535, -2.211075349747546], [33.447601835256535, -2.211075349747546]]], [[[32.083247537543855, -2.211823477771247], [32.083247537543855, -2.211823477771247]]], [[[32.285009659768036, -2.213106647553673], [32.285009659768036, -2.213106647553673]]], [[[33.251629108596546, -2.205167874098038], [33.251629108596546, -2.205167874098038]]], [[[33.45608810698059, -2.20302841033282], [33.45608810698059, -2.20302841033282]]], [[[33.505313323850885, -2.196274553927481], [33.505313323850885, -2.196274553927481]]], [[[31.815466089488496, -2.186705040705021], [31.77591407767261, -2.241419981047216], [31.79331612743738, -2.291765636275045], [31.830139331764826, -2.329229503238935], [31.848430046609394, -2.375936367469308], [31.83516937037018, -2.428835290616121], [31.8785888743771, -2.455219877795059], [31.917763313026512, -2.418809513548183], [31.891237924390737, -2.371387593862323], [31.91255010230543, -2.323689336793393], [31.858533110514713, -2.315509843604332], [31.845352264395558, -2.266013816584348], [31.846111095250876, -2.213980486410264], [31.815466089488496, -2.186705040705021]]], [[[32.15065819821734, -2.181273479087736], [32.15065819821734, -2.181273479087736]]], [[[31.734985292837052, -2.190484105257212], [31.734985292837052, -2.190484105257212]]], [[[32.127961878238125, -2.178437557846962], [32.127961878238125, -2.178437557846962]]], [[[33.305711193316995, -2.177950590247519], [33.269990530838356, -2.219143079689331], [33.307415887033585, -2.178480368274336], [33.305711193316995, -2.177950590247519]]], [[[32.13664763937709, -2.169502304088041], [32.13664763937709, -2.169502304088041]]], [[[33.16582842634085, -2.163506664301053], [33.16582842634085, -2.163506664301053]]], [[[33.1697353960717, -2.165709027549553], [33.1697353960717, -2.165709027549553]]], [[[32.15424479166387, -2.165739380567913], [32.15424479166387, -2.165739380567913]]], [[[32.12812943542514, -2.163123301299265], [32.12812943542514, -2.163123301299265]]], [[[31.82314054410091, -2.151697679104586], [31.82314054410091, -2.151697679104586]]], [[[33.00986757173109, -2.133294236040115], [33.00986757173109, -2.133294236040115]]], [[[31.741471409378107, -2.132045015664914], [31.741471409378107, -2.132045015664914]]], [[[32.77966026281092, -2.114437248680019], [32.77966026281092, -2.114437248680019]]], [[[33.19123179830888, -2.111648786462297], [33.19123179830888, -2.111648786462297]]], [[[33.19622411485108, -2.111454737046415], [33.19622411485108, -2.111454737046415]]], [[[32.88377499551967, -2.09979471015771], [32.88377499551967, -2.09979471015771]]], [[[31.766050331457677, -2.09959039677932], [31.777092063647842, -2.150418106610289], [31.767871875886442, -2.099181856357518], [31.766050331457677, -2.09959039677932]]], [[[31.779001861246968, -2.046071425256002], [31.779001861246968, -2.046071425256002]]], [[[33.32315780808642, -2.020276532535888], [33.32315780808642, -2.020276532535888]]], [[[31.774007614759682, -2.022378010736531], [31.774007614759682, -2.022378010736531]]], [[[31.793199627460865, -2.007438081702048], [31.793199627460865, -2.007438081702048]]], [[[31.796675335398447, -2.003723232341258], [31.796675335398447, -2.003723232341258]]], [[[33.2846007854979, -1.996041760318917], [33.2846007854979, -1.996041760318917]]], [[[31.79339402851167, -1.996668914238967], [31.79339402851167, -1.996668914238967]]], [[[33.26785106707314, -1.994633405807008], [33.26785106707314, -1.994633405807008]]], [[[33.34630170625877, -1.99694060212704], [33.34630170625877, -1.99694060212704]]], [[[31.768600529091202, -2.000621501181286], [31.768600529091202, -2.000621501181286]]], [[[33.29409660917122, -1.994662091482269], [33.29409660917122, -1.994662091482269]]], [[[33.35333558456961, -1.978870079090825], [33.35333558456961, -1.978870079090825]]], [[[33.383211934383326, -1.97748839307485], [33.383211934383326, -1.97748839307485]]], [[[31.785567457172476, -1.972853209008349], [31.785567457172476, -1.972853209008349]]], [[[32.829853975780395, -1.965155858555988], [32.829853975780395, -1.965155858555988]]], [[[33.36798268445335, -1.963483886672009], [33.36798268445335, -1.963483886672009]]], [[[30.821863038448498, -1.962711926614077], [30.821863038448498, -1.962711926614077]]], [[[31.824100442681356, -1.966625007238235], [31.824100442681356, -1.966625007238235]]], [[[32.822773427152015, -1.960996325919666], [32.822773427152015, -1.960996325919666]]], [[[31.78172645810963, -1.956826791922879], [31.78172645810963, -1.956826791922879]]], [[[32.85564018464686, -1.957668699450892], [32.85564018464686, -1.957668699450892]]], [[[33.37618998737804, -1.95205659803355], [33.37618998737804, -1.95205659803355]]], [[[33.36498701393958, -1.955884175614187], [33.36498701393958, -1.955884175614187]]], [[[31.783330442146223, -1.940891171290502], [31.783330442146223, -1.940891171290502]]], [[[30.811988872688403, -1.940075845024182], [30.811988872688403, -1.940075845024182]]], [[[33.36634045225014, -1.937680747168713], [33.36634045225014, -1.937680747168713]]], [[[33.21264398353304, -1.933662716561059], [33.21264398353304, -1.933662716561059]]], [[[33.19414465475205, -1.925604285609268], [33.19414465475205, -1.925604285609268]]], [[[32.828341227066005, -1.925393567259277], [32.828341227066005, -1.925393567259277]]], [[[33.152053324401436, -1.919371434344157], [33.152053324401436, -1.919371434344157]]], [[[33.05773689424234, -1.918286789004071], [33.05773689424234, -1.918286789004071]]], [[[33.289783994835545, -1.916503229240561], [33.289783994835545, -1.916503229240561]]], [[[33.42121172084427, -1.909069057291106], [33.42121172084427, -1.909069057291106]]], [[[32.90740454558335, -1.886261149432471], [32.87297065017543, -1.930486067378069], [32.900997382323396, -1.972116046418364], [32.862669149961334, -2.019931417700718], [32.88388588102862, -2.079494365772291], [32.935239333628374, -2.080583309871827], [32.99788348493496, -2.102558082189717], [33.04686061302692, -2.126073763693171], [33.09941205252426, -2.114036339905113], [33.122228206266755, -2.15859268680299], [33.16415847253552, -2.126602664881034], [33.13088817574874, -2.084517035332851], [33.1057353495068, -2.035946255115562], [33.11635511979301, -1.984003020822684], [33.050245085642246, -1.967274355527024], [32.994767102919525, -1.980957521572293], [32.949695541615995, -1.958797646294272], [32.944991668230955, -1.903740749535928], [32.90740454558335, -1.886261149432471]]], [[[33.30067606634742, -1.886804174473014], [33.30067606634742, -1.886804174473014]]], [[[30.81414588222674, -1.899356813566044], [30.81414588222674, -1.899356813566044]]], [[[32.88440206130616, -1.879353246355208], [32.88440206130616, -1.879353246355208]]], [[[32.864233130354705, -1.87795910293022], [32.864233130354705, -1.87795910293022]]], [[[30.827634470954138, -1.843345192926279], [30.827634470954138, -1.843345192926279]]], [[[32.89101590765807, -1.842478196111813], [32.89101590765807, -1.842478196111813]]], [[[32.83822515047035, -1.840812014962466], [32.83822515047035, -1.840812014962466]]], [[[32.81263825655037, -1.833516537358264], [32.81263825655037, -1.833516537358264]]], [[[32.88996810664287, -1.83281700959725], [32.88996810664287, -1.83281700959725]]], [[[31.80194960379123, -1.829087509380997], [31.80194960379123, -1.829087509380997]]], [[[32.83812444168967, -1.833540486304344], [32.83812444168967, -1.833540486304344]]], [[[32.90209150202128, -1.826345104143172], [32.90209150202128, -1.826345104143172]]], [[[32.81190381351024, -1.820435347813032], [32.81190381351024, -1.820435347813032]]], [[[32.81560725856821, -1.809661794356259], [32.81560725856821, -1.809661794356259]]], [[[32.79772552211523, -1.798430047108923], [32.79772552211523, -1.798430047108923]]], [[[33.086972141651074, -1.792302992988709], [33.03659104504072, -1.804634036431594], [33.00308213383346, -1.849112043386071], [33.03859611322008, -1.887121918441721], [33.089620416648984, -1.859902967248104], [33.09882639332346, -1.807889639795007], [33.086972141651074, -1.792302992988709]]], [[[31.841646714024705, -1.76751344159203], [31.815450122924858, -1.810675293429995], [31.847705429561984, -1.767224383298583], [31.841646714024705, -1.76751344159203]]], [[[30.825253408817787, -1.743697472860049], [30.825253408817787, -1.743697472860049]]], [[[33.412348929059874, -1.733730648150868], [33.412348929059874, -1.733730648150868]]], [[[33.41975301059301, -1.726217785522351], [33.41975301059301, -1.726217785522351]]], [[[30.89755164199471, -1.706830055162868], [30.89755164199471, -1.706830055162868]]], [[[33.33858496822177, -1.701308750198621], [33.37046287616084, -1.742804246418814], [33.33858496822177, -1.701308750198621]]], [[[30.824428783561586, -1.724347201961734], [30.824428783561586, -1.724347201961734]]], [[[33.42648616460485, -1.680035216152248], [33.42648616460485, -1.680035216152248]]], [[[33.402641860933215, -1.670400039829929], [33.402641860933215, -1.670400039829929]]], [[[31.942152044681166, -1.663647411898467], [31.942152044681166, -1.663647411898467]]], [[[30.837826839337197, -1.667160973200282], [30.837826839337197, -1.667160973200282]]], [[[30.89067619724875, -1.644658922970848], [30.89067619724875, -1.644658922970848]]], [[[31.904324552136416, -1.625479630280665], [31.904324552136416, -1.625479630280665]]], [[[33.56860770118453, -1.623601765808814], [33.56860770118453, -1.623601765808814]]], [[[33.54620912425173, -1.613071037398413], [33.54620912425173, -1.613071037398413]]], [[[30.818893442878164, -1.618341007031802], [30.818893442878164, -1.618341007031802]]], [[[31.890507692875758, -1.604852462371184], [31.867552405019524, -1.650236197242634], [31.858858223528273, -1.706692851893536], [31.89432219881047, -1.663082105254887], [31.89548965732189, -1.612106050453804], [31.890507692875758, -1.604852462371184]]], [[[30.804352316406323, -1.602222127049458], [30.804352316406323, -1.602222127049458]]], [[[31.866257042228767, -1.58601003773299], [31.866257042228767, -1.58601003773299]]], [[[31.9036027418731, -1.549837980338452], [31.9036027418731, -1.549837980338452]]], [[[34.047153197362206, -1.521431481577565], [34.047153197362206, -1.521431481577565]]], [[[34.050148165505504, -1.521168873244847], [34.050148165505504, -1.521168873244847]]], [[[30.745829799405783, -1.517281949402388], [30.78325723933017, -1.575288264541712], [30.76187174418567, -1.526104694376102], [30.745829799405783, -1.517281949402388]]], [[[31.987343616015096, -1.512974686032862], [31.987343616015096, -1.512974686032862]]], [[[33.92110097552967, -1.513871948631504], [33.92110097552967, -1.513871948631504]]], [[[33.62005484515504, -1.508163567594522], [33.62005484515504, -1.508163567594522]]], [[[32.00533413266413, -1.505829263909334], [32.00533413266413, -1.505829263909334]]], [[[33.83971361728965, -1.502822671129309], [33.83971361728965, -1.502822671129309]]], [[[31.991234794550166, -1.500568461964917], [31.991234794550166, -1.500568461964917]]], [[[31.80837378582163, -1.497745260735144], [31.80837378582163, -1.497745260735144]]], [[[33.80551868703782, -1.477638659096783], [33.80551868703782, -1.477638659096783]]], [[[33.850313736489795, -1.469944334863101], [33.850313736489795, -1.469944334863101]]], [[[32.618624979958895, -1.470483674481954], [32.618624979958895, -1.470483674481954]]], [[[32.133543539402865, -1.453056008428007], [32.100607478352515, -1.493088715971396], [32.133543539402865, -1.453056008428007]]], [[[33.71478744738283, -1.408110772194334], [33.71478744738283, -1.408110772194334]]], [[[33.77566760277767, -1.401110756056482], [33.77566760277767, -1.401110756056482]]], [[[30.69743306768197, -1.397012061657279], [30.7360527999968, -1.451009299839257], [30.74238111159906, -1.400224196289571], [30.69743306768197, -1.397012061657279]]], [[[33.71034113803313, -1.392861433208509], [33.71034113803313, -1.392861433208509]]], [[[33.695701407194235, -1.392211690117335], [33.695701407194235, -1.392211690117335]]], [[[33.77381342375054, -1.380306074565624], [33.77381342375054, -1.380306074565624]]], [[[30.617435773542184, -1.359832160126018], [30.617435773542184, -1.359832160126018]]], [[[31.850524419266605, -1.34809285530099], [31.850524419266605, -1.34809285530099]]], [[[33.80999798172155, -1.323573872136421], [33.80999798172155, -1.323573872136421]]], [[[33.85983166729767, -1.257989602338228], [33.85983166729767, -1.257989602338228]]], [[[33.9530409933472, -1.178840312230591], [33.9530409933472, -1.178840312230591]]], [[[33.962647001058315, -1.107158837710131], [33.962647001058315, -1.107158837710131]]], [[[34.04663806929153, -1.082474578938616], [34.04663806929153, -1.082474578938616]]], [[[31.80442347956, -1.028835478674353], [31.80442347956, -1.028835478674353]]]]}}]}