{"type": "FeatureCollection", "features": [{"type": "Feature", "properties": {"code": "USA", "name": "United States", "tier": "country"}, "geometry": {"type": "MultiPolygon", "coordinates": [[[[179.48244879600009, 51.98283239400007], [179.4846188130001, 51.92126640400005], [179.6143488020001, 51.87177042600007], [179.74299676500004, 51.91174743400006], [179.7784547440001, 51.96221543000007], [179.66331174900006, 52.02293940700008], [179.60952076000012, 52.02234340200005], [179.5468507810001, 51.991405400000076], [179.4865497950001, 51.98395739400007], [179.48244879600009, 51.98283239400007]]], [[[178.62552106400005, 51.63730135800006], [178.7060320600001, 51.59318037400004], [178.78504605000012, 51.57186438600007], [178.84361603700006, 51.57864039100008], [178.95161102500003, 51.541961409000066], [179.0135010250001, 51.49727842300007], [179.06033902700005, 51.45487343500008], [179.2064850150001, 51.39328246100007], [179.26160301400012, 51.35768647200007], [179.36677299000007, 51.37183548100006], [179.4501759750001, 51.365140491000034], [179.40079397500006, 51.40055548000004], [179.2639190000001, 51.40583646500005], [179.218016, 51.43893845400004], [179.16451600400012, 51.46463344400007], [179.10142701100006, 51.48549543400003], [179.0028810120001, 51.55248441300006], [178.9208110190001, 51.58613539800007], [178.80411302900006, 51.63503237800006], [178.73800404300005, 51.63273237100003], [178.6819830490001, 51.64994436200004], [178.62552106400005, 51.63730135800006]]], [[[178.44694900500008, 51.97822028300004], [178.46803001400008, 51.93163329300006], [178.51884601300003, 51.89975730400005], [178.59022998600005, 51.94545530400006], [178.47857099600003, 51.98754728500006], [178.44694900500008, 51.97822028300004]]], [[[178.23691609000002, 51.828207285000076], [178.30854809000004, 51.77569930200008], [178.38072607900006, 51.76390531100003], [178.33561607600006, 51.80702929900008], [178.23691609000002, 51.828207285000076]]], [[[178.09459506200005, 52.03329223600008], [178.13253206700006, 51.986980248000066], [178.19094805100008, 52.00354425100005], [178.14168004700002, 52.05103223800006], [178.09459506200005, 52.03329223600008]]], [[[177.20330828500005, 51.89656016400005], [177.27335528200013, 51.85712117800006], [177.32167227900004, 51.82854118800003], [177.34880125300003, 51.90446717800006], [177.40952123300008, 51.93081918000007], [177.56049820500004, 51.91636219900005], [177.61060318900002, 51.93671120100004], [177.543519198, 51.95617319000007], [177.57205317900002, 52.00181018600006], [177.63254014900008, 52.064842181000074], [177.67593713200006, 52.09216518100004], [177.60265813500007, 52.13731816600006], [177.5455891570001, 52.101089166000065], [177.50530418300002, 52.03876617200007], [177.48369720200003, 51.98487517900003], [177.41346921800005, 51.97972217200004], [177.34556223700008, 51.96300316800006], [177.29129726100007, 51.91942817000006], [177.23388927500002, 51.90962216500003], [177.20330828500005, 51.89656016400005]]], [[[175.8743384390001, 52.37100194300007], [175.91127144100005, 52.334828954000045], [175.96650642200007, 52.359725955000044], [175.90671943000007, 52.37564894600007], [175.8743384390001, 52.37100194300007]]], [[[174.06917174300008, 52.734885692000034], [174.15813173000004, 52.70605670600003], [174.09663573400007, 52.74348269300003], [174.06917174300008, 52.734885692000034]]], [[[173.95406076500012, 52.75140767700003], [174.00481276200003, 52.719854688000055], [173.95406076500012, 52.75140767700003]]], [[[173.8674217780001, 52.77512566400003], [173.92525677100002, 52.75243067400004], [173.8674217780001, 52.77512566400003]]], [[[173.35608899800002, 52.40556067800003], [173.45557198000006, 52.389653691000035], [173.51214796800002, 52.38503269800003], [173.55987695200008, 52.401162699000054], [173.60675294800012, 52.37824670800006], [173.7256819260001, 52.356576724000035], [173.71230891200003, 52.42103071100007], [173.70772689700004, 52.47737470100003], [173.7549648810001, 52.49612470200003], [173.68057189400008, 52.51287569200008], [173.62386890900007, 52.50694568700004], [173.5557249320001, 52.479469685000026], [173.5010079550001, 52.440923686000076], [173.44568196400007, 52.455028678000076], [173.38004398600003, 52.431840676000036], [173.35608899800002, 52.40556067800003]]], [[[172.46165306700004, 52.92715749300004], [172.51298206100012, 52.90517850200007], [172.58506103900004, 52.921324507000065], [172.64035802500007, 52.92543851200003], [172.75422201100002, 52.87748753200003], [172.76335202400003, 52.823653542000045], [172.80937302200005, 52.789287553000065], [172.9036140070001, 52.76166456800007], [172.99845797500006, 52.79697657100007], [173.1185459500001, 52.78443758600008], [173.18793792100007, 52.83149758400003], [173.28440289900004, 52.827930595000055], [173.41300186900003, 52.82788860800008], [173.29538486900003, 52.92698457800003], [173.2352508780001, 52.94362556900006], [173.1723918890001, 52.96054255900003], [173.10723489500003, 52.993225547000065], [172.7465519760001, 53.010747507000076], [172.64325200200005, 53.00497649700003], [172.46165306700004, 52.92715749300004]]], [[[146.03319197100006, 16.00452305400006], [146.08158095800002, 16.027182046000064], [146.03319197100006, 16.00452305400006]]], [[[145.83271707300003, 17.316343655000026], [145.83271707300003, 17.316343655000026]]], [[[145.8149770870001, 17.604051566000066], [145.8149770870001, 17.604051566000066]]], [[[145.76738907000004, 16.707651845000044], [145.76738907000004, 16.707651845000044]]], [[[145.71061913100004, 18.068841425000073], [145.7676621160001, 18.09708441400005], [145.810566106, 18.13567940100006], [145.7605321200001, 18.16484739400005], [145.75804811900002, 18.113654410000038], [145.71892412900002, 18.07809742200004], [145.71061913100004, 18.068841425000073]]], [[[145.68676003400003, 15.132396337000046], [145.73246402000007, 15.106242344000066], [145.74883001700005, 15.15497332800004], [145.79747500400003, 15.166947323000045], [145.79925900600006, 15.22994230300003], [145.83022399900005, 15.271384289000025], [145.77166201500006, 15.25087929700004], [145.71050003100004, 15.242865302000041], [145.70013703100005, 15.15662332900007], [145.68676003400003, 15.132396337000046]]], [[[145.63632617400003, 18.77880220700007], [145.66729716300006, 18.72511822200005], [145.696474157, 18.788551202000065], [145.64153717300007, 18.794828202000076], [145.63632617400003, 18.77880220700007]]], [[[145.6334750950001, 16.368002955000065], [145.67830908100007, 16.33392996400005], [145.7226460700001, 16.360148955000057], [145.64480909200006, 16.369493954000063], [145.6334750950001, 16.368002955000065]]], [[[145.5820280580001, 15.015930377000075], [145.6122370480001, 14.96941939100003], [145.6352440400001, 14.922716404000028], [145.66556703300012, 14.972657388000073], [145.6486160400001, 15.033918369000048], [145.65697304000003, 15.084062353000036], [145.59815705500012, 15.05494036500005], [145.5820280580001, 15.015930377000075]]], [[[145.54433806200007, 14.858763428000032], [145.54433806200007, 14.858763428000032]]], [[[145.38963526800012, 19.69691492800007], [145.38963526800012, 19.69691492800007]]], [[[145.21015632700005, 20.03032182900006], [145.21015632700005, 20.03032182900006]]], [[[145.11876315200004, 14.124793673000056], [145.16988713700005, 14.110577675000059], [145.2303151210001, 14.132673666000073], [145.28334510700006, 14.160681655000076], [145.23566412200012, 14.198280645000068], [145.16113614200003, 14.168488657000069], [145.11876315200004, 14.124793673000056]]], [[[144.8846824310001, 20.55169167400004], [144.8846824310001, 20.55169167400004]]], [[[144.64232624900012, 13.241904968000028], [144.64232624900012, 13.241904968000028]]], [[[144.62540126300007, 13.45916290100007], [144.6467202550001, 13.412505914000064], [144.635316256, 13.358647932000054], [144.66189024400012, 13.27143195800005], [144.7237982260001, 13.246128963000046], [144.7675162160001, 13.293543947000046], [144.77236321600003, 13.344470931000046], [144.78822221500002, 13.415447908000033], [144.85118619900004, 13.463869890000069], [144.89130018900005, 13.499448877000077], [144.95871217500007, 13.596510844000022], [144.90683819000003, 13.606042843000068], [144.86542720300008, 13.653524830000038], [144.83664120900005, 13.595902849000026], [144.80211921600005, 13.535797869000021], [144.770045223, 13.495167883000022], [144.68630724600007, 13.468067895000047], [144.62540126300007, 13.45916290100007]]], [[[-64.63432080999996, 17.795893740000054], [-64.63432080999996, 17.795893740000054]]], [[[-64.79786186999996, 18.33715889700005], [-64.73362184999996, 18.314888892000056], [-64.67014383099996, 18.33030689700007], [-64.71330284499999, 18.367285907000053], [-64.78692386699998, 18.352662902000077], [-64.79786186999996, 18.33715889700005]]], [[[-64.90497890199998, 18.276424877000068], [-64.90497890199998, 18.276424877000068]]], [[[-64.90586989199994, 17.680722701000036], [-64.85031187499993, 17.686383704000036], [-64.79741885799996, 17.693373707000035], [-64.74190284099996, 17.69578070800003], [-64.63933880999997, 17.721723718000078], [-64.57786679099996, 17.746113726000033], [-64.65582981599994, 17.763686730000074], [-64.72359383699995, 17.75753272700007], [-64.77871085399994, 17.78514373400003], [-64.83634887199997, 17.76081272600004], [-64.88744988799994, 17.763358726000035], [-64.88369588599994, 17.712196711000047], [-64.90586989199994, 17.680722701000036]]], [[[-64.91762590899998, 18.404515915000047], [-64.91762590899998, 18.404515915000047]]], [[[-65.00926093499999, 18.305762884000046], [-65.00926093499999, 18.305762884000046]]], [[[-65.08451795899998, 18.339320893000036], [-65.01254693699997, 18.342305895000038], [-64.96491092199994, 18.32503089100004], [-64.87884489499999, 18.30277688600006], [-64.82918287899997, 18.29666988500003], [-64.85580688799996, 18.343903898000065], [-64.80474087299996, 18.351774901000056], [-64.87064589299996, 18.36751590500006], [-64.94061891499996, 18.38328690800006], [-65.00735493599996, 18.367518903000075], [-65.05990295199996, 18.381788906000054], [-65.08451795899998, 18.339320893000036]]], [[[-65.33749625599995, 18.34833965200005], [-65.32769803399998, 18.295845876000044], [-65.22285100199997, 18.31046688200007], [-65.29832602499994, 18.330531887000063], [-65.33749625599995, 18.34833965200005]]], [[[-65.57557710799995, 18.115671819000056], [-65.52420709099994, 18.081979810000064], [-65.46876607399997, 18.092645814000036], [-65.41176505699997, 18.10621381900006], [-65.35540003899996, 18.125122825000062], [-65.29603402099997, 18.12799282700007], [-65.37137104499993, 18.157519835000073], [-65.43705606499998, 18.157662834000064], [-65.48982708099999, 18.135914826000032], [-65.54619709899998, 18.11933182000007], [-65.57557710799995, 18.115671819000056]]], [[[-65.59415611799994, 18.392701900000077], [-65.56767610899993, 18.34226788600006], [-65.58623011599997, 18.393385901000045], [-65.59415611799994, 18.392701900000077]]], [[[-66.53330339999997, 17.894144738000023], [-66.53330339999997, 17.894144738000023]]], [[[-67.26825763599999, 18.366991866000035], [-67.23513562499994, 18.299937847000024], [-67.18784160899997, 18.26667383800003], [-67.15799959899994, 18.216721824000047], [-67.18082060599994, 18.16805780900006], [-67.18218060499999, 18.108509791000074], [-67.20988561199994, 18.035441769000045], [-67.21526961299998, 17.983466754000062], [-67.19478360599999, 17.93282873900006], [-67.13373158699994, 17.95192174600004], [-67.07653256999998, 17.96776175100007], [-67.02452055399993, 17.97072475300007], [-66.96809953599995, 17.947253747000047], [-66.91929652099998, 17.93206474300007], [-66.86353150399998, 17.944669748000024], [-66.80826848699996, 17.965637755000046], [-66.77030547599998, 18.00595776700004], [-66.71695545899996, 17.990346764000037], [-66.67281744499996, 17.966453757000068], [-66.62378642999994, 17.981052762000047], [-66.51014139499995, 17.98562076500002], [-66.41212936399995, 17.95728875900005], [-66.36250934899994, 17.968233763000057], [-66.29767732899995, 17.959150761000046], [-66.25118631399994, 17.93278775400006], [-66.19706629699994, 17.930068754000047], [-66.12700727599997, 17.946955760000037], [-66.06867625799998, 17.966337767000027], [-66.01730624199996, 17.979585772000064], [-65.92473621299996, 17.976089772000023], [-65.87512019799993, 18.002828781000062], [-65.83427218599996, 18.03899079200005], [-65.79502617499998, 18.07356380300007], [-65.77758216999996, 18.12924182000006], [-65.73466215799994, 18.180370835000076], [-65.66412513699998, 18.207138844000042], [-65.61712712199994, 18.227412851000054], [-65.62639712699996, 18.33190488200006], [-65.61374412399994, 18.38195989700006], [-65.66485413999999, 18.363078890000054], [-65.71433815499995, 18.376345894000053], [-65.77169317399995, 18.40627990100006], [-65.83147419199997, 18.42685190700007], [-65.90498621599994, 18.45092891200005], [-65.95849023199997, 18.45135691200005], [-66.02321925199993, 18.443877908000047], [-66.07398526799994, 18.458102912000072], [-66.13795728799994, 18.473894915000074], [-66.19391730499996, 18.467253913000036], [-66.25154532299996, 18.472466913000062], [-66.31547534299995, 18.47472691300004], [-66.41034237299993, 18.48988891600004], [-66.45648438699993, 18.46892290900007], [-66.51160740399996, 18.476850910000053], [-66.56348341999995, 18.490514913000027], [-66.62461643899996, 18.49420191400003], [-66.67987445599994, 18.484946910000076], [-66.73398447299996, 18.473459906000073], [-66.79931849299999, 18.49277791000003], [-66.84967150899996, 18.49074790900005], [-66.90687052599998, 18.48355890600004], [-66.95773154199998, 18.489131907000058], [-67.02027456199994, 18.510605912000074], [-67.07928857999997, 18.513258912000026], [-67.13824759799996, 18.507778909000024], [-67.16900960699996, 18.46635489700003], [-67.15960660299999, 18.41591788200003], [-67.21699661999997, 18.382080871000028], [-67.26825763599999, 18.366991866000035]]], [[[-67.49352970599995, 18.388786869000057], [-67.49352970599995, 18.388786869000057]]], [[[-67.93447783799996, 18.111308781000048], [-67.91877683199993, 18.06311876700005], [-67.85309681199993, 18.078197772000067], [-67.91087882999994, 18.11967078300006], [-67.93447783799996, 18.111308781000048]]], [[[-68.37659079799994, 44.11377108100004], [-68.37659079799994, 44.11377108100004]]], [[[-68.37123480099996, 44.193012096000075], [-68.32117778399999, 44.199041098000066], [-68.37123480099996, 44.193012096000075]]], [[[-68.50081684199995, 44.16003508600005], [-68.44750482299997, 44.13350208300005], [-68.39663380599995, 44.14069908600004], [-68.41643381499995, 44.18705609300008], [-68.46764483499999, 44.22470209900007], [-68.49551084099994, 44.162438087000055], [-68.50081684199995, 44.16003508600005]]], [[[-68.51870284599994, 44.11323107700008], [-68.51870284599994, 44.11323107700008]]], [[[-68.52863486199993, 44.34461411900003], [-68.47878484399996, 44.319572116000074], [-68.49863685299994, 44.36969512400003], [-68.52863486199993, 44.34461411900003]]], [[[-68.83942196099997, 44.23655609000008], [-68.78988394199996, 44.20392408600003], [-68.82762695699995, 44.242847092000034], [-68.83942196099997, 44.23655609000008]]], [[[-68.91342696399994, 43.85306901800004], [-68.91342696399994, 43.85306901800004]]], [[[-68.94459698899993, 44.112849065000034], [-68.90509797399994, 44.077353059000075], [-68.87413895999998, 44.025368051000044], [-68.81844094199994, 44.03205505400007], [-68.77028992799995, 44.06957506200007], [-68.80683194299996, 44.116348069000026], [-68.82283995199998, 44.173702079000066], [-68.87867996999995, 44.16662107600007], [-68.93532698699994, 44.130389068000056], [-68.94459698899993, 44.112849065000034]]], [[[-68.96707400399998, 44.251977089000036], [-68.91687198699998, 44.24287508900005], [-68.88745998099995, 44.30310310100003], [-68.86433797599994, 44.35501111100007], [-68.91932499299998, 44.33540110600006], [-68.94282599799993, 44.281082095000045], [-68.96707400399998, 44.251977089000036]]], [[[-69.33247509899996, 43.76791699000006], [-69.33247509899996, 43.76791699000006]]], [[[-70.27552627599994, 41.310472495000056], [-70.17068123899998, 41.25588948800004], [-70.11866922099995, 41.242359486000055], [-70.05280719999996, 41.24269348900003], [-70.00158618299997, 41.23936148900003], [-69.96027717199996, 41.27873949800005], [-70.01844619499997, 41.368638514000054], [-70.04608820199996, 41.321659504000024], [-70.12446022599994, 41.29385949600004], [-70.19630424899998, 41.29462049400007], [-70.24927626699997, 41.30563149500006], [-70.27552627599994, 41.310472495000056]]], [[[-70.82650345299999, 41.259602468000026], [-70.82650345299999, 41.259602468000026]]], [[[-70.83204447399999, 41.606512536000025], [-70.83204447399999, 41.606512536000025]]], [[[-70.83380246099995, 41.35339448700006], [-70.80208344799996, 41.31421548000003], [-70.74754143099995, 41.32996048500007], [-70.59915738399997, 41.34928049300004], [-70.53829436399997, 41.34896649500007], [-70.45108433499996, 41.34816949700007], [-70.45043133899998, 41.420711511000036], [-70.49075834999996, 41.38364250300003], [-70.53830136699997, 41.40924950700003], [-70.56328037899993, 41.46913551700004], [-70.64933040599993, 41.46107651300008], [-70.70137842199995, 41.43093350600003], [-70.76890143899993, 41.35325448900005], [-70.83380246099995, 41.35339448700006]]], [[[-71.36616565099996, 41.660988530000054], [-71.32587763599997, 41.62399652400006], [-71.36616565099996, 41.660988530000054]]], [[[-71.40056065099998, 41.46094849000008], [-71.36329264099999, 41.50196049900006], [-71.35986864299997, 41.556316510000045], [-71.39100565099994, 41.514586500000064], [-71.40056065099998, 41.46094849000008]]], [[[-71.61313370299996, 41.16028942400004], [-71.55195368299997, 41.15172642500005], [-71.55745968799994, 41.204550435000044], [-71.60556570199998, 41.182147429000054], [-71.61313370299996, 41.16028942400004]]], [[[-72.03495884499995, 41.25546642900008], [-71.97892682799994, 41.26501043300004], [-71.92680281199995, 41.29013044000004], [-71.98006182899996, 41.280299436000064], [-72.03495884499995, 41.25546642900008]]], [[[-72.14292987099998, 41.097819395000045], [-72.09713685499997, 41.07585239200006], [-72.14073787099994, 41.10084339600007], [-72.14292987099998, 41.097819395000045]]], [[[-72.21412089899997, 41.18282540900003], [-72.16103488199997, 41.188679412000056], [-72.21412089899997, 41.18282540900003]]], [[[-75.58169788199996, 39.603421981000054], [-75.58169788199996, 39.603421981000054]]], [[[-75.72680872699993, 35.935851211000056], [-75.68141670999995, 35.883987201000025], [-75.66008770099995, 35.83861719200007], [-75.61436268599994, 35.81566618800008], [-75.63654669699997, 35.885610203000056], [-75.67524671099994, 35.92903121100005], [-75.72680872699993, 35.935851211000056]]], [[[-75.99965991099998, 37.84820560800006], [-75.99965991099998, 37.84820560800006]]], [[[-76.013562773, 35.06883901200007], [-75.94472675399999, 35.10509802200005], [-75.84043972399996, 35.15134703600006], [-75.76970670399999, 35.18036604400004], [-75.61010265699997, 35.22752106000007], [-75.56022664199998, 35.23205506200003], [-75.50218962799994, 35.32001908400008], [-75.48677262699994, 35.39165910000003], [-75.47135662599999, 35.479622120000045], [-75.45866062799996, 35.59660414600006], [-75.47912963799996, 35.678641163000066], [-75.49608764599998, 35.728522173000044], [-75.52344765599997, 35.77357518200006], [-75.50738664699998, 35.680571162000035], [-75.47861163399995, 35.59932514600007], [-75.48752963299995, 35.525896129000046], [-75.49493463199997, 35.45423111300005], [-75.50672363299998, 35.38712509800007], [-75.52395363499994, 35.31820508200008], [-75.56103464399996, 35.26601507000004], [-75.61537965999997, 35.248945064000054], [-75.66451367399998, 35.227521058000036], [-75.71801668899997, 35.209384052000075], [-75.78573070899995, 35.19425104700008], [-75.83953272499997, 35.172204040000054], [-75.89394373999994, 35.15044003400004], [-75.95470175799994, 35.11960702500005], [-76.00095076999997, 35.08424101600008], [-76.013562773, 35.06883901200007]]], [[[-76.04939764699998, 37.99032235800007], [-76.03580392699996, 37.929015623000055], [-75.98888091399994, 37.960344632000044], [-75.98630191699993, 38.021953644000064], [-76.04166993399997, 38.032155645000046], [-76.04939764699998, 37.99032235800007]]], [[[-76.09554995599996, 38.12513066200006], [-76.04342493999997, 38.117875662000074], [-76.02330193099993, 38.070767653000075], [-76.01191792999998, 38.12222166400005], [-76.03281793899998, 38.16914867300005], [-76.07147195299996, 38.203509679000035], [-76.09233595699999, 38.15136266700006], [-76.09554995599996, 38.12513066200006]]], [[[-76.37377443299994, 43.87479275700008], [-76.30748941399997, 43.905384765000065], [-76.37377443299994, 43.87479275700008]]], [[[-76.39756708799996, 38.77071978300006], [-76.39756708799996, 38.77071978300006]]], [[[-76.45373445999996, 43.89058075600008], [-76.38860543999994, 43.90813576200003], [-76.45373445999996, 43.89058075600008]]], [[[-80.75164582099995, 24.857258441000056], [-80.68390680199997, 24.880979448000062], [-80.75164582099995, 24.857258441000056]]], [[[-80.85086884799995, 24.803705425000032], [-80.79605583299997, 24.81194442900005], [-80.85028284799995, 24.818433429000038], [-80.85086884799995, 24.803705425000032]]], [[[-81.12476392599996, 24.707133395000028], [-81.07730291099995, 24.689978392000057], [-81.02379689699995, 24.71690540000003], [-80.91564486599998, 24.75909441300007], [-80.98868588699997, 24.760164411000062], [-81.04159590199998, 24.74328240600005], [-81.12476392599996, 24.707133395000028]]], [[[-81.81169612199994, 24.56874934600006], [-81.68524608499996, 24.558680346000074], [-81.61185506399994, 24.585582355000042], [-81.55918704899995, 24.609575362000044], [-81.50801403499997, 24.642407371000047], [-81.44391801699999, 24.642681372000027], [-81.36310199299999, 24.630967371000054], [-81.25771396299996, 24.664313382000046], [-81.29236697399995, 24.710522393000076], [-81.32512898499994, 24.767119407000052], [-81.37783400099994, 24.78217840900004], [-81.44351302099994, 24.81336841600006], [-81.49810403599997, 24.792578410000033], [-81.57115405599995, 24.756358399000078], [-81.67234108399998, 24.699518383000054], [-81.74565410499997, 24.659886371000027], [-81.79949811899996, 24.594172353000033], [-81.81169612199994, 24.56874934600006]]], [[[-82.01491317999995, 24.543075336000072], [-81.97213116699999, 24.51496633000005], [-81.91152314899995, 24.52685933400005], [-81.87468213999995, 24.563613344000032], [-81.97688516899996, 24.548480338000047], [-82.01491317999995, 24.543075336000072]]], [[[-82.16442922299996, 24.56337933800006], [-82.10443220599996, 24.561171339000055], [-82.14307821799997, 24.59339934600007], [-82.16442922299996, 24.56337933800006]]], [[[-82.26435430799995, 26.698500872000068], [-82.25259330199998, 26.634064856000066], [-82.21813028999998, 26.547986836000064], [-82.19555028199994, 26.491628822000052], [-82.148719267, 26.455462814000043], [-82.09811825199995, 26.42496380800003], [-82.01391622799997, 26.45206281700007], [-82.06255424299997, 26.470135820000053], [-82.12004925999997, 26.47358581900005], [-82.17754427699998, 26.502332825000053], [-82.19651728399998, 26.559827839000036], [-82.21834529199998, 26.62641185500007], [-82.24653830199998, 26.683441868000045], [-82.26435430799995, 26.698500872000068]]], [[[-82.73571125299998, 41.603369060000034], [-82.68874823699997, 41.58590405900003], [-82.73571125299998, 41.603369060000034]]], [[[-82.84357722899995, 41.647229304000064], [-82.79307327599997, 41.66470006800006], [-82.81049128599994, 41.720532078000076], [-82.84357722899995, 41.647229304000064]]], [[[-82.93354644599998, 24.63276834100003], [-82.86349542599999, 24.62443834000004], [-82.93354644599998, 24.63276834100003]]], [[[-84.00966910499994, 46.101340753000045], [-83.97345508899997, 46.06529375000008], [-84.00966910499994, 46.101340753000045]]], [[[-84.58269726899994, 45.96312869900004], [-84.58269726899994, 45.96312869900004]]], [[[-84.63986828899993, 45.978353698000035], [-84.63986828899993, 45.978353698000035]]], [[[-84.65134127899995, 45.86285267900007], [-84.59704825699998, 45.822637676000056], [-84.54990723899994, 45.78986767300006], [-84.50930622199996, 45.75434467000008], [-84.45104519999995, 45.727960669000026], [-84.39404318199996, 45.72763167200003], [-84.35631717499996, 45.76950368100006], [-84.41091519599996, 45.79722568200003], [-84.49295622299996, 45.80535167900007], [-84.57833325099995, 45.82010067600004], [-84.60820526499998, 45.86163968100004], [-84.65134127899995, 45.86285267900007]]], [[[-84.66955910199994, 29.79471754700006], [-84.58399507699994, 29.79368654900003], [-84.63866109299994, 29.80090554900005], [-84.66955910199994, 29.79471754700006]]], [[[-85.39426950099994, 45.77853962200004], [-85.36095749599997, 45.817562630000054], [-85.39426950099994, 45.77853962200004]]], [[[-85.52445354799994, 45.829802622000045], [-85.50726853699996, 45.77824561500006], [-85.45021151899994, 45.776460619000034], [-85.49695653899994, 45.82224062300003], [-85.52445354799994, 45.829802622000045]]], [[[-85.63002155299995, 45.598174580000034], [-85.561639529, 45.572221580000075], [-85.50928151499994, 45.59648358700008], [-85.49025751599999, 45.65213059700005], [-85.49415952399994, 45.70538660500006], [-85.50613853299996, 45.75472361200008], [-85.56644655299993, 45.760230609000075], [-85.58372955099998, 45.70080459900004], [-85.60495655099999, 45.647607589000074], [-85.63002155299995, 45.598174580000034]]], [[[-85.70181459199995, 45.73613759700004], [-85.64935857399996, 45.72256059800003], [-85.70181459199995, 45.73613759700004]]], [[[-85.79296658999993, 45.48198455200003], [-85.79296658999993, 45.48198455200003]]], [[[-85.88301561299994, 45.44348754100008], [-85.83352158999998, 45.378183533000026], [-85.83489659599996, 45.428364541000064], [-85.88301561299994, 45.44348754100008]]], [[[-86.06502163299996, 45.14027448200005], [-86.03713461799998, 45.08658447500005], [-85.99736560199995, 45.05593747300003], [-85.98043860399997, 45.11305448300004], [-86.04443562899996, 45.15959048600007], [-86.06502163299996, 45.14027448200005]]], [[[-86.15669464599995, 45.01054345600005], [-86.093541626, 45.00784645900006], [-86.13810064399996, 45.04304646200006], [-86.15669464599995, 45.01054345600005]]], [[[-86.69239888399994, 45.61713451900005], [-86.66128986899997, 45.57418451400008], [-86.69239888399994, 45.61713451900005]]], [[[-86.78665589999997, 45.51457049800007], [-86.78665589999997, 45.51457049800007]]], [[[-86.95620393199994, 45.35201446200006], [-86.91400091399998, 45.31211845800004], [-86.86550490299999, 45.34098946600005], [-86.84143790099995, 45.38960947500004], [-86.89289891999994, 45.40898847500006], [-86.94304693599997, 45.41525847300005], [-86.94630292999994, 45.35869846400004], [-86.95620393199994, 45.35201446200006]]], [[[-87.37540904099995, 45.19930441200006], [-87.32729002099995, 45.15737140900006], [-87.33416402999995, 45.21167741700003], [-87.37540904099995, 45.19930441200006]]], [[[-87.65230941899995, 47.41621872800005], [-87.60034840199995, 47.40771973100004], [-87.65230941899995, 47.41621872800005]]], [[[-88.04374807999994, 30.51742860400003], [-88.04374807999994, 30.51742860400003]]], [[[-88.26727613499997, 30.353811560000054], [-88.26727613499997, 30.353811560000054]]], [[[-88.33076314799996, 30.23503153200005], [-88.27943113299995, 30.22229653100004], [-88.20777011399997, 30.236788536000063], [-88.14474809599994, 30.23898353900006], [-88.09290808199995, 30.24073954100004], [-88.12466309299998, 30.283645549000028], [-88.177784106, 30.257862542000055], [-88.28857913599995, 30.238544534000027], [-88.33076314799996, 30.23503153200005]]], [[[-88.51067919599996, 30.217026522000026], [-88.45375717999997, 30.189354518000073], [-88.404586167, 30.206167523000033], [-88.46544618399997, 30.208242522000035], [-88.51067919599996, 30.217026522000026]]], [[[-88.77199626999999, 30.24552852000005], [-88.71499125399998, 30.23766652000006], [-88.61131122399996, 30.217026519000058], [-88.65603623699997, 30.23942252200004], [-88.71499125399998, 30.256984524000075], [-88.77199626999999, 30.24552852000005]]], [[[-88.88145929199999, 30.053207474000033], [-88.83872027599995, 29.962331456000072], [-88.83678927199998, 29.886164439000027], [-88.84686627299999, 29.836641428000064], [-88.87373927799996, 29.775431413000035], [-88.83271526899995, 29.824067425000067], [-88.81815126699996, 29.88911444000007], [-88.82416327199996, 29.970466458000033], [-88.85558828399996, 30.034419471000035], [-88.88145929199999, 30.053207474000033]]], [[[-88.98863432799999, 30.216298507000033], [-88.89356230199996, 30.224513511000055], [-88.95773531999998, 30.220406508000053], [-88.98863432799999, 30.216298507000033]]], [[[-89.15976337599994, 30.238888506000023], [-89.10866235999998, 30.20602850000006], [-89.06231534899996, 30.22964750700004], [-89.15976337599994, 30.238888506000023]]], [[[-89.25520898299999, 47.87611068600006], [-89.20181896299994, 47.850251686000036], [-89.157744945, 47.82402368500004], [-89.10799793199999, 47.83571369100008], [-89.05641891799996, 47.852606696000066], [-88.99894590299994, 47.867498702000034], [-88.91167187899998, 47.89135271200007], [-88.97147789799999, 47.89507670800003], [-88.92357988999998, 47.93798471700006], [-88.85292987199995, 47.96533072600005], [-88.791965856, 47.978946732000054], [-88.71856183499995, 47.99514274000006], [-88.67007982299998, 48.01145474500004], [-88.579790802, 48.058677758000044], [-88.51190878999995, 48.12170777100005], [-88.46957978199998, 48.152887779000025], [-88.41988176899997, 48.170739784000034], [-88.48204578999997, 48.17992378100007], [-88.54703980899995, 48.174899776000075], [-88.61403282699996, 48.15480576900006], [-88.67419884199995, 48.12717376100005], [-88.72820485499994, 48.10192275400004], [-88.77208386299998, 48.07051074600008], [-88.83572088099999, 48.05676074000007], [-88.89370789599997, 48.03477873300005], [-88.99416992199997, 48.002298722000035], [-89.09521394799998, 47.967930710000076], [-89.17916096899995, 47.935038700000064], [-89.22133897799995, 47.90807769300005], [-89.25520898299999, 47.87611068600006]]], [[[-89.34216841799997, 30.059177461000047], [-89.27618439899999, 30.03174445700006], [-89.22722238499995, 30.021249456000078], [-89.17340637099994, 30.043365463000043], [-89.22080538499995, 30.071450467000034], [-89.18326137799994, 30.149349486000062], [-89.30303140899997, 30.091575469000077], [-89.34216841799997, 30.059177461000047]]], [[[-89.44209844899996, 30.144374476000053], [-89.44209844899996, 30.144374476000053]]], [[[-89.62677447399994, 29.535210336000034], [-89.564620457, 29.54379134000004], [-89.62677447399994, 29.535210336000034]]], [[[-90.37617865999994, 29.108673219000025], [-90.33494064699994, 29.063808211000037], [-90.34301865199996, 29.12849222500006], [-90.37617865999994, 29.108673219000025]]], [[[-90.46547221999998, 47.00260147900008], [-90.41343520599997, 47.013178484000036], [-90.39304220799994, 47.06788549400005], [-90.44908222499998, 47.066021489000036], [-90.45746021899998, 47.01279148100008], [-90.46547221999998, 47.00260147900008]]], [[[-90.52537421999995, 46.87621345700006], [-90.46591520099997, 46.87291846100004], [-90.52537421999995, 46.87621345700006]]], [[[-90.55823870899997, 29.094079211000064], [-90.48812268899997, 29.058765205000043], [-90.41919566999997, 29.064998208000077], [-90.47742768599994, 29.075385209000046], [-90.55823870899997, 29.094079211000064]]], [[[-90.65184126499997, 46.925275455000076], [-90.56917623899994, 46.920317460000035], [-90.50816422599996, 46.95684447000008], [-90.60116025399998, 46.95246546300007], [-90.65184126499997, 46.925275455000076]]], [[[-90.76141328499995, 46.83893143600005], [-90.67524626499994, 46.88103744800003], [-90.73024028099996, 46.873475443000075], [-90.76141328499995, 46.83893143600005]]], [[[-90.75075975899995, 29.055649196000047], [-90.68302074099995, 29.05045419700008], [-90.75075975899995, 29.055649196000047]]], [[[-90.74055129699997, 46.96421445500005], [-90.68899527499997, 46.91747045200003], [-90.74055129699997, 46.96421445500005]]], [[[-90.77692831699994, 47.02433246100003], [-90.71203929199999, 46.98526846000004], [-90.67158827399999, 46.94898145700006], [-90.609722262, 46.99121646800006], [-90.55321024599994, 46.998950473000036], [-90.60853326399996, 47.007278470000074], [-90.65042928399998, 47.05468647400005], [-90.76043031299997, 47.03326846300007], [-90.77692831699994, 47.02433246100003]]], [[[-90.79156928599997, 46.78499142600003], [-90.73943226799997, 46.768029427000045], [-90.65718624599998, 46.78880843600007], [-90.61382923999997, 46.837950446000036], [-90.67537125799998, 46.833937441000046], [-90.72782527099997, 46.81044243400004], [-90.79156928599997, 46.78499142600003]]], [[[-90.98210837299996, 46.98586344100005], [-90.93213935399996, 46.962663441000075], [-90.98210837299996, 46.98586344100005]]], [[[-92.01783311999998, 29.590967273000047], [-91.97196010599998, 29.54341926400008], [-91.91532708999995, 29.518518260000064], [-91.85728007399996, 29.500090258000057], [-91.80356405899994, 29.487884257000076], [-91.76541704999994, 29.52480726600004], [-91.71324603799997, 29.55551527500006], [-91.76517905199995, 29.575051277000057], [-91.83095107199995, 29.61162328300003], [-91.88627708699994, 29.628472285000043], [-91.93990909999997, 29.610296279000067], [-92.00535411799996, 29.603057276000072], [-92.01783311999998, 29.590967273000047]]], [[[-118.60338720199996, 33.478102773000046], [-118.57093919299996, 33.43935577000008], [-118.516279183, 33.42507977100007], [-118.47847717399998, 33.386324769000055], [-118.46538016699998, 33.326060763000044], [-118.40295315599997, 33.32090576600007], [-118.34326114499999, 33.30523876700005], [-118.36510615499998, 33.388378775000035], [-118.42358816799998, 33.42726277700007], [-118.47765817799996, 33.44839677600004], [-118.53071418899998, 33.468075775000045], [-118.58594819799998, 33.47382377300005], [-118.60338720199996, 33.478102773000046]]], [[[-118.60554616799999, 33.031003723000026], [-118.57353415799997, 32.96918771700007], [-118.53583514699994, 32.90628471200006], [-118.49631013699997, 32.85157670800004], [-118.44493212599997, 32.82059770700005], [-118.39457711799997, 32.82398271000005], [-118.44678313199995, 32.895428716000026], [-118.49682314299997, 32.93385171700004], [-118.54008115399995, 32.98093772000004], [-118.56445716099995, 33.02491872400003], [-118.60554616799999, 33.031003723000026]]], [[[-119.06003627799998, 33.49165174900003], [-119.06003627799998, 33.49165174900003]]], [[[-119.43081638099994, 34.029118786000026], [-119.39159937199997, 33.99464078500006], [-119.34762836699997, 34.01926979000007], [-119.40348337599994, 34.01434378600004], [-119.43081638099994, 34.029118786000026]]], [[[-119.57895434599999, 33.278632698000024], [-119.54588433699996, 33.23341069500003], [-119.476041324, 33.215524697000035], [-119.50505233299998, 33.272833701000025], [-119.55525434199996, 33.273433699000066], [-119.57895434599999, 33.278632698000024]]], [[[-119.91916746399994, 34.07728476300008], [-119.87634145299995, 34.03209176100006], [-119.87337044799995, 33.98037975600005], [-119.79595043499995, 33.962933759000066], [-119.74297842599998, 33.96388176200003], [-119.69012241799999, 33.972229765000066], [-119.621129409, 33.98899477100008], [-119.56047639899998, 33.99553477500007], [-119.52065239599995, 34.03426678200003], [-119.57342240599996, 34.05011478000006], [-119.61935541099996, 34.01647277400008], [-119.68651942199995, 34.01980977100004], [-119.73948443299997, 34.04930377100004], [-119.78981044099999, 34.05726476900003], [-119.85731645299995, 34.07130276600003], [-119.912869463, 34.07751276400006], [-119.91916746399994, 34.07728476300008]]], [[[-120.24740550999996, 34.00191573700005], [-120.19861449799998, 33.95221573500004], [-120.12182948099996, 33.89571673300003], [-120.04969447099995, 33.91456773900006], [-120.00097246599995, 33.941558745000066], [-120.02566547299995, 33.985557748000076], [-120.04327147999999, 34.03581075200003], [-120.11507049, 34.01987074600004], [-120.16731849799999, 34.00822374200004], [-120.22129950599998, 34.01037173900005], [-120.24740550999996, 34.00191573700005]]], [[[-120.44912654399997, 34.03734972900003], [-120.37515553099996, 34.01877973100005], [-120.31706452199995, 34.018841735000024], [-120.35862053099999, 34.05023973600004], [-120.41529954099997, 34.05496473300008], [-120.44912654399997, 34.03734972900003]]], [[[-122.32835799399999, 48.02134063900007], [-122.32835799399999, 48.02134063900007]]], [[[-122.37789221499997, 37.83065295200004], [-122.37789221499997, 37.83065295200004]]], [[[-122.44632922899996, 37.86105094900006], [-122.44632922899996, 37.86105094900006]]], [[[-122.50447690799996, 47.55167959500005], [-122.50447690799996, 47.55167959500005]]], [[[-122.52604386599995, 47.35891258200007], [-122.46971685299997, 47.344628588000035], [-122.40178185099995, 47.381330597000044], [-122.43994586599996, 47.417012595000074], [-122.46004188599994, 47.48686559600003], [-122.51334288499999, 47.44911158900004], [-122.52674787499996, 47.39858658400004], [-122.52604386599995, 47.35891258200007]]], [[[-122.65362717899995, 48.54898062800004], [-122.59996316699994, 48.53690963400004], [-122.64261218699994, 48.58834463200003], [-122.65362717899995, 48.54898062800004]]], [[[-122.69807520499995, 48.62308562700008], [-122.69807520499995, 48.62308562700008]]], [[[-122.72227723699996, 48.731629629000054], [-122.67355321599996, 48.68081463200008], [-122.61697119799999, 48.64556863700005], [-122.64491621399998, 48.69139463600004], [-122.69592223399997, 48.737278633000074], [-122.72227723699996, 48.731629629000054]]], [[[-122.73991320199997, 48.58395462000004], [-122.68945518299995, 48.54390862400004], [-122.69468719799994, 48.596607626000036], [-122.73991320199997, 48.58395462000004]]], [[[-122.76995411599995, 48.22755360000008], [-122.71152309799999, 48.19357860400004], [-122.67957108299998, 48.15511860600003], [-122.61747907499995, 48.159060613000065], [-122.59831605899996, 48.110621613000035], [-122.594937045, 48.05632361100004], [-122.56003302699997, 48.006507612000064], [-122.52123401299997, 47.97300261500004], [-122.47267500899994, 47.98845462100007], [-122.44080499399996, 47.946599622000065], [-122.39736397799999, 47.912406625000074], [-122.34961198199994, 47.958801633000064], [-122.37627400499997, 48.03446263400008], [-122.43128101599996, 48.04500662800007], [-122.49111903799997, 48.09424762400005], [-122.50966702799997, 48.039761619000046], [-122.554574044, 48.07739761600004], [-122.56795106399994, 48.14862961800003], [-122.60642108499997, 48.20826761700005], [-122.66840009899994, 48.22397261100008], [-122.72619410799996, 48.22266660400004], [-122.66922510299997, 48.240619612000046], [-122.62379410299997, 48.26943661800004], [-122.574887102, 48.29490862500006], [-122.52277109099998, 48.285509630000035], [-122.55134911, 48.342143630000066], [-122.58505312899996, 48.39517162900006], [-122.63500613899998, 48.404249623000055], [-122.67374613299995, 48.35468861700008], [-122.70709212799994, 48.31529161100008], [-122.75257812099994, 48.26006660300004], [-122.76995411599995, 48.22755360000008]]], [[[-122.977157294, 48.79345260300005], [-122.92362227499996, 48.75460260800003], [-122.84524525799998, 48.73783661600004], [-122.93794028699995, 48.79032060800006], [-122.977157294, 48.79345260300005]]], [[[-123.07044228399997, 48.69997658800003], [-123.02123027199997, 48.68142159300004], [-123.07044228399997, 48.69997658800003]]], [[[-123.09056136699996, 49.00198160000008], [-123.04098235299995, 48.97731060400008], [-123.09056136699996, 49.00198160000008]]], [[[-123.20304127799994, 48.59618356800007], [-123.17242726299997, 48.55649157000005], [-123.141493245, 48.50529657100003], [-123.06769022699996, 48.47950257800005], [-122.96202420299994, 48.45116658900008], [-122.90322919, 48.43698459500007], [-122.825818175, 48.42413660300008], [-122.81792718899999, 48.48389360700003], [-122.777482191, 48.51780461300007], [-122.786601207, 48.576671615000066], [-122.792162223, 48.63350761700008], [-122.74209722199998, 48.66069462400003], [-122.80028223599999, 48.679625618000046], [-122.875953257, 48.71212561100003], [-122.94238226599998, 48.706728603000045], [-122.98486826399994, 48.67269159700004], [-123.02351025999997, 48.63400659000007], [-123.01666224499996, 48.58024958900006], [-123.07462625699998, 48.59182158300007], [-123.13566027399997, 48.62017657700005], [-123.19574027999994, 48.607060570000044], [-123.20304127799994, 48.59618356800007]]], [[[-123.23658230799998, 48.68895556900003], [-123.13497127799997, 48.637245578000034], [-123.17208129499994, 48.67987157600004], [-123.23658230799998, 48.68895556900003]]], [[[-124.73176140199996, 48.17000237600007], [-124.69510338299995, 48.11488337800006], [-124.69369136899996, 48.05870237500005], [-124.67084534599996, 47.98237137500007], [-124.64545733099999, 47.93534337500006], [-124.62552731599999, 47.88796837600006], [-124.56237830099997, 47.86622138200005], [-124.51279528299995, 47.82252338500007], [-124.47658526499998, 47.76967638700006], [-124.43056125199996, 47.746254391000036], [-124.41212123599996, 47.69120439100004], [-124.38223021699997, 47.63230739100004], [-124.36623620299997, 47.58244439100008], [-124.34517017699994, 47.48903538900004], [-124.33673915799994, 47.41600138700005], [-124.32410614499997, 47.36760738600003], [-124.28638412899994, 47.32516738800007], [-124.242249115, 47.29510639100005], [-124.20903209199997, 47.218156391000036], [-124.18974007199995, 47.14683239000004], [-124.17676005799996, 47.09300438900004], [-124.16912803399998, 46.99451338500006], [-124.17451802199997, 46.94162838200003], [-124.12440101499999, 46.94387538800004], [-124.151303037, 47.02111738800005], [-124.065871029, 47.04114539900007], [-124.01701401599996, 47.014853403000075], [-123.95919999899996, 46.98176440700007], [-123.89825998799995, 46.97193241300005], [-123.95750798499995, 46.92126640500004], [-124.00953398999997, 46.91033039800004], [-124.055099988, 46.87043439100006], [-124.11065600599994, 46.91252538700007], [-124.10809298799995, 46.836393384000075], [-124.09666997399995, 46.784379383000044], [-124.08099796099998, 46.735008382000046], [-124.022427946, 46.70897838700006], [-123.966900937, 46.70518939300007], [-123.91688893399999, 46.72674439900004], [-123.862163926, 46.72775440500004], [-123.89561592099994, 46.68367739900003], [-123.94063091799995, 46.640867392000075], [-123.92887590499998, 46.58888039100003], [-123.89426888799994, 46.53703339200007], [-123.94368188199996, 46.477202384000066], [-123.99269489199997, 46.48862237900005], [-123.97662487899998, 46.441257379000035], [-123.95371386099998, 46.37885037800004], [-124.00719186799995, 46.37147137200003], [-124.03175189899997, 46.49638037500006], [-124.02358091699995, 46.582564381000054], [-124.04845893499999, 46.64583238100005], [-124.06196791699995, 46.55617037500008], [-124.05703890199999, 46.49334337300007], [-124.05743988399996, 46.40932036800007], [-124.06463886599994, 46.32690436300004], [-124.08220185599998, 46.26916435900006], [-124.03561385499995, 46.29684836500007], [-123.98521885099996, 46.30904437100003], [-123.91959582799996, 46.251222375000054], [-123.80615381799998, 46.28359338900003], [-123.74149280999995, 46.290279396000074], [-123.68058880199999, 46.29603040300003], [-123.61355878399996, 46.25999340800007], [-123.55993777699996, 46.265103414000066], [-123.60197477399998, 46.224754407000034], [-123.66676578299996, 46.21823340000003], [-123.71816378399996, 46.18899439300003], [-123.76332279599995, 46.211038390000056], [-123.82184879999994, 46.19029838200004], [-123.89120080499998, 46.16478337400008], [-123.95016282199998, 46.204102369000054], [-124.002012837, 46.23732136600006], [-123.97413881799997, 46.16880336500003], [-123.94754580299997, 46.116136365000045], [-123.92934478399997, 46.04198336300004], [-123.93748577099996, 45.977311359000055], [-123.99371777299996, 45.946436352000035], [-123.96275075199998, 45.86997935100004], [-123.96947373399996, 45.782376346000035], [-123.94604171999998, 45.733254345000034], [-123.93901970399997, 45.66192834200007], [-123.95126068899998, 45.585780337000074], [-123.95758267499997, 45.510404332000064], [-123.96408866299998, 45.44911732800006], [-123.96574264999998, 45.386247325000056], [-124.00750864599996, 45.33974531800004], [-123.96290162799994, 45.28022332000006], [-123.97293361599998, 45.21678931500003], [-123.975439602, 45.145481311000026], [-123.98954359299995, 45.09405030700003], [-124.01800558899998, 45.04981330100003], [-124.01525757499996, 44.98290929800004], [-124.025150565, 44.92818029400007], [-124.04882855299996, 44.85001228700003], [-124.07408054599995, 44.798112282000034], [-124.05909153199997, 44.737661280000054], [-124.07040852299997, 44.68351927600003], [-124.06502251199998, 44.63250927400003], [-124.07640149399998, 44.53121926700004], [-124.08212747799996, 44.44152326100004], [-124.10060145899996, 44.33193125300005], [-124.11596744999997, 44.27464624900006], [-124.11568543699997, 44.20655924500005], [-124.12583842299995, 44.126135239000064], [-124.13356140699995, 44.035850233000076], [-124.14271839399998, 43.95818722800004], [-124.16840636999996, 43.80890821700007], [-124.193469355, 43.70609020900008], [-124.23354833299999, 43.55713519600005], [-124.25562332599998, 43.502177191000044], [-124.28691031899996, 43.43630118400006], [-124.31502631399997, 43.388394178000055], [-124.35334631199999, 43.34267217200005], [-124.40282831199994, 43.30587716500003], [-124.395621297, 43.22391316100004], [-124.42412728299996, 43.12686415300004], [-124.43621227499995, 43.07131714800005], [-124.45693226599997, 43.00032014200008], [-124.48095226099997, 42.95150013700004], [-124.55245525199996, 42.84057312400006], [-124.52445323899997, 42.789798123000025], [-124.51468322799997, 42.73681112100007], [-124.44843221099995, 42.68991412500003], [-124.40119119299999, 42.627197125000066], [-124.38999118299995, 42.574763123000025], [-124.42139517299995, 42.49174211500008], [-124.43511916699998, 42.44016811100005], [-124.42556814999995, 42.35187910600007], [-124.40516213499996, 42.27811210400006], [-124.383647124, 42.22716510200007], [-124.36102311299999, 42.18075710200003], [-124.35154910299997, 42.129801099000076], [-124.31430308799997, 42.06786909900006], [-124.21422706299995, 42.00594410400004], [-124.20341605099998, 41.940969101000064], [-124.20845304299996, 41.888197097000045], [-124.23069203499995, 41.818686091000075], [-124.24871802999996, 41.77146408600004], [-124.20385701999999, 41.74704008900005], [-124.15426000999997, 41.72880609200007], [-124.138387, 41.67888609000005], [-124.11605098899997, 41.62885408900007], [-124.10141697899996, 41.57852908700005], [-124.08144096499996, 41.51123308500007], [-124.063089951, 41.43958408100008], [-124.07230794299994, 41.37484907600003], [-124.09229793199995, 41.28770006900004], [-124.10699992499997, 41.22968306400003], [-124.14381391699999, 41.14469105500007], [-124.15452690999996, 41.08716405000007], [-124.11217889499994, 41.028178050000065], [-124.13707988299996, 40.92573704100005], [-124.158335879, 40.876074036000034], [-124.20193487499995, 40.80511602800004], [-124.24841987099995, 40.73517101900006], [-124.28913286799997, 40.67963501200006], [-124.32941786499998, 40.61643500400004], [-124.36355885999996, 40.54870299700008], [-124.38323785499995, 40.49985699200005], [-124.40861485099998, 40.443205986000066], [-124.37909584, 40.39883298600006], [-124.362809831, 40.35005098400006], [-124.36364782099997, 40.276216979000026], [-124.32770480999994, 40.23737497900004], [-124.25841879299998, 40.18428198100003], [-124.18788777499998, 40.130546984000034], [-124.11056276, 40.10376998800007], [-124.07999674499996, 40.029777986000056], [-123.99587372599996, 39.97304998900006], [-123.95496571299998, 39.92237798800005], [-123.91586670099997, 39.88111898900007], [-123.85377768599994, 39.83410499000007], [-123.83716367599999, 39.77623698800005], [-123.82955866699996, 39.72307598500004], [-123.79267265699997, 39.684126985000034], [-123.78233564699997, 39.62149098100008], [-123.76722363599998, 39.55985697800003], [-123.78418363199995, 39.509423973000025], [-123.81470362799996, 39.44654296600004], [-123.82233861999998, 39.37999196100003], [-123.80878561099996, 39.324372958000026], [-123.79900460199997, 39.27135995500004], [-123.77501159099995, 39.21208795200005], [-123.74223457999994, 39.16488995100008], [-123.71340556899997, 39.10842695000008], [-123.69398255899995, 39.057367947000046], [-123.69691355299994, 39.00440594300005], [-123.72906655099996, 38.95667193700007], [-123.688112537, 38.893598936000046], [-123.65222552699998, 38.85458693600003], [-123.60533051599998, 38.82276993700003], [-123.54185050099994, 38.77676893800003], [-123.490034488, 38.732217939000066], [-123.441787477, 38.69974894000006], [-123.40567646699998, 38.65673394000004], [-123.37188945599996, 38.60723993900007], [-123.33191244499994, 38.56554693900006], [-123.28716943499995, 38.54022794000008], [-123.20229041699997, 38.49431894300005], [-123.14533840399997, 38.459426945000075], [-123.10371939299995, 38.415545945000076], [-123.06827838099997, 38.359869943000035], [-123.06368437299994, 38.30218293900003], [-123.00413536399998, 38.297016943000074], [-122.96721635299997, 38.25069594200005], [-122.96542134499998, 38.18711793700004], [-122.952099337, 38.13856693400004], [-122.99243333099997, 38.04176292400007], [-123.02057532999999, 37.99954891800007], [-122.97239132599998, 38.020251923000046], [-122.88212731299996, 38.02527793000007], [-122.821396301, 37.99673993300007], [-122.78325729, 37.951338932000056], [-122.73691127999996, 37.925829933000045], [-122.68218427, 37.906454936000046], [-122.62712625899997, 37.88608493800007], [-122.58430224999995, 37.85923193900004], [-122.537298239, 37.83033294000006], [-122.48349623099995, 37.82673294400007], [-122.50103224099996, 37.89366694800003], [-122.45006323099994, 37.871161950000044], [-122.47820624099995, 37.918612952000046], [-122.47198824699996, 37.98177295700003], [-122.49947825699996, 38.03216995900004], [-122.48671526199996, 38.09009296500005], [-122.43959025799995, 38.11692797100005], [-122.39360125499996, 38.143453976000046], [-122.30181723599998, 38.10514698000003], [-122.26287422399997, 38.05147797800004], [-122.30083622499995, 38.010897972000066], [-122.35950623399998, 38.00994596800007], [-122.39218423399996, 37.969997962000036], [-122.38919422599997, 37.91010495800003], [-122.33454321799996, 37.90879596100007], [-122.30132620599994, 37.84776295900008], [-122.33568820599999, 37.79965695200008], [-122.294009196, 37.77042095300004], [-122.24265118599999, 37.75374895500005], [-122.22164117799997, 37.70557195300006], [-122.17091716699997, 37.67611895400006], [-122.14539115399998, 37.60085095000005], [-122.11201114099998, 37.52885594600008], [-122.06855212999994, 37.491206946000034], [-122.11656313499998, 37.47121394100003], [-122.16846214699996, 37.50414794000005], [-122.21427715699997, 37.53850993900005], [-122.26271116899994, 37.57287093900004], [-122.31572617799998, 37.58367093600003], [-122.37855818999998, 37.60559693300007], [-122.37430419499998, 37.662210938000044], [-122.370424201, 37.71757694300004], [-122.38533621199997, 37.79072894800004], [-122.46380622499998, 37.80465794300005], [-122.51449622999996, 37.78083393800006], [-122.50649622199995, 37.72373593400005], [-122.494098211, 37.64403992800004], [-122.51720020899995, 37.59064192200003], [-122.51954620299995, 37.53730691700008], [-122.49380219399995, 37.492345915000044], [-122.44600018299997, 37.461545916000034], [-122.42329917199999, 37.39254691200006], [-122.40133616299994, 37.33701390900006], [-122.41169915599994, 37.26584890200007], [-122.40508614799995, 37.19579589700004], [-122.36180313799997, 37.163597897000045], [-122.33708412899995, 37.11738689500004], [-122.28489511899994, 37.10175189800003], [-122.25219410999995, 37.05945289600004], [-122.20619309799997, 37.01395389600003], [-122.15509108699996, 36.98085489600004], [-122.10598907699995, 36.95595589800007], [-122.05013506699999, 36.948527901000034], [-121.983909058, 36.958731906000025], [-121.93008205199999, 36.978154912000036], [-121.88018004199995, 36.95015591300006], [-121.82767702599995, 36.87935791000007], [-121.79155701399998, 36.815190907000044], [-121.80565600899996, 36.750243900000044], [-121.81447500299998, 36.68286289400004], [-121.84227600199995, 36.63006388700006], [-121.88907700599998, 36.60176388200006], [-121.92967901599997, 36.63696388200003], [-121.97044001599994, 36.582758875000025], [-121.92595000399996, 36.52517787200003], [-121.937218, 36.47249286700003], [-121.914752992, 36.42589486400004], [-121.90268198299998, 36.363905860000045], [-121.888503975, 36.302814855000065], [-121.83936296299999, 36.26048285500008], [-121.77986395099998, 36.22741185600006], [-121.717188938, 36.195150857000044], [-121.62964691699995, 36.11445685600006], [-121.59286590599999, 36.065066854000065], [-121.55372889599994, 36.019802852000055], [-121.50312488599997, 36.00030385400004], [-121.47244787299996, 35.91989484800007], [-121.43959686299996, 35.866954846000056], [-121.38806585099996, 35.823487845000045], [-121.33246183799997, 35.78311084500007], [-121.31464482899997, 35.71331483900008], [-121.25104681399995, 35.65664583800003], [-121.195303804, 35.64073884000004], [-121.14357379199998, 35.60605084000008], [-121.10160778, 35.548818838000045], [-121.05992576999995, 35.50967583700003], [-121.00337175699997, 35.46071483500003], [-120.95075474699996, 35.44802483800004], [-120.89687473799995, 35.44224784000005], [-120.86611172899995, 35.393049838000024], [-120.86721272299997, 35.32715883100008], [-120.88936672199998, 35.27782382500004], [-120.87305871499996, 35.22569282100005], [-120.8052707, 35.184977821000075], [-120.760504691, 35.15971482200007], [-120.69891868199994, 35.171196827000074], [-120.65114667299997, 35.14777282700004], [-120.63096966499995, 35.10194582400004], [-120.63358265999995, 35.033089817000075], [-120.67084765399994, 34.904119802000025], [-120.61633764199996, 34.86674380200003], [-120.61630863699997, 34.81631279700008], [-120.637427635, 34.75589979000006], [-120.60168462599995, 34.709725787000025], [-120.62513962299994, 34.634493779000024], [-120.64575162099999, 34.581039772000054], [-120.58130560899997, 34.55696377400005], [-120.52478859799999, 34.53129577400006], [-120.490535589, 34.49007977200006], [-120.45143757899996, 34.447098770000025], [-120.34138156299997, 34.45879377800003], [-120.28301355499997, 34.46835878200005], [-120.22551054599995, 34.47059178600006], [-120.14117753199997, 34.47340979100005], [-120.08860352299996, 34.46021279300004], [-120.00808951, 34.460451798000065], [-119.95644549999997, 34.435292798000035], [-119.87398348399995, 34.408799800000054], [-119.79478347199995, 34.41760180600005], [-119.74548246299997, 34.40290280700003], [-119.69176145499995, 34.403158810000036], [-119.63887644699997, 34.41570081500004], [-119.55947143399999, 34.41339981900006], [-119.51066742399996, 34.386299819000044], [-119.461048415, 34.37406882100004], [-119.39046139899995, 34.31820281900008], [-119.33748738799994, 34.29058081900007], [-119.27865637599996, 34.26690682000003], [-119.25705536799995, 34.21330881600005], [-119.21645335599999, 34.14610981100003], [-119.13018133799994, 34.100106811000046], [-119.06997132699996, 34.09047481300007], [-119.00465631499998, 34.06623581400004], [-118.95473430499999, 34.048171815000046], [-118.89617129499999, 34.03921181800007], [-118.84039228399996, 34.027531820000036], [-118.78710627499999, 34.019549822000045], [-118.73240326699994, 34.03274782600005], [-118.67937825799999, 34.03325982900003], [-118.60966424699996, 34.03642883400005], [-118.54312723599998, 34.03851283800003], [-118.48422422299996, 33.99771483600006], [-118.44242221099995, 33.940316832000065], [-118.39211919499996, 33.840919824000025], [-118.42341919499995, 33.78201981600006], [-118.39661818699994, 33.73592181200007], [-118.31721717199997, 33.71282281400005], [-118.25869916199997, 33.70374581600004], [-118.18335415099995, 33.72319082300004], [-118.13271014399999, 33.75322182900004], [-118.06490713, 33.71102282800007], [-118.00060511399994, 33.65432382500006], [-117.94060310199995, 33.62002582500003], [-117.87680208899997, 33.59232682500004], [-117.81420007499997, 33.55222882400005], [-117.76139906299994, 33.51633082300003], [-117.71536105099995, 33.46056081900008], [-117.64559403799996, 33.44073282000005], [-117.60791702899996, 33.40632181800004], [-117.54770501499996, 33.36549581700007], [-117.50566200599997, 33.334067815000026], [-117.46980599699998, 33.29642181300005], [-117.40193797899997, 33.21360280700003], [-117.36258396899996, 33.168441804000054], [-117.32837095899998, 33.12184680000007], [-117.30978295299997, 33.074544796000055], [-117.28078194299997, 33.012347790000035], [-117.26048193399998, 32.931249781000076], [-117.25168192799998, 32.87435077500004], [-117.28098292899995, 32.82225176700007], [-117.25258191899997, 32.75295376100007], [-117.25518091599997, 32.70005575400006], [-117.19677890499997, 32.688855756000066], [-117.13947589099996, 32.62705875100005], [-117.13337488599996, 32.57562974600006], [-116.62706179899999, 32.57626577100007], [-116.04663169999998, 32.62335780600006], [-115.46517559899996, 32.667104841000025], [-114.71964446699997, 32.718767885000034], [-114.76496146999995, 32.64939587400005], [-114.80940447599994, 32.61712386700003], [-114.81419647399997, 32.56479286000007], [-114.813624469, 32.49428185100004], [-114.25078635299997, 32.323914856000044], [-113.78169125599999, 32.17903886000005], [-113.12597211899998, 31.972784863000072], [-112.86708506499997, 31.89549286400006], [-112.39943096599995, 31.751761866000038], [-111.97942787599999, 31.620687866000026], [-111.56020478599999, 31.488142866000032], [-111.07483567999998, 31.332243865000066], [-110.795477625, 31.333634877000065], [-110.46018255699994, 31.33283189200006], [-110.000623465, 31.333149912000067], [-109.82969942999995, 31.334071920000042], [-109.27849931699996, 31.33396394400006], [-109.05005426899999, 31.332506953000063], [-108.78872121499995, 31.332369965000055], [-108.20858309399995, 31.333399990000032], [-108.20840412099994, 31.783604061000062], [-107.848364044, 31.783637077000037], [-107.42225595399998, 31.783604096000033], [-107.00056986299995, 31.78351811400006], [-106.53174076199997, 31.78391513500003], [-106.48955174999998, 31.748413131000063], [-106.43155073799994, 31.75421413500004], [-106.38104872599996, 31.732115133000036], [-106.33474671099998, 31.66411712400003], [-106.30354570199995, 31.620418119000078], [-106.28082069399994, 31.562067110000044], [-106.23681368099994, 31.513381104000075], [-106.20583667199998, 31.465981097000054], [-106.15822765999997, 31.438890095000033], [-106.10688664699995, 31.42140809400007], [-106.00493562299994, 31.39246309400005], [-105.95395260999999, 31.364754091000066], [-105.93256260299995, 31.313126084000032], [-105.87602458899994, 31.291594083000064], [-105.83573157799998, 31.24681707700006], [-105.794395566, 31.20224507100005], [-105.74268755299994, 31.16490206700007], [-105.64884352899998, 31.115907063000066], [-105.60333951699994, 31.082630059000053], [-105.57955150899994, 31.035401052000054], [-105.55743950199997, 30.99023404500008], [-105.50226648799998, 30.96268504300008], [-105.43009846899997, 30.905797036000024], [-105.396699459, 30.855432029000042], [-105.34770444699996, 30.83807002800006], [-105.29563943499994, 30.822211028000027], [-105.23837342099995, 30.80311402700005], [-105.18594040799996, 30.78439702600008], [-105.14021639599997, 30.75250702200003], [-105.09829138499998, 30.718919018000065], [-105.04989437199998, 30.680822014000057], [-104.98630935699998, 30.661064013000043], [-104.97208035099999, 30.61026500400004], [-104.89901033299998, 30.57040500100004], [-104.87679632499999, 30.51100899100004], [-104.86988132099998, 30.458649982000054], [-104.85744931499994, 30.40896197400008], [-104.82432330599994, 30.370470969000053], [-104.77936529299996, 30.313192961000027], [-104.75157628399995, 30.26364895300003], [-104.71124527299997, 30.222925948000068], [-104.68751626499994, 30.16220793800005], [-104.69210326299998, 30.107308928000066], [-104.70688326299995, 30.050689918000046], [-104.68548825599999, 29.989947908000033], [-104.67978125099995, 29.924663897000073], [-104.63328423799999, 29.870489889000055], [-104.61017522999998, 29.819122881000055], [-104.56569721799997, 29.77046687400008], [-104.552250212, 29.717127865000066], [-104.50757719899997, 29.639628853000033], [-104.46652918799998, 29.60930084900008], [-104.39960017099997, 29.572323845000028], [-104.33812215499995, 29.51997183800006], [-104.26416413799996, 29.51400583900005], [-104.22057812599996, 29.47798083500004], [-104.18128211499999, 29.426269827000056], [-104.143701105, 29.383282820000034], [-104.09333509199996, 29.359930818000066], [-104.03829107799999, 29.32016081300003], [-103.975244063, 29.29602181100006], [-103.92498505099996, 29.293917812000075], [-103.85690203499996, 29.281856812000058], [-103.79116601899995, 29.263282811000067], [-103.74218400599995, 29.208614803000046], [-103.697322994, 29.177198799000053], [-103.64564398199997, 29.15929079700004], [-103.59236896899995, 29.150264798000023], [-103.52503595299999, 29.137358797000047], [-103.48443794199994, 29.094528791000073], [-103.43467692899998, 29.055321786000036], [-103.38213391599999, 29.024253782000073], [-103.33245490499996, 29.03339878500003], [-103.28616889299997, 29.00026278100006], [-103.23911788099997, 28.98165577900005], [-103.16624386399997, 28.97884078100003], [-103.11533685299997, 28.98527478400007], [-103.10254085199995, 29.040511794000054], [-103.07636384799997, 29.085726803000057], [-103.03299183999997, 29.114122810000026], [-102.99569683299995, 29.161223820000032], [-102.94716482299998, 29.180781825000054], [-102.91213981599998, 29.218906833000062], [-102.90261381699997, 29.279445845000055], [-102.87981381399999, 29.33875985700007], [-102.84078680699997, 29.376966865000043], [-102.83254780799996, 29.43311387500006], [-102.81396280599995, 29.48281088500005], [-102.77143779899995, 29.548550899000077], [-102.76181979899997, 29.598401908000028], [-102.72423979299998, 29.648419919000048], [-102.69835578899995, 29.695595928000046], [-102.67097978499999, 29.74195893800004], [-102.61288777199997, 29.74818694100003], [-102.56176276099995, 29.766094946000067], [-102.51269574999998, 29.780307950000065], [-102.43330973099995, 29.77661295300004], [-102.37732171899995, 29.789975957000024], [-102.36455071899996, 29.845391968000058], [-102.32062770999994, 29.878984975000037], [-102.26882569699995, 29.867995975000042], [-102.20538968099999, 29.84244297300006], [-102.15960966899996, 29.814360969000063], [-102.09182465299995, 29.792858968000075], [-102.03923563999996, 29.79098196900003], [-101.98754762899995, 29.80106197300006], [-101.92971761399997, 29.78932797300007], [-101.87540860199994, 29.794027976000052], [-101.81489758799995, 29.793099978000043], [-101.76328257499995, 29.784174978000067], [-101.71423256299994, 29.767664977000038], [-101.66246155099998, 29.77128497900003], [-101.60368953699998, 29.774403982000024], [-101.54680552499997, 29.79699598800005], [-101.50323151299995, 29.76458698400006], [-101.44651049899994, 29.755010984000023], [-101.39701748699997, 29.733967982000024], [-101.36720647599998, 29.664045970000075], [-101.31666946399997, 29.65549297000007], [-101.31433746099998, 29.59562695900007], [-101.26922545199994, 29.630031967000036], [-101.24436344299994, 29.569191956000054], [-101.19272842899994, 29.520289949000073], [-101.15188541699996, 29.477009942000052], [-101.08715740099996, 29.46941894300005], [-101.04337238899996, 29.429884937000054], [-101.01062237799994, 29.36867392700003], [-100.96433336699994, 29.347346924000078], [-100.90484335099995, 29.312014920000024], [-100.86466733999998, 29.276080914000033], [-100.79767932199996, 29.246947911000063], [-100.76706731299998, 29.195291902000065], [-100.73968930399997, 29.150490895000075], [-100.69233529199994, 29.115232889000026], [-100.66407328299994, 29.07321088200007], [-100.65611827899994, 29.017228872000032], [-100.647001274, 28.957083861000058], [-100.63161926799995, 28.902843851000057], [-100.59104825699995, 28.86305884400008], [-100.55313824599995, 28.82825383900007], [-100.53302523899998, 28.763284827000064], [-100.50670922999996, 28.71674981900003], [-100.50036222699998, 28.66196480800005], [-100.44709921299994, 28.64220180600006], [-100.39839319899994, 28.584888797000076], [-100.38886819399994, 28.51575278400003], [-100.33852618099996, 28.501837783000042], [-100.34154117999998, 28.44957577200006], [-100.34440817799998, 28.389666761000058], [-100.31420616899999, 28.34586375300006], [-100.28756216099998, 28.30109774500005], [-100.26761215399995, 28.250273736000054], [-100.22029214199995, 28.232214734000024], [-100.18570213199996, 28.185785726000063], [-100.119636115, 28.15559272200005], [-100.07548210299996, 28.124886717000038], [-100.04611609499995, 28.07907270900006], [-100.01284708499998, 28.037207702000046], [-99.98493107699994, 27.99073369300004], [-99.93182006299998, 27.980971693000072], [-99.91746905799994, 27.917977681000025], [-99.90149405199998, 27.864166671000078], [-99.87768504399997, 27.79943165800006], [-99.83513503199998, 27.762885652000023], [-99.78885301999998, 27.73072264700005], [-99.73245600399997, 27.685429640000052], [-99.68582099199995, 27.66101963600005], [-99.63893697999998, 27.626762631000076], [-99.58478996699995, 27.622011632000067], [-99.53014595199994, 27.58021162500006], [-99.52832794799997, 27.49890060900003], [-99.48042693599996, 27.48160060600003], [-99.487528936, 27.41240059200004], [-99.50778693799998, 27.35425158000004], [-99.53645094399997, 27.31254257100005], [-99.48794493199995, 27.29494556900005], [-99.44155691899994, 27.249924561000057], [-99.42635591299995, 27.17626654600008], [-99.43337791199997, 27.119222535000063], [-99.45028991499998, 27.067709524000065], [-99.43872890999995, 27.014634513000033], [-99.38737489699997, 26.98240350800006], [-99.36706188999995, 26.929038498000068], [-99.32182687799997, 26.90685049500007], [-99.28047886699994, 26.858057486000064], [-99.24245185499996, 26.788266472000032], [-99.20891484499998, 26.72476546000007], [-99.200529841, 26.656447447000062], [-99.16741782999998, 26.560005428000068], [-99.12778981899999, 26.52520342200006], [-99.09164280899995, 26.476981413000033], [-99.11086281199994, 26.426282402000027], [-99.06210079899995, 26.397375397000076], [-99.00801078599994, 26.39546339800006], [-98.95019377099999, 26.380307396000035], [-98.89097275599994, 26.357573393000052], [-98.83291674199995, 26.363342395000075], [-98.78982973099994, 26.33157939000006], [-98.74527971899994, 26.30310038500005], [-98.69886370699999, 26.265623379000033], [-98.65422869499997, 26.23596437300006], [-98.59916168199999, 26.25761637900007], [-98.54385966799998, 26.23449637600004], [-98.49669165499995, 26.21285737200003], [-98.44368964199998, 26.213343374000033], [-98.38670162699998, 26.15787636400006], [-98.33684461499996, 26.166436367000074], [-98.30298660499994, 26.110054356000035], [-98.24881358999994, 26.07310534900006], [-98.19705357699996, 26.056157347000067], [-98.14662956499996, 26.049416347000033], [-98.09765055299994, 26.06027535000004], [-98.03924653799999, 26.041279347000057], [-97.98134252399996, 26.067186354000057], [-97.91388950699996, 26.05654335400004], [-97.86051149399998, 26.05292235400003], [-97.80135147999994, 26.06002135700004], [-97.75884546799995, 26.03213535200007], [-97.70325445499998, 26.030313353000054], [-97.649183441, 26.021503352000025], [-97.60829042899996, 25.976598344000024], [-97.55937141599998, 25.932261336000067], [-97.52176940499999, 25.88646232700006], [-97.46826939199997, 25.88416632700006], [-97.42264337899996, 25.84038231900007], [-97.36542736499996, 25.84983032200006], [-97.36598336699996, 25.902451334000034], [-97.32056835699996, 25.929806341000074], [-97.24804033899994, 25.948101346000044], [-97.18759032399998, 25.958178350000026], [-97.15192931699994, 26.01765736300007], [-97.19568232899996, 26.04656336800008], [-97.24698734299994, 26.080356374000075], [-97.28453435299997, 26.11502438100007], [-97.29998335799996, 26.16324639100003], [-97.31134036199995, 26.213181401000043], [-97.27989935599999, 26.270927414000028], [-97.33028837199998, 26.36594443300004], [-97.38055738799994, 26.480563456000027], [-97.41918039899997, 26.527251465000063], [-97.44571540799996, 26.609366481000052], [-97.46734441599995, 26.710130502000027], [-97.47861242199997, 26.806679522000024], [-97.44407141999994, 26.987239561000024], [-97.43940342099995, 27.07652857900007], [-97.43100142199995, 27.160865597000054], [-97.42230642299995, 27.25771661700003], [-97.48515643899998, 27.25084561400007], [-97.54291745199998, 27.229217608000056], [-97.59737046599997, 27.242448610000054], [-97.64011847799998, 27.27094761400008], [-97.58413946499996, 27.309624624000037], [-97.53833745499998, 27.335578630000043], [-97.48693744299999, 27.35898863700004], [-97.49813344399996, 27.308606626000028], [-97.54698845499996, 27.29079562100003], [-97.48286643999995, 27.29791962400003], [-97.43044842699999, 27.31369562900005], [-97.37955741699994, 27.390032646000066], [-97.36581741599997, 27.45059265900005], [-97.34749641299999, 27.50300967000004], [-97.32154240899996, 27.571203685000057], [-97.26607139899994, 27.678583709000065], [-97.31645341299998, 27.712680715000033], [-97.36836242699997, 27.741687719000026], [-97.39177143499995, 27.813952734000054], [-97.47208045599996, 27.824158733000047], [-97.51510246699996, 27.851174738000054], [-97.45430045299997, 27.873828744000036], [-97.377959434, 27.87490974600007], [-97.325104421, 27.86789774700003], [-97.27370540799996, 27.881637751000028], [-97.22839539599994, 27.843665744000077], [-97.15512937899996, 27.880619754000065], [-97.12154137199997, 27.92336876400003], [-97.07573936299997, 27.98698177800003], [-97.04062535499997, 28.028712788000064], [-97.03553535599997, 28.084692800000028], [-97.10364037299996, 28.07845679600007], [-97.17645139099994, 28.05989679000004], [-97.15360838799995, 28.13318480600003], [-97.03701535999994, 28.18553282000005], [-97.00754635099997, 28.13609181100003], [-96.93477233299996, 28.123877811000057], [-96.87268531899997, 28.176295823000032], [-96.80042030299995, 28.224132835000034], [-96.80601830599994, 28.28214884700003], [-96.79482230699995, 28.36459186500008], [-96.76835930199996, 28.410393875000068], [-96.71034328699994, 28.40683187600007], [-96.70525428299999, 28.348815864000073], [-96.66520527199998, 28.309614857000042], [-96.58142325199998, 28.353339869000024], [-96.51154523599996, 28.383350877000055], [-96.45295722299994, 28.418683886000053], [-96.43370521599996, 28.363692875000027], [-96.48254822699994, 28.330118867000067], [-96.54149324099996, 28.316414862000045], [-96.59901125499994, 28.293291856000053], [-96.65498526699997, 28.246401844000047], [-96.70275927799997, 28.21457183600006], [-96.79058129899994, 28.188911829000062], [-96.81934130399998, 28.143337818000077], [-96.879949319, 28.12877181300007], [-96.91987932799998, 28.09355180500006], [-96.95458033399996, 28.035979792000035], [-96.98440933999996, 27.984359781000023], [-97.01720934699995, 27.945732772000042], [-97.08248836199994, 27.913236763000043], [-97.12990537099995, 27.83949174600008], [-97.15119637399994, 27.768625731000043], [-97.18696737999994, 27.69425671500005], [-97.23521638999995, 27.63447270100005], [-97.26222939499996, 27.587604690000035], [-97.30426140199995, 27.507321673000035], [-97.36147141099997, 27.35199263900006], [-97.37724241299998, 27.27998062300003], [-97.39982141299998, 27.11508758800005], [-97.39744540899994, 27.010317567000072], [-97.40101040599995, 26.891672542000038], [-97.38912639999995, 26.800485523000077], [-97.35703838899997, 26.725435508000032], [-97.33683638199994, 26.650822493000078], [-97.30593837199996, 26.579636479000044], [-97.36794138699997, 26.556418472000075], [-97.28430836599995, 26.542614471000036], [-97.22512734499998, 26.344517431000043], [-97.20135933599994, 26.24969541100006], [-97.18305832799996, 26.123271385000066], [-97.19694233699994, 26.305869423000047], [-97.22159234599997, 26.399816443000077], [-97.25380835699997, 26.503168464000055], [-97.29617837099994, 26.617814487000032], [-97.32275737999998, 26.701750504000074], [-97.34823238999996, 26.79587652300006], [-97.366879397, 26.88558554100007], [-97.37695040199998, 26.971532559000025], [-97.37870440599994, 27.060048577000032], [-97.37174840699998, 27.153016597000033], [-97.35847640699996, 27.23480061400005], [-97.33612940399996, 27.31782263200006], [-97.29606439799994, 27.427179656000078], [-97.25733239099998, 27.510648675000027], [-97.21268638299995, 27.596424694000063], [-97.14086136899994, 27.716692721000072], [-97.09074235899999, 27.78589273600005], [-97.04485334899994, 27.834470748000058], [-97.00333234199996, 27.908311764000075], [-96.94757932999994, 27.970944779000035], [-96.88646631699999, 28.03073879300007], [-96.79216529599995, 28.110501812000052], [-96.71963427999998, 28.16459882600003], [-96.63201725999994, 28.22282584000004], [-96.48627422599998, 28.29850386000004], [-96.40048420699998, 28.357141875000025], [-96.34162419399996, 28.417338889000064], [-96.27039817799994, 28.461934901000063], [-96.22038316699997, 28.49197090800004], [-96.07787513299996, 28.556630926000025], [-96.00068911499994, 28.58824293500004], [-95.88403308699998, 28.633102948000044], [-95.81251106999997, 28.66494695700004], [-95.68409603999999, 28.734045975000072], [-95.58880801799995, 28.783173988000044], [-95.48677599399997, 28.83629200300004], [-95.439600983, 28.859027009000044], [-95.38239696799997, 28.866353012000047], [-95.30971095199999, 28.92826702700006], [-95.27227294399995, 28.96155103500007], [-95.19139792599998, 29.02309505100004], [-95.12514091099996, 29.067326062000063], [-95.08177990099995, 29.111227073000066], [-95.02622588899999, 29.148069082000063], [-94.80370183699995, 29.279242117000024], [-94.73108881999997, 29.33183813000005], [-94.78490183499997, 29.335540129000037], [-94.84973684999994, 29.297350119000043], [-94.99155588199994, 29.20113609400005], [-95.09860590699998, 29.12880407600005], [-95.14485191699998, 29.090841066000053], [-95.15519092199997, 29.151470079000035], [-95.11276491299998, 29.19567408900008], [-95.02248889099997, 29.22968909900004], [-94.95253287599996, 29.29012711400003], [-94.89400086099994, 29.308175120000044], [-94.88654286199994, 29.366391132000047], [-94.890806866, 29.433437146000074], [-94.92592087699995, 29.469052152000074], [-94.98192289299999, 29.511146159000077], [-95.018259904, 29.554890167000053], [-94.98271289699994, 29.60134917700003], [-95.01564290699997, 29.639462184000024], [-94.97267289799998, 29.684875195000075], [-94.92132488399994, 29.658183191000035], [-94.87255787199996, 29.67125519600006], [-94.85111486799997, 29.721378207000043], [-94.79224485499998, 29.767438218000052], [-94.73623683999995, 29.761790219000034], [-94.69532382799997, 29.72305721200007], [-94.70874782699997, 29.62523119100007], [-94.75524383699997, 29.562787177000075], [-94.69163181899995, 29.53779217400006], [-94.62589680299999, 29.552813179000054], [-94.57001278899997, 29.572237185000063], [-94.52374977599999, 29.54599218100003], [-94.58028078999996, 29.52530017500004], [-94.60856379499995, 29.483350165000047], [-94.66585980999997, 29.478406162000056], [-94.70637181899997, 29.436810152000078], [-94.75410682899997, 29.401005143000077], [-94.69416481499997, 29.41563714800003], [-94.63109079999998, 29.451469158000066], [-94.13371567899998, 29.647294215000045], [-94.05651265999995, 29.671168223000052], [-94.00141264599995, 29.681491227000038], [-93.93163862799997, 29.68276522900004], [-93.86129760999995, 29.67901223100006], [-93.79925659499997, 29.715265241000054], [-93.74195458099996, 29.736348247000024], [-93.68364656599994, 29.74715825100003], [-93.59079254299996, 29.75565425600007], [-93.53846852899994, 29.76330425900005], [-93.47525851299997, 29.769247263000068], [-93.34644547899995, 29.762648266000042], [-93.29557946599994, 29.775076270000056], [-93.22694044799994, 29.77752427300004], [-93.17693643499996, 29.77049227300006], [-93.03116339499996, 29.736338270000033], [-92.94749937199998, 29.70878226700006], [-92.74131231299998, 29.62214425600007], [-92.65503528999994, 29.59610725300007], [-92.56804426599996, 29.57740225200007], [-92.40986622299994, 29.547482251000076], [-92.32347119899998, 29.531502250000074], [-92.25186617999998, 29.539359254000033], [-92.15863015699995, 29.58162126600007], [-92.10592914399996, 29.58634026900006], [-92.04187212699998, 29.586774271000024], [-92.09146114099997, 29.61980927600007], [-92.13665515499997, 29.667486285000052], [-92.20008217499998, 29.725715295000043], [-92.14977716299995, 29.763053305000028], [-92.06291713999997, 29.769168309000065], [-91.97823411899998, 29.79994731900007], [-91.915256103, 29.819372325000074], [-91.85952008799995, 29.826073328000064], [-91.82479007699999, 29.789302321000036], [-91.87924809099997, 29.756561313000077], [-91.85399308199999, 29.707623303000048], [-91.78368006399995, 29.740694312000073], [-91.71094104499997, 29.73899831400007], [-91.63283502399997, 29.742581318000077], [-91.62683201999994, 29.68475830500006], [-91.64866302399997, 29.636718294000048], [-91.58184900599997, 29.63717029700007], [-91.54197999399997, 29.59435828900007], [-91.52584598699997, 29.545951279000064], [-91.48559597499997, 29.499121270000046], [-91.43486495999997, 29.482401268000046], [-91.37936694699994, 29.512376276000055], [-91.32042992899994, 29.478321271000027], [-91.36426593899995, 29.435435260000077], [-91.33405692999997, 29.391530251000063], [-91.27609991499997, 29.40934125700005], [-91.21745389999995, 29.432554264000032], [-91.192845891, 29.371131251000065], [-91.13306987399994, 29.34109324700006], [-91.13211887099999, 29.28575823500006], [-91.171692883, 29.325138242000037], [-91.22219989699994, 29.325967241000058], [-91.26545790999995, 29.36098124700004], [-91.29182691499994, 29.311362235000047], [-91.278797909, 29.24778122200007], [-91.21903789199996, 29.226056219000043], [-91.12914686699997, 29.21586822000006], [-91.05863584699995, 29.18173921400006], [-91.00010183099994, 29.169486213000027], [-90.94809681699996, 29.174109216000033], [-90.89822080199997, 29.13134720800008], [-90.85997578999996, 29.094966202000023], [-90.84059278299998, 29.046274191000066], [-90.79841677399997, 29.096004204000053], [-90.74481975999998, 29.11760221000003], [-90.69431274699997, 29.125076213000057], [-90.67589274399995, 29.17406522400006], [-90.63251573399998, 29.21442123500003], [-90.57487871899997, 29.227421239000023], [-90.60007272799999, 29.288556252000035], [-90.52725870899997, 29.30405625800006], [-90.46946769299996, 29.298195258000078], [-90.44736368899999, 29.347619270000052], [-90.40256067599995, 29.312186263000058], [-90.40327367299994, 29.23381624600006], [-90.37689166799998, 29.28866025900004], [-90.32210665199995, 29.273008257000072], [-90.27283763599996, 29.19903724200003], [-90.27777863499995, 29.142827230000023], [-90.23333962199996, 29.11066022400007], [-90.17058560499999, 29.115214227000024], [-90.05851757699998, 29.183692246000078], [-89.95646555199994, 29.253749264000078], [-89.88346853499996, 29.307108278000044], [-89.72616749199995, 29.30403128200004], [-89.67178647599997, 29.28903328100006], [-89.62398146199996, 29.26918327800007], [-89.53660543699993, 29.23621727300008], [-89.48284942199996, 29.215058270000043], [-89.44747741099997, 29.17858126300007], [-89.40937639799995, 29.12786025300005], [-89.35059038199995, 29.129603255000063], [-89.32569337699994, 29.177084266000065], [-89.27863236299999, 29.13764725900006], [-89.31285836999996, 29.087396247000072], [-89.36211738099996, 29.01212822900004], [-89.41987039299994, 28.929714208000064], [-89.36437537999996, 28.964726218000067], [-89.29307136299997, 29.041327237000075], [-89.25173235399996, 29.083177248000027], [-89.21867834199998, 29.02252023500006], [-89.14287131999998, 28.99162823100005], [-89.14695832399997, 29.05166424400005], [-89.10631431499996, 29.11148625800007], [-89.03952629699995, 29.135468266000032], [-89.09704531299997, 29.13878926500007], [-89.05117830199998, 29.170488273000046], [-89.02597929699994, 29.21515828400004], [-89.09134131399998, 29.191091277000055], [-89.11510932299996, 29.252906290000055], [-89.15759833599998, 29.29669629800003], [-89.18935934699994, 29.34506630800007], [-89.24087535899997, 29.310086299000034], [-89.31209038199995, 29.388043314000072], [-89.37311439899997, 29.387180312000055], [-89.45730842199998, 29.39315331000006], [-89.50855643599994, 29.386173307000035], [-89.53215544399995, 29.43457231700006], [-89.57210745699996, 29.47522232500006], [-89.64020347599995, 29.503565329000025], [-89.68109748899997, 29.53449233500004], [-89.64180747999995, 29.575578345000054], [-89.68449149199995, 29.60287235000004], [-89.60259046899995, 29.582193348000033], [-89.66569448899997, 29.64315035900006], [-89.61083247399995, 29.63856536000003], [-89.53520745399999, 29.648572364000074], [-89.48693643899998, 29.62045236000006], [-89.533765454, 29.670209369000077], [-89.52489245399994, 29.72657138200003], [-89.46760443699998, 29.699024378000047], [-89.43381342599997, 29.656370369000058], [-89.38779941499996, 29.679996376000076], [-89.43025542799995, 29.712611382000034], [-89.39916742199995, 29.77059739500004], [-89.337667405, 29.779140399000028], [-89.27103938599998, 29.756360396000048], [-89.27730338999999, 29.807613408000066], [-89.331975404, 29.79052940200006], [-89.37297641699996, 29.825265408000064], [-89.31773140299998, 29.850890416000027], [-89.25452238599996, 29.86455742100003], [-89.31146740199995, 29.881641423000076], [-89.28014939499997, 29.924920433000068], [-89.22377538199999, 29.961934443000075], [-89.27332039699996, 29.99382544900004], [-89.31545840499996, 29.92321343200007], [-89.36802441899994, 29.91149642700003], [-89.37923242399995, 29.963809439000045], [-89.43279043999996, 29.978757440000038], [-89.39356043099997, 30.029823453000063], [-89.44462344599998, 30.060964458000058], [-89.49348945999998, 30.072196459000054], [-89.55129747299998, 30.005714442000055], [-89.57500247799999, 29.959460431000025], [-89.59119947899995, 29.89702341700007], [-89.63802149099996, 29.864070408000032], [-89.69200950599998, 29.86872740800004], [-89.74248452099994, 29.908175415000073], [-89.71907251699997, 29.95370442500007], [-89.77546453099995, 29.937421420000078], [-89.82902854599996, 29.93923341900006], [-89.85756355599995, 30.00444443200007], [-89.81856654799998, 30.043333442000062], [-89.76322153199999, 30.042113443000062], [-89.71294751999994, 30.06909345100007], [-89.67816851199996, 30.108291460000032], [-89.61754749799996, 30.156427473000065], [-89.56283048299997, 30.16867247700003], [-89.50323646799995, 30.18305648200004], [-89.44791545299995, 30.185357485000054], [-89.42449844799995, 30.239097497000046], [-89.37955243799996, 30.27040150600004], [-89.329951425, 30.30290151400004], [-89.36612143699995, 30.352174524000077], [-89.31507242399994, 30.37541353100005], [-89.28156941299994, 30.331985522000025], [-89.22044739599994, 30.322502522000036], [-89.08324236099998, 30.368102537000027], [-89.01633934299997, 30.38390354200004], [-88.92203631699994, 30.39380354800005], [-88.81876728799995, 30.360595544000034], [-88.74695026699999, 30.347627543000044], [-88.66382524499994, 30.362104549000037], [-88.61301123099997, 30.353969549000055], [-88.56777121699997, 30.329561545000047], [-88.50633919999996, 30.327403547000074], [-88.45381518599999, 30.329631549000055], [-88.40118617199994, 30.344387554000036], [-88.36402716299995, 30.388011565000056], [-88.31653014899996, 30.369990562000055], [-88.26070013499998, 30.382386567000026], [-88.20450011799994, 30.36210756400004], [-88.15578010299998, 30.327189558000043], [-88.10727909199994, 30.377251571000045], [-88.10407509299995, 30.42730558200003], [-88.10377309599994, 30.500908598000024], [-88.08162209199998, 30.54632260900007], [-88.05400308699996, 30.612496624000073], [-88.02671108199996, 30.66149563600004], [-87.95599406199995, 30.65886763800006], [-87.91253504799994, 30.615800630000024], [-87.90417304399995, 30.565990619000047], [-87.93336004799994, 30.48736260100003], [-87.90891303799998, 30.41424558500006], [-87.86502202499997, 30.38345558000003], [-87.80927100699995, 30.33270757100007], [-87.75552099099997, 30.291222563000076], [-87.80209200199994, 30.25305955300007], [-87.86009001699995, 30.240294548000065], [-87.91376703299994, 30.24784254800005], [-87.96685204699997, 30.235623544000077], [-88.02399606199998, 30.230395541000064], [-87.96225804499994, 30.229527543000074], [-87.83846701099998, 30.22719054600003], [-87.73553498299998, 30.24068455200006], [-87.65689296099998, 30.24971455700006], [-87.55810193499997, 30.27444256600006], [-87.41986389699997, 30.297133575000032], [-87.35049087899995, 30.313069581000036], [-87.29542686399998, 30.32350858500007], [-87.20625883899999, 30.320948587000032], [-87.15539682499997, 30.327753590000043], [-86.90968375799997, 30.372428608000064], [-86.85062974199997, 30.38097261200005], [-86.75091071399999, 30.391886618000058], [-86.63295768099994, 30.39630462200006], [-86.52907165199997, 30.386901624000075], [-86.47085363499997, 30.383905625000068], [-86.41208061899994, 30.38035162600005], [-86.29870458599999, 30.363054626000064], [-86.22256556399998, 30.343590624000058], [-86.08996752499996, 30.303574619000074], [-85.99994149799994, 30.270785614000033], [-85.92260447499996, 30.238029609000023], [-85.81122344099998, 30.17832559900006], [-85.74993442199997, 30.13654259200007], [-85.69681440499994, 30.096895584000038], [-85.63728938799994, 30.073324581000065], [-85.58824637299995, 30.05554857800007], [-85.54118035699997, 29.995796566000024], [-85.48776834099993, 29.96123256000004], [-85.42596032299997, 29.94989355900003], [-85.38473430999994, 29.920954554000048], [-85.34704829699996, 29.871986544000038], [-85.31291528599996, 29.832278536000047], [-85.30600227999997, 29.725207512000054], [-85.35669129299998, 29.69679850400007], [-85.37808330099995, 29.753559516000053], [-85.38877830699994, 29.81750653000006], [-85.38705130899996, 29.87855154400006], [-85.41797531599997, 29.82886053200008], [-85.39787530599995, 29.740503512000032], [-85.36942329599998, 29.681053500000075], [-85.31921928199995, 29.681499501000076], [-85.22161225399998, 29.677769503000036], [-85.14101422899995, 29.63404349600006], [-85.08423521299994, 29.615168493000056], [-85.00445618899994, 29.598830492000047], [-84.94840817399995, 29.622603499000036], [-84.87673515499995, 29.655763508000064], [-84.776958128, 29.69219652000004], [-84.69262310699997, 29.763044539000077], [-84.79859113499998, 29.70207952100003], [-84.90153516299995, 29.667889510000066], [-85.01205619199999, 29.62244449700006], [-85.07005020999998, 29.64093549900008], [-85.10041221999995, 29.68469550800006], [-85.03721620299996, 29.71107951600004], [-84.97700818599998, 29.721214520000046], [-84.92092117199996, 29.77290653400007], [-84.89249716199998, 29.722665523000046], [-84.83717214799998, 29.755931533000023], [-84.76300212799998, 29.78885154200003], [-84.69205710899996, 29.82906455400007], [-84.61315808899997, 29.867989565000073], [-84.535877068, 29.910097577000045], [-84.47032704999998, 29.924529582000048], [-84.42383803599995, 29.903001579000033], [-84.34907001399995, 29.89681758000006], [-84.33943001299997, 29.946012591000056], [-84.36611902399994, 30.008667605000028], [-84.29784000599994, 30.05745661800006], [-84.25644299599998, 30.103796630000033], [-84.20801398099997, 30.08478162700004], [-84.15728196599997, 30.072719626000037], [-84.10273395199994, 30.093616632000078], [-84.048718937, 30.103213636000078], [-83.99161091899998, 30.083925633000035], [-83.93343590099994, 30.046310626000036], [-83.84543087399999, 29.998073618000035], [-83.78873285699996, 29.97698761500004], [-83.68642682599994, 29.923740605000035], [-83.63798380999998, 29.88607859800004], [-83.60524779899998, 29.836392588000024], [-83.58190678999995, 29.792068578000055], [-83.55499678099994, 29.742605567000055], [-83.49373176199998, 29.708393561000037], [-83.44819774799998, 29.675259555000025], [-83.40408473399998, 29.640803548000065], [-83.405259732, 29.578324533000057], [-83.40155572799995, 29.523296521000077], [-83.35672571499998, 29.499906517000056], [-83.311549701, 29.475671512000076], [-83.27202268799994, 29.432261503000063], [-83.218078672, 29.420497502000046], [-83.18958466099997, 29.363422489000072], [-83.17673965599994, 29.314225478000026], [-83.12803064099995, 29.282738472000062], [-83.07726862499999, 29.255336467000063], [-83.07898962399997, 29.19694945300006], [-83.05687061499998, 29.146268442000064], [-82.99614759899998, 29.17807945100003], [-82.94530558399998, 29.167826450000064], [-82.88721456699994, 29.161746450000066], [-82.82707654999996, 29.158430451000072], [-82.79887953999997, 29.114509442000042], [-82.78333153399996, 29.064624430000038], [-82.75938152499998, 29.00662441700007], [-82.72386451199998, 28.953511406000075], [-82.68886750099995, 28.905614395000043], [-82.73024851099996, 28.850160381000023], [-82.69828449799996, 28.757015360000025], [-82.66872548699996, 28.69566334600006], [-82.66405848299996, 28.606589325000073], [-82.66165348099997, 28.554148312000052], [-82.67014948099995, 28.500774299000057], [-82.67479048099995, 28.441961285000048], [-82.70632548799995, 28.401330275000078], [-82.71582548899994, 28.345506261000025], [-82.73279549199998, 28.291938248000065], [-82.76410649999997, 28.24435023600006], [-82.79776550699995, 28.187794221000047], [-82.78132750099996, 28.127596207000067], [-82.78272749899998, 28.055899190000048], [-82.83117251499993, 28.133536207000077], [-82.83694151999998, 28.210183225000037], [-82.84342051799996, 28.098295198000073], [-82.82844651099998, 28.041460185000062], [-82.83139150999995, 27.96212216600003], [-82.84782951299997, 27.910204153000052], [-82.84652951099997, 27.854306140000062], [-82.79022749199999, 27.79160812600003], [-82.76092648199995, 27.745210115000077], [-82.73847047399994, 27.678509100000042], [-82.73655547099997, 27.617331085000046], [-82.72302546899994, 27.671213098000067], [-82.67732445699994, 27.706212108000045], [-82.62572344299997, 27.72701111400005], [-82.62272644399997, 27.77987312700003], [-82.58652243499995, 27.816708137000035], [-82.61002344299999, 27.873506150000026], [-82.68512446599993, 27.91630415900005], [-82.72412547799996, 27.948103165000077], [-82.67924046699994, 28.00002717900003], [-82.62568845199996, 28.000106180000046], [-82.57600643599994, 27.969429174000027], [-82.53372142299997, 27.933004167000036], [-82.52992141999994, 27.87750615300007], [-82.51119641299994, 27.82802014200007], [-82.48742040799993, 27.895006159000047], [-82.43231939299994, 27.901306161000036], [-82.39746638099996, 27.851636150000047], [-82.41840438599996, 27.803192138000043], [-82.45754639499995, 27.752576125000076], [-82.49489440499997, 27.718968116000042], [-82.53714941599998, 27.672938104000025], [-82.56567042199998, 27.61571808900004], [-82.61172043399995, 27.585288080000055], [-82.64601744299995, 27.533545067000034], [-82.68642445299997, 27.49722005700005], [-82.74244047099995, 27.539365066000073], [-82.70782445899994, 27.487620054000047], [-82.69182445299998, 27.437223042000028], [-82.64282443699994, 27.389725032000058], [-82.59763242299994, 27.33575902000007], [-82.56975741299993, 27.279457007000076], [-82.51232239399997, 27.20753299100005], [-82.47702238199997, 27.141235976000075], [-82.445721371, 27.060638957000037], [-82.40062135499994, 26.984941939000066], [-82.35165233899994, 26.90838892100004], [-82.30173932299994, 26.841592906000074], [-82.26950231199999, 26.784678893000034], [-82.26746630899999, 26.720181877000073], [-82.23063929999995, 26.77101489000006], [-82.17869328499995, 26.77255989200006], [-82.156270281, 26.85190291200007], [-82.17524428799999, 26.916871928000035], [-82.12464827399998, 26.94561993600007], [-82.06312925699996, 26.950218939000024], [-82.09302626399995, 26.906522927000026], [-82.05680425199995, 26.85880191600006], [-82.05507924999995, 26.802456902000074], [-82.06657825199994, 26.742661887000054], [-82.08670125599997, 26.68516687300007], [-82.13902227199998, 26.702990876000058], [-82.14994627299995, 26.654119863000062], [-82.12234826299994, 26.57937584600006], [-82.10567525599998, 26.483934822000037], [-82.06821724599996, 26.531097835000025], [-82.01530123099997, 26.528845836000073], [-81.980715219, 26.480961824000076], [-81.93841420599995, 26.445062817000064], [-81.90191319499996, 26.410863809000034], [-81.84455817599996, 26.32771678900008], [-81.82067816599994, 26.236739767000074], [-81.814613163, 26.17317175200003], [-81.80166615699994, 26.088231731000064], [-81.76244214299999, 26.006074711000053], [-81.74558213699999, 25.949647697000046], [-81.71769012799996, 25.90204368600007], [-81.68954311799996, 25.852714674000026], [-81.65449610899998, 25.893583685000067], [-81.58248608799994, 25.87671668300004], [-81.51498506699994, 25.838645674000077], [-81.46849205299998, 25.803324667000027], [-81.41437903599996, 25.783532663000074], [-81.355251018, 25.728731650000043], [-81.31190200499998, 25.702915645000076], [-81.28942699699996, 25.65796163400006], [-81.24052198099997, 25.599045620000027], [-81.20932397099995, 25.548615608000034], [-81.19192696399995, 25.48474959200007], [-81.14676794899998, 25.407581573000073], [-81.11726793899999, 25.35495756100005], [-81.15230294799994, 25.30554754700006], [-81.16830995199996, 25.253182534000075], [-81.14673994399999, 25.193143519000046], [-81.11194593199997, 25.145474507000074], [-81.05050791399998, 25.12827750400004], [-80.99917889899996, 25.124226504000035], [-80.94321888299999, 25.13444750800005], [-80.90006887099997, 25.162038516000052], [-80.84893985699995, 25.17828152100003], [-80.79457884099998, 25.18237752300007], [-80.74774882699995, 25.147445515000072], [-80.67762580699997, 25.16935052200006], [-80.60977578799998, 25.200361532000045], [-80.54239376799995, 25.206383535000043], [-80.46455274599998, 25.209071537000057], [-80.46134474299998, 25.132491517000062], [-80.49674375099994, 25.04701549500004], [-80.54476576399998, 25.01215548500005], [-80.66845779799996, 24.907928456000036], [-80.57153677099996, 24.95373046900005], [-80.49249274899995, 25.027341490000026], [-80.44884173799994, 25.073384502000067], [-80.40707872599995, 25.104353511000056], [-80.35818571299995, 25.153232525000078], [-80.32740770599997, 25.223816543000055], [-80.25028468599999, 25.344795576000024], [-80.20383167399996, 25.414501595000047], [-80.17667066799999, 25.48590061300007], [-80.24958668699998, 25.39494258900004], [-80.27179469299995, 25.34844657600007], [-80.33832771099998, 25.29008956000007], [-80.31036270499999, 25.373104582000053], [-80.32637570999998, 25.422923594000054], [-80.33942371599994, 25.478673608000065], [-80.32874871399997, 25.532644622000078], [-80.30561770899999, 25.593138638000028], [-80.27714970199997, 25.637026650000053], [-80.25046169499996, 25.688032663000058], [-80.19767668099996, 25.744374679000032], [-80.17691867299999, 25.685066664000033], [-80.14400266499996, 25.740816679000034], [-80.12739666199997, 25.79122869200006], [-80.11968666099995, 25.84104770500005], [-80.11790666199994, 25.915776724000068], [-80.11778066399995, 25.98637374200007], [-80.10956866399994, 26.087169768000024], [-80.10136866399995, 26.147766783000066], [-80.08936766199997, 26.231863805000046], [-80.07526666099994, 26.31866082700003], [-80.06056665999995, 26.444656859000077], [-80.05036565899997, 26.50955387500005], [-80.03886565699997, 26.569351891000053], [-80.03576565899994, 26.67580491700005], [-80.03746466199993, 26.766344940000067], [-80.04626566699994, 26.859242963000042], [-80.09391168599996, 27.018592002000048], [-80.11677469399996, 27.072402015000023], [-80.14982270599995, 27.143562031000044], [-80.16147271099999, 27.192819043000043], [-80.19309272199996, 27.249551057000076], [-80.22675573399994, 27.322741074000078], [-80.25366774299994, 27.379795088000037], [-80.29317375799997, 27.50031911600007], [-80.32470177, 27.569183133000024], [-80.344372777, 27.61623114400004], [-80.38369779199996, 27.740050173000043], [-80.44718181399998, 27.859736201000032], [-80.50887383599996, 27.970482227000048], [-80.54767784999996, 28.048800245000052], [-80.566434857, 28.095635256000037], [-80.58997786599997, 28.177995275000058], [-80.60421687299998, 28.257738294000035], [-80.60807687599998, 28.311290307000036], [-80.60337687599997, 28.363988320000033], [-80.57413886999996, 28.42776933700003], [-80.52673485699995, 28.45171034400005], [-80.56097586899995, 28.53074136200007], [-80.57487087499999, 28.585171375000073], [-80.61679288899995, 28.634566386000074], [-80.64729089999997, 28.677880395000045], [-80.70972791999998, 28.75669741300004], [-80.78702394699997, 28.875271439000073], [-80.87827797799997, 29.010568469000077], [-80.90727798899997, 29.06426748100006], [-80.94437900099996, 29.11086649200007], [-81.04668103799997, 29.307861536000075], [-81.12389906699997, 29.474470573000076], [-81.16358408099995, 29.55529559100006], [-81.21156809899998, 29.667090617000042], [-81.22901810599996, 29.714698627000075], [-81.25671411699994, 29.78469864300007], [-81.26469612199998, 29.858217660000037], [-81.28895813099996, 29.915185673000053], [-81.30898113899997, 29.96944568500004], [-81.35559415999995, 30.162568729000043], [-81.38550817299995, 30.273846754000033], [-81.39641017899999, 30.340045770000074], [-81.39742518099996, 30.40063178400004], [-81.41081218799997, 30.482044802000075], [-81.44256719999998, 30.555194818000075], [-81.43084620199994, 30.669398845000046], [-81.45947321299997, 30.74198486100005], [-81.44693021199998, 30.810395878000065], [-81.40515620399998, 30.908208901000023], [-81.40848720699995, 30.97772391700005], [-81.46681722399995, 30.970915914000045], [-81.43492621699994, 31.01780992600004], [-81.40127020899996, 31.07278694000007], [-81.40209921199994, 31.125388952000037], [-81.36079420099998, 31.155908960000033], [-81.31418618899994, 31.207943973000056], [-81.27686517999996, 31.25473998500007], [-81.26096117799995, 31.303915997000047], [-81.27934118499996, 31.351133007000044], [-81.24691417899999, 31.42279002500004], [-81.20488616799997, 31.47313003800008], [-81.17725716199999, 31.51708004900007], [-81.258812187, 31.52906604900005], [-81.21453917499997, 31.55760705700004], [-81.16036715899997, 31.57044206100005], [-81.13349615399994, 31.623354074000076], [-81.13641115699994, 31.67483808600008], [-81.18630617299993, 31.701515091000033], [-81.13845115899994, 31.72094009600005], [-81.09740514899994, 31.753132105000077], [-81.04734813599998, 31.80287111800004], [-81.05859914199993, 31.857817130000058], [-81.00032012499997, 31.85675013200006], [-80.94729711099995, 31.89621614200007], [-80.97239511999999, 31.941276152000057], [-80.91121010199998, 31.943775154000036], [-80.86281708899998, 31.969352162000064], [-80.84313308599997, 32.024232175000066], [-80.89234710099998, 32.043770178000045], [-80.85873809399999, 32.09958719200006], [-80.78999907399998, 32.12250019900006], [-80.72146605599994, 32.160433210000065], [-80.68886004799998, 32.20097722000003], [-80.71779905899996, 32.26698023400007], [-80.76604107499998, 32.292614238000056], [-80.71460406099999, 32.325662247000025], [-80.64479703899997, 32.29150324200003], [-80.59639702399994, 32.273555239000075], [-80.54569100899994, 32.28208224300005], [-80.46634498699996, 32.31917625400007], [-80.42929397999995, 32.38967327100005], [-80.480158997, 32.44705428200007], [-80.47207099699995, 32.49697029400005], [-80.41850498099996, 32.49090029400003], [-80.36395896499994, 32.496104297000045], [-80.27768393999997, 32.51616730400008], [-80.20523292099995, 32.555553316000044], [-80.14840890499994, 32.57848532300005], [-80.07704188499997, 32.603325331000065], [-80.01050786499997, 32.60885833400005], [-79.96847085399997, 32.639738342000044], [-79.91568483999998, 32.66492135000004], [-79.87033882899993, 32.72778336500005], [-79.92854884699994, 32.75423936900006], [-79.88600383599999, 32.78791337800004], [-79.84035282099995, 32.756822373000034], [-79.72639178999998, 32.806002388000024], [-79.69514378199995, 32.85040439900007], [-79.63115176499997, 32.888612409000075], [-79.57600874899998, 32.90624141500007], [-79.61771776399996, 32.94487642200005], [-79.58659275599996, 32.99134043400005], [-79.52245173899996, 33.03535644600004], [-79.48350172599999, 33.00127143900005], [-79.42344970899995, 33.01509144400006], [-79.35996368999997, 33.006678445000034], [-79.33534868499999, 33.06536845900007], [-79.29159367399996, 33.109779470000035], [-79.23826465899998, 33.13706147800008], [-79.19563364799995, 33.16602248600003], [-79.18056564699998, 33.237961502000076], [-79.16233464499999, 33.32725252300003], [-79.14749864299995, 33.378249535000066], [-79.10136263299995, 33.461022555000056], [-79.04112761799996, 33.523779571000034], [-79.00735860999998, 33.56657158200005], [-78.93807859299994, 33.639832600000034], [-78.86293357299996, 33.705660618000024], [-78.81293355999998, 33.74347862800005], [-78.71411853299998, 33.80014464300007], [-78.58484349599996, 33.84428865700005], [-78.50904447399995, 33.865521665000074], [-78.38396643799996, 33.901952677000054], [-78.27614940599994, 33.91237068300006], [-78.17772237699995, 33.914278686000046], [-78.09543135199993, 33.90603768700004], [-78.01869132799999, 33.88829568600005], [-77.97060831099998, 33.84452367700004], [-77.94657030699994, 33.91226769300005], [-77.91553829999998, 33.971729708000055], [-77.87816329399999, 34.06796973000007], [-77.84178728599994, 34.140753748000066], [-77.76402426699997, 34.24564777300003], [-77.71332425399999, 34.294885786000066], [-77.66167524099995, 34.34187479800005], [-77.58232521999997, 34.400512814000024], [-77.49179819499994, 34.456104829000026], [-77.32252614699996, 34.535580852000066], [-77.24099312499999, 34.58751386600005], [-77.16970310499994, 34.622029876000056], [-77.03110706499996, 34.66119088900007], [-76.90625902799997, 34.68282689800003], [-76.81745500099998, 34.69372890300008], [-76.72697097399998, 34.696696907000046], [-76.67631395799998, 34.693157908000046], [-76.61872093999995, 34.67255690500008], [-76.54934491699998, 34.645591901000046], [-76.53594790999995, 34.58858388900006], [-76.49406990099999, 34.66197690700005], [-76.45045588999994, 34.71445692000003], [-76.38680587399995, 34.78458593700003], [-76.31021185399999, 34.85231595500005], [-76.23308983299995, 34.905483969000045], [-76.13727080699994, 34.98786499000005], [-76.07300178999998, 35.03051600200007], [-76.16012881399996, 34.99116999000006], [-76.23367383399994, 34.925932973000045], [-76.32280985799997, 34.861166956000034], [-76.40256087899996, 34.791363938000075], [-76.44377788999998, 34.746437927000045], [-76.52330490999998, 34.65227790400007], [-76.67353895799994, 34.70757691100005], [-76.61656894099997, 34.71406591400006], [-76.62060794499996, 34.78439593000007], [-76.58623793099997, 34.69881191200005], [-76.52471391099994, 34.681970910000075], [-76.49984990599995, 34.729351921000045], [-76.46301789699999, 34.78508293500005], [-76.42937788899997, 34.83023794600007], [-76.38220187599995, 34.85697795300007], [-76.33382186199998, 34.88212296100005], [-76.28409384999998, 34.93682397400005], [-76.29618985599996, 34.98669698500004], [-76.35229187499993, 35.03308399300005], [-76.32955886599996, 34.98690798400003], [-76.39562688599995, 34.97518597900006], [-76.43185689899997, 35.03095199000006], [-76.46346991099995, 35.07641799900006], [-76.49025991699995, 35.03415098900007], [-76.53972093099998, 35.00042798000004], [-76.63507395999994, 34.98912297500004], [-76.76293299499997, 34.92038095500004], [-76.89354203699997, 34.95750195900007], [-76.97740606499997, 35.00493296700006], [-76.98290606899997, 35.06061397900004], [-76.80142800899995, 34.964375964000055], [-76.63976596399993, 35.051012988000025], [-76.57569194599995, 35.09260499900006], [-76.53634793699996, 35.14206501100006], [-76.52173493499998, 35.192650023000056], [-76.49025992699995, 35.23311803300004], [-76.47227492399998, 35.29494304700006], [-76.54871394899999, 35.328666052000074], [-76.60267096599995, 35.336535052000045], [-76.66402898599995, 35.34570305200003], [-76.89194005999997, 35.43365606400005], [-76.96666308299996, 35.43781706200008], [-77.02664010299998, 35.49057607100008], [-76.94202407699999, 35.47353607100007], [-76.83089904199994, 35.44795606900004], [-76.75923601799997, 35.41891306500003], [-76.60604296999998, 35.387120063000054], [-76.60147397199995, 35.46084507900008], [-76.63446998499995, 35.51033908900007], [-76.55679196199998, 35.52889909500004], [-76.48358193999997, 35.538179100000036], [-76.58635096999996, 35.50896409000006], [-76.54029395099997, 35.41066407000005], [-76.48576393199994, 35.371382063000055], [-76.43180691499998, 35.36239006300008], [-76.37447689699997, 35.355645063000054], [-76.30478287599993, 35.35564506600008], [-76.25307385999997, 35.35002406600006], [-76.18225583799995, 35.33653506500008], [-76.13279482299998, 35.34946207000007], [-76.06928280499994, 35.370820077000076], [-76.03724579699997, 35.41409808700007], [-75.99790278699999, 35.45344209700005], [-75.96305477799996, 35.49391010700003], [-75.91640476599997, 35.53831211800008], [-75.85963775099998, 35.58664813100006], [-75.79724973099997, 35.574283130000026], [-75.747226717, 35.61025513900006], [-75.74160671799996, 35.672080153000024], [-75.72474471699996, 35.742899169000054], [-75.72669072099995, 35.81136818400006], [-75.75301573199994, 35.87138919600005], [-75.77881474199995, 35.918248205000054], [-75.80935175299999, 35.959315213000025], [-75.86042176999996, 35.97826921600006], [-75.93834479299994, 35.96510721000004], [-75.96256379799996, 35.901400196000054], [-75.98714980199998, 35.83697418100007], [-75.98690179899995, 35.76820116600004], [-76.01302280199997, 35.67007214400007], [-76.04681481499995, 35.717942153000024], [-76.05048681999995, 35.806696172000045], [-76.01435481499993, 35.92075319800006], [-76.02416381999996, 35.97089820900004], [-76.08313283899997, 35.98985221100003], [-76.17658686799996, 35.99327420900005], [-76.27240989599994, 35.972741201000076], [-76.31768890899997, 35.94694219400003], [-76.38139592899995, 35.962737195000045], [-76.46063395399995, 35.97037219400005], [-76.50749296799995, 35.94983818800006], [-76.58699399199998, 35.94194018400003], [-76.65701901299997, 35.93509618000007], [-76.70019202699996, 35.964580185000045], [-76.72299803999994, 36.06659220600005], [-76.75210205299999, 36.14733522300003], [-76.74443805399994, 36.21273223700007], [-76.69325504099999, 36.27836425300006], [-76.71940304499998, 36.199448235000034], [-76.72144704299996, 36.14784522400004], [-76.67648602399998, 36.04361920300005], [-76.61542500499996, 36.03776420400004], [-76.57593799099999, 36.00617419800005], [-76.51433697199997, 36.005647200000055], [-76.45931795699994, 36.02433820600004], [-76.42088294699994, 36.060667215000024], [-76.35507092799998, 36.08646522300006], [-76.30399991199994, 36.09278322600005], [-76.34641992699994, 36.12103023100008], [-76.45606296399995, 36.18358424000007], [-76.393501943, 36.163258238000026], [-76.32992292199998, 36.13340323400007], [-76.26503890099997, 36.10489323000007], [-76.19171687799997, 36.10720423300006], [-76.24740289799996, 36.161830243000054], [-76.17894787499995, 36.123431237000034], [-76.09255684899995, 36.13580124200007], [-76.08010784899994, 36.19944725600004], [-76.14948787299994, 36.26390926800008], [-76.08148185099998, 36.23794226500007], [-76.02908783299995, 36.20204325900005], [-75.93904880399998, 36.165525254000045], [-75.94537380799994, 36.22247526600006], [-75.88298878699999, 36.18681426000006], [-75.86779377999994, 36.12726924800006], [-75.79978075599996, 36.07264723800006], [-75.81344576299995, 36.13687825200003], [-75.84122377499995, 36.19381926300008], [-75.86735778599996, 36.25249027500007], [-75.89528679799997, 36.31962228800006], [-75.92333280899999, 36.36187029600006], [-75.92360281199996, 36.42579531000007], [-75.98005182999998, 36.435471310000025], [-76.03195084799995, 36.482503319000045], [-75.99620983999995, 36.52814533000003], [-75.93547481899998, 36.49060832400005], [-75.89148580399996, 36.460544319000064], [-75.85147178899996, 36.41579231000003], [-75.83620278199999, 36.36314230000005], [-75.84528578199996, 36.305621287000065], [-75.80816676799998, 36.25955227800006], [-75.75893174699996, 36.15222225700006], [-75.73972173799996, 36.07527724100004], [-75.72655973099995, 36.02104722900003], [-75.67891071499997, 35.99393222500004], [-75.64720670299994, 35.95433221800005], [-75.62332669399996, 35.90910020800004], [-75.57599267499995, 35.82309619100005], [-75.54326066299996, 35.77969818300005], [-75.56979567499997, 35.86330820000006], [-75.65853870999996, 36.02043723200006], [-75.69674372399999, 36.07750424300008], [-75.73843274099994, 36.15428925800006], [-75.75963874999997, 36.20471226800004], [-75.79641176599995, 36.290358285000025], [-75.81873677599998, 36.35758629900005], [-75.83497678399993, 36.42265731200007], [-75.85690279499994, 36.500162328000044], [-75.87414680499995, 36.58386034600005], [-75.92174982499995, 36.69205836700007], [-75.94955183699994, 36.76115738100003], [-75.96545284499996, 36.81245639100007], [-75.99155385799997, 36.91085441100006], [-76.04305587499994, 36.92755441300005], [-76.09550988999996, 36.908824407000054], [-76.18996091999998, 36.931454409000025], [-76.26796394599995, 36.96455441300003], [-76.32276596299994, 36.95915441000005], [-76.32602296099998, 36.90372939900004], [-76.38586897999994, 36.923254401000065], [-76.44160699699995, 36.906123395000066], [-76.48756101299995, 36.952379403000066], [-76.55124803599995, 36.99895341100006], [-76.61212605599997, 37.03561141700004], [-76.66256007199996, 37.045755417000066], [-76.65811207399997, 37.09679442800007], [-76.67147208099993, 37.15874644000007], [-76.73032209899998, 37.14540243600004], [-76.79690712199994, 37.18941144300004], [-76.86570614399994, 37.20903144400006], [-76.94838817099998, 37.230876446000025], [-76.87221114899995, 37.26275745500004], [-76.82218013199997, 37.243649453000046], [-76.78053411799993, 37.20934344700004], [-76.69894509299996, 37.21906645200005], [-76.64108707499997, 37.21600945400007], [-76.61097406299996, 37.16700144400005], [-76.57950104999998, 37.09663443100004], [-76.52620503199995, 37.07778042800004], [-76.46447300999995, 37.02755442000006], [-76.42887099599994, 36.969954409000024], [-76.38336898299997, 36.993354416000045], [-76.31806696399997, 37.01385342200007], [-76.27126395399995, 37.08455143900005], [-76.31108996899997, 37.13850244900004], [-76.35969198599997, 37.16858745300004], [-76.39360199799995, 37.21405646200003], [-76.47180102299995, 37.21602345900004], [-76.42914301199994, 37.253317469000024], [-76.36229199199994, 37.270233475000055], [-76.40639000899995, 37.332931486000064], [-76.44533502299998, 37.36646749200003], [-76.39312700799996, 37.39807550000006], [-76.33747798899998, 37.36402149500003], [-76.29132597299997, 37.32415248800004], [-76.25827896499999, 37.36202749700004], [-76.25241696699999, 37.44728151600003], [-76.28104497999993, 37.50782852700007], [-76.32947199399996, 37.49492752300006], [-76.30276398899997, 37.55130253600004], [-76.35783700699994, 37.57370653800007], [-76.41078302399995, 37.58182253800004], [-76.52719006199999, 37.61132254000006], [-76.57405107799997, 37.64678854600004], [-76.59787008899997, 37.70292555700007], [-76.63996410399994, 37.750948565000044], [-76.68377711999995, 37.78139857000008], [-76.73431113599997, 37.798667572000056], [-76.76633014899994, 37.840444579000064], [-76.80632716399998, 37.89660458900005], [-76.88820819299997, 37.95191359800003], [-76.91827420499999, 37.99903360700006], [-76.86800518799998, 37.983673605000035], [-76.83663117599997, 37.93420059600004], [-76.76877415299998, 37.89913659100006], [-76.73304813899995, 37.85201658300008], [-76.68019912099999, 37.82566157900004], [-76.61535309799996, 37.78076657200006], [-76.56047807799996, 37.727834563000044], [-76.53770006799994, 37.668937552000045], [-76.47239404799996, 37.66577955300005], [-76.39923802299995, 37.62864354800007], [-76.30917599499998, 37.62189955000008], [-76.32481000299998, 37.676990561000025], [-76.30491899899994, 37.72992057300007], [-76.30649100299996, 37.78865358500008], [-76.25135998799993, 37.83307959600006], [-76.23672698699994, 37.88918160800006], [-76.34385002399995, 37.947352616000046], [-76.41630104699993, 37.96683561800006], [-76.46254406299994, 37.99857962300007], [-76.51654908199998, 38.02657362700006], [-76.54315709299993, 38.076978636000035], [-76.60093911299998, 38.110091641000054], [-76.62947812399995, 38.15305764900006], [-76.68489414099997, 38.15650464700008], [-76.73894015799993, 38.14651764300004], [-76.78844717399994, 38.16920664600008], [-76.83879718999998, 38.16348364300006], [-76.91083421399998, 38.19708064800005], [-76.96231323099994, 38.214082649000034], [-76.98137423999998, 38.27422166100007], [-77.02630625599994, 38.30269266500005], [-77.01182925599994, 38.374561680000056], [-77.06995827399999, 38.377902679000044], [-77.13822629399994, 38.36792467400005], [-77.19943531199993, 38.340897666000046], [-77.26529733199999, 38.33317266200004], [-77.31729035099994, 38.38358367100005], [-77.32544235699999, 38.448857684000075], [-77.30077835299994, 38.50698569700006], [-77.26083234399994, 38.56533771000005], [-77.24510634299997, 38.620724722000034], [-77.17490432099999, 38.62422472500003], [-77.10614429999998, 38.634254730000066], [-77.14865331199996, 38.60560772200006], [-77.22111933099995, 38.55522470900007], [-77.26360134199996, 38.51235169900008], [-77.25996433599994, 38.43582868400006], [-77.25017432999994, 38.38278867300005], [-77.18668230899993, 38.36564367200003], [-77.13673029499995, 38.39180667900007], [-77.08639528099997, 38.414762686000074], [-77.04419026999994, 38.44302369300004], [-76.99858725399997, 38.40930168800003], [-76.97549424299996, 38.34733467600006], [-76.92955622699998, 38.32109567200007], [-76.88653721099996, 38.27701166500003], [-76.83779119499997, 38.26161666300004], [-76.85872020499994, 38.32483267600003], [-76.80234918499997, 38.28075066900004], [-76.77862717499994, 38.22847765900008], [-76.71637815599996, 38.233238662000076], [-76.64393113299997, 38.22508766300007], [-76.59063911499999, 38.21421966300005], [-76.54733509999994, 38.175680656000054], [-76.50882708599994, 38.14072065000005], [-76.47326807299999, 38.10304264400003], [-76.46966807399997, 38.15336565500007], [-76.43042705999994, 38.119390649000024], [-76.37179203999995, 38.07957264300006], [-76.32699602399998, 38.045112637000045], [-76.33079602799995, 38.09933864800007], [-76.32970703099994, 38.15519166000007], [-76.38524605199996, 38.21775867100007], [-76.39885405899997, 38.26700468000007], [-76.45279207699997, 38.29322068400006], [-76.38700406099997, 38.361274700000024], [-76.41538607299998, 38.41468971000006], [-76.45600408699994, 38.447898715000065], [-76.49270110099997, 38.482856721000076], [-76.51570810999993, 38.52899573000008], [-76.51634211399994, 38.59023674200006], [-76.52462211999995, 38.645963753000046], [-76.53253912599996, 38.69967676400006], [-76.55753713599995, 38.74469477200006], [-76.52698112899998, 38.78702378200006], [-76.48988012099994, 38.838722794000034], [-76.49388212599996, 38.89962180600003], [-76.45028211499994, 38.94112081600008], [-76.42218310899995, 38.98901882700005], [-76.43893011799997, 39.052795839000055], [-76.43298311999996, 39.11321685100006], [-76.47148513399998, 39.15471685800003], [-76.52578715199996, 39.17791586100003], [-76.56450216699994, 39.22462186900003], [-76.51256915099998, 39.22848787100003], [-76.46348513499998, 39.20591586900008], [-76.39551111499998, 39.231709876000025], [-76.34382809999994, 39.257263883000064], [-76.38018111399998, 39.298600890000046], [-76.32918609899997, 39.31504389600008], [-76.34179610699994, 39.37415490700005], [-76.29568009099995, 39.35001590400003], [-76.28174908399996, 39.29966789400004], [-76.26692708199994, 39.35614690600005], [-76.25480508199996, 39.41190191800007], [-76.23103707699994, 39.456417928000064], [-76.24161407699995, 39.404004917000066], [-76.22416306899999, 39.35278790700005], [-76.18007605599996, 39.37761691400004], [-76.12189104099997, 39.421233924000035], [-76.06099102299999, 39.44772993200007], [-76.10466703899993, 39.478799937000076], [-76.09607403999996, 39.53691994900004], [-76.00634301199995, 39.55035995500003], [-75.99413700499997, 39.48875094300007], [-75.98258699799999, 39.43529493200003], [-76.03500401199994, 39.40200192400005], [-76.11052903399997, 39.37226491500007], [-76.14552604299996, 39.33440690600003], [-76.18149805199994, 39.29180489600003], [-76.23205306399996, 39.233348883000076], [-76.26660407199995, 39.18053087100003], [-76.23345905599996, 39.09139285400005], [-76.24090705499998, 39.03980584300007], [-76.20338504599994, 39.08563385400004], [-76.14517602799998, 39.09283185800007], [-76.18420903799995, 39.04627184700007], [-76.16399002899993, 38.99954883800007], [-76.21893104399999, 38.97054583000005], [-76.27748006299998, 38.98249983100004], [-76.30284807399994, 39.025835838000035], [-76.35383008499997, 38.95724182300006], [-76.36566008599993, 38.907484812000064], [-76.37620408599997, 38.850468800000044], [-76.33536607499997, 38.88602880900004], [-76.29591306599997, 38.92867081900005], [-76.23204004599995, 38.94252582400003], [-76.20506503499996, 38.89273381500004], [-76.19109202699997, 38.82966780300006], [-76.24588804399997, 38.822239799000045], [-76.29780205999998, 38.82832179900004], [-76.32377006499996, 38.77929478800007], [-76.34054506799998, 38.730345777000025], [-76.34034306399997, 38.67125276500008], [-76.31614805999999, 38.72959377800004], [-76.25509504099995, 38.73648378200005], [-76.21281002499995, 38.681899772000065], [-76.15561300599995, 38.65809076900007], [-76.11528699099995, 38.62339276400007], [-76.05277696999997, 38.602406761000054], [-76.11112798799996, 38.58401575600004], [-76.16591300499994, 38.59869175700004], [-76.23118902699997, 38.614017757000056], [-76.30517404799997, 38.57530074700003], [-76.27810803699998, 38.53247573900006], [-76.31805604699997, 38.49820673100004], [-76.30149003899999, 38.43977471900007], [-76.28227302999994, 38.39312571000005], [-76.26555002199996, 38.34093770000004], [-76.19974599799997, 38.286228691000076], [-76.16549098499996, 38.24280468400008], [-76.09972196499996, 38.25365468800004], [-76.03204594199997, 38.21669168300008], [-76.02748894399997, 38.28011569600005], [-76.01668394399996, 38.332436707000056], [-75.97387793199994, 38.36585771600005], [-75.98134693199995, 38.315154705000054], [-75.98427592999997, 38.26516269500007], [-75.94082991799996, 38.29844370300003], [-75.88984790499995, 38.35167871600004], [-75.90315790599993, 38.29788470400007], [-75.90845190499994, 38.246655694000026], [-75.85139788599997, 38.22643969100005], [-75.94237691199999, 38.187073680000026], [-75.95961791499997, 38.137148669000055], [-75.90035689599995, 38.14115767200008], [-75.84992088099995, 38.144421675000046], [-75.88051688699994, 38.07501865900008], [-75.81959286699998, 38.06682166000007], [-75.87319188199996, 38.034382651000044], [-75.89895788699994, 37.974521638000056], [-75.89268788199996, 37.91685562600003], [-75.83241586399998, 37.93332063100007], [-75.78381685099998, 37.97260164100004], [-75.72795383299996, 37.967263642000034], [-75.67168281499994, 37.966583644000025], [-75.71206682599995, 37.93608963600008], [-75.75769583899995, 37.90391962800004], [-75.68758581599997, 37.88634762700008], [-75.71448882199996, 37.83778461600008], [-75.77060883699994, 37.80460960700003], [-75.81212684899998, 37.77659660000006], [-75.83077485199993, 37.72549358800006], [-75.86835686099994, 37.687616579000064], [-75.90958787099999, 37.62267856400007], [-75.94118387699996, 37.56384655100004], [-75.95896787899994, 37.50014053700005], [-75.97649288199995, 37.444885525000075], [-75.98712388099995, 37.36855550800004], [-76.01864688799998, 37.31782749600006], [-76.02575488699995, 37.25741448400004], [-76.01307287999998, 37.205373473000066], [-75.97808486699995, 37.15734546400006], [-75.97960986399994, 37.10045545200006], [-75.92779084999995, 37.130275460000064], [-75.85636782899996, 37.15850446800005], [-75.81738881899997, 37.19344447700007], [-75.79516581499996, 37.24710248900004], [-75.79191481699996, 37.30059650100003], [-75.73583080099996, 37.33543351000003], [-75.69791579299994, 37.405308526000056], [-75.65838078299998, 37.451822537000055], [-75.64247578199996, 37.517119551000064], [-75.60216977199997, 37.567114563000075], [-75.60383277599993, 37.62803557600006], [-75.58363077299998, 37.69313759000005], [-75.55189976599996, 37.74812960300005], [-75.52088275899996, 37.796694614000046], [-75.45268274199998, 37.86351763000005], [-75.39741972499996, 37.869464633000064], [-75.31933670299998, 37.92249164700007], [-75.21611867899998, 38.06179367900006], [-75.17739566999995, 38.13002169500004], [-75.15897166699995, 38.18424970700005], [-75.11683865899994, 38.27423672700007], [-75.09388965499994, 38.32343973800005], [-75.06137164799998, 38.38947375200007], [-75.04894064799998, 38.45127076600005], [-75.06003365999999, 38.60771679700008], [-75.06551166499997, 38.66103780800006], [-75.07922267299995, 38.73824582300006], [-75.08947467999997, 38.79720583500006], [-75.15902370099997, 38.79020083100005], [-75.20533071799997, 38.82339383600004], [-75.26311673899994, 38.87735884500006], [-75.30407975399999, 38.913167851000026], [-75.31160875899997, 38.96764486200004], [-75.34576477299998, 39.02486487300007], [-75.39627879099999, 39.05789187700003], [-75.41062680099998, 39.156253897000056], [-75.39301679899995, 39.204519907000076], [-75.40296580499995, 39.254633917000035], [-75.43537581699997, 39.296683924000035], [-75.49168983799996, 39.34397093200005], [-75.52168384999999, 39.387878940000064], [-75.55589186299994, 39.43035894700006], [-75.59306987799994, 39.47919395500003], [-75.56072986999999, 39.52047996500005], [-75.58774588199998, 39.580679976000056], [-75.58714888599997, 39.651019990000066], [-75.52974587099999, 39.692621], [-75.54719887299996, 39.64053598900006], [-75.52567886299994, 39.58405597900003], [-75.52678885999995, 39.531447968000066], [-75.54436986299999, 39.47960995700004], [-75.48357384099995, 39.44083195200005], [-75.44239482599994, 39.40229894500004], [-75.39518280899995, 39.371405941000035], [-75.34197079099994, 39.348704938000026], [-75.30601177699998, 39.30171993000005], [-75.25180775999996, 39.29992093200008], [-75.21251174499997, 39.26276292500006], [-75.16666872799993, 39.22258491900004], [-75.13666871699996, 39.18189091200003], [-75.09079570399996, 39.21080991900004], [-75.03755568799994, 39.22167492300008], [-74.97626766699995, 39.192278919000046], [-74.90518264299999, 39.17495291800003], [-74.89254863599996, 39.11319090600006], [-74.94947164799999, 39.01564488500003], [-74.97199665099998, 38.94037786800004], [-74.92041563399994, 38.92914386800004], [-74.87049861899999, 38.94355087300005], [-74.81935560499994, 38.97940988200003], [-74.77877859499995, 39.02308089200005], [-74.73831758499995, 39.074734904000024], [-74.71434257999994, 39.119811914000024], [-74.67143156999998, 39.179809928000054], [-74.63630756099997, 39.220841937000046], [-74.58100954599996, 39.270826949000025], [-74.52179852999996, 39.313823960000036], [-74.45989551199995, 39.34502396800008], [-74.40823849699996, 39.36507897400003], [-74.36699148599996, 39.40202498300005], [-74.30434447, 39.471452999000064], [-74.27737146399994, 39.514072009000074], [-74.24050745499994, 39.55491901800008], [-74.19097544299996, 39.62512603400006], [-74.14173443099997, 39.68944304900003], [-74.11365642499999, 39.74072706000004], [-74.07724842399995, 39.91099909500008], [-74.06413642299998, 39.979165109000064], [-74.03942242199997, 40.081445131000066], [-73.99329341599997, 40.23767716300006], [-73.97744341499998, 40.299381176000054], [-73.97138241699997, 40.37171719000003], [-73.98225742299996, 40.42078720000006], [-73.99794443199994, 40.47667621000005], [-73.99850642799998, 40.410919197000055], [-74.04788544399997, 40.418916197000044], [-74.10829646499997, 40.443796200000065], [-74.16331548299996, 40.44843219900008], [-74.23669050699993, 40.45781419800005], [-74.26061251699997, 40.502444206000064], [-74.21047550199995, 40.509456209000064], [-74.14442948199996, 40.535168217000034], [-74.06231345899994, 40.590243230000056], [-74.06970146499998, 40.64122424000004], [-74.04728645999995, 40.69051125100003], [-74.03833745399999, 40.63708224000004], [-74.00328244099995, 40.59576223400006], [-73.93156041599997, 40.57597023200003], [-73.83440938499996, 40.577209236000044], [-73.77492936699997, 40.59076724000005], [-73.64090332399996, 40.58283124400003], [-73.55909429799993, 40.58203524600003], [-73.41731225399997, 40.611136257000055], [-73.35146623399999, 40.630508263000024], [-73.26210720499995, 40.62148426400006], [-73.20844118799994, 40.630892268000025], [-73.05496414099997, 40.66637928000006], [-72.92321510099998, 40.713290294000046], [-72.86316508299996, 40.732970300000034], [-72.76815305399998, 40.76159530800004], [-72.57344199399995, 40.81325932500005], [-72.46999696299997, 40.84274833400008], [-72.39585093999995, 40.866668341000036], [-72.11444885499998, 40.97209337100003], [-72.02935782899993, 40.99991737900007], [-71.93568980099997, 41.03419038900006], [-71.87391078199994, 41.05228639500007], [-71.91938579799995, 41.08052539900007], [-71.96704081199994, 41.04778039100006], [-72.01501382599997, 41.02835638600004], [-72.06144883999997, 41.00945038000003], [-72.11636885699994, 40.99980437700003], [-72.15385787199995, 41.051867386000026], [-72.20185988699996, 41.03228338000008], [-72.26051590599997, 41.04207338000003], [-72.29771892099996, 41.08105038700006], [-72.33527193499998, 41.120282393000025], [-72.26512491299997, 41.128490397000064], [-72.31277592899994, 41.14801039900004], [-72.40262595499996, 41.096937386000036], [-72.46077897199996, 41.06702037800005], [-72.52154898999999, 41.03766037100007], [-72.56540700299996, 41.009516364000035], [-72.63556302399996, 40.981965356000046], [-72.68576203999999, 40.980296354000075], [-72.74565705899994, 40.96845335000006], [-72.82605808499994, 40.96980234700004], [-72.88825110399995, 40.96297034400004], [-72.95516412599994, 40.96615434200004], [-73.04044615299995, 40.964506339000025], [-73.11036917599995, 40.971946338000066], [-73.14624318599994, 40.93508233000006], [-73.22928621099999, 40.90512932100006], [-73.29506023299996, 40.92450532200007], [-73.34556224899995, 40.92530532100005], [-73.39286326599995, 40.95530532500004], [-73.46370928799996, 40.93770531900003], [-73.51500030299997, 40.91282931300003], [-73.56617031999997, 40.91580631100004], [-73.61757233499998, 40.89790630600004], [-73.65587334499997, 40.86390729800007], [-73.71367536399998, 40.87010729700006], [-73.75440137499999, 40.82684528800007], [-73.80451938999994, 40.81855428400007], [-73.76512937999996, 40.85423629300004], [-73.75677738099995, 40.91260730400006], [-73.69797536299995, 40.93960631200008], [-73.655973352, 40.979605321000065], [-73.60395333799994, 41.015062330000035], [-73.55149532199994, 41.024344333000045], [-73.49332830399999, 41.04818134000004], [-73.43506428599994, 41.056704343000035], [-73.35423226199998, 41.08564735200008], [-73.31186124999994, 41.116304359000026], [-73.24795922999994, 41.12640436300006], [-73.20265721699997, 41.158104371000036], [-73.13025419299998, 41.14680537100003], [-73.07945117999998, 41.19402338200007], [-73.02255016199996, 41.207205387000045], [-72.96204814499998, 41.25160539800004], [-72.91308813199998, 41.29674540800005], [-72.89439312299999, 41.242416398000046], [-72.82688410199995, 41.256763403000036], [-72.75747807999994, 41.26692140800003], [-72.71059606399996, 41.24448840500003], [-72.66283904999995, 41.26920541100003], [-72.59803702899995, 41.268706413000075], [-72.54723601099994, 41.25050741100006], [-72.49953499699996, 41.26587441600003], [-72.39868896499996, 41.27818042200005], [-72.34806894799993, 41.26970642200007], [-72.26148791999998, 41.28293442700004], [-72.20402290299995, 41.29910543200003], [-72.13422187999998, 41.29940643500004], [-72.08448786499997, 41.31964244000005], [-72.02189884499995, 41.31684644200004], [-71.97095582899993, 41.32453444500004], [-71.91671081199996, 41.33222544800003], [-71.85956679199995, 41.32240844800003], [-71.78595776899994, 41.32574745100004], [-71.72074074799997, 41.331575454000074], [-71.62450571799997, 41.36087846300006], [-71.55538169599998, 41.37332446800008], [-71.48329567299999, 41.371730470000045], [-71.45584566699995, 41.43299448300007], [-71.42299165899993, 41.47269049100004], [-71.41739866099994, 41.53454450300006], [-71.44771267299996, 41.58040851100003], [-71.40930266499998, 41.66265152900007], [-71.36571765299993, 41.694955536000066], [-71.38057466099997, 41.74595554600006], [-71.31482063799996, 41.723816543000055], [-71.30609563199994, 41.67258353400007], [-71.25469761399995, 41.64906753100007], [-71.22787560899997, 41.70550654300007], [-71.20498459799995, 41.65852753400003], [-71.25108261199995, 41.63878852900007], [-71.28514261999999, 41.577135516000055], [-71.31307962699998, 41.534680507000076], [-71.32782262899997, 41.48299349600006], [-71.26479360799993, 41.48891049900004], [-71.22798959899995, 41.528305508000074], [-71.24360060699996, 41.587516519000076], [-71.21356359499998, 41.545826512000076], [-71.19969258799995, 41.495519503000025], [-71.14022456799995, 41.485863503000076], [-71.08566355099998, 41.50930050900007], [-71.01935452999999, 41.50886551100007], [-70.96135451199996, 41.52970651700008], [-70.94879750999996, 41.57904652700006], [-70.89998149499996, 41.593512531000044], [-70.84322747699997, 41.59657353400007], [-70.80106346499997, 41.62952154100003], [-70.75819845299998, 41.66123354900003], [-70.71745144099998, 41.69398855600008], [-70.67045342699998, 41.721920563000026], [-70.62544041099994, 41.69869956000008], [-70.63869541299994, 41.64943555000008], [-70.64204040999994, 41.58307453700007], [-70.74505343999994, 41.50097451800008], [-70.78776945199996, 41.474617512000066], [-70.85526547299997, 41.44890050400005], [-70.92369849399995, 41.430724499000064], [-70.86694647499996, 41.42238649900003], [-70.81747845999996, 41.445570505000035], [-70.76086344299995, 41.460955510000076], [-70.70518142599997, 41.49668551800005], [-70.65410441099993, 41.519033524000065], [-70.55968938199999, 41.54833853300005], [-70.49324435999995, 41.552052536000076], [-70.44528934699997, 41.59182354500007], [-70.37915132599994, 41.61136955100005], [-70.32992431099996, 41.634586557000034], [-70.27452229299996, 41.63293555800004], [-70.19106126599996, 41.64526756300006], [-70.14087724999996, 41.650431565000076], [-70.08923823399994, 41.66282156900007], [-70.02934621499998, 41.66775257200004], [-69.97571919599994, 41.653746571000056], [-69.99221519899999, 41.60332756100007], [-70.01360620299994, 41.55105455000006], [-69.96719219099998, 41.61196456300007], [-69.93946418499996, 41.67070757500005], [-69.92865218599997, 41.74125858900004], [-69.93595219199995, 41.80943060200008], [-69.96859820799995, 41.91170862100006], [-70.01189822599997, 41.98972863500006], [-70.05853124399994, 42.04037164300007], [-70.11596826499994, 42.06764664700006], [-70.18930528899995, 42.08234564700007], [-70.24538530699994, 42.063741642000025], [-70.19669328899994, 42.02243763600006], [-70.15541527699997, 42.06241764500004], [-70.10806026099993, 42.043609642000035], [-70.07742124699996, 41.98550563200007], [-70.07721224299996, 41.90203461600004], [-70.03053722899995, 41.929162623000025], [-70.00018821699996, 41.886946616000046], [-70.00384221399997, 41.808528600000045], [-70.06431423199996, 41.77285359200005], [-70.12197824999998, 41.75884958700004], [-70.18207626899994, 41.75089358400004], [-70.23485028499994, 41.733741579000025], [-70.29095730399996, 41.73432057700006], [-70.37534133199995, 41.73878757600005], [-70.47155236399993, 41.76157157700004], [-70.51741138099999, 41.79096158100003], [-70.53548738999996, 41.83938959000005], [-70.53208439099996, 41.889576600000055], [-70.58357241199997, 41.95001561000004], [-70.64836543299998, 41.96168061000003], [-70.69898145099995, 41.987111613000025], [-70.66936044499994, 42.03712462400006], [-70.63848043699994, 42.08158763300003], [-70.68531545499997, 42.13303364200004], [-70.72226947099995, 42.20796765500006], [-70.76475748699994, 42.24407066100008], [-70.81174250399994, 42.262943663000044], [-70.86180752099995, 42.27597366400005], [-70.90755653799994, 42.30789766800007], [-70.95743255299993, 42.280077661000064], [-70.99783856799996, 42.32121366800004], [-70.95302255499996, 42.34398167400008], [-70.97270656399996, 42.389976682000054], [-70.96083556299999, 42.44128069200008], [-70.90569254399998, 42.41620568900004], [-70.92199355199995, 42.46670469800006], [-70.85779153199996, 42.49030470400004], [-70.87235753999994, 42.54296071400006], [-70.81539152199997, 42.55420371800005], [-70.75728350399999, 42.570463723000046], [-70.69857448499994, 42.57740172600006], [-70.63563546499995, 42.60025173200006], [-70.59401445399993, 42.63503874000003], [-70.62286446599995, 42.67599874700005], [-70.68159448399996, 42.66235074300005], [-70.74442750599997, 42.682100744000024], [-70.79286752599995, 42.74712675500007], [-70.81773153999995, 42.85062177400005], [-70.81006954099996, 42.90955778500006], [-70.78038353399995, 42.95580679500006], [-70.74379352499994, 43.008035806000066], [-70.71363051799995, 43.056014815000026], [-70.66595850299996, 43.07624282100005], [-70.63431149499996, 43.12217083000007], [-70.61110548999994, 43.168439840000076], [-70.57669248199994, 43.217659850000075], [-70.58518448799998, 43.27012185900003], [-70.55385448099997, 43.32189487000005], [-70.50131246399997, 43.34015287500006], [-70.44243844599998, 43.35649588000007], [-70.40641643599997, 43.40095088900006], [-70.36201542399994, 43.43908589800003], [-70.38561543399999, 43.487039906000064], [-70.35282642599998, 43.53586391600004], [-70.27249740099995, 43.562624923000044], [-70.22784238499997, 43.53826992000006], [-70.20112037899997, 43.586523930000055], [-70.19070437899995, 43.64559094100008], [-70.15172436799998, 43.68169794900007], [-70.09603934899997, 43.67228494900007], [-70.04667033499999, 43.72018895900004], [-69.98368531599994, 43.74440396600005], [-69.92701129899996, 43.78018297400007], [-69.86973227999994, 43.77566497500004], [-69.85792727299997, 43.72392396600003], [-69.77072424399995, 43.73719197100007], [-69.72804623199994, 43.77632698000008], [-69.70583822799995, 43.82303298900007], [-69.66492221199996, 43.79104198400006], [-69.63493220499998, 43.84591599500004], [-69.58855118799994, 43.818368992000046], [-69.54502817599996, 43.86125000100003], [-69.48624315699993, 43.86912700400006], [-69.43806614299996, 43.90954801300006], [-69.39328813099996, 43.956429023000055], [-69.38354412399997, 43.89565901200007], [-69.34057611199995, 43.93385502000007], [-69.31524509999997, 43.88284401200008], [-69.27394908799994, 43.91422401900007], [-69.22019506999999, 43.91494602000006], [-69.18472406099994, 43.95968003000007], [-69.13153604399997, 43.976098034000074], [-69.07702802599994, 43.97366303500007], [-69.04695401799995, 44.01380304400004], [-69.07980503099998, 44.05526505000006], [-69.03187801599995, 44.07904505600004], [-69.08907803599993, 44.08533505500003], [-69.07960803599997, 44.14397106600006], [-69.05181002999996, 44.19592907700007], [-69.02943402499994, 44.248567087000026], [-69.00368201899994, 44.29459109600003], [-68.95446500399999, 44.324059103000025], [-68.96111100999997, 44.37508511200008], [-68.99838402499995, 44.425595120000025], [-68.94658200799995, 44.42911712200004], [-68.89710399199998, 44.45065212700007], [-68.82915296999994, 44.46225113100007], [-68.80871496599997, 44.50904814000006], [-68.78589795499994, 44.46262013300003], [-68.82176696399995, 44.40894912200008], [-68.81764695999993, 44.353102112000045], [-68.79506294999999, 44.307869105000066], [-68.74616393499997, 44.33115711000005], [-68.72455992499994, 44.28166910200008], [-68.71122991699997, 44.23180409300005], [-68.71853091599996, 44.16564308100004], [-68.65763489299997, 44.12707107600005], [-68.66938289399997, 44.07636806600004], [-68.66180088899995, 44.021395056000074], [-68.60169586799998, 44.01252305600008], [-68.58410086599997, 44.07159806800007], [-68.62309888099998, 44.11941507500006], [-68.57887886799995, 44.14604508100007], [-68.56461786699998, 44.211926094000034], [-68.52980185699994, 44.24960310200004], [-68.53859486299996, 44.29991111100003], [-68.54543386799998, 44.355009120000034], [-68.56096387599996, 44.40285612900004], [-68.50556185799996, 44.41167013200004], [-68.46610884299997, 44.37725412700007], [-68.46381984499993, 44.436601137000025], [-68.42787383099994, 44.396809131000055], [-68.38767781899998, 44.43094513900007], [-68.39803481999996, 44.37620012800005], [-68.44671683499996, 44.36012212400004], [-68.43085282699997, 44.31261811600007], [-68.40126781399994, 44.25225310600007], [-68.34313179299994, 44.22951410300004], [-68.26666876799999, 44.23404210600006], [-68.19898474499996, 44.236707109000065], [-68.22426075599998, 44.29024011800004], [-68.17360774099996, 44.32840612600006], [-68.18195374699997, 44.385268136000036], [-68.12562372799994, 44.38713613800007], [-68.07606570899998, 44.347934132000034], [-68.01398969099995, 44.390264142000035], [-67.96161267399998, 44.39907914500003], [-67.92131966199997, 44.43307515200007], [-67.86885564399995, 44.42468115200006], [-67.83793763499995, 44.46467916000006], [-67.78241361699997, 44.47505416400003], [-67.78088061999995, 44.531160174000036], [-67.74335260499998, 44.49742716900005], [-67.70264859299994, 44.52793117500005], [-67.64885057399994, 44.50669917300007], [-67.59528555299994, 44.46220416600005], [-67.53144353199997, 44.47422117000008], [-67.56815854699994, 44.53112618000006], [-67.53765253899996, 44.57154718800007], [-67.45774651399995, 44.59802319500005], [-67.40549149599997, 44.59424519500004], [-67.36315748299995, 44.63183420300004], [-67.40499749999998, 44.68166321100006], [-67.35596548399997, 44.699069216000055], [-67.29917546499996, 44.705714218000026], [-67.29844846299994, 44.65438620900005], [-67.32296946799994, 44.60940320000003], [-67.26166744699998, 44.60460720100008], [-67.21302443299999, 44.639229209000064], [-67.15447841399998, 44.66812321500004], [-67.10395639999996, 44.71745322600003], [-67.06330738799994, 44.758247234000066], [-66.99515336699994, 44.79108224200007], [-66.95056835299994, 44.81454824700006], [-66.99652236999998, 44.84466325100004], [-66.98923436999996, 44.896489261000056], [-67.03347338699996, 44.939932267000074], [-67.05460939699998, 44.986773275000076], [-67.08207340899997, 45.02961728200006], [-67.11241342299996, 45.112332296000034], [-67.15791844099994, 45.16101330300006], [-67.22315546399994, 45.16370930200003], [-67.27107548199996, 45.191090306000035], [-67.31846149499995, 45.13941229500006], [-67.38363451799995, 45.152268296000045], [-67.42888853599999, 45.19322230200004], [-67.45347254699993, 45.24113631000006], [-67.48933256099997, 45.28129131600008], [-67.45226654999993, 45.316848323000045], [-67.43428054699996, 45.36544733200003], [-67.45849455799998, 45.41596934000006], [-67.48235256899994, 45.46083434800005], [-67.46288156499998, 45.508700357000066], [-67.42097555299995, 45.550038365000034], [-67.44967356499996, 45.60286937300003], [-67.49944358099998, 45.587023369000065], [-67.55634460199997, 45.59726937000005], [-67.60617161899995, 45.60654237000006], [-67.66645564099997, 45.62447037100003], [-67.71046365899997, 45.67938138000005], [-67.76864767899997, 45.67759037800005], [-67.81789169699994, 45.69371437900003], [-67.78189168599994, 45.73119838700006], [-67.80362569699997, 45.78163339500003], [-67.76553368599997, 45.81881640200004], [-67.79651369899995, 45.85997040900003], [-67.76500169099995, 45.90980041800003], [-67.78211371799995, 46.279390481000064], [-67.78840573899998, 46.60180453600003], [-67.78895976499996, 47.025853608000034], [-67.81071577599994, 47.07609961600008], [-67.88130180199994, 47.10392261800007], [-67.91036681499997, 47.14815262500008], [-67.94936883099996, 47.182551629000045], [-68.01972385899995, 47.23804563700003], [-68.07406087899994, 47.25977363900006], [-68.11968189699996, 47.28729964200005], [-68.15514991099997, 47.32542964700008], [-68.21455093299994, 47.33964664800004], [-68.26513795199998, 47.35255264800003], [-68.32318597199998, 47.35989764800007], [-68.38033399099999, 47.340251643000045], [-68.37584798599994, 47.29007463500005], [-68.42886100399994, 47.28196363200004], [-68.49107502699997, 47.294108632000075], [-68.55174704699994, 47.28223562800008], [-68.59542706099995, 47.257707623000044], [-68.65390207999997, 47.23948861800005], [-68.70531409799997, 47.23807561600006], [-68.76448711699999, 47.22234061200004], [-68.83097013899999, 47.20495460700005], [-68.88241015599993, 47.183366602000035], [-68.94248417799997, 47.20639560400008], [-69.00410220099997, 47.230171606000056], [-69.05073721899998, 47.25733960900004], [-69.05462822399994, 47.315920618000064], [-69.05388522799996, 47.37788762900004], [-69.04270222799994, 47.426660637000055], [-69.09675624699997, 47.42702263500007], [-69.14643926499997, 47.44886963700003], [-69.20388628599994, 47.45221263600007], [-69.56638338899995, 47.125041571000054], [-69.99708650799994, 46.69523948500006], [-70.05643350999998, 46.41557043600005], [-70.11044052599993, 46.386119429000075], [-70.16133754199996, 46.360993423000025], [-70.20873355599997, 46.32897041600006], [-70.23268256099993, 46.28443740800003], [-70.25859956699998, 46.23559739800004], [-70.29273657499994, 46.191608390000056], [-70.23794755399996, 46.14738738400007], [-70.25402155599994, 46.09960937500006], [-70.31060957299997, 46.06455336700003], [-70.30303456599995, 45.99898535600005], [-70.26541055099995, 45.96270135100008], [-70.25389754299994, 45.906533342000046], [-70.30616255799998, 45.859749332000035], [-70.38791658299994, 45.81905232300005], [-70.40654858499994, 45.76182231200005], [-70.43887859199998, 45.70439630100003], [-70.51017161499993, 45.67933229400006], [-70.56377963199998, 45.66270229000003], [-70.60619364399997, 45.62639528200003], [-70.65042465699997, 45.59927627600007], [-70.68821466799994, 45.563990268000055], [-70.72284567599996, 45.512781258000075], [-70.69176266299996, 45.47124225200008], [-70.64973964599994, 45.442780249000066], [-70.63466163699997, 45.383617239000046], [-70.68354365499994, 45.39521723900003], [-70.74377567599998, 45.41193424000005], [-70.79802869599996, 45.42671524100007], [-70.80624469499998, 45.37656723200007], [-70.80832269199993, 45.325833223000075], [-70.83153569699994, 45.279566214000056], [-70.85704270199994, 45.22916920400007], [-70.89856571799999, 45.25851120800007], [-70.91790472799994, 45.311933217000046], [-70.96718874599998, 45.33241021900005], [-71.03056576699998, 45.31266121300007], [-71.09777278899998, 45.30191520900007], [-71.13399479699996, 45.24417619800005], [-71.19487881799995, 45.25052419700006], [-71.24449983599999, 45.26814819800006], [-71.28439685199999, 45.30244320300005], [-71.33173386599998, 45.27997819700005], [-71.37669187899996, 45.24492019000007], [-71.44229890099996, 45.23855618600004], [-71.39781088299998, 45.20356218200004], [-71.42675088899995, 45.15326617200003], [-71.44925789399997, 45.10453116200006], [-71.48914590499999, 45.072317155000064], [-71.50108890499996, 45.01338614500003], [-71.76745299399994, 45.01144613500003], [-71.91501004399998, 45.00780012900003], [-72.02974008199993, 45.00679112500006], [-72.31007417599994, 45.003831115000025], [-72.44886622299998, 45.008546110000054], [-72.55591325899996, 45.00831310600006], [-72.67477129899999, 45.015468103000046], [-72.84563435599995, 45.016668097000036], [-72.96804039699998, 45.014107092000074], [-73.05968642799996, 45.01587808900007], [-73.43737255299999, 45.009207074000074], [-73.63971961999994, 45.00347306500004], [-73.87459869799994, 45.00123205600005], [-74.14681578799997, 44.991509044000054], [-74.33518585099995, 44.991914036000026], [-74.45753189199996, 44.99704103200003], [-74.66147995999995, 44.99960102500006], [-74.72257597999999, 44.99807102200003], [-74.79315000399998, 45.00465602000003], [-74.86192902699997, 45.00278001700008], [-74.94668805299995, 44.98467401100004], [-74.99927206999996, 44.97164700600007], [-75.05996808699996, 44.934578997000074], [-75.11975910499996, 44.917833992000055], [-75.16512511799993, 44.893332986000075], [-75.21855013399994, 44.875548981000065], [-75.26825214899998, 44.85512797500007], [-75.33374616699996, 44.80638696400007], [-75.38737318199998, 44.780038957000045], [-75.47764420699997, 44.72023294300004], [-75.61836624599994, 44.61964592000004], [-75.66238325799998, 44.591942913000025], [-75.72705427499994, 44.542820902000074], [-75.80778029599998, 44.47165288600007], [-75.87149831099998, 44.394847870000035], [-75.92224932499994, 44.36568886300006], [-75.97018733899995, 44.34284385700005], [-76.04523036199998, 44.33173285100003], [-76.09735337699993, 44.299555844000054], [-76.16183539599996, 44.28078583800004], [-76.19133040099996, 44.22125282600007], [-76.24548941799998, 44.20367782100004], [-76.31264943899998, 44.19905281700005], [-76.35568144799998, 44.133266803000026], [-76.36183844499999, 44.072729793000065], [-76.32129942799997, 44.03121678700006], [-76.26967440899995, 44.001156784000045], [-76.20782138699997, 43.97531578200005], [-76.13666535999994, 43.93460077700007], [-76.20266437599997, 43.86291876200005], [-76.26029139699995, 43.881891763000056], [-76.29906640599995, 43.83851175400008], [-76.22927037999995, 43.80414375000004], [-76.21320737099995, 43.75352174200003], [-76.19659835799996, 43.649769724000066], [-76.20347535399998, 43.574986710000076], [-76.23583636099994, 43.529264701000045], [-76.29710537899996, 43.51287869500004], [-76.36885140399994, 43.525830695000025], [-76.43747542499995, 43.50922168900007], [-76.48696443799997, 43.475358681000046], [-76.56282846099998, 43.44854567300007], [-76.60709547299996, 43.423382666000066], [-76.66962648899994, 43.36653465400008], [-76.73104150699999, 43.34342964700005], [-76.79471052499997, 43.309640638000076], [-76.85497854299996, 43.29845163400006], [-76.92235356399993, 43.285014628000056], [-76.98844758399997, 43.27450862400008], [-77.06729760999997, 43.28094562100006], [-77.13043163099996, 43.28564362000003], [-77.21406065799994, 43.28412261600005], [-77.26417967299994, 43.277371612000024], [-77.31462168999997, 43.28103861100004], [-77.39101771399999, 43.276371607000044], [-77.47664473999998, 43.25453059900008], [-77.53418675699999, 43.23457759300004], [-77.62831778999998, 43.27131159600003], [-77.70143181599997, 43.30826959900003], [-77.75693383699996, 43.33736960200008], [-77.81653585599997, 43.34356860100007], [-77.87533787599995, 43.34966859900004], [-77.95293990199997, 43.363468598000054], [-78.02361192499995, 43.366583596000055], [-78.10451195099995, 43.37563659400007], [-78.23361199199996, 43.36907858700005], [-78.35871403299996, 43.373996582000075], [-78.47310206899994, 43.37082057600003], [-78.54739809299997, 43.36954957300003], [-78.63434911899998, 43.35763256700005], [-78.69685913799998, 43.34126356100006], [-78.74716115399997, 43.33456355800007], [-78.83406417999998, 43.317563551000035], [-78.93076720899995, 43.293262542000036], [-79.01985123499998, 43.27369453500006], [-79.07047225099996, 43.26246253000005], [-79.05074723899997, 43.19742552000008], [-79.04236923199994, 43.14366351000007], [-79.06475723399996, 43.09321350000005], [-79.01053321499995, 43.06439749800006], [-79.02092321399994, 43.01429548800007], [-78.97506519499996, 42.96876448200004], [-78.91886217599995, 42.94686548100003], [-78.91246116899998, 42.88656547000005], [-78.87223015299998, 42.85331446600003], [-78.85935914499998, 42.800666457000034], [-78.91816015799998, 42.73726644300007], [-78.99116217899996, 42.70536643400004], [-79.04886319599996, 42.68916642800008], [-79.07326419899994, 42.63996641800003], [-79.11371620999995, 42.60600241100008], [-79.14872621599994, 42.55368039900003], [-79.22319823799995, 42.53609539300004], [-79.28336725499997, 42.511236386000064], [-79.33148626899998, 42.489084380000065], [-79.38194628299993, 42.46649937300003], [-79.42912229499996, 42.42838836400006], [-79.47479730699996, 42.40429935800006], [-79.54626532599997, 42.36342534700003], [-79.59399533899995, 42.34164934100005], [-79.64536135399999, 42.315639334000025], [-79.71782837399996, 42.284719325000026], [-79.79845039699995, 42.25594731600006], [-79.84466440999995, 42.235494310000036], [-79.90105342599998, 42.21670930400006], [-79.98918944999997, 42.17705929300007], [-80.06108346999997, 42.14486528400005], [-80.11737148899994, 42.16634928500008], [-80.15408749699998, 42.114765274000035], [-80.23048951799996, 42.077965264000056], [-80.29676153599996, 42.04908425600007], [-80.34917255099998, 42.03025125000005], [-80.40977956799998, 42.01158624400006], [-80.51942859999997, 41.977531233000036], [-80.58188561699995, 41.95761822600008], [-80.72081965799998, 41.91975221300004], [-80.78205567599997, 41.90664320800005], [-80.90034570899996, 41.868920195000044], [-81.01049374199994, 41.85397018700007], [-81.09271976499997, 41.82299617800004], [-81.184371791, 41.786679167000045], [-81.24867580799997, 41.76129915900003], [-81.30162982399997, 41.75055115500004], [-81.35323283799994, 41.72775114800004], [-81.44264886099995, 41.67326313400008], [-81.48864387199995, 41.631356124000035], [-81.562847891, 41.58755711300006], [-81.63365590899997, 41.54046610100005], [-81.70686792899994, 41.50588009100005], [-81.76885994699995, 41.49165708600003], [-81.86026597399996, 41.48384908000003], [-81.93786599899994, 41.49145107800007], [-81.99456901799994, 41.51444807900003], [-82.09417304699997, 41.495047071000045], [-82.16537706699995, 41.47444806400006], [-82.25468209099995, 41.43444905200005], [-82.33418611499997, 41.43025104800006], [-82.39809013399997, 41.41395304200006], [-82.46060314999994, 41.38632403400004], [-82.51383116699998, 41.38426503100004], [-82.61695620199998, 41.42843303400008], [-82.65830621699996, 41.461886038000046], [-82.71001723599994, 41.49759804200005], [-82.74991125299994, 41.54647804900003], [-82.82021127599995, 41.57067205000004], [-82.86942628799994, 41.53397004100003], [-82.93437330599994, 41.514361034000046], [-82.99992032799997, 41.538542035000035], [-83.04308334399997, 41.56797103900004], [-83.08604036099996, 41.60668804300008], [-83.14589137999997, 41.61791204300005], [-83.19452839599995, 41.631016043000045], [-83.27845942499994, 41.67208604600006], [-83.32682944199996, 41.701570049000054], [-83.37573445599998, 41.68665504400008], [-83.44603647899999, 41.706855044000065], [-83.43752048199997, 41.76970205500004], [-83.42232048199998, 41.82228606600006], [-83.38195947399998, 41.870885076000036], [-83.33364646299998, 41.90726908500005], [-83.295986455, 41.94475009400003], [-83.24920844299999, 41.97241010100004], [-83.20865143299994, 42.00504810900003], [-83.18553042999997, 42.05225111800007], [-83.13351541799994, 42.08815112700006], [-83.13392742599996, 42.174748143000045], [-83.12802642999998, 42.23884715500003], [-83.09652542499998, 42.29014616500007], [-83.01832440399994, 42.32974717600007], [-82.95942038699997, 42.339646181000035], [-82.91911837799995, 42.37444518900003], [-82.87035136999998, 42.45089620500005], [-82.88232037799997, 42.50104321300006], [-82.85102037299998, 42.54894322300004], [-82.79671935799996, 42.571042230000046], [-82.81902136899998, 42.61634123700003], [-82.78082135999995, 42.65224024500003], [-82.72637034599995, 42.68277625300004], [-82.67429133099995, 42.68705725600006], [-82.62600131399995, 42.667881255000054], [-82.66812032399997, 42.639200248000066], [-82.71304633499994, 42.59791223900004], [-82.68331732099995, 42.55550123300003], [-82.62491130399997, 42.55723723600005], [-82.55594228499996, 42.58243324400007], [-82.50993927499997, 42.637302256000055], [-82.49449527599995, 42.70083126800006], [-82.46748727399995, 42.76191828000003], [-82.47864428299994, 42.82519529000007], [-82.46991628599994, 42.88746730200006], [-82.44714628399998, 42.93776031200008], [-82.41296927699995, 42.97704932000005], [-82.45722529799997, 43.06129333300004], [-82.48604631099994, 43.10249433900003], [-82.50166032099997, 43.161664348000045], [-82.51912733199998, 43.21274535600003], [-82.53240034499999, 43.30577837200008], [-82.53563135199994, 43.36807038200004], [-82.53993435799998, 43.42238639100003], [-82.56550937299994, 43.497071403000064], [-82.58565838399994, 43.543977410000025], [-82.60050439399998, 43.60294341900004], [-82.60578740199998, 43.669497430000035], [-82.612228411, 43.73977944200004], [-82.63364542699998, 43.831232457000056], [-82.67864644599996, 43.88373846300004], [-82.70984346199998, 43.94823447200008], [-82.73899647599995, 43.989514478000046], [-82.78830249399994, 44.013720480000075], [-82.83310750999993, 44.03685948100008], [-82.88983552899998, 44.05096048000007], [-82.94737254799998, 44.062195479000025], [-82.99928756299994, 44.04651847400004], [-83.04658157399996, 44.01571846600007], [-83.10782459199999, 44.00325346100004], [-83.18062261299997, 43.98211745400005], [-83.26153463699995, 43.97353344800007], [-83.30569464599995, 43.92249743700006], [-83.40715067699995, 43.919815431000075], [-83.34891965699995, 43.899267431000055], [-83.39286366499994, 43.84910442000006], [-83.43261468099996, 43.88528142400003], [-83.46314468499997, 43.82665841200003], [-83.49579268999997, 43.77219640100003], [-83.48000067899994, 43.716020393000065], [-83.53482669499994, 43.707305388000066], [-83.60742071099997, 43.64028837300003], [-83.64785071999995, 43.60426836500005], [-83.73100974699997, 43.62337736400008], [-83.80055277099996, 43.641394363000074], [-83.85208078699998, 43.644930361000036], [-83.90948380799995, 43.67263036300005], [-83.93930182099996, 43.71537736800008], [-83.92937982399997, 43.77709937900005], [-83.91787982899996, 43.85651739300005], [-83.90739283199997, 43.91807040400005], [-83.87769882699996, 43.95924341300008], [-83.82908181499994, 43.98910342000005], [-83.76377879399996, 43.98516642300007], [-83.69321877299996, 43.98877842700006], [-83.65012076599999, 44.05241244000007], [-83.58409474599995, 44.056756445000076], [-83.56771874699996, 44.11966045600008], [-83.55383875099994, 44.197964470000045], [-83.53771475099995, 44.248179479000044], [-83.47953573699994, 44.28009848800008], [-83.42969371999999, 44.269716489000075], [-83.37361170799994, 44.32779250100003], [-83.33376170099996, 44.37249451100007], [-83.32717570499995, 44.42924252100005], [-83.31761470699996, 44.48606653100006], [-83.30847570999998, 44.53991054000005], [-83.31560771799997, 44.59508754900003], [-83.28944671599999, 44.65297656000007], [-83.27339771799996, 44.713909571000045], [-83.29552273299998, 44.79340558300004], [-83.31443374399998, 44.84222859000005], [-83.35281976099998, 44.88617259500006], [-83.39888377799997, 44.906425596000076], [-83.43886079399994, 44.94085159900004], [-83.45001780299998, 44.990227607000065], [-83.44205680699997, 45.051064617000065], [-83.36747478499996, 45.06227662300006], [-83.30215776099999, 45.032323622000035], [-83.29827976599995, 45.09049163100008], [-83.31931977799997, 45.13769263800003], [-83.36368279499999, 45.16647764000004], [-83.40591881499995, 45.22716564800004], [-83.38827881499998, 45.27692465700005], [-83.43304483199995, 45.303696659000025], [-83.47779884999994, 45.34189966200006], [-83.53831087099996, 45.358175661000075], [-83.59927788999994, 45.35256965700006], [-83.66793891499998, 45.384683659000075], [-83.72181993499998, 45.41331266000003], [-83.77317595199997, 45.417310658000076], [-83.84154797499997, 45.43529565700004], [-83.88181799099993, 45.467915660000074], [-83.93926601199996, 45.49319766100007], [-83.99835503099996, 45.491166657000065], [-84.05614304899996, 45.48935765400006], [-84.10924306699997, 45.50517965300003], [-84.12653707799996, 45.55662466000007], [-84.18051910099996, 45.60464766500007], [-84.27024313399994, 45.64479866600004], [-84.32954215499996, 45.664388666000036], [-84.40028817699994, 45.66335366200008], [-84.46168519499997, 45.65241265700007], [-84.53900322299995, 45.69039165800007], [-84.60471724799999, 45.721676659000025], [-84.67955127399995, 45.74910365900007], [-84.72619729399997, 45.786913663000064], [-84.78031831099997, 45.78723265900004], [-84.84098632499996, 45.74475964900006], [-84.91040334699994, 45.75001864600006], [-84.99511037499997, 45.759863643000074], [-84.94213035399997, 45.72846864100006], [-84.97095535799997, 45.68634263300004], [-85.01534636799994, 45.65157262400004], [-85.07491538399995, 45.629250617000025], [-85.11191438999998, 45.58583760800008], [-85.10925738199995, 45.52163459800005], [-85.06957836199996, 45.459247591000064], [-84.99498033499998, 45.423408590000065], [-84.92201131199994, 45.42192259300003], [-84.95912431799997, 45.375981584000044], [-85.02223933699997, 45.36670957900003], [-85.14365637499998, 45.37037757200005], [-85.19670938999997, 45.36064956800004], [-85.25219840399996, 45.33087156000005], [-85.30765141899997, 45.313148554000065], [-85.35548342999994, 45.28278254600008], [-85.38859843499995, 45.235248537000075], [-85.380469426, 45.180884529000025], [-85.37257641799994, 45.126249520000044], [-85.36641740899995, 45.06903151100005], [-85.38165940799996, 45.01841550300003], [-85.39580540199995, 44.93102648800004], [-85.42580940599998, 44.88165447800003], [-85.46045041099995, 44.83567546900008], [-85.49959641999999, 44.803846461000035], [-85.52722142199997, 44.748243451000064], [-85.57657143899996, 44.76021645000003], [-85.56023643899994, 44.81008045900006], [-85.51910143099997, 44.84534746700007], [-85.48862942799997, 44.90171547800003], [-85.48574543299998, 44.953634486000055], [-85.53355844399994, 44.92577047900005], [-85.53293643799998, 44.873198470000034], [-85.58172244599996, 44.80779245700006], [-85.61078145, 44.76516844900004], [-85.641657464, 44.810824454000056], [-85.64893747399998, 44.87401846400007], [-85.62550247199994, 44.92111547300004], [-85.60236147099994, 44.97428048300003], [-85.59718647699998, 45.040555494000046], [-85.60927148899998, 45.11351850400007], [-85.57389848299994, 45.15549651300006], [-85.52673947299996, 45.18932452100006], [-85.58599148999997, 45.18038951700004], [-85.65602950799996, 45.14579650700006], [-85.68110150899997, 45.092701497000064], [-85.74084152299997, 45.055583488000025], [-85.77140052799996, 45.01518947900007], [-85.80740853099996, 44.94982246700005], [-85.86985754899996, 44.93903946100005], [-85.91585656699993, 44.96831546300007], [-85.96160857699994, 44.93557545600004], [-86.00936058799994, 44.899462447000076], [-86.05886760399994, 44.911020446000066], [-86.06603659799998, 44.834860433000074], [-86.07351159199999, 44.76981142200003], [-86.10618759799996, 44.731096414000035], [-86.16027361399995, 44.72819741100005], [-86.23248763399994, 44.70605840300004], [-86.25903463699996, 44.663662395000074], [-86.23183362199995, 44.60911538700003], [-86.22379361299994, 44.54905137800006], [-86.24375061199999, 44.48893736700006], [-86.24832560799996, 44.43476635800005], [-86.26871560399996, 44.34533234300005], [-86.31603061099997, 44.284218330000044], [-86.351643616, 44.229437319000056], [-86.400650623, 44.15685630400003], [-86.44688863099998, 44.10597829300008], [-86.50045864399993, 44.075615285000026], [-86.50174363799994, 44.02192027600006], [-86.46314162099998, 43.97098427000003], [-86.44792061099997, 43.91809726300005], [-86.43392059899998, 43.85561625300005], [-86.43739659299996, 43.78934224200003], [-86.52918460899997, 43.677897218000055], [-86.53850260499996, 43.61750920800006], [-86.47928157599995, 43.515343194000025], [-86.43512954999994, 43.396710177000045], [-86.40783753599999, 43.33844416900007], [-86.31626449299995, 43.19512215000003], [-86.28076147599995, 43.136023142000056], [-86.25465146299996, 43.08341713500005], [-86.23271244899996, 43.015770125000074], [-86.21621443399994, 42.91901510900004], [-86.21074242599997, 42.85913610000006], [-86.21086841899995, 42.783840087000044], [-86.20683941099998, 42.71943207600003], [-86.21602540799995, 42.664421066000045], [-86.22561840399999, 42.59477305400003], [-86.24064740299997, 42.54000804400005], [-86.24971539999996, 42.48022003300008], [-86.27688340099996, 42.41332502000006], [-86.29717340199994, 42.35821500900005], [-86.32180840399997, 42.310751], [-86.35622340899994, 42.25417398800005], [-86.40415141799997, 42.19638697600004], [-86.46626742999996, 42.13441396200005], [-86.50132743599994, 42.08454795100005], [-86.55642644399995, 42.00004993400006], [-86.58220244599994, 41.94224892200003], [-86.61944745199997, 41.893834912000045], [-86.67936046499995, 41.84480090000005], [-86.77723248899997, 41.78474788400007], [-86.82483349999995, 41.76024787800003], [-86.87543451299996, 41.73794687100008], [-86.93483552799995, 41.70964586300005], [-87.02789355199997, 41.674668852000025], [-87.12032757699995, 41.64570884200003], [-87.18765659499996, 41.62966083500004], [-87.26154161599999, 41.620343829000035], [-87.324343635, 41.62304382700006], [-87.39454465699998, 41.637242825000044], [-87.41582166799998, 41.68819083300008], [-87.46801868199998, 41.67243982700006], [-87.52054970099994, 41.709942831000035], [-87.56065171799997, 41.766041838000035], [-87.60055473599994, 41.82684084600004], [-87.61654274599994, 41.882403855000064], [-87.63095875599998, 41.933139863000065], [-87.66898777599994, 42.029149877000066], [-87.71096579599998, 42.09533588600004], [-87.80007183299995, 42.20803190000004], [-87.82857484799996, 42.26992990900004], [-87.83099185499998, 42.33032491900008], [-87.80537585299999, 42.38472893000005], [-87.79807685999998, 42.47172894500005], [-87.81227886999994, 42.52982795400004], [-87.81087887599995, 42.58732796400005], [-87.81467988299994, 42.64402797300005], [-87.78677987999998, 42.70072698400003], [-87.77817988399994, 42.76282699500007], [-87.82328390599997, 42.83532600400008], [-87.84778591899999, 42.88922401200006], [-87.84268692299997, 42.94412402100005], [-87.87868893899997, 42.99242302700003], [-87.89508994899995, 43.04232103500004], [-87.87608994999994, 43.099019045000034], [-87.89229095999997, 43.14871805200005], [-87.91009297499994, 43.235915066000075], [-87.88921297599995, 43.30766007900007], [-87.87250997899997, 43.38018609200003], [-87.82732497199999, 43.43485710300007], [-87.79324496799995, 43.492791115000045], [-87.79014097499999, 43.563062126000034], [-87.73431796699998, 43.639198142000055], [-87.70269096299995, 43.68760415200006], [-87.70829097099994, 43.742903160000026], [-87.72641298399998, 43.81045317000007], [-87.73602299399994, 43.873729180000055], [-87.71904699599997, 43.937789191000036], [-87.69550899499995, 43.989590201000055], [-87.67132199299994, 44.037358210000036], [-87.64658899299997, 44.10470222300006], [-87.60088798299995, 44.13170323000003], [-87.53994596799998, 44.15969823800003], [-87.50742496399994, 44.21081124800003], [-87.52176097399996, 44.259965255000054], [-87.54472198599996, 44.30687226100008], [-87.52105298599997, 44.36753427200006], [-87.50636798799997, 44.42381228200003], [-87.49002998899994, 44.47723229200005], [-87.46809899199997, 44.551933305000034], [-87.43749898899995, 44.60507931500007], [-87.39352697899994, 44.64066332300007], [-87.36826897699996, 44.68414933200006], [-87.33758997399997, 44.73775934200006], [-87.320402974, 44.78497135100008], [-87.27603596699998, 44.833188361000055], [-87.20455094999994, 44.87560137200006], [-87.18673795099994, 44.92547138100008], [-87.16353495299995, 45.004898395000055], [-87.12481394599996, 45.042175403000044], [-87.07955793499997, 45.07079141000003], [-87.05105493199994, 45.116180419000045], [-87.04590493799998, 45.173910429000045], [-87.03255193899997, 45.22228243700005], [-86.97876492399996, 45.22734144100008], [-86.97036092699994, 45.27846345000006], [-87.01704194399997, 45.29926245000007], [-87.07104095799997, 45.280363444000045], [-87.12282496699999, 45.223005432000036], [-87.16317497499995, 45.18533942300007], [-87.21437598799997, 45.165743417000044], [-87.25745499599998, 45.121652408000045], [-87.28428599699998, 45.06370239700004], [-87.33646300699996, 45.01353838600005], [-87.37481101199995, 44.956639374000076], [-87.40501101499996, 44.911814366000044], [-87.38482700399999, 44.86554036000007], [-87.433134022, 44.89274936100003], [-87.47849503199996, 44.86358035400008], [-87.53100504699995, 44.857445349000045], [-87.58131206199994, 44.851799345000074], [-87.63711007399996, 44.81358333600008], [-87.68821308299994, 44.75890032400008], [-87.72182208799995, 44.718977316000064], [-87.74841508999998, 44.66713030600005], [-87.80882510399994, 44.636346298000035], [-87.86689011899995, 44.60844229000003], [-87.917006126, 44.54810127700006], [-87.97070813999994, 44.530300271000044], [-88.04242016599994, 44.56659727200008], [-88.00194915899993, 44.603917281000065], [-88.00209116599996, 44.66404329000005], [-87.98350016699999, 44.720204300000034], [-87.94145915899998, 44.75608830800007], [-87.90114315499994, 44.82737332200003], [-87.84833014499998, 44.87044833200008], [-87.84343914999994, 44.92436334100006], [-87.76687813099994, 44.965262352000025], [-87.69649811099998, 44.97424135800003], [-87.63030409099997, 44.97687336200005], [-87.62575409799996, 45.04516537300003], [-87.59472409399996, 45.085142381000026], [-87.60080210299998, 45.146850390000054], [-87.56342309699994, 45.18407839900004], [-87.512342086, 45.22426040800008], [-87.46520707799993, 45.27335941800004], [-87.43169007299997, 45.31639142700004], [-87.39250606699994, 45.36903643800008], [-87.35085805899996, 45.40775144600008], [-87.31970905699995, 45.464937457000076], [-87.26349405099995, 45.55204047400008], [-87.22365304399995, 45.59934648400008], [-87.17224703699998, 45.66179649700007], [-87.11164402099996, 45.68591350400004], [-87.05953900799994, 45.708505511000055], [-87.06430801599998, 45.75883651800007], [-87.05744501999999, 45.81249152700008], [-87.00508600699999, 45.83172653300005], [-86.98134699099995, 45.76616852500007], [-86.98459398399996, 45.70582051500003], [-86.92106596399998, 45.697876518000044], [-86.87039794999998, 45.710095523000064], [-86.82181994099994, 45.75717253300007], [-86.78572793399996, 45.79452554100004], [-86.78418294199997, 45.85464955000003], [-86.72852592399994, 45.84876755300007], [-86.64600389599997, 45.83389655600007], [-86.61354189199994, 45.87599056400006], [-86.56772487999996, 45.900508571000046], [-86.52822986299998, 45.856982566000056], [-86.55555286599997, 45.813507558000026], [-86.59766687399997, 45.77539354900006], [-86.64732488399994, 45.73262654000007], [-86.68910789099994, 45.687870530000055], [-86.68721388399996, 45.63426152200003], [-86.63322986599997, 45.61825752300007], [-86.62043586799996, 45.66710653100006], [-86.58585286199997, 45.70493053900003], [-86.53328584599996, 45.71085754300003], [-86.50422184299998, 45.75423855200006], [-86.43966682399997, 45.760677557000065], [-86.40166181599994, 45.79542056500003], [-86.35166380099997, 45.798140568000065], [-86.33263080199998, 45.85182157700007], [-86.32423780599999, 45.90608858600007], [-86.27801279599998, 45.94206559500003], [-86.22055177999994, 45.95889160100006], [-86.15942076099998, 45.95377360400005], [-86.09475874199995, 45.96671261000006], [-85.99887371099999, 45.95097661300008], [-85.92058668299995, 45.92100261300004], [-85.89320167999995, 45.96726162200008], [-85.84240966399994, 45.965255625000054], [-85.79064464899994, 45.977602630000035], [-85.72425162699994, 45.965417632000026], [-85.66397160799994, 45.96702163600003], [-85.61771459899995, 46.008466645000055], [-85.54086358399996, 46.07958966000007], [-85.480608567, 46.096387667000045], [-85.42692155099996, 46.101972671000055], [-85.36662752999996, 46.08678667200007], [-85.31626951399994, 46.08661667500007], [-85.26639049599999, 46.06578767500008], [-85.19752847199999, 46.04488667500004], [-85.14084045499999, 46.04960967900007], [-85.08882343599998, 46.02838667900005], [-85.01399541099994, 46.01078268100008], [-84.93713937999996, 45.95595767700007], [-84.87984035699998, 45.915855674000056], [-84.83847733999994, 45.88152067100003], [-84.79276832299996, 45.85869967000008], [-84.74699030599999, 45.835605669000074], [-84.73400730999998, 45.90703468100003], [-84.73018431599996, 45.96120669000004], [-84.69270530999995, 46.016971701000045], [-84.65657230299996, 46.05266270800007], [-84.60906828499998, 46.02642670700004], [-84.54441026499995, 46.02286871000007], [-84.53239725399999, 45.96945670300005], [-84.48401424099995, 45.988258708000046], [-84.42869421999995, 45.95837970700006], [-84.37643420099994, 45.93197070600007], [-84.33002618899997, 45.95625571200003], [-84.25495716499995, 45.95607671600004], [-84.17806514299997, 45.96918372300007], [-84.11117912299994, 45.97868372800008], [-84.01757009099998, 45.95905473000005], [-83.95218807099997, 45.965506735000076], [-83.88106004899998, 45.96819374000006], [-83.83551003099996, 45.941851738000025], [-83.78611501499995, 45.93338374000007], [-83.73299099799993, 45.937649743000065], [-83.65766497499999, 45.945471749000035], [-83.58305694799998, 45.91592774800006], [-83.52635193099997, 45.918644752000034], [-83.48881392499999, 45.968748762000075], [-83.53291794399996, 46.011336766000056], [-83.55406395599994, 46.05889077300003], [-83.59861697399998, 46.09009377500007], [-83.66116599499998, 46.100266773000044], [-83.71979601299995, 46.10103977000006], [-83.77182602899995, 46.09100776500003], [-83.82404104699998, 46.103646764000075], [-83.79656003199995, 46.056696758000044], [-83.77644101999994, 46.00421075100007], [-83.83015103899999, 46.02233275100008], [-83.87315204899994, 45.99343474400007], [-83.93118006999998, 46.01787974500007], [-83.98953109099995, 46.03283174400008], [-84.05171711599996, 46.07919774700008], [-84.02654111399994, 46.13165675700003], [-84.08931413599998, 46.14644075600006], [-84.17164516599996, 46.18173975700006], [-84.22100617899997, 46.16307075100008], [-84.24916919299994, 46.20646975600005], [-84.18273717599999, 46.23545876400004], [-84.11818015499995, 46.23397676800005], [-84.11963416499998, 46.31502178000005], [-84.13891117799994, 46.37222978800003], [-84.11123018599994, 46.50412781000006], [-84.16603320599995, 46.52622881100007], [-84.22613622599994, 46.53392880800004], [-84.265396233, 46.49440180000005], [-84.32537625299994, 46.50002979700008], [-84.39473027499997, 46.499250793000044], [-84.44515428999995, 46.48902478900004], [-84.46260228899996, 46.44094878000004], [-84.55150131499994, 46.418530771000064], [-84.60423033299998, 46.43178277000004], [-84.63102534799998, 46.48487677700007], [-84.68967736599996, 46.48393177300005], [-84.76915638799994, 46.45353176400005], [-84.82949640599998, 46.44407975900003], [-84.87507542299994, 46.46678976000004], [-84.93443744299998, 46.480323758000054], [-85.01521646899994, 46.47972075300004], [-85.05494848499995, 46.51475875600005], [-85.03548148799996, 46.581555768000044], [-85.02829649699999, 46.675133783000035], [-85.00762149699995, 46.72834779200008], [-84.95158548499995, 46.76949680200005], [-85.00924550299999, 46.769232798000075], [-85.06356151899996, 46.75786479300007], [-85.17304755399994, 46.76364278700004], [-85.25686557899996, 46.75338878100007], [-85.36981060999994, 46.71376276800004], [-85.48210164099999, 46.68044075600005], [-85.54252265899999, 46.67427175100005], [-85.62457868599995, 46.678870747000076], [-85.71442071299998, 46.67716474100007], [-85.79492873899994, 46.68109173700003], [-85.87791376699994, 46.690922734000026], [-85.95367578799994, 46.67687772700003], [-86.03697481299997, 46.66763572000008], [-86.09984883099997, 46.65462371400008], [-86.16168685299994, 46.669483713000034], [-86.34989589899999, 46.57804368700005], [-86.43717292299993, 46.54896867800005], [-86.49505993799994, 46.52488267000007], [-86.55773695199997, 46.487442661000046], [-86.60904496599994, 46.47024765500004], [-86.62738597999999, 46.53371866300006], [-86.67576999799996, 46.55706966400004], [-86.701935, 46.51157965500005], [-86.68882198999995, 46.46316064900003], [-86.75016301099998, 46.479117648000056], [-86.80356302599995, 46.466677642000036], [-86.85011703599997, 46.43412263500005], [-86.90374805699997, 46.466146636000076], [-86.96284808099995, 46.509654639000075], [-87.00873009799994, 46.532731639000076], [-87.07728511699997, 46.515347632000044], [-87.12744612999995, 46.49402262600006], [-87.20241015299996, 46.49083562100003], [-87.25873816999996, 46.48826361700003], [-87.31076118599998, 46.492025614000056], [-87.36677320599995, 46.50731161300007], [-87.39283422199998, 46.570860621000065], [-87.44261824199998, 46.60278462200006], [-87.49286626299994, 46.64256962500008], [-87.52331427799999, 46.68849663000003], [-87.57320929799994, 46.720479632000036], [-87.59531331299996, 46.78295863900007], [-87.64189333199994, 46.813741641000036], [-87.68717034999997, 46.84175064200008], [-87.74102036999994, 46.86525564200008], [-87.79320038799995, 46.880830641000045], [-87.84620140499999, 46.88391363800008], [-87.90034542499995, 46.909694638000076], [-87.95600644199999, 46.90905963500006], [-88.03241446599998, 46.90889863000007], [-88.08187648199998, 46.92046662800004], [-88.16191950499996, 46.90494962100007], [-88.21129351699994, 46.884110614000065], [-88.25158052399996, 46.84356460600003], [-88.22884352499995, 46.89832261500004], [-88.15012050699994, 46.94363862700004], [-88.24444353399997, 46.92962061900005], [-88.31029654799994, 46.889756609000074], [-88.36877356199994, 46.857321600000034], [-88.41523156999995, 46.81172359000004], [-88.45501057499996, 46.75935158000004], [-88.47334858699998, 46.80623458600007], [-88.47586559899997, 46.886050597000064], [-88.44390760099998, 46.97225961200007], [-88.38561258799996, 47.004530620000025], [-88.35395858599998, 47.05805563000007], [-88.29763157399998, 47.09851364000008], [-88.27202357199997, 47.14351964800005], [-88.23689856799996, 47.189244657000074], [-88.16306554899995, 47.21628666600003], [-88.11746254099995, 47.255182674000025], [-88.07148253099996, 47.28677668200004], [-88.01648451699998, 47.306283689000054], [-87.96861050499996, 47.33259069600007], [-87.95706450999995, 47.387268704000064], [-87.88225148799995, 47.39559671000006], [-87.82712146899996, 47.386168713000075], [-87.76502545199997, 47.39866071800003], [-87.71242743599998, 47.40140872200004], [-87.73081044799994, 47.449120728000025], [-87.80119047399995, 47.47330972700007], [-87.89804250399999, 47.474880721000034], [-87.97894052999999, 47.47942871600003], [-88.04029754799996, 47.47600771100008], [-88.13965757699998, 47.46270170300005], [-88.21782859899997, 47.44874669600006], [-88.28520161599994, 47.42240068700005], [-88.38946564299994, 47.38443967500007], [-88.45926865799998, 47.339911664000056], [-88.50078666399997, 47.29351165500003], [-88.57400367999998, 47.24599764300007], [-88.62358569299994, 47.232360638000046], [-88.67240170599996, 47.21914563200005], [-88.72969471899995, 47.18584262400003], [-88.77802872899997, 47.15047361500007], [-88.84818274499997, 47.11507360600007], [-88.90371275799998, 47.086169598000026], [-88.94405176099997, 47.02013758600003], [-88.99842377399995, 46.99532257800007], [-89.06310979299997, 46.98853057300005], [-89.11316480799996, 46.98936457000008], [-89.16825082199995, 46.96554456300004], [-89.22792083199994, 46.91296255100008], [-89.37203886799995, 46.85739453300005], [-89.43705388599994, 46.83952052600006], [-89.49125890199997, 46.83845652300005], [-89.56981492499995, 46.831867516000045], [-89.61933593799995, 46.81889851100004], [-89.67338195599996, 46.83323750900007], [-89.79066998999997, 46.81847749900004], [-89.84865900399996, 46.795719492000046], [-89.89236201199998, 46.76309648400007], [-89.95710802499997, 46.71693747300003], [-90.02839904099994, 46.674398462000056], [-90.10070205999995, 46.65514045500004], [-90.16403307699994, 46.64552344900005], [-90.23761609599995, 46.62449344100003], [-90.30661611399995, 46.60274943300004], [-90.41814314199996, 46.56610242000005], [-90.47376715999997, 46.57418641800007], [-90.52550517699996, 46.58693441600008], [-90.58625619699995, 46.59987141400006], [-90.69472823899997, 46.66441041500008], [-90.73726725599994, 46.69227541600003], [-90.770199258, 46.63613540600005], [-90.829038272, 46.61607439900007], [-90.90557929, 46.58353238900003], [-90.92094330199996, 46.63159239500004], [-90.88587629699998, 46.670382403000076], [-90.87040329999996, 46.72330141200007], [-90.859452305, 46.77399342000007], [-90.79894329399997, 46.82315143100004], [-90.77017729299996, 46.87630444000007], [-90.78561330499997, 46.926439446000074], [-90.83772332499996, 46.95744644700005], [-90.90860534399997, 46.941313440000044], [-90.96487236099995, 46.943788436000034], [-91.01914837299995, 46.91151042800004], [-91.06822738199998, 46.87831742000003], [-91.12311639599994, 46.85618141300006], [-91.17829940999997, 46.844267407000075], [-91.22680342799998, 46.86361840600006], [-91.30230244499995, 46.830351396000026], [-91.35219845699999, 46.80742539000005], [-91.41180647199997, 46.78964838300004], [-91.47018848599998, 46.76891937600004], [-91.53712250399997, 46.754796369000076], [-91.59069151899996, 46.75433936500008], [-91.64550953299994, 46.734741359000054], [-91.74965755999995, 46.70913734800007], [-91.820034578, 46.69018434000003], [-91.88697059799995, 46.69021933500005], [-91.94299561299994, 46.67994733000006], [-92.00799663499998, 46.70504732900008], [-92.06449765799994, 46.74544733100004], [-92.09409667299997, 46.78784733400005], [-92.01341265699995, 46.833735346000026], [-91.95299264399995, 46.86704535500007], [-91.90649063399997, 46.891244362000066], [-91.84135661999994, 46.92522337200006], [-91.78068260499998, 46.94588937900005], [-91.73710559699998, 46.98286138700007], [-91.66648458099996, 47.014305396000054], [-91.62683157499998, 47.049961404000044], [-91.57382456499994, 47.08992541400005], [-91.51880055199996, 47.10812942000007], [-91.45697253799995, 47.13916442900006], [-91.41881253199995, 47.17216043600007], [-91.37419852199997, 47.19780844300004], [-91.32602651399998, 47.239001452000025], [-91.270704503, 47.27714246100004], [-91.20625549199997, 47.32919047300004], [-91.17004448699998, 47.36627448100006], [-91.12813847999996, 47.39962748800008], [-91.07771946899999, 47.42877549600007], [-91.03295246, 47.45824450300006], [-90.93907943999994, 47.51454051800005], [-90.86827742599996, 47.556908529000054], [-90.73593439599995, 47.62435154700006], [-90.68638938399994, 47.64360255400004], [-90.58496135899998, 47.680748566000034], [-90.53711234799994, 47.703063572000076], [-90.45837232699995, 47.72140858000006], [-90.39383030999994, 47.73827958700008], [-90.33269329299998, 47.746395593000045], [-90.248801271, 47.772771602000034], [-90.18764325399997, 47.77813860700007], [-90.132085239, 47.79572861400004], [-90.07556622299995, 47.803311619000056], [-90.01373720699996, 47.82138162600006], [-89.933906187, 47.846768635000046], [-89.87158717199998, 47.87420264300005], [-89.79354615099999, 47.891366651000055], [-89.73754613799997, 47.91819165800007], [-89.66062311899998, 47.951224668000066], [-89.61141910899994, 47.98073967600004], [-89.55502208999997, 47.97485767900008], [-89.49535107599996, 48.00236468700007], [-89.56429509799995, 48.002938682000035], [-89.61787411499995, 48.01095568000005], [-89.67380513299997, 48.01151867600004], [-89.72405114799994, 48.01368367300006], [-89.77395116499997, 48.02170267000008], [-89.83183217899995, 47.999408663000054], [-89.89742119799996, 47.98760765700007], [-89.95059721799998, 48.015909657000066], [-89.99670923499997, 48.03539965600004], [-90.02360225099994, 48.08471666100007], [-90.07388026899997, 48.10114666000004], [-90.13265228899996, 48.111776657000064], [-90.18868630599997, 48.10795565300003], [-90.25387732499996, 48.102253647000055], [-90.30564134099995, 48.105125644000054], [-90.36766535799995, 48.09458563800007], [-90.43845638, 48.09875563400004], [-90.49380439799995, 48.101326630000074], [-90.55684541599999, 48.09601662500006], [-90.60640943399994, 48.115974624000046], [-90.68662445599995, 48.100518616000045], [-90.74152747199997, 48.094591611000055], [-90.78992649199995, 48.12991061300005], [-90.80421450499995, 48.17784161800006], [-90.83733052199995, 48.22562962200004], [-90.88548753999999, 48.24579262200007], [-90.97696256399996, 48.219460611000045], [-91.02267457299996, 48.19247860400003], [-91.07566758699994, 48.17921259900004], [-91.13858760199997, 48.15585259100004], [-91.18321461099998, 48.122243583000056], [-91.23493962199996, 48.095931576000055], [-91.29022263499996, 48.073953569000025], [-91.35052865299997, 48.071688564000056], [-91.41386966899995, 48.053526557000055], [-91.46550668699996, 48.06677855500004], [-91.54251970799999, 48.05327654800004], [-91.55296971899998, 48.10302055400007], [-91.61526273799996, 48.10191454900007], [-91.66521575399997, 48.10701954600006], [-91.69934376999998, 48.14473654900007], [-91.71052678099994, 48.19390655400008], [-91.76088179799996, 48.20479755200006], [-91.81448081499997, 48.20867254900003], [-91.86788983299994, 48.21910354600004], [-91.91577985099997, 48.23887954500003], [-91.970247869, 48.253602543000056], [-92.01207388799997, 48.287276544000065], [-92.03772890299996, 48.33319154900005], [-92.08352091999996, 48.35387354800008], [-92.14359093899998, 48.356129544000055], [-92.19357895199994, 48.34862153900008], [-92.26228797399995, 48.35494153500008], [-92.30456898099999, 48.32298552700007], [-92.29454896999994, 48.27156852100006], [-92.33225497499996, 48.23388451300008], [-92.38436299099999, 48.240728510000054], [-92.41629300999995, 48.29547151500003], [-92.46995603599999, 48.35184451900005], [-92.45639703999996, 48.40114252600006], [-92.50729306299996, 48.447883528000034], [-92.57564408299999, 48.44083552200004], [-92.656035106, 48.436717516000044], [-92.71257012699994, 48.46302151500004], [-92.66142611799995, 48.49656552300007], [-92.63493911799998, 48.542881531000035], [-92.72805414499999, 48.53929852400006], [-92.89469520399996, 48.59492351800003], [-92.94984722299995, 48.608277516000044], [-93.08844626799998, 48.627605508000045], [-93.17810329399998, 48.62334750000008], [-93.25486231999997, 48.64279249700007], [-93.34819134499998, 48.62642248700007], [-93.39503035499996, 48.60331148100005], [-93.46431637299997, 48.59180047400008], [-93.50016137499995, 48.54121046500006], [-93.56207039099996, 48.528905458000054], [-93.61832940699998, 48.52397845300004], [-93.67457642199997, 48.516305448000026], [-93.73214743999995, 48.518003444000044], [-93.79446245799994, 48.51602943900008], [-93.80537746999994, 48.56840144500006], [-93.82796748499999, 48.61300944800007], [-93.88694250499998, 48.630787446000056], [-93.944229523, 48.632302442000025], [-94.00694154299998, 48.64320143800006], [-94.06425155999995, 48.64372543400003], [-94.15739558799999, 48.64577442700005], [-94.22428460799995, 48.64953542200004], [-94.26054962699999, 48.69638942500006], [-94.32844264899995, 48.70448942100006], [-94.38422966599995, 48.71181441700003], [-94.43870967899994, 48.694897411000056], [-94.50021169799999, 48.698183406000055], [-94.54907771499995, 48.71466140500007], [-94.60139273299995, 48.72836440200007], [-94.65177375299999, 48.75592140200007], [-94.69432077199997, 48.78936040200006], [-94.68568977799998, 48.84012740900005], [-94.75022984499998, 49.099771436000026], [-94.79753587699997, 49.197799445000044], [-94.82516890399995, 49.294291454000074], [-94.87846292699999, 49.33320145500005], [-94.957473957, 49.37019445300007], [-95.01442397099999, 49.35641344600003], [-95.12647600699995, 49.369447439000055], [-95.15371994499998, 48.998911391000036], [-95.74802011799994, 48.999506343000064], [-96.10925222199995, 48.99999031400006], [-96.84260243299997, 48.999991253000076], [-97.41230559499996, 49.00046920500006], [-97.95021411099998, 49.00044021700006], [-98.48871389799996, 49.00035011300008], [-99.01040804299998, 48.99981706800003], [-99.72380623899994, 48.99906700500003], [-100.18271733499995, 48.999263305000056], [-100.82044653699995, 48.99935590800004], [-101.45782770799997, 48.99927885000005], [-102.02115587799995, 48.998974211000075], [-102.37251595099997, 48.99873476700003], [-102.93879046299998, 48.999286864000055], [-103.37655821299995, 48.99890967400006], [-103.969431365, 48.99953461800004], [-104.60757652799998, 48.998744558000055], [-105.05765364099994, 48.99901951500004], [-105.63356278499998, 48.999707459000035], [-106.245470937, 48.99947640000005], [-106.65778203799994, 48.99986836000005], [-107.41561222099995, 48.99946328500005], [-108.07693537899996, 48.99964122000006], [-108.38904545299994, 48.99928718900003], [-108.99824059499997, 48.99912812800005], [-109.67025775099995, 49.000034060000075], [-110.36355990799996, 48.99913898900007], [-111.00392905199999, 48.99754392300008], [-111.37714613499998, 48.99703488400007], [-111.72060020999999, 48.99731484900008], [-112.41006536099997, 48.99865477700007], [-112.758691436, 48.99858874000006], [-113.35679856299998, 48.99782567700004], [-113.76998264899999, 48.997931633000064], [-114.06819371199998, 48.99886360100004], [-114.43850278899998, 49.001084562000074], [-115.12982292899994, 48.99960748800004], [-116.04910011299995, 49.000852388000055], [-116.41751718499995, 49.000105348000034], [-117.12608932199998, 48.99889427000005], [-117.60733741399997, 49.00084921800004], [-118.00112048699998, 48.999917174000075], [-118.83662767699997, 49.000313841000036], [-119.42869274799995, 49.00025901500004], [-120.00121384999994, 48.99942395100004], [-120.85157589799996, 49.00028593500008], [-121.34531008099998, 49.00084879900004], [-121.75126714799995, 48.99740475300007], [-122.09837220699995, 49.002151714000036], [-122.75803531399998, 49.00236263800008], [-122.81724131099998, 48.95597562900008], [-122.76611129899999, 48.941960634000054], [-122.78376228999997, 48.89464463000007], [-122.72270026899997, 48.85286063500007], [-122.71121525099994, 48.79146563300003], [-122.65654324099995, 48.78497463900004], [-122.67348722999998, 48.73308763500006], [-122.630437213, 48.696630638000045], [-122.60680222599996, 48.75914864400005], [-122.53581821899996, 48.776133653000045], [-122.49041620499997, 48.751133657000025], [-122.50673318699995, 48.669697651000035], [-122.46426516799994, 48.62572265400007], [-122.43307415199996, 48.58161465500007], [-122.47844615399998, 48.55930864900006], [-122.53480216699995, 48.575965643000075], [-122.48530314699997, 48.52811164600007], [-122.46968513099995, 48.47498064600006], [-122.52695813799994, 48.46800963900006], [-122.56808615499995, 48.508215636000045], [-122.67140116999997, 48.50398562400005], [-122.71233716699999, 48.46414861800008], [-122.65776815999999, 48.47294562400003], [-122.674173151, 48.424731620000045], [-122.61267013899999, 48.41833362700004], [-122.56836313899998, 48.444995633000076], [-122.53946412199997, 48.39719563400007], [-122.49770110599997, 48.36184263700005], [-122.44269309099997, 48.33793964200004], [-122.38432507299996, 48.30412864700003], [-122.40653106399998, 48.25183564200006], [-122.46397707799997, 48.27054663600006], [-122.53101108299995, 48.24982662700006], [-122.53723506799997, 48.18375062300004], [-122.51204605099997, 48.13393662400006], [-122.44967503599997, 48.114046630000075], [-122.40070702099996, 48.085260634000065], [-122.35839000699997, 48.05613863700006], [-122.41166402999994, 48.11321563400003], [-122.47581805399994, 48.16679762900003], [-122.44206605899996, 48.209355635000065], [-122.39613605699998, 48.22923864200004], [-122.36205904099995, 48.187573643000064], [-122.36509302599995, 48.12582764000007], [-122.32613401099997, 48.09288264200006], [-122.281101993, 48.04979864500007], [-122.23177597999995, 48.02988165000005], [-122.22636096599996, 47.97642264800004], [-122.27806196999995, 47.95652264100005], [-122.32186196599997, 47.91182263400003], [-122.33596495399996, 47.85231162900004], [-122.39205895199996, 47.80772362000005], [-122.38025593799995, 47.75852461900007], [-122.39326292599998, 47.70160761500006], [-122.42985592199994, 47.65892460900005], [-122.38605390799995, 47.631725612000025], [-122.33952789299997, 47.599118615000066], [-122.40185389899995, 47.58392560800007], [-122.39395288399999, 47.524825606000036], [-122.36135086799999, 47.48142660700006], [-122.34804985099998, 47.41592660500004], [-122.32484783099994, 47.34852660400003], [-122.42354983999996, 47.31912659100004], [-122.44421483099995, 47.266728586000056], [-122.53335285699995, 47.31662557900006], [-122.56197184399997, 47.244104572000026], [-122.59084383399994, 47.17811256600004], [-122.64065283499997, 47.14912755900008], [-122.67814482999995, 47.103871552000044], [-122.77507084999996, 47.12311954300003], [-122.81425286899997, 47.17948754200006], [-122.85618588799997, 47.23379354000008], [-122.845874902, 47.298410544000035], [-122.82525191199994, 47.35340354900006], [-122.79903989199994, 47.28931154900005], [-122.843303892, 47.25747054300007], [-122.77163385999995, 47.16711454600005], [-122.72217684499998, 47.13713254900006], [-122.67345183999998, 47.14990355500004], [-122.64427784699996, 47.199609561000045], [-122.68524086099995, 47.23238155800004], [-122.74963588199995, 47.276413554000044], [-122.72575289099996, 47.330475559000035], [-122.671500891, 47.366881567000064], [-122.697392875, 47.28397456000005], [-122.62701185299994, 47.235634565000055], [-122.57822584999997, 47.25480957100007], [-122.57375386399997, 47.31842457500005], [-122.53705887099994, 47.37590158200004], [-122.53190388299998, 47.428832585000066], [-122.494896897, 47.510270594000076], [-122.54662590799995, 47.52355558900007], [-122.51838191599995, 47.57408559400005], [-122.49453292399994, 47.62363060000007], [-122.50446693999999, 47.68589360200008], [-122.55446896299998, 47.745709599000065], [-122.48850595199997, 47.74361060700005], [-122.49536096599996, 47.797045609000065], [-122.51279298499998, 47.86388461000007], [-122.54908700399994, 47.919077609000055], [-122.603876018, 47.940483604000065], [-122.57311299699995, 47.87408660400007], [-122.62320699599996, 47.83620459600007], [-122.68202999599998, 47.80088758800008], [-122.719726993, 47.760981582000056], [-122.75420097699998, 47.67161757400004], [-122.80451297999997, 47.65336856700003], [-122.85662598699997, 47.64962056100006], [-122.91711798999995, 47.620748553000055], [-122.96729898899997, 47.58569054600008], [-123.033952979, 47.49697853400005], [-123.12024896699995, 47.391495519000046], [-123.05690095199998, 47.36850452500005], [-122.97750994599994, 47.39616553500008], [-122.91666993999996, 47.41371854300007], [-122.98393394199996, 47.37462053300004], [-123.03028094299998, 47.350954527000056], [-123.11131295899997, 47.362624519000065], [-123.10650098099995, 47.45817552400007], [-122.97245499699994, 47.614905547000035], [-122.896539, 47.67484355800008], [-122.84562701699997, 47.777479569000036], [-122.82019302699996, 47.83590957500007], [-122.79063401199994, 47.792602576000036], [-122.83215399499994, 47.69551656600004], [-122.78169698899995, 47.70392557200006], [-122.75789999799997, 47.75774957800007], [-122.73197100699997, 47.80974658300005], [-122.68375700599995, 47.83877859000006], [-122.636375005, 47.86619159600008], [-122.65400501999994, 47.91589559700003], [-122.678815037, 47.967935597000064], [-122.723389054, 48.00810059400004], [-122.66988304799997, 48.017222600000025], [-122.692235069, 48.08708660100007], [-122.74836007399995, 48.07210259400006], [-122.80141408599997, 48.08756658900006], [-122.748926085, 48.11703159600006], [-122.83318810299994, 48.134411588000034], [-122.882028102, 48.10078458100003], [-122.84928808499996, 48.05381358200003], [-122.83947207099999, 48.001773581000066], [-122.87765608799998, 48.04703057900008], [-122.92686609999998, 48.06459857400006], [-122.97942811599995, 48.095945570000026], [-123.03874212199997, 48.08114356200008], [-123.085169141, 48.12714255900005], [-123.13143715399997, 48.152741555000034], [-123.19153616199998, 48.14382654800005], [-123.239144163, 48.11822254200007], [-123.314593173, 48.11373053300008], [-123.39506318599996, 48.11424852400006], [-123.44014319999997, 48.142019520000076], [-123.50725020799996, 48.13181251200007], [-123.56060622099994, 48.15070250700006], [-123.62883422799996, 48.13928449900004], [-123.70275824699996, 48.16678849200008], [-123.75641025299996, 48.16106248600005], [-123.83158626399995, 48.15794247700006], [-123.91560427699994, 48.15935746800005], [-123.98104728899995, 48.16476646000007], [-124.05074930199999, 48.17775245300004], [-124.10723031699996, 48.20008744800003], [-124.19270734099996, 48.24632144000003], [-124.25089735499995, 48.26477843400005], [-124.34242737199997, 48.277700425000035], [-124.39560838299997, 48.28877741900004], [-124.51059741399996, 48.34324140800004], [-124.56485642799998, 48.36792640300007], [-124.62383243699998, 48.369105396000066], [-124.69452645299998, 48.38900938900008], [-124.67008743699995, 48.34134639000007], [-124.68089241899997, 48.26535538600007], [-124.69091540699998, 48.21262238200006], [-124.73176140199996, 48.17000237600007]]], [[[-131.24120957699995, 55.09255169800008], [-131.21325055299997, 55.04496270200008], [-131.17577456499998, 55.081843708000065], [-131.24120957699995, 55.09255169800008]]], [[[-131.48663454599995, 54.95039866400003], [-131.35325149099998, 54.85901368200007], [-131.266067481, 54.859373694000055], [-131.200179495, 54.910173704000044], [-131.257439531, 54.979014696000036], [-131.40975654599998, 54.97115667500003], [-131.48269454599995, 54.952663664000056], [-131.48663454599995, 54.95039866400003]]], [[[-131.62196655999998, 54.94653564500004], [-131.56739554999996, 54.938781652000046], [-131.52042955299999, 54.95800065900005], [-131.58488856599996, 54.97066365000006], [-131.62196655999998, 54.94653564500004]]], [[[-131.64629460099997, 55.03558364100007], [-131.60567958299998, 55.00440764700005], [-131.53215858799996, 55.03794965700007], [-131.48501357099997, 55.010458664000055], [-131.38858755999996, 55.01222667800005], [-131.35059357899996, 55.06704668300006], [-131.36233761899996, 55.15590068100005], [-131.39770864699994, 55.21092067700005], [-131.46271965999995, 55.22344266700003], [-131.51666968299998, 55.261649660000046], [-131.56266869799998, 55.28401665300004], [-131.60740168399997, 55.24044164700007], [-131.59847265699995, 55.17957064800004], [-131.54811163499994, 55.14314265500008], [-131.594996633, 55.125506649000044], [-131.620763604, 55.04926364500005], [-131.64629460099997, 55.03558364100007]]], [[[-131.87058676899994, 55.36455761000008], [-131.86218073499998, 55.289288611000075], [-131.82841369199997, 55.19848661600008], [-131.748352652, 55.128592627000046], [-131.71848667999996, 55.20010363100005], [-131.688662712, 55.28211763500008], [-131.66675672899999, 55.32749663900006], [-131.71615874399998, 55.34957463200004], [-131.75991476299998, 55.38184962500003], [-131.806808779, 55.40517961900008], [-131.85431579199997, 55.42107861200003], [-131.87058676899994, 55.36455761000008]]], [[[-132.48990235899998, 56.50344251700005], [-132.44070236599998, 56.52901252400005], [-132.48990235899998, 56.50344251700005]]], [[[-132.56234030899998, 56.37939550700003], [-132.49452528999996, 56.35500651700005], [-132.40708029499996, 56.386533530000065], [-132.47846432699998, 56.43828751900003], [-132.55520131999998, 56.403785508000055], [-132.56234030899998, 56.37939550700003]]], [[[-132.65275936799998, 56.48290249300004], [-132.59981634599995, 56.44899450100007], [-132.562340362, 56.491825507000044], [-132.52129438099996, 56.54119851200005], [-132.58137637399994, 56.51145550400008], [-132.65275936799998, 56.48290249300004]]], [[[-132.88967771499995, 54.97475146600004], [-132.83857669199995, 54.93421647400004], [-132.85545171899997, 54.99207247100003], [-132.88967771499995, 54.97475146600004]]], [[[-133.02551229, 56.22957644100006], [-133.01030026299998, 56.17398044300006], [-132.941373232, 56.12532545400006], [-132.89645221599994, 56.09974846000006], [-132.88409224799994, 56.17159846200008], [-132.93091527899998, 56.228387455000075], [-132.960506303, 56.271302450000064], [-133.02551229, 56.22957644100006]]], [[[-133.069460355, 56.35643043400006], [-133.01060632599996, 56.30949644200007], [-132.96110131399996, 56.29617145000003], [-132.87760127899998, 56.24032646200004], [-132.77606427399996, 56.25458947700008], [-132.72127326999998, 56.25846848500004], [-132.66210027099999, 56.274799493000046], [-132.67657229999998, 56.33310949100007], [-132.62062732099997, 56.39120449900008], [-132.66814634999997, 56.44028349100006], [-132.71607536199997, 56.45486548400004], [-132.78288336799994, 56.451534475000074], [-132.84320337099996, 56.44483146600004], [-132.896361384, 56.45798245800006], [-132.95738338599995, 56.448967449000065], [-133.01083637999994, 56.42426844200003], [-133.045733359, 56.371455437000066], [-133.069460355, 56.35643043400006]]], [[[-133.318672957, 55.426461404000065], [-133.25085794299997, 55.409804413000074], [-133.293092963, 55.44490140700003], [-133.318672957, 55.426461404000065]]], [[[-133.56211474199995, 54.86927137200007], [-133.54971371899995, 54.818049374000054], [-133.50871468399998, 54.74656938000004], [-133.51334870899996, 54.80298237900007], [-133.53112273799997, 54.86869137600007], [-133.56211474199995, 54.86927137200007]]], [[[-133.65583808099996, 55.62562135400003], [-133.62280105899998, 55.582521359000054], [-133.571700073, 55.62575536600008], [-133.54816909099998, 55.67189036900004], [-133.60141010599995, 55.692526361000034], [-133.62494008699997, 55.64547635800005], [-133.65583808099996, 55.62562135400003]]], [[[-133.71145510899998, 55.67443734600005], [-133.65892810399998, 55.675107353000044], [-133.71145510899998, 55.67443734600005]]], [[[-133.72738007899994, 55.60401034400007], [-133.72738007899994, 55.60401034400007]]], [[[-133.78907402, 55.45789633600003], [-133.73909602199996, 55.472327343000075], [-133.63630999099996, 55.42842735800008], [-133.63302496199998, 55.36130335900003], [-133.67226194999995, 55.32676935400008], [-133.63452791299994, 55.25004736000005], [-133.59582392799996, 55.29377036500006], [-133.49704694999997, 55.36816337800008], [-133.44629995099996, 55.382179386000075], [-133.47407297799998, 55.43715938100007], [-133.42653498599998, 55.466706388000034], [-133.37361397799998, 55.46066039500005], [-133.30576598099998, 55.48411940500006], [-133.28533600199995, 55.53531940800008], [-133.34486602299995, 55.56933139900008], [-133.41351803099997, 55.57038838900007], [-133.45459501899995, 55.53242738300003], [-133.52566502499997, 55.52910137300006], [-133.57371700399995, 55.47208736700003], [-133.638692005, 55.458906358000036], [-133.59565102, 55.50148736300008], [-133.61564204399997, 55.55078036000003], [-133.73304805899994, 55.55876134300007], [-133.78907402, 55.45789633600003]]], [[[-133.81638225199998, 55.96402932800004], [-133.718824209, 55.89324034300006], [-133.68257718599995, 55.85041834900005], [-133.70016620999996, 55.89948734600006], [-133.63814121299998, 55.920986354000036], [-133.54106022899998, 55.977326368000035], [-133.495071242, 56.01709337400007], [-133.50189121199998, 55.94934737400007], [-133.52285718599995, 55.88742537100006], [-133.44703717899995, 55.89049138200005], [-133.38410816599998, 55.876774391000026], [-133.35298214499994, 55.83732239600005], [-133.42208312999998, 55.78882538600004], [-133.556024165, 55.83513336700008], [-133.62264917099998, 55.83096935700007], [-133.70117115799997, 55.785164346000045], [-133.64334312699998, 55.72904135500005], [-133.58331610999994, 55.705342364000046], [-133.52740609899996, 55.69511237200004], [-133.494106113, 55.73316237700004], [-133.43863811399996, 55.748370384000054], [-133.40425408599998, 55.694468390000054], [-133.452503079, 55.668204383000045], [-133.38691904999996, 55.61935039300005], [-133.294177027, 55.58868440600003], [-133.176779013, 55.58672642300007], [-133.19081798999997, 55.53083342100007], [-133.13242797599997, 55.51358343000004], [-133.18344997199995, 55.492207422000035], [-133.13814795199994, 55.45837742900005], [-133.07791992399996, 55.410390438000036], [-133.15777991599998, 55.37191642700003], [-133.20881292699994, 55.384241419000034], [-133.257752924, 55.367030413000066], [-133.23359089599995, 55.308826416000045], [-133.29242089499996, 55.29138140800006], [-133.33237892299996, 55.34536140200004], [-133.395389928, 55.34175739300008], [-133.45283692499999, 55.319984385000055], [-133.47288490399995, 55.26787738200005], [-133.45379587999997, 55.21850138500008], [-133.37663387599997, 55.22829239600003], [-133.32303986199997, 55.20703440400007], [-133.25449686499996, 55.23115341400006], [-133.23692684199995, 55.18333041600005], [-133.21510481999997, 55.13688042000007], [-133.15252180199997, 55.11132342900004], [-133.21811980499996, 55.101046419000056], [-133.21043877799997, 55.04027342100005], [-133.15734475499994, 55.000369428000056], [-133.12395972599995, 54.940069433000076], [-133.03277067999994, 54.85505944700003], [-132.95026864299996, 54.78833745800006], [-132.89157162799995, 54.768195467000055], [-132.864102603, 54.716921471000035], [-132.77575157599995, 54.67484848300006], [-132.69398856499998, 54.66906849500003], [-132.72202960699997, 54.76326349000004], [-132.75938262999995, 54.808281485000066], [-132.70928562899996, 54.81752549200007], [-132.68118360699998, 54.77370149600006], [-132.61904259699998, 54.766569505000064], [-132.62863064799996, 54.88332050300005], [-132.73094968299995, 54.939487489000044], [-132.80080268799998, 54.933787479000046], [-132.80454366199996, 54.870942479000064], [-132.88949268199997, 54.89662346700004], [-132.95952674199998, 55.02104945600007], [-133.01419675499994, 55.03550644900008], [-133.01229379399996, 55.12806044800004], [-133.07339982499997, 55.18449644000003], [-133.119312859, 55.25140943300005], [-133.04395684999997, 55.248573444000044], [-133.00817482699995, 55.20570444900005], [-132.93986382199995, 55.21148545800003], [-132.89430179899995, 55.16937746500008], [-132.86984577699997, 55.12410846900008], [-132.90937376299996, 55.08128146300004], [-132.86413573399994, 55.02483747000008], [-132.81376172199998, 55.01099147700006], [-132.74887270899995, 54.99601148600004], [-132.69293571499998, 55.02506449400005], [-132.71221374899994, 55.09874049100006], [-132.66373776299997, 55.14393649800007], [-132.62014178199996, 55.19962150400005], [-132.58115176299998, 55.16608050900004], [-132.624536746, 55.11442350300007], [-132.63332372099995, 55.054958502000034], [-132.59458673899996, 55.10538250800005], [-132.541820729, 55.09776851500004], [-132.57501969099997, 54.99832151100003], [-132.58138566899999, 54.94600951000007], [-132.48459763799997, 54.899305524000056], [-132.41645662599996, 54.887489533000064], [-132.34491560299995, 54.85192854300004], [-132.447830604, 54.82660752900006], [-132.50938959099994, 54.78126252000004], [-132.42905358499996, 54.78592253200003], [-132.37106057699998, 54.78290754000005], [-132.32257355499996, 54.74396254700008], [-132.280121539, 54.715992552000046], [-132.199584529, 54.71544856400004], [-132.14229551299997, 54.69167857200006], [-132.02976550399995, 54.701193587000034], [-131.95793253399995, 54.79124359800005], [-131.97686555999996, 54.84889859500004], [-131.98461063699995, 55.027982594000036], [-132.03923564699994, 55.03676958600005], [-132.13556263599997, 54.98598057300006], [-132.19259964399998, 54.98965956500007], [-132.09404265399996, 55.039456578000056], [-132.03902066799998, 55.086966586000074], [-132.03902769299998, 55.144074586000045], [-131.98883369599997, 55.16546859300007], [-131.995926737, 55.25905859200003], [-132.06164374499997, 55.26005658300005], [-132.08814572499995, 55.20652057900003], [-132.20744974399997, 55.21827756200008], [-132.14276074499998, 55.238216571000066], [-132.098549758, 55.280564577000064], [-132.149882785, 55.32864157000006], [-132.22597881399997, 55.37492355900008], [-132.258074836, 55.41614655500007], [-132.39080084499994, 55.401743536000026], [-132.30334785099996, 55.43827254800004], [-132.36431587799996, 55.48337753900006], [-132.408335895, 55.51252653300003], [-132.491616901, 55.50360352100006], [-132.568353899, 55.479808510000055], [-132.52552392499996, 55.55000251600006], [-132.32574688699998, 55.51539954500004], [-132.24734586799997, 55.49295555600003], [-132.17862884299996, 55.45283356600004], [-132.18878986899995, 55.50844756400005], [-132.24093988299995, 55.52653755700004], [-132.30113789999996, 55.55096454800008], [-132.33241992299997, 55.59507554400005], [-132.35857694999999, 55.64876354000006], [-132.41525596499997, 55.66726753200004], [-132.47071602299997, 55.78216652300006], [-132.54341705999997, 55.84593151200005], [-132.59210407999996, 55.87715650500007], [-132.63531010499997, 55.92177049900005], [-132.83761117399996, 56.02433146900006], [-132.89769417899998, 56.02017046100008], [-132.93210420199995, 56.06072145500008], [-132.989622221, 56.08957344700008], [-133.03299923999998, 56.119728440000074], [-133.04099827099998, 56.184540439000045], [-133.07145429899998, 56.23848843400003], [-133.16323134699996, 56.31744942000006], [-133.23537335799995, 56.32427941000003], [-133.328596372, 56.332801396000036], [-133.41838938099994, 56.332136383000034], [-133.58213540799994, 56.352510359000064], [-133.64320140099994, 56.32446335000003], [-133.64692537199994, 56.26222835000004], [-133.67948735199997, 56.21176934600004], [-133.60865933499997, 56.190746356000034], [-133.55446831799998, 56.16719836500005], [-133.61887931399997, 56.14376835500008], [-133.58203928899997, 56.09779336100007], [-133.65926029099995, 56.08382235000005], [-133.748822266, 56.00954033800008], [-133.79811125499998, 55.97510033100008], [-133.81638225199998, 55.96402932800004]]], [[[-133.88271290499995, 57.30065530500008], [-133.84091488499996, 57.27107831200004], [-133.77805388999997, 57.29436132100005], [-133.82844790999997, 57.322011313000075], [-133.88271290499995, 57.30065530500008]]], [[[-133.943518241, 55.912450310000054], [-133.92026921499996, 55.86029931400003], [-133.86700720299996, 55.84589032200006], [-133.85431024099995, 55.931585323000036], [-133.93503524399995, 55.920693311000036], [-133.943518241, 55.912450310000054]]], [[[-134.36697628299999, 55.91054524900005], [-134.31706325899995, 55.86855925700007], [-134.28247223699998, 55.82867126200006], [-134.231176249, 55.86475126900007], [-134.16838225499998, 55.89232327800005], [-134.11808125999994, 55.91464628500006], [-134.09982428999996, 55.98414428700005], [-134.13951727899996, 55.95168728200008], [-134.23063226699998, 55.90563326900008], [-134.31580128399997, 55.92300725600006], [-134.36697628299999, 55.91054524900005]]], [[[-134.415225734, 56.84795223200007], [-134.396686693, 56.76975323500005], [-134.37629364199995, 56.66861224000007], [-134.321817625, 56.64450524800003], [-134.32015358099994, 56.55448824900003], [-134.24195757399997, 56.555535261000045], [-134.19798655699998, 56.53103226700006], [-134.224131533, 56.47502126400008], [-134.24314549699994, 56.39578226200007], [-134.29282048299996, 56.354060255000036], [-134.29947545299996, 56.28960925500007], [-134.262635414, 56.21513926100005], [-134.25930737, 56.12145026300004], [-134.23411334199994, 56.067090267000026], [-134.18972031699997, 56.02268627400008], [-134.13714030399996, 56.00640928100006], [-134.107905336, 56.08062128500006], [-134.01806232999996, 56.088180298000054], [-133.96054432499994, 56.09136330600006], [-133.927744347, 56.14595331100003], [-133.90302537099996, 56.20086231400006], [-133.87664340299995, 56.27588831700007], [-133.83457441899998, 56.319805322000036], [-133.87165244399995, 56.36380331700008], [-133.78062044799998, 56.392493330000036], [-133.77658048499995, 56.470164330000046], [-133.82102650099995, 56.49523132300004], [-133.714545516, 56.55003333800005], [-133.67167248199996, 56.48766034500005], [-133.63836845499998, 56.43888535000008], [-133.53298844199998, 56.43475536500006], [-133.46065344299996, 56.45412437600004], [-133.41781445799995, 56.49415138200004], [-133.36163444799996, 56.48607739000005], [-133.203603413, 56.44766141300005], [-133.148749416, 56.46736142100008], [-133.12474543399998, 56.51144342400005], [-132.98692641899999, 56.51078844500006], [-132.87430140599997, 56.50911246100003], [-132.81806239199994, 56.49493846900003], [-132.72420839199998, 56.51537548300007], [-132.65092940099998, 56.55213149300005], [-132.54130140399997, 56.58457750900004], [-132.595198424, 56.61331250100005], [-132.62546944699994, 56.65321449600003], [-132.743226489, 56.713724479000064], [-132.82057553699997, 56.79379146700006], [-132.87253154499996, 56.79814845900006], [-132.935277564, 56.82294545000008], [-132.98138961999996, 56.92738444200006], [-133.10463067199998, 57.00570542300005], [-133.308336699, 57.01476639300006], [-133.36252170199998, 57.00742838500008], [-133.44622371699995, 57.020128373000034], [-133.536277736, 57.038704359000064], [-133.61392775399997, 57.05798234800005], [-133.70294476699996, 57.06521033400003], [-133.77348378099998, 57.07868032400006], [-133.88797680299996, 57.097748307000074], [-134.00887580399996, 57.074582289000034], [-134.049237786, 57.02920728400005], [-133.96707975699996, 56.988048296000045], [-133.92147073899997, 56.961515303000056], [-133.88744568899995, 56.86839530900005], [-133.795383658, 56.82459032300005], [-133.88710165999998, 56.80867831000006], [-133.94295566399995, 56.80555530200007], [-134.00665469299997, 56.85159129200008], [-134.047772733, 56.92300428500005], [-134.14712275999995, 56.956974270000046], [-134.19377075299997, 56.93360226300007], [-134.27047876199998, 56.93558425200007], [-134.35366674999995, 56.89315724000005], [-134.415225734, 56.84795223200007]]], [[[-134.96052260099998, 58.40376212700005], [-134.94834753199996, 58.28132013100003], [-134.91487749199996, 58.21493613700005], [-134.86431946799996, 58.18049314500007], [-134.82068344299995, 58.14146915200007], [-134.78494741499998, 58.09679715900006], [-134.77704236499994, 58.00468316100006], [-134.74612830499996, 57.89853316800003], [-134.70588926399995, 57.82893317500003], [-134.72881222799998, 57.75664417200005], [-134.72037120099998, 57.70705617400006], [-134.67445814799999, 57.61441318300007], [-134.61119711499998, 57.563141193000035], [-134.60757708799997, 57.51304619400008], [-134.544873054, 57.45787620400006], [-134.46405201199997, 57.39218821700007], [-134.527893017, 57.38987820800003], [-134.57853102699994, 57.40029520000007], [-134.574133997, 57.34117620200004], [-134.517298977, 57.314571210000054], [-134.57097397299998, 57.29462820300006], [-134.64018895199996, 57.23985619300004], [-134.63458488599997, 57.10986719600004], [-134.60142684399995, 57.03381620200008], [-134.49773783299997, 57.03119821700005], [-134.38607184899996, 57.08739623300005], [-134.34962186399997, 57.124642238000035], [-134.29277986499994, 57.13705324600005], [-134.19364887899997, 57.18488326000005], [-134.11033490299997, 57.24995227200003], [-134.08051492399994, 57.297682276000046], [-134.03458293399996, 57.327642282000056], [-133.98352091599997, 57.30284229000006], [-133.87067693299997, 57.35829130600007], [-133.92554698899994, 57.45665429700006], [-133.85738798499995, 57.46396830700007], [-133.88628900999998, 57.505003302000034], [-133.933236035, 57.54445429500004], [-133.93438106499997, 57.601769294000064], [-133.993994096, 57.649099284000044], [-134.11611714999998, 57.72758626500007], [-134.10091917399996, 57.77678326700004], [-134.16314021799997, 57.84867325600004], [-134.20689424799997, 57.895905249000066], [-134.151147246, 57.90321325700006], [-134.098648213, 57.850554266000074], [-134.03084018899995, 57.818650277000074], [-134.010748155, 57.75939628000003], [-133.97010711699994, 57.69534628700006], [-133.91134909399995, 57.663566296000056], [-133.86313206899996, 57.623705304000055], [-133.84085804199998, 57.57686930800003], [-133.821693069, 57.63389131000008], [-133.86815408799998, 57.660141303000046], [-133.90991015599997, 57.78063229500003], [-133.93475518799994, 57.83763029100004], [-133.995997226, 57.895636281000066], [-134.068969268, 57.961087269000075], [-134.09190529699998, 58.01078126500005], [-134.13825132199997, 58.04710725700005], [-134.18939034699997, 58.08344824900007], [-134.16727736899998, 58.12858125200006], [-134.21600139199995, 58.16213224400008], [-134.30650339599998, 58.15249423000006], [-134.37146540099997, 58.14897022000008], [-134.446677422, 58.17358720900006], [-134.500760427, 58.172550200000046], [-134.55926144499995, 58.195125191000045], [-134.60893143799996, 58.171641184000066], [-134.682832438, 58.15884717300003], [-134.71282147199997, 58.21537316800004], [-134.72448350199994, 58.268281165000076], [-134.77937451499997, 58.28128315600003], [-134.95592260399997, 58.41030112700008], [-134.96052260099998, 58.40376212700005]]], [[[-135.02859367199994, 58.519899114000054], [-134.95601963699994, 58.469930126000065], [-134.84061556999995, 58.36999314600007], [-134.85132360499995, 58.43126414300008], [-134.903671638, 58.48123213400004], [-134.97029665699995, 58.50264812300003], [-135.02145467099996, 58.51930411500007], [-135.02859367199994, 58.519899114000054]]], [[[-135.34935598899995, 59.02003805500004], [-135.33412794299994, 58.943895059000056], [-135.33032098299998, 59.01242305900007], [-135.34935598899995, 59.02003805500004]]], [[[-135.695140117, 57.36308103400006], [-135.63822908999998, 57.32028204300008], [-135.56897404999995, 57.25519005400008], [-135.51126103999997, 57.24708106300005], [-135.44909303499998, 57.248108072000036], [-135.36619702699994, 57.24885608500006], [-135.37246100199997, 57.19806708500005], [-135.422765992, 57.16772807800004], [-135.47717896999995, 57.11533107000008], [-135.383651924, 57.04050508500006], [-135.377590898, 56.98861608700008], [-135.44235888099996, 56.94235907800004], [-135.44794385499995, 56.88923007800008], [-135.46755283299996, 56.84142007600008], [-135.57343885399996, 56.863384060000044], [-135.53529183199998, 56.826142066000045], [-135.50633180699998, 56.78141307100003], [-135.39869779599996, 56.77920508700004], [-135.31017878699998, 56.77809710000008], [-135.30509676099996, 56.72638610200005], [-135.224161735, 56.68786211400004], [-135.14778070999995, 56.65193612600007], [-135.118728681, 56.59773213100004], [-135.06571268099998, 56.607856139000035], [-134.99838868499995, 56.63002114800008], [-135.04507366699994, 56.583396142000026], [-135.05825764199994, 56.52945714100008], [-134.99078260099998, 56.45800215200006], [-134.945723564, 56.38971415900005], [-134.839430516, 56.309407176000036], [-134.80618247799998, 56.23553718200003], [-134.70502643999998, 56.175726197000074], [-134.65384644499994, 56.19838920400008], [-134.63468747499996, 56.265836206000074], [-134.63402949899995, 56.315844206000065], [-134.63652554199996, 56.405629204000036], [-134.64532757399996, 56.472219202000076], [-134.66979760199996, 56.52413319800007], [-134.62696261199994, 56.55387220400007], [-134.615974651, 56.63729320500005], [-134.634016697, 56.72872620100003], [-134.66345373699994, 56.80469119600008], [-134.69911876299994, 56.85086819000003], [-134.695754788, 56.900795189000064], [-134.74015481599997, 56.94848518200007], [-134.73789984599995, 57.00993918200004], [-134.75590587199997, 57.05803917800006], [-134.84179397599996, 57.24859216300007], [-134.879555, 57.288181157000054], [-134.94664601499994, 57.303168147000065], [-134.88480002199998, 57.33000715500003], [-134.83523100199994, 57.30031916300004], [-134.80637201999997, 57.34189216700008], [-134.849497059, 57.409674159000076], [-134.92653607399996, 57.42227114800005], [-135.026586082, 57.42050113300007], [-135.14596910399996, 57.439053115000036], [-135.20914313499998, 57.48875710400006], [-135.26557713699998, 57.48086409600006], [-135.32294516999997, 57.533480087000044], [-135.41922519499997, 57.56416307200004], [-135.49155718499998, 57.53169106100006], [-135.548814178, 57.50898105300007], [-135.534241147, 57.45025605600006], [-135.58541513399996, 57.416815049000036], [-135.63367412999997, 57.39910604200003], [-135.68771611799997, 57.36748103500008], [-135.695140117, 57.36308103400006]]], [[[-135.72792865399998, 58.36544801000008], [-135.649881624, 58.324521023000045], [-135.54423361699997, 58.330232039000066], [-135.60229264799995, 58.37496602900006], [-135.669869657, 58.380677019000075], [-135.72792865399998, 58.36544801000008]]], [[[-135.85247506899998, 57.24094001200007], [-135.82347804299997, 57.19564101700007], [-135.75360102199994, 57.16717202800004], [-135.80612799799997, 57.10939402100007], [-135.84748396799995, 57.04183001600006], [-135.82561793999997, 56.98903602100006], [-135.77261493999998, 56.99874702800008], [-135.67991993899994, 57.014666042000044], [-135.63048293999998, 57.02644004900003], [-135.60053495999995, 57.07168705300006], [-135.57225098499998, 57.12629905600005], [-135.518297992, 57.15002906400008], [-135.45578799099997, 57.160084073000064], [-135.41181700899995, 57.20346307900007], [-135.47882303299997, 57.23896606800008], [-135.54135302599997, 57.21302105900003], [-135.59465104699996, 57.24478305100007], [-135.63861907599994, 57.29286204300007], [-135.69822109499995, 57.31930803400007], [-135.76073111399995, 57.34663402400008], [-135.84819711799997, 57.33855401100004], [-135.83773908899997, 57.28207201400005], [-135.85247506899998, 57.24094001200007]]], [[[-136.15361382299994, 58.596969940000065], [-136.09650679699996, 58.55889795000007], [-136.12315682699995, 58.60934294500004], [-136.15361382299994, 58.596969940000065]]], [[[-136.156171649, 58.28389194600004], [-136.09430562899996, 58.257122956000046], [-136.03541363199997, 58.273183965000044], [-136.11869465599995, 58.30352295200004], [-136.156171649, 58.28389194600004]]], [[[-136.57330849199997, 57.92684789000003], [-136.48427946799995, 57.89646390400003], [-136.39117742599996, 57.83265692000003], [-136.30944938999994, 57.77946893300003], [-136.28082935499998, 57.71738293900006], [-136.26670832499997, 57.66377294200004], [-136.22963028599997, 57.59537594900007], [-136.16307926099995, 57.55886496000005], [-136.12065427399995, 57.59129896600007], [-136.05552923799996, 57.53367597600004], [-135.96700619799998, 57.47276299100008], [-135.89699917499996, 57.44072300200003], [-135.84383014499997, 57.39090001100004], [-135.768038134, 57.38343902200006], [-135.71142112099994, 57.367764031000036], [-135.59716414899998, 57.44265604700007], [-135.56682716799997, 57.48570005100004], [-135.56567119999994, 57.54719705000008], [-135.52763021799996, 57.58900705500008], [-135.59279823099996, 57.602478045000055], [-135.66092225199998, 57.629200034000064], [-135.712337279, 57.67265202600004], [-135.65072126299998, 57.652524035000056], [-135.59346726299998, 57.66379904400003], [-135.47472323499994, 57.63138506200005], [-135.39251921099998, 57.599913075000075], [-135.32586919299996, 57.57718208500006], [-135.24287516899994, 57.54630609800006], [-135.134083133, 57.49768511500008], [-135.091236112, 57.466356122000036], [-135.02516809999997, 57.45431913300007], [-134.90270009, 57.45935315100007], [-134.83714009599998, 57.48276516000004], [-134.85640615799997, 57.59897115600006], [-134.91818720799995, 57.68227614500006], [-134.92162423999997, 57.74238014400004], [-134.97814025599996, 57.76312913500004], [-135.02485724999997, 57.74299412800008], [-135.09844226399997, 57.75490211700003], [-135.02339027, 57.78054112800004], [-134.949456275, 57.80503113800006], [-134.99183929599997, 57.83544013100004], [-135.06574032099996, 57.869455120000055], [-135.13197733599998, 57.88524510900004], [-135.173732358, 57.919403103000036], [-135.00497232299995, 57.88434212900006], [-134.92641533499994, 57.92192314000005], [-134.912874365, 57.97929114100003], [-134.95086439899995, 58.036997134000046], [-135.07072042399994, 58.06124611600006], [-135.26097146299998, 58.097327086000064], [-135.39753850099999, 58.14415906500005], [-135.45146450099998, 58.13435205700006], [-135.496759479, 58.086216051000065], [-135.54454947, 58.060884044000034], [-135.58177343999995, 57.99757203900003], [-135.63851044299997, 57.994512031000056], [-135.58684048499998, 58.08167403700003], [-135.54073249199996, 58.101754044000074], [-135.49793152399997, 58.16888604900004], [-135.58921855799997, 58.21368103400005], [-135.71241857899997, 58.231896015000075], [-135.76439260299998, 58.266280007000034], [-135.823582618, 58.28297899700004], [-135.91419860499997, 58.24407698400006], [-135.966139592, 58.21138997700007], [-136.03305059499996, 58.205465967000066], [-136.13902761499997, 58.22439695000003], [-136.19987459599997, 58.18087494200006], [-136.28390662699996, 58.22368892800006], [-136.31797465799997, 58.273778922000076], [-136.40006666399995, 58.27199490900006], [-136.36140062899995, 58.21429291600003], [-136.36556459399998, 58.14885791700004], [-136.42046958999998, 58.13186090900007], [-136.46929257499994, 58.09687190300008], [-136.53872857899995, 58.09348589200005], [-136.56324354999998, 58.03505589000008], [-136.57330849199997, 57.92684789000003]]], [[[-145.65724344799997, 60.36792737600007], [-145.60946940999997, 60.310294386000066], [-145.53364940799997, 60.31029439800005], [-145.55646743799997, 60.355468392000034], [-145.65724344799997, 60.36792737600007]]], [[[-146.01162347399998, 60.396236317000046], [-145.91013445899998, 60.37638733400007], [-145.83122443999997, 60.35029534800003], [-145.78012344099997, 60.35252935700004], [-145.83146246699997, 60.39095234600006], [-145.95315448099996, 60.40785832600005], [-146.01162347399998, 60.396236317000046]]], [[[-147.32110681699996, 60.88020007800003], [-147.25315081099998, 60.87297109000008], [-147.19237680299997, 60.86163710000005], [-147.14182479699997, 60.853993109000044], [-147.08966781099997, 60.874695116000055], [-147.13134183699998, 60.91293410700007], [-147.19342183099997, 60.902951098000074], [-147.32110681699996, 60.88020007800003]]], [[[-147.50003166399998, 60.65385406200005], [-147.45434564099997, 60.61959007200005], [-147.34869764499996, 60.62720408800004], [-147.30872267099997, 60.665276093000045], [-147.36202270399997, 60.71476908100004], [-147.48765771399997, 60.728094060000046], [-147.50003166399998, 60.65385406200005]]], [[[-147.50574139899996, 60.253153084000076], [-147.34013141199998, 60.27504411000007], [-147.42198441599996, 60.27980309600008], [-147.49622340699997, 60.26552608500003], [-147.50574139899996, 60.253153084000076]]], [[[-147.92926210199997, 59.783877043000075], [-147.87649708899997, 59.763895053000056], [-147.80317310199996, 59.78507306300003], [-147.71451811299997, 59.80384707600007], [-147.64606712199998, 59.81783008700006], [-147.56798914199996, 59.85115209700007], [-147.50833113599998, 59.84195910700004], [-147.41183314899996, 59.86404212100007], [-147.44368217399997, 59.90315911400006], [-147.50167618999998, 59.92686910300006], [-147.42110321399997, 59.966149114000075], [-147.37261620499996, 59.95294212300007], [-147.37641924599998, 60.016194118000044], [-147.25781730299997, 60.107885132000035], [-147.21289532299997, 60.13914113800007], [-147.09001535599998, 60.19246915400004], [-146.95572639799997, 60.25915517200008], [-146.91650941899996, 60.290975177000064], [-146.99874642399996, 60.29709916300004], [-147.06244442699997, 60.30086815300007], [-147.00658944699998, 60.33229416000006], [-147.08906445499997, 60.34288014600003], [-147.15775447099998, 60.36745013400008], [-147.21551044599997, 60.32758812700007], [-147.20029841199997, 60.27660113200005], [-147.31985137499996, 60.217743116000065], [-147.37428033799998, 60.16031711100004], [-147.40137530999996, 60.116412109000066], [-147.48527628399998, 60.074346098000035], [-147.55515426999997, 60.05180908800003], [-147.63905524299997, 60.00954207700005], [-147.69538523499997, 59.99670806800003], [-147.74006920899998, 59.95508406400006], [-147.80614418799996, 59.92091305500003], [-147.85510615699997, 59.871917050000036], [-147.91333813499998, 59.83718304300004], [-147.92926210199997, 59.783877043000075]]], [[[-147.95055439599997, 60.24379301300007], [-147.85547537799997, 60.21642103000005], [-147.82018135399997, 60.17955703800004], [-147.76650633699998, 60.15418204800005], [-147.72014636799997, 60.20200405300005], [-147.70362142199997, 60.28559105100004], [-147.63949645699998, 60.340581058000055], [-147.68191048899996, 60.388169048000066], [-147.61999452099997, 60.43682305500005], [-147.60777856699997, 60.50692205300004], [-147.56579758499996, 60.534715058000074], [-147.61386560599996, 60.56590804900003], [-147.72184656899998, 60.50863703500005], [-147.70918253099998, 60.451885040000036], [-147.77935153499996, 60.457080028000064], [-147.93329141499996, 60.27363401400004], [-147.95055439599997, 60.24379301300007]]], [[[-148.02028171499998, 60.72495197400008], [-147.97070667999998, 60.67380098500007], [-147.86808967799996, 60.67082700200007], [-147.90604372199996, 60.73551699200004], [-147.95726172999997, 60.747707983000055], [-148.02028171499998, 60.72495197400008]]], [[[-150.24212198399997, 61.13783658700004], [-150.19072598699998, 61.13973959500004], [-150.24212198399997, 61.13783658700004]]], [[[-150.77226480499996, 59.33301562100007], [-150.72182078099996, 59.29208863100007], [-150.65043681299997, 59.34348463900005], [-150.60950983999996, 59.386315643000046], [-150.67137585299997, 59.41010963100007], [-150.74275981499997, 59.350147624000044], [-150.77226480499996, 59.33301562100007]]], [[[-151.52883967799997, 59.147587514000065], [-151.44505765499997, 59.10508353000006], [-151.48249267599996, 59.14313852200007], [-151.52883967799997, 59.147587514000065]]], [[[-151.71816266399998, 59.132249485000045], [-151.66238964099998, 59.08973649700005], [-151.71816266399998, 59.132249485000045]]], [[[-151.86064068099998, 59.16592746100008], [-151.80870766399997, 59.13490947100007], [-151.86064068099998, 59.16592746100008]]], [[[-151.88851613699998, 58.21942552100006], [-151.87186010999997, 58.16945652700008], [-151.81713211899998, 58.183733535000044], [-151.79095815499997, 58.24678953400007], [-151.86234215899998, 58.25749652300004], [-151.88851613699998, 58.21942552100006]]], [[[-152.07454353299997, 58.92493744400008], [-152.01648452499998, 58.90875745400007], [-151.95557052999996, 58.91446746300005], [-152.00411154399998, 58.94111745400005], [-152.06312254599996, 58.94682844400006], [-152.07454353299997, 58.92493744400008]]], [[[-152.08287240999996, 60.34595134300008], [-151.95628542799997, 60.36784236200003], [-151.94010546899997, 60.43066036000005], [-151.89537148999997, 60.46016536500008], [-151.84111950499997, 60.48110537300005], [-151.93058752599998, 60.51632135600005], [-151.96580349699997, 60.47444235300003], [-151.98008045799997, 60.41448035500008], [-152.07240341999997, 60.36118034400005], [-152.08287240999996, 60.34595134300008]]], [[[-152.29854567899997, 57.382483516000036], [-152.29854567899997, 57.382483516000036]]], [[[-152.35627151999998, 58.915419401000065], [-152.27632251699998, 58.90685341400007], [-152.15925253599997, 58.93445543000007], [-152.24205753599998, 58.93826241700003], [-152.30773054799997, 58.96205740500005], [-152.35627151999998, 58.915419401000065]]], [[[-152.63966627599996, 60.16511226700004], [-152.56066823299997, 60.09468028500004], [-152.56733127399997, 60.15845027900008], [-152.61967928799996, 60.183196269000064], [-152.63966627599996, 60.16511226700004]]], [[[-153.41836400499997, 58.06405429700004], [-153.36559499299997, 58.039053307000074], [-153.28972200199996, 58.050331318000076], [-153.21813600099998, 58.04391032900003], [-153.09748298399998, 58.00451735100006], [-152.98242697699996, 57.98469837000005], [-152.87143698799997, 57.99715838600008], [-152.81906398799998, 57.99557539400007], [-152.762496, 58.01446540100005], [-152.70685202199996, 58.050578407000046], [-152.65682202899998, 58.06105041400008], [-152.61512405999997, 58.11622541700007], [-152.59752709599996, 58.179687415000046], [-152.56961606099998, 58.11480142400006], [-152.51481506199997, 58.11432243200005], [-152.42541207199997, 58.12761544500006], [-152.34354306999998, 58.11917545800003], [-152.27362607499998, 58.12563146800005], [-152.31143612699998, 58.22111645600006], [-152.24291113999996, 58.24119346500004], [-152.22319611499998, 58.19479547100008], [-152.11222609199996, 58.14856049200006], [-151.98614813199998, 58.21377550700004], [-151.96412416299998, 58.26905050600004], [-151.96383819599998, 58.32900050200004], [-152.08236318199997, 58.30994648500007], [-152.10798315399998, 58.26052648500007], [-152.11955119299998, 58.329771478000055], [-152.09045821699996, 58.37262948000006], [-152.20097420499997, 58.35533346400007], [-152.27952923599997, 58.41587344700008], [-152.32808424499996, 58.43437343900007], [-152.36470320499998, 58.36461443800005], [-152.47683519399996, 58.350956421000035], [-152.51250423599998, 58.42735041100008], [-152.46721826499996, 58.47661041400005], [-152.41828828799996, 58.51524541900005], [-152.33723333199998, 58.58909642600008], [-152.35473035999996, 58.638281420000055], [-152.45383834599997, 58.61851640600008], [-152.50284132999997, 58.59345240000005], [-152.55043933899998, 58.61099739200006], [-152.61615133099997, 58.60185338200006], [-152.66602030899998, 58.564494377000074], [-152.65369427599998, 58.506573383000045], [-152.60055527099996, 58.49494739200003], [-152.68996124899996, 58.45986238100005], [-152.77112722899997, 58.429516371000034], [-152.84419421199996, 58.402843361000066], [-152.78744119499996, 58.36901637200003], [-152.82198517099997, 58.32850237000008], [-152.89542817799997, 58.34530635700003], [-152.87887914699996, 58.28853436400004], [-152.94129113999998, 58.27961535500003], [-152.99323814799996, 58.296255346000066], [-153.04433715099998, 58.30633733700006], [-153.09930512599996, 58.26406633200003], [-153.00700010599996, 58.22184834900003], [-153.06086708899997, 58.194503343000065], [-153.17012209799998, 58.21670532400003], [-153.22373006599997, 58.16212132000004], [-153.16762604899998, 58.12781933100007], [-153.22758804399996, 58.12336532200004], [-153.27423605599998, 58.148103313000036], [-153.41295400899998, 58.069812298000045], [-153.41836400499997, 58.06405429700004]]], [[[-153.56004176099998, 59.39131117800008], [-153.54671672499998, 59.33134918500008], [-153.41346672499998, 59.322783206000054], [-153.34303474799998, 59.35609521500004], [-153.39062377999997, 59.41225120300004], [-153.51054876299997, 59.39131118600005], [-153.56004176099998, 59.39131117800008]]], [[[-153.61742938999998, 56.89668535200008], [-153.54422439899997, 56.909274362000076], [-153.60245639599998, 56.90758735400004], [-153.61742938999998, 56.89668535200008]]], [[[-154.15937426799997, 56.69215728700004], [-154.02182126999998, 56.684553308000034], [-154.04656729099997, 56.73023930100004], [-154.09606027699996, 56.70549329500005], [-154.15937426799997, 56.69215728700004]]], [[[-154.36238118699998, 56.54251326800005], [-154.30439116999997, 56.50232327900005], [-154.23248416699997, 56.49105329100007], [-154.16400717799996, 56.50784530000004], [-153.99392918199996, 56.50179732500004], [-153.88769820099998, 56.53363833900005], [-153.94052521099997, 56.55831832900003], [-154.00929420499997, 56.551446319000036], [-154.07520721899996, 56.58374630700007], [-154.11341723299998, 56.616746299000056], [-154.18483922399997, 56.60377428900006], [-154.24425422399997, 56.60919528000005], [-154.31093320999997, 56.585448272000065], [-154.36238118699998, 56.54251326800005]]], [[[-154.77968357999998, 57.36633614300007], [-154.74311055599998, 57.31477115300004], [-154.79386053999997, 57.28886314700003], [-154.74018153599997, 57.276518156000066], [-154.61374353699998, 57.267801176000035], [-154.53957250399998, 57.19635219200006], [-154.51523344499998, 57.07798620500006], [-154.52855840599997, 57.00189320800007], [-154.47633539999998, 56.98420521800006], [-154.40751039499997, 56.96833522900005], [-154.31290837399996, 56.91867424700007], [-154.29844234699996, 56.86317725300006], [-154.23179135399997, 56.87229526200008], [-154.16338038099997, 56.91978426900005], [-154.12350939999996, 56.95617127200006], [-154.05557441899998, 56.987210280000056], [-153.99382745299997, 57.05050328500005], [-153.86173149299998, 57.11922529900005], [-153.80631051399996, 57.15742530500006], [-153.85891147699996, 57.08884530200004], [-153.91286545599996, 57.05122629700003], [-153.96325342799997, 56.99935229300007], [-153.91772341099997, 56.96217030300005], [-153.85701141999996, 56.974878311000055], [-153.88814739499998, 56.92627031000006], [-153.98456737299998, 56.88962729800005], [-154.03052235399997, 56.85505329400007], [-154.12545131399997, 56.783299285000055], [-154.08510829999997, 56.75119429300008], [-154.02263030499998, 56.75594730200004], [-153.97180030099997, 56.74486231100008], [-153.90217031699996, 56.771209319000036], [-153.83966034499997, 56.822100325000065], [-153.77648835099998, 56.83031633300004], [-153.69942936599998, 56.85538334300003], [-153.69443839299998, 56.90875534000003], [-153.60068441299998, 56.94263035100005], [-153.55678242799996, 56.96886335600004], [-153.58085146799996, 57.04904934700005], [-153.66383046699997, 57.053695334000054], [-153.57702648999998, 57.09317834400008], [-153.49887047899998, 57.06536435800007], [-153.36654553999998, 57.17670937000008], [-153.31016355099996, 57.19442737700007], [-153.34555352199996, 57.13956637500007], [-153.40428348999998, 57.080512371000054], [-153.32428547399996, 57.04330938500004], [-153.31260344799998, 56.99148739100008], [-153.23530245899997, 57.00739940100004], [-153.20540448399998, 57.056149402000074], [-153.14638150899998, 57.10088440800007], [-152.99726652299998, 57.11949242900005], [-152.91139152899996, 57.12681444100008], [-152.94935355899997, 57.187347431000035], [-153.07400255499996, 57.18709241300007], [-153.12388554699996, 57.17544640600005], [-153.21382255899996, 57.20506039000003], [-153.16335356699997, 57.21671439700003], [-153.07793656699997, 57.21144541000007], [-152.99775957999998, 57.23117742100004], [-152.95100258999997, 57.248992427000076], [-153.01301261399996, 57.29945441400008], [-153.09615360499998, 57.28686740200004], [-153.05602762799998, 57.32923040500003], [-152.98473563599998, 57.339919415000054], [-152.90907162999997, 57.32422342800004], [-152.81820760299996, 57.26536944600008], [-152.75013662699996, 57.308870453000054], [-152.70778861199997, 57.276047462000065], [-152.65758962799998, 57.30355246700003], [-152.60654265999997, 57.36366147100006], [-152.67327068399996, 57.41324745700007], [-152.72267169299997, 57.43335344800005], [-152.81668670999997, 57.47192643100004], [-152.91175870599997, 57.47077641700008], [-152.83892572499997, 57.50227142600005], [-152.77021672799998, 57.504291436000074], [-152.71946772099997, 57.48802944500005], [-152.66285170999998, 57.46368045500003], [-152.60039571499996, 57.468834464000054], [-152.51702469799997, 57.432185479000054], [-152.48179671799997, 57.46783648200005], [-152.41649370299996, 57.43529449400006], [-152.36161269999997, 57.427762503000054], [-152.32370372199998, 57.467862506000074], [-152.29149074899996, 57.517104508000045], [-152.16401678799997, 57.58460852200005], [-152.26536680699996, 57.62643150400004], [-152.32275380399997, 57.62340349600004], [-152.38716079599996, 57.61242948700004], [-152.43968778299998, 57.59040048000003], [-152.42896681099998, 57.64216347800004], [-152.37531582999998, 57.674951484000076], [-152.44305082399998, 57.66805047400004], [-152.44020285499997, 57.72664147100005], [-152.49707685799996, 57.73438846100004], [-152.44380688199996, 57.776143467000054], [-152.38109688399996, 57.77674547600003], [-152.29878286999997, 57.745926491000034], [-152.24578088399997, 57.769638497000074], [-152.30971689299997, 57.79016748600003], [-152.35117291599997, 57.834769477000066], [-152.41744490299996, 57.81546546800007], [-152.44614493099996, 57.869134460000055], [-152.40372094999998, 57.901147464000076], [-152.33322995199998, 57.90255147500005], [-152.38864696299996, 57.92448746500003], [-152.43743696799996, 57.936979456000074], [-152.48768696899998, 57.941969448000066], [-152.54968194499997, 57.90013844200007], [-152.63539895199997, 57.91861142700003], [-152.68122492799998, 57.87567642400006], [-152.73254889399996, 57.81625642000006], [-152.79023191499996, 57.85805940800003], [-152.84138189799998, 57.83022240200006], [-152.85473886599996, 57.77027240400008], [-152.90433285399996, 57.75082639800007], [-152.90981188599997, 57.81040639300005], [-152.82331993199998, 57.89092940100005], [-152.75199895699998, 57.93346740900006], [-152.72254498699996, 57.98736540900006], [-152.85280597599996, 57.974584390000075], [-153.02444596099997, 57.956955365000056], [-153.09928895799996, 57.957009354000036], [-153.21732696899997, 57.983660334000035], [-153.27655697499998, 57.99844832400004], [-153.23324994499998, 57.94099433500003], [-153.08943990899996, 57.86523436200008], [-153.23697291799996, 57.89181933800006], [-153.45266594899996, 57.96351029900006], [-153.51336794999997, 57.968752290000054], [-153.51204491799996, 57.90915729400007], [-153.46203190399996, 57.88058930400007], [-153.39583389499998, 57.858773316000054], [-153.32815789299997, 57.849852327000065], [-153.40673687899996, 57.82866431600007], [-153.47947788299996, 57.84202130400007], [-153.46991284299997, 57.766537311000036], [-153.51522581499998, 57.71650630800008], [-153.55110883799998, 57.76311129900006], [-153.57138287399997, 57.83210229100007], [-153.64881889699998, 57.880104276000054], [-153.72119689999997, 57.89061626400007], [-153.82340588199997, 57.86501425000006], [-153.93524084999996, 57.81304823700003], [-153.93298479199996, 57.70377924500008], [-153.86290679699997, 57.70694425600004], [-153.79799179399998, 57.69650926700007], [-153.67674178399997, 57.669664287000046], [-153.74919876899997, 57.64622527800003], [-153.85856576699996, 57.65113926100008], [-153.81315673599997, 57.58858227200005], [-153.86911671499996, 57.55184526600004], [-153.88891168999996, 57.504683267000075], [-153.93911970499997, 57.538272257000074], [-153.98486773799996, 57.60459624500004], [-153.99459276499996, 57.65690624000007], [-154.05624675999996, 57.65243123100004], [-154.18661775799998, 57.65857921000003], [-154.34426473699997, 57.63090218900004], [-154.41140571699998, 57.59845318100008], [-154.46834869999998, 57.57034017400008], [-154.52208070199998, 57.577787166000064], [-154.59169866799996, 57.51859816000007], [-154.69333062499996, 57.44608615000004], [-154.70766659099996, 57.38068915300005], [-154.77968357999998, 57.36633614300007]]], [[[-154.80613411599998, 56.43418321000007], [-154.76504110199997, 56.40136221900008], [-154.70414911599997, 56.424231226000074], [-154.63360614199996, 56.47181823300008], [-154.57172115499998, 56.49416624000003], [-154.43681417999997, 56.534557257000074], [-154.39131419299997, 56.557932262000065], [-154.44998521199997, 56.600362250000046], [-154.51409821099998, 56.60406024100007], [-154.70616016199997, 56.52127421900008], [-154.80613411599998, 56.43418321000007]]], [[[-155.74906978699997, 55.82565712000007], [-155.72813076599996, 55.77902012700008], [-155.59102176499997, 55.76172614800004], [-155.56442378799997, 55.80947714800004], [-155.56347182299996, 55.88561914200005], [-155.63771082399998, 55.894186131000026], [-155.69291479699996, 55.841837127000076], [-155.74906978699997, 55.82565712000007]]], [[[-156.05723448699996, 19.74253948000006], [-156.03609348899997, 19.690255482000055], [-155.99774249099997, 19.64281948400003], [-155.97098349299998, 19.586331486000063], [-155.95367749499997, 19.510006489000034], [-155.92518049699996, 19.46808449100007], [-155.90910149899997, 19.415458493000074], [-155.88871550099998, 19.348034496000025], [-155.89544950199996, 19.274642499000038], [-155.90335350399997, 19.217795502000058], [-155.91730650499997, 19.155966505000038], [-155.90836950699997, 19.081141509000076], [-155.88156450899996, 19.036647510000023], [-155.80612351099998, 19.013970509000046], [-155.76361251299997, 18.98184051000004], [-155.69313151599997, 18.94054551000005], [-155.63806851699997, 18.941726509000034], [-155.59653551699998, 18.980657506000057], [-155.57661351599998, 19.027415503000043], [-155.55783151499998, 19.082133500000054], [-155.51966651499998, 19.117028498000025], [-155.46567751599997, 19.14696749500007], [-155.42710751599998, 19.179549493000025], [-155.37865251699998, 19.202438491000066], [-155.31338451699997, 19.25070148700007], [-155.26463351699996, 19.274216485000068], [-155.20590651899997, 19.260910484000078], [-155.13371451999998, 19.276102482000056], [-155.06174352099998, 19.31663947900006], [-154.98087552099997, 19.34929447600007], [-154.92878652099998, 19.39764947200007], [-154.88783152099998, 19.426428470000076], [-154.83855952199997, 19.46364546800004], [-154.80939352099998, 19.519089465000036], [-154.85263251899997, 19.54917546400003], [-154.90355651799996, 19.570625465000035], [-154.94712051599998, 19.60485946400007], [-154.98379251399996, 19.641650463000076], [-154.98718251299996, 19.708527460000028], [-155.04539651099998, 19.739827460000072], [-155.09353150899997, 19.771835460000034], [-155.08899350799996, 19.826659457000062], [-155.12176450599998, 19.88610245500007], [-155.17995350399997, 19.949375454000062], [-155.24094750199998, 19.99017645300006], [-155.28264349999998, 20.021972452000057], [-155.33022449899997, 20.038520453000046], [-155.38759249699996, 20.067122452000035], [-155.44397149499997, 20.095321452000064], [-155.50257549299997, 20.114158452000027], [-155.55894749099997, 20.131573452000055], [-155.62457948999997, 20.145914453000046], [-155.73271848599998, 20.20539545200006], [-155.77274848399998, 20.24541245100005], [-155.85330748099997, 20.27155145100005], [-155.90146648099997, 20.23579045300005], [-155.89916348299997, 20.145731458000057], [-155.86694548499997, 20.07865546000005], [-155.82819648699996, 20.03542746200003], [-155.83196248799996, 19.982778464000035], [-155.89254748699997, 19.93216546800005], [-155.91567648799997, 19.887129470000048], [-155.96483148699997, 19.85518647300006], [-156.00628148699997, 19.81758347600004], [-156.04966548599998, 19.78045547800002], [-156.05723448699996, 19.74253948000006]]], [[[-156.69990444699997, 20.920632431000058], [-156.67864844799996, 20.870544433000077], [-156.63180844999997, 20.821243435000042], [-156.53776645399998, 20.778411436000056], [-156.48951045499996, 20.798342434000062], [-156.46225645599998, 20.75395543600007], [-156.44867045799998, 20.70474243900003], [-156.44590845899998, 20.649273441000048], [-156.43188645999996, 20.598146444000065], [-156.37764746199997, 20.57843044400005], [-156.32295846299996, 20.58827644300004], [-156.26593546399997, 20.60163244100005], [-156.21027246599996, 20.628521439000053], [-156.15678646699996, 20.629642438000076], [-156.08937946799998, 20.648522436000064], [-156.04035546899996, 20.672722434000036], [-155.98723046999996, 20.722720431000027], [-155.98795846899998, 20.77655542800005], [-156.03330146699997, 20.808249427000078], [-156.09030546499997, 20.831875427000057], [-156.13268346399997, 20.86137242600006], [-156.21635546099998, 20.907038425000053], [-156.26312145899996, 20.94089142400003], [-156.32459245699997, 20.950187424000035], [-156.37431145599996, 20.927619426000035], [-156.42268245499997, 20.911634427000024], [-156.47481045399996, 20.89454942900005], [-156.50792745199996, 20.937889427000073], [-156.54630544999998, 21.00508542400007], [-156.59227044799997, 21.032883423000044], [-156.64282344699998, 21.02758642400005], [-156.68091944599996, 20.980265427000063], [-156.69990444699997, 20.920632431000058]]], [[[-156.70227945299996, 20.532454452000025], [-156.64747845499997, 20.51202045200006], [-156.58625245699997, 20.511714451000046], [-156.54020345799998, 20.534744449000073], [-156.55361845599998, 20.594732446000023], [-156.61074845499996, 20.593773447000046], [-156.68011445299996, 20.55702445000003], [-156.70227945299996, 20.532454452000025]]], [[[-156.75076082999996, 56.03711695800007], [-156.68183381499998, 55.99433797100005], [-156.63406084199997, 56.04800397400004], [-156.68302286299996, 56.09881096200007], [-156.73364784999998, 56.07759395700003], [-156.75076082999996, 56.03711695800007]]], [[[-156.80419690199997, 56.19664693700008], [-156.77183588199998, 56.15000994500008], [-156.76669591199996, 56.21325194100007], [-156.80419690199997, 56.19664693700008]]], [[[-157.06252543599996, 20.904388437000023], [-157.01092543799996, 20.854479439000045], [-156.99401543999997, 20.78667444200005], [-156.96790444099997, 20.735083445000043], [-156.90909544299998, 20.739536444000066], [-156.85149544499998, 20.760072442000023], [-156.80947744499997, 20.809172438000076], [-156.83706144299998, 20.86357843600007], [-156.89718344099998, 20.915398434000053], [-156.97161843799998, 20.926257434000036], [-157.02564043599997, 20.929531435000058], [-157.06252543599996, 20.904388437000023]]], [[[-157.31076242399996, 21.101630429000068], [-157.25254842699997, 21.087673429000063], [-157.14907842999997, 21.09154142700004], [-157.09559743199998, 21.103587426000047], [-157.03205943399996, 21.091097426000033], [-156.87715143899996, 21.04930342600005], [-156.80221444099996, 21.06709842400005], [-156.73935644299996, 21.111339421000025], [-156.70912044299996, 21.158658418000073], [-156.77150944099998, 21.18005641800005], [-156.82195843899999, 21.174696419000043], [-156.89655143699997, 21.172211420000053], [-156.95082243499996, 21.182639420000044], [-157.04000143199997, 21.190912420000075], [-157.09798542999997, 21.198015421000036], [-157.14813942799998, 21.20074842100007], [-157.20213942599997, 21.21930142100007], [-157.25709942399996, 21.22727142100007], [-157.25673442499996, 21.17107042400005], [-157.29876742499997, 21.120755428000052], [-157.31076242399996, 21.101630429000068]]], [[[-157.32613003299997, 56.54037583200005], [-157.16879703799998, 56.53021085600005], [-157.12141305099996, 56.55196386100005], [-157.05340405499996, 56.55042587100007], [-157.00342905099998, 56.53563987900003], [-157.07740306699998, 56.57903586500004], [-157.14665606499997, 56.58365185400004], [-157.25011805799997, 56.58214283900003], [-157.32613003299997, 56.54037583200005]]], [[[-157.90102790499998, 56.348119764000046], [-157.82678789199997, 56.31099977800005], [-157.80775291599997, 56.357637777000036], [-157.90102790499998, 56.348119764000046]]], [[[-158.27769338299998, 21.57879241100005], [-158.23432838499997, 21.540061413000046], [-158.23301438599998, 21.48760341700006], [-158.19236638799998, 21.448043419000044], [-158.16175738999996, 21.396285422000062], [-158.12111439299997, 21.316903426000067], [-157.98153939799997, 21.31590142400006], [-157.89001440099997, 21.306503424000027], [-157.83191440399997, 21.27950342500003], [-157.77995840599996, 21.265255425000078], [-157.73218340699998, 21.28201742400006], [-157.65104640999996, 21.298819422000065], [-157.69381440799998, 21.332903420000036], [-157.70891440699998, 21.383303417000036], [-157.74077640499996, 21.424051415000065], [-157.80591440299997, 21.430103415000076], [-157.84550440099997, 21.466750414000046], [-157.83695939999998, 21.52994841000003], [-157.87861539799997, 21.560184408000055], [-157.90058839699998, 21.605888406000076], [-157.92460539599998, 21.651186403000054], [-157.96864239299998, 21.712707400000056], [-158.01814139199996, 21.69995840100006], [-158.06391438999998, 21.65840340400007], [-158.10819938899996, 21.607490408000047], [-158.17001438699998, 21.582303410000065], [-158.25443938399997, 21.58268741100005], [-158.27769338299998, 21.57879241100005]]], [[[-158.89778359499996, 55.82630366600006], [-158.84067659099998, 55.80821967600008], [-158.80546061599998, 55.85771267700005], [-158.75882260999998, 55.83677368500008], [-158.70171561199996, 55.832014694000065], [-158.75025662799996, 55.87579668300003], [-158.80070163199997, 55.89102567400005], [-158.86922962199998, 55.88055566500003], [-158.89778359499996, 55.82630366600006]]], [[[-159.14524759999998, 55.87674862600005], [-159.08623658599998, 55.83486963800004], [-159.14524759999998, 55.87674862600005]]], [[[-159.32075115899997, 54.89726969000003], [-159.27237314899998, 54.86420470000007], [-159.21264616699997, 54.89606670500007], [-159.27871518399996, 54.94851469100007], [-159.31354716199996, 54.90338869000004], [-159.32075115899997, 54.89726969000003]]], [[[-159.38414552499998, 55.74920960400004], [-159.30895453099998, 55.75016061400004], [-159.32132755999996, 55.815834607000056], [-159.38414552499998, 55.74920960400004]]], [[[-159.45957017099997, 54.948652666000044], [-159.33178919099998, 54.97459868100003], [-159.33848922099997, 55.046683674000064], [-159.44849222099998, 55.06434365700005], [-159.41800620499998, 55.02201366500003], [-159.45127018299996, 54.97528566400007], [-159.45957017099997, 54.948652666000044]]], [[[-159.60240510399998, 54.814026658000046], [-159.59764607999998, 54.75596866400008], [-159.54339508299998, 54.75406467200003], [-159.56814111099996, 54.82544866200004], [-159.60240510399998, 54.814026658000046]]], [[[-159.66224225799996, 55.190072615000076], [-159.65487422999996, 55.122309622000046], [-159.64908119899997, 55.049532630000044], [-159.59784320199998, 55.04700063700005], [-159.53548421199997, 55.05873564500007], [-159.48421921499997, 55.05769565200006], [-159.53364922299997, 55.08398764300006], [-159.50938024399997, 55.130206642000076], [-159.53347626599998, 55.18476163400004], [-159.50321528999996, 55.234993634000034], [-159.58190727499996, 55.214351624000074], [-159.66224225799996, 55.190072615000076]]], [[[-159.78795731299996, 22.030105395000078], [-159.75480931499996, 21.977775399000052], [-159.66872931999998, 21.953588400000058], [-159.61275332299996, 21.900994403000027], [-159.55580132599997, 21.888360403000036], [-159.47535632899996, 21.882125403000032], [-159.42250233199997, 21.881845403000057], [-159.37989833299997, 21.921177399000044], [-159.33769433499998, 21.95117639700004], [-159.33560033399996, 22.009549393000043], [-159.31829433499996, 22.061420389000034], [-159.29302733499998, 22.122963385000048], [-159.31261833399998, 22.172903381000026], [-159.34978233199996, 22.21500837900004], [-159.40248032899999, 22.23260637800007], [-159.46084432699996, 22.224354379000033], [-159.51077032499998, 22.203551381000068], [-159.55901932199998, 22.226655380000068], [-159.61166431999996, 22.201391382000054], [-159.67643331699998, 22.167457385000034], [-159.73055831499997, 22.13995638700004], [-159.78376031299996, 22.064900393000073], [-159.78795731299996, 22.030105395000078]]], [[[-159.81846008999997, 54.820689627000036], [-159.77467808199998, 54.794039636000036], [-159.70329409699997, 54.81688264400003], [-159.76896709599998, 54.82640063400004], [-159.81846008999997, 54.820689627000036]]], [[[-159.84715718699997, 55.05565760200005], [-159.81150517299997, 55.016294610000045], [-159.75279819899998, 55.066139614000065], [-159.70763922499998, 55.12095061500003], [-159.81697220299998, 55.08845360300006], [-159.84715718699997, 55.05565760200005]]], [[[-160.11273628499998, 55.333515539000075], [-160.04640627899997, 55.30710755000007], [-160.08704029199998, 55.34303354100007], [-160.11273628499998, 55.333515539000075]]], [[[-160.24495729299997, 21.84894641300008], [-160.23479429399998, 21.795421417000057], [-160.18979629599997, 21.82245341400005], [-160.16163429699998, 21.864749411000048], [-160.09891129999997, 21.884714409000026], [-160.07840729999998, 21.955156403000046], [-160.11276029799998, 21.995248401000026], [-160.13706429699997, 21.948635404000072], [-160.19017229499997, 21.92359540700005], [-160.22897929299998, 21.889120410000032], [-160.24495729299997, 21.84894641300008]]], [[[-160.25083310199997, 54.92981655700004], [-160.22698607599997, 54.864075566000054], [-160.18165509599996, 54.90299256900005], [-160.11579413599998, 54.98507857100003], [-160.05211214999997, 55.00577757800005], [-159.95114618399998, 55.06664258600006], [-159.90662820699998, 55.11254458800005], [-159.85546320499998, 55.10075859600005], [-159.82372922599998, 55.14413059700007], [-159.88501622199996, 55.14559858800004], [-159.89534525299996, 55.21787258000006], [-159.84464126799998, 55.243828585000074], [-159.87970928499996, 55.29018357500007], [-159.93125925099997, 55.22006057500005], [-159.98351822999996, 55.18037957100006], [-160.05296023399998, 55.20303555900006], [-160.01791921699999, 55.15613056800004], [-160.05566119499997, 55.11158056700003], [-160.10988321099998, 55.16077755500004], [-160.18728018699997, 55.11837654800007], [-160.17438515999996, 55.052577556000074], [-160.09430716699998, 55.05299656700004], [-160.13218714699997, 55.01374356600007], [-160.17762612999996, 54.98144656200003], [-160.22343010799997, 54.93912456000004], [-160.25083310199997, 54.92981655700004]]], [[[-160.31738392399998, 58.69431419400007], [-160.27531489599997, 58.636345206000044], [-160.26506393199998, 58.69924320200005], [-160.31738392399998, 58.69431419400007]]], [[[-160.34762830699998, 55.42618749700006], [-160.30894029599997, 55.39317450500005], [-160.20362930299999, 55.391739520000044], [-160.15405730099997, 55.37751852900004], [-160.13705133499997, 55.45070952400005], [-160.21179933099998, 55.455862513000056], [-160.32325631699996, 55.444633499000076], [-160.34762830699998, 55.42618749700006]]], [[[-160.43717490799997, 58.68418617700007], [-160.38916392199997, 58.700859183000034], [-160.40675194699998, 58.74996817500005], [-160.43717490799997, 58.68418617700007]]], [[[-160.85664021799997, 55.31848843500006], [-160.84193616999997, 55.20444044800007], [-160.80748715199996, 55.155579458000034], [-160.75660617299997, 55.19514346100004], [-160.69031218599997, 55.210474469000076], [-160.65559616699997, 55.16026147900004], [-160.52524516499997, 55.129871500000036], [-160.48653018999997, 55.18195150000008], [-160.52763621899996, 55.25637448800006], [-160.58068723599996, 55.30719647500007], [-160.53496225599997, 55.34353747800003], [-160.48155523799997, 55.29177949100006], [-160.39044024299997, 55.28657650400004], [-160.34123623199997, 55.25179951400003], [-160.30656925699998, 55.30327551400006], [-160.32648227699997, 55.35318950700008], [-160.40336926799998, 55.34629949600003], [-160.51897426499997, 55.36155247900007], [-160.56740327299997, 55.39007846900006], [-160.61427525099998, 55.34801946700003], [-160.64925326599996, 55.38878045800004], [-160.71031726699997, 55.40307544800004], [-160.77781925499997, 55.38863944000008], [-160.84027022899997, 55.33977743600008], [-160.85664021799997, 55.31848843500006]]], [[[-161.08421679699998, 58.58989108800006], [-160.96143678799996, 58.55372311000008], [-160.88053581099996, 58.58132512000003], [-160.68446795899996, 58.81546412700004], [-160.84341590899996, 58.75169410900003], [-160.91860689899997, 58.74693509800005], [-161.05661586099998, 58.70220208200004], [-161.07850682199998, 58.63557708500008], [-161.08421679699998, 58.58989108800006]]], [[[-161.42602412499997, 55.21656336600006], [-161.34417110799998, 55.158504383000036], [-161.32989413499996, 55.21941837900005], [-161.39937413099997, 55.224177369000074], [-161.42602412499997, 55.21656336600006]]], [[[-161.69347610199998, 55.21751532800005], [-161.62970609899997, 55.196576339000046], [-161.56022610899998, 55.207045348000065], [-161.52786513099997, 55.25082734800003], [-161.61733311899997, 55.24130933600003], [-161.68490910899996, 55.232743328000026], [-161.69347610199998, 55.21751532800005]]], [[[-161.90362903999997, 55.11694730900007], [-161.83927104699998, 55.11811431800004], [-161.79162503399996, 55.077307328000074], [-161.73794102899998, 55.05405433800007], [-161.69036504299999, 55.07850034200004], [-161.59832205299998, 55.08134135500006], [-161.55037604999998, 55.06573436300005], [-161.60865306699998, 55.11690635000008], [-161.66363706699997, 55.13026034100005], [-161.71863307299998, 55.154166331000056], [-161.82785907299998, 55.17847331300004], [-161.88895505999997, 55.160724307000066], [-161.90362903999997, 55.11694730900007]]], [[[-162.43549191199997, 54.92924925400007], [-162.41738889199996, 54.877491262000035], [-162.34933388199997, 54.83604927500005], [-162.27533489299998, 54.84556528500008], [-162.23682491099999, 54.881630286000075], [-162.23569394499998, 54.96260127800008], [-162.32682994599998, 54.98533026300004], [-162.43549191199997, 54.92924925400007]]], [[[-162.68265299799998, 63.584065347000035], [-162.61497297099996, 63.54060036200008], [-162.56203097399998, 63.537104371000055], [-162.47005299399999, 63.54749938500004], [-162.416826, 63.54738839400005], [-162.34520301299997, 63.551784405000035], [-162.37426706999997, 63.626424393000036], [-162.42422907299996, 63.63621438400003], [-162.49819905199996, 63.62206837300005], [-162.55825805499998, 63.63430736200007], [-162.61464503799996, 63.62183135400005], [-162.68265299799998, 63.584065347000035]]], [[[-162.83489767899997, 54.45048224800007], [-162.78379665399999, 54.376208262000034], [-162.71986066999997, 54.400981269000056], [-162.60862666799997, 54.36914728700003], [-162.54682967699998, 54.377038295000034], [-162.49049967099998, 54.34906530500007], [-162.43107968499996, 54.37108531100006], [-162.36143969899996, 54.39018831800007], [-162.42513770299996, 54.41439930700005], [-162.51854569399998, 54.41439929500007], [-162.58533370199999, 54.44799528200008], [-162.63667270099998, 54.45725327400004], [-162.79972069899998, 54.491780249000044], [-162.83489767899997, 54.45048224800007]]], [[[-163.17009105199998, 55.42878210100008], [-163.12422704399998, 55.398694111000054], [-163.17009105199998, 55.42878210100008]]], [[[-164.86520737499998, 54.206962], [-164.81767137099996, 54.18214100900008], [-164.76443138699997, 54.20981201300003], [-164.82420138699996, 54.22552700300008], [-164.86520737499998, 54.206962]]], [[[-165.22088929499998, 54.10157396400007], [-165.04434030099998, 54.06662899100007], [-164.96059931399998, 54.07602600200005], [-164.92148233199998, 54.11108300300003], [-164.97621733499997, 54.134594993000064], [-165.05017332199998, 54.12170798500006], [-165.14099631599998, 54.13107897200007], [-165.19876430399998, 54.11647396500007], [-165.22088929499998, 54.10157396400007]]], [[[-165.48339125599998, 54.07503593200005], [-165.36578626799997, 54.07331694800007], [-165.31668026499997, 54.04993195700007], [-165.245848275, 54.056109966000065], [-165.32228628099998, 54.09463395100005], [-165.43899026399998, 54.08413593700004], [-165.48339125599998, 54.07503593200005]]], [[[-165.57503823299996, 54.04155892400007], [-165.50801223599998, 54.03067093400006], [-165.57503823299996, 54.04155892400007]]], [[[-165.68413230099998, 54.249906886000076], [-165.62562730099998, 54.23375589600005], [-165.62974326099996, 54.132557906000045], [-165.57566325799996, 54.10861791600007], [-165.48133529699996, 54.17996192100003], [-165.42237430399996, 54.18279892800007], [-165.47883430999997, 54.21330991700006], [-165.55326931099998, 54.23960090500003], [-165.51371832899997, 54.27408590600004], [-165.58652732499996, 54.28436089500008], [-165.63640132499998, 54.29756688700007], [-165.67546530699997, 54.26463888600006], [-165.68413230099998, 54.249906886000076]]], [[[-166.10142021199997, 54.14414784300004], [-166.04645617999998, 54.044185861000074], [-165.98443319399996, 54.061721867000074], [-165.93026020199997, 54.06655387400008], [-165.87514719699996, 54.03641988500004], [-165.81076521899996, 54.07476388900005], [-165.67149524299998, 54.096234905000074], [-165.73262025599996, 54.148120891000076], [-165.79054125799996, 54.171757881000076], [-165.86353624799997, 54.16616187200003], [-165.87309426599998, 54.21645486500006], [-165.94464825899996, 54.22085485500003], [-166.00248324999998, 54.21362884800004], [-166.08204622599996, 54.17518384200008], [-166.10142021199997, 54.14414784300004]]], [[[-166.19712913999996, 53.98479884800008], [-166.15239513399996, 53.95529385700007], [-166.07530114799997, 53.969570866000026], [-166.17238314799997, 53.99812385000007], [-166.19712913999996, 53.98479884800008]]], [[[-167.44287997299998, 60.20934696200004], [-167.40176195899997, 60.17644397200007], [-167.34352993699997, 60.126285987000074], [-167.33330990299999, 60.06662499500004], [-167.26652190899998, 60.06033800600005], [-167.17085589399997, 60.01279602500006], [-167.10109688999998, 59.988077039000075], [-167.02491989899997, 59.98486705000005], [-166.86115889699997, 59.943169080000075], [-166.77226688499996, 59.902729097000076], [-166.71534288399997, 59.88788610800003], [-166.66554888599998, 59.87816711600004], [-166.61397187499998, 59.848334127000044], [-166.53387388599998, 59.84833413900003], [-166.44379390099996, 59.85322815200004], [-166.36215090399998, 59.83860316600004], [-166.27218889999997, 59.811454182000034], [-166.20872788699998, 59.77462219600005], [-166.15406187899998, 59.74828920700003], [-166.09737489199998, 59.757029215000045], [-166.12518392099997, 59.81229020400008], [-166.02607096299997, 59.86149321400006], [-165.93028598499998, 59.87724222600008], [-165.86112198499998, 59.86101623900004], [-165.76985301999997, 59.90049424800003], [-165.70663001799997, 59.88356325900003], [-165.62653203999997, 59.90120926900005], [-165.56639906299998, 59.92801727600005], [-165.55190009599997, 59.97871427200005], [-165.62653208099997, 59.96979426200005], [-165.63390010999998, 60.01959625500007], [-165.68072312399997, 60.05390324500007], [-165.66670016799998, 60.12430323900003], [-165.72350518499996, 60.163823226000034], [-165.68357521099998, 60.19833422800008], [-165.72255422899997, 60.23646721800003], [-165.67858425599997, 60.27069522100004], [-165.71922727499998, 60.30998021100004], [-165.77686427799998, 60.32689820000007], [-165.82939127299997, 60.33089919200006], [-165.88310727399997, 60.343367182000065], [-165.95488624999996, 60.32089717400004], [-166.08097523399996, 60.32275015500005], [-166.11924226799997, 60.38635214200008], [-166.14978429499996, 60.43669913200006], [-166.20373725899998, 60.390228129000036], [-166.28514224299997, 60.38230011700006], [-166.37189521399998, 60.35515510700003], [-166.43868321799997, 60.376250095000046], [-166.49037921899998, 60.38946508500004], [-166.57986518199996, 60.34974607600003], [-166.66459815599998, 60.32686906600003], [-166.73768513699997, 60.31215805700003], [-166.81279110899996, 60.283717049000074], [-166.81992207099998, 60.22357405400004], [-166.87126105799996, 60.21330304800006], [-166.95124005199997, 60.222334035000074], [-167.03371503499997, 60.213716023000075], [-167.11286203399996, 60.23148100900005], [-167.20329902199998, 60.23336899600008], [-167.31762300499997, 60.23153997900005], [-167.39671197999996, 60.21008196900004], [-167.44287997299998, 60.20934696200004]]], [[[-167.85235069299998, 53.315598711000064], [-167.79900168799998, 53.284756722000054], [-167.64419669599997, 53.25084174500006], [-167.58919771599997, 53.28869774800006], [-167.53090171799997, 53.27565875700003], [-167.44282174599996, 53.32101476300005], [-167.387001759, 53.34067076800005], [-167.30814376699996, 53.33432977900003], [-167.20144980299997, 53.39789978500005], [-167.13415182099996, 53.426447790000054], [-167.07540382799996, 53.42497879800004], [-166.99434683899997, 53.429200808000076], [-166.92269185199999, 53.44113581600004], [-166.86313685999997, 53.44387782300004], [-166.80823886399997, 53.434714831000065], [-166.74917587299998, 53.44094383800007], [-166.77267288999997, 53.49637082900006], [-166.71249289799997, 53.49844483600003], [-166.66229389899996, 53.48534884400004], [-166.63960492399997, 53.54508584000007], [-166.58102892499997, 53.53044885000003], [-166.56592494599997, 53.583093846000054], [-166.50899995299997, 53.58379985300007], [-166.55400096299996, 53.623447843000065], [-166.46760098099998, 53.64657385100003], [-166.28328501699997, 53.68421887100004], [-166.199078043, 53.72732787700005], [-166.11133507099998, 53.77685588300005], [-166.09416509699997, 53.839199878000045], [-166.19876908299997, 53.83609986500005], [-166.30321905499997, 53.79153785600005], [-166.42048902999997, 53.762087844000064], [-166.46913001399997, 53.73593484100007], [-166.54054899799996, 53.715925834000075], [-166.43486404099997, 53.798011838000036], [-166.38921405999997, 53.83234284000008], [-166.32002208199998, 53.86952684500005], [-166.25095309299996, 53.876850853000064], [-166.21122511099998, 53.91233385400005], [-166.26453712899996, 53.97754984000005], [-166.31991311599998, 53.96012583500004], [-166.35463212699997, 53.99903882600006], [-166.43710109999998, 53.955643820000034], [-166.48786507199998, 53.89544782000007], [-166.53597707399996, 53.91799981100007], [-166.57510805499996, 53.87923581000007], [-166.64048405999998, 53.912518798000065], [-166.60545607999998, 53.95535379800003], [-166.63695409799996, 54.011999787000036], [-166.72893608399997, 54.00311077600003], [-166.81865306899996, 53.99319776500005], [-166.87950605999998, 53.98871575800007], [-166.93047004899998, 53.97609075300005], [-167.03127002499997, 53.945203743000036], [-167.14100998199999, 53.86677373800006], [-167.07587695999996, 53.786271756000076], [-167.02499895599996, 53.75724076600005], [-166.97565296799996, 53.77525377000006], [-166.85650897199997, 53.747300789000064], [-166.78733597599998, 53.73457679900008], [-166.83248196099998, 53.70799379700003], [-166.83274294199998, 53.65737580200005], [-166.89499395699997, 53.71774578700007], [-166.99929994399997, 53.71851977400007], [-167.05771292999998, 53.69886376800008], [-167.03002891699998, 53.65355877700006], [-167.07009989899998, 53.61985677600006], [-167.14044789399998, 53.626967766000064], [-167.13571286599998, 53.55122677500003], [-167.18805084999997, 53.52407277200007], [-167.19381882899998, 53.46700677800004], [-167.26791982399996, 53.47811476700008], [-167.30653480599997, 53.441474766000056], [-167.35564179299996, 53.424497762000044], [-167.45738378799996, 53.442792747000055], [-167.622106746, 53.38532873200006], [-167.69450173799999, 53.388033723000035], [-167.79094570699996, 53.33551971700007], [-167.85235069299998, 53.315598711000064]]], [[[-168.09773338399998, 64.96902332100007], [-168.04919240499999, 64.98234832700007], [-168.09773338399998, 64.96902332100007]]], [[[-168.12895501499997, 65.65574223900006], [-168.10002797799999, 65.61097024900005], [-168.04764494699998, 65.56914726200006], [-167.99720294699998, 65.55934427100004], [-167.90962395399998, 65.55087428600007], [-167.85125895299998, 65.53817929700006], [-167.71091294, 65.49852232400008], [-167.62139592499997, 65.46658734300007], [-167.57466391299997, 65.44497735300007], [-167.47404889999999, 65.41274237200008], [-167.39848290099997, 65.40025738600008], [-167.17048992999997, 65.38926742500007], [-167.10188493999996, 65.38773543600007], [-167.02680694799997, 65.38196544900006], [-166.89970594899998, 65.36064047200006], [-166.79602594399998, 65.33718249100008], [-166.67974195399998, 65.32685451200007], [-166.62601196099996, 65.32511952100003], [-166.57275998199998, 65.33815352800008], [-166.51866498899997, 65.33582253700007], [-166.43942898599997, 65.31905655200006], [-166.37774597599997, 65.29798156400005], [-166.45173590699997, 65.23617655900006], [-166.46000885599997, 65.18328256300003], [-166.50959081999997, 65.15271755800006], [-166.60609478899997, 65.13599054400004], [-166.67034475399998, 65.10971853700005], [-166.75557874099997, 65.11058352300006], [-166.81681473699996, 65.11708751200007], [-166.87269074599996, 65.13692650100006], [-166.82093469899996, 65.07705151600004], [-166.73281869199997, 65.05349653300004], [-166.68878666699996, 65.01802754400006], [-166.63686762999998, 64.96811155800003], [-166.58609062699998, 64.95571056700004], [-166.53054261899996, 64.93711257800004], [-166.43227058599996, 64.88315860000006], [-166.40732754599998, 64.83427661000007], [-166.479002502, 64.79703460200005], [-166.48382544399996, 64.73341760800008], [-166.41395038199997, 64.65122762800007], [-166.23696335099999, 64.58355666400007], [-165.91972836999997, 64.54865872000005], [-165.81961937799997, 64.54016973700004], [-165.75111738499996, 64.53643574800003], [-165.55059739399996, 64.51223378400005], [-165.41346740199998, 64.49793780700003], [-165.21420640699998, 64.46972484300005], [-165.01654340499996, 64.43439087900003], [-164.87444543199996, 64.44119390100008], [-164.80777144899997, 64.44943091100004], [-164.54832254499996, 64.51673694700008], [-164.49135156499997, 64.52982295500004], [-164.42189558799998, 64.54525496400004], [-164.30729761899997, 64.56148698200008], [-164.14708364399996, 64.56455100800008], [-164.07202165199996, 64.56127902000003], [-163.99455665399998, 64.55174103400003], [-163.89620467899996, 64.56448204900005], [-163.82976369699998, 64.57496405900008], [-163.65196771399997, 64.56729808900008], [-163.59785871799997, 64.56335509800005], [-163.45150671199997, 64.53481912500007], [-163.35095069999997, 64.50585814500005], [-163.25305168099996, 64.46950016400007], [-163.17536062899998, 64.39933318400006], [-163.11947463999996, 64.40380719300003], [-163.02718271799998, 64.47794420100007], [-163.11974773399996, 64.51023218200004], [-163.17875875599998, 64.54354516900008], [-163.25490075099998, 64.54925615600007], [-163.30915276399998, 64.57114714500005], [-163.21778182999998, 64.63206115400004], [-163.14259081999998, 64.60921816900003], [-163.06073681199996, 64.58827918400004], [-163.04264277099998, 64.54004519200004], [-162.96927478699996, 64.54686920300003], [-162.857586759, 64.49977922700003], [-162.83656470599996, 64.43670123600003], [-162.80229067399998, 64.39532624600008], [-162.80540962099997, 64.33602225200008], [-162.71924265299998, 64.35997026300004], [-162.66770467299997, 64.37535527000006], [-162.60304474599997, 64.44866527400006], [-162.54002082699998, 64.53093027600005], [-162.34233290699999, 64.59223930300004], [-162.29059592499996, 64.60549531000004], [-162.23450194399996, 64.61933531800008], [-162.18817099799998, 64.67239432000008], [-162.13885701599997, 64.68593332700004], [-161.93930405299997, 64.69911835900007], [-161.87838806999997, 64.70947536800003], [-161.66728616799998, 64.78898039600006], [-161.59553115399999, 64.76447741000004], [-161.51823615199996, 64.75324942400005], [-161.42988516799997, 64.75902643800003], [-161.37701018699997, 64.77303544600005], [-161.32787324499998, 64.82983544900003], [-161.26430828199997, 64.86196945600005], [-161.21378130799997, 64.88332346300007], [-161.17603435299998, 64.92716046500004], [-161.13308733099998, 64.89821847500008], [-161.07974331099996, 64.86954848600004], [-160.98644228799998, 64.83398350500005], [-160.93599928299997, 64.82236951500005], [-160.86959625499998, 64.78379653000007], [-160.78342320399997, 64.71715955000008], [-160.79163911699996, 64.62305455800004], [-160.94051803399998, 64.54999954000004], [-160.99291901999996, 64.54129453200005], [-161.04917301399996, 64.54095152300005], [-161.01511998299998, 64.50212353200004], [-161.07805596799997, 64.49409352200007], [-161.15554295999996, 64.49468650900008], [-161.23411695599998, 64.50036449600003], [-161.32136795799997, 64.51386448000005], [-161.37359697099998, 64.53502746900006], [-161.46907093499996, 64.50657445600007], [-161.50492785599997, 64.42307345800003], [-161.41040686599996, 64.42210647400003], [-161.31369285799997, 64.40087349200007], [-161.26354386199998, 64.39816550100005], [-160.97606275099997, 64.23576056400003], [-160.95166562699998, 64.09006658200008], [-160.89247954299998, 63.98594260200008], [-160.85200352099997, 63.954408611000076], [-160.81082248299998, 63.90464562300008], [-160.76631542899997, 63.835188637000044], [-160.76558437599996, 63.773551643000076], [-160.90437726499997, 63.65802363100005], [-161.03607318499996, 63.57956561700007], [-161.10274515199998, 63.54779960900004], [-161.13678211199996, 63.504524607000064], [-161.19118709399996, 63.49007160000008], [-161.31020506599998, 63.471311582000055], [-161.45048703899997, 63.45717756100004], [-161.55310102099997, 63.44921654500007], [-161.67655001999998, 63.46500252300007], [-161.765856, 63.45380250900007], [-161.83992098599998, 63.44731249800003], [-161.93073797399998, 63.44484248300006], [-162.02557596499997, 63.44753846700007], [-162.07318001399997, 63.51376745300007], [-162.12327300699997, 63.51280644500008], [-162.19016901299997, 63.52988543300006], [-162.25243501499997, 63.54175242100007], [-162.27111296899997, 63.48771042300007], [-162.35229793199997, 63.45406841400006], [-162.42155388699996, 63.40901340700003], [-162.57171876899997, 63.285555395000074], [-162.66263771399997, 63.22990538500005], [-162.72410369399998, 63.21461437700003], [-162.82114567499997, 63.205595362000054], [-162.84458263199997, 63.154190363000055], [-162.90166660199998, 63.12559635700006], [-162.99832556199996, 63.089285345000064], [-163.04052353499998, 63.06215034100006], [-163.13087651399997, 63.04938632800008], [-163.31622648199996, 63.037762299000065], [-163.36500248999997, 63.05580428900004], [-163.41770650499998, 63.083873278000056], [-163.47481750999998, 63.09905226700005], [-163.52082952299997, 63.123279257000036], [-163.59014553199998, 63.14609024400005], [-163.65031753299996, 63.157563233000076], [-163.70400354999998, 63.188106221000055], [-163.75530656699996, 63.21746021000007], [-163.88508255399998, 63.22230718900005], [-163.97028956299997, 63.248290172000054], [-164.03658856499996, 63.261203160000036], [-164.14011954899996, 63.25933514400003], [-164.20949853399998, 63.25147113300005], [-164.36361549299997, 63.22627911100005], [-164.42347247399996, 63.21197610300004], [-164.49314143699996, 63.177669095000056], [-164.63396635599997, 63.09781908100007], [-164.58022434099996, 63.070126093000056], [-164.68523628999998, 63.022190081000076], [-164.76614022899997, 62.95822707500008], [-164.81303018099996, 62.90391807300006], [-164.83634113899998, 62.85216707500007], [-164.87566309799996, 62.80625307300005], [-164.83772601199996, 62.68526609200006], [-164.93676198599996, 62.66894607800003], [-165.00368395599997, 62.64104707100006], [-165.05222491699996, 62.59821606700007], [-165.09617785499998, 62.522451068000066], [-165.19982680199996, 62.46963605800005], [-165.26929276099997, 62.42735105100007], [-165.31198971899997, 62.37881105000008], [-165.37373568099997, 62.33819504400003], [-165.50034460399996, 62.255450033000045], [-165.62076852699997, 62.17261502300005], [-165.67205949599997, 62.139889019000066], [-165.74792043799997, 62.073591014000044], [-165.759826386, 62.00190502000004], [-165.68255832099996, 61.894070044000046], [-165.62931830499997, 61.86135705600003], [-165.69606028599998, 61.84705404700003], [-165.74711226599996, 61.82771904100008], [-165.87100424699997, 61.82601202200004], [-165.95528723999996, 61.832407008000075], [-166.08535621, 61.816496990000076], [-166.00671516099996, 61.72987801100004], [-165.93499015499998, 61.70629802500008], [-165.85681315499997, 61.690733039000065], [-165.80995514999998, 61.67302804800005], [-165.90380512999997, 61.66363103500004], [-165.96791611499998, 61.654431026000054], [-166.03185609699997, 61.64119801700008], [-166.13218407599996, 61.631589003000045], [-166.13304213799998, 61.721916993000036], [-166.18271003899997, 61.58848], [-166.15836701099997, 61.54153600900008], [-166.10829098499997, 61.49247402200007], [-166.07554601699997, 61.532671022000045], [-165.99955703199998, 61.53971903300004], [-165.91251805499996, 61.55619904500003], [-165.86569004799998, 61.53504505500007], [-165.80764905199996, 61.52917006400003], [-165.75433903799998, 61.49870307600003], [-165.791107, 61.44985107500008], [-165.84454698699997, 61.44060006800004], [-165.91863396199997, 61.41908605900005], [-165.87962091099996, 61.335043074000055], [-165.83138689899997, 61.30671808500006], [-165.66291391399997, 61.29456911200003], [-165.62757089399997, 61.25812412100004], [-165.62130285199999, 61.19237313000008], [-165.59070380199998, 61.11116814300004], [-165.41730780399996, 61.07871017300005], [-165.36394883199998, 61.11076417800007], [-165.32557387599996, 61.16930517800006], [-165.24380087499998, 61.15161619200006], [-165.17301588199996, 61.14691820400003], [-165.11980284399996, 61.07863921900008], [-165.05786383899996, 61.05974523100008], [-164.99352485599996, 61.07238823900008], [-164.95112483499997, 61.03101925000004], [-164.99819381699996, 61.01382524500008], [-165.08330380499999, 61.01293223200008], [-165.13395879799998, 61.01124922400004], [-165.19498576899997, 60.97991421800003], [-165.13244873999997, 60.92246323400008], [-165.03206174099998, 60.90398525100005], [-164.97532676699998, 60.93312125700004], [-164.92127778299997, 60.946508264000045], [-165.00370072599998, 60.87557925900006], [-165.02964169099997, 60.82600026000006], [-164.93933470099998, 60.823462274000065], [-164.97768467499998, 60.790359272000046], [-165.03263666499998, 60.78670326400004], [-164.97186063699996, 60.72972927900008], [-165.02755660199998, 60.686007275000065], [-165.14720556399996, 60.65115926100003], [-165.26873850299998, 60.57948725000006], [-165.34674249299997, 60.58060223800004], [-165.41521446999997, 60.55815923000006], [-165.37758044699999, 60.51316324100003], [-165.24446345299998, 60.49629726300003], [-165.19047046199998, 60.49800027100008], [-165.05746150799996, 60.54463028600003], [-164.98697351599998, 60.54240529700007], [-164.99789147499996, 60.480458302000045], [-165.04909145699997, 60.46151529600007], [-165.12074944099996, 60.45119528600003], [-165.05760640899996, 60.38628630300008], [-165.00559739899998, 60.35981131400007], [-164.89931738599998, 60.316786335000074], [-164.85037638399996, 60.30361434300005], [-164.77725438699997, 60.29383235600005], [-164.72659139199996, 60.29147436400007], [-164.65311938699998, 60.267901377000044], [-164.59609136599997, 60.222873391000064], [-164.54172036199998, 60.205278401000044], [-164.494338356, 60.18483241000007], [-164.46121533099998, 60.137823420000075], [-164.38549230299998, 60.07718943800006], [-164.33613229599996, 60.05552644800008], [-164.19162129499998, 60.02449547300006], [-164.13183128199998, 59.99117648600003], [-164.17872625799998, 59.961809482000035], [-164.20183222799997, 59.91611848300005], [-164.16034020199996, 59.86467849500008], [-164.11513819099997, 59.83668750500004], [-163.93081919299996, 59.80385253600008], [-163.77225020699998, 59.79562356100007], [-163.66262821899997, 59.79570957800007], [-163.55916923499998, 59.801390593000065], [-163.34904826999997, 59.81988962300005], [-163.17265430499998, 59.84505764700003], [-163.08602532399996, 59.86100765900005], [-162.99760834899996, 59.885820670000044], [-162.92915636999996, 59.908053678000044], [-162.85927938799998, 59.92497068700004], [-162.80853439999998, 59.93393269400008], [-162.74673742299998, 59.96184470000003], [-162.64425244099996, 59.972953715000074], [-162.58553944999997, 59.97722972400004], [-162.53013946399997, 59.990109731000075], [-162.47678050499997, 60.04768973300003], [-162.49812454399998, 60.115087723000045], [-162.45130158599997, 60.17436672400004], [-162.37226158999997, 60.16700873700006], [-162.33687056999997, 60.12879474700003], [-162.27376755099996, 60.08668176100008], [-162.22839253699996, 60.05631277100008], [-162.19063750799998, 60.00202978200008], [-162.14307049199996, 59.96750579300004], [-162.10879346599998, 59.92010680200008], [-162.01708042099997, 59.82942582600003], [-161.91118437899996, 59.74174085000004], [-161.88554135599998, 59.69838985900003], [-161.87396532799997, 59.64948686500003], [-161.820487301, 59.594977879000055], [-161.75800128399996, 59.557151892000036], [-161.70255125099996, 59.49090590700007], [-161.79039622899998, 59.46819689600005], [-161.84900920199996, 59.432493890000046], [-161.95121116099997, 59.38072088000007], [-161.99292413199998, 59.338384878000056], [-162.03202209899996, 59.28853087700003], [-161.98198502499997, 59.15099689800007], [-161.87871898799997, 59.06811192200007], [-161.82179498299996, 59.050574932000075], [-161.78400194099999, 58.96942094600007], [-161.78697390099998, 58.89971395200007], [-161.75664286299997, 58.82647696400005], [-161.76952183299997, 58.77493696700003], [-161.85907578699997, 58.708636960000035], [-161.93918374999998, 58.65561295300006], [-161.99466476299997, 58.688827942000046], [-162.17174272299997, 58.64844091900005], [-162.06628971799998, 58.62079993800006], [-161.87123674699998, 58.63747796500007], [-161.76631673599996, 58.59922398500004], [-161.68292772499998, 58.56467100100008], [-161.62647075199996, 58.60258100600004], [-161.55055776399996, 58.61116001600004], [-161.37233481099997, 58.66617203800007], [-161.33800285699996, 58.742912035000074], [-161.18340089799997, 58.78927605400003], [-161.00112194899998, 58.84969307600005], [-160.87202397699997, 58.87847209300003], [-160.82350995399997, 58.82913610500003], [-160.75308800699997, 58.91043110800007], [-160.64180604699996, 58.96448911900006], [-160.47659909799998, 59.02604713900007], [-160.31780113699998, 59.07047715900006], [-160.25661309899996, 58.994480175000035], [-160.32294306999998, 58.953953169000044], [-160.23280904799998, 58.90112718700004], [-160.15450106399996, 58.91687419800007], [-160.15054903599997, 58.86606220300007], [-160.09313003799997, 58.86079821200008], [-159.98537305199997, 58.87046422800006], [-159.90840700799998, 58.77990324800004], [-159.80632603099997, 58.805595261000065], [-159.80879806199997, 58.861542256000064], [-159.75377506399997, 58.85572426500005], [-159.73295310799998, 58.93073926100004], [-159.65738311899997, 58.93871227200003], [-159.60263111399996, 58.92093528200007], [-159.64357006699998, 58.84506328200007], [-159.58030806999997, 58.84069129200003], [-159.50178906699998, 58.824304306000045], [-159.45085205599997, 58.797736316000055], [-159.39068504099998, 58.76236232800005], [-159.24231097299997, 58.619067364000045], [-159.18736794199998, 58.55560937800004], [-159.08051688899997, 58.44425640400004], [-158.94417487299998, 58.396885429000065], [-158.88094787499998, 58.390670439000075], [-158.83061888199998, 58.39709544600004], [-158.70407293899999, 58.48275945800003], [-158.76915197099999, 58.54865044200005], [-158.82787300999996, 58.626432426000065], [-158.86122804599998, 58.69558041500005], [-158.81213706799997, 58.72784542000005], [-158.77126709199996, 58.76510942200008], [-158.76776914799999, 58.86426441400005], [-158.71745715699998, 58.87246242100008], [-158.61970518599998, 58.911048433000076], [-158.52986624299996, 58.99796943900003], [-158.52034816299997, 58.85710545300003], [-158.56589113599998, 58.81542944900008], [-158.51256812199998, 58.783110460000046], [-158.45523112299998, 58.77697247000003], [-158.40049611799998, 58.76118247900007], [-158.35150210199998, 58.727693490000036], [-158.33023707399997, 58.675043498000036], [-158.27305705499998, 58.63347051000005], [-158.21388204999997, 58.61582852100008], [-158.14032805399998, 58.615020532000074], [-158.03661407299998, 58.63424854600004], [-157.85541710999996, 58.678277570000034], [-157.79961812399998, 58.695590577000075], [-157.72180714499996, 58.723212586000045], [-157.55062417399998, 58.75451461000006], [-157.48408319699996, 58.78596261700005], [-157.42955220299996, 58.79107162500003], [-157.35315322399998, 58.817729635000035], [-157.27547223899998, 58.83613664500007], [-157.21573124599996, 58.84152665400006], [-157.11688726799997, 58.86753366700003], [-157.07060528199997, 58.88781667200004], [-157.03922731799997, 58.945921672000054], [-156.97134634299996, 58.98309768000007], [-156.96667029799997, 58.90407468700005], [-157.01241327899996, 58.875889682000036], [-157.00824724599997, 58.817139688000054], [-157.04871022199998, 58.78036068500006], [-157.06194918999998, 58.726102687000036], [-157.17885514599996, 58.660440675000075], [-157.25148311899997, 58.62078666700006], [-157.31359308299997, 58.56504366200005], [-157.35850806299996, 58.533876658000054], [-157.45193904099997, 58.50561864600007], [-157.52449798599997, 58.41450664300004], [-157.55688593699998, 58.330715645000055], [-157.54722990899998, 58.27753565100005], [-157.44273288399998, 58.21887567200008], [-157.38925789199996, 58.228091679000045], [-157.39737086199997, 58.173383683000054], [-157.49380484999998, 58.16214866900003], [-157.55657683799998, 58.14844566100004], [-157.59662180299998, 58.08867066000005], [-157.61182277299997, 58.03426366200006], [-157.64224668299997, 57.86877767200008], [-157.67108162999997, 57.772866676000035], [-157.70380260099998, 57.72176867500008], [-157.71066555799996, 57.639946681000026], [-157.65222254899996, 57.61479469200003], [-157.59966454899998, 57.60795070100005], [-157.57349250599998, 57.52273271200005], [-157.61515748599996, 57.48869170900008], [-157.68043650699997, 57.53772769500006], [-157.77251650599996, 57.54705568000003], [-157.88118346799996, 57.48912266900004], [-157.93164445799997, 57.47620866200003], [-158.01055841499996, 57.40145665700004], [-158.06006140399998, 57.387456651000036], [-158.14973037599998, 57.344916641000054], [-158.22990335899996, 57.321534632000066], [-158.30710533699997, 57.28955562300007], [-158.39314530399997, 57.23692161500003], [-158.45969527499997, 57.18865560900008], [-158.54026823799998, 57.12510660300006], [-158.64532318399998, 57.03184159600005], [-158.67931315999996, 56.98862559400004], [-158.69980812899996, 56.92736259700007], [-158.66367909699997, 56.85705560800005], [-158.67420106699998, 56.79706461200004], [-158.74455406099997, 56.795112602000074], [-158.85331405099998, 56.792620586000055], [-158.91075005799996, 56.814797576000046], [-158.95356306899998, 56.84341856700007], [-159.01832404999996, 56.815094560000034], [-159.09348802899999, 56.783704552000074], [-159.15647501499998, 56.763324545000046], [-159.26313298699998, 56.723321533000046], [-159.35741096599997, 56.69308952200004], [-159.53498091999998, 56.62652950200004], [-159.63617589799998, 56.597390490000066], [-159.81549686099999, 56.548941468000066], [-159.93835681499996, 56.47419245700007], [-160.00149679499998, 56.442201451000074], [-160.08261177399996, 56.41109444300008], [-160.14627176399998, 56.40017643400006], [-160.19634874699997, 56.37255043000005], [-160.27462371399997, 56.31715142400003], [-160.34026869699997, 56.291271417000075], [-160.38311367499998, 56.25135241400005], [-160.41140064599998, 56.194138416000044], [-160.45143661099996, 56.12556441600003], [-160.48222758999998, 56.08523441600005], [-160.58958853499996, 55.98304841000004], [-160.53456054199998, 55.98949841700005], [-160.48661351699997, 55.924168430000066], [-160.42075451499997, 55.90862044100004], [-160.32565650399997, 55.86785845800006], [-160.24181750299996, 55.850352472000054], [-160.31784548299999, 55.81898346400004], [-160.26894947099998, 55.784278474000075], [-160.34289546299996, 55.77816646400004], [-160.43875445999998, 55.78960845000006], [-160.47937447099997, 55.822361441000055], [-160.50845248999997, 55.86937943200007], [-160.56403348299997, 55.863719425000056], [-160.63910747399999, 55.85830041500003], [-160.69761047099996, 55.86239640600007], [-160.76948747499998, 55.88379039400007], [-160.75772443199997, 55.78584140500004], [-160.69524642299996, 55.75507541700006], [-160.76524741799997, 55.75717440600005], [-160.93061042999997, 55.814358378000065], [-160.93156345599996, 55.87249437200006], [-160.86002247799996, 55.90821537900007], [-160.80102947999998, 55.90225638800007], [-160.81819050199996, 55.95335238000007], [-160.86097251099997, 55.98115337100006], [-160.79145153299996, 56.018069378000064], [-160.98979351899996, 56.02285934900004], [-161.08249050499998, 56.01106133700006], [-161.13311650199998, 56.01491432900008], [-161.24866948299996, 55.994711315000075], [-161.38057645799998, 55.96561829900003], [-161.45046144699998, 55.95448529000004], [-161.58562342699997, 55.93732427300006], [-161.64002641399998, 55.91950326700004], [-161.71230240099996, 55.904232258000036], [-161.77342839199997, 55.89731025000003], [-161.85844936999996, 55.86540224100003], [-161.89897535199998, 55.83346423900008], [-161.99452632699996, 55.79782522900007], [-162.05064931899997, 55.79089722100008], [-162.14664528399996, 55.733348214000046], [-162.21957026699997, 55.710867206000046], [-162.26452925299998, 55.68861620200005], [-162.31267722999996, 55.646502199000054], [-162.38402419899998, 55.58984319500007], [-162.42738618199996, 55.56180319100008], [-162.49264415399998, 55.511728187000074], [-162.53559513799996, 55.48416518400006], [-162.59128111899997, 55.452736180000045], [-162.51878812999996, 55.460957189000055], [-162.50476510999997, 55.41174019600004], [-162.55467807899998, 55.35070719500004], [-162.62907207799998, 55.36529918300005], [-162.70251506599996, 55.35395017400003], [-162.73183504299996, 55.30782917500005], [-162.79806203799998, 55.310958165000045], [-162.84678601499996, 55.26751316300005], [-162.90166300099997, 55.24765215700006], [-162.84319100499997, 55.24256416600008], [-162.88231097599999, 55.18325116700004], [-162.95720096299996, 55.171271157000035], [-163.03227495599998, 55.17214714700003], [-163.08165295499998, 55.18040913900006], [-163.15755094499997, 55.17551012900003], [-163.26878592199998, 55.14546511700007], [-163.31989190599998, 55.11962211300005], [-163.30598388599998, 55.06958412000006], [-163.28872585299996, 54.98670813100006], [-163.23491684099997, 54.945003142000076], [-163.29909083199996, 54.937494134000076], [-163.34774882199997, 54.92509312900006], [-163.31890380599998, 54.88012013800005], [-163.39141578899998, 54.85533113000008], [-163.41806081999997, 54.93849911800004], [-163.46151883399997, 54.98251110700005], [-163.53010584099997, 55.01666009400003], [-163.56817785099997, 55.04914508600007], [-163.64685284099997, 55.044467076000046], [-163.74075583299998, 55.04826606200004], [-163.79075182999998, 55.05258305500007], [-163.85427881699997, 55.037796048000075], [-163.90924080899998, 55.03208904100006], [-163.96474878799998, 54.99733703700008], [-164.03072676999997, 54.969818031000045], [-164.08681676199998, 54.963396024000076], [-164.16436074899997, 54.953532014000075], [-164.29505171399998, 54.902122002000056], [-164.35334870599996, 54.89832699400006], [-164.42732171299997, 54.93284898100006], [-164.48679870199996, 54.92244097400004], [-164.55027468099996, 54.88878496900003], [-164.57691465199997, 54.82456397200008], [-164.62967961899997, 54.756030972000076], [-164.70948357199998, 54.66151797200007], [-164.76136555799997, 54.64063396700004], [-164.83195454499997, 54.62902795800005], [-164.91877852599998, 54.60530594900007], [-164.94465449499998, 54.532902954000065], [-164.87739146899997, 54.44990797200006], [-164.78937545999997, 54.40201198900007], [-164.64047547199996, 54.39116601000006], [-164.58279648399997, 54.40570201600008], [-164.51998849399996, 54.41465202400008], [-164.45657250299996, 54.41985603200004], [-164.35272253199997, 54.46502304100005], [-164.33755655699997, 54.524259037000036], [-164.25760358499997, 54.572722042000066], [-164.17963560299998, 54.599188050000066], [-164.08491262199996, 54.62013106100005], [-163.96632563899996, 54.631681075000074], [-163.86122464999997, 54.63291109000005], [-163.80360865799997, 54.63649809700007], [-163.74733466299998, 54.635011105000046], [-163.67085666799997, 54.627825116000054], [-163.58598566999999, 54.61164412900007], [-163.48887969699996, 54.655110138000055], [-163.42439370399998, 54.65620714600004], [-163.41845172599997, 54.708902142000056], [-163.38063674499998, 54.74617614300007], [-163.32718274699997, 54.73690415100003], [-163.28065173399997, 54.69536716200008], [-163.22319773199996, 54.67689517200006], [-163.14094374799998, 54.694829181000046], [-163.09676273899998, 54.661597191000055], [-163.10757676699998, 54.73275218200007], [-163.18431377599998, 54.77491216700008], [-163.28764475599996, 54.75149515500004], [-163.34267375699997, 54.765104146000056], [-163.29982778699997, 54.82923214600004], [-163.21441680299998, 54.84748715500007], [-163.14959882499997, 54.88590616000005], [-163.06562084999996, 54.92617216800005], [-163.06702687199999, 54.97930216200007], [-163.14863387899996, 55.014023147000046], [-163.21329987699997, 55.02613813700003], [-163.18844690699999, 55.09090313400003], [-163.11152592199997, 55.10970514200005], [-163.05164992499996, 55.10326715100007], [-163.00156892099997, 55.08004316100005], [-162.96491590799997, 55.042201170000055], [-162.91370287499998, 54.95027318600006], [-162.84549387199996, 54.92698919800006], [-162.77100188199998, 54.93273620700006], [-162.70847189799997, 54.95848021300003], [-162.64649091999996, 54.99716321800008], [-162.58798591599998, 54.972010229000034], [-162.59983094899997, 55.054806219000056], [-162.60447297899998, 55.12602821100006], [-162.63881000399996, 55.19477019900006], [-162.692328, 55.197313191000035], [-162.70287002299997, 55.25277518400003], [-162.66197904399996, 55.294295186000056], [-162.58489105399997, 55.29838619600008], [-162.51045403999998, 55.25017721100005], [-162.49448901399998, 55.183915220000074], [-162.44520100499997, 55.15152123000007], [-162.41059298799996, 55.10561424000008], [-162.46097699199998, 55.12584023100004], [-162.52100498199997, 55.115417223000065], [-162.48975396399996, 55.064849233000075], [-162.41352895899996, 55.03656024600008], [-162.36198796699998, 55.042679253000074], [-162.30039697199996, 55.042927261000045], [-162.24796496799996, 55.02043927100004], [-162.18926598999997, 55.060260275000076], [-162.22354700499997, 55.10221126600004], [-162.17744603099996, 55.15440326700008], [-162.12638803499996, 55.15340827400007], [-162.11875901499997, 55.10291128000006], [-162.05330000799998, 55.07421229200003], [-161.96088503099998, 55.10673430200006], [-162.00173005299996, 55.16923629000007], [-162.04626107299998, 55.225605278000046], [-161.97880708399998, 55.236131287000035], [-161.91953807699997, 55.20820929800004], [-161.87956109499999, 55.240804300000036], [-161.82756211999998, 55.28787230300003], [-161.72011516799998, 55.37669030900008], [-161.68837618799998, 55.41638030900003], [-161.69887923199997, 55.51940029800005], [-161.61294527699997, 55.60615830100005], [-161.52618129599998, 55.63049831100005], [-161.41625430599998, 55.63232432600006], [-161.36339730499998, 55.61847833500008], [-161.37612128199999, 55.569794338000065], [-161.46929024199997, 55.49683033200006], [-161.48460720699998, 55.41799433800003], [-161.50767618099997, 55.36278634000007], [-161.44521518899998, 55.368103348000034], [-161.36459620299996, 55.38419435800006], [-161.31200820199996, 55.37283636600006], [-161.23155420299997, 55.35745237900005], [-161.01368125299996, 55.431002403000036], [-160.97657027499997, 55.472736404000045], [-160.92295329999996, 55.51930040700006], [-160.86539930799998, 55.526968414000066], [-160.83674428699996, 55.47313542300003], [-160.78142028199997, 55.45178043300007], [-160.66693629499997, 55.45977644900006], [-160.65413631899997, 55.51259644500004], [-160.73216931799996, 55.52359643300008], [-160.66698533199997, 55.544417441000064], [-160.61532434999998, 55.57551644500006], [-160.55419233199999, 55.522965459000034], [-160.53667331299997, 55.474938466000026], [-160.48165232299996, 55.48906847200004], [-160.44829635699998, 55.55904947000005], [-160.39260638099998, 55.602771474000065], [-160.43304139399996, 55.63997946500007], [-160.35351340499997, 55.64973147500007], [-160.27984640699998, 55.64138448600005], [-160.18573142199998, 55.65864449800006], [-160.13046443699997, 55.681419504000075], [-160.05846245999996, 55.72173451000003], [-160.04873048399998, 55.772061507000046], [-159.93710850699998, 55.803306520000035], [-159.87601350299997, 55.78460853000007], [-159.85847552999996, 55.84179352700005], [-159.71283554399997, 55.84639254800004], [-159.64375854199997, 55.83042455900005], [-159.67321050399997, 55.75096156200004], [-159.68065447199996, 55.68134056800005], [-159.63588545899998, 55.64439857700006], [-159.72416943899998, 55.61454956800003], [-159.61778943899998, 55.59579858400008], [-159.54513446699997, 55.64651759000003], [-159.55203549199996, 55.70479458400007], [-159.50378751499997, 55.74787858700006], [-159.49804156399998, 55.85529957800003], [-159.45396458599998, 55.89682058000005], [-159.47199256099998, 55.84350658300008], [-159.43480654099997, 55.79290959200006], [-159.40011556999997, 55.85235759200003], [-159.34770058599997, 55.87780259700003], [-159.27153359699997, 55.89070460700003], [-159.13876761499998, 55.90932062400003], [-158.99961763399997, 55.92701164300007], [-158.90941564399998, 55.93488765500007], [-158.85415167899998, 56.00334365700007], [-158.74732468999997, 56.00990867100006], [-158.74857966599998, 55.95936567600006], [-158.67326566799997, 55.95148568700006], [-158.63670869499998, 56.005007688000035], [-158.66683772699997, 56.078415677000066], [-158.62832274899998, 56.12094367900005], [-158.57506175299997, 56.121129686000074], [-158.59838671799997, 56.048822689000076], [-158.50985969299998, 55.979617708000035], [-158.47556271699997, 56.02836670900007], [-158.43934970399997, 55.993620717000056], [-158.44843273199996, 56.05527871100003], [-158.46182975399998, 56.106644704000075], [-158.42447073899996, 56.068899713000064], [-158.37434377299996, 56.13452271400007], [-158.31414779099998, 56.16369772000007], [-158.23704480699996, 56.18738772900008], [-158.11781683499999, 56.230742743000064], [-158.17494983399996, 56.23622773400007], [-158.26481181599996, 56.20959772400005], [-158.33105881299997, 56.21360971400003], [-158.27686183299997, 56.24869871800007], [-158.21655984699998, 56.26945172500007], [-158.32258286599998, 56.32524270500005], [-158.39735686199998, 56.32892169400003], [-158.48956586199998, 56.34186567900008], [-158.40297392199997, 56.45519368200007], [-158.32881794099998, 56.48420869000006], [-158.24616393799997, 56.46612470400004], [-158.12745994299996, 56.46080572200003], [-158.11958997099998, 56.51834671800003], [-158.02764097399998, 56.511779732000036], [-157.90007596699996, 56.47794175300004], [-157.82309198299998, 56.50198276200007], [-157.83844000999997, 56.56076075500005], [-157.91119301199998, 56.57479074300005], [-158.00555099599998, 56.55344373100007], [-158.07437799099998, 56.55416472100006], [-158.04203201399997, 56.59674472200004], [-157.98341401899998, 56.59944873100005], [-157.91856104499996, 56.64313773600003], [-157.84814605399998, 56.653554746000054], [-157.76371807199996, 56.67924775600005], [-157.71906806199996, 56.653084765000074], [-157.67460704399997, 56.609507775000054], [-157.61506105299998, 56.62002078300003], [-157.54610505699998, 56.61902579300005], [-157.46651706399996, 56.62326680400008], [-157.48101008699996, 56.671419798000045], [-157.54231508499998, 56.67532078900007], [-157.55121611099997, 56.73031478300004], [-157.41346013799998, 56.76918580000006], [-157.45764215299997, 56.804291790000036], [-157.43695218099998, 56.85852278900006], [-157.37879118599997, 56.861696797000036], [-157.33275517699997, 56.83839880600004], [-157.29053116299997, 56.80471381500007], [-157.20174415099996, 56.767511831000036], [-157.14029716599998, 56.790874838000036], [-157.07347319299998, 56.83834584400006], [-157.03464421799998, 56.88448784600007], [-156.98619123399996, 56.91113185100005], [-156.93564924199998, 56.920087857000055], [-156.90974526599996, 56.965581857000075], [-156.83934223899996, 56.90185487300005], [-156.78682226099997, 56.94144387800003], [-156.75366228799996, 56.99122587800008], [-156.67139629499997, 56.99606489000007], [-156.55509729599996, 56.98355090900003], [-156.53560732899996, 57.04790590600004], [-156.44161935299996, 57.08515891700006], [-156.36854438999998, 57.14998692300003], [-156.38861241699996, 57.20662091500003], [-156.35815944199996, 57.25218891600008], [-156.32193046499998, 57.29336991800005], [-156.42088446799997, 57.31114290200003], [-156.50732144799997, 57.28116489100006], [-156.53973846599996, 57.320059883000056], [-156.48165247899996, 57.33870589000003], [-156.37745951199997, 57.39086590200003], [-156.25448254299997, 57.43896191600004], [-156.21090356399998, 57.47440992000003], [-156.13750056699996, 57.47173493100007], [-156.09168855299998, 57.43982994000004], [-156.02189555599998, 57.439660951000064], [-156.04534457999998, 57.487037944000065], [-156.04405161999998, 57.56445593800004], [-155.98813361999999, 57.558328946000074], [-155.91528161199997, 57.535331959000075], [-155.78695962499998, 57.54700797800007], [-155.73279962899997, 57.54973298600004], [-155.72418767299996, 57.63344598000003], [-155.62993268999998, 57.65637699300004], [-155.63534372099997, 57.71544198700008], [-155.61720874999997, 57.76971598500006], [-155.56845776299997, 57.78951199100004], [-155.50655375099998, 57.760971003000066], [-155.37863073099996, 57.71076702600004], [-155.30583474199997, 57.72405103600005], [-155.33496476999997, 57.78069302700004], [-155.32638979699996, 57.83054602500005], [-155.27293779699997, 57.82398203300005], [-155.15244081899996, 57.85537604900003], [-155.09711582699998, 57.86535705700004], [-155.06182684999996, 57.90433105900007], [-155.11866887399998, 57.95392604600005], [-155.02629590199996, 57.99930305700008], [-154.89183292399997, 58.02767707500004], [-154.82825092199997, 58.01885008600004], [-154.77473991599996, 58.002169095000056], [-154.72900093799998, 58.03845609900003], [-154.67612895399998, 58.065115105000075], [-154.58156793399996, 58.01928612300003], [-154.53938795599998, 58.05588812700006], [-154.47799995599996, 58.05238013600007], [-154.45211699499998, 58.12158313500004], [-154.38434799799998, 58.120824146000075], [-154.34046998299996, 58.090922154000054], [-154.29118400999997, 58.13568115900006], [-154.22248601099997, 58.132567169000026], [-154.21977603999997, 58.18463216600003], [-154.14529805699996, 58.21093217500004], [-154.10343309699996, 58.28016217700008], [-154.14909411399998, 58.314540167000075], [-154.09727513399997, 58.345323173000054], [-153.99934415499996, 58.376373185000034], [-154.05578017599998, 58.418783173000065], [-154.07305320899997, 58.47826016600004], [-154.00193921999997, 58.49234717600007], [-153.93487322299998, 58.49441518600008], [-153.90257928299997, 58.597378184000036], [-153.85145329299996, 58.61187319100003], [-153.77165729299998, 58.605640203000064], [-153.67761829999998, 58.611604217000036], [-153.60127831599996, 58.63463422700005], [-153.55267134799996, 58.68717723100008], [-153.47777636499998, 58.71276824100005], [-153.42666237199998, 58.72112824800007], [-153.38514739899998, 58.76617425100005], [-153.36941043199997, 58.82125625000003], [-153.32615944899996, 58.849321254000074], [-153.25227145599996, 58.85585126500007], [-153.30245446299998, 58.87121325600003], [-153.33480148999996, 58.920522248000054], [-153.38878650299998, 58.94533823800003], [-153.43816551499998, 58.969912228000055], [-153.50563951999996, 58.98173521700005], [-153.61608752999996, 59.00673819800005], [-153.69568556599998, 59.073995180000054], [-153.74622255899996, 59.06520017300005], [-153.80280356099996, 59.07222516400003], [-153.85025954799997, 59.05291815800007], [-153.93284554999997, 59.062678144000074], [-154.00856855299998, 59.07290513200007], [-154.06351054999996, 59.07214112300005], [-154.10829952799997, 59.03682811900006], [-154.15822851399997, 59.017854112000066], [-154.19744353799996, 59.06115610300003], [-154.17369057399998, 59.12020110200007], [-154.22725957499998, 59.12540809400008], [-154.17296560499997, 59.172497098000065], [-154.13060662899997, 59.21050410200007], [-154.13686165999997, 59.262667097000076], [-154.07796369299996, 59.31336510300008], [-154.02876070899998, 59.33738210900003], [-154.10303570899998, 59.34272009700004], [-154.05217173799997, 59.38713910100006], [-153.99852773899997, 59.384724110000036], [-153.94556074199997, 59.38606211800004], [-153.89659776399998, 59.418487123000034], [-153.82340576599998, 59.41803613500008], [-153.74722277599997, 59.429658146000065], [-153.69904679899997, 59.46360415100003], [-153.73387482299998, 59.505755142000055], [-153.65096485699996, 59.55542815200005], [-153.58542785699996, 59.55147616200003], [-153.55318488599997, 59.59704716400006], [-153.60927489899998, 59.62164115300004], [-153.54248790699998, 59.63023716300006], [-153.47611991699998, 59.64273117300007], [-153.44402494699997, 59.68995817400008], [-153.45857099299997, 59.76446816600003], [-153.37479997599996, 59.73158818200005], [-153.38490793599996, 59.66718918500004], [-153.34295990899997, 59.62131319500003], [-153.31514493699996, 59.66489719600003], [-153.26276192599997, 59.64342720600007], [-153.15504093599998, 59.654345222000075], [-153.10896195299998, 59.67831722800008], [-153.05158096299996, 59.691563236000036], [-152.99448802699996, 59.79126223800006], [-153.02196705299997, 59.834134230000075], [-153.08853704999996, 59.833377220000045], [-153.14439403199998, 59.80761721300007], [-153.19737404099996, 59.82482820300004], [-153.25775802999996, 59.81080819500005], [-153.22863705699996, 59.85335619600005], [-153.14476906399997, 59.85983020900005], [-153.07920907399998, 59.871104219000074], [-153.01999908499997, 59.88623122700005], [-152.96728908399996, 59.881495236000035], [-152.90043608699997, 59.881813246000036], [-152.81008008799998, 59.87832326100005], [-152.74510510599998, 59.90423326900003], [-152.69369612599996, 59.93277427500004], [-152.64950116199998, 59.988254278000056], [-152.60862118699998, 60.02543028200006], [-152.56914321799997, 60.07174928500007], [-152.63499424399998, 60.11580027200006], [-152.68639525599997, 60.13771826200008], [-152.73427327899998, 60.174802251000074], [-152.74341030999997, 60.22432424600004], [-152.67042532599996, 60.24432125700008], [-152.62467031099996, 60.21868826600007], [-152.55677431599997, 60.224218276000045], [-152.48181635099996, 60.27468228500004], [-152.42115235999998, 60.28533229400006], [-152.38635638899996, 60.32789029600008], [-152.31587741099997, 60.35907230500004], [-152.23422143699997, 60.39388931600007], [-152.30197244799996, 60.414329303000045], [-152.33339747699998, 60.46064229500007], [-152.30924350799998, 60.506385296000076], [-152.26151953099998, 60.538238301000035], [-152.19510655399998, 60.569676310000034], [-152.13618256099997, 60.57847631800007], [-152.05812660899997, 60.64671532600005], [-151.91693666099997, 60.71791734400006], [-151.84863667399998, 60.73397735400005], [-151.78406166999997, 60.72681536500005], [-151.71640166099996, 60.71041637700006], [-151.75183971299998, 60.78873036600004], [-151.79674574599997, 60.83873535500004], [-151.73603778299997, 60.891508361000035], [-151.69266680199996, 60.91774436600008], [-151.64108881999996, 60.94217837300005], [-151.57372084499997, 60.97587738100003], [-151.48032287199996, 61.01090339400008], [-151.42514287499998, 61.01310840300005], [-151.36226587399997, 61.00941341300006], [-151.30781888999996, 61.03100942100008], [-151.25240689699996, 61.03996942900005], [-151.19034090099996, 61.04273843900006], [-151.14260991499998, 61.06277944500005], [-151.07279797199996, 61.14167045100004], [-151.02492799799998, 61.17839245700003], [-150.96013701099997, 61.19403846600005], [-150.89592802199996, 61.20891647600007], [-150.84243303399998, 61.22421448300008], [-150.71131405599996, 61.25109050300006], [-150.66264308799998, 61.29535750800005], [-150.60698407599997, 61.27773351800005], [-150.49574905999998, 61.25124653800003], [-150.42502305699998, 61.24555355000007], [-150.33459906199997, 61.25130256400007], [-150.27359806399997, 61.25156057400005], [-150.20491706999996, 61.25954958500006], [-150.13265706999996, 61.257916597000076], [-150.07481606799996, 61.25350160700003], [-149.98589705799998, 61.237516622000044], [-149.91970507699997, 61.26347163100007], [-149.91832311899998, 61.32347462800004], [-149.87687516299997, 61.38434863100008], [-149.80834717199997, 61.39576964100007], [-149.76799120299998, 61.43834464500003], [-149.61468824399998, 61.49323866600008], [-149.54279924199997, 61.48999667800007], [-149.47902922699998, 61.46810569000007], [-149.42953621299998, 61.44716670000008], [-149.49323319899997, 61.42828569100004], [-149.57582718299997, 61.40770467800007], [-149.70174716599996, 61.38530065900005], [-149.73030012799998, 61.33295265800007], [-149.81120211699997, 61.31772364600005], [-149.92446403999998, 61.211123634000046], [-150.00996403399998, 61.20363862100004], [-150.06802700699998, 61.166133613000056], [-149.96918698499996, 61.13253963200003], [-149.91568896399997, 61.101429643000074], [-149.85719094899997, 61.07902165300004], [-149.80583893499997, 61.05864266300006], [-149.75196591199997, 61.02407367400008], [-149.59609888399996, 60.98079170200003], [-149.51043788499996, 60.98174371600004], [-149.32723984999998, 60.92795974900008], [-149.19254185899996, 60.93986577000004], [-149.08727583899997, 60.909258789000035], [-149.00848480199997, 60.85478380600006], [-149.09000980999997, 60.86722479200006], [-149.34577882799996, 60.89608374800008], [-149.57135185399997, 60.93700970900005], [-149.63944584699996, 60.928648699000064], [-149.77028687299998, 60.967608675000065], [-149.83560287299997, 60.96885666400004], [-149.94518082699997, 60.90350865100004], [-149.99949079899997, 60.86398464400003], [-150.04583881399998, 60.88712163500003], [-150.10929881599998, 60.89035862500003], [-150.19415082199998, 60.90134161000003], [-150.26211885299998, 60.94784059600005], [-150.34173190399997, 61.02420257800003], [-150.40188191099998, 61.03622856800007], [-150.45468389699997, 61.016567560000055], [-150.51112188799996, 61.00514655200004], [-150.58249387099997, 60.98209654200008], [-150.67846085299996, 60.958268528000076], [-150.77061681899997, 60.91136351600005], [-150.88379678299998, 60.861866501000065], [-151.01203874499998, 60.80934148400007], [-151.06258072899996, 60.78743047700004], [-151.21220872099997, 60.78034345300006], [-151.26134171199996, 60.76980244600003], [-151.30925269199997, 60.74072544000006], [-151.37053768499996, 60.73357343100008], [-151.40447365899996, 60.69500542800006], [-151.36241963199998, 60.65352743800008], [-151.33909159299998, 60.59424544600006], [-151.26839556399997, 60.54897846000006], [-151.28398949999996, 60.45219746400005], [-151.29980445599998, 60.38548246600004], [-151.36689644599997, 60.37265645600007], [-151.38198139599996, 60.29695245900007], [-151.40662935099996, 60.22818446000008], [-151.48874330999996, 60.16761745100007], [-151.54560128299997, 60.128395444000034], [-151.60690326299996, 60.09955943700004], [-151.66145923499997, 60.05714043100005], [-151.71803220299998, 60.009474425000064], [-151.74276416099997, 59.94462742600007], [-151.77787713099997, 59.89749442300007], [-151.81364109599997, 59.844298421000076], [-151.86773505399998, 59.77841241700003], [-151.82915901799998, 59.72015242700007], [-151.746837, 59.686235443000044], [-151.68650798499996, 59.66086545400003], [-151.50384397299996, 59.633663485000056], [-151.44869098299998, 59.64817249300006], [-151.37707600499996, 59.68131450200008], [-151.21456103899996, 59.72984852400003], [-151.11386707099996, 59.77723253700003], [-151.06378008199997, 59.79314754400008], [-151.00673908299996, 59.792987553000046], [-150.94815408299996, 59.792195562000074], [-151.01891005999997, 59.75659455300007], [-151.09827502899998, 59.70944354400007], [-151.17400599199996, 59.65179453600007], [-151.16544896099998, 59.60133054100004], [-151.23233495699998, 59.59768953000008], [-151.30126194499996, 59.58000252100004], [-151.39942391899996, 59.54134950800005], [-151.47334191499996, 59.538427496000054], [-151.52990989299997, 59.50385849000003], [-151.59527187399996, 59.47598448100007], [-151.69474786699996, 59.468371466000065], [-151.74055984799998, 59.438433461000045], [-151.82606884599997, 59.43905044700006], [-151.88653483299996, 59.42103443900004], [-151.90304279599997, 59.360455441000056], [-151.95272678799998, 59.34941443400004], [-151.99163976599996, 59.313618430000076], [-151.97876972999998, 59.253780436000056], [-151.92507273199996, 59.25442944400004], [-151.87437770799997, 59.21193245500007], [-151.76132271599997, 59.22132847200004], [-151.74847267899997, 59.15860247900008], [-151.59075068499996, 59.16172650300007], [-151.55817270899996, 59.20008650600005], [-151.50267870699997, 59.19507251500005], [-151.44922873999997, 59.24845852000004], [-151.40722475999996, 59.27935052400005], [-151.34162272699996, 59.22223253800007], [-151.28779272599996, 59.21941854700003], [-151.22365073099996, 59.22434855700004], [-151.16342971899996, 59.20263756800006], [-151.10757972899998, 59.21779357500003], [-151.09155375999998, 59.269188574000054], [-151.04612177899998, 59.29936058000004], [-150.99908476299996, 59.27108358900006], [-150.95955274099998, 59.232538598000076], [-150.89782975599996, 59.25564960600008], [-150.91283878499996, 59.305215600000054], [-150.83464881499998, 59.35198160900006], [-150.76987482899997, 59.372967618000075], [-150.73997986099997, 59.42521262000008], [-150.65006785999998, 59.420886634000055], [-150.58120387599996, 59.44523464300005], [-150.58966690899996, 59.50008463800003], [-150.63872592799996, 59.532057629000064], [-150.58933694899997, 59.565155634000064], [-150.54188196299998, 59.58697864000004], [-150.55026692599998, 59.527027643000054], [-150.51630790199997, 59.48677965100006], [-150.43153991999998, 59.51428866300006], [-150.35551497299997, 59.59841366900008], [-150.36870892299996, 59.51766167200003], [-150.44024285299997, 59.40401766800005], [-150.43016581599997, 59.34335867400006], [-150.36468484099996, 59.38248068200005], [-150.29712986799996, 59.42474869000006], [-150.25354290599998, 59.48625269200005], [-150.18025493599998, 59.53384170100003], [-150.10887195899997, 59.56905771000004], [-149.93374302199996, 59.66899573100005], [-149.92898405599996, 59.72324672900004], [-149.97918206899996, 59.744977719000076], [-150.04287608499996, 59.77227570800005], [-149.90423808099996, 59.76226973000007], [-149.84933706599998, 59.738067740000076], [-149.79192701899996, 59.66138075400005], [-149.74624200499997, 59.63758676300006], [-149.72815803899996, 59.692789763000064], [-149.74638614399996, 59.86088274900004], [-149.71712717099996, 59.90295275100004], [-149.74137019899996, 59.94755874400005], [-149.67850419699997, 59.94273775500005], [-149.64225716699997, 59.894608764000054], [-149.66874113399996, 59.84348476300005], [-149.64511008799997, 59.769312771000045], [-149.58557105799997, 59.719613784000046], [-149.52781504999996, 59.706847794000055], [-149.50678008999998, 59.77092879300005], [-149.59555310599998, 59.79772177700005], [-149.57273614099998, 59.85231877700005], [-149.55479117799996, 59.910579777000066], [-149.48027918999998, 59.92874778700008], [-149.42715722299997, 59.98063279300004], [-149.44239227299997, 60.05956878500007], [-149.42430531399998, 60.122838784000066], [-149.36571731199996, 60.118576794000035], [-149.33850326599998, 60.04608680300004], [-149.31461621799997, 59.971058811000034], [-149.35050619499998, 59.93517780800005], [-149.38413716099998, 59.88256580500007], [-149.27064515599997, 59.87206882400005], [-149.22108919799996, 59.93874982800003], [-149.20243122999997, 59.98871782800006], [-149.07076027299996, 60.05540284500006], [-149.12209522399996, 59.979502841000055], [-149.04164121799997, 59.96814485500005], [-148.96404022099998, 59.972436867000056], [-148.87787919899998, 59.93690488300007], [-148.82309419499998, 59.930950892000055], [-148.75761321299996, 59.95868690100008], [-148.68951820399997, 59.94470291300007], [-148.63479918599998, 59.91574892300008], [-148.56878820399996, 59.944547932000035], [-148.54524723599997, 59.99495793300008], [-148.49117422599997, 59.97843294200004], [-148.44458920299996, 59.94261895200003], [-148.40168822499996, 59.97783795700008], [-148.40133225899996, 60.030714954000075], [-148.36568029499998, 60.08652995600005], [-148.34476432899996, 60.13911495600007], [-148.28296729399997, 60.08504796900007], [-148.31398426099997, 60.03386096700007], [-148.22057622399996, 59.976351986000054], [-148.25408219599996, 59.93235898300003], [-148.14903519999996, 59.93767899900007], [-148.10126120899997, 59.95279600600003], [-148.03922619999997, 59.93886901700006], [-147.91824821899996, 59.968977034000034], [-147.87047423299998, 59.991333041000075], [-147.81557027499997, 60.057715046000055], [-147.91016632299997, 60.13106702600004], [-147.96816033799996, 60.15437701600007], [-148.05062536799997, 60.201316], [-148.12850939199998, 60.23690498500008], [-148.21181640699996, 60.260257970000055], [-148.31057239899997, 60.24846495500003], [-148.21557143399997, 60.30101596700007], [-148.17130045599998, 60.335267972000054], [-148.11628341899998, 60.27952398500008], [-148.06491341699996, 60.27623499300006], [-147.99335846699998, 60.352598], [-147.94212852699997, 60.44403100300008], [-147.97766955099996, 60.48093899500003], [-148.08679762799997, 60.595519971000044], [-148.19245260299996, 60.55737295600005], [-148.23897357899997, 60.521444950000046], [-148.29395355299997, 60.48300294400008], [-148.34679755699997, 60.48873193500003], [-148.30654259799996, 60.55070393800003], [-148.25527162799997, 60.59512594300003], [-148.14301564599998, 60.62263396000003], [-148.09415167199998, 60.66153496600003], [-148.10740672499998, 60.73977195900005], [-148.23017574199997, 60.76414193700003], [-148.28055573399996, 60.75333893000004], [-148.32677570499996, 60.709540925000056], [-148.37443767999997, 60.672641920000046], [-148.36573372599997, 60.74097091700003], [-148.40599575299996, 60.78030290800007], [-148.42697378499997, 60.82711490200006], [-148.37583576899996, 60.80347191100003], [-148.31012979199997, 60.83773892000005], [-148.28166784699997, 60.917793920000065], [-148.21937387099996, 60.95357492800008], [-148.17806890299997, 60.999609932000055], [-148.16638895099996, 61.06927893000005], [-148.09050990599997, 61.005111946000056], [-148.00363593999998, 61.05379895700008], [-147.97758897299997, 61.10214495800005], [-147.91382, 61.140215967000074], [-147.81769004599997, 61.20684097800006], [-147.73869108699998, 61.265851988000065], [-147.76153405099998, 61.21445498700007], [-147.88812197699997, 61.10785597300003], [-147.94998795399997, 61.074542965000035], [-148.01769588299996, 60.97180896000003], [-148.06555185999997, 60.93796495400005], [-148.10226083399996, 60.899348950000046], [-148.14871778599996, 60.82870294700007], [-148.09856775699998, 60.78655795700007], [-148.03437275399997, 60.783199968000076], [-147.92086477399997, 60.81244398500007], [-147.85633977899997, 60.82088399500003], [-147.77757677199997, 60.81102000800007], [-147.78013680799998, 60.86343700500004], [-147.76126284199998, 60.91322900500006], [-147.66627482099997, 60.88377602200006], [-147.62700479499998, 60.84506703100004], [-147.59816884199998, 60.913907031000065], [-147.61921987999997, 60.970042025000055], [-147.55764595699998, 61.081404028000065], [-147.50274294999997, 61.07205803800008], [-147.53445392199998, 61.03109203500003], [-147.55017583699998, 60.90801103900003], [-147.49423183999997, 60.91238104800004], [-147.37850581499998, 60.87784706900004], [-147.28085684099997, 60.916965083000036], [-147.27406588099996, 60.97459708100007], [-147.22203588699998, 60.98354308800003], [-147.18167685199998, 60.933101098000066], [-147.13730388399998, 60.98097010200007], [-147.09528290399996, 61.01019110800007], [-147.10844195099997, 61.07845810200007], [-147.12788698999998, 61.13291709500004], [-147.07524100299997, 61.15322110300008], [-147.02116900099998, 61.15069811200004], [-147.06204997899997, 61.11862810700006], [-147.01902994699998, 61.07284711700004], [-146.99930290599997, 61.01393012300008], [-147.05617385899998, 60.94547011800006], [-146.97349185099998, 60.93483713200004], [-146.88027287099996, 60.965163145000076], [-146.78414992299997, 61.04293815600005], [-146.69097193699997, 61.06407817100006], [-146.64604296299996, 61.103573176000054], [-146.49375697499997, 61.12260819900007], [-146.42427698099996, 61.133078210000065], [-146.28817197099997, 61.12260823300005], [-146.43569894799998, 61.08548921100004], [-146.60797194999998, 61.08548918300005], [-146.66193793399998, 61.06077817500005], [-146.70177588299998, 60.98701117300004], [-146.74596286399998, 60.95758416700005], [-146.71170682099998, 60.896467176000044], [-146.77457480799998, 60.87622716700008], [-146.81943776799997, 60.81634816300004], [-146.75526676099997, 60.80788417400004], [-146.66478780299997, 60.87085618600008], [-146.55638375999996, 60.81006820600004], [-146.39478875899997, 60.81227323300004], [-146.33384376499998, 60.82192324200008], [-146.26299179499998, 60.86778925100003], [-146.18860479499997, 60.86937626300005], [-146.25583475499997, 60.80996425500007], [-146.35903774099998, 60.78619524000004], [-146.46524373199998, 60.77072422300006], [-146.56715071999997, 60.75120020800006], [-146.70401671599998, 60.741905186000054], [-146.66817368199997, 60.692763195000055], [-146.60757267699998, 60.68637920500004], [-146.53281567799996, 60.68975021700004], [-146.47456167199996, 60.68154122700008], [-146.41293967699997, 60.690452236000056], [-146.34699270699997, 60.73574924500008], [-146.25808268999998, 60.71307026000005], [-146.20915870999997, 60.744392266000034], [-146.16063969699997, 60.72638527500004], [-146.09019971699996, 60.758158285000036], [-146.14105968399997, 60.70765427900005], [-146.18857867099996, 60.68733527300003], [-146.27066964599996, 60.64803726200006], [-146.18809562899997, 60.62452327600005], [-146.13136063799996, 60.63918328500006], [-146.01682165499997, 60.66722430200008], [-145.90589668499996, 60.71504731700003], [-145.96915365399997, 60.66823730900006], [-146.00816662599996, 60.62532830500004], [-145.93748662799996, 60.63049231700006], [-145.89962765499996, 60.671120321000046], [-145.85220266699997, 60.689860327000076], [-145.89756464199996, 60.65121632200004], [-145.85646561399997, 60.61093833100006], [-145.79570660699997, 60.60315334100005], [-145.84464859699997, 60.58651133400008], [-145.95175959299996, 60.57678131700004], [-146.08038257299998, 60.54305829800006], [-146.15631256299997, 60.52629828700003], [-146.29010555799996, 60.51569426600008], [-146.36842253599997, 60.480673255000056], [-146.45546652699997, 60.465320242000075], [-146.50586453599996, 60.47696323300005], [-146.59105254599996, 60.49104121800008], [-146.63780553099997, 60.46718021200007], [-146.72150148499998, 60.39641820200006], [-146.65631344799996, 60.34046421600004], [-146.60745745399996, 60.35167522300003], [-146.54312345799997, 60.357976233000045], [-146.59539843399997, 60.321205227000064], [-146.65027442499996, 60.30506521900003], [-146.69405640899998, 60.27961021300007], [-146.65087438399996, 60.242984222000075], [-146.54031640099996, 60.270970239000064], [-146.49082641599998, 60.294941245000075], [-146.39327843499996, 60.32747825900003], [-146.31371444299998, 60.34053427100008], [-146.24668943799998, 60.33512428200004], [-146.19725144599997, 60.348296290000064], [-146.14757645699996, 60.36722229700007], [-146.08815645499996, 60.36498930600004], [-146.12622149499998, 60.42429229700008], [-146.28422349299996, 60.41765827200004], [-146.35012648799997, 60.40778226200007], [-146.31737652199996, 60.46061026400008], [-146.24716651499998, 60.451190276000034], [-146.10973552499996, 60.470347297000046], [-146.03923153899996, 60.492970307000064], [-145.82864457199997, 60.54974833800003], [-145.76406759899996, 60.59159034700008], [-145.71291359199998, 60.58325135500007], [-145.80240955199997, 60.52017534400005], [-145.86311454099996, 60.50182333500004], [-145.91442553599998, 60.49235232800004], [-145.96053051999996, 60.46751232100007], [-145.88231550399996, 60.444635335000044], [-145.79934051299998, 60.462033348000034], [-145.73596051999996, 60.47466235700006], [-145.66886351299996, 60.46543336900004], [-145.59418050199997, 60.45183238100003], [-145.53696448699998, 60.43053539200008], [-145.25477140199996, 60.31145044300007], [-145.13675038899996, 60.29622146300005], [-145.04157142699998, 60.35713647500006], [-144.93371346899997, 60.425700489000064], [-144.88736448799997, 60.456050495000056], [-144.83408147799997, 60.44375350400003], [-144.87145045499997, 60.407271500000036], [-144.96618939299998, 60.30923449000005], [-144.91403837299998, 60.28093650000005], [-144.80504237099996, 60.28120351700005], [-144.73896735799997, 60.265057529000046], [-144.87727234899998, 60.24459150700005], [-144.92934933899997, 60.228255500000046], [-144.65492131699997, 60.20488454500003], [-144.59627829999997, 60.181668556000034], [-144.54512330199998, 60.18700156400007], [-144.48477828899996, 60.16963457400004], [-144.42927127299998, 60.148022584000046], [-144.34893523399998, 60.09118660000007], [-144.34964826899997, 60.14601159700004], [-144.28537926299998, 60.14012960700006], [-144.11032223099997, 60.09894163700005], [-144.04875420399998, 60.05927364900003], [-144.21685019699996, 60.040191623000055], [-144.43956813999998, 59.94025459200003], [-144.56710708799997, 59.85173857600006], [-144.60137105499996, 59.79748657300007], [-144.45098909699996, 59.87172659400005], [-144.19591116899997, 59.99736162900007], [-144.03505917799998, 60.020204653000064], [-143.89705115199996, 59.98594067700003], [-143.699012171, 60.02776370700008], [-143.62417417499995, 60.03725971800003], [-143.41339917599998, 60.05192675100005], [-143.19429817399998, 60.06199778600006], [-143.13563817099998, 60.06208479500003], [-143.06872217299997, 60.06860580600005], [-142.90888117999998, 60.09033083000003], [-142.80987417899996, 60.09521984600008], [-142.698441173, 60.09333586400004], [-142.58969816499996, 60.088184882000064], [-142.53755615999995, 60.08395589000003], [-142.24520212399995, 60.04978093800008], [-142.13006210599997, 60.03032995800004], [-142.06247609899998, 60.02378396900008], [-141.998840095, 60.02260897900004], [-141.91224008199998, 60.00978199300005], [-141.73626204299995, 59.961908023000035], [-141.59539803499996, 59.961908046000076], [-141.40147205299996, 60.00592807500004], [-141.46730610599997, 60.08383806100005], [-141.52815213699995, 60.127313050000055], [-141.43854713599995, 60.13252106400006], [-141.38007714999998, 60.158906072000036], [-141.28952106499997, 60.03425209200003], [-141.291065023, 59.96785709400007], [-141.418603997, 59.91646007600008], [-141.470952007, 59.92693006700006], [-141.42315597299995, 59.87733207600007], [-141.15651891799996, 59.813585121000074], [-140.98196388099996, 59.76964715100007], [-140.89069485799996, 59.74199316600004], [-140.792532844, 59.72857618200004], [-140.64897482499998, 59.71119920600006], [-140.30600279199996, 59.69285326100004], [-140.255138795, 59.70232726800003], [-140.206414801, 59.716893276000064], [-140.080444818, 59.75630229400008], [-139.995354825, 59.77688630700004], [-139.84419083399996, 59.80785933000004], [-139.78025484199998, 59.82650033900006], [-139.75529887899995, 59.887937341000054], [-139.70103490199995, 59.930407348000074], [-139.63348790599997, 59.94363635900004], [-139.605084939, 59.99962836100008], [-139.56325395399995, 60.027781367000046], [-139.48872392799996, 59.99503738000004], [-139.54518991599997, 59.96892337200006], [-139.60593087899997, 59.90503936400006], [-139.62115883999996, 59.84031836400004], [-139.582135796, 59.774645373000055], [-139.59546076199996, 59.71848937200008], [-139.53231874999994, 59.70598838300003], [-139.58581071499998, 59.64276837600005], [-139.61453468899998, 59.597138373000064], [-139.672429696, 59.60289736400006], [-139.72585572099996, 59.638539354000045], [-139.77058869999996, 59.599516349000055], [-139.80718267499998, 59.554336344000035], [-139.861327674, 59.54668133600006], [-139.74649963999997, 59.503418356000054], [-139.54117757699998, 59.42307439100006], [-139.420189543, 59.379763411000056], [-139.34307052399998, 59.35661142400005], [-139.27105250699998, 59.33742443600005], [-138.91977042899998, 59.24853449400007], [-138.84751940899997, 59.22483850600008], [-138.76348838299998, 59.19132352000008], [-138.70592136199997, 59.16255253000003], [-138.63672333799997, 59.130588542000055], [-138.28915326699996, 59.054173598000034], [-138.22434424899996, 59.03221960900004], [-138.17397022799997, 59.00369961800004], [-138.06635319299994, 58.95712963600005], [-137.98521915799995, 58.90952865000003], [-137.93261413099998, 58.86849765900007], [-137.94497809499995, 58.80465565900005], [-137.90169606899997, 58.76531966600004], [-137.795058037, 58.72485868400008], [-137.68764799399997, 58.66499270200006], [-137.671710965, 58.61552670600008], [-137.60882495199996, 58.60123771600007], [-137.49702291799997, 58.55772473400003], [-137.40877888699998, 58.515825749000044], [-137.29580884999996, 58.46618276800007], [-137.23938683799997, 58.453162777000045], [-137.18004981999997, 58.429942786000026], [-137.134473803, 58.406599794000044], [-137.07812979299996, 58.39747780300007], [-137.01842979399999, 58.40914481200008], [-136.94668377899995, 58.39318882300006], [-136.84901273499997, 58.32899783900007], [-136.78434670899998, 58.29050085000006], [-136.73023870099996, 58.28615685900007], [-136.70127066199996, 58.21941986400003], [-136.61984464999995, 58.20990287700005], [-136.56797666499995, 58.24515688400004], [-136.58572369499996, 58.29668188000005], [-136.51433969599998, 58.31000689100006], [-136.38998467699997, 58.29707391000005], [-136.36043670099997, 58.344080914000074], [-136.28888770799995, 58.369652924000036], [-136.296301681, 58.31845092400005], [-136.11195067699998, 58.34253395200005], [-136.04183869199994, 58.38016496200004], [-136.07271173699996, 58.45658095600004], [-136.100323764, 58.50067695000007], [-136.145047799, 58.55461494200006], [-136.19422781799994, 58.58173493400005], [-136.217621872, 58.672397929000056], [-136.31721387999994, 58.671234913000035], [-136.38334786299998, 58.62999090400007], [-136.45945685699996, 58.607883893000064], [-136.422329876, 58.64741589800008], [-136.37279588299998, 58.667413905000046], [-136.46327895599995, 58.781610888000046], [-136.538049985, 58.81978087600004], [-136.61282800699996, 58.84623086400006], [-136.67640901799996, 58.85635185400008], [-136.74452803599996, 58.876629843000046], [-136.86820505199995, 58.885246823000045], [-136.92866406599995, 58.90013481400007], [-136.87784709699997, 58.96239582000004], [-136.84100706899994, 58.91974582700004], [-136.78873107399994, 58.93632183500006], [-136.72501506099997, 58.92351784500005], [-136.67691904099996, 58.89497685300006], [-136.586310041, 58.90936786700007], [-136.55985706999996, 58.96341786900007], [-136.49373699199998, 58.83896688200008], [-136.43107597499994, 58.818419893000055], [-136.24736391999994, 58.752938922000055], [-136.16196391199998, 58.752174936000074], [-136.10701797099995, 58.864444942000034], [-136.12451200799995, 58.92454593800005], [-136.16031403299996, 58.96200293100003], [-136.06074900399994, 58.92758394700007], [-136.04529994899997, 58.83607795200004], [-136.04619291799997, 58.781799953000075], [-136.01168989299998, 58.74327995900006], [-135.91220781299995, 58.61880397700003], [-135.91402376899998, 58.54058697800008], [-135.94514174699998, 58.49483997400006], [-135.99955074399998, 58.480284966000056], [-135.93994672199995, 58.45160397600006], [-135.897275698, 58.41613598300006], [-135.82609967699995, 58.39024999500003], [-135.728074672, 58.39707101000005], [-135.63044567999998, 58.42858402400003], [-135.556086661, 58.407744036000054], [-135.46610364499998, 58.39433205000006], [-135.40807961099995, 58.34300305900007], [-135.34488856499996, 58.270799070000066], [-135.28772053999995, 58.234937080000066], [-135.22775653499997, 58.23690408900006], [-135.159075514, 58.210182100000054], [-135.08789250099994, 58.20007711100004], [-135.10772053899996, 58.265038107000066], [-135.06979555599997, 58.30269811200003], [-135.089003624, 58.423026107000055], [-135.13229366899998, 58.49654009900007], [-135.165881701, 58.54660909300003], [-135.19056472899996, 58.59242108800004], [-135.142181715, 58.57711109600007], [-135.23389881399999, 58.73549107900004], [-135.24900584699998, 58.79088207500007], [-135.33996891199996, 58.88895906000005], [-135.393137965, 58.97149705000004], [-135.37886199199994, 59.02003805100003], [-135.37643103199997, 59.08900405000003], [-135.43725105199997, 59.11320404000003], [-135.4840741, 59.18645503100004], [-135.54088012399995, 59.219068022000044], [-135.63238616099994, 59.265987007000035], [-135.55300114799996, 59.25687601900006], [-135.47337912199998, 59.226001032000056], [-135.40742208199998, 59.16976104300005], [-135.37440305499996, 59.12895004900008], [-135.32143402599996, 59.08870505800007], [-135.36811310099995, 59.20891804900003], [-135.42962212799995, 59.24272603900005], [-135.49117015699994, 59.28218702800007], [-135.54444517899998, 59.31005101900007], [-135.39663215399997, 59.29243804300006], [-135.28398508299995, 59.192536062000045], [-135.23828804199997, 59.130138070000044], [-135.20860600799995, 59.07682807600003], [-135.18013695899998, 58.997875082000064], [-135.15113586899997, 58.845885089000035], [-135.02264479099995, 58.73226611100006], [-135.02725381999994, 58.78218711000005], [-134.96070284099994, 58.83007411900007], [-134.941688812, 58.78292612300004], [-134.93527178099998, 58.72954612500007], [-134.92053575199998, 58.68053212800004], [-134.98873775799996, 58.67932311700008], [-134.94174271499998, 58.61210312600008], [-134.79243163299998, 58.49194015100005], [-134.77637057899994, 58.39735615500007], [-134.63122348099995, 58.247450179000055], [-134.50689645199998, 58.216517199000066], [-134.40488844299995, 58.21908421400008], [-134.35241842699998, 58.200489223000034], [-134.26240641199996, 58.19093823600008], [-134.18503541399997, 58.20844224800004], [-134.13131942099994, 58.23235125600007], [-134.14367846199997, 58.303854253000054], [-134.07189946799997, 58.32957026300005], [-134.04052550499995, 58.401999267000065], [-133.99251447199998, 58.352025275000074], [-134.01176644199995, 58.29361327300006], [-134.06072844099998, 58.282493266000074], [-134.08769438899998, 58.181956263000075], [-134.04962331999997, 58.062031270000034], [-133.848796231, 57.935444302000064], [-133.70916114, 57.79274332500006], [-133.658133132, 57.78637233300003], [-133.63132316099995, 57.84677033600008], [-133.56980715999998, 57.85936934500006], [-133.556117122, 57.78883434800008], [-133.48542308799995, 57.738681359000054], [-133.32255203199998, 57.66583438500004], [-133.25114601599995, 57.64997039500008], [-133.174051986, 57.61006640700003], [-133.23461799199998, 57.60875339800003], [-133.40500003999995, 57.66378737200006], [-133.48969705599995, 57.677145359000065], [-133.54394807199998, 57.69645835100005], [-133.65455009299995, 57.71369333400003], [-133.680983062, 57.64826933100005], [-133.620780019, 57.57892334100006], [-133.565498005, 57.56309934900003], [-133.50600200699995, 57.57846335800008], [-133.52584996899998, 57.50178135600004], [-133.50313494199997, 57.453532360000054], [-133.46119890699998, 57.39458136700006], [-133.40388787399996, 57.34268937600007], [-133.35473986399995, 57.333257383000046], [-133.28352985599997, 57.33312339400004], [-133.37161084299998, 57.286717381000074], [-133.42596784799997, 57.28599937300004], [-133.47590986499995, 57.30798636600008], [-133.522856855, 57.278584359000035], [-133.517216803, 57.17778036100003], [-133.46695178899995, 57.15936036800008], [-133.32237874999998, 57.11273139000008], [-133.247433753, 57.13680640100006], [-133.18809372299995, 57.08897741000004], [-133.12532571599996, 57.08889542000003], [-133.02506968899996, 57.05732643500005], [-132.93753967499998, 57.04832544800007], [-132.87521667899995, 57.06958145700003], [-132.81370365199996, 57.030222466000055], [-132.89240764299996, 56.99302045500008], [-132.87035960699995, 56.925686459000076], [-132.81790958699997, 56.89690546600008], [-132.77042355199995, 56.83749047400005], [-132.63747751, 56.78091449400006], [-132.55677748899996, 56.75724650600006], [-132.54290446099998, 56.70190950800003], [-132.57071343099994, 56.633081504000074], [-132.48586140799995, 56.60601151700007], [-132.45080938399997, 56.56410252200004], [-132.36710737899995, 56.57458253500005], [-132.29049432899996, 56.48702154600005], [-132.23906231799998, 56.47667555400005], [-132.17936927, 56.39082756300007], [-132.238492281, 56.39871055400005], [-132.25341230699996, 56.44954355200008], [-132.36257533799994, 56.48790853600008], [-132.36115128699998, 56.38063153600007], [-132.34916824899994, 56.30446053800006], [-132.40369726999995, 56.33481553000007], [-132.529379286, 56.338559512000074], [-132.57504227099997, 56.29647250600004], [-132.60151424799994, 56.24006950200004], [-132.66423125299997, 56.23633649300007], [-132.71836125099998, 56.21770848500006], [-132.72341521799996, 56.14581848500006], [-132.684639184, 56.08232749100006], [-132.64009815599997, 56.03319849800005], [-132.595550168, 56.06846250400008], [-132.54516215499996, 56.053666511000074], [-132.49281415499996, 56.06644051900008], [-132.46530212999994, 56.01854552300006], [-132.44985309999998, 55.95619052500007], [-132.38365908299994, 55.93682553500008], [-132.39732305799998, 55.87887153300005], [-132.32326103799994, 55.851882544000034], [-132.27998106599995, 55.92484355000005], [-132.22426006199998, 55.93042555800008], [-132.17021705099995, 55.919235566000054], [-132.12971606399998, 55.957859572000075], [-132.17697411399996, 56.05571056400004], [-132.10403913, 56.10811357500006], [-132.03486813299997, 56.13343658500003], [-132.01814915499995, 56.183159587000034], [-131.95885715299994, 56.19476659500003], [-131.970313117, 56.11404659400006], [-132.011316105, 56.07736358800008], [-132.07035909799998, 56.04673758000007], [-132.04181405399999, 55.958799584000076], [-132.06743101899997, 55.87508258100007], [-132.113379996, 55.81272257400008], [-132.18318199899994, 55.80083456400007], [-132.190497973, 55.742505563000066], [-132.251750986, 55.75625155500006], [-132.22418595899995, 55.70177055900007], [-132.19788792499997, 55.633971563000046], [-132.14840188799997, 55.562485570000035], [-132.09853987699995, 55.55001957700006], [-132.04379086399996, 55.53574658500003], [-131.98651184199997, 55.50062359300006], [-131.936707851, 55.53515560000005], [-131.96266088699997, 55.60871259600003], [-131.89743187699997, 55.603918606000036], [-131.82890589799996, 55.66715261500008], [-131.82617891999996, 55.718584616000044], [-131.771266955, 55.81003262300004], [-131.81632897299994, 55.83745361700005], [-131.77675598699994, 55.87878862200006], [-131.72040298699994, 55.89466363000008], [-131.71046694599994, 55.80662463200008], [-131.65314293499995, 55.79573964000008], [-131.70492592299996, 55.755545633000054], [-131.70116589599996, 55.69696463300005], [-131.72663387399996, 55.641004630000054], [-131.68286785499998, 55.61049263600006], [-131.733070834, 55.54856362900006], [-131.79373583799998, 55.541686620000064], [-131.84170183699996, 55.52675261400003], [-131.84417580599995, 55.456746613000064], [-131.74185276799994, 55.398078628000064], [-131.69876174499996, 55.35487763400005], [-131.63904973099994, 55.33948564200006], [-131.58486071099998, 55.30959265000007], [-131.53652869799998, 55.29235665700003], [-131.494164711, 55.332314663000034], [-131.46355068599996, 55.28339366700004], [-131.42825266199998, 55.23942067200005], [-131.32700766199997, 55.265915687000074], [-131.25512567799996, 55.32210869700003], [-131.293061707, 55.378688691000036], [-131.20249570199996, 55.39283870400004], [-131.230450664, 55.29780670000008], [-131.27832065399997, 55.26032369300003], [-131.263107629, 55.20832269500005], [-131.21124861599998, 55.192383703000075], [-131.160510612, 55.19748571000008], [-131.07236662599996, 55.25382672200004], [-131.03137563399997, 55.28478972800008], [-131.01989965999996, 55.347909730000026], [-131.02906368799995, 55.40839972900005], [-130.964106647, 55.33266873800005], [-130.94751666599996, 55.38082774000003], [-130.99439471199997, 55.472400734000075], [-130.98712173999996, 55.539876735000064], [-130.92766974899996, 55.576589743000056], [-130.94684878399994, 55.65072074100004], [-130.99865682299998, 55.723542733000045], [-131.04098484599996, 55.76284172800007], [-131.07015687899997, 55.82855572300008], [-131.15685292299997, 55.90115171100007], [-131.24172295699998, 55.95507369900008], [-131.17142494299998, 55.94295670900004], [-131.09397491199996, 55.89567972000003], [-130.98479285599996, 55.79935373600006], [-130.93903582999997, 55.75483574200007], [-130.9018908, 55.69738474700006], [-130.88003175299997, 55.598958750000065], [-130.87054272299997, 55.53377275100007], [-130.898147699, 55.47018174700003], [-130.88216464799996, 55.358835749000036], [-130.86493662499998, 55.30947375200003], [-130.92508762799997, 55.300717743000064], [-130.985322613, 55.247290735000036], [-131.09382460199998, 55.19133971900004], [-131.07071057599995, 55.13814772200004], [-131.029694555, 55.099482728000055], [-130.98374853599995, 55.068950734000055], [-131.01207950799994, 54.99624273000006], [-130.953525491, 54.972106738000036], [-130.95975046899997, 54.91868273700004], [-130.94104743499997, 54.84159174000007], [-130.91595440999998, 54.789621743000055], [-130.854984393, 54.766345751000074], [-130.79214039299995, 54.784788760000026], [-130.74233439399995, 54.801918767000075], [-130.69278535399997, 54.72016677400006], [-130.64449735499994, 54.73690178100003], [-130.56822136799997, 54.79215779100008], [-130.45940637799998, 54.84846980700007], [-130.34027739399994, 54.92213082400008], [-130.27334640799995, 54.97396883300007], [-130.18758043499997, 55.06284584600007], [-130.15244845599995, 55.12462085100003], [-130.10286047899996, 55.19260685800003], [-129.97418550099997, 55.281923877000054], [-130.021125531, 55.33792087100005], [-130.04123458299995, 55.45172986800003], [-130.08987161, 55.49798286200007], [-130.12792265099995, 55.581039857000064], [-130.11167569399998, 55.68290585900007], [-130.15242473599994, 55.76629185400003], [-130.083511752, 55.821711864000065], [-130.00380377999994, 55.90744687500006], [-130.00350382599999, 56.00807987600007], [-130.10381689099995, 56.12280286200007], [-130.246248897, 56.096419841000056], [-130.35104892599998, 56.12870782600004], [-130.42494594099998, 56.14138081600004], [-130.46788899299997, 56.24305781000004], [-130.54055100399995, 56.24745479900008], [-130.623327024, 56.26688278800003], [-130.78200008999994, 56.36684876500004], [-131.08785014699998, 56.406252721000044], [-131.17348617799996, 56.44952870800006], [-131.46907226199994, 56.55164566500008], [-131.58108630499999, 56.61223664900007], [-131.83534632899995, 56.59920761200004], [-131.86068838199998, 56.702988608000055], [-131.90109141099998, 56.753679602000034], [-131.87289543299994, 56.80599960500007], [-132.12358749599997, 56.87365256800007], [-132.04521057099998, 57.04506357900004], [-132.369002632, 57.09151753100008], [-132.24794067699997, 57.21125754800005], [-132.36300375699994, 57.34201553000008], [-132.55370485699996, 57.49651850100008], [-132.65247592599997, 57.60736148500007], [-132.75683298899997, 57.705097469000066], [-132.86933807399998, 57.84294545100005], [-133.07644117999996, 57.999766418000036], [-133.18408327999998, 58.162515400000075], [-133.25478431699997, 58.21566938800004], [-133.33039835299996, 58.26651437600003], [-133.46152443399995, 58.38772735500004], [-133.37732344799997, 58.430552367000075], [-133.55782551899995, 58.52313533900008], [-133.707138585, 58.61227831500008], [-133.84052766599996, 58.729448293000075], [-133.97223870199997, 58.76727627200006], [-134.25809478599996, 58.86104022600006], [-134.33648482999996, 58.92341821300005], [-134.40716986899997, 58.97921420200004], [-134.38189790099995, 59.03876720400007], [-134.44714393699996, 59.089227194000046], [-134.483415966, 59.13160718700004], [-134.56558697399998, 59.13112817500007], [-134.67913802199996, 59.19227915600004], [-134.70073705799996, 59.24901515100004], [-134.959926103, 59.28093011100003], [-135.03054614899997, 59.34635209800007], [-134.98976616899995, 59.38713310400004], [-135.10104120499994, 59.427535086000034], [-135.027583226, 59.47474209600006], [-135.02892427899997, 59.56366309400005], [-135.117854325, 59.62307407900005], [-135.21986635899998, 59.66278006300007], [-135.36013041899997, 59.73761903900004], [-135.47918246799998, 59.79804501900003], [-135.95266643099995, 59.66216994800004], [-136.19292543999995, 59.64003091100005], [-136.35395742999998, 59.59983088600006], [-136.23985139499996, 59.55941590500004], [-136.30504334299997, 59.464521897000054], [-136.36191133999995, 59.45052988900005], [-136.47717735999998, 59.465827870000055], [-136.477400306, 59.37623687200005], [-136.46926824999997, 59.28408287600007], [-136.58154219, 59.16491286100006], [-136.82665420799998, 59.15839282300004], [-137.26477315399995, 59.00235575900007], [-137.44740411499998, 58.90951673300003], [-137.52531311999996, 58.90687672100006], [-137.50002116399997, 58.98539872300006], [-137.54215423799997, 59.106430713000066], [-137.60737732499996, 59.24380669900006], [-138.23186656999997, 59.56743459200004], [-138.62622372399994, 59.768583524000064], [-138.66867075299996, 59.809660516000065], [-138.70739981599996, 59.90632850700007], [-138.798538835, 59.924651492000066], [-139.05369289699996, 59.99484044900004], [-139.19886796699996, 60.08829942300008], [-139.07214910699997, 60.319432436000056], [-139.69300316099998, 60.33522733600006], [-139.98111608099998, 60.181969295000044], [-140.45822819299997, 60.308088214000065], [-140.52044713899994, 60.21982220700005], [-140.76657317999997, 60.25984316700004], [-141.00200222399997, 60.30637212700003], [-141.001895338, 60.48045212000005], [-140.997777736, 61.06932009800005], [-141.00203899399997, 61.436395083000036], [-141.00207716899996, 61.67869807300008], [-141.00215649899997, 62.124689054000044], [-141.00220411699996, 62.91674002100007], [-141.00227890099995, 63.852727980000054], [-141.00233679099995, 64.82987593600006], [-141.00249179499997, 65.84007788800005], [-141.00264766199996, 66.64289785000005], [-141.00270740499997, 67.28604281800006], [-141.00274014899998, 67.89233778700003], [-141.00272393899996, 68.49836675600005], [-141.00270686299996, 69.16518772100005], [-141.00270357, 69.64561169600006], [-141.11926462099996, 69.67352967300008], [-141.21048764399995, 69.68419265500006], [-141.30370065199997, 69.68499563800003], [-141.43087167599998, 69.69514661500006], [-141.52822874499998, 69.73602759400006], [-141.60626078899998, 69.76169757900004], [-141.71340083899997, 69.78949955800005], [-141.842874882, 69.81192953300007], [-141.95874690699998, 69.82337851100004], [-142.08172796399998, 69.85550048600004], [-142.23990503799996, 69.89660045500005], [-142.40439807899998, 69.91651342400007], [-142.45295914599996, 69.95812741200007], [-142.74683929599996, 70.04253335300007], [-142.939587357, 70.07438231600008], [-143.151305445, 70.12335427400006], [-143.22130246999996, 70.13676426000006], [-143.28191049599997, 70.15105424800004], [-143.35820546999997, 70.13236323500007], [-143.42523146199994, 70.12493022300004], [-143.57770250299995, 70.14633219400008], [-143.66124748799996, 70.13426117900008], [-143.71254348599996, 70.13180217000007], [-143.770579479, 70.12565716000006], [-143.82619645299997, 70.10755015100005], [-143.88751847599997, 70.12060713800008], [-143.95062244599995, 70.09998712800007], [-144.02270542999997, 70.08786511500006], [-144.09037742799998, 70.08509610300007], [-144.17225839699998, 70.06310408900003], [-144.25188139199997, 70.05799707500006], [-144.38676436999998, 70.04100705100007], [-144.45545336299998, 70.03524603900007], [-144.51229031699998, 70.00448003000008], [-144.58920427799998, 69.97761301800006], [-144.67233726399996, 69.96687800300003], [-144.73900827099996, 69.97011399100006], [-144.79264628799996, 69.97979798000006], [-144.85457129999998, 69.98636596800003], [-144.90233626799997, 69.96451196100003], [-144.95366926099996, 69.95926395200007], [-145.01174329699998, 69.98114594000003], [-145.17510531899998, 69.99170890900007], [-145.24719936199998, 70.01789289400006], [-145.33158537199998, 70.02259787800006], [-145.40821438799998, 70.03157386300006], [-145.46888841599997, 70.04833785100004], [-145.52241646399997, 70.07746683900007], [-145.58000446399996, 70.07680582900008], [-145.76047554699997, 70.12611479200007], [-145.84272160999998, 70.16410377500006], [-145.91770657699996, 70.14252676200005], [-146.00644357499996, 70.14040374600006], [-146.09685958499998, 70.14515272900007], [-146.17270461899997, 70.16589571400004], [-146.27299763899998, 70.17694569400004], [-146.33517963899996, 70.17623668300007], [-146.41322964299997, 70.17825166800003], [-146.50816565699998, 70.18604565000004], [-146.62479365299998, 70.18239962900003], [-146.71308564299997, 70.17539961300008], [-146.88580366199997, 70.18591858000008], [-146.97324460799996, 70.15185856600004], [-147.16163361599996, 70.15561353100003], [-147.21924265299998, 70.17882751900004], [-147.35017766799996, 70.18768449400005], [-147.40231566499997, 70.18527448500004], [-147.50530268999998, 70.20038546500007], [-147.58571069499996, 70.20339945000006], [-147.64803269499998, 70.20330043800004], [-147.76513672099998, 70.21980741500005], [-147.81766981399997, 70.27693940200004], [-147.96153287399997, 70.31420237300006], [-148.07689789599996, 70.32751135000007], [-148.13824491299997, 70.33775333800008], [-148.20153784099998, 70.29411033000008], [-148.20350992899998, 70.34818932600007], [-148.25823291099996, 70.33699731600007], [-148.35146985699998, 70.30445430100008], [-148.41128585399997, 70.30262829000003], [-148.46618287199996, 70.31361027900005], [-148.58038903299996, 70.41254725100003], [-148.66705006099997, 70.43008523400005], [-148.72811503199998, 70.41303622400005], [-148.78961001499997, 70.40274721300005], [-148.85810204699996, 70.42291819900004], [-148.92901205299998, 70.42683618600006], [-149.08211211399998, 70.46489515500008], [-149.17918114699998, 70.48570113500006], [-149.31450616099997, 70.49532610900008], [-149.40065614999997, 70.48993209400004], [-149.46178819599996, 70.51827208100008], [-149.52426816799996, 70.50212907000008], [-149.58138115699998, 70.49589206000007], [-149.64958916999996, 70.50475804700005], [-149.71610816899997, 70.50496903400006], [-149.79046014499997, 70.49119102200007], [-149.86673117599997, 70.51077000600003], [-150.07449405299997, 70.43933397300003], [-150.21188303799997, 70.43230194800003], [-150.36091299499998, 70.40915192200004], [-150.41439107699998, 70.45969490800007], [-150.49639009399996, 70.47121889200008], [-150.66157809899997, 70.47757386100005], [-150.74238906999997, 70.46128484800005], [-150.82438805499996, 70.45373183300006], [-150.90379806399997, 70.46091081800006], [-150.98790704299998, 70.45013980300007], [-151.04673500499996, 70.42788679400007], [-151.13337194199997, 70.39161178000006], [-151.24626990699997, 70.37245976100007], [-151.29763095099997, 70.40074874900006], [-151.44492998599998, 70.42540572000007], [-151.55467999899997, 70.43589569900007], [-151.60561399899996, 70.43733269000006], [-151.78568999099997, 70.43693565600006], [-151.84440798499998, 70.43495964600004], [-151.90006598099998, 70.43413563600006], [-151.82414406599997, 70.48401164600006], [-151.72861208899997, 70.49537566300006], [-151.70949517499997, 70.54649066200005], [-151.77473617499996, 70.54792565000008], [-151.88017418199996, 70.55486963000004], [-151.97581819099997, 70.56321561200008], [-152.02610318199996, 70.55934560300005], [-152.07869622199996, 70.58450459100004], [-152.16997721899997, 70.58521957400006], [-152.26408222699996, 70.59265555600007], [-152.33264125699998, 70.61287154200005], [-152.42080824599998, 70.60898352600003], [-152.46053830599996, 70.64610751600003], [-152.37730742599996, 70.71468252600005], [-152.28379655199998, 70.78560053800004], [-152.19249357299998, 70.79529455400007], [-152.29510363899996, 70.83684753200004], [-152.35369164799997, 70.84398452000005], [-152.50271668199997, 70.86783649100005], [-152.60313669999996, 70.88181447100004], [-152.78103968999997, 70.88138643800005], [-152.84331171599996, 70.89838842500006], [-152.90427668699996, 70.88387741500003], [-152.99934869999998, 70.89465439700007], [-153.04924072899996, 70.91310238600005], [-153.23851373399998, 70.92246735000003], [-153.32623569699996, 70.90411133500004], [-153.42629866699997, 70.89013131800004], [-153.48602265599996, 70.88587330700005], [-153.66639663999996, 70.88344827400005], [-153.74946564299998, 70.88874125800004], [-153.80508263499996, 70.88601724800003], [-153.89051362899997, 70.88571923300003], [-153.95140356999997, 70.85402822400005], [-153.99561251199998, 70.82187621800006], [-154.07001545899996, 70.79370320700008], [-154.16966440899998, 70.76860419000008], [-154.23919941799997, 70.77686617700004], [-154.35263750899998, 70.83482815100007], [-154.43026249699997, 70.83125813700008], [-154.48573348199997, 70.82530412700004], [-154.57249147699997, 70.82594011100008], [-154.60272354699998, 70.86788510200006], [-154.60832770799996, 70.96171609400005], [-154.58116278899996, 71.00732109500007], [-154.77736890699998, 71.08323105300008], [-154.94289796899997, 71.12626401800003], [-155.03177399799998, 71.146473], [-155.08581595999996, 71.12757199200007], [-155.07539586299998, 71.07204199800003], [-155.14289190199997, 71.09725398400008], [-155.25689386399998, 71.08111896400004], [-155.17703377699996, 71.02744998300005], [-155.19227968299998, 70.97405598500006], [-155.25621073099998, 71.00476197100005], [-155.34390472299998, 71.00444895400005], [-155.40425865299997, 70.96747694600003], [-155.45502461399997, 70.94748993900004], [-155.51332659799996, 70.94057892800004], [-155.48801348699996, 70.87529893900006], [-155.54306443499996, 70.84717493100004], [-155.64354938699998, 70.82420891400005], [-155.73187539099996, 70.83115989700008], [-155.86877637599997, 70.82939687200007], [-155.93544638299997, 70.83735585900007], [-155.95410347599997, 70.89302185100007], [-156.01354547599996, 70.89598284000004], [-155.99571456699996, 70.94779583900004], [-155.87897961199997, 70.96768385900003], [-155.76210165399996, 70.98564387900007], [-155.71188570499996, 71.01247288600007], [-155.63902776299997, 71.04235989700004], [-155.54831680299998, 71.06068491200006], [-155.52077087899997, 71.10247591400008], [-155.56779894299996, 71.14112990200005], [-155.65721200799996, 71.18247088200008], [-155.76083601999997, 71.19466186200003], [-155.82906800899997, 71.19208784900007], [-155.88421400099998, 71.19005683900008], [-155.95799498699998, 71.18621082600004], [-156.01860795599998, 71.17204081600005], [-156.07444507599996, 71.24248880000005], [-156.21423409299996, 71.25939177300006], [-156.30197208699997, 71.26056575600006], [-156.35677008299996, 71.26127274600003], [-156.52453312499998, 71.29446871200008], [-156.56868422499997, 71.35256069900004], [-156.62017420499998, 71.34420869000007], [-156.77397110899997, 71.29950566600007], [-156.96258893399997, 71.21188463900006], [-157.07252082099998, 71.15452062300005], [-157.24911662399998, 71.05253660000005], [-157.42103447399998, 70.97680457500007], [-157.50249241699998, 70.94865856200005], [-157.70881529599998, 70.89138953000008], [-157.76848526299997, 70.87584152000005], [-157.84103022999997, 70.86102450800007], [-158.03243015899997, 70.83226247600004], [-158.15775812599998, 70.82080545400004], [-158.25035310999996, 70.81773343700007], [-158.36633509899997, 70.81971141600008], [-158.46245905999996, 70.80287040000007], [-158.52267303499997, 70.79250539000003], [-158.57394603299997, 70.79494938000005], [-158.65788800799996, 70.78606036600007], [-158.76353599899997, 70.78817234600007], [-158.94963998999998, 70.79677331100004], [-159.06615101099996, 70.81752228800008], [-159.14935002799996, 70.83422427200003], [-159.52871495699998, 70.82084820400007], [-159.58574692999997, 70.80947419500006], [-159.64841589699998, 70.79436718500006], [-159.79854677199998, 70.73122516300003], [-159.91383768899996, 70.69067214600005], [-160.05675957399998, 70.63283312500005], [-160.21486043199997, 70.55908610400007], [-160.48009424499998, 70.46597006400003], [-160.60890116499996, 70.42749204500006], [-160.81282205599996, 70.37669501300007], [-161.04127994999996, 70.33075897600008], [-161.23617688099998, 70.30470194300005], [-161.28822886099996, 70.29677093500004], [-161.35251884999997, 70.29592992300007], [-161.44533483399996, 70.29480690700007], [-161.53410882799997, 70.29901389100007], [-161.87929782399996, 70.32926782600003], [-161.92871979199998, 70.31379081900008], [-162.04630772199997, 70.28069780100003], [-162.21502061699996, 70.23035977500007], [-162.30234556299996, 70.20422576200008], [-162.47530841199998, 70.12402973900004], [-162.52319934799996, 70.08736073400007], [-162.60533025799998, 70.03682872500008], [-162.65310420099996, 70.00466971900005], [-162.70748814099997, 69.97048771300007], [-162.78811106599997, 69.92909570300003], [-162.85283200399996, 69.89463569500003], [-162.98911487799998, 69.82524867700005], [-163.04254780099998, 69.77867867200007], [-163.07193373599998, 69.73760367100004], [-163.10754663899996, 69.67591667100004], [-163.14292157799997, 69.63759266800008], [-163.14547040899998, 69.52130267900003], [-163.14878431899996, 69.45860468500007], [-163.16942421099998, 69.38523568900007], [-163.20238114799997, 69.34379368700007], [-163.24468608799998, 69.30607968300006], [-163.45271489899997, 69.19462865800006], [-163.53534381199998, 69.14165464800004], [-163.65589372299996, 69.09056563200005], [-163.72421367899997, 69.06671162300006], [-163.82747662599996, 69.04063060700008], [-163.89391057699999, 69.01196059900008], [-163.97370752699996, 68.98504258700007], [-164.06939148999996, 68.96964957200004], [-164.13077145499997, 68.95099956300004], [-164.25318640799998, 68.93093654400008], [-164.52691634399997, 68.91790749800003], [-164.65534631099996, 68.90935847600008], [-164.81270026299998, 68.89354045100004], [-164.88377424799998, 68.89164743900005], [-164.96757122199998, 68.88302842500008], [-165.32707212599996, 68.85810936500008], [-165.52238708799996, 68.85583733200008], [-165.57251207499996, 68.85294432400008], [-165.66659506199997, 68.85538530700006], [-165.81496704699998, 68.86415628100008], [-166.214461993, 68.87952221000006], [-166.19540289799997, 68.80398822100005], [-166.19985473299997, 68.67855423400005], [-166.22978964399996, 68.61376923600005], [-166.24451856499996, 68.55388623900006], [-166.29537150099998, 68.51089823500007], [-166.30599043599997, 68.46153823900005], [-166.36216338099996, 68.42623823300005], [-166.70616724899998, 68.37178118000003], [-166.79609620999997, 68.35406716600005], [-166.68930221499997, 68.34247618600006], [-166.52799322499996, 68.32630221500006], [-166.39806922499997, 68.30700923900008], [-166.23707721199997, 68.27311227000007], [-166.13552319199997, 68.24216729100004], [-166.04419815699998, 68.20072531100004], [-165.99428311699998, 68.16120732300004], [-165.87211607599997, 68.11004535000006], [-165.78335907699997, 68.09823436600004], [-165.68816508399996, 68.09039438300005], [-165.49357807999996, 68.05928142000005], [-165.31322805899998, 68.01687545500005], [-165.22725603599997, 67.98532047300006], [-165.12959499899998, 67.94183149400004], [-165.05754398699997, 67.92169250800004], [-164.90732494699998, 67.86784254000008], [-164.77835891199996, 67.82086456700006], [-164.53396483799997, 67.72560461800003], [-164.20984378699998, 67.63907768200005], [-164.14440777199997, 67.61722669600005], [-164.07954174499997, 67.58585471000004], [-164.00705969699996, 67.53569772800006], [-163.87880857799996, 67.41612376200004], [-163.82221250999999, 67.34981077800006], [-163.75861541199998, 67.25643779800004], [-163.73749133399997, 67.18475280900003], [-163.74476326699997, 67.12638981400005], [-163.66597924899997, 67.10012283000003], [-163.59124325199997, 67.09237184300008], [-163.49522825999998, 67.08750186000003], [-163.44122526099997, 67.08145787000007], [-163.29929325899997, 67.06074689600007], [-163.09788126599997, 67.04118993300006], [-162.97531726499997, 67.02460095500004], [-162.84300624599996, 66.99117598100008], [-162.77555028599997, 67.01840099000003], [-162.69307530899997, 67.02860700300005], [-162.62272227799997, 66.99221801900006], [-162.50174327799996, 66.97716304100004], [-162.40687129999998, 66.98471205700008], [-162.23925733299998, 66.99381308500006], [-162.12320838399998, 67.02578910100004], [-161.89372944099998, 67.04907413900008], [-161.81028345299998, 67.05028015300007], [-161.75966843799998, 67.03057116300005], [-161.71174241099996, 67.00104317400007], [-161.62218742999997, 67.00814518900006], [-161.53055241599998, 66.98495020700005], [-161.48541039499997, 66.96081721700006], [-161.56670535499998, 66.93477420600004], [-161.67438637199996, 66.96196418500006], [-161.71961431499997, 66.91689718100008], [-161.77050228599998, 66.89664217400008], [-161.78552222899998, 66.84654617700005], [-161.84628518399998, 66.81364616900004], [-161.84610312699996, 66.76155617500007], [-161.88169807299997, 66.71679517300004], [-161.69315199299996, 66.62056121400008], [-161.59897997499996, 66.59318023300006], [-161.54178296999999, 66.58137824400006], [-161.49042695399996, 66.56084325500007], [-161.45411891699996, 66.52220426500003], [-161.39903292499997, 66.52352827400006], [-161.29323693499998, 66.52059029200007], [-161.32637588599997, 66.47837029100003], [-161.43533884599998, 66.45416127400006], [-161.51647582299998, 66.44183826200003], [-161.57415581199996, 66.43856525200005], [-161.62436081799999, 66.45014224300007], [-161.76539484999998, 66.49693321400008], [-161.88512189599996, 66.55397818800003], [-161.96888993799996, 66.60261016900006], [-162.06909497099997, 66.64569914800006], [-162.06828004099998, 66.70985614100005], [-162.01148210199997, 66.75906214600008], [-162.07374112099998, 66.78332313300007], [-162.15759516299997, 66.83116811400004], [-162.22870219199996, 66.86662209900004], [-162.27179622799997, 66.90414308800007], [-162.32300226499999, 66.94321407500007], [-162.40901522599998, 66.91885606300008], [-162.46672925399997, 66.95099705000007], [-162.50368820699998, 66.91353904700003], [-162.58288318599998, 66.90429103400004], [-162.62308114699997, 66.87432403000008], [-162.57225109999996, 66.82536304400003], [-162.51264405599997, 66.77773205900007], [-162.48238000799998, 66.73026106900005], [-162.42244101699998, 66.73158007900008], [-162.34980102199998, 66.72671209200007], [-162.26879402299997, 66.71790410600005], [-162.17542500299996, 66.68778812500005], [-162.11333795899998, 66.63959514100003], [-162.02906991199998, 66.58650316000006], [-161.87490685199998, 66.51144519400003], [-161.86341377699998, 66.44078220300008], [-161.91633567399998, 66.34948020200005], [-161.81756469799998, 66.36081421800003], [-161.69443075199996, 66.39617323600004], [-161.52558077399996, 66.39704526500003], [-161.36076977199997, 66.37594229500007], [-161.21986076099998, 66.34891732100004], [-161.16312676099997, 66.34229033200006], [-161.10802175199998, 66.32836634200004], [-161.06106071099998, 66.28380335500003], [-160.99856668799998, 66.25493436800008], [-161.05275865699997, 66.23101736100006], [-161.14542363399997, 66.22017834600007], [-161.19899761799996, 66.21094833800004], [-161.26368161299996, 66.21415332700008], [-161.32080461599998, 66.22359031600007], [-161.36790164699997, 66.25865230500006], [-161.48456563699997, 66.26242528400007], [-161.54845560499996, 66.23991127600004], [-161.61396953099998, 66.17669227100004], [-161.66532646799996, 66.12217626700004], [-161.77556340399997, 66.07373125300006], [-161.81711735699997, 66.03308825000005], [-161.95006934699998, 66.04030122700004], [-162.02572736099998, 66.06282821200006], [-162.12181435299996, 66.06739019500003], [-162.20591533099997, 66.05675218200008], [-162.26969630799996, 66.04210317200005], [-162.33131028899996, 66.03140216300005], [-162.39191827799996, 66.02872315300004], [-162.45769629999998, 66.05857813900008], [-162.53078127699996, 66.04506112800004], [-162.62231025899996, 66.03952511300008], [-162.67361026599997, 66.05368410300008], [-162.75073129399996, 66.09015908600003], [-162.87604226899998, 66.08283206600004], [-162.99749924599996, 66.07684404600008], [-163.04716623099998, 66.06832603800007], [-163.14675220799998, 66.05948602200004], [-163.28779419799997, 66.06922799800003], [-163.34478520599998, 66.08493598600006], [-163.49587118599996, 66.08538696100004], [-163.62394713999998, 66.05827994200007], [-163.76753612199997, 66.06080191800004], [-163.84742717299997, 66.12210489800003], [-163.91657723299997, 66.19049287900003], [-164.00752920799997, 66.17938486500003], [-164.07870319899996, 66.18101785300007], [-163.95592725499998, 66.21716887000008], [-163.90483927599996, 66.23030187700004], [-163.84313431499996, 66.25986788500006], [-163.87312238299998, 66.32854887300005], [-163.87313244599997, 66.38901386700007], [-163.79871350699997, 66.43687387400007], [-163.73027357499998, 66.49137088000003], [-163.75300763199996, 66.54858287100006], [-163.63565765499996, 66.55396489000003], [-163.72686267399996, 66.58435987200005], [-163.82419266799997, 66.59167885400007], [-163.91492565699997, 66.59390383900006], [-163.97851864399996, 66.59101082800004], [-164.09458062799996, 66.59227980800006], [-164.34504157799998, 66.58083276700006], [-164.40075056999999, 66.58110875800003], [-164.71103548099998, 66.54253971000003], [-165.12405234299996, 66.47317764700006], [-165.18710832499997, 66.46515263800006], [-165.40723024299996, 66.42043960500007], [-165.66862613999996, 66.36196956800006], [-165.80505608799996, 66.33330854800005], [-166.33099685299996, 66.18951247600006], [-166.526187772, 66.14184744900007], [-166.59726873699998, 66.11891743900003], [-166.82770962999996, 66.05127540900003], [-166.95611456499998, 66.00770939200004], [-167.13954947399998, 65.94809336800006], [-167.24617141899998, 65.91140635500005], [-167.31496038099996, 65.88503734700004], [-167.53966827899998, 65.82083431700005], [-167.73571520099998, 65.77612229000005], [-167.85724115799997, 65.75433927200004], [-167.97991411099997, 65.72797025500006], [-168.10373304799998, 65.68555024000005], [-168.12895501499997, 65.65574223900006]]], [[[-168.16354989099997, -14.536400018999927], [-168.16354989099997, -14.536400018999927]]], [[[-168.95279096299998, 65.75890909300006], [-168.90346395199998, 65.73845210400003], [-168.94730296799997, 65.76381509400005], [-168.95279096299998, 65.75890909300006]]], [[[-169.05426037999996, 52.863265614000056], [-169.10248235999998, 52.82434861300004], [-169.04135537299996, 52.83934761800003], [-168.90702040599996, 52.88400563000005], [-168.80887143299998, 52.926101637000045], [-168.75554843399996, 52.90750664600006], [-168.68848546299998, 52.96639964700006], [-168.62527448199998, 52.99821365100007], [-168.57891249899998, 53.02991465300005], [-168.52742150499998, 53.02858766000003], [-168.45712052399998, 53.05583866500007], [-168.41253954899997, 53.11068266400008], [-168.344485573, 53.15521466800004], [-168.31239359899996, 53.215230664000046], [-168.22693262399997, 53.25482167100006], [-168.15896063699998, 53.267709678000074], [-168.03977766499997, 53.304275688000075], [-167.98850467999998, 53.32957769200004], [-167.87814570799998, 53.366901702000064], [-167.83953772799998, 53.410324701000036], [-167.80813475499997, 53.47386069800007], [-167.79104377399997, 53.52107569400005], [-167.88891876099999, 53.51969068200003], [-167.93899875799997, 53.52690667500008], [-167.98105576499998, 53.56171366500007], [-168.14463773799997, 53.545341646000054], [-168.20046072699998, 53.534078640000075], [-168.29581069799997, 53.48906163300006], [-168.40960565499998, 53.41070762800007], [-168.40654863299997, 53.346392637000065], [-168.36540562499997, 53.30910464600004], [-168.34401161099998, 53.26214965500003], [-168.41286860099999, 53.257858647000035], [-168.49097459299998, 53.26400863600003], [-168.59974958199996, 53.27362862100006], [-168.76334852899998, 53.182811611000034], [-168.79948650999998, 53.143793611000035], [-168.77619349699998, 53.097765620000075], [-168.78525347799996, 53.04503762500008], [-168.86107845799998, 53.01638361900007], [-168.89806242599997, 52.937135624000064], [-168.95947741699996, 52.93673861700006], [-168.95900039999998, 52.88604762300008], [-169.03878438399997, 52.86966161500004], [-169.05426037999996, 52.863265614000056]]], [[[-169.26814431999998, 52.772401598000044], [-169.19701732699997, 52.76454560800005], [-169.15306734499998, 52.80126460900004], [-169.21326533599998, 52.79802260200006], [-169.26814431999998, 52.772401598000044]]], [[[-169.51959267999996, -14.221293751999951], [-169.49122169399996, -14.271495753999943], [-169.43849969599998, -14.25506276699997], [-169.48107968299996, -14.215211760999978], [-169.51959267999996, -14.221293751999951]]], [[[-169.68728564899996, -14.16429072099993], [-169.63767465699996, -14.17393673099997], [-169.68728564899996, -14.16429072099993]]], [[[-169.76275732399998, 52.97804951100005], [-169.72176131899997, 52.947116520000066], [-169.66609534299997, 52.997067521000076], [-169.74255534199997, 53.02407150800008], [-169.76275732399998, 52.97804951100005]]], [[[-169.78967775199996, 56.618216053000026], [-169.68365775199996, 56.58333907200006], [-169.65015373899996, 56.54422908100008], [-169.58264274599998, 56.53693809100008], [-169.49015178099998, 56.58348109800005], [-169.55395578299996, 56.608681087000036], [-169.61156677299996, 56.60692307900007], [-169.67932376499996, 56.61159206900004], [-169.76352475699997, 56.62073805600005], [-169.78967775199996, 56.618216053000026]]], [[[-169.77555135699998, 53.079215497000064], [-169.77555135699998, 53.079215497000064]]], [[[-170.00423524599998, 52.84674249700004], [-169.96290023199998, 52.78988151000004], [-169.89709524499997, 52.802130516000034], [-169.83824925799996, 52.817279522000035], [-169.75015326099998, 52.79057553600006], [-169.68349928299997, 52.82661754000003], [-169.70475329999996, 52.886271530000045], [-169.77352129399998, 52.89444952000008], [-169.85220227799996, 52.88180351200003], [-169.90564826099998, 52.85323950900005], [-169.97536225399998, 52.85888349900006], [-170.00423524599998, 52.84674249700004]]], [[[-170.11287024899997, 52.902042477000066], [-170.05029124299998, 52.857432490000065], [-169.99911125899996, 52.88403349300006], [-170.04657726599999, 52.92385248200003], [-170.11287024899997, 52.902042477000066]]], [[[-170.18570117899998, 52.723006491000035], [-170.11410418599996, 52.71617150000003], [-170.05538020399996, 52.745886504000055], [-170.12873120799998, 52.787424490000035], [-170.18570117899998, 52.723006491000035]]], [[[-170.42356690799997, 57.16932589800007], [-170.35983591199997, 57.15611690800006], [-170.30398191999998, 57.15490891600007], [-170.17086695299997, 57.181098931000065], [-170.23957595799996, 57.21465691700007], [-170.29193494799998, 57.21205491100005], [-170.39013993099996, 57.206246898000074], [-170.42356690799997, 57.16932589800007]]], [[[-170.83338104699996, 52.59998442700004], [-170.78851203299996, 52.54023944000005], [-170.73584105399996, 52.580822441000066], [-170.68387106899996, 52.60248444500007], [-170.60387907999998, 52.60173145500005], [-170.56362709799998, 52.640705455000045], [-170.63377010699998, 52.69746843900003], [-170.72773408799998, 52.679977429000076], [-170.81796006099998, 52.63627442400008], [-170.83338104699996, 52.59998442700004]]], [[[-170.84701855299997, -14.320068462999927], [-170.78549256799997, -14.357281472999944], [-170.72143857299997, -14.344374487999971], [-170.67765956799997, -14.29768650099993], [-170.62830156899997, -14.279654512999969], [-170.57228657399997, -14.271399524999936], [-170.62336356299997, -14.248753515999965], [-170.67157255299998, -14.229555507999976], [-170.71246055599997, -14.261886495999931], [-170.76255955599999, -14.287673483999981], [-170.82084355199999, -14.300058469999954], [-170.84701855299997, -14.320068462999927]]], [[[-171.08958083799996, -11.051290696999956], [-171.08958083799996, -11.051290696999956]]], [[[-171.15159699599997, 52.58453539000004], [-171.15159699599997, 52.58453539000004]]], [[[-171.31267494299996, 52.493501382000034], [-171.25233293699998, 52.44946539500006], [-171.19465596099997, 52.49803839600003], [-171.25206996299997, 52.529953385000056], [-171.30751694599996, 52.50151338200004], [-171.31267494299996, 52.493501382000034]]], [[[-171.84040450399996, 63.54772189900007], [-171.85000645399998, 63.48503690500007], [-171.82489442299996, 63.43713891500005], [-171.73934338499998, 63.36611193700003], [-171.66713739199997, 63.35616394900006], [-171.56228539599996, 63.33458896800005], [-171.46447739299998, 63.30691298600004], [-171.33311143999998, 63.33539100300004], [-171.28543347299998, 63.36646200600006], [-171.100877552, 63.42341802800007], [-170.96749757699996, 63.423728048000044], [-170.86543458899996, 63.414227065000034], [-170.71259459599997, 63.38597309200003], [-170.55897260099997, 63.35498712000003], [-170.43067859299998, 63.31428214400006], [-170.36482858399998, 63.28559415800004], [-170.30365255899997, 63.238690173000066], [-170.28141052399997, 63.18681918300007], [-170.19371753299998, 63.17743219700003], [-170.12437654999997, 63.18366320700005], [-170.05342455199997, 63.168856220000066], [-170.00621854199997, 63.14453823000008], [-169.94407854399998, 63.13235824100008], [-169.88125253499996, 63.10584625400003], [-169.82993452299996, 63.07854826500005], [-169.788488504, 63.04301327600007], [-169.73496046399998, 62.976615292000076], [-169.63833145199996, 62.93752531100006], [-169.56803849299996, 62.97687731800005], [-169.57698752899998, 63.02702331000006], [-169.535006572, 63.07435331100004], [-169.47197160199997, 63.09856331800006], [-169.39633064399996, 63.13661532600008], [-169.30349968099998, 63.16443733700004], [-169.198420708, 63.17600935200005], [-169.10583072599997, 63.17880136600007], [-169.04269673499996, 63.17650937600007], [-168.98304673999996, 63.169669386000066], [-168.88970573999998, 63.14770640300003], [-168.81836676399996, 63.16322241200004], [-168.71689485199997, 63.256314417000056], [-168.68516788899998, 63.29642541800007], [-168.79610887899997, 63.30877939900006], [-168.93264587199997, 63.32913837500007], [-168.99926386999996, 63.341247363000036], [-169.05197286199999, 63.34312535500004], [-169.10198384899996, 63.33802034800004], [-169.26762082499997, 63.34399332100003], [-169.38410281399996, 63.35673130200007], [-169.52054679699998, 63.36593927900003], [-169.57991481499997, 63.40286826600004], [-169.64318982399996, 63.42780025300004], [-169.74765680899998, 63.43275423600005], [-169.85710079599997, 63.441973218000044], [-169.90632679899997, 63.45751720900006], [-169.97488079699997, 63.47061619600004], [-170.02697579499997, 63.48070018700008], [-170.07671186999997, 63.587986167000054], [-170.14006288099998, 63.61669415300008], [-170.25783089899997, 63.66660912900005], [-170.31586190799996, 63.69192111700005], [-170.37389389399996, 63.68732010900004], [-170.44108888499997, 63.69197909800005], [-170.60630483899996, 63.67273007400007], [-170.69817880099998, 63.64677606300006], [-170.81660374699996, 63.60632705000006], [-170.89760370699997, 63.57467404100004], [-170.95083969299998, 63.57012503300007], [-171.04450868399996, 63.58042901700003], [-171.10358067899998, 63.58926600700005], [-171.20257967399996, 63.60689499000006], [-171.38169965799997, 63.630643959000054], [-171.52188165299998, 63.65879493400007], [-171.60946165199996, 63.67982991800005], [-171.65265266599997, 63.70852090800008], [-171.64398571699996, 63.77078890200005], [-171.69270871599997, 63.782595893000064], [-171.74342070699998, 63.78296888500006], [-171.72577067199998, 63.73474289400008], [-171.74236061499997, 63.66549190000006], [-171.79190356999996, 63.62062289800008], [-171.83370353099997, 63.58007189600005], [-171.84040450399996, 63.54772189900007]]], [[[-172.62027768499996, 52.29875025000007], [-172.52811168499997, 52.254335267000044], [-172.41443570899997, 52.276739278000036], [-172.31314973899998, 52.320696284000064], [-172.40525974699997, 52.38944126400003], [-172.474626735, 52.38376225600007], [-172.56806770899996, 52.34941925000004], [-172.62027768499996, 52.29875025000007]]], [[[-173.06382020999996, 60.502587101000074], [-172.963757215, 60.479641118000075], [-172.90790221099996, 60.45421813000007], [-172.75959019699997, 60.38464116000006], [-172.70326019099997, 60.35608717200006], [-172.63029219199998, 60.334920185000044], [-172.57752719299998, 60.32009519500008], [-172.50955121399997, 60.33444920300008], [-172.38595723699999, 60.33527322000003], [-172.32606224299997, 60.32762623000008], [-172.25428323899996, 60.29737324400003], [-172.33961025799996, 60.356205224000064], [-172.42446126399997, 60.39262720700003], [-172.51359124099997, 60.381118196000045], [-172.59178823299996, 60.39344918300003], [-172.76481923299997, 60.44741915100008], [-172.81734624099997, 60.47659614000003], [-172.88484724699998, 60.50797012600003], [-172.92691626699997, 60.554507114000046], [-172.91265629899996, 60.604127110000036], [-172.99394226799998, 60.57751710100007], [-173.04789523599996, 60.541301098000076], [-173.06382020999996, 60.502587101000074]]], [[[-173.09084332199998, 60.698944072000074], [-173.04515728499996, 60.62280208800007], [-173.06324132499998, 60.69513707600004], [-173.09084332199998, 60.698944072000074]]], [[[-174.04846740899998, 52.132910104000075], [-174.01135440499996, 52.098861113000055], [-173.93557740599996, 52.064730127000075], [-173.83157141499998, 52.04076214200006], [-173.71223943899997, 52.05615715400006], [-173.61203045299996, 52.05114716700007], [-173.54840145699998, 52.02930717700008], [-173.47955046699997, 52.026186186000075], [-173.42345847999997, 52.04227019000007], [-173.31372150299998, 52.05870020100008], [-173.20685352099997, 52.06353121300003], [-173.15559352799997, 52.05966421900007], [-173.10794954099998, 52.07882722200003], [-173.04755654899998, 52.07332823000007], [-172.960767566, 52.08701723900003], [-173.01960456099997, 52.097880230000044], [-173.10738954699997, 52.09927922000003], [-173.17322253999998, 52.10913521100008], [-173.23831152699998, 52.100442204000046], [-173.35751450699996, 52.09612819100005], [-173.46789349599996, 52.11642217500008], [-173.53493048999997, 52.12858616500006], [-173.59057648599997, 52.14539215600007], [-173.721282461, 52.130206143000066], [-173.77165945299998, 52.131650137000065], [-173.81829343799998, 52.105362135000064], [-173.89074943199998, 52.12546912400006], [-173.98426141799996, 52.12785411200008], [-174.03687041199998, 52.13587710500008], [-174.04846740899998, 52.132910104000075]]], [[[-175.32708616699998, 52.027030970000055], [-175.27486617299996, 52.018617977000076], [-175.21176017999997, 52.00599998700005], [-175.15568919099996, 52.01151099200007], [-175.10490519699997, 52.00354699900004], [-175.01482321299997, 52.006999009000026], [-174.96792322999997, 52.037202010000044], [-174.88557024499997, 52.04300001900003], [-174.78320525899997, 52.03229203200004], [-174.73660825899998, 52.00730704100005], [-174.61595928599996, 52.03266405200003], [-174.55629429699997, 52.03673205800004], [-174.507832311, 52.054954061000046], [-174.453667318, 52.04922606800005], [-174.38267733899997, 52.08165707200004], [-174.33444035799997, 52.11519707300005], [-174.27829535899997, 52.08948808300005], [-174.21814037, 52.09340809000008], [-174.16858438299997, 52.11070909300008], [-174.11438639399998, 52.11710609900007], [-174.13523340599997, 52.168513089000044], [-174.19011640399998, 52.19031907900006], [-174.10654942999997, 52.228391084000066], [-174.03623844599997, 52.24501009000005], [-173.98793346999997, 52.295344088000036], [-174.06826448699996, 52.39033006500006], [-174.15579048099997, 52.41604005100004], [-174.32495144099997, 52.37809403700004], [-174.33108142499998, 52.328464043000054], [-174.38421541399998, 52.32113803800007], [-174.44314840499996, 52.32565303000007], [-174.36877040299998, 52.28040404600006], [-174.30183441399998, 52.27894805400007], [-174.24986441099998, 52.24369306500006], [-174.29906039399998, 52.21466906300003], [-174.36064738399998, 52.21299305600007], [-174.45376236999996, 52.218822044000035], [-174.40548036699997, 52.183559055000046], [-174.45572335699998, 52.17680105000005], [-174.527097345, 52.17471904200005], [-174.56841832699996, 52.13842504200005], [-174.65631030299997, 52.10796103600006], [-174.71522129899998, 52.12737402700003], [-174.78682527599997, 52.091323024000076], [-174.83973126699996, 52.09133701700006], [-174.90542526399997, 52.11650800600006], [-174.96219724399998, 52.08201700500007], [-175.03326323099998, 52.07617399700007], [-175.09288320799996, 52.03479299600008], [-175.15676020399997, 52.057640985000035], [-175.32708616699998, 52.027030970000055]]], [[[-175.50992612199997, 51.98241395600007], [-175.42487513399996, 51.97233096700006], [-175.50992612199997, 51.98241395600007]]], [[[-175.53992717799997, 52.18343992300004], [-175.483850183, 52.167571932000044], [-175.53992717799997, 52.18343992300004]]], [[[-175.74238007799997, 51.96662493100007], [-175.69228707999997, 51.94495794000005], [-175.59851209699997, 51.94750195000006], [-175.72419808399997, 51.97504493200006], [-175.74238007799997, 51.96662493100007]]], [[[-175.95443904699997, 51.98300090400005], [-175.87829605399997, 51.96396591600006], [-175.81547805199997, 51.92113492900006], [-175.76027505999997, 51.91732793600005], [-175.80786407399998, 51.989663920000055], [-175.91256005799997, 51.99537490700004], [-175.95443904699997, 51.98300090400005]]], [[[-176.20027003299998, 52.078729862000046], [-176.18957501899996, 52.025381871000036], [-176.16865899899997, 51.948023885000055], [-176.10365400499998, 51.92912089500004], [-176.03829201699997, 51.93051290300008], [-175.99396403299997, 51.96010790300005], [-176.03579603599997, 51.99487889300008], [-175.98148605599997, 52.02830689500007], [-176.00691806499998, 52.07442088500005], [-176.05599906799998, 52.109467874000075], [-176.14952605399998, 52.11756886200004], [-176.20027003299998, 52.078729862000046]]], [[[-176.23626195099996, 51.82596389500003], [-176.18315795499998, 51.807097904000045], [-176.12398096399997, 51.80274391200004], [-176.05374098, 51.81675091800008], [-175.99847998499996, 51.80154092600003], [-176.04790798999997, 51.84630791400008], [-175.98375800299996, 51.85235092000005], [-175.98500901899996, 51.90844391200005], [-176.06530400399998, 51.90298490300006], [-176.11550498999998, 51.887013900000056], [-176.16976697899997, 51.88013689500008], [-176.23626195099996, 51.82596389500003]]], [[[-176.99133776199997, 51.62905084000005], [-176.95416275799997, 51.592566849000036], [-176.90319977899998, 51.63564684800008], [-176.86307780099997, 51.68491984600007], [-176.81445280199998, 51.66024885500008], [-176.75183280599998, 51.63501586600006], [-176.71307782599996, 51.68332886300004], [-176.65602082899997, 51.65830487300008], [-176.582948852, 51.691820876000065], [-176.52078086599997, 51.70281088100006], [-176.474147887, 51.74720688000008], [-176.34377190499998, 51.73151889700006], [-176.28993691699998, 51.74167690200005], [-176.26650594399996, 51.81771489300007], [-176.28720395599998, 51.870311883000056], [-176.39807793599996, 51.867840871000055], [-176.50800490999998, 51.84596886200006], [-176.57639689699997, 51.84227385400004], [-176.62547889399997, 51.85982284600004], [-176.56629091999997, 51.91470084500003], [-176.55441394499996, 51.99065883500003], [-176.62717092899996, 51.978292828000065], [-176.72079590999996, 51.969516819000035], [-176.77403889899998, 51.96589381300004], [-176.81044888099999, 51.92708781500005], [-176.76249387199996, 51.86787682900007], [-176.79017885199997, 51.81721583400008], [-176.85622084099998, 51.81836482600005], [-176.91103182799998, 51.80759582200005], [-176.88203382099996, 51.76662683100005], [-176.89698179899997, 51.700422839000055], [-176.95014378599998, 51.68671783500008], [-176.99133776199997, 51.62905084000005]]], [[[-177.46492075999998, 51.91351974300005], [-177.41009376599996, 51.89909175100007], [-177.46492075999998, 51.91351974300005]]], [[[-177.70527665699998, 51.707238748000066], [-177.670966651, 51.66397875800004], [-177.63153866699997, 51.69684275800006], [-177.57098867899998, 51.698218764000046], [-177.49002069499997, 51.70510477200003], [-177.41769371599997, 51.73087377600007], [-177.36042372499998, 51.727531783000074], [-177.31636872499996, 51.70080979200003], [-177.26164672899998, 51.680844801000035], [-177.14569075699998, 51.70729281000007], [-177.13097577599999, 51.76277080400007], [-177.13699278999997, 51.81449179500004], [-177.08102581199998, 51.85549579500008], [-177.04510583099997, 51.89860379300006], [-177.09928183299996, 51.936117781000064], [-177.15485782499997, 51.94437977300004], [-177.20084078799997, 51.84460378300008], [-177.23819076699996, 51.798518786000045], [-177.46121571299997, 51.750716768000075], [-177.51560669599996, 51.724976766000054], [-177.59751368199997, 51.726462757000036], [-177.69767765999998, 51.71312174800005], [-177.70527665699998, 51.707238748000066]]], [[[-178.22463361199996, 51.88067366300004], [-178.17268160999998, 51.83998367500004], [-178.08608961699997, 51.80804569000003], [-178.03935961699997, 51.778923699000075], [-177.96504662999996, 51.77816070800003], [-177.95645861599996, 51.72286071700006], [-178.02183359899996, 51.70690471200004], [-178.10430058299997, 51.70153770400003], [-178.01305357899997, 51.62921172500006], [-177.96386759399996, 51.650229728000056], [-177.93013858599997, 51.60149773900008], [-177.92892260099998, 51.65536673100007], [-177.88778361899998, 51.68948173000007], [-177.82701263399997, 51.70597073400006], [-177.81390165099998, 51.75427872800003], [-177.73592468099997, 51.80798972900004], [-177.68557069099998, 51.81274373400004], [-177.62502370899998, 51.83752773700007], [-177.69172969899998, 51.84397372800004], [-177.79655367899997, 51.84059271700005], [-177.85230066499997, 51.82604371300005], [-177.92158465999998, 51.853881701000034], [-177.95210967299997, 51.91534668800006], [-178.00236066199997, 51.90996668300005], [-178.06116265199998, 51.912537676000056], [-178.12480164199997, 51.920091668000055], [-178.17503863099998, 51.911582664000036], [-178.22463361199996, 51.88067366300004]]], [[[-178.68130044999998, 51.60894965500006], [-178.62133745499997, 51.588962664000064], [-178.56708646799999, 51.59847966900003], [-178.61848246199997, 51.60990166200003], [-178.68130044999998, 51.60894965500006]]], [[[-178.85738040799998, 51.57658864000007], [-178.79646640899998, 51.54137265300005], [-178.73460042099998, 51.54232465900003], [-178.82882641299997, 51.57563764400004], [-178.85738040799998, 51.57658864000007]]], [[[-178.87013346799998, 51.79525960500007], [-178.81577246499998, 51.74917461800004], [-178.75042947899996, 51.75775062400004], [-178.74829849499997, 51.80994061600006], [-178.81126449099997, 51.83901660400005], [-178.85826347699998, 51.82096460200006], [-178.87013346799998, 51.79525960500007]]], [[[-178.99210932799997, 51.38130965700003], [-178.99069930899998, 51.31164666800004], [-178.90889833199998, 51.340580672000044], [-178.96433833899997, 51.402490656000055], [-178.99210932799997, 51.38130965700003]]], [[[-179.137254274, 51.286004656000046], [-179.13621125899996, 51.22921466500003], [-179.07233527699998, 51.25096166800006], [-179.09468028599997, 51.30122765800007], [-179.137254274, 51.286004656000046]]]]}}]}